frame,x_old,y_old,x_new,y_new,dx,dy,displacement
0,82.0,176.0,86.99897,191.99939,4.99897,15.99939,16.762165
0,38.0,176.0,42.999283,191.99986,4.999283,15.999863,16.76271
0,56.0,202.0,60.999958,218.00008,4.999958,16.000076,16.763115
0,56.0,158.0,60.999535,173.99977,4.9995346,15.999771,16.762697
0,53.0,180.0,57.998684,195.99963,4.998684,15.999634,16.762312
0,73.0,200.0,78.00062,215.9995,5.000618,15.999496,16.762758
0,73.0,160.0,77.998566,176.00052,4.9985657,16.000519,16.763123
0,40.0,193.0,45.000164,209.00098,5.000164,16.000977,16.764036
1,86.99897,191.99939,91.99912,206.99829,5.0001526,14.998901,15.810394
1,42.999283,191.99986,47.999554,206.99997,5.000271,15.000107,15.811576
1,60.999958,218.00008,66.000275,233.00125,5.0003166,15.001175,15.812603
1,60.999535,173.99977,65.99945,188.99947,4.999916,14.999695,15.811072
1,57.998684,195.99963,62.997414,210.99994,4.9987297,15.000305,15.811276
1,78.00062,215.9995,83.00319,230.99939,5.002571,14.999893,15.8121
1,77.998566,176.00052,82.99979,190.99928,5.0012207,14.998764,15.810602
1,45.000164,209.00098,49.999657,224.00113,4.9994926,15.000153,15.811373
2,91.99912,206.99829,96.99925,220.99875,5.0001297,14.000458,14.866544
2,47.999554,206.99997,52.99996,220.99959,5.000408,13.999619,14.865847
2,66.000275,233.00125,70.999794,247.00061,4.9995193,13.999359,14.865304
2,65.99945,188.99947,70.99936,202.99979,4.9999084,14.00032,14.86634
2,62.997414,210.99994,67.99707,224.99937,4.9996567,13.999435,14.865421
2,83.00319,230.99939,88.001686,244.9974,4.998497,13.998016,14.863695
2,82.99979,190.99928,88.00178,205.00124,5.0019913,14.001953,14.868578
2,49.999657,224.00113,55.00079,238.00299,5.001133,14.001862,14.868203
3,96.99925,220.99875,101.9969,231.99751,4.99765,10.998764,12.080948
3,52.99996,220.99959,57.99829,231.99976,4.998329,11.000168,12.082507
3,70.999794,247.00061,75.999695,258.00018,4.999901,10.999573,12.082616
3,70.99936,202.99979,75.99872,214.0,4.999359,11.000214,12.082975
3,67.99707,224.99937,72.997246,235.99959,5.0001755,11.000214,12.083313
3,88.001686,244.9974,93.00244,255.99611,5.0007553,10.998703,12.082178
3,88.00178,205.00124,93.00211,216.00099,5.0003357,10.999756,12.082963
3,55.00079,238.00299,59.99977,249.00215,4.9989815,10.999161,12.081861
4,101.9969,231.99751,107.99694,239.99753,6.000038,8.000015,10.000035
4,57.99829,231.99976,64.001465,240.00058,6.003174,8.000824,10.002563
4,75.999695,258.00018,81.9997,265.99997,6.0000076,7.9997864,9.999834
4,75.99872,214.0,81.99867,222.00282,5.999954,8.002823,10.002231
4,72.997246,235.99959,78.99828,243.99895,6.0010376,7.999359,10.00011
4,93.00244,255.99611,99.00467,263.99576,6.002228,7.999649,10.001056
4,93.00211,216.00099,99.00492,224.00067,6.0028076,7.9996796,10.001429
4,59.99977,249.00215,65.99875,257.0008,5.9989777,7.998642,9.9983
5,107.99694,239.99753,112.99522,244.99872,4.9982758,5.00119,7.0706906
5,64.001465,240.00058,68.99862,244.99828,4.997154,4.997696,7.0674267
5,81.9997,265.99997,86.99988,271.00006,5.0001755,5.0000916,7.0712566
5,81.99867,222.00282,86.99862,227.00284,4.9999466,5.0000153,7.0710406
5,78.99828,243.99895,83.996956,248.99892,4.9986725,4.9999695,7.0701075
5,99.00467,263.99576,104.00627,268.99588,5.001602,5.000122,7.072287
5,99.00492,224.00067,104.00712,229.0005,5.0021973,4.999832,7.072503
5,65.99875,257.0008,70.997604,262.00092,4.9988556,5.000122,7.070345
6,112.99522,244.99872,117.99485,244.9988,4.999634,7.6293945e-05,4.999634
6,68.99862,244.99828,74.00192,244.99875,5.0033035,0.00047302246,5.0033035
6,86.99988,271.00006,92.00001,270.99908,5.0001297,-0.0009765625,5.0001297
6,86.99862,227.00284,91.99867,227.0035,5.0000534,0.00065612793,5.0000534
6,83.996956,248.99892,88.99734,248.99883,5.0003815,-9.1552734e-05,5.0003815
6,104.00627,268.99588,109.00434,268.99722,4.99807,0.0013427734,4.99807
6,104.00712,229.0005,109.00526,228.99933,4.9981384,-0.0011749268,4.9981384
6,70.997604,262.00092,75.99786,262.00027,5.0002594,-0.00064086914,5.0002594
7,117.99485,244.9988,122.99674,241.99954,5.001892,-2.9992523,5.83219
7,74.00192,244.99875,78.9994,241.99869,4.9974747,-3.000061,5.8288183
7,92.00001,270.99908,97.00019,268.00122,5.000183,-2.9978638,5.83001
7,91.99867,227.0035,96.998474,224.0096,4.9998016,-2.9938965,5.827644
7,88.99734,248.99883,93.99702,245.99892,4.9996796,-2.9999084,5.83063
7,109.00434,268.99722,114.004486,265.99808,5.000145,-2.9991455,5.8306365
7,109.00526,228.99933,114.00615,226.00151,5.0008926,-2.997818,5.830595
7,75.99786,262.00027,80.99758,259.0017,4.9997177,-2.9985657,5.829972
8,122.99674,241.99954,129.00063,236.00005,6.0038834,-5.9994965,8.487672
8,78.9994,241.99869,84.99827,236.00003,5.998871,-5.998657,8.483533
8,97.00019,268.00122,103.00049,262.00043,6.0002975,-6.0007935,8.4860525
8,96.998474,224.0096,103.00099,218.0148,6.0025177,-5.9947968,8.483384
8,93.99702,245.99892,99.997025,239.99883,6.0000076,-6.0000916,8.485352
8,114.004486,265.99808,120.00442,259.99792,5.9999313,-6.0001526,8.485341
8,114.00615,226.00151,120.0081,220.00108,6.001953,-6.0004272,8.486964
8,80.99758,259.0017,86.99817,253.00034,6.0005875,-6.0013733,8.486668
9,129.00063,236.00005,134.0021,225.99994,5.00148,-10.000107,11.181097
9,84.99827,236.00003,89.99508,226.00012,4.996811,-9.999908,11.178832
9,103.00049,262.00043,108.0005,252.0002,5.0000153,-10.000229,11.180552
9,103.00099,218.0148,107.999794,208.01712,4.998802,-9.997681,11.17773
9,99.997025,239.99883,104.99699,229.99883,4.999962,-10.0,11.180323
9,120.00442,259.99792,125.00399,249.9987,4.9995728,-9.999222,11.179453
9,120.0081,220.00108,125.010864,210.00473,5.002762,-9.996353,11.178314
9,86.99817,253.00034,91.99878,243.00072,5.0006104,-9.999619,11.180272
10,134.0021,225.99994,139.00223,212.99995,5.000122,-12.999985,13.928418
10,89.99508,226.00012,94.99662,212.99922,5.001541,-13.0009,13.929782
10,108.0005,252.0002,113.00046,238.9977,4.999954,-13.002502,13.930707
10,107.999794,208.01712,112.99977,195.01692,4.999977,-13.000198,13.928565
10,104.99699,229.99883,109.99662,216.9991,4.999634,-12.999725,13.928
10,125.00399,249.9987,130.00525,236.99768,5.001259,-13.001022,13.929794
10,125.010864,210.00473,130.01135,197.00424,5.0004883,-13.000488,13.929019
10,91.99878,243.00072,97.00329,230.00092,5.004509,-12.999802,13.929822
11,139.00223,212.99995,143.99744,197.998,4.9952087,-15.001953,15.811727
11,94.99662,212.99922,99.99875,197.99893,5.0021286,-15.00029,15.812336
11,113.00046,238.9977,117.99762,224.0004,4.997162,-14.997299,15.807928
11,112.99977,195.01692,117.99759,180.00513,4.997818,-15.011795,15.821889
11,109.99662,216.9991,114.99988,202.00052,5.0032578,-14.998581,15.811072
11,130.00525,236.99768,135.00851,222.0035,5.0032654,-14.994186,15.806907
11,130.01135,197.00424,135.00363,182.00185,4.992279,-15.002396,15.811221
11,97.00329,230.00092,101.99828,214.99333,4.994995,-15.007584,15.817002
12,143.99744,197.998,148.99359,181.99881,4.996155,-15.999191,16.761135
12,99.99875,197.99893,104.996376,181.99754,4.9976273,-16.001389,16.763672
12,117.99762,224.0004,122.996994,208.00114,4.9993744,-15.999252,16.762154
12,117.99759,180.00513,122.99881,164.00894,5.0012207,-15.996185,16.759779
12,114.99988,202.00052,119.99955,185.99574,4.999672,-16.004776,16.767515
12,135.00851,222.0035,140.00656,206.0039,4.998047,-15.999588,16.76208
12,135.00363,182.00185,140.00433,166.0043,5.000702,-15.997543,16.76092
12,101.99828,214.99333,107.005646,198.99759,5.0073624,-15.995743,16.761189
13,148.99359,181.99881,154.99693,166.99911,6.0033417,-14.999695,16.156452
13,104.996376,181.99754,110.99375,166.99817,5.9973755,-14.999374,16.153938
13,122.996994,208.00114,128.99689,193.0016,5.999893,-14.999542,16.15503
13,122.99881,164.00894,128.99881,149.00844,6.0,-15.000504,16.155962
13,119.99955,185.99574,125.99876,170.99747,5.9992065,-14.998276,16.153599
13,140.00656,206.0039,146.00795,191.00426,6.0013885,-14.999649,16.155684
13,140.00433,166.0043,146.00748,151.00578,6.0031433,-14.99852,16.155287
13,107.005646,198.99759,113.003006,183.99973,5.99736,-14.997864,16.15253
14,154.99693,166.99911,159.99405,150.99854,4.997116,-16.00058,16.762749
14,110.99375,166.99817,115.99337,150.99715,4.9996185,-16.001022,16.763916
14,128.99689,193.0016,133.9971,177.00157,5.0002136,-16.00003,16.763147
14,128.99881,149.00844,134.00052,133.0134,5.001709,-15.995041,16.758831
14,125.99876,170.99747,130.99771,154.99767,4.998955,-15.999802,16.762554
14,146.00795,191.00426,151.00449,175.00594,4.9965363,-15.998322,16.76042
14,146.00748,151.00578,151.00543,135.00449,4.9979553,-16.001297,16.763683
14,113.003006,183.99973,118.0019,167.99901,4.9988937,-16.000717,16.763409
15,159.99405,150.99854,164.99463,136.99886,5.00058,-13.99968,14.865962
15,115.99337,150.99715,120.996376,136.99767,5.003006,-13.999481,14.866591
15,133.9971,177.00157,138.99681,163.00334,4.99971,-13.99823,14.864305
15,134.00052,133.0134,139.00041,119.013405,4.999893,-13.999992,14.866026
15,130.99771,154.99767,135.99753,140.99707,4.999817,-14.000595,14.866568
15,151.00449,175.00594,156.00252,161.00711,4.9980316,-13.998825,14.8643
15,151.00543,135.00449,156.00325,121.003174,4.997818,-14.001312,14.86657
15,118.0019,167.99901,123.00344,154.0023,5.001541,-13.996704,14.863483
16,164.99463,136.99886,169.99643,125.000435,5.0018005,-11.998421,12.999235
16,120.996376,136.99767,125.994095,124.99824,4.997719,-11.999428,12.998594
16,138.99681,163.00334,143.9969,151.00267,5.0000916,-12.000671,13.000655
16,139.00041,119.013405,144.00053,107.01439,5.000122,-11.999016,12.999139
16,135.99753,140.99707,140.99756,128.99698,5.0000305,-12.000092,13.000096
16,156.00252,161.00711,161.00185,149.00786,4.9993286,-11.999252,12.999052
16,156.00325,121.003174,161.00566,109.002556,5.002411,-12.000618,13.001497
16,123.00344,154.0023,128.00378,142.00229,5.0003433,-12.000015,13.000146
17,169.99643,125.000435,175.99727,114.99994,6.000839,-10.000496,11.662761
17,125.994095,124.99824,131.99628,114.99887,6.002182,-9.999367,11.662483
17,143.9969,151.00267,149.99678,141.00093,5.999878,-10.0017395,11.663333
17,144.00053,107.01439,149.99767,97.01353,5.9971313,-10.000862,11.661167
17,140.99756,128.99698,146.99796,118.9962,6.0003967,-10.000778,11.662775
17,161.00185,149.00786,167.0045,139.00781,6.002655,-10.000046,11.663309
17,161.00566,109.002556,167.00974,99.00691,6.004074,-9.995644,11.660266
17,128.00378,142.00229,134.00366,132.00243,5.999878,-9.999863,11.661723
18,175.99727,114.99994,180.9967,108.99983,4.9994354,-6.000107,7.8099704
18,131.99628,114.99887,136.99039,108.99976,4.99411,-5.9991074,7.8057942
18,149.99678,141.00093,154.99675,135.0019,4.9999695,-5.9990234,7.8094797
18,149.99767,97.01353,154.99922,91.00478,5.0015564,-6.0087433,7.817964
18,146.99796,118.9962,151.99782,112.9958,4.9998627,-6.0004044,7.8104725
18,167.0045,139.00781,172.00252,133.00717,4.9980164,-6.000641,7.809472
18,167.00974,99.00691,172.00061,92.99628,4.9908752,-6.0106354,7.8125906
18,134.00366,132.00243,139.00299,126.00234,4.9993286,-6.000084,7.8098845
19,180.9967,108.99983,185.99684,106.999084,5.0001373,-2.0007477,5.38557
19,136.99039,108.99976,141.99026,106.99972,4.999878,-2.0000458,5.3850684
19,154.99675,135.0019,159.99683,133.00049,5.0000763,-2.001419,5.3857627
19,154.99922,91.00478,159.99985,89.00704,5.0006256,-1.9977417,5.3849077
19,151.99782,112.9958,156.99757,110.99626,4.999756,-1.9995346,5.384765
19,172.00252,133.00717,177.00218,131.00815,4.9996643,-1.9990234,5.3844905
19,172.00061,92.99628,177.00005,90.995926,4.9994354,-2.000351,5.384771
19,139.00299,126.00234,144.00565,124.00384,5.002655,-1.9985046,5.387075
20,185.99684,106.999084,190.99661,107.99891,4.999771,0.9998245,5.0987606
20,141.99026,106.99972,146.98906,108.000404,4.9987946,1.0006866,5.0979724
20,159.99683,133.00049,164.99695,134.00003,5.000122,0.99954224,5.0990496
20,159.99985,89.00704,165.00034,90.00766,5.0004883,1.000618,5.0996194
20,156.99757,110.99626,161.99791,111.996315,5.0003357,1.0000534,5.099359
20,177.00218,131.00815,182.0005,132.00842,4.9983215,1.0002747,5.0974274
20,177.00005,90.995926,181.9989,91.995445,4.9988556,0.99951935,5.097803
20,144.00565,124.00384,149.0029,124.999954,4.9972534,0.99611664,5.095566
21,190.99661,107.99891,196.99718,112.99864,6.0005646,4.999733,7.8105125
21,146.98906,108.000404,152.99298,112.99913,6.0039215,4.998726,7.812447
21,164.99695,134.00003,170.99681,139.00041,5.9998627,5.0003815,7.8103886
21,165.00034,90.00766,171.00032,95.003746,5.9999847,4.996086,7.807733
21,161.99791,111.996315,167.99709,116.99594,5.999176,4.999626,7.809377
21,182.0005,132.00842,188.00175,137.00851,6.001251,5.0000916,7.8112693
21,181.9989,91.995445,188.00893,97.007706,6.010025,5.0122604,7.825801
21,149.0029,124.999954,155.00375,129.99948,6.0008545,4.999527,7.810603
22,196.99718,112.99864,201.99599,121.99712,4.99881,8.998482,10.293725
22,152.99298,112.99913,157.99155,121.99692,4.9985657,8.997787,10.292999
22,170.99681,139.00041,175.99689,148.00017,5.0000763,8.999756,10.295454
22,171.00032,95.003746,176.00056,104.00044,5.000244,8.996696,10.292861
22,167.99709,116.99594,172.99724,125.99631,5.0001526,9.000366,10.296024
22,188.00175,137.00851,193.00095,146.00827,4.9991913,8.999756,10.295024
22,188.00893,97.007706,193.00894,106.00878,5.0000153,9.001076,10.296577
22,155.00375,129.99948,160.00237,138.99771,4.9986115,8.99823,10.293408
23,201.99599,121.99712,206.99527,132.99971,4.999283,11.002586,12.085104
23,157.99155,121.99692,162.99612,132.99797,5.0045776,11.001053,12.085899
23,175.99689,148.00017,180.9983,159.0005,5.001419,11.000336,12.083939
23,176.00056,104.00044,180.99814,115.009476,4.997574,11.009033,12.090267
23,172.99724,125.99631,177.99702,136.99637,4.9997864,11.000061,12.083014
23,193.00095,146.00827,198.01004,157.0006,5.009094,10.992325,12.079827
23,193.00894,106.00878,198.00612,117.00315,4.997177,10.9943695,12.076752
23,160.00237,138.99771,164.99742,149.99716,4.995056,10.999451,12.080502
24,206.99527,132.99971,211.99316,147.00012,4.9978943,14.000412,14.865748
24,162.99612,132.99797,167.99948,146.99529,5.003357,13.997314,14.864669
24,180.9983,159.0005,185.99843,172.99948,5.000122,13.998978,14.865147
24,180.99814,115.009476,185.99774,129.00813,4.9996033,13.998657,14.864671
24,177.99702,136.99637,182.99413,150.99522,4.997101,13.998856,14.864016
24,198.01004,157.0006,203.01004,171.00168,5.0,14.001083,14.867089
24,198.00612,117.00315,203.00693,131.00217,5.0008087,13.999016,14.865414
24,164.99742,149.99716,169.99568,163.99054,4.9982605,13.993378,14.859247
25,211.99316,147.00012,216.99504,163.00006,5.001877,15.999939,16.763556
25,167.99948,146.99529,173.00102,162.9961,5.001541,16.000809,16.764286
25,185.99843,172.99948,190.99815,188.99855,4.9997253,15.999069,16.762085
25,185.99774,129.00813,190.99744,145.00784,4.999695,15.99971,16.762688
25,182.99413,150.99522,187.99399,166.99521,4.9998627,15.999985,16.762999
25,203.01004,171.00168,208.00755,187.00168,4.997513,16.0,16.762312
25,203.00693,131.00217,208.00621,147.00163,4.999283,15.999466,16.762331
25,169.99568,163.99054,174.99394,179.98688,4.9982605,15.996338,16.75904
26,216.99504,163.00006,222.99524,177.99982,6.0001984,14.999756,16.155342
26,173.00102,162.9961,179.00293,177.99644,6.0019073,15.000351,16.156528
26,190.99815,188.99855,196.99811,203.99693,5.999954,14.998383,16.153976
26,190.99744,145.00784,196.99774,160.01038,6.000305,15.002533,16.157959
26,187.99399,166.99521,193.99432,181.99571,6.0003357,15.000504,16.156086
26,208.00755,187.00168,214.00821,201.99976,6.000656,14.998077,16.153954
26,208.00621,147.00163,214.00629,162.0029,6.0000763,15.0012665,16.156698
26,174.99394,179.98688,180.99277,194.98679,5.998825,14.999908,16.154974
27,222.99524,177.99982,227.9955,193.9998,5.0002594,15.999985,16.763117
27,179.00293,177.99644,184.00412,193.99751,5.00119,16.001068,16.76443
27,196.99811,203.99693,201.99806,219.99641,4.999954,15.999481,16.762547
27,196.99774,160.01038,201.99753,176.01082,4.9997864,16.000443,16.763412
27,193.99432,181.99571,198.99448,197.99571,5.0001526,16.0,16.7631
27,214.00821,201.99976,219.00816,217.99962,4.999954,15.999863,16.762909
27,214.00629,162.0029,219.00475,178.00269,4.998459,15.999786,16.76239
27,180.99277,194.98679,185.99251,210.98593,4.9997406,15.9991455,16.762161
28,227.9955,193.9998,232.99535,209.0,4.9998474,15.000198,15.811528
28,184.00412,193.99751,189.0059,208.99747,5.0017853,14.999954,15.81191
28,201.99806,219.99641,206.99791,234.99527,4.9998474,14.998856,15.810254
28,201.99753,176.01082,206.99739,191.01155,4.9998627,15.000732,15.812039
28,198.99448,197.99571,203.99348,212.99548,4.999008,14.999771,15.810858
28,219.00816,217.99962,224.00807,233.00029,4.9999084,15.000671,15.811996
28,219.00475,178.00269,224.00542,193.00293,5.0006714,15.000244,15.811832
28,185.99251,210.98593,190.993,225.98737,5.0004883,15.001434,15.812903
29,232.99535,209.0,237.99565,222.9998,5.000305,13.999802,14.865985
29,189.0059,208.99747,194.00688,222.99718,5.0009766,13.99971,14.866124
29,206.99791,234.99527,211.99742,248.99751,4.9995117,14.002243,14.868017
29,206.99739,191.01155,211.99736,205.01144,4.9999695,13.999893,14.865958
29,203.99348,212.99548,208.99327,226.99591,4.9997864,14.000427,14.866399
29,224.00807,233.00029,229.00624,247.00485,4.998169,14.004562,14.869749
29,224.00542,193.00293,229.00577,207.0023,5.000351,13.999374,14.865598
29,190.993,225.98737,195.99574,239.99,5.0027466,14.00264,14.869478
30,237.99565,222.9998,243.9954,232.9993,5.999756,9.999496,11.661346
30,194.00688,222.99718,200.00491,232.99654,5.9980316,9.999359,11.660341
30,211.99742,248.99751,217.99744,258.9983,6.0000153,10.000778,11.662579
30,211.99736,205.01144,217.99734,215.01192,5.9999847,10.000473,11.662302
30,208.99327,226.99591,214.9931,236.99599,5.999832,10.000076,11.661882
30,229.00624,247.00485,235.00774,257.00427,6.0014954,9.99942,11.662176
30,229.00577,207.0023,235.0065,217.00085,6.0007324,9.99855,11.661037
30,195.99574,239.99,201.99606,249.99138,6.0003204,10.001373,11.663246
31,243.9954,232.9993,248.99637,240.99951,5.0009613,8.000214,9.434671
31,200.00491,232.99654,205.00212,240.99695,4.9972076,8.000412,9.432851
31,217.99744,258.9983,222.99745,266.99893,5.0000153,8.000641,9.434533
31,217.99734,215.01192,222.9974,223.0103,5.000061,7.9983826,9.432642
31,214.9931,236.99599,219.99301,244.99611,4.9999084,8.000122,9.434036
31,235.00774,257.00427,240.00758,265.004,4.9998474,7.9997253,9.433667
31,235.0065,217.00085,240.0063,225.00055,4.9998016,7.999695,9.433618
31,201.99606,249.99138,206.99449,257.99188,4.9984283,8.000504,9.433575
32,248.99637,240.99951,253.99675,244.99986,5.0003815,4.000351,6.403641
32,205.00212,240.99695,210.00436,244.99635,5.002243,3.999405,6.4045043
32,222.99745,266.99893,227.99754,270.99814,5.0000916,3.9992065,6.4027
32,222.9974,223.0103,227.99744,227.01212,5.0000305,4.001816,6.4042826
32,219.99301,244.99611,224.9929,248.99623,4.999893,4.000122,6.403117
32,240.00758,265.004,245.00719,269.00455,4.9996033,4.0005493,6.4031577
32,240.0063,225.00055,245.00476,229.00029,4.998459,3.9997406,6.4017587
32,206.99449,257.99188,211.99762,261.9937,5.003128,4.001831,6.406711
33,253.99675,244.99986,258.99725,244.99979,5.0005035,-7.6293945e-05,5.0005035
33,210.00436,244.99635,214.99405,244.99442,4.989685,-0.0019378662,4.9896855
33,227.99754,270.99814,232.99785,270.99765,5.000305,-0.00048828125,5.000305
33,227.99744,227.01212,232.9979,227.01178,5.000458,-0.00033569336,5.000458
33,224.9929,248.99623,229.99309,248.9963,5.000183,7.6293945e-05,5.000183
33,245.00719,269.00455,250.00595,269.004,4.998764,-0.0005493164,4.998764
33,245.00476,229.00029,250.00368,229.00015,4.9989166,-0.0001373291,4.9989166
33,211.99762,261.9937,216.99602,261.99274,4.998398,-0.0009765625,4.998398
34,258.99725,244.99979,264.99823,241.999,6.0009766,-3.0007935,6.709432
34,214.99405,244.99442,221.00017,241.99709,6.006119,-2.9973297,6.7124844
34,232.99785,270.99765,238.99791,267.99728,6.000061,-3.0003662,6.708422
34,232.9979,227.01178,239.00014,224.02095,6.002243,-2.9908295,6.7061152
34,229.99309,248.9963,235.99335,245.9964,6.0002594,-2.9999084,6.708395
34,250.00595,269.004,256.0056,266.0039,5.9996643,-3.0000916,6.7079444
34,250.00368,229.00015,256.0099,226.0095,6.0062103,-2.9906464,6.7095847
34,216.99602,261.99274,222.99593,258.99237,5.9999084,-3.0003662,6.708286
35,264.99823,241.999,269.99026,233.99753,4.992035,-8.001465,9.431005
35,221.00017,241.99709,225.99603,233.99744,4.995865,-7.999649,9.431493
35,238.99791,267.99728,244.00005,260.00266,5.002136,-7.994629,9.43056
35,239.00014,224.02095,243.99538,216.0127,4.9952393,-8.008255,9.438462
35,235.99335,245.9964,240.9949,237.99942,5.0015564,-7.9969788,9.432244
35,256.0056,266.0039,261.00464,258.00677,4.9990234,-7.9971313,9.431031
35,256.0099,226.0095,260.9983,217.99788,4.9884033,-8.011627,9.437709
35,222.99593,258.99237,227.99684,251.0008,5.0009155,-7.991577,9.427325
36,269.99026,233.99753,274.9894,223.99734,4.9991455,-10.000183,11.180121
36,225.99603,233.99744,230.99748,223.99986,5.0014496,-9.997574,11.178819
36,244.00005,260.00266,248.99977,250.0031,4.9997253,-9.9995575,11.179821
36,243.99538,216.0127,248.99614,206.00874,5.000763,-10.003952,11.184216
36,240.9949,237.99942,245.99487,227.9993,4.9999695,-10.000122,11.180435
36,261.00464,258.00677,266.00757,248.00444,5.0029297,-10.002335,11.183739
36,260.9983,217.99788,265.99945,208.00241,5.0011597,-9.995468,11.1768055
36,227.99684,251.0008,232.99695,241.00253,5.000107,-9.9982605,11.178832
37,274.9894,223.99734,279.9915,210.99771,5.002075,-12.999634,13.928791
37,230.99748,223.99986,235.98878,210.9972,4.9913025,-13.00267,13.927761
37,248.99977,250.0031,253.99944,237.0013,4.9996643,-13.001801,13.929948
37,248.99614,206.00874,253.995,193.01602,4.9988556,-12.992722,13.921184
37,245.99487,227.9993,250.99467,214.9995,4.9998016,-12.999802,13.928132
37,266.00757,248.00444,271.01172,235.0021,5.0041504,-13.002335,13.932057
37,265.99945,208.00241,271.00247,195.00722,5.0030212,-12.9951935,13.924988
37,232.99695,241.00253,237.99554,228.00058,4.998596,-13.001953,13.929708
38,279.9915,210.99771,284.9891,195.99776,4.9976196,-14.999954,15.810592
38,235.98878,210.9972,240.9878,195.99689,4.999008,-15.000305,15.811364
38,253.99944,237.0013,258.9995,221.99962,5.0000763,-15.001678,15.8130045
38,253.995,193.01602,258.9956,178.01587,5.0006104,-15.000153,15.811726
38,250.99467,214.9995,255.9953,199.9992,5.0006256,-15.00029,15.811861
38,271.01172,235.0021,276.0131,220.00035,5.0013733,-15.001755,15.813487
38,271.00247,195.00722,276.00027,180.00287,4.9978027,-15.004349,15.814819
38,237.99554,228.00058,242.99516,213.00072,4.9996185,-14.999863,15.811137
39,284.9891,195.99776,290.98965,179.99779,6.0005493,-15.9999695,17.088171
39,240.9878,195.99689,246.98463,179.99721,5.9968414,-15.99968,17.086597
39,258.9995,221.99962,264.99902,205.99951,5.9995117,-16.000107,17.087936
39,258.9956,178.01587,264.99567,162.0177,6.000061,-15.998169,17.086315
39,255.9953,199.9992,261.99533,183.99931,6.0000305,-15.999893,17.087917
39,276.0131,220.00035,282.01288,204.00038,5.9997864,-15.9999695,17.087904
39,276.00027,180.00287,282.00082,164.00345,6.0005493,-15.99942,17.087658
39,242.99516,213.00072,248.99377,197.00037,5.9986115,-16.00035,17.087849
40,290.98965,179.99779,295.99286,164.99771,5.0032043,-15.000076,15.812474
40,246.98463,179.99721,251.98521,164.99724,5.00058,-14.9999695,15.8115425
40,264.99902,205.99951,269.99902,190.99979,5.0,-14.999725,15.811128
40,264.99567,162.0177,269.99567,147.01797,5.0,-14.999725,15.811128
40,261.99533,183.99931,266.995,168.99936,4.9996643,-14.999954,15.811238
40,282.01288,204.00038,287.00955,189.00215,4.9966736,-14.99823,15.808658
40,282.00082,164.00345,287.0011,149.00311,5.0002747,-15.000336,15.811793
40,248.99377,197.00037,253.99402,181.99985,5.000244,-15.000519,15.811957
41,295.99286,164.99771,300.99277,148.99773,4.9999084,-15.999985,16.763012
41,251.98521,164.99724,256.98486,148.99716,4.999649,-16.000076,16.763023
41,269.99902,190.99979,274.99942,175.00027,5.0003967,-15.999512,16.762707
41,269.99567,147.01797,274.99554,131.01703,4.999878,-16.000946,16.763922
41,266.995,168.99936,271.9938,152.99918,4.99881,-16.000183,16.762875
41,287.00955,189.00215,292.0068,173.00243,4.9972534,-15.999725,16.761972
41,287.0011,149.00311,292.0007,133.00354,4.9996033,-15.999573,16.76253
41,253.99402,181.99985,258.99377,166.00114,4.999756,-15.998703,16.761744
42,300.99277,148.99773,305.99304,134.99762,5.0002747,-14.000107,14.8662615
42,256.98486,148.99716,261.98846,134.99768,5.003601,-13.999481,14.866792
42,274.99942,175.00027,279.99927,160.99454,4.9998474,-14.005737,14.871421
42,274.99554,131.01703,279.99606,117.016106,5.000519,-14.000923,14.867112
42,271.9938,152.99918,276.9936,138.99977,4.9997864,-13.999405,14.865437
42,292.0068,173.00243,297.01227,158.99562,5.0054626,-14.006805,14.874315
42,292.0007,133.00354,297.00073,119.003395,5.0000305,-14.000145,14.866216
42,258.99377,166.00114,263.99188,151.9966,4.998108,-14.004547,14.869715
43,305.99304,134.99762,311.99088,122.99771,5.9978333,-11.999908,13.415357
43,261.98846,134.99768,267.9879,122.9977,5.9994507,-11.999977,13.4161415
43,279.99927,160.99454,285.99924,148.99423,5.9999695,-12.000305,13.416667
43,279.99606,117.016106,285.99612,105.01654,6.000061,-11.999565,13.416046
43,276.9936,138.99977,282.994,126.99968,6.0003967,-12.000092,13.416667
43,297.01227,158.99562,303.01416,146.99562,6.001892,-12.0,13.417254
43,297.00073,119.003395,303.00497,107.0045,6.004242,-11.998894,13.417316
43,263.99188,151.9966,269.99203,139.99663,6.0001526,-11.9999695,13.416449
44,311.99088,122.99771,316.99304,113.99789,5.0021667,-8.999825,10.296529
44,267.9879,122.9977,273.00262,113.99766,5.0147095,-9.000046,10.302821
44,285.99924,148.99423,290.9993,139.99373,5.000061,-9.000504,10.2961
44,285.99612,105.01654,290.99655,96.007195,5.0004272,-9.009346,10.3040085
44,282.994,126.99968,287.99423,117.999535,5.000244,-9.000145,10.295876
44,303.01416,146.99562,308.01453,137.995,5.000366,-9.000626,10.296355
44,303.00497,107.0045,308.00577,98.00454,5.0007935,-8.999962,10.295982
44,269.99203,139.99663,274.99115,130.99484,4.999115,-9.001785,10.296761
45,316.99304,113.99789,321.99493,107.99795,5.001892,-5.999939,7.8114142
45,273.00262,113.99766,278.0013,107.99755,4.9986877,-6.000107,7.8094916
45,290.9993,139.99373,295.9994,133.99316,5.0000916,-6.0005646,7.810742
45,290.99655,96.007195,295.99768,90.01278,5.001129,-5.9944153,7.8066835
45,287.99423,117.999535,292.99417,111.99947,4.999939,-6.000061,7.8102574
45,308.01453,137.995,313.0158,131.99603,5.0012817,-5.9989624,7.810273
45,308.00577,98.00454,313.00516,92.00361,4.9993896,-6.000931,7.810574
45,274.99115,130.99484,279.99277,124.994255,5.0016174,-6.0005875,7.811736
46,321.99493,107.99795,326.99124,106.99876,4.9963074,-0.9991913,5.09524
46,278.0013,107.99755,283.00153,106.99795,5.0002136,-0.9996033,5.099151
46,295.9994,133.99316,300.9995,132.99323,5.000122,-0.99993896,5.0991273
46,295.99768,90.01278,300.99762,89.01294,4.999939,-0.9998398,5.0989285
46,292.99417,111.99947,297.99338,110.99965,4.9992065,-0.9998245,5.098207
46,313.0158,131.99603,318.0162,130.99644,5.0003967,-0.999588,5.0993276
46,313.00516,92.00361,318.00546,91.003075,5.000305,-1.000534,5.0994234
46,279.99277,124.994255,284.99506,123.99851,5.002289,-0.9957428,5.100431
47,326.99124,106.99876,331.99908,108.000084,5.007843,1.0013275,5.1069703
47,283.00153,106.99795,287.9924,107.99625,4.9908752,0.99829865,5.0897384
47,300.9995,132.99323,305.99686,133.98682,4.997345,0.9935913,5.0951624
47,300.99762,89.01294,305.99567,90.00809,4.998047,0.9951477,5.0961547
47,297.99338,110.99965,302.99356,111.998436,5.000183,0.9987869,5.0989614
47,318.0162,130.99644,323.01926,131.99402,5.0030518,0.99757385,5.101537
47,318.00546,91.003075,323.009,91.99825,5.00354,0.9951782,5.101548
47,284.99506,123.99851,289.99094,124.99076,4.99588,0.99224854,5.093464
48,331.99908,108.000084,337.9997,114.00045,6.0006104,6.000366,8.485971
48,287.9924,107.99625,293.9898,113.99659,5.997406,6.0003433,8.48369
48,305.99686,133.98682,311.9968,139.9864,5.999939,5.999588,8.484947
48,305.99567,90.00809,311.99664,96.00587,6.0009766,5.99778,8.484402
48,302.99356,111.998436,308.99286,117.99846,5.999298,6.000023,8.484801
48,323.01926,131.99402,329.01712,137.99377,5.997864,5.999756,8.483598
48,323.009,91.99825,329.00882,98.00321,5.999817,6.004959,8.488659
48,289.99094,124.99076,295.99292,130.99399,6.0019836,6.003227,8.488966
49,337.9997,114.00045,342.99802,122.99951,4.9983215,8.999062,10.293995
49,293.9898,113.99659,298.9886,122.996506,4.9987793,8.999916,10.294964
49,311.9968,139.9864,316.99683,148.98755,5.0000305,9.001144,10.296645
49,311.99664,96.00587,316.99667,105.005646,5.0000305,8.999779,10.295451
49,308.99286,117.99846,313.99234,126.99861,4.999481,9.000153,10.295511
49,329.01712,137.99377,334.0179,146.99498,5.0007935,9.001205,10.29707
49,329.00882,98.00321,334.0098,107.00269,5.0009766,8.999481,10.2956505
49,295.99292,130.99399,300.99164,139.99445,4.9987183,9.000458,10.295408
50,342.99802,122.99951,347.99817,134.99959,5.0001526,12.000076,13.000129
50,298.9886,122.996506,303.99426,134.99731,5.0056763,12.000809,13.002931
50,316.99683,148.98755,321.99686,160.98616,5.0000305,11.998611,12.99873
50,316.99667,105.005646,321.9964,117.00582,4.9997253,12.000175,13.000056
50,313.99234,126.99861,318.9923,138.99863,4.9999695,12.000015,13.000002
50,334.0179,146.99498,339.0146,158.99683,4.9966736,12.001846,13.000425
50,334.0098,107.00269,339.0108,119.00272,5.001007,12.0000305,13.000416
50,300.99164,139.99445,305.99295,151.99487,5.0013123,12.000427,13.000899
51,347.99817,134.99959,352.99887,148.9997,5.000702,14.000107,14.8664055
51,303.99426,134.99731,308.9936,148.99716,4.9993286,13.999847,14.865699
51,321.99686,160.98616,326.9969,174.99208,5.0000305,14.00592,14.8716545
51,321.9964,117.00582,326.99643,131.00574,5.0000305,13.999916,14.866
51,318.9923,138.99863,323.9923,152.99887,5.0,14.000244,14.866299
51,339.0146,158.99683,344.0077,173.00174,4.993103,14.004913,14.868379
51,339.0108,119.00272,344.01074,133.00293,4.999939,14.000206,14.866242
51,305.99295,151.99487,310.99237,165.99629,4.99942,14.001419,14.86721
52,352.99887,148.9997,358.99933,164.99979,6.000458,16.000092,17.088253
52,308.9936,148.99716,314.99744,164.997,6.003845,15.999832,17.089201
52,326.9969,174.99208,332.996,190.9977,5.999115,16.005615,17.092955
52,326.99643,131.00574,332.99597,147.00562,5.999542,15.999878,17.087732
52,323.9923,152.99887,329.99228,168.99883,5.9999695,15.999954,17.087954
52,344.0077,173.00174,350.0077,189.00192,6.0,16.000183,17.088179
52,344.01074,133.00293,350.01196,149.00438,6.0012207,16.00145,17.089794
52,310.99237,165.99629,316.99136,181.99612,5.998993,15.999832,17.087496
53,358.99933,164.99979,364.00092,180.0,5.001587,15.000214,15.812093
53,314.99744,164.997,319.9957,179.99866,4.9982605,15.001663,15.812416
53,332.996,190.9977,337.99615,205.99788,5.0001526,15.000183,15.81161
53,332.99597,147.00562,337.99582,162.00728,4.9998474,15.001663,15.812918
53,329.99228,168.99883,334.99274,183.999,5.000458,15.000168,15.811692
53,350.0077,189.00192,355.00656,204.00296,4.998871,15.001038,15.812016
53,350.01196,149.00438,355.01312,164.00581,5.0011597,15.001434,15.813116
53,316.99136,181.99612,321.98932,196.99341,4.9979553,14.997284,15.808165
54,364.00092,180.0,368.99872,195.99997,4.9978027,15.9999695,16.76237
54,319.9957,179.99866,324.99622,195.99876,5.000519,16.000107,16.763311
54,337.99615,205.99788,342.99588,221.99777,4.9997253,15.999893,16.76287
54,337.99582,162.00728,342.9961,178.00691,5.0002747,15.999634,16.762787
54,334.99274,183.999,339.99258,199.99904,4.9998474,16.000046,16.763052
54,355.00656,204.00296,360.00607,220.00151,4.9995117,15.99855,16.761526
54,355.01312,164.00581,360.01215,180.00587,4.9990234,16.000061,16.762821
54,321.98932,196.99341,326.99088,212.99611,5.0015564,16.0027,16.766096
55,368.99872,195.99997,373.99976,211.00012,5.0010376,15.000153,15.811861
55,324.99622,195.99876,329.99524,210.9987,4.9990234,14.999939,15.811022
55,342.99588,221.99777,347.99557,236.99672,4.999695,14.998947,15.810293
55,342.9961,178.00691,347.99606,193.00665,4.9999695,14.999741,15.811132
55,339.99258,199.99904,344.9919,214.99905,4.9993286,15.000015,15.811191
55,360.00607,220.00151,365.00684,235.00266,5.000763,15.001144,15.812716
55,360.01215,180.00587,365.01416,195.00618,5.002014,15.000305,15.812315
55,326.99088,212.99611,331.99097,227.99628,5.0000916,15.000168,15.811577
56,373.99976,211.00012,379.99948,224.00098,5.9997253,13.0008545,14.318481
56,329.99524,210.9987,335.99454,223.99861,5.999298,12.999908,14.317444
56,347.99557,236.99672,353.99634,249.99391,6.000763,12.997192,14.315592
56,347.99606,193.00665,353.99554,206.00839,5.999481,13.0017395,14.319183
56,344.9919,214.99905,350.99298,227.99913,6.001068,13.000076,14.318338
56,365.00684,235.00266,371.00952,247.99991,6.0026855,12.997253,14.316453
56,365.01416,195.00618,371.01352,208.00647,5.999359,13.00029,14.317816
56,331.99097,227.99628,337.9913,240.99496,6.0003357,12.998688,14.316771
57,379.99948,224.00098,385.00165,235.00087,5.0021667,10.999893,12.083845
57,335.99454,223.99861,340.993,234.99811,4.998474,10.999496,12.081956
57,353.99634,249.99391,358.9963,260.99432,4.9999695,11.000412,12.083408
57,353.99554,206.00839,358.99658,217.01085,5.0010376,11.002457,12.085712
57,350.99298,227.99913,355.99222,238.99919,4.999237,11.000061,12.082786
57,371.00952,247.99991,376.00687,259.002,4.997345,11.002106,12.083865
57,371.01352,208.00647,376.0148,219.00621,5.0012817,10.999741,12.083341
57,337.9913,240.99496,342.99,251.99591,4.9986877,11.000946,12.0833645
58,385.00165,235.00087,389.99844,242.00066,4.9967957,6.9997864,8.600289
58,340.993,234.99811,345.99023,241.99794,4.997223,6.999832,8.6005745
58,358.9963,260.99432,363.9963,267.99408,5.0,6.999756,8.602127
58,358.99658,217.01085,363.9963,224.01308,4.9997253,7.002228,8.603978
58,355.99222,238.99919,360.99243,245.99934,5.0002136,7.0001526,8.602573
58,376.00687,259.002,381.00607,266.00186,4.9992065,6.9998474,8.60174
58,376.0148,219.00621,381.01456,226.00578,4.999756,6.9995728,8.601835
58,342.99,251.99591,347.99036,258.9953,5.000366,6.9993896,8.602041
59,389.99844,242.00066,395.00012,244.99866,5.0016785,2.998001,5.831363
59,345.99023,241.99794,350.9902,244.99889,4.9999695,3.000946,5.8314123
59,363.9963,267.99408,368.9994,270.99435,5.0030823,3.0002747,5.8337364
59,363.9963,224.01308,368.9988,227.01155,5.0025024,2.9984741,5.832313
59,360.99243,245.99934,365.9928,248.9991,5.000366,2.9997559,5.8311405
59,381.00607,266.00186,386.00116,269.00195,4.9950867,3.0000916,5.8267865
59,381.01456,226.00578,386.0165,229.0041,5.001953,2.9983215,5.8317637
59,347.99036,258.9953,352.9911,262.00235,5.0007324,3.0070496,5.83521
60,395.00012,244.99866,399.99985,244.9986,4.9997253,-6.1035156e-05,4.9997253
60,350.9902,244.99889,355.98993,244.99927,4.9997253,0.00038146973,4.9997253
60,368.9994,270.99435,373.99954,270.9933,5.0001526,-0.0010681152,5.0001526
60,368.9988,227.01155,373.99924,227.0119,5.0004272,0.00035095215,5.0004272
60,365.9928,248.9991,370.99222,248.99896,4.99942,-0.0001373291,4.99942
60,386.00116,269.00195,391.00134,269.00275,5.000183,0.00079345703,5.000183
60,386.0165,229.0041,391.0173,229.00375,5.0007935,-0.00035095215,5.0007935
60,352.9911,262.00235,357.99182,262.00153,5.0007324,-0.0008239746,5.0007324
61,399.99985,244.9986,406.0018,240.99933,6.001953,-3.9992676,7.2123218
61,355.98993,244.99927,361.99106,240.99794,6.001129,-4.0013275,7.212778
61,373.99954,270.9933,379.99954,266.99387,6.0,-3.9994202,7.210781
61,373.99924,227.0119,379.99872,223.01474,5.999481,-3.9971619,7.209097
61,370.99222,248.99896,376.99173,244.99905,5.9995117,-3.9999084,7.2106457
61,391.00134,269.00275,397.00024,265.0022,5.9989014,-4.0005493,7.210493
61,391.0173,229.00375,397.0207,225.01006,6.0033875,-3.9936981,7.210429
61,357.99182,262.00153,363.99182,258.00146,6.0,-4.000061,7.2111363
62,406.0018,240.99933,411.00232,232.99937,5.000519,-7.999954,9.434217
62,361.99106,240.99794,366.98972,232.99881,4.998657,-7.9991302,9.432531
62,379.99954,266.99387,384.99945,258.99463,4.9999084,-7.999237,9.433286
62,379.99872,223.01474,384.99826,215.01466,4.999542,-8.000076,9.433804
62,376.99173,244.99905,381.9919,236.99905,5.000183,-8.0,9.434078
62,397.00024,265.0022,401.9987,257.0018,4.9984436,-8.000397,9.433493
62,397.0207,225.01006,402.01926,217.01158,4.9985657,-7.998474,9.431927
62,363.99182,258.00146,368.99182,250.003,5.0,-7.998459,9.432674
63,411.00232,232.99937,416.00333,221.9985,5.001007,-11.00087,12.084254
63,366.98972,232.99881,371.98895,221.99884,4.999237,-10.9999695,12.082703
63,384.99945,258.99463,389.99945,247.99529,5.0,-10.999344,12.082449
63,384.99826,215.01466,389.99814,204.01448,4.999878,-11.000183,12.083162
63,381.9919,236.99905,386.99188,225.999,4.9999695,-11.000061,12.083089
63,401.9987,257.0018,406.998,246.0026,4.999298,-10.999207,12.082033
63,402.01926,217.01158,407.0187,206.01044,4.9994507,-11.001144,12.08386
63,368.99182,250.003,373.9931,239.0035,5.0012817,-10.999512,12.083132
64,416.00333,221.9985,421.00342,208.99857,5.0000916,-12.999939,13.928364
64,371.98895,221.99884,376.98917,208.99896,5.0002136,-12.999878,13.928351
64,389.99945,247.99529,394.9996,234.99498,5.0001526,-13.000305,13.928728
64,389.99814,204.01448,394.99832,191.01439,5.000183,-13.000092,13.928539
64,386.99188,225.999,391.99106,212.9989,4.999176,-13.000092,13.928178
64,406.998,246.0026,411.99908,233.00258,5.0010986,-13.000015,13.928797
64,407.0187,206.01044,412.01935,193.01006,5.000641,-13.000381,13.928974
64,373.9931,239.0035,378.9932,226.00365,5.0000916,-12.999847,13.928279
65,421.00342,208.99857,427.00305,193.9989,5.999634,-14.999664,16.155046
65,376.98917,208.99896,382.99393,193.99968,6.0047607,-14.999283,16.156597
65,394.9996,234.99498,400.99942,219.99554,5.999817,-14.999435,16.154902
65,394.99832,191.01439,400.9985,176.0182,6.000183,-14.996185,16.15202
65,391.99106,212.9989,397.99118,197.99896,6.000122,-14.999939,16.155483
65,411.99908,233.00258,417.999,218.00298,5.9999084,-14.999603,16.155092
65,412.01935,193.01006,418.0226,178.01395,6.0032654,-14.996109,16.153095
65,378.9932,226.00365,384.99255,211.00586,5.999359,-14.997787,16.153202
66,427.00305,193.9989,432.00305,177.99866,5.0,-16.000244,16.763288
66,382.99393,193.99968,387.9962,177.99959,5.0022583,-16.000092,16.763815
66,400.99942,219.99554,405.99966,203.99458,5.000244,-16.000961,16.764046
66,400.9985,176.0182,405.99634,160.01672,4.9978333,-16.00148,16.76382
66,397.99118,197.99896,402.99078,181.99895,4.9996033,-16.000015,16.76295
66,417.999,218.00298,422.9995,202.00325,5.000519,-15.999725,16.762947
66,418.0226,178.01395,423.02353,162.01321,5.0009155,-16.000732,16.764027
66,384.99255,211.00586,389.99423,195.00655,5.0016785,-15.999313,16.7629
67,432.00305,177.99866,437.00333,161.99861,5.0002747,-16.000046,16.76318
67,387.9962,177.99959,392.99518,161.99908,4.998993,-16.000504,16.763235
67,405.99966,203.99458,410.99927,187.99515,4.9996033,-15.999435,16.762398
67,405.99634,160.01672,410.99814,144.01207,5.0018005,-16.004654,16.768034
67,402.99078,181.99895,407.99075,165.99893,4.9999695,-16.000015,16.76306
67,422.9995,202.00325,427.99805,186.00319,4.998535,-16.000061,16.762676
67,423.02353,162.01321,428.01926,146.0105,4.9957275,-16.002716,16.764374
67,389.99423,195.00655,394.9922,179.00635,4.9979553,-16.000198,16.762634
68,437.00333,161.99861,442.00287,146.99858,4.999542,-15.0000305,15.811273
68,392.99518,161.99908,397.99734,146.99883,5.0021667,-15.000259,15.81232
68,410.99927,187.99515,415.99945,172.99559,5.000183,-14.9995575,15.811027
68,410.99814,144.01207,415.99747,129.01901,4.9993286,-14.993057,15.804589
68,407.99075,165.99893,412.99008,150.99908,4.9993286,-14.999847,15.811031
68,427.99805,186.00319,432.99884,171.00099,5.0007935,-15.002197,15.813724
68,428.01926,146.0105,433.0184,131.00887,4.9991455,-15.001633,15.812667
68,394.9922,179.00635,399.99335,164.0048,5.0011597,-15.001541,15.813217
69,442.00287,146.99858,448.00366,132.9982,6.0007935,-14.000381,15.232209
69,397.99734,146.99883,403.99744,132.99915,6.0000916,-13.99968,15.231288
69,415.99945,172.99559,421.99954,158.9981,6.0000916,-13.997498,15.229282
69,415.99747,129.01901,421.9977,115.020645,6.000244,-13.998367,15.230142
69,412.99008,150.99908,418.99036,136.99873,6.0002747,-14.000351,15.2319765
69,432.99884,171.00099,438.99597,157.00542,5.9971313,-13.995575,15.226349
69,433.0184,131.00887,439.0219,117.00872,6.0035095,-14.000145,15.233063
69,399.99335,164.0048,405.99423,150.00638,6.000885,-13.998428,15.230451
70,448.00366,132.9982,453.00372,120.99815,5.000061,-12.000046,13.000066
70,403.99744,132.99915,408.9986,120.999855,5.0011597,-11.99929,12.999791
70,421.99954,158.9981,426.9996,146.99863,5.000061,-11.999466,12.999531
70,421.9977,115.020645,426.9971,103.020805,4.9993896,-11.99984,12.999618
70,418.99036,136.99873,423.99026,124.99867,4.9999084,-12.000061,13.000021
70,438.99597,157.00542,443.99573,145.00484,4.999756,-12.00058,13.000442
70,439.0219,117.00872,444.02393,105.01291,5.002014,-11.995811,12.996908
70,405.99423,150.00638,410.99387,138.00703,4.999634,-11.999344,12.999253
71,453.00372,120.99815,458.0003,113.00136,4.996582,-7.9967957,9.429453
71,408.9986,120.999855,413.99023,113.000435,4.991638,-7.99942,9.42906
71,426.9996,146.99863,431.9969,138.99393,4.997284,-8.0047,9.436528
71,426.9971,103.020805,431.99402,95.0077,4.9969177,-8.013107,9.443467
71,423.99026,124.99867,428.9894,116.99922,4.9991455,-7.9994507,9.433063
71,443.99573,145.00484,449.0144,136.99852,5.0186768,-8.006317,9.449245
71,444.02393,105.01291,449.00616,96.99825,4.982239,-8.014656,9.437023
71,410.99387,138.00703,415.98972,130.00455,4.9958496,-8.002487,9.433891
72,458.0003,113.00136,463.00122,108.00134,5.0009155,-5.0000153,7.071726
72,413.99023,113.000435,418.9897,108.0006,4.9994507,-4.999832,7.0705605
72,431.9969,138.99393,436.9969,133.99364,5.0,-5.00029,7.071273
72,431.99402,95.0077,436.9946,90.00842,5.00058,-4.999275,7.0709653
72,428.9894,116.99922,433.98987,111.999344,5.000458,-4.999878,7.0713053
72,449.0144,136.99852,454.0136,131.99847,4.9992065,-5.000046,7.070539
72,449.00616,96.99825,454.00623,91.99904,5.000061,-4.999214,7.070555
72,415.98972,130.00455,420.98856,125.00406,4.9988403,-5.0004883,7.070593
73,463.00122,108.00134,468.00098,107.00143,4.999756,-0.9999161,5.0987635
73,418.9897,108.0006,423.9888,107.00112,4.999115,-0.9994812,5.0980496
73,436.9969,133.99364,441.99692,132.99402,5.0000305,-0.99961853,5.0989747
73,436.9946,90.00842,441.9947,89.00788,5.0000916,-1.0005417,5.0992155
73,433.98987,111.999344,438.9897,110.99942,4.999817,-0.9999237,5.098825
73,454.0136,131.99847,459.01443,130.99881,5.000824,-0.9996643,5.0997615
73,454.00623,91.99904,459.00665,90.99795,5.0004272,-1.001091,5.099653
73,420.98856,125.00406,425.9901,124.0094,5.0015564,-0.9946594,5.099501
74,468.00098,107.00143,474.00082,109.000885,5.9998474,1.9994583,6.3242393
74,423.9888,107.00112,429.98904,109.0008,6.000244,1.9996796,6.3246856
74,441.99692,132.99402,447.99695,134.99466,6.0000305,2.0006409,6.324787
74,441.9947,89.00788,447.99423,91.008064,5.999542,2.000183,6.324179
74,438.9897,110.99942,444.98975,112.99971,6.000061,2.00029,6.324705
74,459.01443,130.99881,465.01624,132.99689,6.0018005,1.9980774,6.325656
74,459.00665,90.99795,465.00708,92.99778,6.0004272,1.9998322,6.324908
74,425.9901,124.0094,431.99002,126.01222,5.9999084,2.0028229,6.3253617
75,474.00082,109.000885,479.00174,115.00086,5.0009155,5.999977,7.810818
75,429.98904,109.0008,434.99316,115.00138,5.00412,6.00058,7.813333
75,447.99695,134.99466,452.99652,140.99393,4.9995728,5.9992676,7.8094134
75,447.99423,91.008064,452.9934,97.00971,4.999176,6.001648,7.8109884
75,444.98975,112.99971,449.98944,119.00037,4.999695,6.000656,7.8105583
75,465.01624,132.99689,470.01422,138.99829,4.997986,6.001404,7.810039
75,465.00708,92.99778,470.00775,99.00209,5.0006714,6.0043106,7.8139915
75,431.99002,126.01222,436.98917,132.01303,4.9991455,6.0008087,7.8103237
76,479.00174,115.00086,484.00186,125.00088,5.000122,10.000015,11.1804085
76,434.99316,115.00138,439.99475,125.00092,5.001587,9.999542,11.18064
76,452.99652,140.99393,457.9967,150.99358,5.000183,9.999649,11.180108
76,452.9934,97.00971,457.9937,107.01152,5.000305,10.001808,11.182094
76,449.98944,119.00037,454.98935,128.99988,4.9999084,9.999512,11.179862
76,470.01422,138.99829,475.01483,148.99841,5.0006104,10.000122,11.180722
76,470.00775,99.00209,475.0075,109.00064,4.999756,9.99855,11.178934
76,436.98917,132.01303,441.98795,142.01001,4.9987793,9.996979,11.177092
77,484.00186,125.00088,489.00296,137.00124,5.0010986,12.000359,13.000753
77,439.99475,125.00092,444.99435,137.00089,4.9996033,11.999962,12.999812
77,457.9967,150.99358,462.99667,162.99425,4.9999695,12.000671,13.000608
77,457.9937,107.01152,462.99387,119.01008,5.0001526,11.998558,12.998728
77,454.98935,128.99988,459.9893,140.99995,4.999939,12.000076,13.000047
77,475.01483,148.99841,480.01355,160.99806,4.9987183,11.999649,12.999183
77,475.0075,109.00064,480.00824,121.00367,5.0007324,12.003029,13.0030775
77,441.98795,142.01001,446.98764,154.01135,4.999695,12.001343,13.001122
78,489.00296,137.00124,495.00305,152.00124,6.0000916,15.0,16.155529
78,444.99435,137.00089,450.9932,152.00009,5.9988403,14.999207,16.154327
78,462.99667,162.99425,468.99683,177.99269,6.0001526,14.998444,16.154106
78,462.99387,119.01008,468.99402,134.01447,6.0001526,15.004387,16.159624
78,459.9893,140.99995,465.9898,155.99995,6.000519,15.0,16.155687
78,480.01355,160.99806,486.01254,175.99861,5.998993,15.000549,16.15563
78,480.00824,121.00367,486.0092,136.00534,6.000946,15.001671,16.157396
78,446.98764,154.01135,452.9854,169.00793,5.997772,14.996582,16.151493
79,495.00305,152.00124,500.0028,167.00122,4.999756,14.999985,15.811296
79,450.9932,152.00009,455.99362,166.99988,5.0004272,14.999786,15.81132
79,468.99683,177.99269,473.99686,192.99303,5.0000305,15.000336,15.811716
79,468.99402,134.01447,473.99432,149.01413,5.000305,14.999664,15.811167
79,465.9898,155.99995,470.98944,171.00014,4.999634,15.000183,15.811446
79,486.01254,175.99861,491.01746,190.99695,5.0049133,14.998337,15.811365
79,486.0092,136.00534,491.00946,151.00421,5.0002747,14.998871,15.810404
79,452.9854,169.00793,457.98837,184.01082,5.00296,15.002884,15.815061
80,500.0028,167.00122,505.00137,183.00073,4.9985657,15.999512,16.762161
80,455.99362,166.99988,460.998,183.00154,5.004364,16.001663,16.765944
80,473.99686,192.99303,478.99692,208.99382,5.000061,16.000793,16.76383
80,473.99432,149.01413,478.99414,165.01305,4.999817,15.998917,16.761967
80,470.98944,171.00014,475.98926,187.0002,4.999817,16.000061,16.763058
80,491.01746,190.99695,496.01584,206.9954,4.9983826,15.998459,16.7611
80,491.00946,151.00421,496.00552,167.003,4.996063,15.998795,16.760729
80,457.98837,184.01082,462.98816,200.01138,4.9997864,16.000565,16.763529
81,505.00137,183.00073,510.001,199.00067,4.999634,15.999939,16.762888
81,460.998,183.00154,465.9985,199.00143,5.000519,15.999893,16.763107
81,478.99692,208.99382,483.9971,224.99289,5.000183,15.999069,16.76222
81,478.99414,165.01305,483.9939,181.01274,4.999756,15.999695,16.76269
81,475.98926,187.0002,480.98917,203.00015,4.9999084,15.999954,16.762983
81,496.01584,206.9954,501.01517,222.99706,4.9993286,16.001648,16.764427
81,496.00552,167.003,501.00537,183.00249,4.9998474,15.999481,16.762514
81,462.98816,200.01138,467.98776,216.01102,4.9996033,15.999634,16.762587
82,510.001,199.00067,516.0008,213.00003,5.9997864,13.999359,15.230873
82,465.9985,199.00143,471.98816,212.99944,5.9896545,13.998001,15.2256365
82,483.9971,224.99289,489.99716,238.99347,6.000061,14.00058,15.232103
82,483.9939,181.01274,489.99396,195.01341,6.000061,14.000671,15.232187
82,480.98917,203.00015,486.98907,217.00037,5.9999084,14.000214,15.231707
82,501.01517,222.99706,507.01437,236.99709,5.9992065,14.0000305,15.231261
82,501.00537,183.00249,507.00583,197.00116,6.000458,13.9986725,15.230506
82,467.98776,216.01102,473.9877,230.01051,5.999939,13.999496,15.231059
83,516.0008,213.00003,521.00024,225.99841,4.9994507,12.998383,13.9266815
83,471.98816,212.99944,476.99548,225.99599,5.007324,12.9965515,13.927801
83,489.99716,238.99347,494.99942,251.99365,5.0022583,13.000183,13.92937
83,489.99396,195.01341,494.99734,208.00562,5.0033875,12.992203,13.922328
83,486.98907,217.00037,491.99014,229.99754,5.001068,12.997177,13.926137
83,507.01437,236.99709,512.01385,249.99239,4.999481,12.9953,13.923816
83,507.00583,197.00116,512.0044,209.99475,4.9985657,12.993591,13.921892
83,473.9877,230.01051,478.9861,243.00714,4.998413,12.996628,13.924671
84,521.00024,225.99841,525.99976,235.99832,4.9995117,9.999908,11.180039
84,476.99548,225.99599,481.99374,235.9947,4.9982605,9.998718,11.178415
84,494.99942,251.99365,499.9995,261.99316,5.0000916,9.999512,11.179944
84,494.99734,208.00562,499.99725,218.01498,4.9999084,10.009369,11.18868
84,491.99014,229.99754,496.98987,239.99718,4.9997253,9.999634,11.17989
84,512.01385,249.99239,517.01294,259.99313,4.9990845,10.000748,11.180599
84,512.0044,209.99475,517.0117,220.00378,5.007324,10.009033,11.191695
84,478.9861,243.00714,483.98633,253.00653,5.0002136,9.99939,11.17989
85,525.99976,235.99832,531.00024,241.99838,5.0004883,6.000061,7.8106093
85,481.99374,235.9947,486.99612,241.99626,5.0023804,6.0015564,7.812969
85,499.9995,261.99316,504.9993,267.99368,4.9997864,6.000519,7.8105116
85,499.99725,218.01498,504.99887,224.01561,5.0016174,6.0006256,7.8117657
85,496.98987,239.99718,501.99008,245.99722,5.0002136,6.000046,7.8104215
85,517.01294,259.99313,522.0133,265.9925,5.000366,5.999359,7.809992
85,517.0117,220.00378,522.0109,226.004,4.9992065,6.0002136,7.809906
85,483.98633,253.00653,488.98566,259.00748,4.9993286,6.000946,7.8105464
86,531.00024,241.99838,536.0009,244.99867,5.0006714,3.00029,5.8316765
86,486.99612,241.99626,491.99597,244.99765,4.9998474,3.0013885,5.8315353
86,504.9993,267.99368,509.99936,270.99402,5.000061,3.0003357,5.8311768
86,504.99887,224.01561,509.9988,227.01439,4.999939,2.9987793,5.8302712
86,501.99008,245.99722,506.98972,248.99716,4.999634,2.999939,5.8306065
86,522.0133,265.9925,527.0136,268.99286,5.000305,3.0003662,5.831402
86,522.0109,226.004,527.012,229.00496,5.0010986,3.0009613,5.832389
86,488.98566,259.00748,493.98618,262.00723,5.000519,2.9997559,5.831271
87,536.0009,244.99867,541.9994,244.00168,5.998474,-0.996994,6.080764
87,491.99597,244.99765,497.9918,243.99864,5.995819,-0.9990082,6.0784755
87,509.99936,270.99402,515.9992,269.99518,5.9998474,-0.99884033,6.0824213
87,509.9988,227.01439,515.9973,226.01503,5.9985046,-0.99935913,6.0811825
87,506.98972,248.99716,512.98865,247.99748,5.998932,-0.99967957,6.081656
87,527.0136,268.99286,533.0149,267.99124,6.0012817,-1.0016174,6.084293
87,527.012,229.00496,533.0126,228.00401,6.0005493,-1.000946,6.08346
87,493.98618,262.00723,499.98605,261.00745,5.999878,-0.9997864,6.082607
88,541.9994,244.00168,546.99927,240.0016,4.999878,-4.0000763,6.4030766
88,497.9918,243.99864,502.98688,239.99875,4.9950867,-3.9998932,6.3992214
88,515.9992,269.99518,520.9989,265.99567,4.999695,-3.9995117,6.4025807
88,515.9973,226.01503,520.99646,222.00835,4.9991455,-4.0066833,6.406635
88,512.98865,247.99748,517.98883,243.99738,5.000183,-4.000107,6.403334
88,533.0149,267.99124,538.0143,263.98965,4.9993896,-4.001587,6.403639
88,533.0126,228.00401,538.01154,224.0054,4.9989624,-3.9986115,6.401447
88,499.98605,261.00745,504.98358,257.00623,4.997528,-4.0012207,6.401957
89,546.99927,240.0016,552.00085,231.99873,5.001587,-8.002869,9.437255
89,502.98688,239.99875,507.98816,231.99922,5.0012817,-7.999527,9.434259
89,520.9989,265.99567,525.99915,257.9946,5.000244,-8.001068,9.435017
89,520.99646,222.00835,525.99664,214.00916,5.000183,-7.9991913,9.433393
89,517.98883,243.99738,522.98834,235.99738,4.9995117,-8.0,9.4337225
89,538.0143,263.98965,543.0145,255.99065,5.000244,-7.999008,9.4332695
89,538.01154,224.0054,543.01074,216.00385,4.9992065,-8.001556,9.43488
89,504.98358,257.00623,509.98383,249.00612,5.000244,-8.000107,9.434201
90,552.00085,231.99873,556.99915,219.99876,4.998291,-11.9999695,12.999314
90,507.98816,231.99922,512.98926,219.99873,5.0010986,-12.000488,13.000874
90,525.99915,257.9946,530.99915,245.99522,5.0,-11.999374,12.999422
90,525.99664,214.00916,530.99506,202.00792,4.998413,-12.001236,13.00053
90,522.98834,235.99738,527.9883,223.99736,4.999939,-12.000015,12.99999
90,543.0145,255.99065,548.013,243.98923,4.998474,-12.001419,13.000723
90,543.01074,216.00385,548.01086,204.00479,5.000122,-11.999054,12.999174
90,509.98383,249.00612,514.9845,237.00684,5.0006714,-11.999283,12.999597
91,556.99915,219.99876,563.00037,206.99883,6.0012207,-12.999939,14.318277
91,512.98926,219.99873,518.98846,206.99939,5.9992065,-12.999344,14.316893
91,530.99915,245.99522,536.99915,232.99596,6.0,-12.999268,14.317156
91,530.99506,202.00792,536.99506,189.00818,6.0,-12.999741,14.317586
91,527.9883,223.99736,533.9878,210.99744,5.9995117,-12.999924,14.317547
91,548.013,243.98923,554.01215,230.9914,5.9991455,-12.997833,14.3154955
91,548.01086,204.00479,554.01074,191.00351,5.999878,-13.001282,14.3189335
91,514.9845,237.00684,520.98486,224.0078,6.000366,-12.999039,14.3171015
92,563.00037,206.99883,568.0002,190.99887,4.999817,-15.999954,16.762957
92,518.98846,206.99939,523.9862,190.99803,4.9977417,-16.001358,16.763678
92,536.99915,232.99596,541.99927,216.99547,5.000122,-16.000488,16.763557
92,536.99506,189.00818,541.9956,173.00912,5.0005493,-15.999054,16.762316
92,533.9878,210.99744,538.9873,194.9974,4.9995117,-16.00003,16.762938
92,554.01215,230.9914,559.0126,214.99216,5.0004272,-15.999237,16.762453
92,554.01074,191.00351,559.0109,175.00381,5.000183,-15.999695,16.762817
92,520.98486,224.0078,525.98615,208.0081,5.0012817,-15.999695,16.763145
93,568.0002,190.99887,573.0025,175.99872,5.0023193,-15.000153,15.812266
93,523.9862,190.99803,528.98895,175.99834,5.0027466,-14.999695,15.811967
93,541.99927,216.99547,546.99945,201.9967,5.000183,-14.998764,15.810273
93,541.9956,173.00912,546.99585,158.00941,5.000244,-14.99971,15.811191
93,538.9873,194.9974,543.9878,179.99738,5.0004883,-15.0000305,15.811572
93,559.0126,214.99216,564.0132,199.99283,5.0006104,-14.999329,15.810945
93,559.0109,175.00381,564.0125,160.00323,5.001587,-15.00058,15.81244
93,525.98615,208.0081,530.9844,193.00812,4.99823,-14.999985,15.810814
94,573.0025,175.99872,578.00305,160.00021,5.0005493,-15.998505,16.761791
94,528.98895,175.99834,533.9895,159.99844,5.0005493,-15.999893,16.763117
94,546.99945,201.9967,551.9997,185.99567,5.000244,-16.001038,16.764118
94,546.99585,158.00941,551.9964,142.01115,5.0005493,-15.9982605,16.761559
94,543.9878,179.99738,548.9877,163.99731,4.999878,-16.000061,16.763077
94,564.0132,199.99283,569.01434,183.9919,5.0011597,-16.00093,16.764288
94,564.0125,160.00323,569.0118,144.00253,4.9992676,-16.000702,16.763506
94,530.9844,193.00812,535.9856,177.00874,5.0012207,-15.999374,16.762821
95,578.00305,160.00021,583.0056,145.00314,5.0025635,-14.99707,15.80942
95,533.9895,159.99844,538.9905,145.00087,5.0009766,-14.997574,15.809396
95,551.9997,185.99567,556.9985,170.9939,4.9987793,-15.00177,15.812681
95,551.9964,142.01115,556.99677,127.00833,5.000366,-15.002823,15.814182
95,548.9877,163.99731,553.9846,149.00078,4.9969482,-14.996536,15.8071375
95,569.01434,183.9919,574.0161,168.99086,5.00177,-15.001038,15.812932
95,569.0118,144.00253,574.01166,128.99689,4.999878,-15.005646,15.816706
95,535.9856,177.00874,540.9802,162.01205,4.994629,-14.996689,15.806549
96,583.0056,145.00314,589.0023,131.0036,5.996704,-13.999542,15.229828
96,538.9905,145.00087,544.98724,131.00014,5.996765,-14.000732,15.230946
96,556.9985,170.9939,562.9989,156.99254,6.0004272,-14.001358,15.232963
96,556.99677,127.00833,562.9942,113.01918,5.9974365,-13.989151,15.220565
96,553.9846,149.00078,559.9845,135.00116,5.999878,-13.999619,15.231148
96,574.0161,168.99086,580.015,154.993,5.9989014,-13.997864,15.22915
96,574.01166,128.99689,580.01166,115.00244,6.0,-13.994446,15.226441
96,540.9802,162.01205,546.97876,148.00978,5.998535,-14.002274,15.233059
97,589.0023,131.0036,594.00336,120.0042,5.0010376,-10.999397,12.082927
97,544.98724,131.00014,549.9875,120.00008,5.000244,-11.000061,12.083202
97,562.9989,156.99254,567.9991,145.994,5.000183,-10.998535,12.081788
97,562.9942,113.01918,567.9942,102.018166,5.0,-11.001015,12.08397
97,559.9845,135.00116,564.9845,124.00102,5.0,-11.000137,12.083171
97,580.015,154.993,585.01544,143.993,5.0004272,-11.0,12.083222
97,580.01166,115.00244,585.01074,104.00187,4.9990845,-11.000572,12.083188
97,546.97876,148.00978,551.979,137.00978,5.000244,-11.0,12.083147
98,594.00336,120.0042,599.0051,112.00355,5.00177,-8.000656,9.435475
98,549.9875,120.00008,554.98834,112.000496,5.0008545,-7.9995804,9.434078
98,567.9991,145.994,572.99884,137.99469,4.999756,-7.9993134,9.4332695
98,567.9942,102.018166,572.99603,94.010956,5.001831,-8.00721,9.441066
98,564.9845,124.00102,569.9843,116.00088,4.999817,-8.000145,9.434007
98,585.01544,143.993,590.01526,135.992,4.999817,-8.000992,9.434725
98,585.01074,104.00187,590.00586,96.00213,4.995117,-7.9997406,9.431174
98,551.979,137.00978,556.97864,129.0102,4.999634,-7.999588,9.433437
99,599.0051,112.00355,602.00586,107.00378,3.0007324,-4.999771,5.8311324
99,554.98834,112.000496,557.98816,107.000626,2.999817,-4.9998703,5.8307467
99,572.99884,137.99469,575.99884,132.9967,3.0,-4.997986,5.829225
99,572.99603,94.010956,575.99567,88.99781,2.9996338,-5.0131454,5.84204
99,569.9843,116.00088,572.9837,111.00101,2.9993896,-4.9998703,5.830527
99,590.01526,135.992,593.0155,130.9959,3.0002441,-4.996109,5.8277416
99,590.00586,96.00213,593.0066,91.00113,3.0007324,-5.0009995,5.8321857
99,556.97864,129.0102,559.9812,124.01239,3.0025635,-4.9978027,5.8303876
100,602.00586,107.00378,602.00586,107.00378,0.0,0.0,0.0
100,557.98816,107.000626,557.98816,107.000626,0.0,0.0,0.0
100,575.99884,132.9967,575.99884,132.9967,0.0,0.0,0.0
100,575.99567,88.99781,575.99567,88.99781,0.0,0.0,0.0
100,572.9837,111.00101,572.9837,111.00101,0.0,0.0,0.0
100,593.0155,130.9959,593.0155,130.9959,0.0,0.0,0.0
100,593.0066,91.00113,593.0066,91.00113,0.0,0.0,0.0
100,559.9812,124.01239,559.9812,124.01239,0.0,0.0,0.0
101,602.00586,107.00378,602.0039,110.00402,-0.001953125,3.0002441,3.0002449
101,557.98816,107.000626,557.99023,110.00111,0.0020751953,3.0004807,3.0004814
101,575.99884,132.9967,575.9987,135.99744,-0.00012207031,3.0007324,3.0007324
101,575.99567,88.99781,575.99554,91.99771,-0.00012207031,2.9999008,2.9999008
101,572.9837,111.00101,572.9841,114.00091,0.00036621094,2.9999008,2.9999008
101,593.0155,130.9959,593.01697,133.99442,0.0014648438,2.99852,2.9985201
101,593.0066,91.00113,593.0063,94.00121,-0.00030517578,3.000084,3.000084
101,559.9812,124.01239,559.9827,127.01678,0.0015258789,3.004387,3.0043871
102,602.0039,110.00402,602.0018,116.00172,-0.0021362305,5.997696,5.997696
102,557.99023,110.00111,557.99176,116.00128,0.0015258789,6.0001755,6.000176
102,575.9987,135.99744,575.9987,141.99731,0.0,5.999878,5.999878
102,575.99554,91.99771,575.9935,98.00689,-0.0020141602,6.009178,6.0091786
102,572.9841,114.00091,572.98413,120.000946,6.1035156e-05,6.000038,6.000038
102,593.01697,133.99442,593.0167,139.99454,-0.00024414062,6.000122,6.000122
102,593.0063,94.00121,592.99805,99.990234,-0.008239746,5.9890213,5.989027
102,559.9827,127.01678,559.98193,133.01413,-0.00079345703,5.9973526,5.9973526
103,602.0018,116.00172,602.0062,126.00168,0.0044555664,9.999962,9.999963
103,557.99176,116.00128,557.99567,126.00079,0.00390625,9.999512,9.999513
103,575.9987,141.99731,575.9987,151.9973,0.0,9.999985,9.999985
103,575.9935,98.00689,575.99347,108.007256,-6.1035156e-05,10.000366,10.000366
103,572.98413,120.000946,572.9841,130.00085,-6.1035156e-05,9.999908,9.999908
103,593.0167,139.99454,593.0173,149.99426,0.0005493164,9.999725,9.999725
103,592.99805,99.990234,592.99786,109.99099,-0.00018310547,10.000755,10.000755
103,559.98193,133.01413,559.9821,143.01294,0.00018310547,9.99881,9.99881
104,602.0062,126.00168,602.00726,139.00127,0.0010375977,12.999588,12.999588
104,557.99567,126.00079,557.99274,138.99963,-0.0029296875,12.99884,12.998841
104,575.9987,151.9973,575.99884,164.99666,0.00012207031,12.999359,12.999359
104,575.99347,108.007256,575.99445,121.01063,0.0009765625,13.003372,13.003372
104,572.9841,130.00085,572.98364,143.00098,-0.0004272461,13.000122,13.000122
104,593.0173,149.99426,593.0185,162.99368,0.0012207031,12.99942,12.99942
104,592.99786,109.99099,593.0008,122.997665,0.0029296875,13.006676,13.006677
104,559.9821,143.01294,559.982,156.01024,-0.00012207031,12.997299,12.997299
105,602.00726,139.00127,602.00665,154.00136,-0.00061035156,15.000092,15.000092
105,557.99274,138.99963,557.99365,153.99979,0.00091552734,15.000153,15.000153
105,575.99884,164.99666,575.9991,179.99615,0.00024414062,14.999496,14.999496
105,575.99445,121.01063,575.9945,136.00986,6.1035156e-05,14.999229,14.999229
105,572.98364,143.00098,572.984,158.0009,0.00036621094,14.999924,14.999924
105,593.0185,162.99368,593.01825,177.99428,-0.00024414062,15.000595,15.000595
105,593.0008,122.997665,592.99945,137.99582,-0.0013427734,14.998154,14.998154
105,559.982,156.01024,559.9814,171.01067,-0.00061035156,15.000427,15.000427
106,602.00665,154.00136,602.00665,170.00136,0.0,16.0,16.0
106,557.99365,153.99979,557.994,170.00027,0.00036621094,16.000488,16.000488
106,575.9991,179.99615,575.99896,195.9964,-0.00012207031,16.000244,16.000244
106,575.9945,136.00986,575.99457,152.00987,6.1035156e-05,16.000015,16.000015
106,572.984,158.0009,572.984,174.00093,0.0,16.00003,16.00003
106,593.01825,177.99428,593.01965,193.99214,0.0014038086,15.997864,15.997864
106,592.99945,137.99582,592.99963,153.99599,0.00018310547,16.000168,16.000168
106,559.9814,171.01067,559.9797,187.00949,-0.0017089844,15.998825,15.998825
107,602.00665,170.00136,602.00604,185.00273,-0.00061035156,15.001373,15.001373
107,557.994,170.00027,557.987,185.00287,-0.007019043,15.002594,15.002595
107,575.99896,195.9964,575.9969,210.99933,-0.0020751953,15.00293,15.00293
107,575.99457,152.00987,575.99274,167.0099,-0.0018310547,15.0000305,15.0000305
107,572.984,174.00093,572.9864,189.00049,0.002380371,14.9995575,14.9995575
107,593.01965,193.99214,593.01385,209.0019,-0.00579834,15.009766,15.009767
107,592.99963,153.99599,593.01117,169.00021,0.0115356445,15.004227,15.004231
107,559.9797,187.00949,559.9779,202.00838,-0.0017700195,14.998886,14.998886
108,602.00604,185.00273,602.0043,201.00175,-0.0017700195,15.999023,15.999023
108,557.987,185.00287,557.9919,201.00215,0.0048828125,15.999283,15.999284
108,575.9969,210.99933,575.9968,226.99983,-6.1035156e-05,16.000504,16.000504
108,575.99274,167.0099,575.9975,183.01021,0.004760742,16.000305,16.000305
108,572.9864,189.00049,572.9855,204.99931,-0.00091552734,15.998825,15.998825
108,593.01385,209.0019,593.0141,225.00215,0.00024414062,16.000244,16.000244
108,593.01117,169.00021,593.0111,184.99846,-6.1035156e-05,15.998245,15.998245
108,559.9779,202.00838,559.9892,218.01422,0.011291504,16.005844,16.005848
109,602.0043,201.00175,602.0048,215.00201,0.0005493164,14.000259,14.000259
109,557.9919,201.00215,557.99084,215.00162,-0.0010375977,13.999466,13.999466
109,575.9968,226.99983,575.9971,240.99861,0.00024414062,13.998779,13.998779
109,575.9975,183.01021,575.9969,197.0168,-0.00061035156,14.006592,14.006592
109,572.9855,204.99931,572.9856,218.99947,0.00012207031,14.000153,14.000153
109,593.0141,225.00215,593.0118,239.00218,-0.002319336,14.0000305,14.0000305
109,593.0111,184.99846,593.0147,199.00063,0.0036010742,14.002167,14.002167
109,559.9892,218.01422,559.98944,232.01314,0.00024414062,13.998917,13.998917
110,602.0048,215.00201,602.00415,228.00195,-0.0006713867,12.999939,12.999939
110,557.99084,215.00162,557.99133,228.00163,0.00048828125,13.000015,13.000015
110,575.9971,240.99861,575.9967,253.99864,-0.00036621094,13.0000305,13.0000305
110,575.9969,197.0168,575.9967,210.0176,-0.00018310547,13.000793,13.000793
110,572.9856,218.99947,572.986,231.99936,0.0004272461,12.999893,12.999893
110,593.0118,239.00218,593.0136,252.00198,0.0018310547,12.999802,12.999802
110,593.0147,199.00063,593.0143,212.00073,-0.0004272461,13.000107,13.000107
110,559.98944,232.01314,559.9824,245.01067,-0.007019043,12.997528,12.99753
111,602.00415,228.00195,602.0047,237.00171,0.0005493164,8.999756,8.999756
111,557.99133,228.00163,557.99146,237.00085,0.00012207031,8.999222,8.999222
111,575.9967,253.99864,575.99695,262.9985,0.00024414062,8.999863,8.999863
111,575.9967,210.0176,575.9966,219.01573,-0.00012207031,8.998138,8.998138
111,572.986,231.99936,572.9855,240.99933,-0.0005493164,8.9999695,8.9999695
111,593.0136,252.00198,593.0174,261.00275,0.0037841797,9.000763,9.000764
111,593.0143,212.00073,593.01514,221.00012,0.0008544922,8.99939,8.99939
111,559.9824,245.01067,559.9845,254.00677,0.0020751953,8.996109,8.996109
112,602.0047,237.00171,602.004,243.00215,-0.0006713867,6.0004425,6.0004425
112,557.99146,237.00085,557.9906,243.00165,-0.0008544922,6.0007935,6.0007935
112,575.99695,262.9985,575.9968,268.99658,-0.00012207031,5.9980774,5.9980774
112,575.9966,219.01573,575.994,225.01453,-0.0025634766,5.9987946,5.998795
112,572.9855,240.99933,572.9852,246.99986,-0.00024414062,6.000534,6.000534
112,593.0174,261.00275,593.0174,267.0029,0.0,6.0001526,6.0001526
112,593.01514,221.00012,593.01074,226.99771,-0.0043945312,5.997589,5.997591
112,559.9845,254.00677,559.98444,260.00687,-6.1035156e-05,6.0000916,6.0000916
113,602.004,243.00215,602.00616,245.00201,0.0021362305,1.9998627,1.9998637
113,557.9906,243.00165,557.9972,245.00046,0.006591797,1.9988098,1.9988207
113,575.9968,268.99658,575.9977,270.9974,0.0008544922,2.000824,2.0008242
113,575.994,225.01453,575.994,227.01506,0.0,2.000534,2.000534
113,572.9852,246.99986,572.9852,248.99944,0.0,1.9995728,1.9995728
113,593.0174,267.0029,593.0158,269.00317,-0.0015869141,2.0002747,2.0002751
113,593.01074,226.99771,593.0103,228.99701,-0.0004272461,1.9992981,1.9992981
113,559.98444,260.00687,559.9843,262.00723,-0.00012207031,2.0003662,2.0003662
114,602.00616,245.00201,602.00543,244.0047,-0.0007324219,-0.99731445,0.99731475
114,557.9972,245.00046,557.9933,244.00204,-0.00390625,-0.9984131,0.9984207
114,575.9977,270.9974,575.99756,269.997,-0.00012207031,-1.0003967,1.0003967
114,575.994,227.01506,575.99347,226.02124,-0.0005493164,-0.9938202,0.99382037
114,572.9852,248.99944,572.98566,247.99953,0.0004272461,-0.99990845,0.9999085
114,593.0158,269.00317,593.0155,268.00296,-0.00030517578,-1.0002136,1.0002136
114,593.0103,228.99701,593.0098,228.00009,-0.00048828125,-0.9969177,0.99691784
114,559.9843,262.00723,559.98517,261.009,0.0008544922,-0.99823,0.99823034
115,602.00543,244.0047,602.0057,239.00494,0.00024414062,-4.999756,4.999756
115,557.9933,244.00204,557.9922,239.00224,-0.0010986328,-4.9998016,4.9998016
115,575.99756,269.997,575.9977,264.9975,0.00012207031,-4.9995117,4.9995117
115,575.99347,226.02124,575.9937,221.0198,0.00024414062,-5.0014343,5.0014343
115,572.98566,247.99953,572.9851,242.99962,-0.0005493164,-4.9999084,4.9999084
115,593.0155,268.00296,593.01654,263.0035,0.0010375977,-4.9994507,4.9994507
115,593.0098,228.00009,593.00885,222.99812,-0.0009765625,-5.0019684,5.0019684
115,559.98517,261.009,559.986,256.00833,0.0008544922,-5.0006714,5.0006714
116,602.0057,239.00494,602.0053,230.00447,-0.00036621094,-9.000473,9.000473
116,557.9922,239.00224,557.9962,230.00346,0.0040283203,-8.998779,8.99878
116,575.9977,264.9975,575.9974,255.99704,-0.00030517578,-9.000458,9.000458
116,575.9937,221.0198,575.9935,212.02141,-0.00018310547,-8.998398,8.998398
116,572.9851,242.99962,572.9853,233.99991,0.00018310547,-8.99971,8.99971
116,593.01654,263.0035,593.0167,254.00156,0.00018310547,-9.001953,9.001953
116,593.00885,222.99812,593.009,213.99925,0.00012207031,-8.998871,8.998871
116,559.986,256.00833,559.9855,247.01215,-0.0005493164,-8.996185,8.996185
117,602.0053,230.00447,602.006,219.00406,0.0006713867,-11.000412,11.000412
117,557.9962,230.00346,557.9962,219.00285,0.0,-11.00061,11.00061
117,575.9974,255.99704,575.9974,244.99748,0.0,-10.9995575,10.9995575
117,575.9935,212.02141,575.9937,201.01958,0.00018310547,-11.001831,11.001831
117,572.9853,233.99991,572.9848,223.0,-0.00048828125,-10.999908,10.999908
117,593.0167,254.00156,593.018,243.00214,0.0012817383,-10.99942,10.99942
117,593.009,213.99925,593.00946,202.99783,0.00048828125,-11.001419,11.001419
117,559.9855,247.01215,559.98706,236.01265,0.0015869141,-10.999496,10.999496
118,602.006,219.00406,602.0059,205.00354,-6.1035156e-05,-14.000519,14.000519
118,557.9962,219.00285,557.99603,205.00221,-0.00018310547,-14.000641,14.000641
118,575.9974,244.99748,575.9973,230.9983,-6.1035156e-05,-13.999176,13.999176
118,575.9937,201.01958,575.9937,187.02065,0.0,-13.998932,13.998932
118,572.9848,223.0,572.98456,208.99962,-0.00024414062,-14.000381,14.000381
118,593.018,243.00214,593.01843,229.00143,0.0004272461,-14.000702,14.000702
118,593.00946,202.99783,593.0096,188.99777,0.00012207031,-14.000061,14.000061
118,559.98706,236.01265,559.9863,222.01215,-0.0007324219,-14.000504,14.000504
119,602.0059,205.00354,602.0025,189.0041,-0.0034179688,-15.999435,15.999435
119,557.99603,205.00221,557.9919,189.00081,-0.0041503906,-16.001404,16.001404
119,575.9973,230.9983,575.9966,214.99867,-0.0007324219,-15.999634,15.999634
119,575.9937,187.02065,575.99426,171.00627,0.0005493164,-16.014374,16.014374
119,572.98456,208.99962,572.98444,193.00247,-0.00012207031,-15.997147,15.997147
119,593.01843,229.00143,593.016,212.99348,-0.0024414062,-16.00795,16.00795
119,593.0096,188.99777,593.00757,172.99417,-0.0020141602,-16.003601,16.003601
119,559.9863,222.01215,559.98425,206.00832,-0.0020751953,-16.00383,16.00383
120,602.0025,189.0041,602.00116,174.0041,-0.0013427734,-15.0,15.0
120,557.9919,189.00081,557.9987,174.00194,0.0068359375,-14.998871,14.998873
120,575.9966,214.99867,575.9966,199.99855,0.0,-15.000122,15.000122
120,575.99426,171.00627,575.9958,156.00894,0.0015258789,-14.99733,14.99733
120,572.98444,193.00247,572.98474,178.00244,0.00030517578,-15.0000305,15.0000305
120,593.016,212.99348,593.0163,197.99286,0.00030517578,-15.000626,15.000626
120,593.00757,172.99417,593.00775,157.99983,0.00018310547,-14.994339,14.994339
120,559.98425,206.00832,559.9839,191.0097,-0.00036621094,-14.998611,14.998611
121,602.00116,174.0041,602.00275,158.00375,0.0015869141,-16.00035,16.00035
121,557.9987,174.00194,557.9984,158.00203,-0.00030517578,-15.999908,15.999908
121,575.9966,199.99855,575.9966,183.9984,0.0,-16.000153,16.000153
121,575.9958,156.00894,575.9958,140.00897,0.0,-15.9999695,15.9999695
121,572.98474,178.00244,572.98474,162.00244,0.0,-16.0,16.0
121,593.0163,197.99286,593.0173,181.99226,0.0009765625,-16.000595,16.000595
121,593.00775,157.99983,593.00977,142.0002,0.0020141602,-15.999634,15.999634
121,559.9839,191.0097,559.9839,175.00961,0.0,-16.000092,16.000092
122,602.00275,158.00375,602.0028,142.00374,6.1035156e-05,-16.000015,16.000015
122,557.9984,158.00203,557.99835,142.00208,-6.1035156e-05,-15.999954,15.999954
122,575.9966,183.9984,575.9966,167.99846,0.0,-15.999939,15.999939
122,575.9958,140.00897,575.99457,124.00761,-0.0012207031,-16.001366,16.001366
122,572.98474,162.00244,572.9847,146.00247,-6.1035156e-05,-15.9999695,15.9999695
122,593.0173,181.99226,593.01697,165.99243,-0.00030517578,-15.999832,15.999832
122,593.00977,142.0002,593.01135,126.00209,0.0015869141,-15.998108,15.998108
122,559.9839,175.00961,559.9833,159.0089,-0.00061035156,-16.000717,16.000717
123,602.0028,142.00374,602.0004,129.00412,-0.002380371,-12.999619,12.999619
123,557.99835,142.00208,558.00006,128.99979,0.0017089844,-13.002289,13.002289
123,575.9966,167.99846,575.9966,154.99873,0.0,-12.999725,12.999725
123,575.99457,124.00761,575.9926,111.00938,-0.001953125,-12.99823,12.99823
123,572.9847,146.00247,572.9832,133.00279,-0.0014648438,-12.99968,12.99968
123,593.01697,165.99243,593.01776,152.99295,0.00079345703,-12.999481,12.999481
123,593.01135,126.00209,593.00385,112.99639,-0.007507324,-13.005699,13.005701
123,559.9833,159.0089,559.9843,146.00761,0.0010375977,-13.001282,13.001282
124,602.0004,129.00412,602.001,119.00425,0.0005493164,-9.99987,9.99987
124,558.00006,128.99979,557.9994,119.00055,-0.0006713867,-9.999237,9.999237
124,575.9966,154.99873,575.99664,144.99785,6.1035156e-05,-10.000885,10.000885
124,575.9926,111.00938,575.99176,101.0007,-0.0008544922,-10.008675,10.008675
124,572.9832,133.00279,572.9833,123.003235,6.1035156e-05,-9.9995575,9.9995575
124,593.01776,152.99295,593.0174,142.99388,-0.00036621094,-9.999069,9.999069
124,593.00385,112.99639,593.0048,102.9968,0.0009765625,-9.999588,9.999588
124,559.9843,146.00761,559.9814,136.00623,-0.0029296875,-10.001389,10.001389
125,602.001,119.00425,602.00134,111.00433,0.00036621094,-7.999916,7.999916
125,557.9994,119.00055,558.00024,111.00002,0.0008544922,-8.000526,8.000526
125,575.99664,144.99785,575.99664,136.99786,0.0,-7.9999847,7.9999847
125,575.99176,101.0007,575.99347,93.01315,0.0017089844,-7.987549,7.9875493
125,572.9833,123.003235,572.9833,115.00322,0.0,-8.000015,8.000015
125,593.0174,142.99388,593.0172,134.9938,-0.00018310547,-8.000076,8.000076
125,593.0048,102.9968,593.00525,94.996704,0.0004272461,-8.000099,8.000099
125,559.9814,136.00623,559.9818,128.00793,0.0004272461,-7.998291,7.998291
126,602.00134,111.00433,602.0017,107.004425,0.00036621094,-3.9999084,3.9999084
126,558.00024,111.00002,558.0002,107.000114,-6.1035156e-05,-3.9999084,3.9999084
126,575.99664,136.99786,575.99664,132.99782,0.0,-4.000046,4.000046
126,575.99347,93.01315,575.99347,89.01347,0.0,-3.9996796,3.9996796
126,572.9833,115.00322,572.9833,111.00341,0.0,-3.9998093,3.9998093
126,593.0172,134.9938,593.02,130.99313,0.0028076172,-4.0006714,4.0006723
126,593.00525,94.996704,593.00494,90.99685,-0.00030517578,-3.999855,3.999855
126,559.9818,128.00793,559.9813,124.00793,-0.00048828125,-4.0000076,4.0000076
127,602.0017,107.004425,602.0017,107.00435,0.0,-7.6293945e-05,7.6293945e-05
127,558.0002,107.000114,558.0002,107.00014,0.0,2.2888184e-05,2.2888184e-05
127,575.99664,132.99782,575.99664,132.99782,0.0,0.0,0.0
127,575.99347,89.01347,575.99347,89.01346,0.0,-1.5258789e-05,1.5258789e-05
127,572.9833,111.00341,572.9833,111.00346,0.0,5.340576e-05,5.340576e-05
127,593.02,130.99313,593.02045,130.99326,0.0004272461,0.00012207031,0.00044434264
127,593.00494,90.99685,593.00494,90.99686,0.0,7.6293945e-06,7.6293945e-06
127,559.9813,124.00793,559.98126,124.00772,-6.1035156e-05,-0.00020599365,0.0002148457
128,602.0017,107.00435,602.00165,111.00423,-6.1035156e-05,3.999878,3.999878
128,558.0002,107.00014,557.99805,111.00037,-0.0021362305,4.000229,4.0002294
128,575.99664,132.99782,575.9967,136.99779,6.1035156e-05,3.9999695,3.9999695
128,575.99347,89.01346,575.9929,93.01256,-0.0005493164,3.9990997,3.9990997
128,572.9833,111.00346,572.9834,115.0036,0.00012207031,4.0001373,4.0001373
128,593.02045,130.99326,593.0194,134.99272,-0.0010375977,3.999466,3.999466
128,593.00494,90.99686,593.00525,94.9968,0.00030517578,3.9999466,3.9999466
128,559.98126,124.00772,559.9759,128.00185,-0.0053710938,3.9941254,3.994129
129,602.00165,111.00423,602.00116,118.00446,-0.00048828125,7.0002365,7.0002365
129,557.99805,111.00037,557.99774,117.99971,-0.00030517578,6.999344,6.999344
129,575.9967,136.99779,575.9967,143.99765,0.0,6.9998627,6.9998627
129,575.9929,93.01256,575.99286,100.01255,-6.1035156e-05,6.9999924,6.9999924
129,572.9834,115.0036,572.98376,122.00334,0.00036621094,6.9997406,6.9997406
129,593.0194,134.99272,593.01904,141.99298,-0.00036621094,7.0002594,7.0002594
129,593.00525,94.9968,593.0046,101.99695,-0.0006713867,7.000145,7.000145
129,559.9759,128.00185,559.973,135.00099,-0.0028686523,6.9991455,6.999146
130,602.00116,118.00446,602.0031,128.00453,0.001953125,10.000069,10.000069
130,557.99774,117.99971,557.9932,127.999146,-0.0045166016,9.999435,9.999436
130,575.9967,143.99765,575.9967,153.99767,0.0,10.000015,10.000015
130,575.99286,100.01255,575.9931,110.01326,0.00024414062,10.00071,10.00071
130,572.98376,122.00334,572.98395,132.00337,0.00018310547,10.0000305,10.0000305
130,593.01904,141.99298,593.0199,151.99222,0.0008544922,9.999237,9.999237
130,593.0046,101.99695,593.0068,111.998276,0.0021972656,10.0013275,10.0013275
130,559.973,135.00099,559.9761,145.00156,0.0030517578,10.000565,10.000565
131,602.0031,128.00453,602.00507,141.00395,0.001953125,12.99942,12.99942
131,557.9932,127.999146,557.99335,141.00166,0.00012207031,13.002518,13.002518
131,575.9967,153.99767,575.9967,166.9979,0.0,13.000229,13.000229
131,575.9931,110.01326,575.99475,123.00582,0.0016479492,12.992561,12.992561
131,572.98395,132.00337,572.98376,145.00432,-0.00018310547,13.000946,13.000946
131,593.0199,151.99222,593.01807,164.99348,-0.0018310547,13.0012665,13.0012665
131,593.0068,111.998276,593.01276,124.99569,0.0059814453,12.997414,12.997415
131,559.9761,145.00156,559.9828,158.00598,0.006713867,13.004425,13.004427
132,602.00507,141.00395,602.00446,156.00412,-0.00061035156,15.000168,15.000168
132,557.99335,141.00166,557.99493,156.0001,0.0015869141,14.998444,14.998444
132,575.9967,166.9979,575.9977,181.99545,0.0009765625,14.997559,14.997559
132,575.99475,123.00582,575.99445,138.00706,-0.00030517578,15.001244,15.001244
132,572.98376,145.00432,572.98425,160.00397,0.00048828125,14.999649,14.999649
132,593.01807,164.99348,593.0181,179.99416,6.1035156e-05,15.000671,15.000671
132,593.01276,124.99569,593.0134,139.99684,0.0006713867,15.001152,15.001152
132,559.9828,158.00598,559.98254,173.00291,-0.00024414062,14.996933,14.996933
133,602.00446,156.00412,602.00446,172.0041,0.0,15.999985,15.999985
133,557.99493,156.0001,557.99493,172.00014,0.0,16.00003,16.00003
133,575.9977,181.99545,575.9971,197.9968,-0.00061035156,16.001343,16.001343
133,575.99445,138.00706,575.99445,154.00702,0.0,15.999954,15.999954
133,572.98425,160.00397,572.9843,176.004,6.1035156e-05,16.00003,16.00003
133,593.0181,179.99416,593.019,195.99364,0.0008544922,15.999481,15.999481
133,593.0134,139.99684,593.0134,155.99681,0.0,15.9999695,15.9999695
133,559.98254,173.00291,559.98175,189.00589,-0.00079345703,16.002975,16.002975
134,602.00446,172.0041,602.0026,188.00465,-0.0018310547,16.00055,16.00055
134,557.99493,172.00014,557.99713,188.00061,0.0021972656,16.000473,16.000473
134,575.9971,197.9968,575.9971,213.99684,0.0,16.000046,16.000046
134,575.99445,154.00702,575.9944,170.00676,-6.1035156e-05,15.999741,15.999741
134,572.9843,176.004,572.98425,192.00394,-6.1035156e-05,15.999939,15.999939
134,593.019,195.99364,593.0189,211.99373,-6.1035156e-05,16.000092,16.000092
134,593.0134,155.99681,593.0084,171.99532,-0.005004883,15.998505,15.998506
134,559.98175,189.00589,559.98083,205.0056,-0.00091552734,15.99971,15.99971
135,602.0026,188.00465,602.00555,203.00418,0.0029296875,14.999527,14.999528
135,557.99713,188.00061,557.9925,203.00015,-0.004638672,14.999542,14.999543
135,575.9971,213.99684,575.997,228.99706,-6.1035156e-05,15.000214,15.000214
135,575.9944,170.00676,575.9944,185.00777,0.0,15.001007,15.001007
135,572.98425,192.00394,572.9838,207.00412,-0.0004272461,15.000183,15.000183
135,593.0189,211.99373,593.0198,226.99414,0.0008544922,15.000412,15.000412
135,593.0084,171.99532,593.0157,186.99785,0.0072631836,15.002533,15.002534
135,559.98083,205.0056,559.9808,220.00522,-6.1035156e-05,14.999619,14.999619
136,602.00555,203.00418,602.00555,217.00427,0.0,14.000092,14.000092
136,557.9925,203.00015,557.9929,217.00029,0.0004272461,14.000137,14.000137
136,575.997,228.99706,575.99695,242.99681,-6.1035156e-05,13.999756,13.999756
136,575.9944,185.00777,575.99475,199.0083,0.00036621094,14.000534,14.000534
136,572.9838,207.00412,572.98364,221.00356,-0.00018310547,13.999435,13.999435
136,593.0198,226.99414,593.0195,240.99341,-0.00030517578,13.999268,13.999268
136,593.0157,186.99785,593.0186,201.00003,0.0029296875,14.002182,14.002182
136,559.9808,220.00522,559.98065,234.00504,-0.00012207031,13.999817,13.999817
137,602.00555,217.00427,602.0053,229.0042,-0.00024414062,11.999924,11.999924
137,557.9929,217.00029,557.9926,229.00015,-0.00030517578,11.999863,11.999863
137,575.99695,242.99681,575.99695,254.99646,0.0,11.999649,11.999649
137,575.99475,199.0083,575.99493,211.00868,0.00018310547,12.000381,12.000381
137,572.98364,221.00356,572.9837,233.0036,6.1035156e-05,12.000046,12.000046
137,593.0195,240.99341,593.0203,252.99272,0.0008544922,11.999313,11.999313
137,593.0186,201.00003,593.017,212.99918,-0.0015869141,11.9991455,11.9991455
137,559.98065,234.00504,559.98083,246.0105,0.00018310547,12.005463,12.005463
138,602.0053,229.0042,602.00476,238.00397,-0.0005493164,8.999771,8.999771
138,557.9926,229.00015,557.99347,238.00021,0.0008544922,9.000061,9.000061
138,575.99695,254.99646,575.9969,263.99634,-6.1035156e-05,8.999878,8.999878
138,575.99493,211.00868,575.99493,220.00972,0.0,9.001038,9.001038
138,572.9837,233.0036,572.98413,242.00363,0.0004272461,9.0000305,9.0000305
138,593.0203,252.99272,593.02075,261.99194,0.0004272461,8.999222,8.999222
138,593.017,212.99918,593.0164,221.99934,-0.00061035156,9.000168,9.000168
138,559.98083,246.0105,559.98096,255.01247,0.00012207031,9.001968,9.001968
139,602.00476,238.00397,602.00507,244.0039,0.00030517578,5.999939,5.999939
139,557.99347,238.00021,557.9923,244.001,-0.001159668,6.0007935,6.0007935
139,575.9969,263.99634,575.9968,269.99634,-6.1035156e-05,6.0,6.0
139,575.99493,220.00972,575.9945,226.01207,-0.0004272461,6.00235,6.00235
139,572.98413,242.00363,572.9842,248.00366,6.1035156e-05,6.0000305,6.0000305
139,593.02075,261.99194,593.0206,267.99203,-0.00012207031,6.0000916,6.0000916
139,593.0164,221.99934,593.01685,228.00041,0.0004272461,6.001068,6.001068
139,559.98096,255.01247,559.9816,261.01068,0.0006713867,5.9982147,5.9982147
140,602.00507,244.0039,602.00476,244.99991,-0.00030517578,0.9960022,0.99600226
140,557.9923,244.001,557.9918,244.99901,-0.00048828125,0.9980011,0.9980012
140,575.9968,269.99634,575.9968,270.99652,0.0,1.0001831,1.0001831
140,575.9945,226.01207,575.9944,227.01175,-0.00012207031,0.99967957,0.99967957
140,572.9842,248.00366,572.9837,249.00363,-0.00048828125,0.9999695,0.9999696
140,593.0206,267.99203,593.02075,268.99243,0.00012207031,1.0003967,1.0003967
140,593.01685,228.00041,593.01776,229.00055,0.00091552734,1.0001373,1.0001377
140,559.9816,261.01068,559.9819,262.00977,0.00024414062,0.9990845,0.9990845
141,602.00476,244.99991,602.003,243.00188,-0.0017700195,-1.9980316,1.9980323
141,557.9918,244.99901,557.99316,243.0002,0.0013427734,-1.9988098,1.9988103
141,575.9968,270.99652,575.99664,268.99423,-0.00018310547,-2.0022888,2.0022888
141,575.9944,227.01175,575.99365,225.01309,-0.0007324219,-1.9986572,1.9986573
141,572.9837,249.00363,572.9836,247.00423,-0.00012207031,-1.9994049,1.9994049
141,593.02075,268.99243,593.0203,266.99326,-0.0004272461,-1.999176,1.9991761
141,593.01776,229.00055,593.0101,226.99774,-0.0076904297,-2.0028076,2.0028224
141,559.9819,262.00977,559.9818,260.00983,-6.1035156e-05,-1.999939,1.999939
142,602.003,243.00188,602.0031,238.00215,0.00012207031,-4.9997253,4.9997253
142,557.99316,243.0002,557.99457,237.99988,0.0014038086,-5.0003204,5.0003204
142,575.99664,268.99423,575.99664,263.99414,0.0,-5.0000916,5.0000916
142,575.99365,225.01309,575.99384,220.0149,0.00018310547,-4.9981995,4.9981995
142,572.9836,247.00423,572.984,242.00409,0.0004272461,-5.0001373,5.0001373
142,593.0203,266.99326,593.02045,261.99268,0.00012207031,-5.00058,5.00058
142,593.0101,226.99774,593.0111,221.99974,0.0010375977,-4.998001,4.998001
142,559.9818,260.00983,559.9807,255.01001,-0.0010986328,-4.999817,4.999817
143,602.0031,238.00215,602.00696,229.00238,0.0038452148,-8.999771,8.999772
143,557.99457,237.99988,557.9952,229.0011,0.00061035156,-8.998779,8.998779
143,575.99664,263.99414,575.99725,254.99776,0.00061035156,-8.996384,8.996384
143,575.99384,220.0149,575.9938,211.00989,-6.1035156e-05,-9.005005,9.005005
143,572.984,242.00409,572.98346,233.00406,-0.0005493164,-9.0000305,9.0000305
143,593.02045,261.99268,593.019,252.99272,-0.0014648438,-8.999954,8.999954
143,593.0111,221.99974,593.01935,213.0007,0.008239746,-8.999039,8.9990425
143,559.9807,255.01001,559.97595,245.9977,-0.004760742,-9.012314,9.012315
144,602.00696,229.00238,602.00665,217.00241,-0.00030517578,-11.9999695,11.9999695
144,557.9952,229.0011,558.00555,216.99675,0.010375977,-12.004349,12.004354
144,575.99725,254.99776,575.99725,242.9981,0.0,-11.999664,11.999664
144,575.9938,211.00989,575.99207,199.00754,-0.0017089844,-12.00235,12.00235
144,572.98346,233.00406,572.9835,221.00214,6.1035156e-05,-12.001923,12.001923
144,593.019,252.99272,593.01886,240.99286,-0.00012207031,-11.999863,11.999863
144,593.01935,213.0007,593.0152,201.00218,-0.0041503906,-11.99852,11.998521
144,559.97595,245.9977,559.9795,233.99994,0.003540039,-11.997757,11.997757
145,602.00665,217.00241,602.0058,202.0026,-0.0008544922,-14.999817,14.999817
145,558.00555,216.99675,558.0044,201.99966,-0.001159668,-14.997086,14.997086
145,575.99725,242.9981,575.9971,227.99884,-0.00018310547,-14.999252,14.999252
145,575.99207,199.00754,575.99304,184.01614,0.0009765625,-14.991394,14.991394
145,572.9835,221.00214,572.98395,206.00215,0.0004272461,-14.999985,14.999985
145,593.01886,240.99286,593.01935,225.99294,0.00048828125,-14.999924,14.999924
145,593.0152,201.00218,593.0194,186.00919,0.004211426,-14.992996,14.992996
145,559.9795,233.99994,559.97906,219.00195,-0.0004272461,-14.997986,14.997986
146,602.0058,202.0026,602.00653,187.00275,0.0007324219,-14.999847,14.999847
146,558.0044,201.99966,558.0068,186.99931,0.002380371,-15.000351,15.000351
146,575.9971,227.99884,575.9972,212.99815,0.00012207031,-15.000687,15.000687
146,575.99304,184.01614,575.9928,169.00958,-0.00024414062,-15.006561,15.006561
146,572.98395,206.00215,572.9835,191.00238,-0.0004272461,-14.999771,14.999771
146,593.01935,225.99294,593.0205,210.99234,0.001159668,-15.000595,15.000595
146,593.0194,186.00919,593.01715,171.00093,-0.0022583008,-15.008255,15.008255
146,559.97906,219.00195,559.97894,203.99925,-0.00012207031,-15.002701,15.002701
147,602.00653,187.00275,602.0081,171.00215,0.0015869141,-16.000595,16.000595
147,558.0068,186.99931,558.0044,170.99889,-0.002380371,-16.000427,16.000427
147,575.9972,212.99815,575.99725,196.99792,6.1035156e-05,-16.000229,16.000229
147,575.9928,169.00958,575.9931,153.01025,0.00030517578,-15.999329,15.999329
147,572.9835,191.00238,572.98364,175.00247,0.00012207031,-15.999908,15.999908
147,593.0205,210.99234,593.0204,194.99202,-0.00012207031,-16.00032,16.00032
147,593.01715,171.00093,593.01825,155.00046,0.0010986328,-16.000473,16.000473
147,559.97894,203.99925,559.97577,187.99643,-0.0031738281,-16.002823,16.002823
148,602.0081,171.00215,602.0085,155.00217,0.00036621094,-15.999985,15.999985
148,558.0044,170.99889,558.0041,154.9989,-0.00030517578,-15.999985,15.999985
148,575.99725,196.99792,575.9977,180.99634,0.0004272461,-16.001587,16.001587
148,575.9931,153.01025,575.9931,137.01031,0.0,-15.999939,15.999939
148,572.98364,175.00247,572.98364,159.00256,0.0,-15.999908,15.999908
148,593.0204,194.99202,593.022,178.9927,0.0015869141,-15.999313,15.999313
148,593.01825,155.00046,593.0182,139.00044,-6.1035156e-05,-16.000015,16.000015
148,559.97577,187.99643,559.9742,171.99214,-0.0015869141,-16.004288,16.004288
149,602.0085,155.00217,602.00806,140.00209,-0.0004272461,-15.000076,15.000076
149,558.0041,154.9989,558.00354,139.99776,-0.0005493164,-15.001144,15.001144
149,575.9977,180.99634,575.99713,165.99834,-0.0005493164,-14.998001,14.998001
149,575.9931,137.01031,575.99567,122.00951,0.0025634766,-15.000809,15.000809
149,572.98364,159.00256,572.98395,144.00246,0.00030517578,-15.000107,15.000107
149,593.022,178.9927,593.02295,163.99286,0.0009765625,-14.999847,14.999847
149,593.0182,139.00044,593.0185,124.005196,0.00030517578,-14.995247,14.995247
149,559.9742,171.99214,559.975,156.99535,0.00079345703,-14.996796,14.996796
150,602.00806,140.00209,602.008,127.00192,-6.1035156e-05,-13.000168,13.000168
150,558.00354,139.99776,558.0025,126.99772,-0.0010375977,-13.000038,13.000038
150,575.99713,165.99834,575.99725,152.99776,0.00012207031,-13.00058,13.00058
150,575.99567,122.00951,575.99457,109.00831,-0.0010986328,-13.001198,13.001198
150,572.98395,144.00246,572.98303,131.00235,-0.00091552734,-13.000107,13.000107
150,593.02295,163.99286,593.02423,150.9923,0.0012817383,-13.000565,13.000565
150,593.0185,124.005196,593.01105,110.99866,-0.007446289,-13.006538,13.006541
150,559.975,156.99535,559.97546,143.99387,0.00048828125,-13.00148,13.00148
151,602.008,127.00192,602.00745,117.001495,-0.0005493164,-10.000427,10.000427
151,558.0025,126.99772,558.00446,116.99766,0.001953125,-10.000061,10.000061
151,575.99725,152.99776,575.9972,142.99849,-6.1035156e-05,-9.999268,9.999268
151,575.99457,109.00831,575.99304,98.996315,-0.0015258789,-10.011993,10.011993
151,572.98303,131.00235,572.98285,121.00188,-0.00018310547,-10.000473,10.000473
151,593.02423,150.9923,593.0243,140.99147,6.1035156e-05,-10.000824,10.000824
151,593.01105,110.99866,593.01263,100.99891,0.0015869141,-9.999748,9.999748
151,559.97546,143.99387,559.9765,133.99463,0.0010375977,-9.999237,9.999237
152,602.00745,117.001495,602.00696,110.001274,-0.00048828125,-7.0002213,7.0002213
152,558.00446,116.99766,558.00433,109.997574,-0.00012207031,-7.000084,7.000084
152,575.9972,142.99849,575.997,135.99692,-0.00018310547,-7.0015717,7.0015717
152,575.99304,98.996315,575.9947,92.00518,0.0016479492,-6.9911346,6.991135
152,572.98285,121.00188,572.9833,114.001854,0.0004272461,-7.000023,7.000023
152,593.0243,140.99147,593.02563,133.98906,0.0013427734,-7.002411,7.002411
152,593.01263,100.99891,593.0112,93.998375,-0.0014038086,-7.000534,7.0005345
152,559.9765,133.99463,559.9719,126.993416,-0.0045776367,-7.001213,7.0012145
153,602.00696,110.001274,602.0078,107.00082,0.0008544922,-3.0004578,3.000458
153,558.00433,109.997574,558.0042,106.99633,-0.00012207031,-3.0012436,3.0012436
153,575.997,135.99692,575.9975,132.99757,0.00048828125,-2.9993439,2.9993439
153,575.9947,92.00518,575.99493,89.005226,0.00024414062,-2.9999542,2.9999542
153,572.9833,114.001854,572.9827,111.002014,-0.0005493164,-2.9998398,2.9998398
153,593.02563,133.98906,593.0314,130.9899,0.0057373047,-2.9991608,2.9991665
153,593.0112,93.998375,593.013,90.99853,0.0017700195,-2.9998474,2.999848
153,559.9719,126.993416,559.97546,123.9929,0.003540039,-3.0005188,3.0005207
154,602.0078,107.00082,602.00775,107.000725,-6.1035156e-05,-9.1552734e-05,0.00011003269
154,558.0042,106.99633,558.0042,106.9963,0.0,-3.0517578e-05,3.0517578e-05
154,575.9975,132.99757,575.9975,132.99756,0.0,-1.5258789e-05,1.5258789e-05
154,575.99493,89.005226,575.99493,89.00527,0.0,4.5776367e-05,4.5776367e-05
154,572.9827,111.002014,572.9827,111.00195,0.0,-6.1035156e-05,6.1035156e-05
154,593.0314,130.9899,593.0296,130.99054,-0.0017700195,0.00064086914,0.0018824671
154,593.013,90.99853,593.01294,90.99847,-6.1035156e-05,-6.1035156e-05,8.6316744e-05
154,559.97546,123.9929,559.9755,123.992874,6.1035156e-05,-2.2888184e-05,6.518557e-05
155,602.00775,107.000725,602.00684,111.00053,-0.00091552734,3.9998016,3.9998016
155,558.0042,106.9963,557.9892,111.001854,-0.015014648,4.005554,4.0055823
155,575.9975,132.99756,575.99664,136.99402,-0.0008544922,3.99646,3.99646
155,575.99493,89.00527,575.9942,93.00474,-0.0007324219,3.999466,3.999466
155,572.9827,111.00195,572.9861,115.00232,0.0033569336,4.000366,4.0003676
155,593.0296,130.99054,593.0289,134.99725,-0.0007324219,4.006714,4.006714
155,593.01294,90.99847,593.01666,94.99778,0.0037231445,3.9993134,3.999315
155,559.9755,123.992874,559.9703,127.9927,-0.0052490234,3.9998245,3.9998279
156,602.00684,111.00053,602.0072,119.00055,0.00036621094,8.000023,8.000023
156,557.9892,111.001854,557.9893,119.000626,0.00012207031,7.9987717,7.9987717
156,575.99664,136.99402,575.9967,144.99397,6.1035156e-05,7.999954,7.999954
156,575.9942,93.00474,575.9942,101.00454,0.0,7.9998016,7.9998016
156,572.9861,115.00232,572.9861,123.002396,0.0,8.000076,8.000076
156,593.0289,134.99725,593.02905,142.99722,0.00018310547,7.9999695,7.9999695
156,593.01666,94.99778,593.01654,102.99771,-0.00012207031,7.9999313,7.9999313
156,559.9703,127.9927,559.96765,135.99086,-0.0026245117,7.9981613,7.998162
157,602.0072,119.00055,602.00696,130.00046,-0.00024414062,10.999908,10.999908
157,557.9893,119.000626,557.992,130.001,0.0026855469,11.000381,11.000381
157,575.9967,144.99397,575.9967,155.99374,0.0,10.999771,10.999771
157,575.9942,101.00454,575.994,112.00445,-0.00018310547,10.999908,10.999908
157,572.9861,123.002396,572.9867,134.00253,0.00061035156,11.000137,11.000137
157,593.02905,142.99722,593.02936,153.99702,0.00030517578,10.999802,10.999802
157,593.01654,102.99771,593.0151,113.99597,-0.0014648438,10.9982605,10.9982605
157,559.96765,135.99086,559.96704,146.99152,-0.00061035156,11.000656,11.000656
158,602.00696,130.00046,602.0087,143.00006,0.0017700195,12.999603,12.999603
158,557.992,130.001,557.9907,143.00095,-0.0012817383,12.999939,12.999939
158,575.9967,155.99374,575.9967,168.99403,0.0,13.00029,13.00029
158,575.994,112.00445,575.99316,125.001785,-0.0008544922,12.997337,12.997337
158,572.9867,134.00253,572.9857,147.00212,-0.0009765625,12.999588,12.999588
158,593.02936,153.99702,593.02985,166.99747,0.00048828125,13.0004425,13.0004425
158,593.0151,113.99597,593.0164,126.99605,0.0013427734,13.000076,13.000076
158,559.96704,146.99152,559.9678,159.99179,0.0007324219,13.000275,13.000275
159,602.0087,143.00006,602.00793,159.00035,-0.00079345703,16.00029,16.00029
159,557.9907,143.00095,557.9909,159.00092,0.00018310547,15.9999695,15.9999695
159,575.9967,168.99403,575.9969,184.99431,0.00018310547,16.000275,16.000275
159,575.99316,125.001785,575.993,140.9998,-0.00018310547,15.998016,15.998016
159,572.9857,147.00212,572.9858,163.00226,6.1035156e-05,16.000137,16.000137
159,593.02985,166.99747,593.0296,182.99754,-0.00024414062,16.000076,16.000076
159,593.0164,126.99605,593.01526,142.99251,-0.001159668,15.99646,15.99646
159,559.9678,159.99179,559.9677,175.99176,-6.1035156e-05,15.9999695,15.9999695
160,602.00793,159.00035,602.00793,175.00035,0.0,16.0,16.0
160,557.9909,159.00092,557.9908,175.0009,-0.00012207031,15.999985,15.999985
160,575.9969,184.99431,575.9968,200.99445,-6.1035156e-05,16.000137,16.000137
160,575.993,140.9998,575.993,156.99995,0.0,16.000153,16.000153
160,572.9858,163.00226,572.9858,179.00237,0.0,16.000107,16.000107
160,593.0296,182.99754,593.03015,198.99733,0.0005493164,15.999786,15.999786
160,593.01526,142.99251,593.01556,158.99242,0.00030517578,15.999908,15.999908
160,559.9677,175.99176,559.967,191.99109,-0.0007324219,15.999329,15.999329
161,602.00793,175.00035,602.008,190.00018,6.1035156e-05,14.999832,14.999832
161,557.9908,175.0009,557.99023,190.0005,-0.0005493164,14.999603,14.999603
161,575.9968,200.99445,575.9968,215.99428,0.0,14.999832,14.999832
161,575.993,156.99995,575.993,171.9998,0.0,14.999847,14.999847
161,572.9858,179.00237,572.9864,194.00267,0.00061035156,15.000305,15.000305
161,593.03015,198.99733,593.031,213.997,0.0008544922,14.999664,14.999664
161,593.01556,158.99242,593.0155,173.99191,-6.1035156e-05,14.999496,14.999496
161,559.967,191.99109,559.96643,206.99147,-0.0005493164,15.000381,15.000381
162,602.008,190.00018,602.0081,205.00027,0.00012207031,15.000092,15.000092
162,557.99023,190.0005,557.992,205.0011,0.0017700195,15.000595,15.000595
162,575.9968,215.99428,575.9968,230.99463,0.0,15.000351,15.000351
162,575.993,171.9998,575.99304,186.99985,6.1035156e-05,15.000046,15.000046
162,572.9864,194.00267,572.9858,209.00258,-0.00061035156,14.999908,14.999908
162,593.031,213.997,593.03156,228.99733,0.0005493164,15.000336,15.000336
162,593.0155,173.99191,593.01556,188.99226,6.1035156e-05,15.000351,15.000351
162,559.96643,206.99147,559.96716,221.99185,0.0007324219,15.000381,15.000381
163,602.0081,205.00027,602.00696,219.00063,-0.001159668,14.000351,14.000351
163,557.992,205.0011,557.9927,219.00139,0.0006713867,14.00029,14.00029
163,575.9968,230.99463,575.9971,244.99538,0.00024414062,14.000748,14.000748
163,575.99304,186.99985,575.9935,201.00089,0.00048828125,14.001038,14.001038
163,572.9858,209.00258,572.9858,223.003,0.0,14.000427,14.000427
163,593.03156,228.99733,593.03064,242.99828,-0.00091552734,14.000946,14.000946
163,593.01556,188.99226,593.01556,202.99329,0.0,14.001022,14.001022
163,559.96716,221.99185,559.9672,235.99147,6.1035156e-05,13.999619,13.999619
164,602.00696,219.00063,602.00696,231.00046,0.0,11.999832,11.999832
164,557.9927,219.00139,557.9922,231.00125,-0.00048828125,11.999863,11.999863
164,575.9971,244.99538,575.99695,256.9955,-0.00012207031,12.000137,12.000137
164,575.9935,201.00089,575.9935,213.00072,0.0,11.999832,11.999832
164,572.9858,223.003,572.9859,235.0032,0.00012207031,12.000198,12.000198
164,593.03064,242.99828,593.03265,254.99722,0.0020141602,11.998947,11.998947
164,593.01556,202.99329,593.016,214.9932,0.0004272461,11.999908,11.999908
164,559.9672,235.99147,559.9663,247.99124,-0.00091552734,11.999771,11.999771
165,602.00696,231.00046,602.0073,239.00035,0.00036621094,7.999893,7.999893
165,557.9922,231.00125,557.99207,239.00125,-0.00012207031,8.0,8.0
165,575.99695,256.9955,575.9969,264.9955,-6.1035156e-05,8.0,8.0
165,575.9935,213.00072,575.9935,221.00056,0.0,7.9998474,7.9998474
165,572.9859,235.0032,572.9859,243.0032,0.0,8.0,8.0
165,593.03265,254.99722,593.03284,262.99722,0.00018310547,8.0,8.0
165,593.016,214.9932,593.01605,222.99318,6.1035156e-05,7.9999847,7.9999847
165,559.9663,247.99124,559.9662,255.9912,-0.00012207031,7.999954,7.999954
166,602.0073,239.00035,602.00696,244.00034,-0.00036621094,4.9999847,4.9999847
166,557.99207,239.00125,557.9897,244.00325,-0.002380371,5.001999,5.0019994
166,575.9969,264.9955,575.9969,269.99527,0.0,4.999756,4.999756
166,575.9935,221.00056,575.9931,226.00482,-0.0004272461,5.004257,5.004257
166,572.9859,243.0032,572.9863,248.00302,0.0004272461,4.999817,4.999817
166,593.03284,262.99722,593.03235,267.9969,-0.00048828125,4.9996643,4.9996643
166,593.01605,222.99318,593.0157,227.99408,-0.00036621094,5.0009003,5.0009003
166,559.9662,255.9912,559.96545,260.99026,-0.0007324219,4.999069,4.999069
167,602.00696,244.00034,602.0103,244.99947,0.0033569336,0.99913025,0.9991359
167,557.9897,244.00325,557.9915,244.99847,0.0018310547,0.995224,0.99522567
167,575.9969,269.99527,575.99713,270.99902,0.00024414062,1.0037537,1.0037537
167,575.9931,226.00482,575.99316,227.00938,6.1035156e-05,1.0045624,1.0045624
167,572.9863,248.00302,572.9828,249.0048,-0.003540039,1.0017853,1.0017916
167,593.03235,267.9969,593.02704,268.99084,-0.0053100586,0.9939575,0.9939717
167,593.0157,227.99408,593.0278,229.0001,0.012084961,1.0060272,1.0060998
167,559.96545,260.99026,559.9736,261.99463,0.008117676,1.004364,1.0043968
168,602.0103,244.99947,602.00793,242.99983,-0.002380371,-1.9996338,1.9996352
168,557.9915,244.99847,557.99854,242.99727,0.007019043,-2.0012054,2.0012176
168,575.99713,270.99902,575.997,268.9962,-0.00012207031,-2.0028381,2.0028381
168,575.99316,227.00938,575.9923,225.01146,-0.0008544922,-1.9979248,1.9979249
168,572.9828,249.0048,572.9826,247.00528,-0.00018310547,-1.999527,1.999527
168,593.02704,268.99084,593.0265,266.9917,-0.0005493164,-1.9991455,1.9991455
168,593.0278,229.0001,593.0273,227.00105,-0.00048828125,-1.999054,1.9990541
168,559.9736,261.99463,559.9735,259.99515,-6.1035156e-05,-1.9994812,1.9994812
169,602.00793,242.99983,602.0106,236.99924,0.0026855469,-6.000595,6.0005956
169,557.99854,242.99727,557.99664,236.99751,-0.0018920898,-5.999756,5.9997563
169,575.997,268.9962,575.997,262.9969,0.0,-5.999298,5.999298
169,575.9923,225.01146,575.9923,219.01222,0.0,-5.999237,5.999237
169,572.9826,247.00528,572.9825,241.0048,-0.00012207031,-6.000473,6.000473
169,593.0265,266.9917,593.0269,260.99084,0.0004272461,-6.0008545,6.0008545
169,593.0273,227.00105,593.0275,221.0011,0.00024414062,-5.999954,5.999954
169,559.9735,259.99515,559.9735,253.99495,0.0,-6.0001984,6.0001984
170,602.0106,236.99924,602.01,226.99962,-0.00061035156,-9.999619,9.999619
170,557.99664,236.99751,557.99066,226.99635,-0.0059814453,-10.00116,10.001162
170,575.997,262.9969,575.997,252.99625,0.0,-10.000641,10.000641
170,575.9923,219.01222,575.9928,209.01328,0.00048828125,-9.998947,9.998947
170,572.9825,241.0048,572.9825,231.00523,0.0,-9.999573,9.999573
170,593.0269,260.99084,593.0295,250.99054,0.0025634766,-10.000305,10.000305
170,593.0275,221.0011,593.0267,211.00061,-0.0008544922,-10.000488,10.000488
170,559.9735,253.99495,559.97424,243.99654,0.0007324219,-9.998413,9.998413
171,602.01,226.99962,602.01044,214.99933,0.0004272461,-12.00029,12.00029
171,557.99066,226.99635,557.98956,214.99675,-0.0010986328,-11.999603,11.999603
171,575.997,252.99625,575.99725,240.99596,0.00024414062,-12.00029,12.00029
171,575.9928,209.01328,575.99347,197.01387,0.0006713867,-11.999405,11.999405
171,572.9825,231.00523,572.98267,219.0055,0.00018310547,-11.999741,11.999741
171,593.0295,250.99054,593.02954,238.99017,6.1035156e-05,-12.000366,12.000366
171,593.0267,211.00061,593.0242,199.00008,-0.0025024414,-12.000534,12.000534
171,559.97424,243.99654,559.9697,231.99268,-0.0045166016,-12.00386,12.003861
172,602.01044,214.99933,602.009,199.99944,-0.0014648438,-14.999893,14.999893
172,557.98956,214.99675,557.9935,199.9971,0.003967285,-14.999649,14.99965
172,575.99725,240.99596,575.99725,225.99396,0.0,-15.001999,15.001999
172,575.99347,197.01387,575.99274,182.01459,-0.0007324219,-14.999283,14.999283
172,572.98267,219.0055,572.983,204.00526,0.00030517578,-15.000229,15.000229
172,593.02954,238.99017,593.0317,223.98764,0.0021362305,-15.002533,15.002533
172,593.0242,199.00008,593.0238,184.0007,-0.00036621094,-14.999374,14.999374
172,559.9697,231.99268,559.96826,216.9926,-0.0014648438,-15.000076,15.000076
173,602.009,199.99944,602.008,184.00018,-0.0009765625,-15.999252,15.999252
173,557.9935,199.9971,558.0002,183.99864,0.006652832,-15.998459,15.99846
173,575.99725,225.99396,575.9973,209.99384,6.1035156e-05,-16.000122,16.000122
173,575.99274,182.01459,575.9925,166.01305,-0.00024414062,-16.001541,16.001541
173,572.983,204.00526,572.9829,188.00528,-6.1035156e-05,-15.999985,15.999985
173,593.0317,223.98764,593.03174,207.98769,6.1035156e-05,-15.999954,15.999954
173,593.0238,184.0007,593.0248,168.00206,0.0009765625,-15.998642,15.998642
173,559.96826,216.9926,559.9683,200.99315,6.1035156e-05,-15.999451,15.999451
174,602.008,184.00018,602.00793,169.00047,-6.1035156e-05,-14.99971,14.99971
174,558.0002,183.99864,557.999,168.99791,-0.001159668,-15.000732,15.000732
174,575.9973,209.99384,575.9973,194.99193,0.0,-15.001907,15.001907
174,575.9925,166.01305,575.99274,151.01395,0.00024414062,-14.9991,14.9991
174,572.9829,188.00528,572.9824,173.00514,-0.00048828125,-15.000137,15.000137
174,593.03174,207.98769,593.03046,192.98877,-0.0012817383,-14.998917,14.998917
174,593.0248,168.00206,593.02527,153.00177,0.00048828125,-15.00029,15.00029
174,559.9683,200.99315,559.9682,185.99113,-0.00012207031,-15.002014,15.002014
175,602.00793,169.00047,602.0079,153.00064,-6.1035156e-05,-15.999832,15.999832
175,557.999,168.99791,557.99713,152.99849,-0.0018920898,-15.99942,15.99942
175,575.9973,194.99193,575.9975,178.9904,0.00018310547,-16.001526,16.001526
175,575.99274,151.01395,575.99274,135.01395,0.0,-16.0,16.0
175,572.9824,173.00514,572.9824,157.00539,0.0,-15.999756,15.999756
175,593.03046,192.98877,593.03125,176.98979,0.00079345703,-15.998978,15.998978
175,593.02527,153.00177,593.0252,137.00192,-6.1035156e-05,-15.999847,15.999847
175,559.9682,185.99113,559.96606,169.9865,-0.0021362305,-16.004639,16.004639
176,602.0079,153.00064,602.00653,138.00035,-0.0013427734,-15.00029,15.00029
176,557.99713,152.99849,557.9988,137.99886,0.0016479492,-14.999634,14.999634
176,575.9975,178.9904,575.99713,163.99133,-0.00036621094,-14.999069,14.999069
176,575.99274,135.01395,575.99243,120.013695,-0.00030517578,-15.000252,15.000252
176,572.9824,157.00539,572.9829,142.00542,0.00048828125,-14.9999695,14.9999695
176,593.03125,176.98979,593.03015,161.98782,-0.0010986328,-15.001968,15.001968
176,593.0252,137.00192,593.0244,122.00309,-0.00079345703,-14.998833,14.998833
176,559.96606,169.9865,559.96545,154.98837,-0.00061035156,-14.998123,14.998123
177,602.00653,138.00035,602.005,125.99998,-0.0015258789,-12.000374,12.000374
177,557.9988,137.99886,557.9985,125.99771,-0.00030517578,-12.001144,12.001144
177,575.99713,163.99133,575.9972,151.99136,6.1035156e-05,-11.9999695,11.9999695
177,575.99243,120.013695,575.9936,108.01422,0.001159668,-11.999474,11.999474
177,572.9829,142.00542,572.9829,130.00552,0.0,-11.999893,11.999893
177,593.03015,161.98782,593.03046,149.98755,0.00030517578,-12.000275,12.000275
177,593.0244,122.00309,593.02234,110.00098,-0.0020751953,-12.002113,12.002113
177,559.96545,154.98837,559.96265,142.98505,-0.0028076172,-12.003326,12.003327
178,602.005,125.99998,602.00616,116.00007,0.001159668,-9.999908,9.999908
178,557.9985,125.99771,558.0025,115.99645,0.0040283203,-10.001259,10.00126
178,575.9972,151.99136,575.99713,141.99152,-6.1035156e-05,-9.999847,9.999847
178,575.9936,108.01422,575.9934,98.01588,-0.00018310547,-9.998344,9.998344
178,572.9829,130.00552,572.9829,120.00564,0.0,-9.999886,9.999886
178,593.03046,149.98755,593.03235,139.98817,0.0018920898,-9.999374,9.999374
178,593.02234,110.00098,593.0273,100.00363,0.0049438477,-9.997345,9.997346
178,559.96265,142.98505,559.9679,132.99084,0.0052490234,-9.994202,9.994203
