frame,x_old,y_old,x_new,y_new,dx,dy,displacement
0,82.0,176.0,84.00065,184.99974,2.0006485,8.999741,9.219432
0,38.0,176.0,39.99836,184.9985,1.9983597,8.998505,9.217729
0,56.0,202.0,58.0001,210.99928,2.0000992,8.999283,9.218865
0,56.0,158.0,57.999992,167.00021,1.9999924,9.000214,9.219751
0,53.0,180.0,54.999966,188.99991,1.9999657,8.999908,9.219448
0,73.0,200.0,75.00136,209.00041,2.001358,9.000412,9.220242
0,73.0,160.0,75.000175,169.00046,2.0001755,9.000458,9.22003
0,40.0,193.0,41.999863,201.99931,1.9998627,8.999313,9.218844
1,84.00065,184.99974,87.00175,193.00102,3.0010986,8.001282,8.545589
1,39.99836,184.9985,42.997177,192.99847,2.9988174,7.9999695,8.54356
1,58.0001,210.99928,60.999737,219.00072,2.9996376,8.001434,8.545219
1,57.999992,167.00021,61.00021,174.99991,3.0002174,7.999695,8.543795
1,54.999966,188.99991,58.000046,196.9999,3.00008,7.9999847,8.544018
1,75.00136,209.00041,78.0028,216.99945,3.001442,7.9990387,8.54361
1,75.000175,169.00046,77.99718,177.00131,2.9970016,8.0008545,8.543752
1,41.999863,201.99931,45.000053,210.00223,3.0001907,8.002914,8.5468
2,87.00175,193.00102,90.00211,202.00151,3.0003662,9.000488,9.487412
2,42.997177,192.99847,45.996983,201.99893,2.9998055,9.000458,9.4872055
2,60.999737,219.00072,63.999935,228.00024,3.0001984,8.999527,9.486447
2,61.00021,174.99991,63.999744,184.00406,2.9995346,9.00415,9.490623
2,58.000046,196.9999,61.00054,205.99979,3.000496,8.999893,9.486889
2,78.0028,216.99945,81.00112,225.99982,2.9983215,9.000366,9.4866495
2,77.99718,177.00131,81.00156,186.00851,3.0043793,9.007202,9.49505
2,45.000053,210.00223,48.00083,219.00107,3.0007782,8.99884,9.485979
3,90.00211,202.00151,93.000404,210.00145,2.998291,7.999939,8.543346
3,45.996983,201.99893,48.99703,209.99905,3.0000458,8.000122,8.544134
3,63.999935,228.00024,66.99977,236.00104,2.999836,8.000793,8.544689
3,63.999744,184.00406,66.999344,192.00146,2.9995995,7.997406,8.541434
3,61.00054,205.99979,63.99884,213.9998,2.9982986,8.000015,8.543421
3,81.00112,225.99982,84.00232,233.99918,3.0011978,7.999359,8.543824
3,81.00156,186.00851,84.00478,194.0102,3.0032272,8.001678,8.546708
3,48.00083,219.00107,51.000484,227.00214,2.9996529,8.001068,8.544882
4,93.000404,210.00145,95.99996,218.0014,2.9995575,7.999954,8.543805
4,48.99703,209.99905,51.997185,217.99907,3.0001564,8.000015,8.544073
4,66.99977,236.00104,70.00021,243.99916,3.0004425,7.998123,8.542401
4,66.999344,192.00146,69.99977,200.00296,3.0004272,8.001495,8.545554
4,63.99884,213.9998,66.99947,221.99965,3.0006332,7.9998474,8.544084
4,84.00232,233.99918,87.001465,241.99994,2.9991455,8.000763,8.544418
4,84.00478,194.0102,87.003586,202.00873,2.9988022,7.998535,8.542212
4,51.000484,227.00214,54.00083,235.00131,3.0003471,7.999176,8.543354
5,95.99996,218.0014,99.00049,225.00137,3.0005264,6.9999695,7.6159525
5,51.997185,217.99907,54.997143,224.99919,2.999958,7.000122,7.6158686
5,70.00021,243.99916,73.00009,251.00069,2.999878,7.001526,7.6171274
5,69.99977,200.00296,72.9996,207.00217,2.9998322,6.9992065,7.614978
5,66.99947,221.99965,69.99845,228.99947,2.9989777,6.999817,7.615202
5,87.001465,241.99994,90.01447,248.99638,3.013008,6.9964447,7.617641
5,87.003586,202.00873,90.00482,209.00748,3.001236,6.998749,7.61511
5,54.00083,235.00131,56.998104,242.00325,2.9972725,7.001938,7.6164804
6,99.00049,225.00137,101.99905,231.00092,2.998558,5.999542,6.7071495
6,54.997143,224.99919,57.99595,230.9984,2.998806,5.9992065,6.70696
6,73.00009,251.00069,76.00051,256.99878,3.0004196,5.9980927,6.7066855
6,72.9996,207.00217,75.99992,213.00237,3.0003204,6.0001984,6.7085247
6,69.99845,228.99947,72.99831,234.99988,2.999855,6.000412,6.7085075
6,90.01447,248.99638,93.012665,254.99806,2.9981918,6.0016785,6.708897
6,90.00482,209.00748,93.0029,215.0066,2.9980774,5.9991302,6.7065663
6,56.998104,242.00325,59.997738,248.00206,2.9996338,5.99881,6.7069755
7,101.99905,231.00092,105.000145,236.00165,3.0010986,5.0007324,5.832145
7,57.99595,230.9984,60.995216,235.99818,2.9992676,4.9997864,5.830392
7,76.00051,256.99878,79.00043,262.00134,2.999916,5.0025635,5.833107
7,75.99992,213.00237,78.999886,218.00243,2.9999619,5.000061,5.8309846
7,72.99831,234.99988,75.99861,239.99974,3.0003052,4.9998627,5.8309913
7,93.012665,254.99806,96.01348,259.99854,3.0008163,5.000473,5.8317776
7,93.0029,215.0066,96.00485,220.00755,3.0019531,5.000946,5.832768
7,59.997738,248.00206,62.99753,253.00412,2.999794,5.00206,5.8326125
8,105.000145,236.00165,108.000046,240.0016,2.9999008,3.9999542,4.9999037
8,60.995216,235.99818,63.996185,239.99866,3.000969,4.000473,5.00096
8,79.00043,262.00134,82.00088,265.99976,3.0004501,3.998413,4.999001
8,78.999886,218.00243,81.99994,222.00314,3.0000534,4.000717,5.0006056
8,75.99861,239.99974,78.99872,243.99956,3.0001068,3.999817,4.9999175
8,96.01348,259.99854,99.01267,264.00003,2.9991913,4.0014954,5.0007114
8,96.00485,220.00755,99.003494,224.00623,2.998642,3.9986725,4.998123
8,62.99753,253.00412,65.99797,257.0027,3.0004387,3.9985657,4.999116
9,108.000046,240.0016,111.00058,243.00145,3.000534,2.9998474,4.2429104
9,63.996185,239.99866,66.994865,243.00049,2.99868,3.001831,4.243003
9,82.00088,265.99976,85.00021,268.99872,2.9993362,2.9989624,4.2414374
9,81.99994,222.00314,84.99907,225.01086,2.9991302,3.007721,4.2474895
9,78.99872,243.99956,81.99752,246.99976,2.9988022,3.0001984,4.2419343
9,99.01267,264.00003,102.01146,267.00293,2.998787,3.0028992,4.243834
9,99.003494,224.00623,102.00706,227.00806,3.003563,3.001831,4.2464547
9,65.99797,257.0027,68.9971,260.00372,2.9991302,3.0010376,4.2427597
10,111.00058,243.00145,112.998314,245.00153,1.9977341,2.0000763,2.8268793
10,66.994865,243.00049,68.99323,245.00082,1.9983673,2.0003357,2.8275104
10,85.00021,268.99872,87.0005,270.99792,2.00029,1.9992065,2.828071
10,84.99907,225.01086,86.99894,227.01064,1.9998703,1.9997711,2.8281736
10,81.99752,246.99976,83.996185,248.99924,1.9986649,1.9994812,2.8271163
10,102.01146,267.00293,104.01041,269.00272,1.9989471,1.9997864,2.8275316
10,102.00706,227.00806,104.007034,229.00737,1.9999771,1.9993134,2.8279254
10,68.9971,260.00372,70.996765,262.00177,1.9996643,1.9980469,2.826809
11,112.998314,245.00153,115.99809,244.99954,2.9997787,-0.0019836426,2.9997795
11,68.99323,245.00082,71.99383,244.99649,3.000595,-0.004333496,3.0005982
11,87.0005,270.99792,89.99992,270.99673,2.9994202,-0.0011901855,2.9994202
11,86.99894,227.01064,89.997314,227.00706,2.998375,-0.0035705566,2.998377
11,83.996185,248.99924,86.999756,248.99782,3.0035706,-0.0014190674,3.0035708
11,104.01041,269.00272,107.0229,268.99887,3.012497,-0.0038452148,3.0124996
11,104.007034,229.00737,107.01416,229.00403,3.0071259,-0.0033416748,3.0071278
11,70.996765,262.00177,73.99689,261.9981,3.000122,-0.0036621094,3.0001242
12,115.99809,244.99954,118.998375,244.99947,3.0002823,-7.6293945e-05,3.0002823
12,71.99383,244.99649,74.993576,244.99646,2.9997482,-3.0517578e-05,2.9997482
12,89.99992,270.99673,93.000145,270.99725,3.0002213,0.0005187988,3.0002213
12,89.997314,227.00706,92.99739,227.0063,3.0000763,-0.00076293945,3.0000765
12,86.999756,248.99782,89.999565,248.99765,2.9998093,-0.00016784668,2.9998093
12,107.0229,268.99887,110.02197,268.99854,2.9990692,-0.00033569336,2.9990692
12,107.01416,229.00403,110.013374,229.00452,2.9992142,0.00048828125,2.9992142
12,73.99689,261.9981,76.99648,261.99817,2.9995956,6.1035156e-05,2.9995956
13,118.998375,244.99947,122.00085,242.99898,3.002472,-2.0004883,3.607879
13,74.993576,244.99646,77.99187,242.9982,2.998291,-1.9982605,3.6031644
13,93.000145,270.99725,96.000084,268.99414,2.999939,-2.0031128,3.607228
13,92.99739,227.0063,95.99847,225.01463,3.0010757,-1.9916687,3.6018329
13,89.999565,248.99765,92.99923,246.99803,2.9996643,-1.9996185,3.6050603
13,110.02197,268.99854,113.02135,267.00015,2.9993744,-1.9983826,3.6041336
13,110.013374,229.00452,113.0121,227.00139,2.998726,-2.003128,3.6062279
13,76.99648,261.99817,79.997116,259.9989,3.0006332,-1.9992676,3.605672
14,122.00085,242.99898,125.001495,240.99883,3.0006485,-2.0001526,3.6061754
14,77.99187,242.9982,80.991,240.99815,2.9991302,-2.0000458,3.6048532
14,96.000084,268.99414,99.00011,266.99506,3.000023,-1.9990845,3.6050625
14,95.99847,225.01463,98.997894,223.01476,2.9994278,-1.9998779,3.6050074
14,92.99923,246.99803,95.999374,244.9978,3.000145,-2.000229,3.605799
14,113.02135,267.00015,116.01885,264.9995,2.9975052,-2.0006409,3.6038315
14,113.0121,227.00139,116.01268,225.00201,3.0005798,-1.9993744,3.6056867
14,79.997116,259.9989,82.996735,257.9989,2.9996185,-2.0,3.605234
15,125.001495,240.99883,128.00305,236.99841,3.0015564,-4.000412,5.0012636
15,80.991,240.99815,83.99035,236.99815,2.9993515,-4.0,4.999611
15,99.00011,266.99506,102.000374,262.99353,3.000267,-4.001526,5.001381
15,98.997894,223.01476,101.998184,219.01836,3.00029,-3.996399,4.9972935
15,95.999374,244.9978,98.99948,240.99782,3.0001068,-3.9999847,5.000052
15,116.01885,264.9995,119.0197,261.00058,3.0008469,-3.998932,4.999654
15,116.01268,225.00201,119.013306,221.00113,3.0006256,-4.000885,5.0010834
15,82.996735,257.9989,85.997475,253.99965,3.00074,-3.9992523,4.999846
16,128.00305,236.99841,131.00366,231.9983,3.0006104,-5.000107,5.8313575
16,83.99035,236.99815,86.99143,231.99783,3.0010834,-5.0003204,5.831784
16,102.000374,262.99353,105.00038,257.99176,3.0000076,-5.00177,5.8324738
16,101.998184,219.01836,104.99853,214.02243,3.0003433,-4.995926,5.8276353
16,98.99948,240.99782,101.99967,235.998,3.0001907,-4.999817,5.830893
16,119.0197,261.00058,122.02049,255.9987,3.0007935,-5.001877,5.8329697
16,119.013306,221.00113,122.014206,216.00282,3.0009003,-4.9983063,5.8299627
16,85.997475,253.99965,88.99854,248.99991,3.001068,-4.9997406,5.831279
17,131.00366,231.9983,134.0007,225.99779,2.9970398,-6.000519,6.7073445
17,86.99143,231.99783,89.99115,225.99785,2.9997177,-5.9999847,6.708064
17,105.00038,257.99176,108.00049,251.99106,3.0001068,-6.000702,6.7088795
17,104.99853,214.02243,107.99845,208.02269,2.9999237,-5.9997406,6.7079377
17,101.99967,235.998,104.99973,229.99797,3.000061,-6.0000305,6.7082586
17,122.02049,255.9987,125.02076,249.99948,3.000267,-5.999222,6.7076273
17,122.014206,216.00282,125.01417,210.00189,2.9999619,-6.000931,6.709019
17,88.99854,248.99991,91.99892,243.00093,3.0003738,-5.9989777,6.7074566
18,134.0007,225.99779,137.0008,218.9976,3.0000916,-7.000183,7.6159773
18,89.99115,225.99785,92.9916,218.99794,3.0004501,-6.9999084,7.615866
18,108.00049,251.99106,111.000336,244.98965,2.9998474,-7.001404,7.6170034
18,107.99845,208.02269,110.9985,201.02261,3.0000458,-7.0000763,7.6158614
18,104.99973,229.99797,107.998665,222.99808,2.998932,-6.999893,7.615254
18,125.02076,249.99948,128.01654,243.00105,2.995781,-6.9984283,7.6126676
18,125.01417,210.00189,128.01453,203.00142,3.0003586,-7.000473,7.616349
18,91.99892,243.00093,94.99661,236.00046,2.997696,-7.000473,7.6153007
19,137.0008,218.9976,139.99963,211.99805,2.9988403,-6.9995575,7.6149096
19,92.9916,218.99794,95.993866,211.99821,3.002266,-6.9997253,7.6164136
19,111.000336,244.98965,114.00057,237.99129,3.0002365,-6.9983673,7.6143656
19,110.9985,201.02261,113.99818,194.02176,2.9996796,-7.0008545,7.616432
19,107.998665,222.99808,110.99897,215.99828,3.0003052,-6.9998016,7.615711
19,128.01654,243.00105,131.01642,236.00151,2.999878,-6.999542,7.6153045
19,128.01453,203.00142,131.01422,196.0016,2.9996948,-6.999817,7.6154847
19,94.99661,236.00046,97.99757,229.00394,3.0009537,-6.996521,7.6129513
20,139.99963,211.99805,142.99983,203.99788,3.0001984,-8.000168,8.54423
20,95.993866,211.99821,98.99389,203.9983,3.000023,-7.9999084,8.543926
20,114.00057,237.99129,117.00088,229.99118,3.0003052,-8.000107,8.54421
20,113.99818,194.02176,116.99835,186.02179,3.0001755,-7.9999695,8.544037
20,110.99897,215.99828,113.99865,207.99817,2.9996796,-8.000107,8.543991
20,131.01642,236.00151,134.0163,228.0007,2.999878,-8.000809,8.544718
20,131.01422,196.0016,134.01341,188.00179,2.9991913,-7.999817,8.543549
20,97.99757,229.00394,100.99736,221.00427,2.999794,-7.9996643,8.543617
21,142.99983,203.99788,145.00008,194.99776,2.0002441,-9.000122,9.219717
21,98.99389,203.9983,100.99248,194.9982,1.9985886,-9.000107,9.219342
21,117.00088,229.99118,119.00094,220.99365,2.000061,-8.997528,9.217145
21,116.99835,186.02179,118.99907,177.01823,2.0007172,-9.003555,9.223171
21,113.99865,207.99817,115.99785,198.99829,1.9991989,-8.999878,9.219252
21,134.0163,228.0007,136.01611,219.00275,1.9998169,-8.997955,9.217509
21,134.01341,188.00179,136.01602,179.00354,2.0026093,-8.998245,9.218398
21,100.99736,221.00427,102.99804,212.00331,2.000679,-9.000961,9.22063
22,145.00008,194.99776,147.9998,185.9978,2.9997253,-8.999954,9.486703
22,100.99248,194.9982,103.99247,185.99811,2.9999924,-9.000092,9.4869175
22,119.00094,220.99365,122.0009,211.99178,2.9999619,-9.001877,9.488602
22,118.99907,177.01823,121.99888,168.02098,2.9998093,-8.997253,9.484167
22,115.99785,198.99829,118.998344,189.99835,3.000496,-8.999939,9.486932
22,136.01611,219.00275,139.01556,210.0012,2.9994507,-9.001541,9.488121
22,136.01602,179.00354,139.01572,170.00447,2.9996948,-8.999069,9.485853
22,102.99804,212.00331,105.99799,203.00188,2.9999542,-9.001434,9.488179
23,147.9998,185.9978,150.99971,176.99979,2.9999084,-8.998016,9.484922
23,103.99247,185.99811,106.98911,176.9989,2.996643,-8.999207,9.48502
23,122.0009,211.99178,125.00102,202.99147,3.000122,-9.000305,9.487161
23,121.99888,168.02098,124.99984,159.00775,3.0009613,-9.013229,9.499688
23,118.998344,189.99835,121.993904,180.9983,2.9955597,-9.000046,9.485474
23,139.01556,210.0012,142.01682,200.99585,3.0012512,-9.005356,9.49231
23,139.01572,170.00447,142.01352,160.99794,2.9978027,-9.006531,9.492335
23,105.99799,203.00188,108.99404,193.99934,2.996048,-9.002533,9.4879875
24,150.99971,176.99979,153.99988,168.99992,3.0001678,-7.9998627,8.543934
24,106.98911,176.9989,109.99006,168.9986,3.000946,-8.000305,8.544621
24,125.00102,202.99147,128.00116,194.99057,3.0001373,-8.0009,8.544895
24,124.99984,159.00775,128.00134,151.01216,3.001503,-7.99559,8.540403
24,121.993904,180.9983,124.99421,172.99837,3.0003052,-7.999939,8.544054
24,142.01682,200.99585,145.01666,192.99602,2.9998474,-7.999832,8.543793
24,142.01352,160.99794,145.01367,152.99768,3.0001526,-8.000259,8.5443
24,108.99404,193.99934,111.99808,186.00154,3.004036,-7.9978027,8.543365
25,153.99988,168.99992,156.99983,159.99998,2.9999542,-8.999939,9.48676
25,109.99006,168.9986,112.990906,159.99832,3.0008469,-9.000275,9.487361
25,128.00116,194.99057,131.00113,185.99023,2.9999695,-9.000336,9.487142
25,128.00134,151.01216,130.99991,142.00856,2.9985657,-9.003601,9.489796
25,124.99421,172.99837,127.994514,163.99847,3.0003052,-8.999893,9.486828
25,145.01666,192.99602,148.01811,183.99638,3.0014496,-8.999634,9.486944
25,145.01367,152.99768,148.01346,143.99713,2.9997864,-9.000549,9.487287
25,111.99808,186.00154,114.99907,177.00388,3.0009918,-8.997665,9.484932
26,156.99983,159.99998,159.99956,151.00003,2.9997253,-8.999954,9.486703
26,112.990906,159.99832,115.9913,150.99838,3.0003967,-8.999939,9.4869
26,131.00113,185.99023,134.00131,176.99084,3.000183,-8.99939,9.486312
26,130.99991,142.00856,134.00021,133.00868,3.0003052,-8.999878,9.486814
26,127.994514,163.99847,130.99426,154.99858,2.9997482,-8.999893,9.486652
26,148.01811,183.99638,151.01498,175.00072,2.996872,-8.9956665,9.481732
26,148.01346,143.99713,151.01407,134.99709,3.0006104,-9.000046,9.487069
26,114.99907,177.00388,118.00057,168.00592,3.001503,-8.997955,9.485369
27,159.99956,151.00003,163.00003,142.99995,3.000473,-8.000076,8.544241
27,115.9913,150.99838,118.99086,142.99834,2.9995575,-8.000046,8.543891
27,134.00131,176.99084,137.00049,168.99422,2.999176,-7.996628,8.540557
27,134.00021,133.00868,137.00113,125.00911,3.0009155,-7.9995728,8.543925
27,130.99426,154.99858,133.99449,146.99843,3.000229,-8.000153,8.544227
27,151.01498,175.00072,154.01347,166.99995,2.9984894,-8.000763,8.544188
27,151.01407,134.99709,154.0105,126.9949,2.9964294,-8.002182,8.544794
27,118.00057,168.00592,121.000984,160.00998,3.000412,-7.995941,8.540348
28,163.00003,142.99995,165.99983,134.99998,2.9998016,-7.9999695,8.543905
28,118.99086,142.99834,121.991264,134.99843,3.0004044,-7.9999084,8.54406
28,137.00049,168.99422,140.00093,160.99232,3.0004425,-8.001892,8.545931
28,137.00113,125.00911,140.00089,117.00445,2.9997559,-8.004662,8.548283
28,133.99449,146.99843,136.99438,138.99847,2.9998932,-7.999954,8.543923
28,154.01347,166.99995,157.0134,159.00041,2.9999237,-7.999542,8.543549
28,154.0105,126.9949,157.01485,118.995476,3.0043488,-7.999428,8.544995
28,121.000984,160.00998,124.00024,152.0071,2.9992523,-8.002884,8.546442
29,165.99983,134.99998,169.00002,128.00076,3.000183,-6.999222,7.61513
29,121.991264,134.99843,124.99143,127.99802,3.0001678,-7.000412,7.616218
29,140.00093,160.99232,143.00085,153.9919,2.9999237,-7.0004272,7.6161356
29,140.00089,117.00445,143.00058,110.00547,2.9996948,-6.9989777,7.614713
29,136.99438,138.99847,139.99486,131.99841,3.000473,-7.000061,7.6160154
29,157.0134,159.00041,160.0136,152.00047,3.0001984,-6.999939,7.615795
29,157.01485,118.995476,160.01329,111.99703,2.9984436,-6.9984436,7.6137295
29,124.00024,152.0071,126.99979,145.00774,2.9995499,-6.999359,7.615007
30,169.00002,128.00076,172.00005,122.00086,3.0000305,-5.999901,6.708129
30,124.99143,127.99802,127.98959,121.997734,2.9981613,-6.0002823,6.7076344
30,143.00085,153.9919,146.00117,147.989,3.0003204,-6.002899,6.7109404
30,143.00058,110.00547,146.00053,104.006134,2.9999542,-5.9993362,6.7075896
30,139.99486,131.99841,142.995,125.998375,3.0001373,-6.000038,6.7082996
30,160.0136,152.00047,163.01434,146.00085,3.0007477,-5.9996185,6.708197
30,160.01329,111.99703,163.0151,105.99722,3.0018158,-5.9998093,6.7088456
30,126.99979,145.00774,129.99869,139.00398,2.9989014,-6.0037537,6.7110705
31,172.00005,122.00086,173.99911,117.00064,1.9990692,-5.0002213,5.3850245
31,127.98959,121.997734,129.98788,116.99723,1.998291,-5.0005035,5.384998
31,146.00117,147.989,148.00107,142.98941,1.9998932,-4.999588,5.3847427
31,146.00053,104.006134,148.00108,99.00193,2.0005493,-5.004204,5.3892717
31,142.995,125.998375,144.99303,120.998215,1.9980316,-5.00016,5.384583
31,163.01434,146.00085,165.0154,141.00131,2.0010529,-4.999542,5.385131
31,163.0151,105.99722,165.01602,100.99654,2.0009155,-5.0006866,5.3861423
31,129.99869,139.00398,131.99991,134.00436,2.0012207,-4.9996185,5.385264
32,173.99911,117.00064,176.9997,113.00076,3.0005798,-3.999878,5.0002503
32,129.98788,116.99723,132.98712,112.99722,2.999237,-4.0000076,4.9995484
32,148.00107,142.98941,151.00114,138.98993,3.0000763,-3.9994812,4.999631
32,148.00108,99.00193,151.00107,95.001366,2.9999847,-4.0005646,5.0004425
32,144.99303,120.998215,147.99307,116.99825,3.0000458,-3.9999619,4.999997
32,165.0154,141.00131,168.01505,136.99924,2.999649,-4.002075,5.0014496
32,165.01602,100.99654,168.01479,96.99691,2.998764,-3.9996262,4.9989595
32,131.99991,134.00436,135.00024,130.00519,3.0003357,-3.999176,4.999542
33,176.9997,113.00076,179.99973,109.00072,3.0000305,-4.000046,5.000055
33,132.98712,112.99722,135.98648,108.99705,2.9993591,-4.0001755,4.999756
33,151.00114,138.98993,154.00124,134.98923,3.0000916,-4.000702,5.0006166
33,151.00107,95.001366,154.0012,91.00188,3.0001373,-3.9994888,4.9996734
33,147.99307,116.99825,150.99333,112.99816,3.0002594,-4.0000916,5.000229
33,168.01505,136.99924,171.01675,133.00037,3.001709,-3.9988708,5.0001225
33,168.01479,96.99691,171.01608,92.99599,3.001297,-4.000923,5.001517
33,135.00024,130.00519,137.9972,126.002045,2.9969482,-4.0031433,5.0006857
34,179.99973,109.00072,183.001,106.99991,3.0012817,-2.0008087,3.6070664
34,135.98648,108.99705,138.98598,106.996864,2.9994965,-2.000183,3.605234
34,154.00124,134.98923,157.00098,132.98932,2.9997406,-1.9999084,3.6052847
34,154.0012,91.00188,157.00089,89.000885,2.9996796,-2.0009918,3.605835
34,150.99333,112.99816,153.99301,110.998795,2.9996796,-1.9993668,3.6049333
34,171.01675,133.00037,174.01616,130.9996,2.999405,-2.000763,3.6054792
34,171.01608,92.99599,174.01355,90.99669,2.997467,-1.9992981,3.6030545
34,137.9972,126.002045,140.99712,124.00189,2.9999237,-2.0001526,3.6055725
35,183.001,106.99991,185.99754,106.998436,2.9965363,-0.0014724731,2.9965367
35,138.98598,106.996864,141.98425,106.99955,2.9982758,0.0026855469,2.998277
35,157.00098,132.98932,159.99918,132.99384,2.9981995,0.0045166016,2.9982028
35,157.00089,89.000885,159.99777,89.011925,2.9968872,0.011039734,2.9969075
35,153.99301,110.998795,156.99808,110.99871,3.005066,-8.392334e-05,3.005066
35,174.01616,130.9996,177.00815,131.0112,2.9919891,0.01159668,2.9920115
35,174.01355,90.99669,177.01262,90.99436,2.9990692,-0.0023269653,2.9990702
35,140.99712,124.00189,143.99144,123.995705,2.9943237,-0.006187439,2.9943302
36,185.99754,106.998436,188.9972,106.99823,2.999649,-0.00020599365,2.999649
36,141.98425,106.99955,144.98412,106.99955,2.9998627,0.0,2.9998627
36,159.99918,132.99384,162.99922,132.99464,3.0000458,0.0008087158,3.000046
36,159.99777,89.011925,162.99777,89.01336,3.0,0.0014343262,3.0000002
36,156.99808,110.99871,159.99805,110.99874,2.9999695,3.0517578e-05,2.9999695
36,177.00815,131.0112,180.00728,131.01093,2.9991302,-0.0002746582,2.9991302
36,177.01262,90.99436,180.0118,90.99469,2.999176,0.00032806396,2.999176
36,143.99144,123.995705,146.99144,123.9963,3.0,0.0005950928,3.0
37,188.9972,106.99823,191.99867,107.99838,3.00148,1.0001526,3.1637301
37,144.98412,106.99955,147.98402,107.99959,2.9999084,1.0000381,3.1622028
37,162.99922,132.99464,165.9992,133.99449,2.9999847,0.9998474,3.162215
37,162.99777,89.01336,165.99779,90.01356,3.0000153,1.0001984,3.162355
37,159.99805,110.99874,162.99854,111.99867,3.0004883,0.99993134,3.1627192
37,180.00728,131.01093,183.00407,132.0118,2.9967957,1.0008698,3.1595135
37,180.0118,90.99469,183.01213,91.99533,3.0003357,1.0006409,3.1627986
37,146.99144,123.9963,149.98787,124.9904,2.9964294,0.9941025,3.1570284
38,191.99867,107.99838,194.99722,110.998184,2.9985504,2.9998016,4.2414756
38,147.98402,107.99959,150.98358,110.99949,2.9995575,2.9999008,4.2422576
38,165.9992,133.99449,168.99924,136.99486,3.0000305,3.0003662,4.2429214
38,165.99779,90.01356,168.99782,93.014404,3.0000305,3.0008469,4.243261
38,162.99854,111.99867,165.9972,114.998764,2.9986572,3.0000916,4.241756
38,183.00407,132.0118,186.00443,135.01208,3.000351,3.00029,4.243094
38,183.01213,91.99533,186.01207,94.9944,2.999939,2.9990692,4.241939
38,149.98787,124.9904,152.98479,127.9882,2.9969177,2.997795,4.238902
39,194.99722,110.998184,198.00035,114.99875,3.003128,4.0005646,5.002329
39,150.98358,110.99949,153.9837,114.99958,3.000122,4.0000916,5.0001464
39,168.99924,136.99486,171.99954,140.99365,3.0003052,3.9987946,4.999219
39,168.99782,93.014404,171.99797,97.01462,3.0001526,4.0002136,5.0002623
39,165.9972,114.998764,168.99715,118.998825,2.9999542,4.000061,5.0000215
39,186.00443,135.01208,189.00677,139.01277,3.0023499,4.0006866,5.0019593
39,186.01207,94.9944,189.01378,98.99314,3.001709,3.9987411,5.0000186
39,152.98479,127.9882,155.98552,131.98862,3.0007324,4.0004196,5.000775
40,198.00035,114.99875,200.99939,118.99915,2.9990387,4.0004044,4.999747
40,153.9837,114.99958,156.98326,118.9991,2.9995575,3.9995193,4.99935
40,171.99954,140.99365,174.99954,144.99438,3.0,4.0007324,5.000586
40,171.99797,97.01462,174.99788,101.01387,2.9999084,3.9992523,4.9993467
40,168.99715,118.998825,171.99709,122.99881,2.999939,3.9999847,4.9999514
40,189.00677,139.01277,192.00645,143.01266,2.9996796,3.9998932,4.9997225
40,189.01378,98.99314,192.01265,102.99354,2.9988708,4.0003967,4.99964
40,155.98552,131.98862,158.98518,135.98897,2.9996643,4.000351,5.000079
41,200.99939,118.99915,204.00105,124.999306,3.0016632,6.0001526,6.7090845
41,156.98326,118.9991,159.98387,124.999565,3.0006104,6.0004654,6.7088933
41,174.99954,144.99438,177.99977,150.99435,3.000229,5.9999695,6.708279
41,174.99788,101.01387,177.99792,107.01199,3.0000458,5.998123,6.706546
41,171.99709,122.99881,174.99713,128.99844,3.0000458,5.999634,6.7078967
41,192.00645,143.01266,195.0072,149.01302,3.0007477,6.000351,6.7088523
41,192.01265,102.99354,195.01349,108.992424,3.0008392,5.998886,6.707583
41,158.98518,135.98897,161.98553,141.9889,3.000351,5.999939,6.7083063
42,204.00105,124.999306,205.99544,131.99982,1.9943848,7.000511,7.279061
42,159.98387,124.999565,161.98848,132.0001,2.0046082,7.0005417,7.281898
42,177.99977,150.99435,179.99953,157.99252,1.9997559,6.998169,7.278282
42,177.99792,107.01199,179.99727,114.010544,1.9993439,6.9985504,7.278536
42,174.99713,128.99844,176.99782,135.9986,2.0006866,7.0001526,7.280445
42,195.0072,149.01302,197.00912,156.00996,2.0019226,6.9969482,7.2777042
42,195.01349,108.992424,197.01346,115.99323,1.9999695,7.0008087,7.280879
42,161.98553,141.9889,163.98485,148.98811,1.9993134,6.9992065,7.279158
43,205.99544,131.99982,208.9978,139.00012,3.002365,7.000305,7.616986
43,161.98848,132.0001,164.98822,139.00003,2.9997406,6.9999237,7.6156006
43,179.99953,157.99252,182.99947,164.9928,2.999939,7.0002747,7.6160016
43,179.99727,114.010544,182.99704,121.009384,2.999771,6.9988403,7.614617
43,176.99782,135.9986,179.99681,142.99884,2.998993,7.000244,7.6156006
43,197.00912,156.00996,200.01103,163.00983,3.0019073,6.9998627,7.6163983
43,197.01346,115.99323,200.01645,122.99273,3.0029907,6.9994965,7.616489
43,163.98485,148.98811,166.9845,155.98944,2.999649,7.0013275,7.616855
44,208.9978,139.00012,211.99605,147.00026,2.9982452,8.000137,8.543516
44,164.98822,139.00003,167.98854,147.00055,3.0003204,8.000519,8.544602
44,182.99947,164.9928,185.99982,172.99342,3.000351,8.000626,8.544713
44,182.99704,121.009384,185.99771,129.01222,3.0006714,8.002838,8.546897
44,179.99681,142.99884,182.99696,150.99883,3.0001526,7.9999847,8.544043
44,200.01103,163.00983,203.00998,171.01144,2.9989471,8.001617,8.545149
44,200.01645,122.99273,203.01694,130.99246,3.0004883,7.999733,8.543925
44,166.9845,155.98944,169.98494,163.98889,3.0004425,7.9994507,8.543645
45,211.99605,147.00026,214.9978,156.00015,3.0017548,8.999893,9.487287
45,167.98854,147.00055,170.9879,156.00041,2.9993591,8.999863,9.4865
45,185.99982,172.99342,188.99962,181.99031,2.9998016,8.996887,9.483817
45,185.99771,129.01222,188.99776,138.01317,3.0000458,9.000946,9.487745
45,182.99696,150.99883,185.99722,159.99863,3.0002594,8.999802,9.486727
45,203.00998,171.01144,206.0139,180.00955,3.0039215,8.998108,9.486279
45,203.01694,130.99246,206.01762,139.99268,3.0006866,9.000214,9.487253
45,169.98494,163.98889,172.98439,172.99191,2.9994507,9.003021,9.489526
46,214.9978,156.00015,217.99599,164.0002,2.9981842,8.000046,8.543409
46,170.9879,156.00041,173.98856,164.00055,3.0006561,8.000137,8.544363
46,188.99962,181.99031,191.9995,189.99054,2.999878,8.000229,8.544175
46,188.99776,138.01317,191.99744,146.01765,2.9996796,8.004486,8.548092
46,185.99722,159.99863,188.99768,167.99857,3.0004578,7.999939,8.544107
46,206.0139,180.00955,209.01578,188.00793,3.0018768,7.9983826,8.543149
46,206.01762,139.99268,209.02287,147.99776,3.005249,8.005081,8.550605
46,172.98439,172.99191,175.98935,180.99858,3.004959,8.006668,8.551989
47,217.99599,164.0002,221.00081,172.9997,3.0048218,8.999496,9.487882
47,173.98856,164.00055,176.98895,172.99991,3.0003967,8.999359,9.48635
47,191.9995,189.99054,195.00285,198.98927,3.003357,8.9987335,9.486693
47,191.99744,146.01765,194.99979,155.01314,3.0023499,8.995483,9.483293
47,188.99768,167.99857,191.99486,176.99895,2.9971771,9.000381,9.486302
47,209.01578,188.00793,212.02393,197.00655,3.0081482,8.998611,9.488096
47,209.02287,147.99776,212.01875,156.99103,2.9958801,8.993271,9.479146
47,175.98935,180.99858,178.99648,189.9972,3.0071259,8.998611,9.487772
48,221.00081,172.9997,223.99759,182.00183,2.9967804,9.002136,9.487843
48,176.98895,172.99991,179.98665,181.99835,2.997696,8.998444,9.484628
48,195.00285,198.98927,198.00291,207.98853,3.000061,8.999252,9.486143
48,194.99979,155.01314,198.00069,164.01591,3.0009003,9.002777,9.489752
48,191.99486,176.99895,194.99532,185.99844,3.0004578,8.999496,9.4865
48,212.02393,197.00655,215.02295,206.00626,2.9990234,8.99971,9.486249
48,212.01875,156.99103,215.0162,165.99023,2.9974518,8.999207,9.485274
48,178.99648,189.9972,181.99693,198.99603,3.0004578,8.99884,9.485878
49,223.99759,182.00183,226.99771,191.00194,3.000122,9.000107,9.486973
49,179.98665,181.99835,182.98192,190.99855,2.9952698,9.000198,9.485526
49,198.00291,207.98853,201.00285,216.98924,2.999939,9.000717,9.487494
49,198.00069,164.01591,201.00075,173.01646,3.000061,9.000549,9.487373
49,194.99532,185.99844,197.99457,194.99875,2.9992523,9.000305,9.486886
49,215.02295,206.00626,218.0243,215.00677,3.001358,9.000519,9.487755
49,215.0162,165.99023,218.0153,174.98872,2.9990997,8.998489,9.485115
49,181.99693,198.99603,184.99571,207.99661,2.9987793,9.00058,9.486997
50,226.99771,191.00194,229.99715,199.00206,2.9994354,8.000122,8.54392
50,182.98192,190.99855,185.98586,198.999,3.0039368,8.0004425,8.545801
50,201.00285,216.98924,204.00311,224.98807,3.0002594,7.998825,8.5429945
50,201.00075,173.01646,204.00063,181.01807,2.999878,8.001602,8.545461
50,197.99457,194.99875,200.99434,202.99866,2.999771,7.9999084,8.543838
50,218.0243,215.00677,221.0275,223.00739,3.003189,8.00061,8.545695
50,218.0153,174.98872,221.01822,182.9878,3.0029144,7.999069,8.544156
50,184.99571,207.99661,187.99696,215.99689,3.0012512,8.000275,8.544701
51,229.99715,199.00206,232.99757,208.00203,3.0004272,8.9999695,9.486939
51,185.98586,198.999,188.98418,207.99939,2.9983215,9.000397,9.486678
51,204.00311,224.98807,207.00308,233.98839,2.9999695,9.00032,9.487127
51,204.00063,181.01807,207.00015,190.01729,2.999527,8.999222,9.485945
51,200.99434,202.99866,203.9948,211.99852,3.0004578,8.999863,9.486848
51,221.0275,223.00739,224.02725,232.00777,2.9997559,9.000381,9.487118
51,221.01822,182.9878,224.0195,191.98845,3.0012817,9.000656,9.487861
51,187.99696,215.99689,190.99574,224.99771,2.9987793,9.000824,9.487228
52,232.99757,208.00203,234.99861,215.00204,2.0010376,7.0000153,7.28041
52,188.98418,207.99939,190.98285,214.99965,1.9986725,7.0002594,7.2799945
52,207.00308,233.98839,209.00322,240.9876,2.0001373,6.9992065,7.2793846
52,207.00015,190.01729,208.9998,197.01689,1.999649,6.9996033,7.279632
52,203.9948,211.99852,205.99422,218.99908,1.9994202,7.0005646,7.2804933
52,224.02725,232.00777,226.02895,239.0087,2.0016937,7.000931,7.2814703
52,224.0195,191.98845,226.01985,198.98814,2.000351,6.999695,7.279913
52,190.99574,224.99771,192.99573,231.99837,1.9999847,7.000656,7.2807364
53,234.99861,215.00204,237.99936,223.00223,3.0007477,8.000183,8.544437
53,190.98285,214.99965,193.98674,222.99986,3.003891,8.000214,8.54557
53,209.00322,240.9876,212.00095,248.98634,2.9977264,7.998749,8.542034
53,208.9998,197.01689,211.99883,205.02293,2.9990234,8.0060425,8.549319
53,205.99422,218.99908,208.99228,226.9995,2.9980621,8.000412,8.543709
53,226.02895,239.0087,229.0293,247.0093,3.000351,8.000595,8.544684
53,226.01985,198.98814,229.02127,206.98769,3.001419,7.999542,8.544073
53,192.99573,231.99837,195.99484,239.99683,2.999115,7.998459,8.542251
54,237.99936,223.00223,240.98668,228.99689,2.98732,5.9946594,6.6977625
54,193.98674,222.99986,197.00502,228.99612,3.01828,5.9962616,6.71306
54,212.00095,248.98634,214.99872,254.97601,2.9977722,5.98967,6.6979685
54,211.99883,205.02293,214.99828,211.0441,2.9994507,6.021164,6.7268953
54,208.99228,226.9995,211.98193,232.99338,2.9896545,5.993881,6.6981077
54,229.0293,247.0093,232.01782,252.99971,2.9885254,5.9904175,6.694504
54,229.02127,206.98769,232.01419,213.002,2.99292,6.0143127,6.7178516
54,195.99484,239.99683,199.01001,245.98907,3.0151672,5.9922485,6.7080755
55,240.98668,228.99689,243.96646,234.00143,2.979782,5.004547,5.8244824
55,197.00502,228.99612,200.02277,234.00195,3.017746,5.005829,5.8450933
55,214.99872,254.97601,218.0042,259.95398,3.005478,4.9779663,5.8148985
55,214.99828,211.0441,218.00163,216.05792,3.003357,5.0138245,5.844535
55,211.98193,232.99338,214.98466,238.0004,3.0027313,5.007019,5.838376
55,232.01782,252.99971,235.01231,257.97913,2.9944916,4.979416,5.81047
55,232.01419,213.002,235.01186,218.01953,2.9976654,5.0175323,5.844795
55,199.01001,245.98907,202.02162,250.98016,3.011612,4.991089,5.8293033
56,243.96646,234.00143,246.9478,239.00027,2.9813385,4.9988403,5.820377
56,200.02277,234.00195,203.04373,238.99806,3.0209656,4.996109,5.838436
56,218.0042,259.95398,221.00336,264.93613,2.9991608,4.982147,5.8152175
56,218.00163,216.05792,221.00119,221.07494,2.9995575,5.0170135,5.84532
56,214.98466,238.0004,217.97253,242.99501,2.9878693,4.9946136,5.820097
56,235.01231,257.97913,237.99214,262.97577,2.979828,4.996643,5.8177156
56,235.01186,218.01953,237.99298,223.02956,2.9811249,5.010025,5.8298764
56,202.02162,250.98016,205.03104,255.97198,3.0094147,4.9918213,5.8287954
57,246.9478,239.00027,249.93044,242.00375,2.9826355,3.003479,4.2328477
57,203.04373,238.99806,206.05852,241.99802,3.0147858,2.9999542,4.253076
57,221.00336,264.93613,224.00471,267.90894,3.001358,2.9728088,4.224422
57,221.00119,221.07494,224.00136,224.08633,3.0001678,3.0113983,4.2508264
57,217.97253,242.99501,220.969,245.99876,2.99646,3.0037537,4.242795
57,237.99214,262.97577,240.99585,265.95032,3.003708,2.9745483,4.2273154
57,237.99298,223.02956,240.97278,226.03725,2.9797974,3.0076904,4.233839
57,205.03104,255.97198,208.04616,258.96155,3.0151215,2.989563,4.2459917
58,249.93044,242.00375,252.90247,243.99731,2.9720306,1.9935608,3.578722
58,206.05852,241.99802,209.08583,243.99477,3.0273132,1.9967499,3.6265182
58,224.00471,267.90894,227.0071,269.88922,3.0023804,1.9802856,3.59664
58,224.00136,224.08633,227.00684,226.12082,3.005478,2.0344849,3.6293285
58,220.969,245.99876,223.96764,247.99309,2.998642,1.9943237,3.601275
58,240.99585,265.95032,243.97314,267.93903,2.977295,1.9887085,3.5803976
58,240.97278,226.03725,243.96933,228.06601,2.9965515,2.0287628,3.618729
58,208.04616,258.96155,211.0718,260.95306,3.0256348,1.9915161,3.6222372
59,252.90247,243.99731,255.86563,244.99995,2.9631653,1.0026398,3.1282
59,209.08583,243.99477,212.1262,244.9983,3.0403748,1.00354,3.2017138
59,227.0071,269.88922,230.00716,270.85336,3.000061,0.96414185,3.15118
59,227.00684,226.12082,230.00418,227.16267,2.997345,1.0418549,3.1732535
59,223.96764,247.99309,226.9519,248.99571,2.9842682,1.0026245,3.148192
59,243.97314,267.93903,246.93414,268.91312,2.9609985,0.9740906,3.1171083
59,243.96933,228.06601,246.94229,229.09708,2.9729614,1.0310669,3.1466806
59,211.0718,260.95306,214.10353,261.92288,3.0317383,0.9698181,3.1830778
60,255.86563,244.99995,258.84732,244.9947,2.9816895,-0.0052490234,2.9816942
60,212.1262,244.9983,215.14351,244.99747,3.0173035,-0.0008392334,3.0173037
60,230.00716,270.85336,233.0024,270.83395,2.9952393,-0.01940918,2.9953022
60,230.00418,227.16267,233.0,227.17923,2.995819,0.016555786,2.9958646
60,226.9519,248.99571,229.94228,248.99414,2.9903717,-0.0015716553,2.9903722
60,246.93414,268.91312,249.93013,268.89484,2.995987,-0.01828003,2.9960427
60,246.94229,229.09708,249.93304,229.10962,2.9907532,0.012542725,2.9907796
60,214.10353,261.92288,217.1125,261.90424,3.0089722,-0.01864624,3.0090299
61,258.84732,244.9947,261.83252,244.00578,2.985199,-0.9889221,3.1447384
61,215.14351,244.99747,218.16127,243.99976,3.0177612,-0.9977112,3.1784132
61,233.0024,270.83395,236.0095,269.82013,3.0071106,-1.0138245,3.1734135
61,233.0,227.17923,235.99509,226.20456,2.9950867,-0.9746704,3.1496868
61,229.94228,248.99414,232.94116,247.99399,2.998886,-1.0001526,3.1612692
61,249.93013,268.89484,252.92934,267.87994,2.9992065,-1.0148926,3.1662672
61,249.93304,229.10962,252.93683,228.13074,3.0037842,-0.97888184,3.159261
61,217.1125,261.90424,220.14102,260.91473,3.0285187,-0.98950195,3.1860697
62,261.83252,244.00578,264.80396,242.0067,2.9714355,-1.9990845,3.5813081
62,218.16127,243.99976,221.18503,242.0037,3.023758,-1.9960632,3.6231728
62,236.0095,269.82013,239.005,267.78647,2.9954987,-2.033661,3.6206062
62,235.99509,226.20456,238.99803,224.23964,3.002945,-1.96492,3.5886753
62,232.94116,247.99399,235.92732,245.99828,2.9861603,-1.9957123,3.5916598
62,252.92934,267.87994,255.91992,265.85663,2.9905853,-2.0233154,3.610735
62,252.93683,228.13074,255.91182,226.1402,2.9749908,-1.9905396,3.5794997
62,220.14102,260.91473,223.16826,258.9139,3.027237,-2.000824,3.6286993
63,264.80396,242.0067,266.77475,238.00594,1.9707947,-4.000763,4.4598355
63,221.18503,242.0037,223.21991,238.00514,2.0348816,-3.9985504,4.486552
63,239.005,267.78647,241.0076,263.7658,2.002594,-4.0206604,4.4917808
63,238.99803,224.23964,241.00745,220.26842,2.0094147,-3.971222,4.4506574
63,235.92732,245.99828,237.92992,242.00154,2.002594,-3.9967346,4.470377
63,255.91992,265.85663,257.9068,261.8329,1.9868774,-4.0237427,4.4875593
63,255.91182,226.1402,257.911,222.16605,1.9991913,-3.9741516,4.448668
63,223.16826,258.9139,225.17967,254.907,2.0114136,-4.006912,4.4834285
64,266.77475,238.00594,269.7346,232.99823,2.9598389,-5.0077057,5.8170233
64,223.21991,238.00514,226.2488,233.0008,3.028885,-5.0043488,5.8495855
64,241.0076,263.7658,244.00189,258.73267,2.9942932,-5.033142,5.856476
64,241.00745,220.26842,244.01114,215.29982,3.0036926,-4.9685974,5.8059564
64,237.92992,242.00154,240.91438,236.99583,2.9844666,-5.005707,5.827876
64,257.9068,261.8329,260.88165,256.80927,2.9748535,-5.0236206,5.838366
64,257.911,222.16605,260.893,217.18913,2.9819946,-4.9769135,5.8018923
64,225.17967,254.907,228.21925,249.89426,3.0395813,-5.012741,5.8623056
65,269.7346,232.99823,272.71942,227.99707,2.9848328,-5.0011597,5.8241587
65,226.2488,233.0008,229.26825,227.9997,3.019455,-5.0010986,5.8419256
65,244.00189,258.73267,247.00636,253.70047,3.0044708,-5.032196,5.8608737
65,244.01114,215.29982,247.00687,210.33362,2.9957275,-4.966202,5.799788
65,240.91438,236.99583,243.90756,231.99269,2.9931793,-5.0031433,5.830143
65,260.88165,256.80927,263.8727,251.78098,2.9910583,-5.02829,5.850652
65,260.893,217.18913,263.8955,212.2268,3.0025024,-4.962326,5.7999744
65,228.21925,249.89426,231.23697,244.87881,3.0177155,-5.015442,5.8533125
66,272.71942,227.99707,275.6736,220.99538,2.954193,-7.0016937,7.5994062
66,229.26825,227.9997,232.30142,221.00076,3.0331726,-6.998932,7.627921
66,247.00636,253.70047,250.01143,246.66939,3.005066,-7.031082,7.6463413
66,247.00687,210.33362,250.01166,203.3636,3.0047913,-6.9700165,7.590119
66,243.90756,231.99269,246.90376,224.99992,2.9962006,-6.9927673,7.607629
66,263.8727,251.78098,266.87488,244.74007,3.0021667,-7.040909,7.6542406
66,263.8955,212.2268,266.8847,205.25851,2.9891968,-6.968292,7.582374
66,231.23697,244.87881,234.26575,237.8588,3.028778,-7.0200195,7.6455326
67,275.6736,220.99538,278.65436,214.00703,2.9807434,-6.9883423,7.5974836
67,232.30142,221.00076,235.33296,214.00395,3.03154,-6.996811,7.625326
67,250.01143,246.66939,253.01161,239.6347,3.000183,-7.034683,7.647736
67,250.01166,203.3636,253.00882,196.39465,2.9971619,-6.9689484,7.58612
67,246.90376,224.99992,249.89308,217.99716,2.9893188,-7.002762,7.614112
67,266.87488,244.74007,269.8632,237.72272,2.9883118,-7.0173492,7.6271358
67,266.8847,205.25851,269.86093,198.28224,2.9762268,-6.9762726,7.58461
67,234.26575,237.8588,237.30302,230.87213,3.0372772,-6.986664,7.618302
68,278.65436,214.00703,281.6208,205.99971,2.9664307,-8.007324,8.539143
68,235.33296,214.00395,238.37021,206.00624,3.0372467,-7.997711,8.555013
68,253.01161,239.6347,256.01074,231.61623,2.9991302,-8.018478,8.561004
68,253.00882,196.39465,256.0077,188.41765,2.9988708,-7.977005,8.522079
68,249.89308,217.99716,252.88914,209.99973,2.9960632,-7.9974365,8.540222
68,269.8632,237.72272,272.85605,229.6889,2.992859,-8.033813,8.573177
68,269.86093,198.28224,272.8613,190.31328,3.0003662,-7.9689636,8.5150795
68,237.30302,230.87213,240.33478,222.86842,3.0317535,-8.003708,8.558672
69,281.6208,205.99971,284.57556,198.00456,2.954773,-7.9951477,8.523677
69,238.37021,206.00624,241.40425,198.0075,3.0340424,-7.9987335,8.5548315
69,256.01074,231.61623,259.00488,223.5797,2.9941406,-8.03653,8.57617
69,256.0077,188.41765,259.005,180.44954,2.9973145,-7.968109,8.513205
69,252.88914,209.99973,255.88016,201.99503,2.9910126,-8.0047,8.545255
69,272.85605,229.6889,275.86133,221.65523,3.0052795,-8.033676,8.577393
69,272.8613,190.31328,275.84872,182.342,2.9874268,-7.971283,8.512701
69,240.33478,222.86842,243.37192,214.86533,3.03714,-8.003098,8.560011
70,284.57556,198.00456,287.54013,189.00342,2.964569,-9.001144,9.476775
70,241.40425,198.0075,244.44681,188.99988,3.0425568,-9.007629,9.507605
70,259.00488,223.5797,262.00476,214.54362,2.999878,-9.036072,9.521022
70,259.005,180.44954,262.00952,171.49648,3.0045166,-8.953064,9.443753
70,255.88016,201.99503,258.87225,192.99785,2.992096,-8.997177,9.481658
70,275.86133,221.65523,278.8539,212.61996,2.9925842,-9.035263,9.517959
70,275.84872,182.342,278.85706,173.39595,3.0083313,-8.946045,9.438314
70,243.37192,214.86533,246.40834,205.84206,3.0364227,-9.02327,9.520465
71,287.54013,189.00342,290.48532,180.00516,2.9451904,-8.9982605,9.46799
71,244.44681,188.99988,247.50143,180.00508,3.0546265,-8.994797,9.499322
71,262.00476,214.54362,265.0103,205.47801,3.0055542,-9.065613,9.550848
71,262.00952,171.49648,265.0059,162.55798,2.9963684,-8.938492,9.427346
71,258.87225,192.99785,261.8507,183.99937,2.9784546,-8.998474,9.478593
71,278.8539,212.61996,281.8332,203.55537,2.9792786,-9.06459,9.54164
71,278.85706,173.39595,281.83148,164.45018,2.9744263,-8.94577,9.427301
71,246.40834,205.84206,249.4645,196.8383,3.0561523,-9.003754,9.508293
72,290.48532,180.00516,293.45984,171.99934,2.9745178,-8.005814,8.540539
72,247.50143,180.00508,250.5332,171.99919,3.0317688,-8.00589,8.560719
72,265.0103,205.47801,268.0053,197.46278,2.994995,-8.015228,8.556511
72,265.0059,162.55798,267.99954,154.57791,2.9936523,-7.980072,8.523116
72,261.8507,183.99937,264.84143,175.99675,2.9907227,-8.0026245,8.543209
72,281.8332,203.55537,284.8336,195.52768,3.0003967,-8.027695,8.57008
72,281.83148,164.45018,284.83722,156.48384,3.0057373,-7.966339,8.514518
72,249.4645,196.8383,252.48969,188.83585,3.0251923,-8.002457,8.55518
73,293.45984,171.99934,295.43448,163.00586,1.9746399,-8.9934845,9.207712
73,250.5332,171.99919,252.56673,163.00505,2.0335236,-8.994141,9.221159
73,268.0053,197.46278,270.02084,188.41525,2.0155334,-9.047531,9.269315
73,267.99954,154.57791,270.01715,145.62158,2.0176086,-8.956329,9.180773
73,264.84143,175.99675,266.84628,166.99478,2.0048523,-9.001968,9.22252
73,284.8336,195.52768,286.82706,186.4961,1.9934692,-9.031586,9.248971
73,284.83722,156.48384,286.84644,147.52266,2.0092163,-8.961182,9.183666
73,252.48969,188.83585,254.53352,179.82773,2.0438385,-9.008118,9.23707
74,295.43448,163.00586,298.3889,154.00822,2.9544067,-8.997635,9.470267
74,252.56673,163.00505,255.59848,154.01219,3.0317535,-8.992859,9.490155
74,270.02084,188.41525,273.00955,179.3798,2.9887085,-9.035446,9.516915
74,270.01715,145.62158,273.00693,136.64682,2.9897766,-8.974762,9.459658
74,266.84628,166.99478,269.8273,157.99895,2.981018,-8.995834,9.476893
74,286.82706,186.4961,289.82245,177.45018,2.9953918,-9.045914,9.528952
74,286.84644,147.52266,289.82556,138.55324,2.979126,-8.969421,9.451228
74,254.53352,179.82773,257.57425,170.8411,3.0407257,-8.986633,9.487127
75,298.3889,154.00822,301.35544,146.00566,2.9665527,-8.002563,8.534721
75,255.59848,154.01219,258.64417,146.00047,3.0456848,-8.011719,8.571105
75,273.00955,179.3798,276.0087,171.3456,2.9991455,-8.03421,8.575745
75,273.00693,136.64682,275.99924,128.68927,2.9923096,-7.95755,8.50156
75,269.8273,157.99895,272.8195,149.99643,2.9921875,-8.002518,8.543622
75,289.82245,177.45018,292.82443,169.41417,3.0019836,-8.036011,8.578424
75,289.82556,138.55324,292.82724,130.59366,3.0016785,-7.9595795,8.506761
75,257.57425,170.8411,260.61673,162.83096,3.0424805,-8.010132,8.568483
76,301.35544,146.00566,304.32678,138.00572,2.971344,-7.999939,8.533927
76,258.64417,146.00047,261.6778,138.00993,3.0336304,-7.9905396,8.547025
76,276.0087,171.3456,279.0035,163.31232,2.994812,-8.033279,8.573359
76,275.99924,128.68927,278.999,120.72769,2.9997559,-7.9615784,8.507954
76,272.8195,149.99643,275.8096,142.00354,2.9901123,-7.9928894,8.533876
76,292.82443,169.41417,295.828,161.37984,3.0035706,-8.034332,8.577408
76,292.82724,130.59366,295.8275,122.63459,3.0002747,-7.9590683,8.505788
76,260.61673,162.83096,263.6481,154.83018,3.031372,-8.000778,8.555798
77,304.32678,138.00572,307.2716,131.01227,2.9448242,-6.993454,7.5881743
77,261.6778,138.00993,264.72253,131.00499,3.0447388,-7.004944,7.638041
77,279.0035,163.31232,282.01138,156.26259,3.0078735,-7.0497284,7.6645923
77,278.999,120.72769,282.00775,113.781845,3.0087585,-6.9458466,7.5695057
77,275.8096,142.00354,278.80862,134.99963,2.9990234,-7.0039062,7.618979
77,295.828,161.37984,298.809,154.32678,2.9809875,-7.053055,7.657145
77,295.8275,122.63459,298.81903,115.69581,2.991516,-6.9387817,7.55618
77,263.6481,154.83018,266.69153,147.8089,3.0434265,-7.021286,7.6525097
78,307.2716,131.01227,310.22354,124.0212,2.9519348,-6.991066,7.5887365
78,264.72253,131.00499,267.76965,124.01071,3.0471191,-6.994278,7.629211
78,282.01138,156.26259,285.00977,149.22665,2.9983826,-7.0359344,7.648181
78,282.00775,113.781845,285.0035,106.839005,2.995758,-6.9428406,7.5615873
78,278.80862,134.99963,281.7914,127.99999,2.982788,-6.9996414,7.60868
78,298.809,154.32678,301.79675,147.28818,2.9877625,-7.0386047,7.6464815
78,298.81903,115.69581,301.79922,108.7354,2.980194,-6.960411,7.5715837
78,266.69153,147.8089,269.73953,140.78337,3.0480042,-7.025528,7.6582227
79,310.22354,124.0212,313.17188,119.007065,2.9483337,-5.0141373,5.816721
79,267.76965,124.01071,270.81686,119.0129,3.0472107,-4.9978104,5.853512
79,285.00977,149.22665,288.01218,144.18542,3.002411,-5.0412292,5.867577
79,285.0035,106.839005,288.00488,101.863525,3.0013733,-4.975479,5.8106484
79,281.7914,127.99999,284.7838,123.00002,2.9924011,-4.9999695,5.8270197
79,301.79675,147.28818,304.7829,142.24858,2.986145,-5.0395966,5.857866
79,301.79922,108.7354,304.7812,103.76964,2.981964,-4.9657593,5.7923117
79,269.73953,140.78337,272.7783,135.76706,3.0387573,-5.0163116,5.864932
80,313.17188,119.007065,316.14166,114.00474,2.9697876,-5.002327,5.8174663
80,270.81686,119.0129,273.84326,114.01544,3.0263977,-4.9974594,5.842404
80,288.01218,144.18542,291.01562,139.1568,3.0034485,-5.0286255,5.857284
80,288.00488,101.863525,291.00653,96.88699,3.001648,-4.976532,5.8116918
80,284.7838,123.00002,287.77847,117.99533,2.9946594,-5.004692,5.832232
80,304.7829,142.24858,307.77942,137.19974,2.996521,-5.0488434,5.8711123
80,304.7812,103.76964,307.7866,98.81101,3.0054016,-4.958626,5.7983108
80,272.7783,135.76706,275.81567,130.76753,3.037384,-4.999527,5.8498693
81,316.14166,114.00474,319.13553,110.007774,2.993866,-3.9969635,4.9938912
81,273.84326,114.01544,276.83963,110.01464,2.9963684,-4.000801,4.998463
81,291.01562,139.1568,294.01715,135.14325,3.0015259,-4.01355,5.01176
81,291.00653,96.88699,294.01965,92.9037,3.0131226,-3.9832916,4.9945493
81,287.77847,117.99533,290.7797,113.99598,3.0012207,-3.9993515,5.0002136
81,307.77942,137.19974,310.78735,133.19495,3.0079346,-4.0047913,5.008595
81,307.7866,98.81101,310.7877,94.81299,3.0010986,-3.998024,4.9990788
81,275.81567,130.76753,278.8169,126.75892,3.0012207,-4.0086136,5.007625
82,319.13553,110.007774,322.13004,108.00214,2.9945068,-2.0056381,3.6041167
82,276.83963,110.01464,279.84055,108.01445,3.0009155,-2.0001907,3.6064188
82,294.01715,135.14325,297.01224,133.14026,2.9950867,-2.0029907,3.6031258
82,294.01965,92.9037,297.0128,90.90445,2.9931335,-1.9992523,3.5994246
82,290.7797,113.99598,293.77567,111.99903,2.9959717,-1.9969482,3.6005068
82,310.78735,133.19495,313.7721,131.19902,2.9847412,-1.9959259,3.5905988
82,310.7877,94.81299,313.78174,92.812126,2.994049,-2.0008621,3.6010802
82,278.8169,126.75892,281.82733,124.76155,3.010437,-1.9973679,3.6127841
83,322.13004,108.00214,325.12048,107.01446,2.990448,-0.9876785,3.1493313
83,279.84055,108.01445,282.85886,107.013725,3.0183105,-1.0007248,3.1798818
83,297.01224,133.14026,300.01788,132.1109,3.0056458,-1.0293579,3.1770244
83,297.0128,90.90445,300.0126,89.90982,2.999817,-0.9946289,3.1604095
83,293.77567,111.99903,296.76978,110.99448,2.99411,-1.0045547,3.1581364
83,313.7721,131.19902,316.75818,130.19446,2.986084,-1.0045624,3.1505306
83,313.78174,92.812126,316.79092,91.82594,3.0091858,-0.98618317,3.1666632
83,281.82733,124.76155,284.84747,123.757935,3.0201416,-1.0036163,3.1825306
84,325.12048,107.01446,327.12207,107.0145,2.001587,4.5776367e-05,2.001587
84,282.85886,107.013725,284.85672,107.0138,1.9978638,7.6293945e-05,1.9978638
84,300.01788,132.1109,302.01794,132.11087,2.000061,-3.0517578e-05,2.000061
84,300.0126,89.90982,302.0126,89.90979,2.0,-3.0517578e-05,2.0
84,296.76978,110.99448,298.77118,110.99448,2.0014038,0.0,2.0014038
84,316.75818,130.19446,318.76065,130.19415,2.002472,-0.00030517578,2.002472
84,316.79092,91.82594,318.7937,91.8263,2.002777,0.00035858154,2.002777
84,284.84747,123.757935,286.8456,123.75728,1.9981384,-0.00065612793,1.9981385
85,327.12207,107.0145,330.11847,108.01498,2.996399,1.000473,3.1590114
85,284.85672,107.0138,287.85562,108.01379,2.9989014,0.99998474,3.1612306
85,302.01794,132.11087,305.01767,133.11368,2.9997253,1.0028076,3.1629062
85,302.0126,89.90979,305.01248,90.907715,2.999878,0.9979248,3.1615062
85,298.77118,110.99448,301.7676,111.99437,2.9964294,0.9998932,3.1588566
85,318.76065,130.19415,321.75684,131.19504,2.9961853,1.000885,3.1589391
85,318.7937,91.8263,321.78915,92.8253,2.995453,0.99900055,3.1576478
85,286.8456,123.75728,289.84573,124.760605,3.000122,1.0033264,3.163447
86,330.11847,108.01498,333.12036,110.015,3.001892,2.000023,3.6071384
86,287.85562,108.01379,290.8519,110.013535,2.9962769,1.9997482,3.6023142
86,305.01767,133.11368,308.01785,135.11395,3.000183,2.0002747,3.605856
86,305.01248,90.907715,308.01236,92.90779,2.999878,2.0000763,3.605492
86,301.7676,111.99437,304.77048,113.9944,3.0028687,2.0000305,3.6079555
86,321.75684,131.19504,324.7609,133.19382,3.0040588,1.9987793,3.6082528
86,321.78915,92.8253,324.79358,94.82683,3.004425,2.0015259,3.6100798
86,289.84573,124.760605,292.84653,126.76429,3.0007935,2.003685,3.6082566
87,333.12036,110.015,336.12134,113.01358,3.0009766,2.998581,4.242328
87,290.8519,110.013535,293.85394,113.01341,3.0020447,2.999878,4.2440004
87,308.01785,135.11395,311.01807,138.1136,3.0002136,2.999649,4.2425437
87,308.01236,92.90779,311.01334,95.90749,3.0009766,2.9997025,4.2431207
87,304.77048,113.9944,307.76752,116.99416,2.9970398,2.9997635,4.240381
87,324.7609,133.19382,327.75732,136.19528,2.9964294,3.0014648,4.2411532
87,324.79358,94.82683,327.78897,97.82542,2.9953918,2.9985886,4.2383847
87,292.84653,126.76429,295.84576,129.76031,2.999237,2.996025,4.239291
88,336.12134,113.01358,339.12247,118.01489,3.0011292,5.0013123,5.8326583
88,293.85394,113.01341,296.85016,118.0135,2.9962158,5.000084,5.8290777
88,311.01807,138.1136,314.01782,143.11588,2.9997559,5.0022736,5.832776
88,311.01334,95.90749,314.0131,100.90659,2.9997559,4.9990997,5.8300543
88,307.76752,116.99416,310.76938,121.994255,3.0018616,5.0000916,5.8319883
88,327.75732,136.19528,330.75928,141.19473,3.0019531,4.9994507,5.831486
88,327.78897,97.82542,330.79205,102.825836,3.0030823,5.0004196,5.8328977
88,295.84576,129.76031,298.8464,134.76413,3.0006409,5.0038147,5.834553
89,339.12247,118.01489,342.12436,123.013,3.001892,4.998108,5.8303037
89,296.85016,118.0135,299.85257,123.01357,3.002411,5.0000763,5.832258
89,314.01782,143.11588,317.01785,148.11548,3.0000305,4.9996033,5.8306274
89,314.0131,100.90659,317.0133,105.90572,3.0002136,4.9991302,5.830316
89,310.76938,121.994255,313.76703,126.9943,2.9976501,5.000046,5.8297825
89,330.75928,141.19473,333.75623,146.19624,2.9969482,5.0015106,5.830678
89,330.79205,102.825836,333.78806,107.82466,2.9960022,4.998825,5.8278885
89,298.8464,134.76413,301.84567,139.75899,2.9992676,4.994858,5.826166
90,342.12436,123.013,345.12595,129.01071,3.001587,5.997711,6.7068667
90,299.85257,123.01357,302.85068,129.01398,2.998108,6.0004044,6.70772
90,317.01785,148.11548,320.0177,154.11226,2.9998474,5.9967804,6.705256
90,317.0133,105.90572,320.0133,111.90677,3.0,6.001045,6.709139
90,313.76703,126.9943,316.7697,132.99438,3.0026855,6.000084,6.7094803
90,333.75623,146.19624,336.76196,152.19336,3.0057373,5.997116,6.7081933
90,333.78806,107.82466,336.79642,113.82618,3.0083618,6.0015182,6.713305
90,301.84567,139.75899,304.84595,145.76205,3.0002747,6.003067,6.71107
91,345.12595,129.01071,348.12335,137.01068,2.997406,7.9999695,8.543065
91,302.85068,129.01398,305.85583,137.01407,3.0051575,8.000092,8.545902
91,320.0177,154.11226,323.01788,162.11357,3.000183,8.001312,8.545297
91,320.0133,111.90677,323.01352,119.905624,3.0002136,7.9988556,8.543007
91,316.7697,132.99438,319.76663,140.99432,2.9969177,7.999939,8.542865
91,336.76196,152.19336,339.7581,160.19427,2.9961243,8.000916,8.543501
91,336.79642,113.82618,339.7945,121.82491,2.9980774,7.9987335,8.542143
91,304.84595,145.76205,307.84357,153.75842,2.9976196,7.9963684,8.539767
92,348.12335,137.01068,351.1266,144.01175,3.0032349,7.001068,7.6180296
92,305.85583,137.01407,308.8529,144.01404,2.9970703,6.9999695,7.6145916
92,323.01788,162.11357,326.01764,169.11449,2.9997559,7.0009155,7.6165185
92,323.01352,119.905624,326.0139,126.906525,3.0003662,7.0009003,7.616745
92,319.76663,140.99432,322.7685,147.99442,3.0018616,7.0000916,7.616591
92,339.7581,160.19427,342.7583,167.19374,3.0002136,6.999466,7.6153665
92,339.7945,121.82491,342.802,128.83731,3.0075073,7.012398,7.630126
92,307.84357,153.75842,310.84357,160.76155,3.0,7.003128,7.6186485
93,351.1266,144.01175,354.12164,153.01093,2.9950562,8.999176,9.4844885
93,308.8529,144.01404,311.84927,153.01285,2.9963684,8.99881,9.484556
93,326.01764,169.11449,329.01788,178.11041,3.0002441,8.995926,9.483046
93,326.0139,126.906525,329.01373,135.90506,2.9998474,8.998535,9.4853945
93,322.7685,147.99442,325.76602,156.99438,2.997528,8.9999695,9.486023
93,342.7583,167.19374,345.7556,176.19531,2.9973145,9.001572,9.487475
93,342.802,128.83731,345.7984,137.82062,2.996399,8.983307,9.469858
93,310.84357,160.76155,313.83875,169.74866,2.9951782,8.987106,9.473076
94,354.12164,153.01093,356.1215,161.01094,1.9998474,8.000015,8.246189
94,311.84927,153.01285,313.8493,161.01282,2.0000305,7.9999695,8.246189
94,329.01788,178.11041,331.0185,186.11096,2.0006104,8.000549,8.246892
94,329.01373,135.90506,331.01428,143.90492,2.0005493,7.9998627,8.246211
94,325.76602,156.99438,327.76486,164.99442,1.9988403,8.0000305,8.245959
94,345.7556,176.19531,347.75308,184.19618,1.997467,8.00087,8.246441
94,345.7984,137.82062,347.79727,145.82047,1.9988708,7.9998474,8.24579
94,313.83875,169.74866,315.8408,177.75034,2.0020447,8.001678,8.248336
95,356.1215,161.01094,359.11484,170.02287,2.9933472,9.011932,9.496055
95,313.8493,161.01282,316.8585,170.02286,3.0091858,9.01004,9.499265
95,331.0185,186.11096,334.00922,195.12325,2.9907227,9.012283,9.495561
95,331.01428,143.90492,334.00433,152.90282,2.9900513,8.997894,9.481693
95,327.76486,164.99442,330.7589,174.00179,2.994049,9.00737,9.491946
95,347.75308,184.19618,350.75714,193.19676,3.0040588,9.00058,9.4886675
95,347.79727,145.82047,350.78372,154.83157,2.9864502,9.011108,9.4931
95,315.8408,177.75034,318.8255,186.76396,2.9847107,9.013626,9.494944
96,359.11484,170.02287,362.11496,179.02332,3.000122,9.0004425,9.487291
96,316.8585,170.02286,319.85764,179.019,2.9991455,8.99614,9.482901
96,334.00922,195.12325,337.00903,204.11998,2.999817,8.996735,9.483677
96,334.00433,152.90282,337.00275,161.93254,2.998413,9.029724,9.514536
96,330.7589,174.00179,333.75565,183.00194,2.9967346,9.000153,9.485946
96,350.75714,193.19676,353.75278,202.19699,2.995636,9.000229,9.485671
96,350.78372,154.83157,353.78802,163.84387,3.004303,9.012299,9.499861
96,318.8255,186.76396,321.8265,195.75879,3.001007,8.994827,9.4822445
97,362.11496,179.02332,365.11752,188.02243,3.0025635,8.999115,9.486804
97,319.85764,179.019,322.86115,188.01843,3.0035095,8.999435,9.487408
97,337.00903,204.11998,340.00912,213.12009,3.0000916,9.000107,9.486963
97,337.00275,161.93254,340.004,170.93045,3.0012512,8.99791,9.485246
97,333.75565,183.00194,336.75854,192.00198,3.0028992,9.000046,9.487794
97,353.75278,202.19699,356.7572,211.19614,3.004425,8.9991455,9.487423
97,353.78802,163.84387,356.7906,172.83926,3.0025635,8.995392,9.483273
97,321.8265,195.75879,324.83255,204.76762,3.0060425,9.008835,9.497126
98,365.11752,188.02243,368.11597,196.02266,2.9984436,8.000229,8.543672
98,322.86115,188.01843,325.86752,196.02142,3.0063782,8.002991,8.549045
98,340.00912,213.12009,343.0092,221.12132,3.000061,8.001236,8.545182
98,340.004,170.93045,343.00275,178.94188,2.9987488,8.011429,8.554267
98,336.75854,192.00198,339.7549,200.00194,2.9963684,7.999954,8.542686
98,356.7572,211.19614,359.75513,219.19377,2.9979248,7.997635,8.54106
98,356.7906,172.83926,359.79248,180.84727,3.001892,8.008011,8.552169
98,324.83255,204.76762,327.83237,212.76448,2.999817,7.9968567,8.540997
99,368.11597,196.02266,371.116,205.02261,3.0000305,8.999954,9.486799
99,325.86752,196.02142,328.86832,205.0215,3.0007935,9.000076,9.487156
99,343.0092,221.12132,346.0095,230.11845,3.0003052,8.997131,9.484208
99,343.00275,178.94188,346.0051,187.93944,3.0023499,8.997559,9.485261
99,339.7549,200.00194,342.75827,209.00195,3.003357,9.000015,9.487909
99,359.75513,219.19377,362.75922,228.19339,3.0040894,8.999619,9.487765
99,359.79248,180.84727,362.79373,189.84244,3.0012512,8.995163,9.48264
99,327.83237,212.76448,330.82965,221.75923,2.997284,8.994751,9.480994
100,371.116,205.02261,374.1156,213.0229,2.9996033,8.00029,8.544136
100,328.86832,205.0215,331.87296,213.01971,3.0046387,7.9982147,8.5439625
100,346.0095,230.11845,349.00986,238.12004,3.0003662,8.001587,8.545618
100,346.0051,187.93944,349.00504,195.93816,2.999939,7.9987183,8.542782
100,342.75827,209.00195,345.7551,217.002,2.9968262,8.000046,8.5429325
100,362.75922,228.19339,365.75494,236.19493,2.9957275,8.001541,8.543947
100,362.79373,189.84244,365.7915,197.8418,2.9977722,7.999359,8.542622
100,330.82965,221.75923,333.8317,229.75711,3.0020447,7.997879,8.542736
101,374.1156,213.0229,377.11578,220.02176,3.000183,6.9988556,7.6147933
101,331.87296,213.01971,334.87265,220.01952,2.9996948,6.9998016,7.6154704
101,349.00986,238.12004,352.00903,245.12239,2.999176,7.00235,7.6176085
101,349.00504,195.93816,352.00507,202.93741,3.0000305,6.9992523,7.615098
101,345.7551,217.002,348.7576,224.00197,3.0025024,6.9999695,7.616731
101,365.75494,236.19493,368.76117,243.19403,3.0062256,6.9990997,7.6174
101,365.7915,197.8418,368.79626,204.84242,3.0047607,7.0006256,7.6182246
101,333.8317,229.75711,336.83218,236.76448,3.0004883,7.00737,7.62274
102,377.11578,220.02176,380.11185,227.02249,2.9960632,7.0007324,7.6148963
102,334.87265,220.01952,337.87152,227.02032,2.9988708,7.0008087,7.6160717
102,352.00903,245.12239,355.00937,252.1227,3.0003357,7.000305,7.6161857
102,352.00507,202.93741,355.00723,209.93034,3.0021667,6.992935,7.6101346
102,348.7576,224.00197,351.75482,231.00159,2.997223,6.9996185,7.614329
102,368.76117,243.19403,371.7556,250.19598,2.9944458,7.001953,7.6153827
102,368.79626,204.84242,371.7967,211.84492,3.0004272,7.0025024,7.618242
102,336.83218,236.76448,339.82718,243.76031,2.994995,6.9958344,7.6099734
103,380.11185,227.02249,383.12042,233.02406,3.0085754,6.0015717,6.7134485
103,337.87152,227.02032,340.8703,233.0192,2.9987793,5.998871,6.706648
103,355.00937,252.1227,358.0098,258.12134,3.0004272,5.998642,6.7071805
103,355.00723,209.93034,358.00723,215.93115,3.0,6.0008087,6.708927
103,351.75482,231.00159,354.7575,237.00159,3.0026855,6.0,6.7094054
103,371.7556,250.19598,374.75403,256.19733,2.998413,6.001343,6.7086954
103,371.7967,211.84492,374.8001,217.8441,3.003418,5.999176,6.7089963
103,339.82718,243.76031,342.8294,249.7634,3.0022278,6.0030823,6.711957
104,383.12042,233.02406,386.1144,237.0236,2.993988,3.9995422,4.9960284
104,340.8703,233.0192,343.87268,237.02042,3.0023804,4.0012207,5.002405
104,358.0098,258.12134,361.00946,262.12256,2.9996643,4.0012207,5.0007753
104,358.00723,215.93115,361.00702,219.92973,2.9997864,3.998581,4.9987364
104,354.7575,237.00159,357.75427,241.00171,2.9967651,4.000122,4.9981575
104,374.75403,256.19733,377.74976,260.19843,2.9957275,4.0010986,4.9983172
104,374.8001,217.8441,377.79614,221.84479,2.9960327,4.0006866,4.99817
104,342.8294,249.7634,345.83078,253.7604,3.0013733,3.9970093,4.998432
105,386.1144,237.0236,388.11566,241.0237,2.0012512,4.0000916,4.4727774
105,343.87268,237.02042,345.87396,241.01949,2.0012817,3.9990692,4.4718766
105,361.00946,262.12256,363.00995,266.12265,2.0004883,4.0000916,4.4724364
105,361.00702,219.92973,363.00732,223.92966,2.0003052,3.9999237,4.472204
105,357.75427,241.00171,359.7524,245.00156,1.9981384,3.9998474,4.471167
105,377.74976,260.19843,379.74734,264.19818,1.9975891,3.9997559,4.47084
105,377.79614,221.84479,379.7945,225.84456,1.998352,3.999771,4.4711943
105,345.83078,253.7604,347.8341,257.7627,2.0033264,4.002289,4.4756713
106,388.11566,241.0237,391.11588,244.02303,3.0002136,2.9993286,4.242317
106,345.87396,241.01949,348.86395,244.01888,2.9899902,2.9993896,4.235136
106,363.00995,266.12265,366.00967,269.12598,2.9997253,3.0033264,4.2447996
106,363.00732,223.92966,366.00644,226.93338,2.999115,3.0037231,4.244649
106,359.7524,245.00156,362.7548,248.00168,3.0023804,3.000122,4.2444105
106,379.74734,264.19818,382.74954,267.19708,3.0021973,2.9989014,4.243418
106,379.7945,225.84456,382.7993,228.8506,3.0047913,3.0060425,4.2503014
106,347.8341,257.7627,350.83438,260.76517,3.0002747,3.002472,4.244583
107,391.11588,244.02303,394.10434,245.00322,2.9884644,0.9801941,3.1451073
107,348.86395,244.01888,351.84393,244.99924,2.9799805,0.98036194,3.1370993
107,366.00967,269.12598,369.02417,270.12836,3.0144958,1.0023804,3.176783
107,366.00644,226.93338,369.01566,227.90155,3.0092163,0.96817017,3.161129
107,362.7548,248.00168,365.76083,248.9907,3.0060425,0.98902893,3.1645646
107,382.74954,267.19708,385.75308,268.18393,3.00354,0.9868469,3.161506
107,382.7993,228.8506,385.78598,229.82416,2.9866943,0.9735565,3.141362
107,350.83438,260.76517,353.8361,261.7524,3.001709,0.98724365,3.1598904
108,394.10434,245.00322,397.11115,245.00485,3.0068054,0.0016326904,3.006806
108,351.84393,244.99924,354.84534,245.00006,3.0014038,0.0008239746,3.001404
108,369.02417,270.12836,372.02478,270.12125,3.0006104,-0.0071105957,3.0006187
108,369.01566,227.90155,372.01843,227.90997,3.002777,0.008422852,3.0027888
108,365.76083,248.9907,368.7641,248.99066,3.0032654,-4.5776367e-05,3.0032654
108,385.75308,268.18393,388.7575,268.1829,3.004425,-0.0010375977,3.0044253
108,385.78598,229.82416,388.797,229.82852,3.0110168,0.0043640137,3.01102
108,353.8361,261.7524,356.83786,261.74924,3.00177,-0.0031738281,3.0017717
109,397.11115,245.00485,400.11273,245.00575,3.001587,0.00090026855,3.0015872
109,354.84534,245.00006,357.8454,244.99951,3.000061,-0.0005493164,3.000061
109,372.02478,270.12125,375.0252,270.1247,3.0004272,0.0034484863,3.0004292
109,372.01843,227.90997,375.0191,227.91121,3.0006714,0.0012359619,3.0006716
109,368.7641,248.99066,371.7597,248.99095,2.9956055,0.000289917,2.9956055
109,388.7575,268.1829,391.75458,268.18353,2.9970703,0.00064086914,2.9970703
109,388.797,229.82852,391.7925,229.82693,2.995514,-0.0015869141,2.9955144
109,356.83786,261.74924,359.83633,261.74945,2.9984741,0.00021362305,2.9984741
110,400.11273,245.00575,403.10956,243.00615,2.9968262,-1.9996033,3.6026907
110,357.8454,244.99951,360.85187,243.00153,3.0064697,-1.9979858,3.609821
110,375.0252,270.1247,378.02408,268.11896,2.9988708,-2.0057373,3.6077983
110,375.0191,227.91121,378.01514,225.92694,2.9960327,-1.9842682,3.5935404
110,371.7597,248.99095,374.76273,246.99094,3.0030212,-2.0000153,3.608074
110,391.75458,268.18353,394.75928,266.1791,3.0046997,-2.004425,3.6119165
110,391.7925,229.82693,394.80225,227.83873,3.009735,-1.988205,3.6071408
110,359.83633,261.74945,362.84106,259.7539,3.0047302,-1.9955444,3.607021
111,403.10956,243.00615,406.1141,239.00737,3.004547,-3.9987793,5.001754
111,360.85187,243.00153,363.8576,239.00092,3.0057373,-4.0006104,5.0039325
111,378.02408,268.11896,381.02432,264.1209,3.0002441,-3.9980469,4.9985843
111,378.01514,225.92694,381.01437,221.92264,2.999237,-4.004303,5.0029855
111,374.76273,246.99094,377.75943,242.99103,2.996704,-3.9999084,4.99795
111,394.75928,266.1791,397.7567,262.18036,2.9974365,-3.9987488,4.997461
111,394.80225,227.83873,397.7955,223.83351,2.9932556,-4.0052185,5.0001354
111,362.84106,259.7539,365.83798,255.75072,2.9969177,-4.003189,5.000704
112,406.1141,239.00737,409.1117,235.00708,2.997589,-4.00029,4.998786
112,363.8576,239.00092,366.8589,235.00166,3.0012817,-3.9992523,5.000171
112,381.02432,264.1209,384.02408,260.11917,2.9997559,-4.0017395,5.0012455
112,381.01437,221.92264,384.01373,217.92552,2.9993591,-3.997116,4.9973083
112,377.75943,242.99103,380.76303,238.99106,3.003601,-3.9999695,5.002137
112,397.7567,262.18036,400.75888,258.17957,3.0021667,-4.0007935,5.001935
112,397.7955,223.83351,400.79855,219.83607,3.0030518,-3.9974365,4.9997816
112,365.83798,255.75072,368.8398,251.75331,3.001831,-3.997406,4.9990244
113,409.1117,235.00708,412.1075,230.00645,2.995819,-5.0006256,5.8293386
113,366.8589,235.00166,369.85922,230.00146,3.0003357,-5.0001984,5.8312945
113,384.02408,260.11917,387.02423,255.12505,3.0001526,-4.9941254,5.825994
113,384.01373,217.92552,387.01425,212.91966,3.0005188,-5.0058594,5.8362436
113,380.76303,238.99106,383.7594,233.9899,2.9963684,-5.0011597,5.830079
113,400.75888,258.17957,403.75403,253.18433,2.9951477,-4.9952393,5.8243732
113,400.79855,219.83607,403.79306,214.83133,2.9945068,-5.0047455,5.8321996
113,368.8398,251.75331,371.8429,246.76073,3.0030823,-4.992584,5.8261824
114,412.1075,230.00645,415.10413,224.00702,2.9966125,-5.9994354,6.7061844
114,369.85922,230.00146,372.85593,224.0015,2.996704,-5.9999695,6.706703
114,387.02423,255.12505,390.0236,249.12158,2.9993591,-6.0034637,6.7110157
114,387.01425,212.91966,390.0143,206.92104,3.000061,-5.9986267,6.7070026
114,383.7594,233.9899,386.76248,227.98982,3.0030823,-6.0000763,6.709651
114,403.75403,253.18433,406.76227,247.18347,3.0082397,-6.0008545,6.712657
114,403.79306,214.83133,406.79837,208.8339,3.00531,-5.9974365,6.7082887
114,371.8429,246.76073,374.8474,240.76312,3.0045166,-5.9976044,6.708083
115,415.10413,224.00702,417.10327,217.00702,1.9991455,-7.0,7.2798753
115,372.85593,224.0015,374.85602,217.00104,2.0000916,-7.000458,7.2805753
115,390.0236,249.12158,392.02332,242.12292,1.9997253,-6.998657,7.2787433
115,390.0143,206.92104,392.01447,199.92056,2.0001526,-7.000473,7.2806067
115,386.76248,227.98982,388.75818,220.98933,1.995697,-7.0004883,7.2793984
115,406.76227,247.18347,408.76108,240.17789,1.9988098,-7.0055847,7.285153
115,406.79837,208.8339,408.79132,201.82912,1.9929504,-7.004776,7.28277
115,374.8474,240.76312,376.8469,233.76039,1.9994812,-7.0027313,7.2825937
116,417.10327,217.00702,420.15277,209.01959,3.0494995,-7.9874268,8.549762
116,374.85602,217.00104,377.8038,209.01352,2.9477844,-7.9875183,8.514099
116,392.02332,242.12292,395.01413,234.1763,2.9908142,-7.9466248,8.490808
116,392.01447,199.92056,395.0027,191.86919,2.9882202,-8.051376,8.588022
116,388.75818,220.98933,391.76828,213.00249,3.0101013,-7.986847,8.535247
116,408.76108,240.17789,411.7601,232.22948,2.9990234,-7.94841,8.495373
116,408.79132,201.82912,411.7759,193.77505,2.9845886,-8.054062,8.589277
116,376.8469,233.76039,379.78586,225.76302,2.9389648,-7.9973755,8.520301
117,420.15277,209.01959,423.21347,201.00616,3.0606995,-8.013428,8.578048
117,377.8038,209.01352,380.7345,201.00195,2.9306946,-8.011566,8.530778
117,395.01413,234.1763,398.00595,226.24312,2.9918213,-7.933182,8.478583
117,395.0027,191.86919,398.00766,183.79585,3.0049744,-8.073334,8.614441
117,391.76828,213.00249,394.7864,204.9949,3.0181274,-8.007584,8.557482
117,411.7601,232.22948,414.76086,224.3047,3.000763,-7.924774,8.473879
117,411.7759,193.77505,414.7741,185.69435,2.9981995,-8.080704,8.618989
117,379.78586,225.76302,382.7287,217.77939,2.9428406,-7.9836273,8.508738
118,423.21347,201.00616,426.2914,192.00725,3.077942,-8.998917,9.510742
118,380.7345,201.00195,383.66357,192.00034,2.9290771,-9.001617,9.466182
118,398.00595,226.24312,401.01096,217.31491,3.005005,-8.928207,9.420347
118,398.00766,183.79585,401.0061,174.7128,2.9984436,-9.083054,9.565172
118,394.7864,204.9949,397.81256,196.00772,3.0261536,-8.987183,9.482988
118,414.76086,224.3047,417.75232,215.4001,2.991455,-8.904602,9.393655
118,414.7741,185.69435,417.75204,176.59784,2.9779358,-9.096512,9.571553
118,382.7287,217.77939,385.6323,208.769,2.903595,-9.010391,9.466679
119,426.2914,192.00725,429.3724,183.00528,3.0809937,-9.001968,9.514618
119,383.66357,192.00034,386.57504,183.00551,2.9114685,-8.994827,9.4542885
119,401.01096,217.31491,404.01157,208.39525,3.0006104,-8.919662,9.410847
119,401.0061,174.7128,404.0076,165.63977,3.0014954,-9.073029,9.556611
119,397.81256,196.00772,400.83484,186.99937,3.0222778,-9.008347,9.501814
119,417.75232,215.4001,420.73337,206.49806,2.9810486,-8.902039,9.387915
119,417.75204,176.59784,420.75342,167.50958,3.0013733,-9.088257,9.571032
119,385.6323,208.769,388.55658,199.77875,2.924286,-8.99025,9.45389
120,429.3724,183.00528,432.43372,175.00723,3.0613098,-7.998047,8.563899
120,386.57504,183.00551,389.51218,175.0115,2.9371338,-7.9940033,8.516504
120,404.01157,208.39525,407.01718,200.44077,3.0056152,-7.954483,8.503384
120,404.0076,165.63977,407.0171,157.5732,3.009491,-8.066574,8.609684
120,400.83484,186.99937,403.85864,179.00348,3.0238037,-7.9958954,8.548552
120,420.73337,206.49806,423.75745,198.5467,3.0240784,-7.951355,8.507003
120,420.75342,167.50958,423.76633,159.44095,3.012909,-8.068634,8.612808
120,388.55658,199.77875,391.4946,191.79228,2.9380188,-7.9864655,8.509735
121,432.43372,175.00723,435.5061,166.00069,3.0723877,-9.006546,9.516168
121,389.51218,175.0115,392.45767,165.99794,2.9454956,-9.013565,9.482632
121,407.01718,200.44077,410.0164,191.51091,2.9992065,-8.929855,9.420061
121,407.0171,157.5732,410.01266,148.5067,2.995575,-9.066498,9.5485525
121,403.85864,179.00348,406.86273,169.99504,3.0040894,-9.008438,9.496131
121,423.75745,198.5467,426.7414,189.61168,2.9839478,-8.935028,9.42012
121,423.76633,159.44095,426.76788,150.38092,3.0015564,-9.060028,9.544289
121,391.4946,191.79228,394.43262,182.7851,2.9380188,-9.007187,9.474248
122,435.5061,166.00069,438.55405,156.99992,3.047943,-9.000763,9.502826
122,392.45767,165.99794,395.39713,157.0049,2.9394531,-8.993042,9.4612465
122,410.0164,191.51091,413.00952,182.56578,2.9931335,-8.945129,9.432613
122,410.01266,148.5067,413.00894,139.4576,2.9962769,-9.049103,9.532258
122,406.86273,169.99504,409.87683,160.99908,3.0140991,-8.995956,9.487467
122,426.7414,189.61168,429.75034,180.66196,3.0089417,-8.949722,9.441995
122,426.76788,150.38092,429.765,141.33096,2.9971313,-9.049957,9.533338
122,394.43262,182.7851,397.3869,173.79976,2.9542847,-8.985336,9.458545
123,438.55405,156.99992,441.61182,147.99968,3.0577698,-9.000244,9.50549
123,395.39713,157.0049,398.33423,147.99854,2.9371033,-9.006363,9.473181
123,413.00952,182.56578,416.0003,173.63083,2.9907837,-8.934952,9.422215
123,413.00894,139.4576,416.0002,130.40495,2.991272,-9.052643,9.534047
123,409.87683,160.99908,412.88364,151.99619,3.0068054,-9.002899,9.491737
123,429.75034,180.66196,432.71835,171.74881,2.9680176,-8.913147,9.394323
123,429.765,141.33096,432.75598,132.25702,2.9909668,-9.073944,9.554179
123,397.3869,173.79976,400.30975,164.79727,2.9228516,-9.002487,9.465085
124,441.61182,147.99968,444.67575,140.00452,3.0639343,-7.995163,8.562145
124,398.33423,147.99854,401.28278,139.9996,2.9485474,-7.998932,8.525071
124,416.0003,173.63083,419.00302,165.68623,3.002716,-7.9445953,8.493109
124,416.0002,130.40495,419.0026,122.34238,3.0023804,-8.062576,8.603455
124,412.88364,151.99619,415.89957,143.99994,3.0159302,-7.9962463,8.546098
124,432.71835,171.74881,435.7255,163.79158,3.007141,-7.9572296,8.506492
124,432.75598,132.25702,435.76276,124.197845,3.006775,-8.059174,8.601801
124,400.30975,164.79727,403.2629,156.80319,2.9531555,-7.9940796,8.522115
125,444.67575,140.00452,447.72806,133.00334,3.0523071,-7.001175,7.637606
125,401.28278,139.9996,404.21735,132.9997,2.9345703,-6.9999084,7.5901527
125,419.00302,165.68623,422.0031,158.74492,3.0000916,-6.9413147,7.5619044
125,419.0026,122.34238,422.0027,115.28756,3.0000916,-7.054817,7.6662245
125,415.89957,143.99994,418.91568,137.00055,3.0161133,-6.9993896,7.6215744
125,435.7255,163.79158,438.73615,156.8542,3.0106506,-6.937378,7.5624886
125,435.76276,124.197845,438.77048,117.14372,3.007721,-7.054123,7.668575
125,403.2629,156.80319,406.21118,149.82555,2.9482727,-6.977646,7.574949
126,447.72806,133.00334,449.7799,125.99971,2.0518494,-7.0036316,7.2980094
126,404.21735,132.9997,406.17575,125.99735,1.9584045,-7.002342,7.2710485
126,422.0031,158.74492,423.9989,151.79091,1.9957886,-6.95401,7.2347374
126,422.0027,115.28756,424.0024,108.24182,1.9997253,-7.045738,7.3240237
126,418.91568,137.00055,420.92297,130.00494,2.0072937,-6.9956055,7.2778926
126,438.73615,156.8542,440.72784,149.9179,1.9916992,-6.93631,7.216596
126,438.77048,117.14372,440.76648,110.08225,1.9960022,-7.06147,7.3381457
126,406.21118,149.82555,408.16147,142.82066,1.9502869,-7.004883,7.2713137
127,449.7799,125.99971,452.82693,119.997894,3.0470276,-6.001816,6.730986
127,406.17575,125.99735,409.12564,119.99611,2.9498901,-6.0012436,6.6870604
127,423.9989,151.79091,427.00146,145.8291,3.0025635,-5.9618073,6.6752176
127,424.0024,108.24182,426.99896,102.20717,2.9965515,-6.0346527,6.737682
127,420.92297,130.00494,423.9331,124.00394,3.0101318,-6.001007,6.713641
127,440.72784,149.9179,443.72607,143.96336,2.99823,-5.954529,6.666768
127,440.76648,110.08225,443.77692,104.04256,3.010437,-6.0396957,6.7483816
127,408.16147,142.82066,411.10028,136.80795,2.9388123,-6.0127106,6.6924815
128,452.82693,119.997894,455.86234,114.995705,3.0354004,-5.0021896,5.8511157
128,409.12564,119.99611,412.0831,114.99388,2.9574585,-5.002228,5.8110967
128,427.00146,145.8291,430.00177,140.88135,3.0003052,-4.947754,5.786372
128,426.99896,102.20717,429.99908,97.15622,3.000122,-5.050949,5.874761
128,423.9331,124.00394,426.94272,118.9991,3.009613,-5.004837,5.8400483
128,443.72607,143.96336,446.7082,139.01779,2.9821167,-4.945572,5.775093
128,443.77692,104.04256,446.7597,98.985954,2.982788,-5.0566025,5.8707967
128,411.10028,136.80795,414.06094,131.81908,2.9606628,-4.9888763,5.8012424
129,455.86234,114.995705,458.92413,110.995865,3.061798,-3.9998398,5.0371943
129,412.0831,114.99388,415.04196,110.995995,2.9588623,-3.9978867,4.973727
129,430.00177,140.88135,432.99976,136.91692,2.9979858,-3.9644318,4.970376
129,429.99908,97.15622,433.00278,93.119835,3.0036926,-4.0363846,5.0313587
129,426.94272,118.9991,429.95505,114.99736,3.012329,-4.0017395,5.008797
129,446.7082,139.01779,449.6985,135.06389,2.9902954,-3.9539032,4.95734
129,446.7597,98.985954,449.77484,94.946724,3.0151367,-4.0392303,5.040479
129,414.06094,131.81908,417.02362,127.83592,2.962677,-3.9831543,4.964169
130,458.92413,110.995865,461.94965,108.99298,3.0255127,-2.002884,3.628398
130,415.04196,110.995995,418.00012,108.99432,2.9581604,-2.0016708,3.5717502
130,432.99976,136.91692,435.99887,134.9544,2.999115,-1.9625092,3.5841503
130,433.00278,93.119835,435.99796,91.08103,2.9951782,-2.038803,3.6232321
130,429.95505,114.99736,432.9658,112.994255,3.0107422,-2.0031052,3.6162133
130,449.6985,135.06389,452.69513,133.12207,2.996643,-1.9418182,3.5707881
130,449.77484,94.946724,452.76053,92.896774,2.9856873,-2.0499496,3.6216877
130,417.02362,127.83592,419.97937,125.84268,2.9557495,-1.9932404,3.5650332
131,461.94965,108.99298,464.99142,106.99488,3.0417786,-1.9981003,3.6393435
131,418.00012,108.99432,420.96252,106.995384,2.9624023,-1.9989395,3.5737357
131,435.99887,134.9544,439.0013,132.99872,3.0024414,-1.9556885,3.583207
131,435.99796,91.08103,439.00244,89.03689,3.004486,-2.0441437,3.6339316
131,432.9658,112.994255,435.98315,110.997894,3.0173645,-1.9963608,3.618003
131,452.69513,133.12207,455.68884,131.17715,2.9937134,-1.9449158,3.5700164
131,452.76053,92.896774,455.7486,90.845375,2.9880676,-2.0513992,3.6244705
131,419.97937,125.84268,422.9191,123.84175,2.9397278,-2.0009308,3.5560825
132,464.99142,106.99488,468.01685,106.98982,3.0254211,-0.0050582886,3.0254254
132,420.96252,106.995384,423.94388,106.99168,2.9813538,-0.0037078857,2.9813561
132,439.0013,132.99872,441.99692,133.02498,2.9956055,0.026260376,2.9957206
132,439.00244,89.03689,441.9975,89.021065,2.9950562,-0.015823364,2.995098
132,435.98315,110.997894,438.98575,110.99743,3.002594,-0.00046539307,3.002594
132,455.68884,131.17715,458.68585,131.21432,2.9970093,0.03717041,2.9972398
132,455.7486,90.845375,458.74832,90.818695,2.9997253,-0.026679993,2.9998438
132,422.9191,123.84175,425.9022,123.85312,2.9830933,0.011367798,2.983115
133,468.01685,106.98982,471.0174,106.9897,3.0005493,-0.00012207031,3.0005493
133,423.94388,106.99168,426.9399,106.99606,2.9960327,0.004386902,2.996036
133,441.99692,133.02498,444.99698,133.02588,3.000061,0.00090026855,3.0000613
133,441.9975,89.021065,444.99762,89.020096,3.000122,-0.0009689331,3.0001223
133,438.98575,110.99743,441.9857,110.999725,2.999939,0.0022964478,2.99994
133,458.68585,131.21432,461.68506,131.21353,2.9992065,-0.00079345703,2.9992068
133,458.74832,90.818695,461.74603,90.81868,2.9977112,-1.5258789e-05,2.9977112
133,425.9022,123.85312,428.9004,123.851585,2.9981995,-0.0015335083,2.9981997
134,471.0174,106.9897,474.017,108.98975,2.9996033,2.0000534,3.6052508
134,426.9399,106.99606,429.9404,108.99603,3.0004883,1.9999695,3.6059406
134,444.99698,133.02588,447.99725,135.02534,3.0002747,1.999466,3.6054835
134,444.99762,89.020096,447.99686,91.02115,2.999237,2.0010529,3.6055007
134,441.9857,110.999725,444.98557,112.999435,2.999878,1.9997101,3.605289
134,461.68506,131.21353,464.68524,133.21478,3.000183,2.0012512,3.6063979
134,461.74603,90.81868,464.7483,92.819214,3.0022583,2.000534,3.6077266
134,428.9004,123.851585,431.89984,125.85193,2.9994507,2.0003433,3.6052847
135,474.017,108.98975,477.0161,111.99574,2.999115,3.005989,4.2462525
135,429.9404,108.99603,432.9389,111.99609,2.9985046,3.000061,4.2416267
135,447.99725,135.02534,450.99738,138.02502,3.000122,2.9996796,4.2425003
135,447.99686,91.02115,450.99704,94.02158,3.000183,3.0004349,4.2430778
135,444.98557,112.999435,447.98624,115.99962,3.0006714,3.000183,4.2432446
135,464.68524,133.21478,467.6844,136.21457,2.9991455,2.9997864,4.241885
135,464.7483,92.819214,467.74615,95.8191,2.9978638,2.9998856,4.2410493
135,431.89984,125.85193,434.89948,128.85507,2.9996338,3.0031433,4.244605
136,477.0161,111.99574,479.0134,115.99629,1.9972839,4.0005493,4.4714136
136,432.9389,111.99609,434.94397,115.99734,2.005066,4.0012436,4.4755154
136,450.99738,138.02502,452.99673,142.02495,1.9993591,3.9999237,4.4717813
136,450.99704,94.02158,452.9964,98.02139,1.9993591,3.9998093,4.4716787
136,447.98624,115.99962,449.98618,119.99956,1.999939,3.999939,4.472054
136,467.6844,136.21457,469.6877,140.21175,2.0033264,3.9971771,4.471101
136,467.74615,95.8191,469.74503,99.8186,1.9988708,3.999504,4.4711876
136,434.89948,128.85507,436.89703,132.85632,1.9975586,4.001251,4.472164
137,479.0134,115.99629,482.01297,120.99627,2.9995728,4.999977,5.8307123
137,434.94397,115.99734,437.93945,120.997475,2.9954834,5.0001373,5.8287473
137,452.99673,142.02495,455.99686,147.02544,3.000122,5.0004883,5.8314333
137,452.9964,98.02139,455.99655,103.020966,3.0001526,4.9995728,5.830664
137,449.98618,119.99956,452.98566,124.99946,2.9994812,4.999901,5.8306
137,469.6877,140.21175,472.69037,145.21257,3.002655,5.000824,5.8330245
137,469.74503,99.8186,472.74615,104.817894,3.0011292,4.9992905,5.8309245
137,436.89703,132.85632,439.891,137.85034,2.9939575,4.9940186,5.8227143
138,482.01297,120.99627,485.01428,126.99835,3.0013123,6.002083,6.710654
138,437.93945,120.997475,440.93826,126.99789,2.9988098,6.000412,6.70804
138,455.99686,147.02544,458.9969,153.02579,3.0000305,6.000351,6.7085314
138,455.99655,103.020966,458.99664,109.01963,3.0000916,5.998665,6.707051
138,452.98566,124.99946,455.9857,130.99991,3.0000305,6.00045,6.70862
138,472.69037,145.21257,475.68784,151.21135,2.997467,5.9987793,6.7059793
138,472.74615,104.817894,475.7426,110.817215,2.99646,5.999321,6.706014
138,439.891,137.85034,442.88947,143.8495,2.9984741,5.999161,6.706771
139,485.01428,126.99835,488.01904,133.99777,3.0047607,6.99942,7.617117
139,440.93826,126.99789,443.93378,133.9971,2.995514,6.999214,7.6132846
139,458.9969,153.02579,461.99786,160.02583,3.0009766,7.000046,7.6162
139,458.99664,109.01963,461.99677,116.01978,3.000122,7.0001526,7.6159616
139,455.9857,130.99991,458.9881,137.99985,3.002411,6.999939,7.6166673
139,475.68784,151.21135,478.68936,158.21234,3.0015259,7.000992,7.6172857
139,475.7426,110.817215,478.74765,117.81844,3.0050354,7.0012283,7.618887
139,442.88947,143.8495,445.8898,150.85086,3.0003357,7.001358,7.6171536
140,488.01904,133.99777,491.02246,141.99696,3.003418,7.9991913,8.544448
140,443.93378,133.9971,446.93472,141.9973,3.000946,8.000198,8.544521
140,461.99786,160.02583,464.9977,168.02666,2.9998474,8.000824,8.544722
140,461.99677,116.01978,464.99802,124.01241,3.0012512,7.99263,8.537543
140,458.9881,137.99985,461.9884,145.9999,3.0003052,8.000046,8.544154
140,478.68936,158.21234,481.687,166.212,2.9976501,7.9996643,8.542865
140,478.74765,117.81844,481.74472,125.80937,2.9970703,7.9909286,8.534481
140,445.8898,150.85086,448.8898,158.85112,3.0,8.000259,8.544247
141,491.02246,141.99696,494.02176,149.99687,2.999298,7.9999084,8.543672
141,446.93472,141.9973,449.93716,149.99689,3.0024414,7.999588,8.544476
141,464.9977,168.02666,467.9981,176.02267,3.0003967,7.9960175,8.540414
141,464.99802,124.01241,467.99783,132.01364,2.999817,8.001228,8.54509
141,461.9884,145.9999,464.9884,153.99982,3.0,7.9999237,8.543932
141,481.687,166.212,484.68802,174.21614,3.001007,8.004135,8.548229
141,481.74472,125.80937,484.7482,133.81128,3.003479,8.001907,8.547011
141,448.8898,158.85112,451.89062,166.84879,3.000824,7.9976654,8.542108
142,494.02176,149.99687,497.02225,158.99692,3.0004883,9.000046,9.487031
142,449.93716,149.99689,452.93707,158.9969,2.9999084,9.000015,9.486818
142,467.9981,176.02267,470.99756,185.02681,2.9994507,9.004135,9.490582
142,467.99783,132.01364,470.99768,141.01329,2.9998474,8.999649,9.486452
142,464.9884,153.99982,467.98804,163.00002,2.9996338,9.000198,9.486905
142,484.68802,174.21614,487.68716,183.20831,2.9991455,8.992172,9.479136
142,484.7482,133.81128,487.7448,142.81038,2.9966125,8.9991,9.484908
142,451.89062,166.84879,454.89545,175.85632,3.0048218,9.007538,9.495509
143,497.02225,158.99692,500.02722,166.99583,3.0049744,7.9989166,8.544737
143,452.93707,158.9969,455.93344,166.99837,2.9963684,8.001465,8.544101
143,470.99756,185.02681,473.99905,193.02155,3.0014954,7.9947357,8.5396
143,470.99768,141.01329,473.9995,149.01967,3.001831,8.006378,8.550619
143,467.98804,163.00002,470.9891,171.00017,3.001068,8.000153,8.544521
143,487.68716,183.20831,490.68433,191.21208,2.9971619,8.003769,8.546537
143,487.7448,142.81038,490.75766,150.82089,3.012848,8.010513,8.558363
143,454.89545,175.85632,457.88245,183.84361,2.9869995,7.9872894,8.527541
144,500.02722,166.99583,503.0276,175.9972,3.0003662,9.001358,9.488237
144,455.93344,166.99837,458.9351,175.99756,3.001648,8.999191,9.486587
144,473.99905,193.02155,476.9993,202.02118,3.0002441,8.999634,9.486563
144,473.9995,149.01967,477.0009,158.015,3.0013733,8.995331,9.482838
144,470.9891,171.00017,473.98947,180.0,3.0003662,8.999832,9.48679
144,490.68433,191.21208,493.68195,200.21165,2.9976196,8.999573,9.485675
144,490.75766,150.82089,493.75455,159.82057,2.9968872,8.99968,9.485545
144,457.88245,183.84361,460.882,192.84496,2.9995422,9.001343,9.487962
145,503.0276,175.9972,506.02536,184.99756,2.9977722,9.000366,9.486476
145,458.9351,175.99756,461.93283,184.99706,2.9977417,8.999496,9.4856415
145,476.9993,202.02118,479.99918,211.02164,2.999878,9.000458,9.487228
145,477.0009,158.015,480.00018,167.01556,2.999298,9.000565,9.487146
145,473.98947,180.0,476.98904,188.99998,2.9995728,8.999985,9.486684
145,493.68195,200.21165,496.68405,209.21295,3.0021057,9.001297,9.4887295
145,493.75455,159.82057,496.7517,168.81815,2.9971619,8.997574,9.483634
145,460.882,192.84496,463.8812,201.8422,2.9992065,8.997238,9.483962
146,506.02536,184.99756,509.0251,193.9974,2.9997253,8.999847,9.486602
146,461.93283,184.99706,464.93253,193.9973,2.9996948,9.000244,9.486968
146,479.99918,211.02164,482.9994,220.02133,3.0002136,8.999695,9.486611
146,480.00018,167.01556,483.0001,176.01608,2.9999084,9.000519,9.487296
146,476.98904,188.99998,479.99008,198.00012,3.0010376,9.000137,9.487291
146,496.68405,209.21295,499.68134,218.21228,2.997284,8.999329,9.485337
146,496.7517,168.81815,499.7484,177.81828,2.996704,9.000137,9.485921
146,463.8812,201.8422,466.88123,210.84369,3.0000305,9.001495,9.488261
147,509.0251,193.9974,511.02582,201.99744,2.0007324,8.0000305,8.246419
147,464.93253,193.9973,466.93384,201.99731,2.0013123,8.000015,8.246544
147,482.9994,220.02133,484.9989,228.02113,1.9995117,7.9998016,8.2459
147,483.0001,176.01608,484.9988,184.01555,1.9987183,7.999466,8.245382
147,479.99008,198.00012,481.9901,206.00015,2.0000305,8.0000305,8.246248
147,499.68134,218.21228,501.68283,226.21207,2.0014954,7.9997864,8.2463665
147,499.7484,177.81828,501.75186,185.81815,2.0034485,7.9998627,8.246915
147,466.88123,210.84369,468.8799,218.84384,1.9986877,8.000153,8.246041
148,511.02582,201.99744,514.0254,209.99756,2.9995728,8.000122,8.543968
148,466.93384,201.99731,469.93454,209.99724,3.000702,7.9999237,8.544179
148,484.9989,228.02113,487.99918,236.01944,3.0002747,7.9983063,8.542514
148,484.9988,184.01555,487.99863,192.01643,2.999817,8.000885,8.544768
148,481.9901,206.00015,484.99042,214.00015,3.0003052,8.0,8.544111
148,501.68283,226.21207,504.68375,234.21347,3.0009155,8.001404,8.545639
148,501.75186,185.81815,504.755,193.81914,3.0031433,8.000992,8.546037
148,468.8799,218.84384,471.8809,226.84404,3.0009766,8.000198,8.544533
149,514.0254,209.99756,517.0261,217.99739,3.0007324,7.999832,8.544104
149,469.93454,209.99724,472.93378,217.99728,2.999237,8.000046,8.543778
149,487.99918,236.01944,490.99884,244.02043,2.9996643,8.000992,8.544814
149,487.99863,192.01643,490.99857,200.01564,2.999939,7.9992065,8.54324
149,484.99042,214.00015,487.99057,222.00005,3.0001526,7.999893,8.543958
149,504.68375,234.21347,507.68524,242.2114,3.0014954,7.997925,8.542586
149,504.755,193.81914,507.75296,201.81882,2.9979553,7.9996796,8.542986
149,471.8809,226.84404,474.88037,234.84285,2.9994812,7.99881,8.542707
150,517.0261,217.99739,520.0255,224.99756,2.9993896,7.000168,7.615687
150,472.93378,217.99728,475.93497,224.99722,3.0011902,6.999939,7.6161857
150,490.99884,244.02043,493.99838,251.02094,2.9995422,7.0005035,7.6160555
150,490.99857,200.01564,493.99863,207.0153,3.000061,6.9996643,7.6154885
150,487.99057,222.00005,490.99017,228.99994,2.9996033,6.999893,7.6155186
150,507.68524,242.2114,510.69336,249.20856,3.0081177,6.997162,7.616367
150,507.75296,201.81882,510.7542,208.81836,3.0012512,6.999542,7.615845
150,474.88037,234.84285,477.8803,241.84013,2.999939,6.997284,7.6132526
151,520.0255,224.99756,523.026,230.9973,3.0004883,5.9997406,6.7081904
151,475.93497,224.99722,478.93585,230.99751,3.000885,6.00029,6.708859
151,493.99838,251.02094,496.9979,257.0221,2.9995117,6.0011597,6.7090225
151,493.99863,207.0153,496.99948,213.01971,3.0008545,6.00441,6.71253
151,490.99017,228.99994,493.99057,235.00053,3.0003967,6.000595,6.708914
151,510.69336,249.20856,513.6908,255.20836,2.9974365,5.9998016,6.7068806
151,510.7542,208.81836,513.752,214.81763,2.9978027,5.9992676,6.7065663
151,477.8803,241.84013,480.88052,247.84146,3.0002136,6.0013275,6.7094865
152,523.026,230.9973,526.02625,235.99739,3.0002441,5.0000916,5.831156
152,478.93585,230.99751,481.9369,235.99751,3.0010376,5.0,5.8314857
152,496.9979,257.0221,499.9976,262.0205,2.9996948,4.998413,5.829434
152,496.99948,213.01971,499.99948,218.01994,3.0,5.000229,5.831148
152,493.99057,235.00053,496.9907,240.00037,3.000122,4.999832,5.8308706
152,513.6908,255.20836,516.69366,260.20755,3.0028687,4.9991913,5.831735
152,513.752,214.81763,516.7543,219.81848,3.0022583,5.0008545,5.8328466
152,480.88052,247.84146,483.88104,252.84311,3.0005188,5.001648,5.8326316
153,526.02625,235.99739,529.0283,239.99689,3.0020752,3.9994965,5.0008426
153,481.9369,235.99751,484.9336,239.9977,2.996704,4.000183,4.99817
153,499.9976,262.0205,502.9975,266.02237,2.9999084,4.0018616,5.0014343
153,499.99948,218.01994,503.00012,222.02061,3.0006409,4.0006714,5.0009217
153,496.9907,240.00037,499.99084,244.00034,3.0001526,3.9999695,5.000067
153,516.69366,260.20755,519.69385,264.20654,3.000183,3.998993,4.9993043
153,516.7543,219.81848,519.7523,223.81793,2.9980469,3.9994507,4.998389
153,483.88104,252.84311,486.87988,256.84396,2.9988403,4.0008545,4.9999876
154,529.0283,239.99689,532.0283,242.99706,3.0,3.0001678,4.242759
154,484.9336,239.9977,487.93274,242.99817,2.9991455,3.000473,4.242371
154,502.9975,266.02237,505.99716,269.0198,2.9996643,2.9974365,4.240591
154,503.00012,222.02061,506.00006,225.02019,2.999939,2.9995728,4.2422953
154,499.99084,244.00034,502.9904,247.00027,2.9995422,2.999939,4.242274
154,519.69385,264.20654,522.6971,267.2044,3.0032349,2.9978638,4.243419
154,519.7523,223.81793,522.754,226.81702,3.001709,2.9990845,4.243202
154,486.87988,256.84396,489.8797,259.84018,2.999817,2.9962158,4.239836
155,532.0283,242.99706,535.02893,244.99425,3.0006104,1.9971924,3.6045027
155,487.93274,242.99817,490.9262,244.99786,2.9934692,1.9996948,3.5999496
155,505.99716,269.0198,508.99664,271.0252,2.9994812,2.0054016,3.608119
155,506.00006,225.02019,509.0005,227.01587,3.0004272,1.9956818,3.6035135
155,502.9904,247.00027,505.99365,248.99811,3.0032654,1.9978333,3.607068
155,522.6971,267.2044,525.687,269.2119,2.9899292,2.0075073,3.6013556
155,522.754,226.81702,525.75476,228.8162,3.0007324,1.999176,3.6057038
155,489.8797,259.84018,492.875,261.8415,2.9953003,2.0013123,3.6023707
156,535.02893,244.99425,538.02856,244.99423,2.9996338,-1.5258789e-05,2.9996338
156,490.9262,244.99786,493.9271,244.99777,3.000885,-9.1552734e-05,3.000885
156,508.99664,271.0252,511.997,271.02405,3.0003662,-0.001159668,3.0003664
156,509.0005,227.01587,512.0006,227.01682,3.000122,0.0009460449,3.0001223
156,505.99365,248.99811,508.99402,248.9982,3.0003662,9.1552734e-05,3.0003662
156,525.687,269.2119,528.6896,269.21143,3.0025635,-0.00048828125,3.0025635
156,525.75476,228.8162,528.758,228.81734,3.0032349,0.0011444092,3.003235
156,492.875,261.8415,495.87595,261.84174,3.000946,0.00024414062,3.000946
157,538.02856,244.99423,540.0284,244.99419,1.9998169,-4.5776367e-05,1.9998169
157,493.9271,244.99777,495.9278,244.99872,2.000702,0.0009460449,2.0007021
157,511.997,271.02405,513.9971,271.02356,2.000061,-0.00048828125,2.000061
157,512.0006,227.01682,514.0007,227.0171,2.000061,0.000289917,2.000061
157,508.99402,248.9982,510.99442,248.99858,2.0003967,0.00038146973,2.0003967
157,528.6896,269.21143,530.69183,269.21045,2.0022583,-0.0009765625,2.0022585
157,528.758,228.81734,530.7602,228.8179,2.0021973,0.0005645752,2.0021973
157,495.87595,261.84174,497.87592,261.84143,1.9999695,-0.00030517578,1.9999695
158,540.0284,244.99419,543.0283,242.99359,2.999939,-2.000595,3.6058307
158,495.9278,244.99872,498.92206,242.99748,2.9942627,-2.001236,3.6014657
158,513.9971,271.02356,516.9966,269.02292,2.9995117,-2.0006409,3.6055005
158,514.0007,227.0171,517.00037,225.01994,2.9996948,-1.9971619,3.6037235
158,510.99442,248.99858,513.99414,246.99928,2.9997253,-1.9992981,3.6049333
158,530.69183,269.21045,533.6886,267.20947,2.9967651,-2.0009766,3.6034024
158,530.7602,228.8179,533.76025,226.82065,3.000061,-1.9972534,3.6040792
158,497.87592,261.84143,500.87558,259.841,2.9996643,-2.0004272,3.605509
159,543.0283,242.99359,546.0274,240.99348,2.9990845,-2.0001068,3.6048489
159,498.92206,242.99748,501.92673,240.99823,3.0046692,-1.9992523,3.609023
159,516.9966,269.02292,519.9968,267.02197,3.0002441,-2.000946,3.6062791
159,517.00037,225.01994,520.0005,223.02177,3.000122,-1.998169,3.6046376
159,513.99414,246.99928,516.9939,244.9988,2.9997559,-2.0004883,3.605619
159,533.6886,267.20947,536.69104,265.21033,3.0024414,-1.9991455,3.6071093
159,533.76025,226.82065,536.76215,224.82066,3.001892,-1.9999847,3.6071174
159,500.87558,259.841,503.8759,257.84146,3.0003052,-1.9995422,3.6055512
160,546.0274,240.99348,549.02765,236.99355,3.0002441,-3.999939,5.0000978
160,501.92673,240.99823,504.92383,236.99725,2.9971008,-4.0009766,4.9990425
160,519.9968,267.02197,522.99677,263.0231,2.999939,-3.9988708,4.99906
160,520.0005,223.02177,523.0006,219.02151,3.000122,-4.0002594,5.000281
160,516.9939,244.9988,519.994,240.99876,3.000122,-4.0000305,5.0000978
160,536.69104,265.21033,539.6896,261.21136,2.9985352,-3.9989624,4.998291
160,536.76215,224.82066,539.75916,220.82092,2.9970093,-3.9997406,4.997998
160,503.8759,257.84146,506.87512,253.84032,2.999237,-4.0011444,5.0004582
161,549.02765,236.99355,552.0291,231.99461,3.0014648,-4.998932,5.83079
161,504.92383,236.99725,507.92322,231.99724,2.9993896,-5.0000153,5.830651
161,522.99677,263.0231,525.9967,258.02362,2.999939,-4.999481,5.830476
161,523.0006,219.02151,526.00073,214.02026,3.000122,-5.001251,5.8320875
161,519.994,240.99876,522.9945,235.99883,3.0004883,-4.999939,5.831151
161,539.6896,261.21136,542.69257,256.21222,3.0029907,-4.9991455,5.8317585
161,539.75916,220.82092,542.7619,215.82059,3.0027466,-5.0003357,5.832653
161,506.87512,253.84032,509.8772,248.84433,3.0020752,-4.995987,5.8285794
162,552.0291,231.99461,555.03125,225.99448,3.0021362,-6.0001373,6.7092824
162,507.92322,231.99724,510.91998,225.99777,2.9967651,-5.999466,6.70628
162,525.9967,258.02362,528.9964,252.02473,2.9996948,-5.998886,6.707071
162,526.00073,214.02026,529.00085,208.02373,3.000122,-5.9965363,6.7051606
162,522.9945,235.99883,525.9945,229.99886,3.0,-5.9999695,6.7081766
162,542.69257,256.21222,545.6898,250.2125,2.9972534,-5.9997253,6.7067304
162,542.7619,215.82059,545.76044,209.82149,2.9985352,-5.9990997,6.7067432
162,509.8772,248.84433,512.8783,242.8438,3.0010986,-6.000534,6.7091727
163,555.03125,225.99448,558.0313,218.99438,3.000061,-7.0000916,7.6158814
163,510.91998,225.99777,513.922,218.99765,3.0020142,-7.000122,7.6166787
163,528.9964,252.02473,531.9963,245.02551,2.999878,-6.999222,7.61501
163,529.00085,208.02373,532.00073,201.0223,2.999878,-7.0014343,7.6170435
163,525.9945,229.99886,528.99365,222.99886,2.9991455,-7.0,7.6154366
163,545.6898,250.2125,548.6908,243.2134,3.0009766,-6.9990997,7.61533
163,545.76044,209.82149,548.76294,202.82031,3.0025024,-7.001175,7.617839
163,512.8783,242.8438,515.878,235.84071,2.9996948,-7.0030823,7.618486
164,558.0313,218.99438,561.0314,211.99438,3.000061,-7.0,7.615797
164,513.922,218.99765,516.92065,211.99744,2.9986572,-7.0002136,7.6154404
164,531.9963,245.02551,534.9963,238.02464,3.0,-7.0008698,7.6165724
164,532.00073,201.0223,535.0006,194.02356,2.999878,-6.9987335,7.614561
164,528.99365,222.99886,531.9941,215.99883,3.0004272,-7.0000305,7.6159697
164,548.6908,243.2134,551.6886,236.21255,2.9978027,-7.000839,7.6156793
164,548.76294,202.82031,551.7604,195.82205,2.9974365,-6.9982605,7.613165
164,515.878,235.84071,518.8777,228.84204,2.9996948,-6.9986725,7.614433
165,561.0314,211.99438,564.0315,202.99434,3.000122,-9.000046,9.486915
165,516.92065,211.99744,519.9219,202.99762,3.0012207,-8.999817,9.487045
165,534.9963,238.02464,537.99615,229.02592,2.999878,-8.998718,9.485579
165,535.0006,194.02356,538.001,185.0211,3.0003662,-9.002457,9.48928
165,531.9941,215.99883,534.99384,206.99893,2.9997559,-8.999893,9.486654
165,551.6886,236.21255,554.692,227.213,3.003418,-8.9995575,9.487494
165,551.7604,195.82205,554.75946,186.81824,2.9990845,-9.003815,9.490163
165,518.8777,228.84204,521.8771,219.84047,2.9993896,-9.001572,9.488131
166,564.0315,202.99434,567.03204,194.99432,3.0005493,-8.000015,8.54421
166,519.9219,202.99762,522.9206,194.99742,2.9987183,-8.000198,8.543739
166,537.99615,229.02592,540.99634,221.02708,3.000183,-7.9988403,8.542982
166,538.001,185.0211,541.00055,177.02097,2.9995728,-8.000137,8.5439825
166,534.99384,206.99893,537.99384,198.99898,3.0,-7.999954,8.543961
166,554.692,227.213,557.6897,219.2124,2.9976807,-8.000595,8.543747
166,554.75946,186.81824,557.7586,178.81944,2.9991455,-7.9987946,8.542575
166,521.8771,219.84047,524.8768,211.84001,2.9996948,-8.000458,8.544325
167,567.03204,194.99432,570.0258,185.99399,2.9937744,-9.000336,9.485185
167,522.9206,194.99742,525.92456,185.99728,3.0039673,-9.000137,9.488218
167,540.99634,221.02708,543.9958,212.0267,2.9994507,-9.000381,9.487021
167,541.00055,177.02097,543.99817,168.01123,2.9976196,-9.009735,9.495317
167,537.99384,198.99898,540.9919,189.99736,2.9980469,-9.001617,9.48775
167,557.6897,219.2124,560.6878,210.21852,2.998108,-8.993881,9.48043
167,557.7586,178.81944,560.7547,169.82303,2.9960938,-8.996414,9.482197
167,524.8768,211.84001,527.87634,202.83685,2.9995728,-9.003159,9.489695
168,570.0258,185.99399,572.028,176.99379,2.0021973,-9.000198,9.220215
168,525.92456,185.99728,527.9249,176.9971,2.0003662,-9.000183,9.219803
168,543.9958,212.0267,545.99585,203.02715,2.000061,-8.9995575,9.219126
168,543.99817,168.01123,545.99896,159.01924,2.0007935,-8.991989,9.211897
168,540.9919,189.99736,542.99133,180.99725,1.9994507,-9.000107,9.219529
168,560.6878,210.21852,562.6908,201.21722,2.0029907,-9.001297,9.221459
168,560.7547,169.82303,562.757,160.82542,2.0023193,-8.997604,9.21771
168,527.87634,202.83685,529.87964,193.83557,2.003296,-9.001282,9.221511
169,572.028,176.99379,575.03076,168.99483,3.0027466,-7.9989624,8.543997
169,527.9249,176.9971,530.92206,168.99666,2.9971313,-8.0004425,8.543411
169,545.99585,203.02715,548.9961,195.02771,3.0002441,-7.9994354,8.543561
169,545.99896,159.01924,548.9989,151.018,2.999939,-8.001236,8.545139
169,542.99133,180.99725,545.99133,172.99738,3.0,-7.999878,8.543889
169,562.6908,201.21722,565.6887,193.21677,2.9979248,-8.000458,8.543704
169,562.757,160.82542,565.7538,152.82472,2.9967651,-8.000702,8.543526
169,529.87964,193.83557,532.8775,185.83446,2.9978638,-8.001114,8.544297
170,575.03076,168.99483,578.0305,159.99466,2.9997559,-9.000168,9.486915
170,530.92206,168.99666,533.9215,159.99724,2.9994507,-8.99942,9.486109
170,548.9961,195.02771,551.996,186.0274,2.999878,-9.000305,9.487083
170,548.9989,151.018,551.9987,142.01834,2.999817,-8.999664,9.486457
170,545.99133,172.99738,548.99164,163.99747,3.0003052,-8.999908,9.486842
170,565.6887,193.21677,568.68945,184.21738,3.0007324,-8.99939,9.4864855
170,565.7538,152.82472,568.7567,143.82628,3.0029297,-8.998444,9.486283
170,532.8775,185.83446,535.875,176.83482,2.9974976,-8.999634,9.485695
171,578.0305,159.99466,581.031,150.99464,3.0004883,-9.000015,9.487001
171,533.9215,159.99724,536.9204,150.99696,2.9989014,-9.000275,9.486746
171,551.996,186.0274,554.996,177.02899,3.0,-8.998413,9.485328
171,551.9987,142.01834,554.9987,133.0185,3.0,-8.999847,9.486689
171,548.99164,163.99747,551.991,154.99763,2.9993896,-8.999832,9.486481
171,568.68945,184.21738,571.6888,175.21684,2.9993286,-9.000534,9.487127
171,568.7567,143.82628,571.75354,134.82486,2.9968262,-9.001419,9.487176
171,535.875,176.83482,538.87396,167.83363,2.9989624,-9.00119,9.487634
172,581.031,150.99464,584.03064,142.99461,2.9996338,-8.0000305,8.543903
172,536.9204,150.99696,539.9226,142.99718,3.0021973,-7.9997864,8.544576
172,554.996,177.02899,557.99634,169.02805,3.0003662,-8.000946,8.545018
172,554.9987,133.0185,557.9987,125.01212,3.0,-8.006371,8.549969
172,551.991,154.99763,554.99115,146.99771,3.000122,-7.9999237,8.543975
172,571.6888,175.21684,574.6893,167.22018,3.0004883,-7.9966583,8.541047
172,571.75354,134.82486,574.7564,126.823586,3.0028687,-8.001274,8.546205
172,538.87396,167.83363,541.87585,159.83395,3.001892,-7.9996796,8.544368
173,584.03064,142.99461,587.03143,134.99454,3.0007935,-8.000076,8.5443535
173,539.9226,142.99718,542.92554,134.99863,3.0029297,-7.9985504,8.543676
173,557.99634,169.02805,560.99615,161.02963,2.999817,-7.998413,8.542454
173,557.9987,125.01212,560.998,117.0111,2.9992676,-8.001022,8.5447035
173,554.99115,146.99771,557.9912,138.99818,3.000061,-7.999527,8.543582
173,574.6893,167.22018,577.6872,159.21965,2.9979248,-8.000534,8.543776
173,574.7564,126.823586,577.75385,118.82107,2.9974365,-8.002518,8.545462
173,541.87585,159.83395,544.8739,151.8328,2.9980469,-8.00116,8.544404
174,587.03143,134.99454,590.0312,127.99461,2.9997559,-6.9999237,7.615607
174,542.92554,134.99863,545.9304,127.99792,3.0048828,-7.0007095,7.6183496
174,560.99615,161.02963,563.99603,154.02908,2.999878,-7.0005493,7.61623
174,560.998,117.0111,563.9976,110.011154,2.9996338,-6.9999466,7.6155796
174,557.9912,138.99818,560.99133,131.99828,3.000122,-6.9999084,7.615737
174,577.6872,159.21965,580.68964,152.2201,3.0024414,-6.9995575,7.6163287
174,577.75385,118.82107,580.75995,111.82302,3.0061035,-6.998047,7.616385
174,544.8739,151.8328,547.8786,144.83647,3.0046997,-6.9963226,7.614247
175,590.0312,127.99461,593.0344,121.99568,3.0032349,-5.998932,6.708696
175,545.9304,127.99792,548.9243,121.9983,2.9938965,-5.9996185,6.7051353
175,563.99603,154.02908,566.99603,148.03008,3.0,-5.999008,6.707317
175,563.9976,110.011154,566.9979,104.01052,3.0003052,-6.0006332,6.7089067
175,560.99133,131.99828,563.9914,125.99819,3.000061,-6.000084,6.7083063
175,580.68964,152.2201,583.6874,146.21977,2.9977417,-6.0003204,6.707481
175,580.75995,111.82302,583.75476,105.821236,2.994812,-6.0017853,6.707483
175,547.8786,144.83647,550.8764,138.83575,2.9978027,-6.000717,6.707863
176,593.0344,121.99568,596.03357,116.99572,2.9991455,-4.999962,5.8304796
176,548.9243,121.9983,551.91833,116.997185,2.9940186,-5.001114,5.8288326
176,566.99603,148.03008,569.9962,143.03014,3.000183,-4.999939,5.8309937
176,566.9979,104.01052,569.9981,99.010445,3.000183,-5.0000763,5.8311114
176,563.9914,125.99819,566.9913,120.99819,2.999878,-5.0,5.830889
176,583.6874,146.21977,586.689,141.22011,3.001648,-4.9996643,5.831512
176,583.75476,105.821236,586.75757,100.82251,3.0028076,-4.998726,5.8313046
176,550.8764,138.83575,553.8749,133.83054,2.9984741,-5.0052185,5.834643
177,596.03357,116.99572,599.0351,112.995705,3.0015259,-4.0000153,5.000928
177,551.91833,116.997185,554.91675,112.997154,2.998413,-4.0000305,4.9990726
177,569.9962,143.03014,572.99634,139.0313,3.000122,-3.9988403,4.9991455
177,569.9981,99.010445,572.9985,95.009544,3.0003662,-4.0009003,5.00094
177,566.9913,120.99819,569.9912,116.99827,2.999939,-3.9999237,4.9999022
177,586.689,141.22011,589.68695,137.21927,2.9979248,-4.000839,4.999427
177,586.75757,100.82251,589.75446,96.821655,2.9968872,-4.0008545,4.998817
177,553.8749,133.83054,556.873,129.83003,2.998108,-4.0005035,4.999268
178,599.0351,112.995705,602.0341,108.9958,2.9990234,-3.9999084,4.999341
178,554.91675,112.997154,557.918,108.99786,3.0012817,-3.9992905,5.0002017
178,572.99634,139.0313,575.9965,135.03012,3.000183,-4.001175,5.00105
178,572.9985,95.009544,575.9985,91.010635,3.0,-3.998909,4.999127
178,569.9912,116.99827,572.9915,112.99838,3.0003052,-3.9998856,5.0000916
178,589.68695,137.21927,592.6948,133.21794,3.0078735,-4.0013275,5.0057893
178,589.75446,96.821655,592.75745,92.8229,3.0029907,-3.9987564,5.0008006
178,556.873,129.83003,559.87683,125.830315,3.0038452,-3.9997177,5.0020823
