frame,x_old,y_old,x_new,y_new,dx,dy,displacement
0,128.0,383.0,128.03018,383.03284,0.030181885,0.032836914,0.04460055
0,134.0,696.0,134.02368,695.9568,0.02368164,-0.04321289,0.049276505
0,226.0,1134.0,226.0248,1134.0527,0.024795532,0.052734375,0.058272917
0,149.0,1070.0,148.81966,1070.2097,-0.18034363,0.2097168,0.2765953
0,113.0,646.0,113.01394,646.0665,0.013938904,0.06652832,0.06797287
0,234.0,1159.0,233.9632,1159.2021,-0.0368042,0.20214844,0.2054715
0,134.0,1071.0,134.16035,1071.2456,0.16035461,0.24560547,0.29331833
0,150.0,1141.0,150.08273,1140.9828,0.082733154,-0.017211914,0.08450458
0,269.0,1137.0,269.20493,1136.981,0.20492554,-0.019042969,0.20580843
0,140.0,1011.0,139.99036,1010.9121,-0.009643555,-0.087890625,0.0884181
0,462.0,1123.0,462.13773,1123.0176,0.13772583,0.017578125,0.13884306
0,131.0,625.0,131.03925,625.0501,0.039245605,0.050109863,0.06364916
0,325.0,225.0,324.98087,225.56873,-0.019134521,0.5687256,0.56904733
0,517.0,1059.0,517.5257,1059.2343,0.5256958,0.23425293,0.5755263
0,491.0,1135.0,490.58618,1134.8177,-0.41381836,-0.18225098,0.4521737
0,525.0,506.0,525.0593,505.96182,0.059326172,-0.03817749,0.070548676
0,512.0,223.0,511.79425,223.20421,-0.20574951,0.20420837,0.28988606
0,521.0,373.0,521.0919,373.08658,0.091918945,0.08657837,0.12627314
0,473.0,1153.0,473.26437,1153.2307,0.26437378,0.23071289,0.35088736
0,525.0,701.0,525.1371,701.1076,0.13708496,0.10760498,0.17427312
0,519.0,340.0,519.04175,340.0147,0.041748047,0.014709473,0.04426362
0,138.0,652.0,138.58632,699.65594,0.58631897,47.655945,47.659554
0,477.0,643.0,477.30518,643.05536,0.30517578,0.055358887,0.3101562
0,523.0,441.0,523.128,441.00864,0.12799072,0.008636475,0.12828177
0,430.0,648.0,430.7476,648.13794,0.7475891,0.13793945,0.76020837
0,521.0,407.0,521.1172,407.11572,0.1171875,0.115722656,0.1646956
0,423.0,224.0,423.00653,224.66263,0.0065307617,0.6626282,0.66266036
0,115.0,680.0,114.94004,680.125,-0.05995941,0.125,0.13863668
0,457.0,224.0,456.95215,224.4935,-0.047851562,0.49349976,0.49581426
0,358.0,226.0,358.04233,226.53679,0.04232788,0.53678894,0.5384552
0,521.0,571.0,521.0326,571.04553,0.032592773,0.045532227,0.05599529
0,133.0,229.0,132.88364,229.53676,-0.116363525,0.5367584,0.5492268
0,111.0,580.0,110.91766,580.09796,-0.082336426,0.097961426,0.12796769
0,193.0,228.0,192.93819,228.68816,-0.061813354,0.6881561,0.69092673
0,525.0,474.0,525.049,474.0263,0.04901123,0.026306152,0.055624764
0,518.0,277.0,518.06116,277.02222,0.061157227,0.022216797,0.0650676
0,392.0,225.0,392.053,225.72647,0.053009033,0.72647095,0.7284023
0,529.0,667.0,528.9779,666.93994,-0.022094727,-0.060058594,0.06399384
0,124.0,312.0,124.04297,311.9833,0.04296875,-0.016693115,0.046097435
0,114.0,713.0,113.943306,712.96545,-0.05669403,-0.0345459,0.06639
0,344.0,1195.0,344.2189,1195.4368,0.21890259,0.43676758,0.48855323
0,260.0,227.0,260.08533,227.55637,0.08532715,0.55636597,0.5628711
0,108.0,414.0,107.859634,413.86993,-0.1403656,-0.13006592,0.1913626
0,286.0,1153.0,286.01794,1153.082,0.017944336,0.08203125,0.08397098
0,516.0,243.0,515.75354,242.95767,-0.24645996,-0.04232788,0.2500683
0,483.0,223.0,483.28568,223.47432,0.28567505,0.47431946,0.553705
0,518.0,307.0,518.12573,306.98254,0.12573242,-0.017456055,0.12693839
0,523.0,537.0,523.07587,537.1677,0.0758667,0.16772461,0.18408504
0,356.0,1133.0,356.09946,1133.0267,0.09945679,0.026733398,0.10298702
0,290.0,1129.0,290.07913,1129.0105,0.07913208,0.010498047,0.0798254
1,128.03018,383.03284,127.81032,382.99612,-0.21986389,-0.036712646,0.22290793
1,134.02368,695.9568,133.8753,695.8689,-0.14837646,-0.087890625,0.17245387
1,226.0248,1134.0527,226.04764,1134.0646,0.022842407,0.01184082,0.025728984
1,148.81966,1070.2097,148.62894,1070.3883,-0.1907196,0.17858887,0.26128137
1,113.01394,646.0665,112.95655,646.10425,-0.057388306,0.037719727,0.06867456
1,233.9632,1159.2021,233.92805,1159.3862,-0.03514099,0.18408203,0.1874062
1,134.16035,1071.2456,134.23369,1071.4668,0.07333374,0.2211914,0.23303106
1,150.08273,1140.9828,150.18835,1140.9418,0.10562134,-0.041015625,0.113305554
1,269.20493,1136.981,269.37952,1136.9314,0.17459106,-0.049560547,0.18148908
1,139.99036,1010.9121,139.92508,1010.8068,-0.0652771,-0.105285645,0.12387965
1,462.13773,1123.0176,462.31485,1123.0026,0.17712402,-0.015014648,0.17775927
1,131.03925,625.0501,130.9306,625.08234,-0.10864258,0.032226562,0.1133215
1,324.98087,225.56873,324.97437,225.89053,-0.006500244,0.32180786,0.32187352
1,517.5257,1059.2343,517.9447,1059.3978,0.41900635,0.16357422,0.4498031
1,490.58618,1134.8177,490.4767,1134.4069,-0.10946655,-0.41088867,0.42522046
1,525.0593,505.96182,525.0356,505.9011,-0.023742676,-0.06072998,0.06520618
1,511.79425,223.20421,511.58112,223.34613,-0.21313477,0.141922,0.25606304
1,521.0919,373.08658,521.1066,373.08337,0.014709473,-0.0032043457,0.0150544485
1,473.26437,1153.2307,473.35358,1153.3057,0.08920288,0.07495117,0.116511084
1,525.1371,701.1076,525.1395,700.9947,0.0024414062,-0.11291504,0.11294143
1,519.04175,340.0147,519.0581,340.00854,0.016357422,-0.006164551,0.017480472
1,138.58632,699.65594,139.63547,770.8742,1.0491486,71.21826,71.22599
1,477.30518,643.05536,477.49484,643.0256,0.18966675,-0.029785156,0.19199122
1,523.128,441.00864,523.1272,440.92285,-0.00079345703,-0.08578491,0.085788585
1,430.7476,648.13794,431.05637,648.1431,0.30877686,0.0051879883,0.30882046
1,521.1172,407.11572,521.15405,407.19617,0.036865234,0.080444336,0.08848919
1,423.00653,224.66263,423.03677,225.07982,0.03024292,0.41719055,0.4182853
1,114.94004,680.125,114.84165,680.14966,-0.09838867,0.024658203,0.10143154
1,456.95215,224.4935,456.9391,224.8393,-0.013061523,0.34579468,0.34604126
1,358.04233,226.53679,357.9771,226.81418,-0.065216064,0.27738953,0.28495276
1,521.0326,571.04553,521.07196,571.014,0.039367676,-0.031555176,0.050453376
1,132.88364,229.53676,132.76736,229.82974,-0.11627197,0.292984,0.3152123
1,110.91766,580.09796,110.83683,580.14465,-0.080833435,0.046691895,0.093349755
1,192.93819,228.68816,192.53796,229.11864,-0.40022278,0.43048096,0.5877858
1,525.049,474.0263,524.9801,474.04852,-0.06890869,0.022216797,0.07240161
1,518.06116,277.02222,518.0796,277.04468,0.018432617,0.022460938,0.029056069
1,392.053,225.72647,392.0546,226.13623,0.0015869141,0.40975952,0.4097626
1,528.9779,666.93994,528.9818,666.86,0.00390625,-0.079956055,0.080051415
1,124.04297,311.9833,123.83779,312.28024,-0.2051773,0.29693604,0.3609276
1,113.943306,712.96545,113.84444,712.87476,-0.098869324,-0.09069824,0.13416898
1,344.2189,1195.4368,344.45053,1195.5221,0.23162842,0.08532715,0.24684498
1,260.08533,227.55637,259.82544,227.90009,-0.2598877,0.34371948,0.43091148
1,107.859634,413.86993,107.5693,413.7149,-0.2903366,-0.1550293,0.32913437
1,286.01794,1153.082,286.11127,1153.1555,0.093322754,0.07348633,0.1187829
1,515.75354,242.95767,515.4545,242.77324,-0.29901123,-0.18443298,0.35131645
1,483.28568,223.47432,483.32172,223.8518,0.03604126,0.37748718,0.37920383
1,518.12573,306.98254,518.1793,306.95795,0.053588867,-0.024597168,0.05896429
1,523.07587,537.1677,523.2101,537.1925,0.13421631,0.024780273,0.13648473
1,356.09946,1133.0267,356.17148,1132.9706,0.072021484,-0.056152344,0.09132458
1,290.07913,1129.0105,290.0984,1128.9939,0.019256592,-0.016601562,0.025424952
2,127.81032,382.99612,127.60494,382.70676,-0.20537567,-0.28936768,0.35484195
2,133.8753,695.8689,133.72394,695.6765,-0.15136719,-0.19238281,0.2447921
2,226.04764,1134.0646,226.03174,1134.0283,-0.015899658,-0.036254883,0.039588075
2,148.62894,1070.3883,148.42851,1070.4052,-0.2004242,0.016845703,0.2011309
2,112.95655,646.10425,112.852516,646.03644,-0.104034424,-0.06781006,0.12418279
2,233.92805,1159.3862,233.79767,1159.3085,-0.13038635,-0.07775879,0.15181248
2,134.23369,1071.4668,134.24725,1071.5537,0.0135650635,0.08691406,0.08796627
2,150.18835,1140.9418,150.23196,1140.8429,0.04360962,-0.09887695,0.10806688
2,269.37952,1136.9314,269.5194,1136.8378,0.13989258,-0.09362793,0.16833337
2,139.92508,1010.8068,139.76233,1010.451,-0.16275024,-0.35583496,0.3912878
2,462.31485,1123.0026,462.34714,1122.872,0.032287598,-0.13061523,0.13454676
2,130.9306,625.08234,130.78189,625.1087,-0.14871216,0.026367188,0.15103157
2,324.97437,225.89053,324.87213,226.03204,-0.10223389,0.14151001,0.17457621
2,517.9447,1059.3978,518.1467,1059.4324,0.20202637,0.0345459,0.2049587
2,490.4767,1134.4069,489.9291,1134.0548,-0.5476074,-0.35205078,0.65100974
2,525.0356,505.9011,524.9859,505.67496,-0.049682617,-0.22613525,0.23152865
2,511.58112,223.34613,511.0387,223.39128,-0.54241943,0.045150757,0.5442954
2,521.1066,373.08337,520.9834,372.8685,-0.12322998,-0.21487427,0.2477026
2,473.35358,1153.3057,473.50943,1153.3607,0.15585327,0.05505371,0.16529112
2,525.1395,700.9947,525.0579,700.988,-0.081604004,-0.006713867,0.08187973
2,519.0581,340.00854,518.78973,339.84723,-0.26837158,-0.16131592,0.3131232
2,139.63547,770.8742,142.44936,892.73615,2.8138885,121.86194,121.894424
2,477.49484,643.0256,477.47778,642.8836,-0.017059326,-0.14196777,0.14298905
2,523.1272,440.92285,523.0627,440.7284,-0.06451416,-0.19445801,0.20488043
2,431.05637,648.1431,431.3843,647.9654,0.3279419,-0.17773438,0.37300858
2,521.15405,407.19617,521.0565,407.04852,-0.09753418,-0.14764404,0.17695107
2,423.03677,225.07982,422.93216,225.24347,-0.10461426,0.16365051,0.19423088
2,114.84165,680.14966,114.751526,680.11334,-0.09012604,-0.036315918,0.09716763
2,456.9391,224.8393,456.6962,225.03609,-0.2428894,0.1967926,0.31260613
2,357.9771,226.81418,357.84323,226.89442,-0.13388062,0.08024597,0.1560879
2,521.07196,571.014,521.0774,570.8828,0.005432129,-0.13116455,0.13127698
2,132.76736,229.82974,132.68579,230.10123,-0.08157349,0.27148438,0.28347486
2,110.83683,580.14465,110.674835,580.16833,-0.16199493,0.02368164,0.16371676
2,192.53796,229.11864,192.47523,229.30731,-0.06272888,0.18867493,0.19882943
2,524.9801,474.04852,524.8753,473.91605,-0.10479736,-0.1324768,0.16891593
2,518.0796,277.04468,518.0276,276.91797,-0.052001953,-0.12670898,0.13696484
2,392.0546,226.13623,391.95508,226.2844,-0.09951782,0.14816284,0.17848256
2,528.9818,666.86,528.96136,666.71924,-0.020446777,-0.14074707,0.1422245
2,123.83779,312.28024,123.651,312.21857,-0.18679047,-0.061676025,0.19670945
2,113.84444,712.87476,113.733025,712.7422,-0.11141205,-0.13256836,0.17316759
2,344.45053,1195.5221,344.64832,1195.5125,0.19778442,-0.009643555,0.19801939
2,259.82544,227.90009,259.66357,228.16353,-0.16186523,0.263443,0.30919665
2,107.5693,413.7149,107.34057,413.57748,-0.22872925,-0.13742065,0.2668361
2,286.11127,1153.1555,286.13184,1153.1078,0.020568848,-0.047729492,0.051972896
2,515.4545,242.77324,515.0845,242.51088,-0.37005615,-0.26235962,0.45362332
2,483.32172,223.8518,482.80957,224.08128,-0.512146,0.22947693,0.5612069
2,518.1793,306.95795,518.13586,306.77243,-0.04345703,-0.18551636,0.19053827
2,523.2101,537.1925,523.243,537.2065,0.03289795,0.013977051,0.035743993
2,356.17148,1132.9706,356.23175,1132.8752,0.060272217,-0.095336914,0.112791255
2,290.0984,1128.9939,290.1117,1128.9313,0.013305664,-0.06262207,0.06402003
3,127.60494,382.70676,127.470276,382.63507,-0.13466644,-0.07168579,0.15255786
3,133.72394,695.6765,133.58543,695.5875,-0.13850403,-0.08898926,0.16462822
3,226.03174,1134.0283,225.92332,1133.5963,-0.1084137,-0.43200684,0.44540256
3,148.42851,1070.4052,148.07585,1070.4377,-0.35266113,0.032592773,0.35416403
3,112.852516,646.03644,112.61096,645.89453,-0.24155426,-0.14190674,0.28015348
3,233.79767,1159.3085,233.7093,1159.3411,-0.08836365,0.032592773,0.09418292
3,134.24725,1071.5537,134.27348,1071.6031,0.026229858,0.049438477,0.055965777
3,150.23196,1140.8429,150.1679,1140.7732,-0.064071655,-0.06970215,0.094676115
3,269.5194,1136.8378,269.52563,1136.6478,0.006225586,-0.1899414,0.1900434
3,139.76233,1010.451,139.5282,1010.1007,-0.23413086,-0.35028076,0.42132396
3,462.34714,1122.872,462.2715,1122.6636,-0.07562256,-0.20837402,0.22167207
3,130.78189,625.1087,130.63898,625.08154,-0.14291382,-0.027160645,0.14547186
3,324.87213,226.03204,324.75702,226.21733,-0.115112305,0.18528748,0.21813366
3,518.1467,1059.4324,518.1731,1059.2522,0.026367188,-0.18017578,0.18209487
3,489.9291,1134.0548,489.4925,1133.5338,-0.436615,-0.5209961,0.679757
3,524.9859,505.67496,524.8428,505.45724,-0.14312744,-0.2177124,0.26054588
3,511.0387,223.39128,510.80627,223.2771,-0.23242188,-0.11418152,0.25895435
3,520.9834,372.8685,520.69885,372.72595,-0.2845459,-0.1425476,0.31825492
3,473.50943,1153.3607,473.4205,1153.0187,-0.08892822,-0.34204102,0.35341233
3,525.0579,700.988,524.83356,700.71216,-0.22436523,-0.27581787,0.35554922
3,518.78973,339.84723,518.70123,339.58344,-0.08850098,-0.26379395,0.2782439
3,142.44936,892.73615,142.00822,882.8671,-0.4411316,-9.869019,9.878873
3,477.47778,642.8836,477.4516,642.65546,-0.026184082,-0.22814941,0.22964704
3,523.0627,440.7284,522.8347,440.3278,-0.22796631,-0.40060425,0.46092558
3,431.3843,647.9654,431.6407,647.72174,0.25637817,-0.24365234,0.35368946
3,521.0565,407.04852,520.834,406.95584,-0.22253418,-0.092681885,0.24106304
3,422.93216,225.24347,422.6275,225.36757,-0.30465698,0.12409973,0.32896295
3,114.751526,680.11334,114.41014,679.9112,-0.3413849,-0.20214844,0.3967463
3,456.6962,225.03609,456.61487,225.11635,-0.081329346,0.08026123,0.11426429
3,357.84323,226.89442,357.72217,227.01828,-0.12106323,0.12385559,0.17319502
3,521.0774,570.8828,520.89734,570.6121,-0.18005371,-0.27069092,0.32510445
3,132.68579,230.10123,132.48145,230.17844,-0.2043457,0.07720947,0.21844557
3,110.674835,580.16833,110.49976,580.1632,-0.17507172,-0.005126953,0.17514677
3,192.47523,229.30731,192.43964,229.5079,-0.035598755,0.20059204,0.20372638
3,524.8753,473.91605,524.6128,473.61618,-0.2625122,-0.29986572,0.39853746
3,518.0276,276.91797,517.8744,276.7114,-0.15319824,-0.20657349,0.25718147
3,391.95508,226.2844,391.5816,226.55743,-0.37347412,0.27304077,0.46263826
3,528.96136,666.71924,528.8333,666.463,-0.12805176,-0.2562256,0.28644162
3,123.651,312.21857,123.55401,312.15802,-0.09699249,-0.060546875,0.11433926
3,113.733025,712.7422,113.494804,712.6289,-0.23822021,-0.11328125,0.26378307
3,344.64832,1195.5125,344.52054,1195.4298,-0.1277771,-0.0826416,0.152173
3,259.66357,228.16353,259.52527,228.22935,-0.13830566,0.065826416,0.1531717
3,107.34057,413.57748,107.184235,413.24918,-0.15633392,-0.3283081,0.3636296
3,286.13184,1153.1078,285.90796,1152.9681,-0.22387695,-0.13964844,0.2638609
3,515.0845,242.51088,514.6769,242.11908,-0.40759277,-0.39179993,0.5653663
3,482.80957,224.08128,482.9203,224.00873,0.11071777,-0.07255554,0.13237345
3,518.13586,306.77243,517.9752,306.47717,-0.16064453,-0.29525757,0.33613047
3,523.243,537.2065,523.1162,537.0637,-0.12677002,-0.14276123,0.19092251
3,356.23175,1132.8752,355.89337,1132.5729,-0.3383789,-0.30236816,0.45379156
3,290.1117,1128.9313,290.03198,1128.7936,-0.079711914,-0.13769531,0.1591037
4,127.470276,382.63507,127.470726,382.77112,0.00045013428,0.13604736,0.13604811
4,133.58543,695.5875,133.55609,695.63007,-0.029342651,0.042541504,0.0516795
4,225.92332,1133.5963,225.89233,1133.6625,-0.0309906,0.06616211,0.073060535
4,148.07585,1070.4377,147.92513,1070.6055,-0.15072632,0.16772461,0.22549938
4,112.61096,645.89453,112.55303,645.9458,-0.057929993,0.05126953,0.07735922
4,233.7093,1159.3411,233.6254,1159.4666,-0.08390808,0.12548828,0.15095653
4,134.27348,1071.6031,134.3274,1071.814,0.0539093,0.21081543,0.21759908
4,150.1679,1140.7732,150.20325,1140.7947,0.035354614,0.021484375,0.041370608
4,269.52563,1136.6478,269.59103,1136.6526,0.06539917,0.004760742,0.06557222
4,139.5282,1010.1007,139.48145,1010.1781,-0.04675293,0.07739258,0.09041818
4,462.2715,1122.6636,462.316,1122.6713,0.04449463,0.0076904297,0.045154344
4,130.63898,625.08154,130.61917,625.14624,-0.019805908,0.064697266,0.067660995
4,324.75702,226.21733,324.8094,226.45668,0.052368164,0.23934937,0.24501131
4,518.1731,1059.2522,518.3891,1059.5045,0.21600342,0.25231934,0.33214834
4,489.4925,1133.5338,489.22794,1133.4963,-0.26455688,-0.037475586,0.267198
4,524.8428,505.45724,524.82184,505.4377,-0.020935059,-0.01953125,0.028631214
4,510.80627,223.2771,510.67825,223.43237,-0.12802124,0.15527344,0.20124432
4,520.69885,372.72595,520.749,372.7114,0.0501709,-0.014556885,0.05224004
4,473.4205,1153.0187,473.5033,1153.2198,0.08279419,0.20117188,0.2175431
4,524.83356,700.71216,524.8444,700.7,0.010864258,-0.012145996,0.01629593
4,518.70123,339.58344,518.7316,339.6301,0.030395508,0.046661377,0.055688158
4,142.00822,882.8671,141.90173,874.818,-0.10649109,-8.049133,8.049837
4,477.4516,642.65546,477.55722,642.7204,0.10562134,0.064941406,0.12398893
4,522.8347,440.3278,522.8754,440.3391,0.04071045,0.0113220215,0.042255517
4,431.6407,647.72174,432.1656,647.84076,0.52490234,0.119018555,0.5382266
4,520.834,406.95584,520.8494,407.05917,0.0154418945,0.10333252,0.10447996
4,422.6275,225.36757,422.6414,225.6767,0.013885498,0.3091278,0.3094395
4,114.41014,679.9112,114.398506,679.9361,-0.011634827,0.024902344,0.027486285
4,456.61487,225.11635,456.56848,225.40907,-0.04638672,0.2927246,0.29637715
4,357.72217,227.01828,357.85486,227.27347,0.13269043,0.255188,0.28762415
4,520.89734,570.6121,520.9611,570.6027,0.06378174,-0.009399414,0.064470604
4,132.48145,230.17844,132.40138,230.67934,-0.080062866,0.50090027,0.5072585
4,110.49976,580.1632,110.45217,580.19415,-0.047592163,0.030944824,0.056767914
4,192.43964,229.5079,192.39633,229.84662,-0.043304443,0.3387146,0.3414716
4,524.6128,473.61618,524.6116,473.61307,-0.0012207031,-0.003112793,0.0033435903
4,517.8744,276.7114,517.8761,276.72528,0.0017089844,0.013885498,0.013990271
4,391.5816,226.55743,391.6707,226.90733,0.08908081,0.3498993,0.3610608
4,528.8333,666.463,528.7869,666.4465,-0.04638672,-0.016540527,0.049247503
4,123.55401,312.15802,123.54359,312.1088,-0.010421753,-0.049224854,0.05031599
4,113.494804,712.6289,113.43175,712.5724,-0.063056946,-0.056518555,0.084678955
4,344.52054,1195.4298,344.56512,1195.6198,0.04458618,0.1899414,0.19510424
4,259.52527,228.22935,259.4851,228.48956,-0.040161133,0.26020813,0.26328915
4,107.184235,413.24918,107.09985,413.1969,-0.0843811,-0.05227661,0.09926235
4,285.90796,1152.9681,285.91544,1153.0417,0.0074768066,0.0736084,0.073987156
4,514.6769,242.11908,514.50183,242.04593,-0.17504883,-0.073150635,0.1897185
4,482.9203,224.00873,482.9747,224.31783,0.05441284,0.3090973,0.3138501
4,517.9752,306.47717,518.0238,306.49167,0.048583984,0.01449585,0.050700426
4,523.1162,537.0637,523.16187,537.1333,0.045654297,0.06958008,0.0832208
4,355.89337,1132.5729,355.9319,1132.5853,0.038513184,0.012451172,0.040475883
4,290.03198,1128.7936,290.04486,1128.7855,0.012878418,-0.008056641,0.015190889
5,127.470726,382.77112,127.47333,383.20718,0.0026016235,0.43606567,0.43607342
5,133.55609,695.63007,133.55168,696.20624,-0.00440979,0.5761719,0.57618874
5,225.89233,1133.6625,225.90816,1134.455,0.015823364,0.79248047,0.7926384
5,147.92513,1070.6055,147.9279,1071.2924,0.0027770996,0.68688965,0.68689525
5,112.55303,645.9458,112.53806,646.5623,-0.014968872,0.6165161,0.6166978
5,233.6254,1159.4666,233.59744,1160.1931,-0.027954102,0.7265625,0.7271001
5,134.3274,1071.814,134.35703,1072.5046,0.029632568,0.6906738,0.6913092
5,150.20325,1140.7947,150.22183,1141.3622,0.018585205,0.5675049,0.5678091
5,269.59103,1136.6526,269.6951,1137.1346,0.10406494,0.48205566,0.4931604
5,139.48145,1010.1781,139.51385,1010.7948,0.032409668,0.6166992,0.61755025
5,462.316,1122.6713,462.41605,1123.0411,0.10003662,0.36987305,0.38316235
5,130.61917,625.14624,130.60645,625.71497,-0.01272583,0.5687256,0.5688679
5,324.8094,226.45668,324.78732,227.1364,-0.022064209,0.679718,0.680076
5,518.3891,1059.5045,518.52637,1060.0865,0.13726807,0.58203125,0.5979991
5,489.22794,1133.4963,489.23822,1134.0441,0.010284424,0.5477295,0.54782605
5,524.82184,505.4377,524.81396,505.8616,-0.007873535,0.42388916,0.42396227
5,510.67825,223.43237,510.58478,224.01395,-0.09347534,0.5815735,0.58903766
5,520.749,372.7114,520.81836,373.15512,0.06933594,0.4437256,0.4491101
5,473.5033,1153.2198,473.5823,1153.7731,0.07901001,0.55322266,0.55883616
5,524.8444,700.7,524.8861,701.2326,0.04168701,0.5325928,0.5342217
5,518.7316,339.6301,518.78955,340.0269,0.057922363,0.39678955,0.40099493
5,141.90173,874.818,140.61214,827.4137,-1.2895966,-47.404297,47.421837
5,477.55722,642.7204,477.68817,643.1342,0.13095093,0.41381836,0.43404353
5,522.8754,440.3391,522.89233,440.7394,0.016906738,0.40029907,0.40065596
5,432.1656,647.84076,432.4358,648.35394,0.27020264,0.5131836,0.57997143
5,520.8494,407.05917,520.9037,407.4955,0.054260254,0.43634033,0.43970108
5,422.6414,225.6767,422.71097,226.58568,0.06958008,0.9089813,0.9116405
5,114.398506,679.9361,114.37326,680.6152,-0.025245667,0.67907715,0.67954624
5,456.56848,225.40907,456.51694,226.15686,-0.05154419,0.7477875,0.74956185
5,357.85486,227.27347,357.8113,227.86205,-0.043548584,0.5885773,0.5901861
5,520.9611,570.6027,520.9121,570.9794,-0.04901123,0.37664795,0.37982333
5,132.40138,230.67934,132.39468,231.36826,-0.0066986084,0.68891907,0.6889517
5,110.45217,580.19415,110.387924,580.81213,-0.06424713,0.61798096,0.6213116
5,192.39633,229.84662,192.3937,230.59235,-0.0026245117,0.74572754,0.7457322
5,524.6116,473.61307,524.613,474.02704,0.0014038086,0.41397095,0.41397333
5,517.8761,276.72528,517.92004,277.28287,0.043945312,0.55758667,0.55931574
5,391.6707,226.90733,391.7043,227.62035,0.03363037,0.7130127,0.7138054
5,528.7869,666.4465,528.8176,666.90924,0.030700684,0.46276855,0.4637858
5,123.54359,312.1088,123.523964,313.04294,-0.019622803,0.93414307,0.9343491
5,113.43175,712.5724,113.36886,712.9932,-0.0628891,0.4208374,0.42551047
5,344.56512,1195.6198,344.64255,1196.2617,0.077423096,0.6419678,0.6466197
5,259.4851,228.48956,259.452,229.29341,-0.033111572,0.80384827,0.8045299
5,107.09985,413.1969,107.02809,413.78604,-0.071762085,0.58914185,0.5934964
5,285.91544,1153.0417,286.053,1153.5547,0.13757324,0.51293945,0.531068
5,514.50183,242.04593,514.3675,242.5906,-0.13433838,0.54467773,0.5609997
5,482.9747,224.31783,482.96255,225.1185,-0.012145996,0.80067444,0.8007665
5,518.0238,306.49167,518.0945,307.02448,0.07067871,0.5328064,0.53747386
5,523.16187,537.1333,523.1918,537.34735,0.029907227,0.2140503,0.21612953
5,355.9319,1132.5853,356.24728,1133.104,0.31539917,0.51867676,0.60704386
5,290.04486,1128.7855,290.0847,1129.3488,0.03982544,0.5632324,0.5646387
6,127.47333,383.20718,127.31254,383.37192,-0.16078949,0.16473389,0.23019668
6,133.55168,696.20624,133.48137,696.45795,-0.0703125,0.25170898,0.2613451
6,225.90816,1134.455,225.9154,1134.5824,0.007247925,0.1274414,0.12764734
6,147.9279,1071.2924,147.84105,1071.541,-0.08685303,0.24865723,0.26338917
6,112.53806,646.5623,112.49106,646.73016,-0.0470047,0.16784668,0.17430419
6,233.59744,1160.1931,233.56404,1160.2817,-0.03340149,0.08862305,0.09470852
6,134.35703,1072.5046,134.35509,1072.7566,-0.0019378662,0.25195312,0.25196058
6,150.22183,1141.3622,150.22491,1141.3743,0.0030822754,0.012084961,0.012471836
6,269.6951,1137.1346,269.73538,1137.2113,0.040283203,0.076660156,0.086599745
6,139.51385,1010.7948,139.43689,1010.84326,-0.07696533,0.048461914,0.09095174
6,462.41605,1123.0411,462.44806,1123.1405,0.03201294,0.099365234,0.104394816
6,130.60645,625.71497,130.51413,625.77185,-0.092315674,0.056884766,0.10843459
6,324.78732,227.1364,324.8049,227.40848,0.017578125,0.27207947,0.27264673
6,518.52637,1060.0865,518.68414,1060.277,0.15777588,0.19042969,0.24729879
6,489.23822,1134.0441,489.1434,1133.9791,-0.094818115,-0.064941406,0.11492546
6,524.81396,505.8616,524.8049,505.99124,-0.009094238,0.12963867,0.12995726
6,510.58478,224.01395,510.4373,224.22626,-0.14749146,0.21231079,0.25851423
6,520.81836,373.15512,520.7582,373.26523,-0.060180664,0.11010742,0.1254805
6,473.5823,1153.7731,473.63284,1153.8655,0.05053711,0.09240723,0.10532376
6,524.8861,701.2326,524.8594,701.38416,-0.026733398,0.1515503,0.1538901
6,518.78955,340.0269,518.7261,340.20477,-0.06347656,0.17788696,0.1888731
6,140.61214,827.4137,140.67342,835.8748,0.061279297,8.461121,8.461343
6,477.68817,643.1342,477.71985,643.2922,0.031677246,0.15795898,0.16110396
6,522.89233,440.7394,522.86383,440.91428,-0.028503418,0.17486572,0.17717354
6,432.4358,648.35394,432.54382,648.596,0.10803223,0.24206543,0.26507854
6,520.9037,407.4955,520.859,407.65485,-0.044677734,0.15933228,0.16547771
6,422.71097,226.58568,422.72314,226.76636,0.012176514,0.18067932,0.18108916
6,114.37326,680.6152,114.35375,680.67346,-0.019508362,0.058288574,0.061466526
6,456.51694,226.15686,456.39905,226.36807,-0.117889404,0.21121216,0.24188527
6,357.8113,227.86205,357.78156,228.16025,-0.029754639,0.2982025,0.2996833
6,520.9121,570.9794,520.9038,571.02515,-0.008300781,0.045776367,0.046522886
6,132.39468,231.36826,132.30434,231.66174,-0.09034729,0.29348755,0.3070791
6,110.387924,580.81213,110.32516,580.9339,-0.06276703,0.12176514,0.13699068
6,192.3937,230.59235,192.36366,230.88881,-0.030044556,0.296463,0.29798153
6,524.613,474.02704,524.56287,474.26892,-0.050109863,0.24188232,0.24701834
6,517.92004,277.28287,517.88293,277.38586,-0.037109375,0.102996826,0.109478086
6,391.7043,227.62035,391.71722,227.90164,0.012908936,0.28129578,0.2815918
6,528.8176,666.90924,528.82623,666.93024,0.008605957,0.020996094,0.022691375
6,123.523964,313.04294,123.358955,313.0673,-0.16500854,0.024353027,0.16679595
6,113.36886,712.9932,113.321106,713.0946,-0.04775238,0.101379395,0.1120628
6,344.64255,1196.2617,344.92877,1196.5208,0.28622437,0.2590332,0.38603443
6,259.452,229.29341,259.31976,229.57425,-0.13223267,0.280838,0.31041178
6,107.02809,413.78604,106.86197,413.82858,-0.16612244,0.042541504,0.17148307
6,286.053,1153.5547,286.1298,1153.759,0.07678223,0.2043457,0.21829493
6,514.3675,242.5906,514.1676,242.59941,-0.19989014,0.008804321,0.20008394
6,482.96255,225.1185,482.99683,225.35255,0.03427124,0.23405457,0.23655033
6,518.0945,307.02448,518.0873,307.12045,-0.0072021484,0.09597778,0.09624763
6,523.1918,537.34735,523.2138,537.71826,0.022033691,0.37091064,0.3715645
6,356.24728,1133.104,356.25522,1133.1869,0.00793457,0.08288574,0.083264664
6,290.0847,1129.3488,290.1164,1129.3809,0.031707764,0.032104492,0.04512295
7,127.31254,383.37192,126.94977,383.73575,-0.36277008,0.36383057,0.51378477
7,133.48137,696.45795,133.20587,696.7313,-0.27549744,0.27337646,0.38811535
7,225.9154,1134.5824,225.71329,1134.758,-0.20211792,0.17565918,0.26778314
7,147.84105,1071.541,147.58679,1071.8676,-0.2542572,0.3265381,0.41385245
7,112.49106,646.73016,112.14903,646.94604,-0.34202576,0.21588135,0.40445814
7,233.56404,1160.2817,233.34927,1160.5547,-0.21476746,0.27294922,0.34731302
7,134.35509,1072.7566,133.9235,1073.0997,-0.43159485,0.34313965,0.5513791
7,150.22491,1141.3743,150.0361,1141.7904,-0.18881226,0.4161377,0.45696896
7,269.73538,1137.2113,269.60675,1137.4448,-0.12863159,0.23352051,0.26660442
7,139.43689,1010.84326,139.20059,1011.387,-0.2362976,0.5437622,0.5928861
7,462.44806,1123.1405,462.24725,1123.533,-0.20080566,0.39245605,0.4408454
7,130.51413,625.77185,130.18095,626.28516,-0.33317566,0.51330566,0.6119548
7,324.8049,227.40848,324.22244,227.7194,-0.5824585,0.31092834,0.6602532
7,518.68414,1060.277,518.45874,1060.6332,-0.22540283,0.35620117,0.42152783
7,489.1434,1133.9791,488.88382,1134.4951,-0.25958252,0.5159912,0.57760715
7,524.8049,505.99124,524.37164,506.24585,-0.43322754,0.25460815,0.5025051
7,510.4373,224.22626,509.78784,224.57756,-0.6494446,0.3513031,0.73837125
7,520.7582,373.26523,520.3297,373.72928,-0.4284668,0.4640503,0.6316063
7,473.63284,1153.8655,473.4506,1154.2194,-0.18225098,0.35388184,0.398055
7,524.8594,701.38416,524.5862,701.5378,-0.27319336,0.15362549,0.31342527
7,518.7261,340.20477,518.2418,340.6414,-0.48425293,0.436615,0.65202266
7,140.67342,835.8748,140.57092,844.5901,-0.102493286,8.715271,8.715874
7,477.71985,643.2922,477.34842,643.5281,-0.37142944,0.23590088,0.44001028
7,522.86383,440.91428,522.42224,441.2188,-0.44158936,0.3045349,0.53641653
7,432.54382,648.596,432.34824,648.8925,-0.19558716,0.2965088,0.3552067
7,520.859,407.65485,520.4729,408.0874,-0.3861084,0.43255615,0.5798142
7,422.72314,226.76636,422.4463,227.32407,-0.27685547,0.55770874,0.622646
7,114.35375,680.67346,113.920784,680.96063,-0.43296814,0.2871704,0.5195462
7,456.39905,226.36807,455.91248,226.9802,-0.48657227,0.6121216,0.78194976
7,357.78156,228.16025,357.27475,228.6735,-0.5068054,0.5132446,0.7212987
7,520.9038,571.02515,520.6624,571.60645,-0.24139404,0.5812988,0.62942785
7,132.30434,231.66174,131.7013,232.2346,-0.6030426,0.5728607,0.8317631
7,110.32516,580.9339,109.76313,581.26227,-0.562027,0.32836914,0.6509229
7,192.36366,230.88881,191.78522,231.48438,-0.57844543,0.5955658,0.8302396
7,524.56287,474.26892,524.06476,474.5369,-0.4981079,0.26797485,0.5656165
7,517.88293,277.38586,517.4137,277.664,-0.46923828,0.2781372,0.54547673
7,391.71722,227.90164,391.23062,228.48558,-0.48660278,0.5839386,0.76010954
7,528.82623,666.93024,528.4414,667.28467,-0.38482666,0.35443115,0.5231759
7,123.358955,313.0673,123.00791,313.1818,-0.3510437,0.11450195,0.36924568
7,113.321106,713.0946,112.80931,713.34595,-0.51179504,0.25134277,0.57018185
7,344.92877,1196.5208,344.36212,1196.6819,-0.5666504,0.16113281,0.58911496
7,259.31976,229.57425,258.68988,230.16147,-0.6298828,0.58721924,0.8611497
7,106.86197,413.82858,106.46648,414.18964,-0.39549255,0.36105347,0.5355128
7,286.1298,1153.759,285.94586,1154.0454,-0.18392944,0.28637695,0.3403554
7,514.1676,242.59941,513.5575,242.83162,-0.6101074,0.23220825,0.652803
7,482.99683,225.35255,482.38425,225.89383,-0.61257935,0.541275,0.81745464
7,518.0873,307.12045,517.6528,307.41724,-0.43450928,0.29678345,0.52619267
7,523.2138,537.71826,522.78644,538.0461,-0.42736816,0.32781982,0.538618
7,356.25522,1133.1869,356.17007,1133.3809,-0.08514404,0.19396973,0.21183428
7,290.1164,1129.3809,289.96982,1129.6196,-0.14657593,0.23876953,0.2801703
8,126.94977,383.73575,126.79996,383.74377,-0.14981079,0.008026123,0.15002564
8,133.20587,696.7313,133.07553,696.7586,-0.13034058,0.027282715,0.13316536
8,225.71329,1134.758,225.54962,1134.846,-0.16366577,0.087890625,0.18577203
8,147.58679,1071.8676,147.43204,1072.0029,-0.15475464,0.13537598,0.20561044
8,112.14903,646.94604,112.08755,647.02356,-0.06148529,0.07751465,0.09893918
8,233.34927,1160.5547,233.14568,1160.694,-0.20359802,0.13928223,0.24668136
8,133.9235,1073.0997,133.8175,1073.2236,-0.10598755,0.12390137,0.16304879
8,150.0361,1141.7904,149.8572,1141.8004,-0.1789093,0.010009766,0.1791891
8,269.60675,1137.4448,269.51202,1137.5211,-0.09472656,0.076293945,0.121630125
8,139.20059,1011.387,139.05391,1011.40533,-0.14668274,0.018310547,0.14782119
8,462.24725,1123.533,462.11075,1123.6135,-0.13650513,0.080566406,0.1585074
8,130.18095,626.28516,130.01848,626.24945,-0.16247559,-0.035705566,0.16635264
8,324.22244,227.7194,324.1837,227.84843,-0.038757324,0.12902832,0.13472356
8,518.45874,1060.6332,518.43396,1060.705,-0.024780273,0.071777344,0.07593451
8,488.88382,1134.4951,488.86786,1134.5162,-0.015960693,0.021118164,0.026471127
8,524.37164,506.24585,524.33704,506.318,-0.034606934,0.072143555,0.08001458
8,509.78784,224.57756,509.79056,224.6213,0.0027160645,0.04374695,0.04383118
8,520.3297,373.72928,520.3093,373.75357,-0.020385742,0.024291992,0.031712446
8,473.4506,1154.2194,473.38873,1154.3312,-0.06185913,0.111816406,0.12778677
8,524.5862,701.5378,524.4011,701.65686,-0.1850586,0.11907959,0.22006051
8,518.2418,340.6414,518.2051,340.6627,-0.036743164,0.02130127,0.042471215
8,477.34842,643.5281,477.3136,643.6237,-0.034820557,0.09564209,0.1017835
8,522.42224,441.2188,522.399,441.28003,-0.023254395,0.06121826,0.0654862
8,432.34824,648.8925,432.4255,649.02527,0.07727051,0.13275146,0.15360235
8,520.4729,408.0874,520.4238,408.22498,-0.049072266,0.13757324,0.14606328
8,422.4463,227.32407,422.37424,227.35596,-0.072052,0.03189087,0.07879415
8,113.920784,680.96063,113.906586,681.0033,-0.014198303,0.042663574,0.044964124
8,455.91248,226.9802,455.76627,227.024,-0.14620972,0.043807983,0.15263166
8,357.27475,228.6735,357.26416,228.70918,-0.0105896,0.035690308,0.037228186
8,520.6624,571.60645,520.51416,571.59796,-0.1482544,-0.008483887,0.14849694
8,131.7013,232.2346,131.6959,232.23811,-0.0053863525,0.0035095215,0.006428805
8,109.76313,581.26227,109.75271,581.2874,-0.010421753,0.025146484,0.027220555
8,191.78522,231.48438,191.77135,231.50514,-0.013870239,0.020767212,0.024973199
8,524.06476,474.5369,524.05225,474.64316,-0.012512207,0.10626221,0.10699632
8,517.4137,277.664,517.35535,277.7116,-0.05834961,0.047607422,0.075307
8,391.23062,228.48558,391.20334,228.43839,-0.027282715,-0.047195435,0.054513812
8,528.4414,667.28467,528.35565,667.38806,-0.085754395,0.103393555,0.13432811
8,123.00791,313.1818,122.860695,313.2254,-0.1472168,0.04360962,0.15354016
8,112.80931,713.34595,112.77881,713.4228,-0.03050232,0.07684326,0.08267574
8,344.36212,1196.6819,344.38336,1196.7167,0.021240234,0.03479004,0.040761434
8,258.68988,230.16147,258.6606,230.17088,-0.029266357,0.009414673,0.030743385
8,106.46648,414.18964,106.378235,414.21436,-0.08824158,0.024719238,0.09163851
8,285.94586,1154.0454,285.6924,1154.1338,-0.2534485,0.088378906,0.26841566
8,513.5575,242.83162,513.53046,242.84242,-0.027038574,0.010803223,0.029116904
8,482.38425,225.89383,482.3393,225.92802,-0.044952393,0.034194946,0.05648019
8,517.6528,307.41724,517.6146,307.4986,-0.038146973,0.08135986,0.08985888
8,522.78644,538.0461,522.7836,538.0643,-0.0028076172,0.018188477,0.018403897
8,356.17007,1133.3809,356.07513,1133.4299,-0.094940186,0.049072266,0.10687248
8,289.96982,1129.6196,289.8679,1129.6693,-0.10192871,0.049682617,0.113392346
9,126.79996,383.74377,126.60569,384.0129,-0.19426727,0.26913452,0.33192343
9,133.07553,696.7586,132.74902,696.9881,-0.32650757,0.22949219,0.3990913
9,225.54962,1134.846,225.06808,1135.2383,-0.48153687,0.39233398,0.621131
9,147.43204,1072.0029,146.97575,1072.1569,-0.45628357,0.15393066,0.4815489
9,112.08755,647.02356,111.74381,647.15344,-0.34373474,0.12988281,0.36745492
9,233.14568,1160.694,232.63916,1160.8538,-0.5065155,0.15979004,0.5311222
9,133.8175,1073.2236,133.55536,1073.3656,-0.262146,0.14196777,0.29811972
9,149.8572,1141.8004,149.32692,1141.8801,-0.53027344,0.079711914,0.5362312
9,269.51202,1137.5211,268.8461,1137.6117,-0.6659241,0.09057617,0.6720557
9,139.05391,1011.40533,138.69858,1011.41315,-0.35533142,0.0078125,0.35541728
9,462.11075,1123.6135,461.5653,1123.7585,-0.5454407,0.14501953,0.5643901
9,130.01848,626.24945,129.76599,626.3639,-0.25248718,0.11444092,0.277212
9,324.1837,227.84843,324.0446,228.09392,-0.13909912,0.2454834,0.2821536
9,518.43396,1060.705,517.8473,1060.9994,-0.5866699,0.2944336,0.65640897
9,488.86786,1134.5162,488.20242,1134.5449,-0.6654358,0.028686523,0.66605383
9,524.33704,506.318,523.8007,506.54404,-0.5363159,0.2260437,0.5820056
9,509.79056,224.6213,509.4789,224.9836,-0.3116455,0.36228943,0.4778876
9,520.3093,373.75357,520.025,373.96466,-0.28430176,0.21109009,0.35409957
9,473.38873,1154.3312,472.7191,1154.4927,-0.6696472,0.16149902,0.6888464
9,524.4011,701.65686,523.9154,701.8891,-0.48571777,0.23223877,0.5383833
9,518.2051,340.6627,517.94415,340.87027,-0.2609253,0.20758057,0.3334242
9,477.3136,643.6237,476.91757,643.89197,-0.3960266,0.2682495,0.47832507
9,522.399,441.28003,521.9568,441.56885,-0.4421997,0.28881836,0.52816343
9,432.4255,649.02527,431.97037,649.26434,-0.45513916,0.2390747,0.5141093
9,520.4238,408.22498,520.1449,408.43933,-0.27893066,0.21435547,0.35178202
9,422.37424,227.35596,421.76614,227.51747,-0.60809326,0.16151428,0.62917745
9,113.906586,681.0033,113.6702,681.1393,-0.23638916,0.13598633,0.2727125
9,455.76627,227.024,455.55933,227.2098,-0.2069397,0.18579102,0.2781049
9,357.26416,228.70918,357.13458,228.92621,-0.12957764,0.21702576,0.2527658
9,520.51416,571.59796,520.0459,571.65656,-0.46826172,0.05859375,0.4719134
9,131.6959,232.23811,131.61029,232.3493,-0.085617065,0.111190796,0.14033416
9,109.75271,581.2874,109.51631,581.4973,-0.23639679,0.2098999,0.3161351
9,191.77135,231.50514,191.51234,231.64522,-0.2590027,0.14007568,0.29445472
9,524.05225,474.64316,523.6174,474.84518,-0.4348755,0.20202637,0.47951156
9,517.35535,277.7116,517.08936,278.06195,-0.2659912,0.3503418,0.43987578
9,391.20334,228.43839,391.02264,228.6268,-0.18069458,0.18841553,0.26105735
9,528.35565,667.38806,527.8946,667.5586,-0.46105957,0.17053223,0.4915864
9,122.860695,313.2254,122.66971,313.62982,-0.19098663,0.40441895,0.44724777
9,112.77881,713.4228,112.41604,713.5795,-0.36277008,0.15673828,0.39518228
9,344.38336,1196.7167,343.65976,1196.852,-0.7236023,0.13537598,0.7361569
9,258.6606,230.17088,258.4408,230.27922,-0.21981812,0.1083374,0.24506529
9,106.378235,414.21436,106.205475,414.20016,-0.17276001,-0.014190674,0.17334184
9,285.6924,1154.1338,285.12726,1154.3029,-0.565155,0.16906738,0.5899017
9,513.53046,242.84242,513.2167,243.31369,-0.31378174,0.4712677,0.5661733
9,482.3393,225.92802,482.09625,226.3133,-0.24304199,0.38526917,0.45552358
9,517.6146,307.4986,517.40515,307.76797,-0.20947266,0.26937866,0.3412384
9,522.7836,538.0643,522.4609,538.2693,-0.3227539,0.20501709,0.38236383
9,356.07513,1133.4299,355.54526,1133.6536,-0.5298767,0.22363281,0.5751356
9,289.8679,1129.6693,289.18323,1129.7847,-0.68466187,0.115356445,0.69431186
10,126.60569,384.0129,126.64325,384.00677,0.03755951,-0.006134033,0.038057104
10,132.74902,696.9881,132.76501,696.9666,0.015991211,-0.021484375,0.026782405
10,225.06808,1135.2383,225.0649,1135.2327,-0.003189087,-0.0056152344,0.0064576413
10,146.97575,1072.1569,146.96834,1072.155,-0.0074157715,-0.0018310547,0.0076384833
10,111.74381,647.15344,111.79961,647.15985,0.055793762,0.0064086914,0.056160618
10,232.63916,1160.8538,232.6579,1160.9108,0.018737793,0.057006836,0.060007367
10,133.55536,1073.3656,133.53586,1073.3724,-0.019500732,0.0068359375,0.020664187
10,149.32692,1141.8801,149.32527,1141.8821,-0.0016479492,0.001953125,0.0025554714
10,268.8461,1137.6117,268.83347,1137.6327,-0.012634277,0.020996094,0.024504304
10,138.69858,1011.41315,138.70253,1011.4254,0.0039520264,0.012268066,0.012888908
10,461.5653,1123.7585,461.56796,1123.8042,0.0026550293,0.045654297,0.045731433
10,129.76599,626.3639,129.76181,626.3784,-0.004180908,0.014526367,0.015116062
10,324.0446,228.09392,324.06308,228.0821,0.018493652,-0.011810303,0.021943072
10,517.8473,1060.9994,517.8462,1061.0034,-0.0010986328,0.0040283203,0.004175447
10,488.20242,1134.5449,488.30826,1134.6207,0.10583496,0.075805664,0.13018271
10,523.8007,506.54404,523.81256,506.56577,0.01184082,0.021728516,0.024745371
10,509.4789,224.9836,509.4762,225.00714,-0.0027160645,0.023544312,0.023700455
10,520.025,373.96466,519.99744,373.98718,-0.02758789,0.022521973,0.035613634
10,472.7191,1154.4927,472.75406,1154.5807,0.034973145,0.088012695,0.094706684
10,523.9154,701.8891,523.93115,701.99475,0.01574707,0.105651855,0.10681894
10,517.94415,340.87027,517.9158,340.91705,-0.028381348,0.046783447,0.05471921
10,476.91757,643.89197,476.90912,643.96045,-0.008453369,0.068481445,0.06900121
10,521.9568,441.56885,521.99664,441.63406,0.039855957,0.065216064,0.076430574
10,431.97037,649.26434,431.94318,649.3005,-0.027191162,0.036132812,0.04522101
10,520.1449,408.43933,520.1776,408.46896,0.032714844,0.029632568,0.04414012
10,421.76614,227.51747,421.81424,227.53865,0.048095703,0.0211792,0.052552402
10,113.6702,681.1393,113.66032,681.16486,-0.009880066,0.02557373,0.027415896
10,455.55933,227.2098,455.56216,227.22398,0.0028381348,0.014190674,0.014471704
10,357.13458,228.92621,357.1387,228.92996,0.004119873,0.003753662,0.0055734487
10,520.0459,571.65656,520.0459,571.7136,0.0,0.05706787,0.05706787
10,131.61029,232.3493,131.62341,232.35991,0.013122559,0.010604858,0.016872006
10,109.51631,581.4973,109.51338,581.4891,-0.0029296875,-0.008239746,0.008745084
10,191.51234,231.64522,191.48917,231.68756,-0.0231781,0.04234314,0.04827179
10,523.6174,474.84518,523.6407,474.87866,0.02331543,0.033477783,0.040796705
10,517.08936,278.06195,517.0868,278.08707,-0.0025634766,0.025115967,0.025246449
10,391.02264,228.6268,391.0255,228.64507,0.0028686523,0.01826477,0.018488672
10,527.8946,667.5586,527.8934,667.6104,-0.0012207031,0.051818848,0.051833224
10,122.66971,313.62982,122.70822,313.621,0.038513184,-0.00881958,0.03951013
10,112.41604,713.5795,112.429504,713.5935,0.013465881,0.013977051,0.01940845
10,343.65976,1196.852,343.6464,1196.9208,-0.013366699,0.068725586,0.07001339
10,258.4408,230.27922,258.4657,230.29369,0.024902344,0.014465332,0.02879883
10,106.205475,414.20016,106.20387,414.26968,-0.0016021729,0.06951904,0.0695375
10,285.12726,1154.3029,285.14517,1154.3346,0.017913818,0.03173828,0.036444798
10,513.2167,243.31369,513.2191,243.3091,0.0024414062,-0.0045928955,0.005201457
10,482.09625,226.3133,482.10663,226.26366,0.010375977,-0.04963684,0.050709732
10,517.40515,307.76797,517.3966,307.7827,-0.008544922,0.01473999,0.017037693
10,522.4609,538.2693,522.4624,538.33875,0.0015258789,0.06945801,0.069474764
10,355.54526,1133.6536,355.5222,1133.6954,-0.023071289,0.041870117,0.047805764
10,289.18323,1129.7847,289.21075,1129.8333,0.027526855,0.048583984,0.05584023
11,126.64325,384.00677,126.76427,384.11752,0.121017456,0.11074829,0.16404392
11,132.76501,696.9666,132.91464,697.00226,0.14962769,0.03564453,0.15381475
11,225.0649,1135.2327,225.19685,1135.1501,0.13195801,-0.08251953,0.15563543
11,146.96834,1072.155,147.26054,1072.1355,0.2922058,-0.01953125,0.29285783
11,111.79961,647.15985,111.8701,647.2673,0.070495605,0.107421875,0.1284877
11,232.6579,1160.9108,232.81741,1160.9385,0.15951538,0.027709961,0.16190429
11,133.53586,1073.3724,133.55406,1073.3777,0.018203735,0.0052490234,0.018945402
11,149.32527,1141.8821,149.56848,1142.0255,0.24320984,0.14343262,0.28235427
11,268.83347,1137.6327,269.0441,1137.735,0.21063232,0.10229492,0.23415855
11,138.70253,1011.4254,138.8159,1011.4633,0.1133728,0.037902832,0.11954086
11,461.56796,1123.8042,461.62433,1123.9701,0.056365967,0.16589355,0.17520785
11,129.76181,626.3784,129.88498,626.338,0.123168945,-0.040405273,0.12962706
11,324.06308,228.0821,324.0585,228.15587,-0.0045776367,0.07376099,0.0739029
11,517.8462,1061.0034,517.94,1061.0253,0.093811035,0.021850586,0.09632216
11,488.30826,1134.6207,488.43234,1134.7369,0.12408447,0.11621094,0.1700057
11,523.81256,506.56577,523.9695,506.7661,0.15692139,0.2003479,0.25448695
11,509.4762,225.00714,509.626,225.04546,0.14981079,0.03831482,0.15463278
11,519.99744,373.98718,520.0857,374.11517,0.088256836,0.12799072,0.15546991
11,472.75406,1154.5807,472.9115,1154.6864,0.15744019,0.10571289,0.18963815
11,523.93115,701.99475,524.0962,702.1505,0.16503906,0.15576172,0.22693524
11,517.9158,340.91705,517.9903,341.1117,0.074523926,0.19464111,0.2084202
11,476.90912,643.96045,477.0299,643.9908,0.120788574,0.030334473,0.12453939
11,521.99664,441.63406,522.1544,441.8028,0.15777588,0.16873169,0.23100565
11,431.94318,649.3005,431.83246,649.37213,-0.11071777,0.07165527,0.13188216
11,520.1776,408.46896,520.204,408.57162,0.026367188,0.10266113,0.1059931
11,421.81424,227.53865,422.09647,227.60233,0.28222656,0.06367493,0.28932047
11,113.66032,681.16486,113.75534,681.2841,0.09502411,0.119262695,0.15248992
11,455.56216,227.22398,455.61234,227.26169,0.0501709,0.037704468,0.06275943
11,357.1387,228.92996,357.19403,229.03908,0.05532837,0.1091156,0.1223415
11,520.0459,571.7136,520.1354,571.89764,0.08947754,0.184021,0.2046215
11,131.62341,232.35991,131.60641,232.42805,-0.016998291,0.06814575,0.07023379
11,109.51338,581.4891,109.50705,581.5407,-0.0063323975,0.051635742,0.052022584
11,191.48917,231.68756,191.64832,231.71237,0.15914917,0.024810791,0.16107151
11,523.6407,474.87866,523.77045,475.0616,0.12976074,0.18295288,0.22429803
11,517.0868,278.08707,517.1071,278.2589,0.020324707,0.17184448,0.17304225
11,391.0255,228.64507,391.11572,228.75719,0.09020996,0.11212158,0.14390652
11,527.8934,667.6104,528.01117,667.7649,0.11779785,0.15447998,0.19426888
11,122.70822,313.621,122.82661,313.64713,0.118385315,0.026123047,0.12123323
11,112.429504,713.5935,112.592476,713.74445,0.1629715,0.15093994,0.22213188
11,343.6464,1196.9208,343.8476,1197.0391,0.2012024,0.11828613,0.23339668
11,258.4657,230.29369,258.5869,230.43071,0.12121582,0.13702393,0.18294488
11,106.20387,414.26968,106.276,414.46768,0.072128296,0.19799805,0.21072665
11,285.14517,1154.3346,285.28256,1154.4087,0.13739014,0.07409668,0.15609731
11,513.2191,243.3091,513.3058,243.47478,0.08666992,0.16567993,0.18697998
11,482.10663,226.26366,482.25183,226.31592,0.14520264,0.052261353,0.15432127
11,517.3966,307.7827,517.3936,307.9222,-0.0029907227,0.13949585,0.1395279
11,522.4624,538.33875,522.44464,538.4817,-0.01776123,0.14294434,0.14404355
11,355.5222,1133.6954,355.4631,1133.8286,-0.05908203,0.13317871,0.14569576
11,289.21075,1129.8333,289.423,1130.0051,0.21224976,0.171875,0.2731135
12,126.76427,384.11752,126.72868,384.12018,-0.035583496,0.0026550293,0.03568241
12,132.91464,697.00226,132.91525,697.0017,0.00061035156,-0.0005493164,0.000821144
12,225.19685,1135.1501,225.19168,1135.1514,-0.0051727295,0.0012207031,0.005314814
12,147.26054,1072.1355,147.25725,1072.1117,-0.0032958984,-0.023803711,0.024030805
12,111.8701,647.2673,111.86979,647.2613,-0.00031280518,-0.0059814453,0.005989619
12,232.81741,1160.9385,232.83397,1160.9143,0.016555786,-0.024169922,0.029296402
12,133.55406,1073.3777,133.52945,1073.3407,-0.024612427,-0.036987305,0.04442783
12,149.56848,1142.0255,149.56432,1142.0415,-0.0041656494,0.015991211,0.016524874
12,269.0441,1137.735,269.02457,1137.7281,-0.01953125,-0.0068359375,0.02069299
12,138.8159,1011.4633,138.83351,1011.4704,0.017608643,0.007080078,0.01897872
12,461.62433,1123.9701,461.6228,1123.9628,-0.0015258789,-0.0073242188,0.0074814763
12,129.88498,626.338,129.88116,626.3531,-0.0038146973,0.015075684,0.015550825
12,324.0585,228.15587,324.04312,228.12714,-0.015380859,-0.0287323,0.03259012
12,517.94,1061.0253,517.8872,1061.0083,-0.05279541,-0.016967773,0.055455033
12,488.43234,1134.7369,488.43478,1134.7451,0.0024414062,0.008178711,0.0085353255
12,523.9695,506.7661,523.9764,506.76437,0.0068969727,-0.001739502,0.007112953
12,509.626,225.04546,509.6323,225.04631,0.006286621,0.0008544922,0.006344428
12,520.0857,374.11517,520.10034,374.10983,0.0146484375,-0.005340576,0.015591616
12,472.9115,1154.6864,472.8929,1154.6395,-0.018585205,-0.046875,0.05042495
12,524.0962,702.1505,524.1187,702.1462,0.022521973,-0.004333496,0.022935092
12,517.9903,341.1117,517.99396,341.11536,0.0036621094,0.0036621094,0.0051790047
12,477.0299,643.9908,477.0042,643.9925,-0.0256958,0.0017089844,0.025752569
12,522.1544,441.8028,522.147,441.78714,-0.007446289,-0.015655518,0.01733616
12,431.83246,649.37213,431.7884,649.32886,-0.044067383,-0.043273926,0.06176218
12,520.204,408.57162,520.18677,408.5756,-0.017211914,0.003967285,0.01766322
12,422.09647,227.60233,422.08774,227.57083,-0.008728027,-0.03149414,0.03268118
12,113.75534,681.2841,113.76594,681.2933,0.010597229,0.009155273,0.014004296
12,455.61234,227.26169,455.64075,227.20302,0.028411865,-0.058670044,0.065187484
12,357.19403,229.03908,357.18924,228.98051,-0.0047912598,-0.058563232,0.0587589
12,520.1354,571.89764,520.12805,571.9123,-0.0073242188,0.0146484375,0.01637745
12,131.60641,232.42805,131.59206,232.34575,-0.0143585205,-0.08230591,0.08354896
12,109.50705,581.5407,109.50599,581.5466,-0.0010604858,0.005859375,0.00595457
12,191.64832,231.71237,191.6096,231.68027,-0.038711548,-0.032104492,0.05029197
12,523.77045,475.0616,523.78107,475.05453,0.010620117,-0.007080078,0.012763793
12,517.1071,278.2589,517.09875,278.25778,-0.008361816,-0.0011291504,0.00843771
12,391.11572,228.75719,391.11542,228.72733,-0.00030517578,-0.02986145,0.02986301
12,528.01117,667.7649,528.00073,667.7655,-0.010437012,0.00061035156,0.010454843
12,122.82661,313.64713,122.77498,313.64496,-0.051628113,-0.002166748,0.05167356
12,112.592476,713.74445,112.588646,713.7509,-0.003829956,0.0064697266,0.0075183725
12,343.8476,1197.0391,343.85626,1196.9949,0.008666992,-0.044189453,0.045031372
12,258.5869,230.43071,258.6029,230.3629,0.015991211,-0.06781006,0.0696701
12,106.276,414.46768,106.26547,414.47476,-0.010528564,0.007080078,0.012687718
12,285.28256,1154.4087,285.2804,1154.3945,-0.002166748,-0.014160156,0.014324972
12,513.3058,243.47478,513.31055,243.49013,0.004760742,0.015350342,0.016071642
12,482.25183,226.31592,482.22842,226.26128,-0.023406982,-0.054641724,0.059444133
12,517.3936,307.9222,517.39886,307.91956,0.0052490234,-0.0026550293,0.0058822976
12,522.44464,538.4817,522.4414,538.4616,-0.0032348633,-0.020080566,0.020339457
12,355.4631,1133.8286,355.45145,1133.8342,-0.011657715,0.0056152344,0.0129395975
12,289.423,1130.0051,289.41586,1129.9812,-0.0071411133,-0.023925781,0.02496875
13,126.72868,384.12018,126.52729,383.62433,-0.20139313,-0.4958496,0.53518784
13,132.91525,697.0017,132.73776,696.742,-0.17749023,-0.2597046,0.31456202
13,225.19168,1135.1514,225.17085,1134.888,-0.020828247,-0.26342773,0.26424986
13,147.25725,1072.1117,147.28323,1071.5869,0.025985718,-0.5247803,0.5254233
13,111.86979,647.2613,111.811104,646.85876,-0.058685303,-0.40252686,0.4067823
13,232.83397,1160.9143,232.80002,1160.3203,-0.033950806,-0.59399414,0.5949636
13,133.52945,1073.3407,133.44092,1072.8063,-0.088531494,-0.5344238,0.54170716
13,149.56432,1142.0415,149.52907,1141.7205,-0.035247803,-0.32104492,0.32297406
13,269.02457,1137.7281,268.97,1137.2904,-0.05456543,-0.43774414,0.44113186
13,138.83351,1011.4704,138.77704,1011.1649,-0.05647278,-0.30548096,0.31065702
13,461.6228,1123.9628,461.5433,1123.492,-0.07949829,-0.4708252,0.47748962
13,129.88116,626.3531,129.72726,625.8352,-0.15390015,-0.5178833,0.54026693
13,324.04312,228.12714,323.9365,227.58327,-0.10662842,-0.543869,0.554223
13,517.8872,1061.0083,517.80774,1060.6255,-0.07946777,-0.3828125,0.39097384
13,488.43478,1134.7451,488.49368,1134.5546,0.058898926,-0.19055176,0.19944687
13,523.9764,506.76437,523.9319,506.38565,-0.04449463,-0.37872314,0.38132793
13,509.6323,225.04631,509.5686,224.75925,-0.063690186,-0.2870636,0.29404414
13,520.10034,374.10983,519.90656,373.82922,-0.19378662,-0.28060913,0.34102014
13,472.8929,1154.6395,472.81903,1154.3438,-0.07388306,-0.29577637,0.3048645
13,524.1187,702.1462,524.0678,701.8492,-0.05090332,-0.29699707,0.30132774
13,517.99396,341.11536,517.86084,340.76428,-0.13311768,-0.35107422,0.37546426
13,477.0042,643.9925,476.81915,643.6194,-0.1850586,-0.3731079,0.41648072
13,522.147,441.78714,522.06085,441.51184,-0.086120605,-0.27529907,0.2884551
13,431.7884,649.32886,431.35544,648.9591,-0.43295288,-0.36975098,0.569354
13,520.18677,408.5756,520.08765,408.2973,-0.099121094,-0.2782898,0.2954153
13,422.08774,227.57083,422.0387,227.28218,-0.049041748,-0.2886505,0.292787
13,113.76594,681.2933,113.67732,681.0888,-0.08861542,-0.20446777,0.2228447
13,455.64075,227.20302,455.5085,226.85608,-0.13223267,-0.3469391,0.37128454
13,357.18924,228.98051,357.02,228.428,-0.16925049,-0.55252075,0.5778624
13,520.12805,571.9123,520.1007,571.64197,-0.02734375,-0.2703247,0.2717041
13,131.59206,232.34575,131.46642,231.70222,-0.12564087,-0.64352417,0.65567446
13,109.50599,581.5466,109.4157,581.281,-0.090286255,-0.26556396,0.2804921
13,191.6096,231.68027,191.55254,231.1285,-0.05706787,-0.5517731,0.55471635
13,523.78107,475.05453,523.70074,474.6439,-0.080322266,-0.41064453,0.41842633
13,517.09875,278.25778,516.9423,277.80185,-0.1564331,-0.45593262,0.48202267
13,391.11542,228.72733,391.02747,228.1559,-0.08795166,-0.5714264,0.57815534
13,528.00073,667.7655,527.9702,667.5345,-0.030517578,-0.23101807,0.23302504
13,122.77498,313.64496,122.570854,313.3766,-0.20412445,-0.26837158,0.33717963
13,112.588646,713.7509,112.4802,713.18176,-0.108444214,-0.56915283,0.579392
13,343.85626,1196.9949,343.84113,1196.7095,-0.015136719,-0.2854004,0.2858015
13,258.6029,230.3629,258.49738,229.8542,-0.105529785,-0.5086975,0.5195283
13,106.26547,414.47476,106.14332,414.3029,-0.122154236,-0.171875,0.21086174
13,285.2804,1154.3945,285.34695,1153.8208,0.06655884,-0.57373047,0.57757837
13,513.31055,243.49013,513.2755,243.34607,-0.03503418,-0.14405823,0.14825709
13,482.22842,226.26128,482.1446,225.86153,-0.08383179,-0.39974976,0.40844542
13,517.39886,307.91956,517.2626,307.66428,-0.1362915,-0.25527954,0.28938386
13,522.4414,538.4616,522.36884,538.14545,-0.0725708,-0.3161621,0.32438403
13,355.45145,1133.8342,355.40515,1133.3286,-0.046295166,-0.50561523,0.50773025
13,289.41586,1129.9812,289.40442,1129.4172,-0.011444092,-0.56396484,0.56408095
14,126.52729,383.62433,126.420105,383.4137,-0.107185364,-0.21063232,0.23633595
14,132.73776,696.742,132.64401,696.5391,-0.09375,-0.20288086,0.2234943
14,225.17085,1134.888,225.11438,1134.3643,-0.05647278,-0.52368164,0.5267178
14,147.28323,1071.5869,147.29698,1071.3193,0.013748169,-0.26757812,0.26793107
14,111.811104,646.85876,111.760086,646.67,-0.05101776,-0.18878174,0.19555397
14,232.80002,1160.3203,232.72098,1160.1957,-0.07904053,-0.12463379,0.14758383
14,133.44092,1072.8063,133.43173,1072.5677,-0.009185791,-0.23852539,0.2387022
14,149.52907,1141.7205,149.50621,1141.181,-0.022857666,-0.5394287,0.53991276
14,268.97,1137.2904,268.90405,1137.1521,-0.06594849,-0.13830566,0.15322421
14,138.77704,1011.1649,138.7306,1010.9967,-0.046432495,-0.16821289,0.17450373
14,461.5433,1123.492,461.56863,1123.2871,0.02532959,-0.20483398,0.20639417
14,129.72726,625.8352,129.6452,625.7871,-0.08206177,-0.048095703,0.09511746
14,323.9365,227.58327,323.8174,227.3932,-0.11907959,-0.19006348,0.22428569
14,517.80774,1060.6255,517.70264,1060.3108,-0.10510254,-0.31469727,0.33178443
14,488.49368,1134.5546,488.46603,1133.9457,-0.027648926,-0.6088867,0.6095142
14,523.9319,506.38565,523.7751,506.23157,-0.15679932,-0.15408325,0.21983556
14,509.5686,224.75925,509.48083,224.4706,-0.087768555,-0.2886505,0.30169925
14,519.90656,373.82922,519.7694,373.59863,-0.137146,-0.23059082,0.26829302
14,472.81903,1154.3438,472.76526,1153.8959,-0.053771973,-0.44787598,0.45109236
14,524.0678,701.8492,523.9022,701.5369,-0.16558838,-0.31225586,0.3534448
14,517.86084,340.76428,517.73596,340.46518,-0.12487793,-0.29910278,0.32412493
14,476.81915,643.6194,476.7587,643.3983,-0.060455322,-0.22106934,0.2291866
14,522.06085,441.51184,521.96313,441.13876,-0.097717285,-0.3730774,0.3856623
14,431.35544,648.9591,431.39658,648.70056,0.041137695,-0.25854492,0.26179722
14,520.08765,408.2973,519.9911,407.90985,-0.09655762,-0.38745117,0.39930162
14,422.0387,227.28218,421.77997,227.01921,-0.25872803,-0.26296997,0.36890838
14,113.67732,681.0888,113.6309,680.57306,-0.046424866,-0.5157471,0.5178323
14,455.5085,226.85608,455.48166,226.52724,-0.026855469,-0.32884216,0.32993695
14,357.02,228.428,356.9158,228.25519,-0.10418701,-0.17280579,0.20178398
14,520.1007,571.64197,519.94006,571.27625,-0.16064453,-0.36572266,0.3994493
14,131.46642,231.70222,131.3805,231.55847,-0.08592224,-0.14375305,0.16747409
14,109.4157,581.281,109.41095,581.0375,-0.004753113,-0.24353027,0.24357666
14,191.55254,231.1285,191.43718,230.9335,-0.115356445,-0.19499207,0.22655907
14,523.70074,474.6439,523.63086,474.483,-0.069885254,-0.16088867,0.17541127
14,516.9423,277.80185,516.87646,277.6464,-0.06585693,-0.15545654,0.1688309
14,391.02747,228.1559,390.89035,228.00154,-0.13711548,-0.15435791,0.20646313
14,527.9702,667.5345,527.86835,667.0237,-0.101867676,-0.5108032,0.52086174
14,122.570854,313.3766,122.50413,313.06705,-0.066726685,-0.3095398,0.31665018
14,112.4802,713.18176,112.39673,713.1423,-0.083473206,-0.039489746,0.09234292
14,343.84113,1196.7095,343.49017,1196.2808,-0.35095215,-0.42871094,0.55404013
14,258.49738,229.8542,258.47137,229.57692,-0.026000977,-0.2772827,0.2784991
14,106.14332,414.3029,106.02826,413.8082,-0.1150589,-0.49468994,0.50789434
14,285.34695,1153.8208,285.32495,1153.6786,-0.022003174,-0.14221191,0.14390402
14,513.2755,243.34607,513.2224,242.87126,-0.053100586,-0.47480774,0.4777678
14,482.1446,225.86153,481.931,225.44289,-0.21359253,-0.41864014,0.46998015
14,517.2626,307.66428,517.1433,307.46365,-0.119262695,-0.20062256,0.23339452
14,522.36884,538.14545,522.25085,537.83276,-0.11798096,-0.3126831,0.33420086
14,355.40515,1133.3286,355.3816,1133.243,-0.02355957,-0.08557129,0.08875527
14,289.40442,1129.4172,289.37186,1129.3572,-0.032562256,-0.060058594,0.0683179
15,126.420105,383.4137,126.3692,383.1628,-0.05090332,-0.250885,0.25599694
15,132.64401,696.5391,132.55466,695.94904,-0.08935547,-0.5900879,0.596815
15,225.11438,1134.3643,225.02136,1133.9133,-0.09301758,-0.45092773,0.46042165
15,147.29698,1071.3193,147.27406,1070.7665,-0.022918701,-0.55285645,0.55333126
15,111.760086,646.67,111.65214,646.1197,-0.1079483,-0.55029297,0.5607809
15,232.72098,1160.1957,232.65224,1159.5566,-0.068740845,-0.6390381,0.64272463
15,133.43173,1072.5677,133.33076,1072.153,-0.10096741,-0.41479492,0.42690662
15,149.50621,1141.181,149.46848,1141.054,-0.037734985,-0.1270752,0.13255955
15,268.90405,1137.1521,268.8134,1136.5867,-0.090667725,-0.5654297,0.57265294
15,138.7306,1010.9967,138.67844,1010.359,-0.0521698,-0.6376953,0.63982576
15,461.56863,1123.2871,461.38956,1122.8177,-0.17907715,-0.46936035,0.5023622
15,129.6452,625.7871,129.55687,625.4038,-0.08833313,-0.38330078,0.39334747
15,323.8174,227.3932,323.74008,226.84315,-0.07733154,-0.5500488,0.55545825
15,517.70264,1060.3108,517.5873,1059.6814,-0.115356445,-0.62939453,0.6398786
15,488.46603,1133.9457,488.435,1133.7467,-0.031036377,-0.19897461,0.20138061
15,523.7751,506.23157,523.65485,505.62067,-0.12023926,-0.6109009,0.62262136
15,509.48083,224.4706,509.34146,223.86589,-0.13937378,-0.6047058,0.6205596
15,519.7694,373.59863,519.6731,373.05814,-0.09631348,-0.5404968,0.54901105
15,472.76526,1153.8959,472.59866,1153.315,-0.16659546,-0.5809326,0.6043482
15,523.9022,701.5369,523.75116,701.0952,-0.15106201,-0.44171143,0.46682835
15,517.73596,340.46518,517.59534,339.82635,-0.140625,-0.63882446,0.6541193
15,476.7587,643.3983,476.65573,642.952,-0.10296631,-0.44628906,0.4580131
15,521.96313,441.13876,521.8474,440.7122,-0.115722656,-0.4265747,0.44199288
15,431.39658,648.70056,431.21106,648.2604,-0.18551636,-0.44018555,0.47768152
15,519.9911,407.90985,519.8119,407.48746,-0.17919922,-0.4223938,0.45883426
15,421.77997,227.01921,421.73035,226.44882,-0.049621582,-0.5703888,0.57254314
15,113.6309,680.57306,113.578636,680.38934,-0.052261353,-0.18371582,0.19100459
15,455.48166,226.52724,455.25894,225.96318,-0.22271729,-0.5640564,0.60643435
15,356.9158,228.25519,356.66412,227.72144,-0.25167847,-0.53375244,0.5901133
15,519.94006,571.27625,519.8707,570.8971,-0.06933594,-0.3791504,0.38543805
15,131.3805,231.55847,131.34073,231.04941,-0.039764404,-0.5090637,0.51061445
15,109.41095,581.0375,109.330986,580.4609,-0.079963684,-0.5765991,0.58211744
15,191.43718,230.9335,191.42577,230.36977,-0.011413574,-0.56373596,0.5638515
15,523.63086,474.483,523.4581,473.98715,-0.17272949,-0.4958496,0.5250736
15,516.87646,277.6464,516.6907,277.0391,-0.18579102,-0.6072998,0.63508373
15,390.89035,228.00154,390.7127,227.36188,-0.17764282,-0.6396637,0.6638724
15,527.86835,667.0237,527.7673,666.6952,-0.10107422,-0.3284912,0.3436895
15,122.50413,313.06705,122.42572,312.8392,-0.07840729,-0.22784424,0.24095787
15,112.39673,713.1423,112.29921,712.59814,-0.09751892,-0.5441284,0.55279803
15,343.49017,1196.2808,343.52136,1195.9429,0.031188965,-0.33789062,0.339327
15,258.47137,229.57692,258.3518,229.06381,-0.11956787,-0.5131073,0.5268544
15,106.02826,413.8082,105.978455,413.52216,-0.049804688,-0.28604126,0.2903448
15,285.32495,1153.6786,285.19754,1153.0847,-0.12741089,-0.5938721,0.6073858
15,513.2224,242.87126,513.03503,242.30138,-0.18737793,-0.56988525,0.5998997
15,481.931,225.44289,481.80743,225.0667,-0.123565674,-0.3761902,0.39596406
15,517.1433,307.46365,517.0316,306.84103,-0.111694336,-0.6226196,0.63255894
15,522.25085,537.83276,522.10895,537.438,-0.14190674,-0.3947754,0.4195058
15,355.3816,1133.243,355.25467,1132.5524,-0.1269226,-0.6906738,0.70223904
15,289.37186,1129.3572,289.27625,1128.7029,-0.09561157,-0.6542969,0.66124576
16,126.3692,383.1628,126.47276,383.14618,0.1035614,-0.01663208,0.10488846
16,132.55466,695.94904,132.63174,695.9468,0.0770874,-0.0022583008,0.077120475
16,225.02136,1133.9133,225.02716,1133.9187,0.00579834,0.0053710938,0.007903758
16,147.27406,1070.7665,147.27322,1070.7664,-0.0008392334,-0.00012207031,0.0008480648
16,111.65214,646.1197,111.65823,646.1184,0.006095886,-0.0012817383,0.00622918
16,232.65224,1159.5566,232.65599,1159.5554,0.003753662,-0.0012207031,0.003947163
16,133.33076,1072.153,133.32916,1072.1486,-0.0016021729,-0.0043945312,0.0046774847
16,149.46848,1141.054,149.46281,1140.9896,-0.0056610107,-0.064331055,0.06457965
16,268.8134,1136.5867,268.81708,1136.5945,0.003692627,0.0078125,0.008641218
16,138.67844,1010.359,138.70506,1010.42773,0.026626587,0.068725586,0.073703334
16,461.38956,1122.8177,461.40216,1122.8278,0.01260376,0.010009766,0.016095035
16,129.55687,625.4038,129.67532,625.4049,0.11845398,0.0010986328,0.118459076
16,323.74008,226.84315,323.7361,226.84148,-0.003967285,-0.0016784668,0.0043077376
16,517.5873,1059.6814,517.58167,1059.6798,-0.0056152344,-0.0015869141,0.0058351653
16,488.435,1133.7467,488.42084,1133.3839,-0.014160156,-0.36279297,0.3630692
16,523.65485,505.62067,523.6647,505.62885,0.00982666,0.008178711,0.012784935
16,509.34146,223.86589,509.3437,223.85086,0.0022277832,-0.015029907,0.015194115
16,519.6731,373.05814,519.6601,373.05234,-0.013000488,-0.00579834,0.014234938
16,472.59866,1153.315,472.57916,1153.3104,-0.019500732,-0.0045166016,0.02001695
16,523.75116,701.0952,523.7547,701.0448,0.003540039,-0.05041504,0.050539173
16,517.59534,339.82635,517.6133,339.82812,0.017944336,0.0017700195,0.018031422
16,476.65573,642.952,476.68152,642.9385,0.025787354,-0.013549805,0.02913048
16,521.8474,440.7122,521.8415,440.69128,-0.00592041,-0.020904541,0.021726737
16,431.21106,648.2604,431.51382,648.2162,0.3027649,-0.044189453,0.3059727
16,519.8119,407.48746,519.8192,407.47495,0.0073242188,-0.012512207,0.014498259
16,421.73035,226.44882,421.73917,226.46175,0.00881958,0.012924194,0.015646718
16,113.578636,680.38934,113.59635,680.3031,0.017715454,-0.086242676,0.08804338
16,455.25894,225.96318,455.2872,225.9919,0.028259277,0.028717041,0.04028964
16,356.66412,227.72144,356.70792,227.73276,0.043792725,0.0113220215,0.04523263
16,519.8707,570.8971,519.85315,570.8504,-0.017578125,-0.046691895,0.049891118
16,131.34073,231.04941,131.35896,231.07503,0.018234253,0.025619507,0.03144594
16,109.330986,580.4609,109.32934,580.4605,-0.0016479492,-0.00036621094,0.0016881491
16,191.42577,230.36977,191.44221,230.45741,0.016448975,0.087646484,0.08917665
16,523.4581,473.98715,523.4785,473.96463,0.020385742,-0.022521973,0.030377915
16,516.6907,277.0391,516.7096,277.03433,0.018920898,-0.004760742,0.01951064
16,390.7127,227.36188,390.72644,227.41946,0.01373291,0.05758667,0.059201498
16,527.7673,666.6952,527.7584,666.6866,-0.008850098,-0.008605957,0.012344502
16,122.42572,312.8392,122.5305,312.72424,0.104782104,-0.11495972,0.1555475
16,112.29921,712.59814,112.29223,712.59576,-0.006980896,-0.002380371,0.007375573
16,343.52136,1195.9429,343.52402,1195.8405,0.0026550293,-0.10241699,0.1024514
16,258.3518,229.06381,258.38446,229.05653,0.03265381,-0.0072784424,0.03345515
16,105.978455,413.52216,106.008415,413.52896,0.029960632,0.00680542,0.030723821
16,285.19754,1153.0847,285.20578,1153.1187,0.008239746,0.033935547,0.034921553
16,513.03503,242.30138,513.0403,242.32101,0.0052490234,0.019638062,0.020327462
16,481.80743,225.0667,481.82867,225.07704,0.021240234,0.010345459,0.02362575
16,517.0316,306.84103,517.02655,306.83752,-0.005065918,-0.0035095215,0.006162813
16,522.10895,537.438,522.14,537.41595,0.031066895,-0.022033691,0.038087208
16,355.25467,1132.5524,355.24048,1132.5436,-0.014190674,-0.0087890625,0.016692
16,289.27625,1128.7029,289.26572,1128.7222,-0.010528564,0.01928711,0.021973694
17,126.47276,383.14618,126.60837,383.21832,0.13560486,0.072143555,0.15360133
17,132.63174,695.9468,132.76433,696.1872,0.13258362,0.24041748,0.27455235
17,225.02716,1133.9187,225.05914,1134.1017,0.031982422,0.1829834,0.18575737
17,147.27322,1070.7664,147.27095,1070.9994,-0.0022735596,0.23303223,0.23304333
17,111.65823,646.1184,111.68294,646.4012,0.02470398,0.28277588,0.28385293
17,232.65599,1159.5554,232.67433,1159.7233,0.018341064,0.16784668,0.16884579
17,133.32916,1072.1486,133.3424,1072.3159,0.013244629,0.1673584,0.16788167
17,149.46281,1140.9896,149.46892,1141.0497,0.0061035156,0.060058594,0.060367934
17,268.81708,1136.5945,268.82748,1136.6882,0.010406494,0.09375,0.0943258
17,138.70506,1010.42773,138.74088,1010.711,0.035812378,0.28326416,0.285519
17,461.40216,1122.8278,461.40427,1122.8176,0.002105713,-0.010131836,0.01034834
17,129.67532,625.4049,129.74283,625.50964,0.06750488,0.10473633,0.12460581
17,323.7361,226.84148,323.76282,227.33913,0.02670288,0.49765015,0.49836606
17,517.58167,1059.6798,517.64026,1059.8888,0.05859375,0.20898438,0.21704307
17,488.42084,1133.3839,488.39297,1133.5116,-0.027862549,0.12768555,0.13069017
17,523.6647,505.62885,523.74316,505.79715,0.07849121,0.16830444,0.18570745
17,509.3437,223.85086,509.40848,224.15714,0.06478882,0.3062744,0.3130521
17,519.6601,373.05234,519.785,373.2251,0.12487793,0.17276001,0.21316782
17,472.57916,1153.3104,472.63763,1153.505,0.05847168,0.19458008,0.20317565
17,523.7547,701.0448,523.8703,701.17664,0.115600586,0.13183594,0.17534027
17,517.6133,339.82812,517.7334,340.27072,0.12011719,0.44259644,0.4586063
17,476.68152,642.9385,476.75888,643.13934,0.07736206,0.2008667,0.21524943
17,521.8415,440.69128,521.9048,440.83734,0.06329346,0.14605713,0.15918149
17,431.51382,648.2162,431.86536,648.3973,0.35153198,0.18109131,0.39543495
17,519.8192,407.47495,519.95154,407.60236,0.13232422,0.12741089,0.1836933
17,421.73917,226.46175,421.72836,226.8932,-0.010803223,0.43145752,0.43159273
17,113.59635,680.3031,113.58062,680.50916,-0.015731812,0.20605469,0.20665435
17,455.2872,225.9919,455.3467,226.22295,0.059509277,0.23104858,0.23858918
17,356.70792,227.73276,356.8317,228.2323,0.1237793,0.49954224,0.51464915
17,519.85315,570.8504,519.8862,570.8896,0.033081055,0.03918457,0.051281445
17,131.35896,231.07503,131.38974,231.6207,0.030776978,0.54566956,0.5465368
17,109.32934,580.4605,109.31771,580.6549,-0.011627197,0.19439697,0.19474438
17,191.44221,230.45741,191.52014,230.88805,0.077926636,0.43063354,0.4376275
17,523.4785,473.96463,523.6206,474.10406,0.14208984,0.13943481,0.19907685
17,516.7096,277.03433,516.83923,277.2554,0.12963867,0.22106934,0.25627688
17,390.72644,227.41946,390.80225,227.96268,0.075805664,0.5432129,0.54847676
17,527.7584,666.6866,527.7643,666.7362,0.005859375,0.049621582,0.049966324
17,122.5305,312.72424,122.65516,312.89743,0.12465668,0.17318726,0.2133849
17,112.29223,712.59576,112.515144,712.7155,0.22291565,0.11975098,0.2530448
17,343.52402,1195.8405,343.5145,1195.8431,-0.009521484,0.0026855469,0.009892968
17,258.38446,229.05653,258.41162,229.58482,0.027160645,0.5282898,0.5289875
17,106.008415,413.52896,106.08125,413.7144,0.07283783,0.1854248,0.19921774
17,285.20578,1153.1187,285.22888,1153.2816,0.023101807,0.16296387,0.16459318
17,513.0403,242.32101,513.16833,242.58287,0.12805176,0.26185608,0.29148903
17,481.82867,225.07704,481.8779,225.30539,0.049224854,0.22834778,0.23359323
17,517.02655,306.83752,517.1576,307.03033,0.13104248,0.19281006,0.23312625
17,522.14,537.41595,522.2403,537.49426,0.10028076,0.078308105,0.12723361
17,355.24048,1132.5436,355.2913,1132.7174,0.050811768,0.17382812,0.18110232
17,289.26572,1128.7222,289.3061,1128.842,0.040374756,0.11987305,0.12648979
18,126.60837,383.21832,126.612785,383.49567,0.0044174194,0.27734375,0.27737892
18,132.76433,696.1872,132.79892,696.5146,0.034591675,0.32739258,0.32921496
18,225.05914,1134.1017,225.09415,1134.5782,0.035003662,0.4765625,0.4778463
18,147.27095,1070.9994,147.214,1071.2805,-0.0569458,0.28112793,0.28683746
18,111.68294,646.4012,111.69093,646.6212,0.0079956055,0.22003174,0.22017696
18,232.67433,1159.7233,232.70566,1160.1449,0.031326294,0.42163086,0.422793
18,133.3424,1072.3159,133.36002,1072.564,0.017608643,0.24804688,0.2486711
18,149.46892,1141.0497,149.46869,1141.5336,-0.00022888184,0.48388672,0.48388678
18,268.82748,1136.6882,268.89954,1136.8561,0.072052,0.16784668,0.18265815
18,138.74088,1010.711,138.75806,1011.00793,0.017181396,0.29693604,0.2974327
18,461.40427,1122.8176,461.45905,1122.9619,0.054779053,0.14428711,0.15433572
18,129.74283,625.50964,129.76476,625.99603,0.02192688,0.48638916,0.48688313
18,323.76282,227.33913,323.84747,227.60962,0.08465576,0.27049255,0.28343046
18,517.64026,1059.8888,517.70496,1060.1875,0.064697266,0.29870605,0.3056322
18,488.39297,1133.5116,488.3515,1134.0184,-0.04147339,0.50683594,0.50852996
18,523.74316,505.79715,523.7428,506.08047,-0.00036621094,0.2833252,0.28332543
18,509.40848,224.15714,509.4135,224.52919,0.0050354004,0.37205505,0.37208915
18,519.785,373.2251,519.8208,373.63712,0.035827637,0.41201782,0.4135726
18,472.63763,1153.505,472.67923,1153.748,0.04159546,0.24304199,0.24657573
18,523.8703,701.17664,523.90063,701.3206,0.030334473,0.14398193,0.14714271
18,517.7334,340.27072,517.7573,340.48325,0.023925781,0.21252441,0.21386695
18,476.75888,643.13934,476.85956,643.3824,0.10067749,0.24304199,0.26306912
18,521.9048,440.83734,521.9479,441.03195,0.04309082,0.1946106,0.19932412
18,431.86536,648.3973,431.99753,648.68964,0.13217163,0.2923584,0.32084697
18,519.95154,407.60236,519.96375,407.93213,0.012207031,0.32977295,0.32999882
18,421.72836,226.8932,421.8259,227.12811,0.09753418,0.23490906,0.25435248
18,113.58062,680.50916,113.56478,680.63257,-0.015838623,0.123413086,0.124425285
18,455.3467,226.22295,455.44965,226.86557,0.10293579,0.6426239,0.65081584
18,356.8317,228.2323,356.99484,228.49763,0.16314697,0.26533508,0.31147978
18,519.8862,570.8896,519.95514,571.3099,0.06890869,0.4202881,0.42589962
18,131.38974,231.6207,131.42877,231.7784,0.039031982,0.15769958,0.16245817
18,109.31771,580.6549,109.309166,580.87665,-0.008544922,0.22174072,0.2219053
18,191.52014,230.88805,191.51033,231.3184,-0.009811401,0.4303589,0.4304707
18,523.6206,474.10406,523.6101,474.54382,-0.010498047,0.4397583,0.4398836
18,516.83923,277.2554,516.8711,277.7133,0.03186035,0.45788574,0.45899284
18,390.80225,227.96268,390.82892,228.19803,0.026672363,0.23535156,0.23685813
18,527.7643,666.7362,527.8017,667.02997,0.03741455,0.2937622,0.29613522
18,122.65516,312.89743,122.67296,313.12506,0.017799377,0.22763062,0.22832546
18,112.515144,712.7155,119.376686,712.7792,6.8615417,0.06365967,6.861837
18,343.5145,1195.8431,343.93463,1196.2878,0.4201355,0.44470215,0.6117792
18,258.41162,229.58482,258.37994,229.83801,-0.031677246,0.2531891,0.255163
18,106.08125,413.7144,106.05276,413.85367,-0.028495789,0.13928223,0.14216733
18,285.22888,1153.2816,285.3168,1153.5402,0.08792114,0.25854492,0.27308533
18,513.16833,242.58287,513.14844,242.7299,-0.019897461,0.14703369,0.1483739
18,481.8779,225.30539,482.03964,225.82295,0.16174316,0.51756287,0.5422473
18,517.1576,307.03033,517.17505,307.3368,0.017456055,0.30645752,0.30695426
18,522.2403,537.49426,522.2937,537.9226,0.05340576,0.42834473,0.4316612
18,355.2913,1132.7174,355.29218,1132.9294,0.00088500977,0.21203613,0.21203798
18,289.3061,1128.842,289.31174,1129.118,0.005645752,0.27600098,0.2760587
19,126.612785,383.49567,126.689285,383.84335,0.07649994,0.34768677,0.35600325
19,132.79892,696.5146,142.07347,697.4127,9.274551,0.8981323,9.317937
19,225.09415,1134.5782,225.13243,1134.7405,0.0382843,0.16223145,0.16668752
19,147.214,1071.2805,147.22272,1071.5947,0.008712769,0.31420898,0.31432977
19,111.69093,646.6212,111.77214,647.0087,0.081207275,0.3875122,0.39592972
19,232.70566,1160.1449,232.73956,1160.406,0.03390503,0.2611084,0.26330048
19,133.36002,1072.564,133.46689,1072.8839,0.10687256,0.3199463,0.33732384
19,149.46869,1141.5336,149.48332,1141.6755,0.014633179,0.14196777,0.14271992
19,268.89954,1136.8561,268.9073,1137.3705,0.007751465,0.5144043,0.5144627
19,138.75806,1011.00793,138.87984,1011.4669,0.121780396,0.45898438,0.47486538
19,461.45905,1122.9619,461.4698,1123.508,0.0107421875,0.5461426,0.5462482
19,129.76476,625.99603,129.85666,626.1241,0.09190369,0.12805176,0.15761834
19,323.84747,227.60962,323.9052,228.24626,0.057739258,0.63664246,0.63925534
19,517.70496,1060.1875,517.7693,1060.7174,0.064331055,0.5299072,0.5337978
19,488.3515,1134.0184,488.27347,1134.1724,-0.07803345,0.15393066,0.17258003
19,523.7428,506.08047,523.7954,506.52792,0.052612305,0.44744873,0.45053127
19,509.4135,224.52919,509.36905,225.12361,-0.04446411,0.5944214,0.5960821
19,519.8208,373.63712,519.87744,373.89752,0.056640625,0.2604065,0.26649523
19,472.67923,1153.748,472.71494,1154.2764,0.035705566,0.5283203,0.52952546
19,523.90063,701.3206,523.88776,701.8399,-0.012878418,0.5192871,0.5194468
19,517.7573,340.48325,517.81396,340.84027,0.056640625,0.35702515,0.36149013
19,476.85956,643.3824,476.93558,643.71576,0.07601929,0.33337402,0.34193152
19,521.9479,441.03195,522.0617,441.5512,0.11383057,0.5192566,0.53158706
19,431.99753,648.68964,432.12543,649.0853,0.12789917,0.39569092,0.41584793
19,519.96375,407.93213,520.0785,408.47345,0.114746094,0.5413208,0.5533488
19,421.8259,227.12811,421.87338,227.74406,0.04748535,0.61595154,0.6177792
19,113.56478,680.63257,113.57111,680.73303,0.0063323975,0.10046387,0.10066324
19,455.44965,226.86557,455.45145,227.4675,0.0018005371,0.6019287,0.6019314
19,356.99484,228.49763,357.00256,229.09068,0.0077209473,0.5930481,0.59309834
19,519.95514,571.3099,519.9984,571.65137,0.043273926,0.3414917,0.3442226
19,131.42877,231.7784,131.48718,232.49055,0.058410645,0.7121582,0.7145496
19,109.309166,580.87665,109.407555,581.2875,0.09838867,0.41082764,0.42244488
19,191.51033,231.3184,191.58614,231.72762,0.075805664,0.4092102,0.41617242
19,523.6101,474.54382,523.60815,474.8337,-0.001953125,0.28988647,0.28989306
19,516.8711,277.7133,516.90625,277.99734,0.03515625,0.28405762,0.2862249
19,390.82892,228.19803,390.9342,228.86264,0.105285645,0.6646118,0.67289966
19,527.8017,667.02997,527.834,667.4382,0.032287598,0.40820312,0.40947807
19,122.67296,313.12506,122.782486,313.3234,0.10952759,0.19833374,0.22656691
19,119.376686,712.7792,142.29265,724.47473,22.915962,11.695557,25.72795
19,343.93463,1196.2878,343.95895,1196.7844,0.02432251,0.49658203,0.49717733
19,258.37994,229.83801,258.3897,230.5185,0.009765625,0.68048096,0.68055105
19,106.05276,413.85367,106.12555,414.32486,0.07279205,0.4711914,0.4767809
19,285.3168,1153.5402,285.3327,1153.8802,0.015899658,0.3400879,0.34045935
19,513.14844,242.7299,513.12085,243.31648,-0.02758789,0.58657837,0.58722675
19,482.03964,225.82295,482.03497,226.38593,-0.0046691895,0.562973,0.5629924
19,517.17505,307.3368,517.26733,307.84323,0.092285156,0.5064392,0.5147788
19,522.2937,537.9226,522.33417,538.32104,0.04046631,0.3984375,0.40048715
19,355.29218,1132.9294,355.44238,1133.3293,0.15020752,0.39990234,0.42718166
19,289.31174,1129.118,289.3161,1129.5151,0.0043640137,0.39709473,0.39711872
20,126.689285,383.84335,126.7383,383.8617,0.04901123,0.018341064,0.052330635
20,142.07347,697.4127,153.21712,699.3511,11.143646,1.9383545,11.310971
20,225.13243,1134.7405,225.15794,1134.7491,0.025512695,0.008666992,0.026944654
20,147.22272,1071.5947,147.21223,1071.6353,-0.010482788,0.040527344,0.04186113
20,111.77214,647.0087,111.70617,647.0167,-0.065971375,0.0079956055,0.066454135
20,232.73956,1160.406,232.7614,1160.4536,0.021835327,0.047607422,0.052376024
20,133.46689,1072.8839,133.49448,1072.9016,0.02758789,0.017700195,0.03277787
20,149.48332,1141.6755,149.56635,1141.5768,0.08302307,-0.09875488,0.12901689
20,268.9073,1137.3705,269.0509,1137.2991,0.14361572,-0.07141113,0.16039023
20,138.87984,1011.4669,138.93782,1011.3466,0.0579834,-0.12030029,0.13354488
20,461.4698,1123.508,461.50174,1123.5049,0.031951904,-0.0031738281,0.03210915
20,129.85666,626.1241,129.8669,626.0189,0.010238647,-0.105163574,0.10566081
20,323.9052,228.24626,323.90036,228.34854,-0.004852295,0.10227966,0.1023947
20,517.7693,1060.7174,517.9075,1060.7396,0.1381836,0.022216797,0.13995817
20,488.27347,1134.1724,488.2486,1134.0768,-0.024871826,-0.095581055,0.09876409
20,523.7954,506.52792,523.8061,506.5102,0.010681152,-0.017730713,0.0206994
20,509.36905,225.12361,509.32166,225.20058,-0.0473938,0.07696533,0.090387136
20,519.87744,373.89752,519.8657,373.90744,-0.01171875,0.009918213,0.015352526
20,472.71494,1154.2764,472.79807,1154.2439,0.08312988,-0.032470703,0.08924642
20,523.88776,701.8399,523.9206,701.83905,0.032836914,-0.0008544922,0.03284803
20,517.81396,340.84027,517.83276,340.85403,0.018798828,0.013763428,0.023298668
20,476.93558,643.71576,476.9955,643.7255,0.059936523,0.009765625,0.06072688
20,522.0617,441.5512,522.044,441.54004,-0.017700195,-0.011169434,0.02092972
20,432.12543,649.0853,432.41904,649.0778,0.29360962,-0.007507324,0.29370558
20,520.0785,408.47345,520.0919,408.51,0.013427734,0.03656006,0.03894794
20,421.87338,227.74406,421.9136,227.90994,0.040222168,0.1658783,0.17068519
20,113.57111,680.73303,113.54692,680.7995,-0.02419281,0.066467285,0.07073324
20,455.45145,227.4675,455.44092,227.5649,-0.010528564,0.09739685,0.097964264
20,357.00256,229.09068,357.04874,229.1635,0.046173096,0.07281494,0.08622047
20,519.9984,571.65137,519.9988,571.6776,0.00036621094,0.026245117,0.026247673
20,131.48718,232.49055,131.5405,232.55309,0.05331421,0.06253052,0.082173415
20,109.407555,581.2875,109.39784,581.31,-0.009712219,0.022521973,0.024526851
20,191.58614,231.72762,191.58342,231.82213,-0.0027160645,0.09451294,0.09455196
20,523.60815,474.8337,523.61176,474.8525,0.0036010742,0.018798828,0.01914063
20,516.90625,277.99734,516.93054,278.02173,0.024291992,0.024383545,0.034418862
20,390.9342,228.86264,390.95978,228.99905,0.02557373,0.13641357,0.13879006
20,527.834,667.4382,527.85565,667.45807,0.02166748,0.019897461,0.029417489
20,122.782486,313.3234,122.81279,313.33005,0.030303955,0.006652832,0.031025633
20,142.29265,724.47473,153.50874,749.9787,11.216095,25.503967,27.861319
20,343.95895,1196.7844,344.16806,1196.8065,0.20910645,0.022094727,0.2102705
20,258.3897,230.5185,258.40247,230.63966,0.012756348,0.121170044,0.121839665
20,106.12555,414.32486,106.117096,414.27057,-0.008453369,-0.05429077,0.054944947
20,285.3327,1153.8802,285.3271,1153.9065,-0.0056152344,0.026245117,0.026839096
20,513.12085,243.31648,513.01514,243.2665,-0.10571289,-0.049987793,0.11693586
20,482.03497,226.38593,482.08786,226.52094,0.052886963,0.13500977,0.14499885
20,517.26733,307.84323,517.31824,307.83752,0.05090332,-0.005706787,0.051222216
20,522.33417,538.32104,522.36835,538.31024,0.034179688,-0.010803223,0.03584635
20,355.44238,1133.3293,355.47122,1133.3315,0.028839111,0.0021972656,0.028922696
20,289.3161,1129.5151,289.3585,1129.498,0.042388916,-0.017089844,0.045704298
21,126.7383,383.8617,126.84573,383.46814,0.107437134,-0.3935547,0.4079559
21,153.21712,699.3511,175.90448,704.59064,22.687363,5.239563,23.284533
21,225.15794,1134.7491,225.29825,1134.4825,0.14030457,-0.26660156,0.30126694
21,147.21223,1071.6353,147.35416,1071.32,0.141922,-0.31530762,0.34577557
21,111.70617,647.0167,111.81843,646.6131,0.11225891,-0.4036255,0.41894582
21,232.7614,1160.4536,232.94632,1160.0382,0.18492126,-0.41540527,0.45470586
21,133.49448,1072.9016,133.6111,1072.6299,0.116622925,-0.27172852,0.295698
21,149.56635,1141.5768,168.97589,1141.0242,19.409546,-0.5526123,19.417412
21,269.0509,1137.2991,269.26328,1136.7017,0.21237183,-0.5974121,0.6340371
21,138.93782,1011.3466,139.09256,1011.24536,0.15473938,-0.101257324,0.18492518
21,461.50174,1123.5049,461.65802,1122.9987,0.15628052,-0.5062256,0.5297999
21,129.8669,626.0189,130.04413,625.81805,0.17723083,-0.2008667,0.2678772
21,323.90036,228.34854,324.0763,228.15463,0.17593384,-0.19390869,0.26182684
21,517.9075,1060.7396,518.1275,1060.3707,0.22003174,-0.36889648,0.42953297
21,488.2486,1134.0768,488.28552,1133.5964,0.03692627,-0.48034668,0.48176393
21,523.8061,506.5102,524.01697,506.2034,0.21087646,-0.3067932,0.37227806
21,509.32166,225.20058,509.34448,224.94777,0.022827148,-0.25280762,0.2538361
21,519.8657,373.90744,520.0541,373.71255,0.18835449,-0.19488525,0.27103075
21,472.79807,1154.2439,472.9392,1153.735,0.1411438,-0.50891113,0.5281213
21,523.9206,701.83905,524.05615,701.6369,0.13555908,-0.20214844,0.24339321
21,517.83276,340.85403,517.9852,340.68143,0.15246582,-0.17260742,0.2303023
21,476.9955,643.7255,477.06744,643.44684,0.07192993,-0.27868652,0.28781953
21,522.044,441.54004,522.16516,441.3052,0.121154785,-0.23483276,0.26424402
21,432.41904,649.0778,432.57544,648.7803,0.15640259,-0.2975464,0.33614823
21,520.0919,408.51,520.281,408.2701,0.18908691,-0.23989868,0.30545905
21,421.9136,227.90994,422.2011,227.75945,0.2875061,-0.15049744,0.32451385
21,113.54692,680.7995,113.54934,680.7348,0.002418518,-0.064697266,0.06474245
21,455.44092,227.5649,455.53363,227.31819,0.0927124,-0.2467041,0.2635498
21,357.04874,229.1635,357.23145,228.94711,0.18270874,-0.21638489,0.2832047
21,519.9988,571.6776,520.1704,571.44904,0.17163086,-0.22857666,0.2858399
21,131.5405,232.55309,131.66626,232.3525,0.12576294,-0.20059204,0.23675616
21,109.39784,581.31,109.431694,581.1361,0.033851624,-0.17388916,0.17715353
21,191.58342,231.82213,191.65573,231.70702,0.0723114,-0.115112305,0.13594036
21,523.61176,474.8525,523.71454,474.61975,0.1027832,-0.23275757,0.2544415
21,516.93054,278.02173,517.1539,277.83313,0.22332764,-0.18859863,0.2923092
21,390.95978,228.99905,391.13864,228.74045,0.17886353,-0.25860596,0.31443474
21,527.85565,667.45807,527.97754,667.19684,0.12188721,-0.26123047,0.28826696
21,122.81279,313.33005,122.94755,313.1215,0.134758,-0.20855713,0.24830584
21,153.50874,749.9787,177.31691,802.16425,23.808167,52.185547,57.359917
21,344.16806,1196.8065,344.20337,1196.1504,0.035308838,-0.6561279,0.6570773
21,258.40247,230.63966,258.63928,230.46779,0.2368164,-0.171875,0.29261413
21,106.117096,414.27057,106.245,413.8098,0.1279068,-0.4607544,0.4781786
21,285.3271,1153.9065,285.45096,1153.5635,0.12387085,-0.34301758,0.3646986
21,513.01514,243.2665,513.04987,243.06146,0.034729004,-0.20503235,0.20795281
21,482.08786,226.52094,482.19147,226.29335,0.10360718,-0.22758484,0.25005862
21,517.31824,307.83752,517.4606,307.5407,0.14233398,-0.29681396,0.329177
21,522.36835,538.31024,522.5541,538.18317,0.18572998,-0.1270752,0.22504161
21,355.47122,1133.3315,355.58356,1133.0236,0.112335205,-0.3079834,0.3278307
21,289.3585,1129.498,289.50974,1129.0902,0.15124512,-0.4078369,0.4349782
22,126.84573,383.46814,126.82925,383.56958,-0.016487122,0.10144043,0.10277152
22,175.90448,704.59064,187.08965,707.8857,11.185165,3.295044,11.660414
22,225.29825,1134.4825,225.28535,1134.4989,-0.012893677,0.016357422,0.020828158
22,147.35416,1071.32,147.31326,1071.3586,-0.040893555,0.03869629,0.056299962
22,111.81843,646.6131,111.784775,646.64984,-0.03365326,0.036743164,0.049825717
22,232.94632,1160.0382,232.92986,1160.0897,-0.016464233,0.051513672,0.054080766
22,133.6111,1072.6299,133.62093,1072.7064,0.00982666,0.076538086,0.07716633
22,168.97589,1141.0242,169.06158,1141.6414,0.08569336,0.6171875,0.62310815
22,269.26328,1136.7017,269.35318,1136.7242,0.089904785,0.022583008,0.092697695
22,139.09256,1011.24536,139.09003,1011.3373,-0.002532959,0.091918945,0.09195384
22,461.65802,1122.9987,461.68484,1123.0028,0.026824951,0.0041503906,0.027144128
22,130.04413,625.81805,130.03883,625.8773,-0.0052948,0.059265137,0.059501186
22,324.0763,228.15463,324.10162,228.28737,0.02532959,0.1327362,0.13513137
22,518.1275,1060.3707,518.2025,1060.4574,0.07501221,0.08666992,0.11462332
22,488.28552,1133.5964,488.22568,1133.4882,-0.05984497,-0.10827637,0.12371416
22,524.01697,506.2034,524.02313,506.16498,0.006164551,-0.03842163,0.038913023
22,509.34448,224.94777,509.28397,225.0176,-0.060516357,0.06982422,0.09239941
22,520.0541,373.71255,520.0255,373.7301,-0.028564453,0.017547607,0.03352382
22,472.9392,1153.735,472.94537,1153.7302,0.006164551,-0.004760742,0.0077888607
22,524.05615,701.6369,524.05804,701.6365,0.0018920898,-0.0004272461,0.0019397276
22,517.9852,340.68143,517.98096,340.69162,-0.004272461,0.010192871,0.011052083
22,477.06744,643.44684,477.06982,643.45593,0.002380371,0.009094238,0.009400603
22,522.16516,441.3052,522.1796,441.28003,0.014465332,-0.025177002,0.029036654
22,432.57544,648.7803,432.79266,648.7928,0.21722412,0.012512207,0.21758418
22,520.281,408.2701,520.2339,408.2972,-0.04711914,0.02709961,0.054356255
22,422.2011,227.75945,422.19623,227.92924,-0.0048828125,0.1697998,0.16986999
22,113.54934,680.7348,113.522415,680.82336,-0.026924133,0.08856201,0.09256424
22,455.53363,227.31819,455.52716,227.44832,-0.0064697266,0.13012695,0.13028769
22,357.23145,228.94711,357.22565,229.09612,-0.00579834,0.14900208,0.14911485
22,520.1704,571.44904,520.20654,571.44244,0.036132812,-0.006591797,0.03672917
22,131.66626,232.3525,131.68684,232.55966,0.020584106,0.20716858,0.20818868
22,109.431694,581.1361,109.36637,581.1888,-0.065322876,0.05267334,0.083914
22,191.65573,231.70702,191.69449,231.86903,0.038757324,0.16201782,0.16658902
22,523.71454,474.61975,523.71716,474.61926,0.0026245117,-0.00048828125,0.0026695468
22,517.1539,277.83313,517.1518,277.87286,-0.0020751953,0.039733887,0.03978804
22,391.13864,228.74045,391.15063,228.91797,0.011993408,0.17752075,0.17792542
22,527.97754,667.19684,527.9916,667.1808,0.014038086,-0.016052246,0.02132469
22,122.94755,313.1215,122.90981,313.16208,-0.037734985,0.04058838,0.05541972
22,344.20337,1196.1504,344.449,1196.1758,0.24563599,0.025390625,0.24694477
22,258.63928,230.46779,258.6091,230.61897,-0.030181885,0.15118408,0.15416735
22,106.245,413.8098,106.19124,413.76355,-0.053764343,-0.04626465,0.0709297
22,285.45096,1153.5635,285.46912,1153.5925,0.018157959,0.029052734,0.03426037
22,513.04987,243.06146,512.96716,242.99167,-0.08270264,-0.0697937,0.10821685
22,482.19147,226.29335,482.2384,226.40105,0.046936035,0.10769653,0.117479935
22,517.4606,307.5407,517.46643,307.5352,0.005859375,-0.0055236816,0.008052536
22,522.5541,538.18317,522.5852,538.14606,0.03112793,-0.037109375,0.04843608
22,355.58356,1133.0236,355.58725,1133.0172,0.003692627,-0.0063476562,0.0073435847
22,289.50974,1129.0902,289.5255,1129.0906,0.015777588,0.00036621094,0.015781837
23,126.82925,383.56958,126.87218,384.0737,0.042930603,0.5041199,0.50594455
23,187.08965,707.8857,208.67851,715.2851,21.588867,7.399414,22.82171
23,225.28535,1134.4989,225.3822,1134.8292,0.096847534,0.33032227,0.34422702
23,147.31326,1071.3586,147.35252,1071.8011,0.039260864,0.44250488,0.44424316
23,111.784775,646.64984,111.81233,647.084,0.027557373,0.43414307,0.43501678
23,232.92986,1160.0897,233.00409,1160.6713,0.07423401,0.58154297,0.5862618
23,133.62093,1072.7064,133.70953,1073.0713,0.08860779,0.36486816,0.3754732
23,169.06158,1141.6414,169.17117,1141.1837,0.10958862,-0.4576416,0.47057995
23,269.35318,1136.7242,269.45047,1137.2473,0.09729004,0.5230713,0.5320422
23,139.09003,1011.3373,139.1662,1011.7174,0.076171875,0.38012695,0.38768372
23,461.68484,1123.0028,461.77316,1123.4374,0.08831787,0.4345703,0.44345394
23,130.03883,625.8773,130.13342,626.32416,0.09458923,0.44683838,0.45674026
23,324.10162,228.28737,324.25272,228.79858,0.15109253,0.5112152,0.5330759
23,518.2025,1060.4574,518.2549,1060.8964,0.052368164,0.43896484,0.44207755
23,488.22568,1133.4882,488.20676,1134.078,-0.018920898,0.58984375,0.59014714
23,524.02313,506.16498,523.9999,506.53857,-0.023254395,0.3735962,0.37431923
23,509.28397,225.0176,509.2548,225.45157,-0.029174805,0.43397522,0.4349548
23,520.0255,373.7301,520.01807,374.08142,-0.007446289,0.35131836,0.35139728
23,472.94537,1153.7302,473.10443,1154.279,0.15905762,0.5488281,0.57141197
23,524.05804,701.6365,524.11005,701.93335,0.052001953,0.296875,0.30139503
23,517.98096,340.69162,518.038,341.00266,0.05706787,0.31103516,0.31622714
23,477.06982,643.45593,477.12515,643.7998,0.05532837,0.34387207,0.34829473
23,522.1796,441.28003,522.2082,441.58282,0.028564453,0.3027954,0.30413973
23,432.79266,648.7928,432.78992,649.2408,-0.002746582,0.44799805,0.44800645
23,520.2339,408.2972,520.26526,408.71976,0.03137207,0.4225464,0.4237094
23,422.19623,227.92924,422.18225,228.28279,-0.013977051,0.35354614,0.35382232
23,113.522415,680.82336,110.30437,697.6301,-3.218048,16.806763,17.112076
23,455.52716,227.44832,455.58078,227.94315,0.053619385,0.49482727,0.4977239
23,357.22565,229.09612,357.2508,229.55745,0.025146484,0.46133423,0.4620191
23,520.20654,571.44244,520.1815,571.74243,-0.025024414,0.2999878,0.3010297
23,131.68684,232.55966,131.75563,233.03883,0.06878662,0.47917175,0.48408383
23,109.36637,581.1888,109.47326,581.47327,0.10688782,0.28448486,0.30390236
23,191.69449,231.86903,191.81517,232.45187,0.12068176,0.58283997,0.5952029
23,523.71716,474.61926,523.72516,474.97354,0.0079956055,0.35427856,0.35436878
23,517.1518,277.87286,517.14246,278.28064,-0.009338379,0.40777588,0.40788278
23,391.15063,228.91797,391.2291,229.46957,0.07846069,0.5516052,0.55715746
23,527.9916,667.1808,528.0658,667.4898,0.07421875,0.309021,0.31780875
23,122.90981,313.16208,122.95464,313.6299,0.044830322,0.46783447,0.4699775
23,344.449,1196.1758,344.31296,1196.772,-0.13604736,0.5961914,0.611517
23,258.6091,230.61897,258.4209,231.08806,-0.1882019,0.4690857,0.50543183
23,106.19124,413.76355,106.24361,414.2834,0.052368164,0.5198364,0.52246755
23,285.46912,1153.5925,285.51004,1154.0475,0.040924072,0.45495605,0.45679295
23,512.96716,242.99167,512.86975,243.25143,-0.09741211,0.25976562,0.27742982
23,482.2384,226.40105,482.38733,226.9174,0.14892578,0.5163574,0.5374048
23,517.46643,307.5352,517.4961,307.90002,0.029663086,0.36483765,0.36604154
23,522.5852,538.14606,522.6732,538.5227,0.088012695,0.37664795,0.3867944
23,355.58725,1133.0172,355.73062,1133.3143,0.14337158,0.29711914,0.32990178
23,289.5255,1129.0906,289.6714,1129.4714,0.14587402,0.38085938,0.40783954
24,126.87218,384.0737,126.94405,384.08844,0.071876526,0.01473999,0.07337236
24,208.67851,715.2851,219.28412,719.33295,10.605606,4.0478516,11.351828
24,225.3822,1134.8292,225.38,1134.8408,-0.0021972656,0.01159668,0.011803006
24,147.35252,1071.8011,147.35286,1071.8014,0.00033569336,0.00024414062,0.00041508395
24,111.81233,647.084,111.82186,647.0892,0.009529114,0.0051879883,0.010849849
24,233.00409,1160.6713,233.00471,1160.6661,0.00062561035,-0.005126953,0.005164982
24,133.70953,1073.0713,133.70706,1073.0714,-0.0024719238,0.00012207031,0.0024749362
24,169.17117,1141.1837,169.19867,1141.177,0.027496338,-0.006713867,0.028304145
24,269.45047,1137.2473,269.45862,1137.2374,0.008148193,-0.009887695,0.012812478
24,139.1662,1011.7174,139.1912,1011.7134,0.024993896,-0.0040283203,0.025316441
24,461.77316,1123.4374,461.77737,1123.4646,0.004211426,0.02722168,0.027545525
24,130.13342,626.32416,130.17363,626.32355,0.04020691,-0.00061035156,0.04021154
24,324.25272,228.79858,324.28223,228.8951,0.029510498,0.09651184,0.10092276
24,518.2549,1060.8964,518.3221,1060.9832,0.06719971,0.08679199,0.10976634
24,488.20676,1134.078,488.2296,1134.0579,0.022857666,-0.020141602,0.03046567
24,523.9999,506.53857,524.0008,506.56525,0.00091552734,0.026672363,0.026688071
24,509.2548,225.45157,509.23975,225.49814,-0.015045166,0.046569824,0.048939817
24,520.01807,374.08142,520.0575,374.1029,0.03942871,0.021484375,0.044902135
24,473.10443,1154.279,473.1244,1154.3333,0.019958496,0.05419922,0.057757225
24,524.11005,701.93335,524.1266,701.9825,0.016540527,0.0491333,0.051842745
24,518.038,341.00266,518.05225,341.01074,0.014221191,0.008087158,0.016359841
24,477.12515,643.7998,477.17197,643.91376,0.046813965,0.11395264,0.12319396
24,522.2082,441.58282,522.21277,441.59058,0.0045776367,0.007751465,0.00900222
24,432.78992,649.2408,433.19757,649.2989,0.4076538,0.05810547,0.41177404
24,520.26526,408.71976,520.2911,408.7227,0.025817871,0.0029296875,0.025983563
24,422.18225,228.28279,422.1911,228.35577,0.008850098,0.07298279,0.07351742
24,110.30437,697.6301,119.99467,700.40546,9.6903,2.7753296,10.079899
24,455.58078,227.94315,455.59058,227.95804,0.009796143,0.014892578,0.017825635
24,357.2508,229.55745,357.31143,229.65569,0.060638428,0.098236084,0.11544413
24,520.1815,571.74243,520.2025,571.75024,0.020996094,0.0078125,0.02240248
24,131.75563,233.03883,131.77563,233.14009,0.020004272,0.101257324,0.10321442
24,109.47326,581.47327,109.456375,581.5136,-0.01688385,0.04034424,0.043734677
24,191.81517,232.45187,191.82352,232.51065,0.008346558,0.058776855,0.05936652
24,523.72516,474.97354,523.717,474.9949,-0.008178711,0.021362305,0.022874426
24,517.14246,278.28064,517.1737,278.28952,0.03125,0.008880615,0.032487348
24,391.2291,229.46957,391.259,229.55637,0.029907227,0.08679199,0.09180029
24,528.0658,667.4898,528.06635,667.4902,0.0005493164,0.00036621094,0.0006601962
24,122.95464,313.6299,123.023895,313.66086,0.069252014,0.030944824,0.07585133
24,344.31296,1196.772,344.32794,1196.7911,0.014984131,0.019165039,0.02432741
24,258.4209,231.08806,258.4078,231.19174,-0.013092041,0.10368347,0.10450676
24,106.24361,414.2834,106.279236,414.2596,0.035629272,-0.023773193,0.042832345
24,285.51004,1154.0475,285.51477,1154.06,0.0047302246,0.012573242,0.013433594
24,512.86975,243.25143,512.86694,243.25583,-0.0028076172,0.0043945312,0.005214846
24,482.38733,226.9174,482.39822,226.9811,0.010894775,0.063690186,0.064615294
24,517.4961,307.90002,517.5516,307.91217,0.055480957,0.012145996,0.05679491
24,522.6732,538.5227,522.67303,538.5559,-0.00018310547,0.033203125,0.03320363
24,355.73062,1133.3143,355.73376,1133.3148,0.0031433105,0.00048828125,0.0031810093
24,289.6714,1129.4714,289.69446,1129.4908,0.023071289,0.01940918,0.030149637
25,126.94405,384.08844,126.88431,384.099,-0.05974579,0.010559082,0.060671687
25,219.28412,719.33295,240.85416,728.9688,21.570038,9.635864,23.624487
25,225.38,1134.8408,225.38124,1134.829,0.0012359619,-0.01184082,0.011905151
25,147.35286,1071.8014,147.31815,1071.7786,-0.034713745,-0.022827148,0.041546635
25,111.82186,647.0892,111.82126,647.0893,-0.00060272217,0.00012207031,0.0006149595
25,233.00471,1160.6661,233.00565,1160.6663,0.00093078613,0.00012207031,0.0009387566
25,133.70706,1073.0714,133.6851,1072.9827,-0.021957397,-0.08874512,0.09142113
25,169.19867,1141.177,169.19727,1141.1917,-0.0014038086,0.0146484375,0.01471555
25,269.45862,1137.2374,269.46097,1137.2247,0.0023498535,-0.0126953125,0.012910956
25,139.1912,1011.7134,139.19965,1011.77686,0.008453369,0.06347656,0.06403697
25,461.77737,1123.4646,461.7778,1123.468,0.0004272461,0.0034179688,0.003444568
25,130.17363,626.32355,130.15067,626.3336,-0.022964478,0.010070801,0.02507565
25,324.28223,228.8951,324.2814,228.89487,-0.0008239746,-0.00022888184,0.0008551731
25,518.3221,1060.9832,518.31824,1060.9907,-0.0038452148,0.0075683594,0.008489154
25,488.2296,1134.0579,488.22964,1134.0579,3.0517578e-05,0.0,3.0517578e-05
25,524.0008,506.56525,524.0015,506.56113,0.0007324219,-0.004119873,0.004184471
25,509.23975,225.49814,509.209,225.50352,-0.030731201,0.0053863525,0.031199671
25,520.0575,374.1029,520.0581,374.0895,0.00061035156,-0.013397217,0.013411113
25,473.1244,1154.3333,473.12216,1154.3323,-0.0022277832,-0.0009765625,0.0024324253
25,524.1266,701.9825,524.1264,701.9825,-0.00018310547,0.0,0.00018310547
25,518.05225,341.01074,518.0564,341.01144,0.0041503906,0.0007019043,0.0042093243
25,477.17197,643.91376,477.13806,643.8543,-0.03390503,-0.059448242,0.06843716
25,522.21277,441.59058,522.21295,441.5883,0.00018310547,-0.0022888184,0.0022961309
25,433.19757,649.2989,433.01135,649.28186,-0.18621826,-0.017028809,0.18699524
25,520.2911,408.7227,520.2916,408.7178,0.0005493164,-0.0048828125,0.0049136146
25,422.1911,228.35577,422.19095,228.35497,-0.00015258789,-0.0008087158,0.000822985
25,119.99467,700.40546,141.66542,706.7341,21.670753,6.3286133,22.575937
25,455.59058,227.95804,455.59393,227.95876,0.0033569336,0.0007171631,0.003432685
25,357.31143,229.65569,357.3112,229.65184,-0.00024414062,-0.0038452148,0.0038529576
25,520.2025,571.75024,520.2025,571.75006,0.0,-0.00018310547,0.00018310547
25,131.77563,233.14009,131.77707,233.1403,0.0014343262,0.00021362305,0.001450147
25,109.456375,581.5136,109.4529,581.5117,-0.0034713745,-0.0018920898,0.0039535356
25,191.82352,232.51065,191.823,232.51195,-0.0005187988,0.0012969971,0.0013969085
25,523.717,474.9949,523.71936,475.00507,0.002380371,0.0101623535,0.010437413
25,517.1737,278.28952,517.17255,278.2918,-0.001159668,0.0022888184,0.002565837
25,391.259,229.55637,391.2599,229.5534,0.00088500977,-0.002960205,0.0030896694
25,528.06635,667.4902,528.0664,667.481,6.1035156e-05,-0.009155273,0.0091554765
25,123.023895,313.66086,122.96691,313.62653,-0.056983948,-0.034332275,0.066527255
25,344.32794,1196.7911,344.29068,1196.7905,-0.037261963,-0.00061035156,0.037266962
25,258.4078,231.19174,258.40637,231.19226,-0.0014343262,0.0005187988,0.0015252684
25,106.279236,414.2596,106.25389,414.26642,-0.025344849,0.00680542,0.02624262
25,285.51477,1154.06,285.50473,1154.0511,-0.010040283,-0.008911133,0.013424439
25,512.86694,243.25583,512.8442,243.25261,-0.022766113,-0.0032196045,0.022992646
25,482.39822,226.9811,482.40085,226.9811,0.0026245117,0.0,0.0026245117
25,517.5516,307.91217,517.5525,307.91217,0.00091552734,0.0,0.00091552734
25,522.67303,538.5559,522.6757,538.57434,0.0026855469,0.018432617,0.018627226
25,355.73376,1133.3148,355.73337,1133.3162,-0.00039672852,0.0013427734,0.001400155
25,289.69446,1129.4908,289.70154,1129.471,0.007080078,-0.019897461,0.021119576
26,126.88431,384.099,126.88555,384.0936,0.0012435913,-0.0054016113,0.0055429167
26,240.85416,728.9688,252.00302,734.8368,11.148865,5.867981,12.598825
26,225.38124,1134.829,225.38635,1134.8258,0.0051116943,-0.0031738281,0.00601686
26,147.31815,1071.7786,147.32724,1071.7377,0.009094238,-0.040893555,0.041892577
26,111.82126,647.0893,111.786705,647.1044,-0.034553528,0.015075684,0.037699103
26,233.00565,1160.6663,233.00504,1160.6719,-0.00061035156,0.0056152344,0.0056483084
26,133.6851,1072.9827,133.65848,1072.9381,-0.026626587,-0.044555664,0.051905513
26,169.19727,1141.1917,169.20601,1141.3011,0.008743286,0.10949707,0.109845586
26,269.46097,1137.2247,269.45782,1137.2246,-0.0031433105,-0.00012207031,0.00314568
26,139.19965,1011.77686,139.20229,1011.8865,0.0026397705,0.10961914,0.10965092
26,461.7778,1123.468,461.77844,1123.4711,0.00064086914,0.0030517578,0.0031183232
26,130.15067,626.3336,130.16055,626.3245,0.009887695,-0.009094238,0.013433975
26,324.2814,228.89487,324.28223,228.896,0.0008239746,0.0011291504,0.001397825
26,518.31824,1060.9907,518.31885,1060.9883,0.00061035156,-0.0024414062,0.002516544
26,488.22964,1134.0579,488.23013,1134.0564,0.00048828125,-0.0014648438,0.0015440809
26,524.0015,506.56113,524.0015,506.55817,0.0,-0.002960205,0.002960205
26,509.209,225.50352,509.21243,225.51021,0.0034179688,0.0066833496,0.007506642
26,520.0581,374.0895,520.05707,374.09076,-0.0010375977,0.0012512207,0.0016254729
26,473.12216,1154.3323,473.09714,1154.3359,-0.025024414,0.0036621094,0.025290953
26,524.1264,701.9825,524.1266,701.9825,0.00018310547,0.0,0.00018310547
26,518.0564,341.01144,518.0551,341.02448,-0.0012817383,0.013031006,0.013093891
26,477.13806,643.8543,477.18253,643.85925,0.04446411,0.0049438477,0.044738114
26,522.21295,441.5883,522.21045,441.58987,-0.0025024414,0.0015869141,0.0029631923
26,433.01135,649.28186,433.13776,649.2964,0.12640381,0.014526367,0.12723576
26,520.2916,408.7178,520.2897,408.72903,-0.001953125,0.011230469,0.011399041
26,422.19095,228.35497,422.1913,228.35571,0.00036621094,0.00074768066,0.00083254836
26,141.66542,706.7341,151.13791,711.4619,9.472488,4.727844,10.58681
26,455.59393,227.95876,455.59286,227.95879,-0.0010681152,3.0517578e-05,0.0010685511
26,357.3112,229.65184,357.31134,229.65279,0.00015258789,0.0009460449,0.0009582714
26,520.2025,571.75006,520.203,571.751,0.00048828125,0.00091552734,0.0010375977
26,131.77707,233.1403,131.77713,233.14027,6.1035156e-05,-3.0517578e-05,6.823938e-05
26,109.4529,581.5117,109.447014,581.49634,-0.0058898926,-0.015380859,0.016470022
26,191.823,232.51195,191.8222,232.51044,-0.00079345703,-0.0015106201,0.0017063257
26,523.71936,475.00507,523.7195,475.00507,0.00012207031,0.0,0.00012207031
26,517.17255,278.2918,517.1682,278.30878,-0.004333496,0.016967773,0.01751241
26,391.2599,229.5534,391.26123,229.55295,0.0013427734,-0.00045776367,0.0014186571
26,528.0664,667.481,528.07465,667.48303,0.008239746,0.0020141602,0.00848235
26,122.96691,313.62653,122.967026,313.6277,0.00011444092,0.001159668,0.0011653011
26,344.29068,1196.7905,344.2902,1196.7947,-0.00048828125,0.0041503906,0.0041790144
26,258.40637,231.19226,258.409,231.19246,0.0026245117,0.00019836426,0.0026319975
26,106.25389,414.26642,106.25677,414.2701,0.0028762817,0.003692627,0.004680651
26,285.50473,1154.0511,285.50024,1154.042,-0.004486084,-0.009155273,0.0101952925
26,512.8442,243.25261,512.8441,243.25146,-6.1035156e-05,-0.0011444092,0.0011460356
26,482.40085,226.9811,482.40466,226.9914,0.0038146973,0.010299683,0.010983414
26,517.5525,307.91217,517.54675,307.9119,-0.0057373047,-0.0002746582,0.005743875
26,522.6757,538.57434,522.6517,538.5762,-0.024047852,0.0018310547,0.02411746
26,355.73337,1133.3162,355.73553,1133.315,0.002166748,-0.0012207031,0.0024869486
26,289.70154,1129.471,289.69604,1129.4773,-0.005493164,0.0063476562,0.008394497
27,126.88555,384.0936,126.892586,384.72006,0.0070343018,0.62646484,0.6265043
27,252.00302,734.8368,273.66348,747.64984,21.660461,12.813049,25.166443
27,225.38635,1134.8258,225.36823,1135.4425,-0.018127441,0.6166992,0.6169656
27,147.32724,1071.7377,147.42038,1072.2719,0.09313965,0.5341797,0.5422388
27,111.786705,647.1044,111.79775,633.0834,0.011047363,-14.020996,14.021001
27,233.00504,1160.6719,232.96146,1161.2107,-0.0435791,0.53881836,0.54057777
27,133.65848,1072.9381,133.54575,1073.4215,-0.11273193,0.48339844,0.49636936
27,169.20601,1141.3011,169.1243,1141.5052,-0.081710815,0.20410156,0.2198502
27,269.45782,1137.2246,269.36624,1137.7917,-0.09158325,0.5671387,0.57448566
27,139.20229,1011.8865,139.23396,1012.68835,0.031677246,0.8018799,0.8025053
27,461.77844,1123.4711,461.72617,1124.1172,-0.05227661,0.64611816,0.64822954
27,130.16055,626.3245,130.18741,626.8881,0.026855469,0.56359863,0.56423813
27,324.28223,228.896,324.25214,229.46982,-0.030090332,0.573822,0.5746104
27,518.31885,1060.9883,518.14404,1061.4393,-0.17480469,0.4510498,0.48373815
27,488.23013,1134.0564,488.2098,1134.7605,-0.020324707,0.70410156,0.7043948
27,524.0015,506.55817,524.03143,507.24402,0.029907227,0.68585205,0.6865038
27,509.21243,225.51021,509.29538,226.12871,0.08294678,0.61849976,0.62403697
27,520.05707,374.09076,520.0088,374.70273,-0.04827881,0.611969,0.61387044
27,473.09714,1154.3359,473.04858,1154.8907,-0.048553467,0.5548096,0.55693007
27,524.1266,701.9825,524.1152,702.5532,-0.011413574,0.57073975,0.5708538
27,518.0551,341.02448,518.03326,341.62415,-0.021850586,0.5996704,0.60006833
27,477.18253,643.85925,477.135,644.4133,-0.04751587,0.55407715,0.55611086
27,522.21045,441.58987,522.1777,442.27737,-0.03277588,0.6875,0.6882808
27,433.13776,649.2964,432.7106,649.7498,-0.42715454,0.45343018,0.62294453
27,520.2897,408.72903,520.22095,409.3399,-0.068725586,0.61087036,0.61472416
27,422.1913,228.35571,422.19214,228.98938,0.0008239746,0.633667,0.6336675
27,151.13791,711.4619,172.6811,721.12274,21.543198,9.660828,23.610188
27,455.59286,227.95879,455.55914,228.53554,-0.033721924,0.5767517,0.5777367
27,357.31134,229.65279,357.2775,230.23354,-0.033843994,0.5807495,0.58173484
27,520.203,571.751,520.1832,572.44727,-0.01977539,0.69628906,0.6965698
27,131.77713,233.14027,131.77173,233.71567,-0.0054016113,0.5753937,0.575419
27,109.447014,581.49634,109.372215,582.1113,-0.074798584,0.61499023,0.6195222
27,191.8222,232.51044,191.8026,233.08348,-0.019607544,0.5730438,0.57337916
27,523.7195,475.00507,523.72375,475.60947,0.004272461,0.60440063,0.6044157
27,517.1682,278.30878,517.1537,278.85345,-0.014526367,0.54467773,0.5448714
27,391.26123,229.55295,391.2443,230.13211,-0.016937256,0.5791626,0.5794102
27,528.07465,667.48303,528.03186,668.0875,-0.042785645,0.6044922,0.6060045
27,122.967026,313.6277,122.97265,314.34692,0.005622864,0.7192383,0.7192602
27,344.2902,1196.7947,344.1236,1197.3107,-0.16659546,0.5159912,0.54221857
27,258.409,231.19246,258.45087,231.68582,0.041870117,0.49336243,0.49513593
27,106.25677,414.2701,127.66796,407.478,21.411194,-6.7921143,22.46268
27,285.50024,1154.042,285.54477,1154.6158,0.044525146,0.57385254,0.57557726
27,512.8441,243.25146,512.88385,243.94467,0.039733887,0.6932068,0.6943446
27,482.40466,226.9914,482.3884,227.5769,-0.01626587,0.58551025,0.58573616
27,517.54675,307.9119,517.495,308.50644,-0.051757812,0.59454346,0.5967921
27,522.6517,538.5762,522.64355,539.1694,-0.008117676,0.5932007,0.59325624
27,355.73553,1133.315,355.70993,1133.9,-0.025604248,0.585083,0.585643
27,289.69604,1129.4773,289.6228,1130.0345,-0.07324219,0.557251,0.56204367
28,126.892586,384.72006,126.915016,384.94577,0.02243042,0.22570801,0.22681981
28,273.66348,747.64984,284.41452,754.35724,10.751038,6.7073975,12.67178
28,225.36823,1135.4425,225.37521,1135.4602,0.0069885254,0.017700195,0.019029882
28,147.42038,1072.2719,147.48822,1072.3602,0.067840576,0.088378906,0.111414425
28,111.79775,633.0834,111.91937,633.1343,0.12162018,0.05090332,0.13184315
28,232.96146,1161.2107,233.00818,1161.2836,0.046722412,0.07287598,0.08656727
28,133.54575,1073.4215,133.47943,1073.4323,-0.0663147,0.0107421875,0.06717911
28,169.1243,1141.5052,168.98917,1141.3944,-0.13513184,-0.110839844,0.17477438
28,269.36624,1137.7917,269.2835,1137.8744,-0.082733154,0.0826416,0.11693763
28,139.23396,1012.68835,139.26695,1012.8412,0.032989502,0.15283203,0.15635197
28,461.72617,1124.1172,461.71716,1124.2382,-0.009002686,0.12097168,0.1213062
28,130.18741,626.8881,130.20306,626.9295,0.015655518,0.041381836,0.044244226
28,324.25214,229.46982,324.2506,229.50945,-0.0015258789,0.039627075,0.03965644
28,518.14404,1061.4393,518.0652,1061.5807,-0.07885742,0.14135742,0.16186541
28,488.2098,1134.7605,488.30243,1134.9108,0.09262085,0.15026855,0.17651986
28,524.03143,507.24402,524.0314,507.36978,-6.1035156e-05,0.12576294,0.12576295
28,509.29538,226.12871,509.38058,226.22636,0.08520508,0.09765625,0.12960188
28,520.0088,374.70273,520.01825,374.81583,0.009460449,0.113098145,0.11349313
28,473.04858,1154.8907,473.0642,1155.016,0.015625,0.12524414,0.12621504
28,524.1152,702.5532,524.10205,702.6287,-0.013122559,0.07550049,0.0766324
28,518.03326,341.62415,518.0366,341.7962,0.0033569336,0.1720581,0.17209084
28,477.135,644.4133,477.09836,644.6427,-0.03665161,0.22937012,0.23227999
28,522.1777,442.27737,522.1876,442.4015,0.0099487305,0.12411499,0.12451308
28,432.7106,649.7498,432.31757,649.9185,-0.3930359,0.16870117,0.4277117
28,520.22095,409.3399,520.2079,409.4139,-0.013061523,0.07400513,0.07514893
28,422.19214,228.98938,422.1838,229.03731,-0.008331299,0.047927856,0.04864658
28,172.6811,721.12274,183.84856,726.1318,11.16745,5.009033,12.239377
28,455.55914,228.53554,455.64407,228.5673,0.08493042,0.0317688,0.090677634
28,357.2775,230.23354,357.27762,230.27637,0.00012207031,0.04283142,0.042831596
28,520.1832,572.44727,520.1612,572.57416,-0.022033691,0.12689209,0.12879086
28,131.77173,233.71567,131.81248,233.82617,0.040756226,0.11050415,0.11778046
28,109.372215,582.1113,109.448746,582.21844,0.07653046,0.1071167,0.13164687
28,191.8026,233.08348,191.82913,233.1057,0.026535034,0.022216797,0.034607716
28,523.72375,475.60947,523.7461,475.70468,0.022338867,0.095214844,0.09780026
28,517.1537,278.85345,517.1271,279.01843,-0.026611328,0.16497803,0.16711047
28,391.2443,230.13211,391.22748,230.15822,-0.016815186,0.026107788,0.03105426
28,528.03186,668.0875,528.00696,668.2326,-0.024902344,0.14508057,0.14720224
28,122.97265,314.34692,122.991005,314.35715,0.018356323,0.010223389,0.021011243
28,344.1236,1197.3107,344.10995,1197.328,-0.013641357,0.017333984,0.022057962
28,258.45087,231.68582,258.4806,231.771,0.029724121,0.08517456,0.09021214
28,285.54477,1154.6158,285.50766,1154.6959,-0.037109375,0.080078125,0.08825878
28,512.88385,243.94467,513.03406,244.16423,0.15020752,0.21955872,0.26602316
28,482.3884,227.5769,482.3951,227.61642,0.006713867,0.039520264,0.040086497
28,517.495,308.50644,517.46814,308.73956,-0.026855469,0.23312378,0.23466553
28,522.64355,539.1694,522.6147,539.2281,-0.028869629,0.05871582,0.065429375
28,355.70993,1133.9,355.65683,1134.0669,-0.053100586,0.16687012,0.17511512
28,289.6228,1130.0345,289.62396,1130.1893,0.001159668,0.15478516,0.1547895
29,126.915016,384.94577,119.28146,438.74753,-7.6335526,53.801758,54.340595
29,284.41452,754.35724,304.56555,767.8995,20.151031,13.542236,24.278719
29,225.37521,1135.4602,225.2859,1136.1458,-0.08930969,0.6855469,0.69133985
29,147.48822,1072.3602,147.63168,1072.7003,0.14346313,0.3400879,0.36910897
29,111.91937,633.1343,111.001015,591.97345,-0.91835785,-41.160828,41.17107
29,233.00818,1161.2836,233.04585,1161.6946,0.03767395,0.41101074,0.41273376
29,133.47943,1073.4323,133.32697,1073.5244,-0.15246582,0.092163086,0.17815684
29,168.98917,1141.3944,168.85962,1141.8734,-0.12954712,0.4790039,0.49621287
29,269.2835,1137.8744,269.239,1138.5195,-0.04449463,0.6451416,0.64667416
29,139.26695,1012.8412,138.38121,1012.64484,-0.8857422,-0.1963501,0.9072445
29,461.71716,1124.2382,461.55286,1124.7311,-0.16430664,0.49291992,0.5195832
29,130.20306,626.9295,130.16989,627.2857,-0.033172607,0.35620117,0.3577425
29,324.2506,229.50945,324.19592,229.81044,-0.0546875,0.30099487,0.3059226
29,518.0652,1061.5807,517.625,1062.053,-0.44018555,0.47229004,0.6456169
29,488.30243,1134.9108,488.37073,1135.6749,0.06829834,0.76416016,0.76720625
29,524.0314,507.36978,523.94275,508.0688,-0.08862305,0.6990051,0.70460075
29,509.38058,226.22636,509.43295,226.74985,0.052368164,0.5234833,0.52609617
29,520.01825,374.81583,520.00073,375.52902,-0.01751709,0.7131958,0.7134109
29,473.0642,1155.016,472.80487,1155.4747,-0.25933838,0.45874023,0.5269715
29,524.10205,702.6287,524.0733,703.26587,-0.028747559,0.637146,0.6377942
29,518.0366,341.7962,517.96716,342.455,-0.06945801,0.65878296,0.66243446
29,477.09836,644.6427,476.97855,645.21387,-0.11981201,0.571167,0.583598
29,522.1876,442.4015,522.10474,443.0653,-0.08288574,0.66381836,0.66897297
29,432.31757,649.9185,432.2692,650.43427,-0.04837036,0.5157471,0.5180103
29,520.2079,409.4139,520.13403,410.0294,-0.07385254,0.6154785,0.61989355
29,422.1838,229.03731,422.00168,229.3386,-0.1821289,0.3012848,0.35205606
29,183.84856,726.1318,207.07277,736.80316,23.224213,10.671387,25.55861
29,455.64407,228.5673,455.54465,228.91318,-0.09942627,0.34587097,0.35987818
29,357.27762,230.27637,357.2352,230.64055,-0.042419434,0.36418152,0.36664367
29,520.1612,572.57416,520.1663,573.24414,0.005126953,0.6699829,0.6700025
29,131.81248,233.82617,131.77377,234.267,-0.038711548,0.44082642,0.4425229
29,109.448746,582.21844,131.3154,590.6964,21.866653,8.477966,23.452644
29,191.82913,233.1057,191.81499,233.53297,-0.014144897,0.4272766,0.42751068
29,523.7461,475.70468,523.7159,476.41296,-0.030212402,0.7082825,0.70892656
29,517.1271,279.01843,517.0886,279.64493,-0.03845215,0.62649536,0.6276743
29,391.22748,230.15822,391.2017,230.46599,-0.025787354,0.30776978,0.3088482
29,528.00696,668.2326,527.9631,668.8862,-0.043884277,0.6536255,0.655097
29,122.991005,314.35715,122.9431,315.02515,-0.04790497,0.66799927,0.6697148
29,344.10995,1197.328,343.94366,1197.9424,-0.16629028,0.6143799,0.63648653
29,258.4806,231.771,258.5213,232.12198,0.04071045,0.35098267,0.35333577
29,285.50766,1154.6959,285.4166,1155.2319,-0.09106445,0.53601074,0.54369134
29,513.03406,244.16423,513.1172,244.94754,0.08312988,0.78330994,0.7877087
29,482.3951,227.61642,482.29114,228.06621,-0.10397339,0.44978333,0.46164435
29,517.46814,308.73956,517.40137,309.43262,-0.06677246,0.6930542,0.6962634
29,522.6147,539.2281,522.46906,539.8874,-0.14562988,0.65930176,0.67519397
29,355.65683,1134.0669,355.5607,1134.6293,-0.09613037,0.5623779,0.5705348
29,289.62396,1130.1893,289.5735,1130.7433,-0.050476074,0.5539551,0.55625
30,119.28146,438.74753,132.59726,441.3676,13.315796,2.6200867,13.571119
30,304.56555,767.8995,314.75525,774.62976,10.189697,6.7302856,12.211743
30,225.2859,1136.1458,225.24768,1136.2097,-0.038223267,0.063964844,0.07451523
30,147.63168,1072.7003,147.7463,1072.6069,0.11462402,-0.09338379,0.14784856
30,111.001015,591.97345,132.63754,606.8222,21.636528,14.848755,26.241663
30,233.04585,1161.6946,232.97752,1161.6503,-0.06832886,-0.044311523,0.081439205
30,133.32697,1073.5244,133.00574,1073.435,-0.32122803,-0.08935547,0.33342442
30,168.85962,1141.8734,168.43204,1141.4092,-0.4275818,-0.4642334,0.6311409
30,269.239,1138.5195,269.03854,1138.6539,-0.20046997,0.13439941,0.24135329
30,138.38121,1012.64484,138.89047,1015.07465,0.5092621,2.4298096,2.482604
30,461.55286,1124.7311,461.43176,1124.8268,-0.12109375,0.095703125,0.15434632
30,130.16989,627.2857,130.1737,627.293,0.0038146973,0.0073242188,0.008258093
30,324.19592,229.81044,324.07535,229.77005,-0.12057495,-0.040390015,0.12716003
30,517.625,1062.053,517.3851,1062.009,-0.2399292,-0.043945312,0.2439205
30,488.37073,1135.6749,488.5566,1135.9003,0.18588257,0.2253418,0.29211515
30,523.94275,508.0688,523.8739,508.19525,-0.068847656,0.12646484,0.14399081
30,509.43295,226.74985,509.51523,226.67729,0.08227539,-0.07255554,0.10969752
30,520.00073,375.52902,519.8331,375.58328,-0.16760254,0.054260254,0.17616692
30,472.80487,1155.4747,472.67548,1155.4717,-0.12939453,-0.0030517578,0.12943052
30,524.0733,703.26587,523.9858,703.28766,-0.087524414,0.02178955,0.09019594
30,517.96716,342.455,517.88586,342.47714,-0.08129883,0.022155762,0.084263735
30,476.97855,645.21387,476.68784,645.3979,-0.29071045,0.184021,0.34405857
30,522.10474,443.0653,521.9791,443.16336,-0.12561035,0.09805298,0.15934975
30,432.2692,650.43427,431.6495,650.58044,-0.61968994,0.1461792,0.6366977
30,520.13403,410.0294,520.00354,410.08295,-0.13049316,0.05355835,0.1410566
30,422.00168,229.3386,421.93753,229.24644,-0.06414795,-0.09214783,0.112277254
30,207.07277,736.80316,218.99156,742.31714,11.918793,5.513977,13.1324625
30,455.54465,228.91318,455.48712,228.8399,-0.057525635,-0.073272705,0.093156256
30,357.2352,230.64055,357.1621,230.59746,-0.0730896,-0.04309082,0.08484638
30,520.1663,573.24414,520.0115,573.2755,-0.15484619,0.03137207,0.15799224
30,131.77377,234.267,131.75201,234.04353,-0.021759033,-0.22346497,0.22452182
30,131.3154,590.6964,131.25266,585.4809,-0.06274414,-5.215515,5.2158923
30,191.81499,233.53297,191.7864,233.38487,-0.028579712,-0.1481018,0.15083416
30,523.7159,476.41296,523.5801,476.48743,-0.13580322,0.07446289,0.15487814
30,517.0886,279.64493,516.9503,279.76672,-0.13830566,0.121795654,0.18428954
30,391.2017,230.46599,391.03687,230.34656,-0.16482544,-0.11943054,0.20354626
30,527.9631,668.8862,527.8839,669.0094,-0.0791626,0.123168945,0.14641485
30,122.9431,315.02515,122.82624,315.11545,-0.116859436,0.09030151,0.14768375
30,343.94366,1197.9424,343.86624,1198.0353,-0.077423096,0.09289551,0.12092937
30,258.5213,232.12198,258.55536,232.06189,0.034057617,-0.06008911,0.06906969
30,285.4166,1155.2319,285.32712,1155.2831,-0.08947754,0.05114746,0.10306451
30,513.1172,244.94754,513.2173,245.06674,0.100097656,0.11920166,0.15565531
30,482.29114,228.06621,482.23108,227.8945,-0.060058594,-0.17170715,0.18190762
30,517.40137,309.43262,517.303,309.53906,-0.09838867,0.10644531,0.14495149
30,522.46906,539.8874,522.2993,539.90814,-0.16973877,0.020751953,0.17100261
30,355.5607,1134.6293,355.50922,1134.6813,-0.051483154,0.052001953,0.073175944
30,289.5735,1130.7433,289.46393,1130.7561,-0.109558105,0.012817383,0.110305324
31,132.59726,441.3676,156.28972,445.19397,23.69246,3.826355,23.99945
31,314.75525,774.62976,333.4696,786.5571,18.714355,11.927368,22.192099
31,225.24768,1136.2097,225.22783,1136.1289,-0.019851685,-0.08081055,0.08321318
31,147.7463,1072.6069,147.88509,1072.3031,0.13877869,-0.303833,0.334027
31,132.63754,606.8222,147.93152,546.9534,15.293976,-59.868774,61.79139
31,232.97752,1161.6503,232.9969,1161.4529,0.019378662,-0.1973877,0.19833666
31,133.00574,1073.435,132.48514,1072.906,-0.52059937,-0.52905273,0.7422402
31,168.43204,1141.4092,168.18034,1140.5919,-0.25169373,-0.81726074,0.85514027
31,269.03854,1138.6539,268.91806,1138.7,-0.1204834,0.046020508,0.1289734
31,138.89047,1015.07465,152.34908,1025.1602,13.458603,10.08551,16.81819
31,461.43176,1124.8268,461.27866,1124.8623,-0.15310669,0.03552246,0.15717348
31,130.1737,627.293,142.983,624.44946,12.809296,-2.843567,13.121125
31,324.07535,229.77005,323.97928,229.4696,-0.096069336,-0.30044556,0.3154312
31,517.3851,1062.009,517.0469,1061.8983,-0.3381958,-0.11071777,0.35585788
31,488.5566,1135.9003,488.62213,1136.056,0.06552124,0.15576172,0.16898149
31,523.8739,508.19525,523.74176,508.2533,-0.13214111,0.058044434,0.1443275
31,509.51523,226.67729,509.5791,226.54044,0.06387329,-0.13685608,0.15102775
31,519.8331,375.58328,519.7343,375.56644,-0.09881592,-0.016845703,0.10024153
31,472.67548,1155.4717,472.57526,1155.3584,-0.10021973,-0.11328125,0.15125024
31,523.9858,703.28766,523.79047,703.3104,-0.1953125,0.022766113,0.19663486
31,517.88586,342.47714,517.67126,342.5027,-0.21459961,0.025543213,0.21611443
31,476.68784,645.3979,476.463,645.3601,-0.224823,-0.03778076,0.22797537
31,521.9791,443.16336,521.8711,443.2305,-0.10803223,0.06713867,0.12719499
31,431.6495,650.58044,431.12247,650.5176,-0.5270386,-0.06286621,0.5307748
31,520.00354,410.08295,519.8781,410.0541,-0.12542725,-0.028839111,0.12869999
31,421.93753,229.24644,421.83313,228.92593,-0.104400635,-0.32051086,0.3370856
31,218.99156,742.31714,242.4091,753.997,23.417542,11.679871,26.168695
31,455.48712,228.8399,455.45572,228.51381,-0.031402588,-0.32609558,0.32760412
31,357.1621,230.59746,357.01013,230.2857,-0.15197754,-0.31175232,0.3468237
31,520.0115,573.2755,519.86584,573.32947,-0.14562988,0.053955078,0.15530361
31,131.75201,234.04353,131.74777,233.66074,-0.0042419434,-0.38279724,0.38282076
31,131.25266,585.4809,142.5709,654.3855,11.318253,68.9046,69.82798
31,191.7864,233.38487,191.71155,233.0711,-0.07485962,-0.31376648,0.32257304
31,523.5801,476.48743,523.5174,476.48874,-0.062683105,0.0013122559,0.06269684
31,516.9503,279.76672,516.76086,279.75818,-0.18945312,-0.008544922,0.18964572
31,391.03687,230.34656,390.9715,230.04285,-0.06536865,-0.30371094,0.31066605
31,527.8839,669.0094,527.7284,669.04315,-0.15551758,0.03375244,0.15913813
31,122.82624,315.11545,122.777084,315.01074,-0.04915619,-0.10470581,0.11567038
31,343.86624,1198.0353,343.70203,1197.972,-0.16421509,-0.06323242,0.17596856
31,258.55536,232.06189,258.64728,231.68095,0.091918945,-0.38093567,0.39186868
31,285.32712,1155.2831,285.29984,1155.2161,-0.027282715,-0.0670166,0.07235725
31,513.2173,245.06674,513.3885,245.21739,0.17120361,0.15065002,0.22804847
31,482.23108,227.8945,481.99615,227.5888,-0.23492432,-0.30569458,0.3855368
31,517.303,309.53906,517.079,309.56924,-0.22399902,0.030181885,0.22602324
31,522.2993,539.90814,522.1517,539.8814,-0.14764404,-0.026733398,0.15004478
31,355.50922,1134.6813,355.40195,1134.7266,-0.10726929,0.045288086,0.116437584
31,289.46393,1130.7561,289.3752,1130.761,-0.0887146,0.0048828125,0.088848874
32,156.28972,445.19397,167.72069,447.97095,11.430969,2.7769775,11.763446
32,333.4696,786.5571,342.66846,792.4888,9.198853,5.9316406,10.945467
32,225.22783,1136.1289,225.27257,1135.7577,0.04473877,-0.37121582,0.37390205
32,147.88509,1072.3031,148.09871,1071.7775,0.21362305,-0.52563477,0.56738585
32,147.93152,546.9534,159.12576,549.53754,11.194244,2.5841064,11.488634
32,232.9969,1161.4529,233.10971,1161.0398,0.11280823,-0.41308594,0.4282122
32,132.48514,1072.906,132.2166,1072.3994,-0.26853943,-0.5065918,0.5733661
32,168.18034,1140.5919,168.10394,1140.4075,-0.07640076,-0.18444824,0.19964527
32,268.91806,1138.7,268.75998,1138.5128,-0.15808105,-0.18713379,0.24496669
32,152.34908,1025.1602,157.83395,1030.2504,5.4848785,5.09021,7.4829226
32,461.27866,1124.8623,461.17044,1124.7596,-0.10821533,-0.10266113,0.14916389
32,142.983,624.44946,137.26553,611.87427,-5.7174683,-12.575195,13.813942
32,323.97928,229.4696,323.88574,228.81834,-0.09353638,-0.6512604,0.6579431
32,517.0469,1061.8983,516.6725,1061.54,-0.37438965,-0.35827637,0.5181984
32,488.62213,1136.056,488.81168,1136.1127,0.18954468,0.056640625,0.19782655
32,523.74176,508.2533,523.722,508.15878,-0.01977539,-0.09451294,0.09655963
32,509.5791,226.54044,509.7321,226.1894,0.15298462,-0.35102844,0.38291678
32,519.7343,375.56644,519.739,375.53098,0.004699707,-0.035461426,0.035771497
32,472.57526,1155.3584,472.5043,1155.098,-0.07095337,-0.26037598,0.2698704
32,523.79047,703.3104,523.8,703.2296,0.009521484,-0.08081055,0.08136955
32,517.67126,342.5027,517.6427,342.4426,-0.028564453,-0.06008911,0.06653292
32,476.463,645.3601,476.4511,645.08777,-0.0119018555,-0.27233887,0.2725988
32,521.8711,443.2305,521.8267,443.21164,-0.04437256,-0.018859863,0.048214298
32,431.12247,650.5176,430.8114,650.25195,-0.31106567,-0.265625,0.40904585
32,519.8781,410.0541,519.85596,409.8676,-0.022155762,-0.18649292,0.18780439
32,421.83313,228.92593,421.5801,228.19731,-0.25302124,-0.72862244,0.7713043
32,242.4091,753.997,253.43367,759.4572,11.024567,5.460205,12.302638
32,455.45572,228.51381,455.62714,227.74487,0.17141724,-0.76893616,0.78781134
32,357.01013,230.2857,357.06146,229.62256,0.051330566,-0.663147,0.6651306
32,519.86584,573.32947,519.8363,573.19556,-0.029541016,-0.13391113,0.13713083
32,131.74777,233.66074,131.73625,232.87407,-0.011520386,-0.78666687,0.7867512
32,142.5709,654.3855,151.58014,653.5514,9.009232,-0.83410645,9.047761
32,191.71155,233.0711,191.46844,232.3442,-0.24310303,-0.72691345,0.76648694
32,523.5174,476.48874,523.5794,476.39502,0.06201172,-0.09371948,0.11237791
32,516.76086,279.75818,516.7208,279.63538,-0.040039062,-0.122802734,0.12916516
32,390.9715,230.04285,390.87115,229.28145,-0.1003418,-0.7613983,0.7679817
32,527.7284,669.04315,527.71045,668.98254,-0.017944336,-0.06060791,0.06320853
32,122.777084,315.01074,122.79725,314.75952,0.02016449,-0.2512207,0.25202867
32,343.70203,1197.972,343.58792,1197.575,-0.114105225,-0.39709473,0.4131637
32,258.64728,231.68095,258.54706,230.99872,-0.10021973,-0.6822357,0.6895575
32,285.29984,1155.2161,285.27322,1154.8723,-0.026611328,-0.34375,0.3447785
32,513.3885,245.21739,513.6732,245.22845,0.284729,0.011062622,0.28494385
32,481.99615,227.5888,481.94702,227.06062,-0.0491333,-0.528183,0.53046334
32,517.079,309.56924,517.0104,309.46655,-0.068603516,-0.10269165,0.12349906
32,522.1517,539.8814,522.09705,539.7464,-0.054626465,-0.13500977,0.14564233
32,355.40195,1134.7266,355.32404,1134.5874,-0.07791138,-0.13916016,0.15948583
32,289.3752,1130.761,289.34808,1130.5664,-0.027130127,-0.19458008,0.19646233
33,167.72069,447.97095,190.1336,454.2011,22.412918,6.2301636,23.262712
33,342.66846,792.4888,358.93655,804.6542,16.268097,12.165405,20.313742
33,225.27257,1135.7577,225.20728,1134.953,-0.06529236,-0.8046875,0.8073321
33,148.09871,1071.7775,148.33923,1070.7725,0.24052429,-1.0050049,1.033386
33,159.12576,549.53754,180.85239,555.87256,21.726624,6.335022,22.631365
33,233.10971,1161.0398,233.0802,1160.0376,-0.029510498,-1.0021973,1.0026315
33,132.2166,1072.3994,131.64978,1071.1985,-0.56681824,-1.2009277,1.3279723
33,168.10394,1140.4075,168.1717,1140.0222,0.06776428,-0.3852539,0.3911682
33,268.75998,1138.5128,268.4669,1137.8885,-0.29309082,-0.6242676,0.6896464
33,157.83395,1030.2504,170.70943,1041.8308,12.875473,11.580444,17.317173
33,461.17044,1124.7596,461.09216,1124.0424,-0.07827759,-0.71728516,0.7215437
33,137.26553,611.87427,144.3015,569.74023,7.035965,-42.134033,42.71746
33,323.88574,228.81834,323.78156,227.76964,-0.10418701,-1.048706,1.0538688
33,516.6725,1061.54,516.1342,1060.5767,-0.53826904,-0.9633789,1.1035545
33,488.81168,1136.1127,488.87057,1135.5542,0.058898926,-0.5584717,0.561569
33,523.722,508.15878,523.5791,507.43527,-0.1428833,-0.72351074,0.7374845
33,509.7321,226.1894,509.7282,225.27791,-0.0038757324,-0.911499,0.91150725
33,519.739,375.53098,519.5773,374.7231,-0.16174316,-0.8078613,0.82389367
33,472.5043,1155.098,472.14188,1154.0444,-0.36242676,-1.0535889,1.1141825
33,523.8,703.2296,523.5811,702.4097,-0.21887207,-0.81988525,0.84859693
33,517.6427,342.4426,517.5438,341.75067,-0.09887695,-0.69192505,0.69895416
33,476.4511,645.08777,476.14505,644.3735,-0.3060608,-0.71429443,0.7771034
33,521.8267,443.21164,521.6333,442.47894,-0.19342041,-0.73269653,0.7577966
33,430.8114,650.25195,430.19244,649.5428,-0.6189575,-0.7091675,0.9412901
33,519.85596,409.8676,519.6277,409.02316,-0.22827148,-0.8444519,0.87476104
33,421.5801,228.19731,421.49088,227.05922,-0.0892334,-1.138092,1.1415849
33,253.43367,759.4572,273.57874,770.4551,20.145065,10.997864,22.951616
33,455.62714,227.74487,455.39694,226.72025,-0.23019409,-1.0246277,1.0501672
33,357.06146,229.62256,356.60623,228.60829,-0.4552307,-1.014267,1.111743
33,519.8363,573.19556,519.67883,572.4398,-0.1574707,-0.7557373,0.77196884
33,131.73625,232.87407,131.32666,231.78833,-0.40959167,-1.0857391,1.1604288
33,151.58014,653.5514,170.31021,654.84076,18.730072,1.2893677,18.7744
33,191.46844,232.3442,191.3081,231.2919,-0.16033936,-1.0522919,1.0644374
33,523.5794,476.39502,523.48883,475.5872,-0.09057617,-0.8078308,0.8128928
33,516.7208,279.63538,516.57336,278.85477,-0.14746094,-0.78060913,0.7944151
33,390.87115,229.28145,390.72098,228.1358,-0.150177,-1.1456451,1.1554462
33,527.71045,668.98254,527.56757,668.3153,-0.1428833,-0.6672363,0.6823635
33,122.79725,314.75952,122.58489,313.87463,-0.21235657,-0.8848877,0.9100118
33,343.58792,1197.575,343.4745,1196.8087,-0.11343384,-0.76623535,0.7745862
33,258.54706,230.99872,258.37006,230.04753,-0.17700195,-0.95118713,0.9675157
33,285.27322,1154.8723,285.16537,1154.0288,-0.10784912,-0.84350586,0.8503726
33,513.6732,245.22845,513.76636,244.61679,0.09313965,-0.6116638,0.6187145
33,481.94702,227.06062,481.6899,226.01585,-0.2571106,-1.0447693,1.0759408
33,517.0104,309.46655,516.8091,308.73785,-0.20129395,-0.72869873,0.75599015
33,522.09705,539.7464,521.70197,538.8522,-0.39508057,-0.8942261,0.9776139
33,355.32404,1134.5874,355.11115,1133.8113,-0.21289062,-0.77612305,0.8047915
33,289.34808,1130.5664,289.16434,1129.777,-0.18374634,-0.7894287,0.8105309
34,190.1336,454.2011,201.24683,458.35522,11.11322,4.154114,11.864245
34,358.93655,804.6542,366.954,810.7127,8.017456,6.0585327,10.04915
34,225.20728,1134.953,235.65149,1148.4453,10.444214,13.49231,17.062357
34,148.33923,1070.7725,148.64412,1070.1042,0.30488586,-0.6682129,0.73448205
34,180.85239,555.87256,191.70213,559.74426,10.849747,3.871704,11.519856
34,233.0802,1160.0376,233.14505,1159.4637,0.06484985,-0.57385254,0.5775052
34,131.64978,1071.1985,131.0138,1070.2368,-0.6359863,-0.9616699,1.1529474
34,168.1717,1140.0222,196.7284,1136.3539,28.556686,-3.668335,28.791336
34,268.4669,1137.8885,268.36285,1137.6444,-0.104034424,-0.24414062,0.26538238
34,170.70943,1041.8308,176.94463,1048.2853,6.235199,6.454468,8.974289
34,461.09216,1124.0424,460.80978,1123.5883,-0.28237915,-0.45410156,0.5347394
34,144.3015,569.74023,154.52248,572.99506,10.220978,3.2548218,10.726707
34,323.78156,227.76964,323.7167,226.94759,-0.06484985,-0.822052,0.824606
34,516.1342,1060.5767,515.7237,1060.0364,-0.41052246,-0.5402832,0.67855334
34,488.87057,1135.5542,489.08682,1135.3666,0.21624756,-0.18762207,0.28629538
34,523.5791,507.43527,523.5676,507.16086,-0.011474609,-0.27441406,0.27465385
34,509.7282,225.27791,509.89926,224.66449,0.17105103,-0.6134186,0.63682085
34,519.5773,374.7231,519.5126,374.41684,-0.064697266,-0.3062744,0.31303316
34,472.14188,1154.0444,471.96744,1153.5592,-0.17443848,-0.4852295,0.5156321
34,523.5811,702.4097,523.559,702.0049,-0.022094727,-0.4048462,0.40544865
34,517.5438,341.75067,517.46686,341.38455,-0.07696533,-0.36611938,0.37412173
34,476.14505,644.3735,475.98193,643.95044,-0.16311646,-0.42303467,0.4533931
34,521.6333,442.47894,521.59174,442.262,-0.04156494,-0.21694946,0.22089526
34,430.19244,649.5428,429.63715,649.15436,-0.55529785,-0.38842773,0.6776664
34,519.6277,409.02316,519.58777,408.59747,-0.039916992,-0.4256897,0.4275571
34,421.49088,227.05922,421.29962,226.27121,-0.19125366,-0.78800964,0.8108867
34,273.57874,770.4551,283.73422,776.4728,10.155487,6.0177,11.804518
34,455.39694,226.72025,455.43826,225.84,0.0413208,-0.880249,0.8812183
34,356.60623,228.60829,356.61966,227.84288,0.013427734,-0.7654114,0.76552916
34,519.67883,572.4398,519.6074,572.20105,-0.07141113,-0.23876953,0.24921966
34,131.32666,231.78833,131.31006,231.02441,-0.016601562,-0.763916,0.7640964
34,170.31021,654.84076,179.51906,656.0123,9.208847,1.1715698,9.283072
34,191.3081,231.2919,191.31558,230.47021,0.0074768066,-0.8216858,0.8217198
34,523.48883,475.5872,523.5298,475.2045,0.04095459,-0.38269043,0.38487563
34,516.57336,278.85477,516.48206,278.47754,-0.091308594,-0.37722778,0.3881212
34,390.72098,228.1358,390.59027,227.25925,-0.13070679,-0.8765564,0.88624793
34,527.56757,668.3153,527.5335,667.9859,-0.034057617,-0.32940674,0.3311627
34,122.58489,313.87463,122.58048,313.60635,-0.00440979,-0.26828003,0.26831627
34,343.4745,1196.8087,343.42395,1196.5481,-0.05053711,-0.26062012,0.26547477
34,258.37006,230.04753,258.41907,229.24344,0.04901123,-0.8040924,0.8055847
34,285.16537,1154.0288,285.15115,1153.6222,-0.014221191,-0.4066162,0.40686482
34,513.76636,244.61679,513.97705,244.51512,0.21069336,-0.10166931,0.23394088
34,481.6899,226.01585,481.51785,225.17311,-0.1720581,-0.8427429,0.8601277
34,516.8091,308.73785,516.6529,308.40402,-0.15618896,-0.3338318,0.36856297
34,521.70197,538.8522,521.6498,538.51025,-0.05218506,-0.34191895,0.34587836
34,355.11115,1133.8113,354.98465,1133.4884,-0.12649536,-0.32287598,0.34677076
34,289.16434,1129.777,289.08865,1129.5358,-0.075683594,-0.24121094,0.2528057
35,201.24683,458.35522,222.8483,467.81265,21.60147,9.457428,23.581062
35,366.954,810.7127,381.1146,824.0871,14.1605835,13.37439,19.478102
35,235.65149,1148.4453,283.8601,1151.9801,48.20862,3.53479,48.33803
35,148.64412,1070.1042,185.69397,1069.0607,37.04985,-1.0435791,37.064545
35,191.70213,559.74426,212.41284,569.2496,20.710709,9.50531,22.787811
35,233.14505,1159.4637,266.7034,1158.1221,33.55835,-1.3416748,33.58516
35,131.0138,1070.2368,147.03732,1073.0139,16.02353,2.7770996,16.262403
35,196.7284,1136.3539,252.2569,1128.6726,55.528503,-7.6812744,56.057262
35,268.36285,1137.6444,318.5064,1132.7441,50.143555,-4.9002686,50.382423
35,176.94463,1048.2853,213.63753,1055.2162,36.6929,6.930908,37.34175
35,460.80978,1123.5883,460.64172,1123.0847,-0.1680603,-0.50354004,0.5308454
35,154.52248,572.99506,174.9673,581.5749,20.444824,8.579834,22.172153
35,323.7167,226.94759,323.45316,226.20653,-0.2635498,-0.74105835,0.78652775
35,515.7237,1060.0364,515.28424,1059.2596,-0.43945312,-0.7767334,0.8924314
35,489.08682,1135.3666,489.14417,1134.7799,0.05734253,-0.5866699,0.5894657
35,523.5676,507.16086,523.42505,506.61966,-0.14257812,-0.54119873,0.5596647
35,509.89926,224.66449,509.92197,223.87492,0.022705078,-0.78956604,0.78989244
35,519.5126,374.41684,519.3465,373.8574,-0.16607666,-0.55944824,0.58357847
35,471.96744,1153.5592,471.8585,1152.7988,-0.108947754,-0.760376,0.7681414
35,523.559,702.0049,523.3542,701.48956,-0.20483398,-0.5153198,0.5545372
35,517.46686,341.38455,517.29083,340.80865,-0.17602539,-0.5758972,0.6021981
35,475.98193,643.95044,475.65112,643.4702,-0.33081055,-0.4802246,0.5831392
35,521.59174,442.262,521.4513,441.67,-0.1404419,-0.59198,0.6084112
35,429.63715,649.15436,429.35928,648.5732,-0.27786255,-0.58117676,0.64418477
35,519.58777,408.59747,519.4265,408.00662,-0.16125488,-0.59085083,0.6124605
35,421.29962,226.27121,421.16806,225.3871,-0.13156128,-0.8841095,0.8938445
35,283.73422,776.4728,301.85104,789.65234,18.116821,13.179565,22.403574
35,455.43826,225.84,455.39832,225.06549,-0.03994751,-0.7745056,0.7755351
35,356.61966,227.84288,356.45053,227.08118,-0.16912842,-0.7617035,0.78025424
35,519.6074,572.20105,519.4751,571.56116,-0.13232422,-0.6398926,0.6534311
35,131.31006,231.02441,131.20013,230.31366,-0.10992432,-0.7107544,0.71920455
35,179.51906,656.0123,197.43103,660.5746,17.911972,4.562256,18.483856
35,191.31558,230.47021,191.115,229.73247,-0.20057678,-0.7377472,0.7645273
35,523.5298,475.2045,523.5009,474.6263,-0.028869629,-0.57818604,0.57890636
35,516.48206,278.47754,516.37695,277.90356,-0.10510254,-0.5739746,0.5835181
35,390.59027,227.25925,390.36432,226.35345,-0.22595215,-0.90579224,0.9335491
35,527.5335,667.9859,527.43036,667.4981,-0.103149414,-0.48779297,0.49857977
35,122.58048,313.60635,122.511284,313.151,-0.06919861,-0.45535278,0.4605807
35,343.42395,1196.5481,343.28622,1195.8091,-0.13772583,-0.7390137,0.7517377
35,258.41907,229.24344,258.48877,228.5231,0.06970215,-0.7203369,0.72370136
35,285.15115,1153.6222,295.5434,1152.3981,10.392242,-1.2241211,10.46409
35,513.97705,244.51512,513.96844,243.97112,-0.008605957,-0.54400635,0.5440744
35,481.51785,225.17311,481.2816,224.33505,-0.23626709,-0.8380585,0.87072617
35,516.6529,308.40402,516.44434,307.80615,-0.20855713,-0.5978699,0.6332018
35,521.6498,538.51025,521.4811,537.84656,-0.16870117,-0.6636963,0.68480134
35,354.98465,1133.4884,354.8208,1133.0397,-0.16384888,-0.44873047,0.47770858
35,289.08865,1129.5358,302.04214,1127.5781,12.953491,-1.9576416,13.100584
36,222.8483,467.81265,233.27373,473.69934,10.42543,5.886688,11.972581
36,381.1146,824.0871,387.59155,830.76355,6.476959,6.6764526,9.301936
36,283.8601,1151.9801,303.30704,1150.8672,19.44693,-1.112915,19.478748
36,185.69397,1069.0607,182.23373,1069.2456,-3.4602356,0.18493652,3.4651742
36,212.41284,569.2496,222.5803,574.9207,10.167465,5.6711426,11.642131
36,266.7034,1158.1221,280.96274,1157.3518,14.259338,-0.7702637,14.280128
36,147.03732,1073.0139,163.91936,1072.4103,16.882034,-0.6036377,16.892822
36,252.2569,1128.6726,265.53717,1130.6244,13.280273,1.9517822,13.422933
36,318.5064,1132.7441,405.23953,1129.0176,86.73312,-3.7265625,86.81314
36,213.63753,1055.2162,72.774826,1126.5663,-140.8627,71.3501,157.9023
36,460.64172,1123.0847,460.57257,1123.0878,-0.06915283,0.0030517578,0.06922014
36,174.9673,581.5749,185.00739,586.87494,10.040085,5.300049,11.353142
36,323.45316,226.20653,323.39627,225.8927,-0.056884766,-0.3138275,0.31894135
36,515.28424,1059.2596,514.89636,1059.0881,-0.38787842,-0.17150879,0.42410487
36,489.14417,1134.7799,489.3309,1134.9269,0.18673706,0.14697266,0.23763773
36,523.42505,506.61966,523.3992,506.63168,-0.025878906,0.012023926,0.028535813
36,509.92197,223.87492,510.08118,223.73915,0.1592102,-0.1357727,0.20924176
36,519.3465,373.8574,519.33887,373.8519,-0.0076293945,-0.005493164,0.009401198
36,471.8585,1152.7988,471.7864,1152.6924,-0.07208252,-0.10644531,0.12855542
36,523.3542,701.48956,523.3647,701.4666,0.010498047,-0.022949219,0.025236394
36,517.29083,340.80865,517.2704,340.8045,-0.020446777,-0.0041503906,0.020863758
36,475.65112,643.4702,475.40082,643.43567,-0.25030518,-0.0345459,0.25267786
36,521.4513,441.67,521.3899,441.70245,-0.061401367,0.032440186,0.06944417
36,429.35928,648.5732,428.75827,648.52405,-0.6010132,-0.0491333,0.60301816
36,519.4265,408.00662,519.35114,407.93066,-0.07537842,-0.07595825,0.107011974
36,421.16806,225.3871,421.1455,225.06276,-0.02255249,-0.32434082,0.32512394
36,301.85104,789.65234,309.80533,796.33887,7.9542847,6.6865234,10.391355
36,455.39832,225.06549,455.38367,224.77023,-0.0146484375,-0.29525757,0.2956207
36,356.45053,227.08118,356.4107,226.79572,-0.03982544,-0.28546143,0.2882261
36,519.4751,571.56116,519.4319,571.57776,-0.04321289,0.016601562,0.04629218
36,131.20013,230.31366,131.20828,230.0006,0.008148193,-0.31306458,0.31317058
36,197.43103,660.5746,205.8683,662.72925,8.437271,2.154663,8.708049
36,191.115,229.73247,191.15295,229.42259,0.03794861,-0.3098755,0.3121905
36,523.5009,474.6263,523.54535,474.60678,0.044433594,-0.01953125,0.04853673
36,516.37695,277.90356,516.319,277.88544,-0.0579834,-0.018127441,0.060750958
36,390.36432,226.35345,390.2923,225.9124,-0.072021484,-0.4410553,0.44689694
36,527.43036,667.4981,527.43567,667.5463,0.0053100586,0.048217773,0.04850928
36,122.511284,313.151,122.47464,313.10358,-0.036643982,-0.047424316,0.05993202
36,343.28622,1195.8091,343.22546,1195.7444,-0.060760498,-0.064697266,0.0887557
36,258.48877,228.5231,258.55417,228.19608,0.06539917,-0.32702637,0.33350158
36,295.5434,1152.3981,295.43472,1152.2845,-0.108673096,-0.11352539,0.15715551
36,513.96844,243.97112,514.17126,244.02728,0.20281982,0.056167603,0.21045351
36,481.2816,224.33505,481.21616,224.0419,-0.06542969,-0.29315186,0.30036485
36,516.44434,307.80615,516.3357,307.81616,-0.10864258,0.010009766,0.109102726
36,521.4811,537.84656,521.4133,537.76385,-0.06774902,-0.08270264,0.10690957
36,354.8208,1133.0397,354.78094,1133.0571,-0.039855957,0.017456055,0.043511048
36,302.04214,1127.5781,321.57556,1127.148,19.533417,-0.43017578,19.538153
37,233.27373,473.69934,254.20132,486.16602,20.927597,12.466675,24.35944
37,387.59155,830.76355,398.9565,844.5657,11.36496,13.802124,17.879065
37,303.30704,1150.8672,327.01407,1150.5321,23.707031,-0.335083,23.7094
37,182.23373,1069.2456,214.72261,1084.5181,32.488876,15.272461,35.899513
37,222.5803,574.9207,242.50856,587.3014,19.928253,12.380676,23.460957
37,280.96274,1157.3518,312.07202,1154.824,31.109283,-2.527832,31.211817
37,163.91936,1072.4103,196.42787,1088.7672,32.508514,16.356934,36.39166
37,265.53717,1130.6244,306.45358,1124.9653,40.916412,-5.6590576,41.305904
37,405.23953,1129.0176,405.13855,1129.0704,-0.100982666,0.052856445,0.1139794
37,72.774826,1126.5663,74.731476,1126.4061,1.9566498,-0.16015625,1.9631934
37,460.57257,1123.0878,460.5125,1123.0706,-0.060058594,-0.017211914,0.062476274
37,185.00739,586.87494,204.64456,598.45514,19.637177,11.5802,22.797361
37,323.39627,225.8927,323.33597,225.68213,-0.060302734,-0.21057129,0.21903582
37,514.89636,1059.0881,514.48694,1058.9152,-0.40942383,-0.17297363,0.44446343
37,489.3309,1134.9269,489.4625,1135.0739,0.1315918,0.14697266,0.19727483
37,523.3992,506.63168,523.31836,506.65982,-0.08081055,0.028137207,0.08556896
37,510.08118,223.73915,510.10275,223.58574,0.021575928,-0.15341187,0.15492165
37,519.33887,373.8519,519.2438,373.85828,-0.09509277,0.006378174,0.095306434
37,471.7864,1152.6924,471.70422,1152.5717,-0.08218384,-0.12072754,0.14604561
37,523.3647,701.4666,523.2502,701.4662,-0.11450195,-0.0004272461,0.11450275
37,517.2704,340.8045,517.1885,340.8051,-0.08190918,0.00061035156,0.08191145
37,475.40082,643.43567,475.18094,643.43866,-0.21987915,0.0029907227,0.21989949
37,521.3899,441.70245,521.313,441.75204,-0.0769043,0.049591064,0.09150708
37,428.75827,648.52405,428.34967,648.4627,-0.40859985,-0.061340332,0.4131785
37,519.35114,407.93066,519.21924,407.8662,-0.13189697,-0.064453125,0.14680265
37,421.1455,225.06276,421.06506,224.75893,-0.080444336,-0.303833,0.31430206
37,309.80533,796.33887,324.68198,811.19446,14.876648,14.855591,21.023872
37,455.38367,224.77023,455.44473,224.53735,0.061065674,-0.23287964,0.24075286
37,356.4107,226.79572,356.36383,226.57236,-0.046875,-0.22335815,0.22822386
37,519.4319,571.57776,519.3213,571.59296,-0.1105957,0.015197754,0.11163504
37,131.20828,230.0006,131.1857,229.71094,-0.022583008,-0.2896576,0.2905366
37,205.8683,662.72925,223.11377,670.8471,17.245468,8.117859,19.060581
37,191.15295,229.42259,191.20201,229.1045,0.049057007,-0.31808472,0.3218454
37,523.54535,474.60678,523.53613,474.60687,-0.009216309,9.1552734e-05,0.009216763
37,516.319,277.88544,516.18207,277.89484,-0.13690186,0.009399414,0.13722415
37,390.2923,225.9124,390.24622,225.6105,-0.046081543,-0.30189514,0.30539188
37,527.43567,667.5463,527.3072,667.56586,-0.128479,0.01953125,0.12995508
37,122.47464,313.10358,122.41997,313.0259,-0.05467224,-0.07766724,0.09498028
37,343.22546,1195.7444,342.92365,1195.6746,-0.30181885,-0.06982422,0.3097903
37,258.55417,228.19608,258.5706,227.98529,0.016418457,-0.21078491,0.21142338
37,295.43472,1152.2845,327.93152,1150.2878,32.496796,-1.9967041,32.55808
37,514.17126,244.02728,514.1904,244.11417,0.019165039,0.086883545,0.08897218
37,481.21616,224.0419,481.15894,223.80641,-0.05722046,-0.23548889,0.24234107
37,516.3357,307.81616,516.1915,307.82022,-0.14416504,0.004058838,0.14422216
37,521.4133,537.76385,521.3053,537.69495,-0.10803223,-0.06890869,0.1281381
37,354.78094,1133.0571,430.75464,1127.4266,75.973694,-5.630493,76.18205
37,321.57556,1127.148,375.98187,1127.6107,54.40631,0.46276855,54.40828
38,254.20132,486.16602,264.39853,493.0663,10.197205,6.900299,12.312478
38,398.9565,844.5657,405.06134,851.9568,6.104828,7.3911133,9.586317
38,327.01407,1150.5321,327.11508,1150.3357,0.10101318,-0.19641113,0.2208642
38,214.72261,1084.5181,222.17128,1090.0344,7.4486694,5.5163574,9.26892
38,242.50856,587.3014,252.52397,594.09125,10.015411,6.789856,12.100025
38,312.07202,1154.824,316.26,1154.3846,4.1879883,-0.43933105,4.210969
38,196.42787,1088.7672,200.86298,1095.0822,4.4351044,6.3149414,7.7167764
38,306.45358,1124.9653,323.52087,1117.7789,17.067291,-7.1864014,18.518553
38,405.13855,1129.0704,405.01566,1129.0831,-0.12289429,0.0126953125,0.12354828
38,74.731476,1126.4061,75.799644,1126.106,1.0681686,-0.3001709,1.1095436
38,460.5125,1123.0706,460.32715,1123.0254,-0.18536377,-0.045166016,0.19078705
38,204.64456,598.45514,214.36377,604.7569,9.719208,6.301758,11.5834
38,323.33597,225.68213,323.27042,225.36227,-0.06555176,-0.31985474,0.3265028
38,514.48694,1058.9152,513.88257,1058.6989,-0.6043701,-0.2163086,0.6419133
38,489.4625,1135.0739,489.54318,1135.128,0.08068848,0.05419922,0.09720178
38,523.31836,506.65982,523.1885,506.63638,-0.12988281,-0.0234375,0.13198054
38,510.10275,223.58574,510.18954,223.44778,0.08679199,-0.13795471,0.16298574
38,519.2438,373.85828,519.1827,373.79822,-0.06109619,-0.060058594,0.08567251
38,471.70422,1152.5717,471.52744,1152.3865,-0.17678833,-0.18518066,0.2560195
38,523.2502,701.4662,523.1452,701.4434,-0.10498047,-0.022766113,0.107420646
38,517.1885,340.8051,517.05066,340.75494,-0.13781738,-0.0501709,0.14666544
38,475.18094,643.43866,474.95624,643.33765,-0.22470093,-0.10101318,0.24636187
38,521.313,441.75204,521.2283,441.71002,-0.0847168,-0.042022705,0.094566606
38,428.34967,648.4627,427.88818,648.3069,-0.46148682,-0.15582275,0.48708397
38,519.21924,407.8662,519.1371,407.80203,-0.08215332,-0.06417847,0.10424991
38,421.06506,224.75893,421.01993,224.47192,-0.045135498,-0.28700256,0.29053
38,324.68198,811.19446,331.91812,819.3482,7.236145,8.153748,10.901624
38,455.44473,224.53735,455.3962,224.25226,-0.04852295,-0.2850952,0.289195
38,356.36383,226.57236,356.30774,226.31567,-0.05609131,-0.25668335,0.26274052
38,519.3213,571.59296,519.23047,571.57446,-0.09082031,-0.018493652,0.09268411
38,131.1857,229.71094,131.19772,229.15524,0.012023926,-0.5556946,0.55582464
38,223.11377,670.8471,229.37604,670.9857,6.262268,0.13861084,6.263802
38,191.20201,229.1045,191.16087,228.70128,-0.041137695,-0.40322876,0.40532178
38,523.53613,474.60687,523.5116,474.49887,-0.024536133,-0.10800171,0.11075374
38,516.18207,277.89484,516.0764,277.8573,-0.105651855,-0.03753662,0.112121865
38,390.24622,225.6105,390.1353,225.25055,-0.11090088,-0.35995483,0.37665167
38,527.3072,667.56586,527.26996,667.5707,-0.037231445,0.0048217773,0.037542377
38,122.41997,313.0259,122.33039,312.93488,-0.08957672,-0.091033936,0.12771519
38,342.92365,1195.6746,342.85962,1195.5433,-0.06402588,-0.13122559,0.14601187
38,258.5706,227.98529,258.5592,227.41803,-0.011383057,-0.56726074,0.56737494
38,327.93152,1150.2878,344.03333,1149.6201,16.101807,-0.6677246,16.115646
38,514.1904,244.11417,514.30237,244.12195,0.11193848,0.0077819824,0.11220865
38,481.15894,223.80641,481.06256,223.53038,-0.09637451,-0.2760315,0.29237208
38,516.1915,307.82022,516.0394,307.8267,-0.15209961,0.0064697266,0.15223715
38,521.3053,537.69495,521.0928,537.57745,-0.21252441,-0.117492676,0.24283977
38,430.75464,1127.4266,430.63495,1127.3671,-0.11968994,-0.059570312,0.13369481
38,375.98187,1127.6107,394.58395,1128.8274,18.602081,1.2166748,18.641827
39,264.39853,493.0663,283.78882,507.87567,19.39029,14.809357,24.398777
39,405.06134,851.9568,415.2434,867.9525,10.182068,15.995728,18.961483
39,327.11508,1150.3357,344.77408,1150.0394,17.658997,-0.29626465,17.661482
39,222.17128,1090.0344,152.76366,1099.961,-69.40762,9.926636,70.11388
39,252.52397,594.09125,271.41333,608.95166,18.889359,14.860413,24.034136
39,316.26,1154.3846,335.37753,1153.1868,19.117523,-1.197876,19.155016
39,200.86298,1095.0822,202.54645,1104.6964,1.6834717,9.614258,9.760534
39,323.52087,1117.7789,342.31802,1113.7852,18.79715,-3.9937744,19.21674
39,405.01566,1129.0831,404.81342,1129.071,-0.20223999,-0.012084961,0.20260073
39,75.799644,1126.106,77.60965,1126.1986,1.8100052,0.09265137,1.812375
39,460.32715,1123.0254,459.92624,1122.7925,-0.40090942,-0.23291016,0.46365452
39,214.36377,604.7569,233.29471,619.2477,18.930939,14.490784,23.84037
39,323.27042,225.36227,323.1539,225.20587,-0.11651611,-0.15640259,0.19503275
39,513.88257,1058.6989,513.31714,1058.4022,-0.5654297,-0.29663086,0.63851434
39,489.54318,1135.128,489.45285,1135.0636,-0.09033203,-0.064453125,0.11096883
39,523.1885,506.63638,523.063,506.58676,-0.12548828,-0.049621582,0.134943
39,510.18954,223.44778,510.1426,223.3488,-0.046936035,-0.098983765,0.109548055
39,519.1827,373.79822,518.97546,373.73776,-0.20721436,-0.060455322,0.21585327
39,471.52744,1152.3865,470.9936,1152.1202,-0.533844,-0.26623535,0.596549
39,523.1452,701.4434,522.94434,701.36066,-0.2008667,-0.08276367,0.21724929
39,517.05066,340.75494,516.9354,340.65524,-0.115234375,-0.09970093,0.15237859
39,474.95624,643.33765,474.58945,643.2854,-0.36679077,-0.052246094,0.37049308
39,521.2283,441.71002,521.03613,441.673,-0.19213867,-0.037017822,0.19567214
39,427.88818,648.3069,427.31415,648.1954,-0.57403564,-0.11151123,0.5847663
39,519.1371,407.80203,518.92053,407.6482,-0.21655273,-0.15383911,0.26563427
39,421.01993,224.47192,420.8854,224.23605,-0.13452148,-0.23587036,0.27153426
39,331.91812,819.3482,345.61523,836.6834,13.697113,17.335205,22.093443
39,455.3962,224.25226,455.29474,223.92361,-0.10147095,-0.3286438,0.34395218
39,356.30774,226.31567,356.14136,226.05582,-0.16638184,-0.25985718,0.30855903
39,519.23047,571.57446,519.0423,571.4589,-0.18817139,-0.11553955,0.22081181
39,131.19772,229.15524,131.0603,228.94394,-0.13742065,-0.21130371,0.25205892
39,229.37604,670.9857,233.82573,650.0599,4.449692,-20.925842,21.393705
39,191.16087,228.70128,191.13004,228.48058,-0.030838013,-0.22070312,0.22284715
39,523.5116,474.49887,523.47266,474.44415,-0.03894043,-0.054718018,0.06715965
39,516.0764,277.8573,515.9229,277.76398,-0.15350342,-0.093322754,0.1796453
39,390.1353,225.25055,389.89474,225.04156,-0.24057007,-0.20898438,0.31866664
39,527.26996,667.5707,527.0335,667.53345,-0.2364502,-0.037231445,0.23936348
39,122.33039,312.93488,122.28313,312.92328,-0.0472641,-0.01159668,0.048665985
39,342.85962,1195.5433,342.5773,1195.4005,-0.28231812,-0.14282227,0.31638855
39,258.5592,227.41803,258.51282,227.1873,-0.04638672,-0.23072815,0.23534487
39,344.03333,1149.6201,367.04843,1148.0565,23.015106,-1.5635986,23.06816
39,514.30237,244.12195,514.3284,244.14903,0.026062012,0.02708435,0.037587106
39,481.06256,223.53038,480.73386,223.21169,-0.32870483,-0.31869507,0.45783558
39,516.0394,307.8267,515.8924,307.76508,-0.14703369,-0.06161499,0.1594218
39,521.0928,537.57745,520.934,537.4889,-0.15875244,-0.08856201,0.18178439
39,430.63495,1127.3671,430.30173,1127.2656,-0.33322144,-0.10144043,0.3483198
39,394.58395,1128.8274,394.21622,1128.7816,-0.36773682,-0.045776367,0.370575
40,283.78882,507.87567,293.40506,516.24207,9.616241,8.366394,12.74632
40,415.2434,867.9525,420.98337,876.66254,5.7399597,8.710022,10.43128
40,344.77408,1150.0394,344.73965,1150.1035,-0.034423828,0.064086914,0.072747044
40,152.76366,1099.961,152.82458,1099.7993,0.060928345,-0.16174316,0.1728384
40,271.41333,608.95166,281.10632,617.20935,9.692993,8.25769,12.733561
40,335.37753,1153.1868,335.69537,1153.1826,0.31784058,-0.0041503906,0.31786767
40,202.54645,1104.6964,202.63805,1109.1707,0.09159851,4.474243,4.4751806
40,342.31802,1113.7852,342.43008,1114.0165,0.11206055,0.23132324,0.25703698
40,404.81342,1129.071,404.7872,1129.1235,-0.0262146,0.052490234,0.058672223
40,77.60965,1126.1986,78.82323,1126.0812,1.2135773,-0.11743164,1.2192457
40,459.92624,1122.7925,459.91232,1122.8588,-0.013916016,0.06628418,0.06772923
40,233.29471,619.2477,242.60893,627.4193,9.314224,8.171631,12.390736
40,323.1539,225.20587,323.15106,225.13393,-0.0028381348,-0.07194519,0.07200115
40,513.31714,1058.4022,513.1758,1058.4535,-0.14135742,0.05126953,0.15036784
40,489.45285,1135.0636,489.5157,1135.1414,0.06283569,0.07775879,0.09997377
40,523.063,506.58676,523.07874,506.60565,0.01574707,0.01889038,0.024593022
40,510.1426,223.3488,510.2029,223.3238,0.060302734,-0.024993896,0.06527721
40,518.97546,373.73776,518.9612,373.7432,-0.014282227,0.005432129,0.01528038
40,470.9936,1152.1202,470.935,1152.0536,-0.05859375,-0.06665039,0.08874403
40,522.94434,701.36066,522.92004,701.3576,-0.024291992,-0.0030517578,0.024482936
40,516.9354,340.65524,516.9157,340.67624,-0.019714355,0.020996094,0.0288009
40,474.58945,643.2854,474.4878,643.368,-0.10165405,0.08258057,0.13096982
40,521.03613,441.673,521.0204,441.71643,-0.01574707,0.043426514,0.046193425
40,427.31415,648.1954,427.39807,648.25775,0.08392334,0.06237793,0.1045664
40,518.92053,407.6482,518.8884,407.65488,-0.032104492,0.0066833496,0.032792766
40,420.8854,224.23605,420.8423,224.12239,-0.043121338,-0.11366272,0.121567525
40,345.61523,836.6834,352.5851,846.3022,6.969879,9.618774,11.878553
40,455.29474,223.92361,455.28046,223.82126,-0.014282227,-0.10235596,0.103347585
40,356.14136,226.05582,356.142,225.97772,0.00064086914,-0.07809448,0.07809711
40,519.0423,571.4589,518.9939,571.47205,-0.04840088,0.013122559,0.050148245
40,131.0603,228.94394,131.04794,228.9348,-0.012359619,-0.009140015,0.015372055
40,233.82573,650.0599,242.77377,658.3053,8.948044,8.245422,12.167764
40,191.13004,228.48058,191.1427,228.43416,0.012664795,-0.046417236,0.048113998
40,523.47266,474.44415,523.56836,474.4513,0.095703125,0.0071411133,0.09596918
40,515.9229,277.76398,515.914,277.84848,-0.008911133,0.084503174,0.084971726
40,389.89474,225.04156,389.8476,224.88023,-0.04714966,-0.16133118,0.16807987
40,527.0335,667.53345,527.03174,667.54944,-0.0017700195,0.015991211,0.016088871
40,122.28313,312.92328,122.29558,312.89856,0.012451172,-0.024719238,0.027678013
40,342.5773,1195.4005,342.53857,1195.4651,-0.038726807,0.064575195,0.07529755
40,258.51282,227.1873,258.49734,227.21605,-0.015472412,0.028747559,0.032646865
40,367.04843,1148.0565,367.1831,1148.1074,0.13467407,0.05090332,0.1439731
40,514.3284,244.14903,514.38916,244.18329,0.06072998,0.03425598,0.06972519
40,480.73386,223.21169,480.68002,223.15001,-0.053833008,-0.061676025,0.08186529
40,515.8924,307.76508,515.81757,307.7923,-0.0748291,0.02722168,0.07962672
40,520.934,537.4889,520.8815,537.4387,-0.05255127,-0.0501709,0.072655044
40,430.30173,1127.2656,430.2601,1127.3033,-0.041625977,0.037719727,0.056173835
40,394.21622,1128.7816,394.219,1128.8065,0.0027770996,0.024902344,0.025056716
41,293.40506,516.24207,312.2873,533.48376,18.882233,17.2417,25.569803
41,420.98337,876.66254,431.18195,893.9741,10.198578,17.311584,20.092335
41,344.73965,1150.1035,344.74258,1150.2731,0.0029296875,0.16955566,0.16958097
41,152.82458,1099.7993,152.80893,1099.8643,-0.015655518,0.064941406,0.06680181
41,281.10632,617.20935,299.78372,634.42126,18.677399,17.211914,25.398726
41,335.69537,1153.1826,340.526,1152.5526,4.8306274,-0.6300049,4.8715363
41,202.63805,1109.1707,203.47421,1122.7404,0.8361664,13.569702,13.59544
41,342.43008,1114.0165,335.7708,1134.8259,-6.6592712,20.809448,21.849005
41,404.7872,1129.1235,424.24387,1129.0815,19.456665,-0.041992188,19.45671
41,78.82323,1126.0812,82.09114,1124.603,3.2679138,-1.4781494,3.5866678
41,459.91232,1122.8588,459.88763,1123.2003,-0.02468872,0.34155273,0.34244385
41,242.60893,627.4193,260.75018,644.51117,18.14125,17.091858,24.924618
41,323.15106,225.13393,323.11682,225.34259,-0.034240723,0.20866394,0.21145464
41,513.1758,1058.4535,513.1046,1058.8174,-0.07116699,0.3638916,0.37078544
41,489.5157,1135.1414,489.531,1135.7311,0.015319824,0.5897217,0.58992064
41,523.07874,506.60565,523.05414,507.14954,-0.024597168,0.5438843,0.5444402
41,510.2029,223.3238,510.1848,223.55118,-0.018096924,0.22737122,0.22809027
41,518.9612,373.7432,518.9493,374.01138,-0.0119018555,0.26818848,0.26845244
41,470.935,1152.0536,470.8745,1152.2476,-0.06048584,0.19396973,0.20318167
41,522.92004,701.3576,522.9388,701.52356,0.018737793,0.16595459,0.16700907
41,516.9157,340.67624,516.9094,340.91434,-0.006286621,0.23809814,0.23818113
41,474.4878,643.368,474.43872,643.6898,-0.049072266,0.32183838,0.32555804
41,521.0204,441.71643,521.0077,442.08615,-0.0126953125,0.36972046,0.36993837
41,427.39807,648.25775,427.32867,648.54065,-0.06939697,0.28289795,0.29128543
41,518.8884,407.65488,518.879,407.87015,-0.009399414,0.215271,0.2154761
41,420.8423,224.12239,420.79916,224.26335,-0.043121338,0.1409607,0.14740884
41,352.5851,846.3022,365.1451,866.4114,12.559998,20.109192,23.709349
41,455.28046,223.82126,455.2257,224.03793,-0.054748535,0.2166748,0.22348462
41,356.142,225.97772,356.1336,226.15733,-0.008392334,0.1796112,0.17980717
41,518.9939,571.47205,518.97424,571.702,-0.01965332,0.22998047,0.23081869
41,131.04794,228.9348,131.00021,229.18324,-0.047729492,0.2484436,0.25298682
41,242.77377,658.3053,259.7651,673.8088,16.991333,15.503479,23.001375
41,191.1427,228.43416,191.1055,228.60791,-0.037200928,0.17375183,0.17768964
41,523.56836,474.4513,523.51086,474.77576,-0.057495117,0.3244629,0.3295176
41,515.914,277.84848,515.8531,278.0837,-0.060913086,0.23522949,0.2429883
41,389.8476,224.88023,389.82095,225.07475,-0.026641846,0.19451904,0.19633503
41,527.03174,667.54944,526.98553,667.7535,-0.046203613,0.20404053,0.20920639
41,122.29558,312.89856,122.29442,313.4668,-0.001159668,0.5682373,0.5682385
41,342.53857,1195.4651,342.51697,1195.5332,-0.021606445,0.068115234,0.07145994
41,258.49734,227.21605,258.51923,227.40578,0.021881104,0.18972778,0.19098537
41,367.1831,1148.1074,376.76617,1174.046,9.583069,25.938599,27.652235
41,514.38916,244.18329,514.40875,244.64496,0.019592285,0.46166992,0.46208546
41,480.68002,223.15001,480.60504,223.36078,-0.07498169,0.21076965,0.22370987
41,515.81757,307.7923,515.75183,308.20877,-0.06573486,0.4164734,0.42162916
41,520.8815,537.4387,520.83044,537.61914,-0.05102539,0.18041992,0.1874965
41,430.2601,1127.3033,430.31525,1127.6593,0.055145264,0.35595703,0.3602033
41,394.219,1128.8065,393.21072,1152.7784,-1.0082703,23.971924,23.993118
42,312.2873,533.48376,321.4965,542.46704,9.209198,8.983276,12.865014
42,431.18195,893.9741,436.17908,903.3847,4.9971313,9.4105835,10.655065
42,344.74258,1150.2731,344.99826,1150.3538,0.25567627,0.08068848,0.26810628
42,152.80893,1099.8643,152.83693,1099.8413,0.027999878,-0.022949219,0.036203034
42,299.78372,634.42126,308.5288,643.2233,8.745087,8.802063,12.407774
42,340.526,1152.5526,340.85278,1152.617,0.32678223,0.064331055,0.3330542
42,203.47421,1122.7404,205.09998,1129.3433,1.6257629,6.6029053,6.8001075
42,335.7708,1134.8259,336.67093,1136.5596,0.90011597,1.7336426,1.9533882
42,424.24387,1129.0815,424.27295,1129.2196,0.029083252,0.13806152,0.14109153
42,82.09114,1124.603,83.84921,1123.644,1.7580719,-0.9589844,2.0026152
42,459.88763,1123.2003,459.94968,1123.3428,0.062042236,0.14245605,0.15538007
42,260.75018,644.51117,269.39972,652.8141,8.649536,8.3029175,11.9897
42,323.11682,225.34259,323.11798,225.37804,0.001159668,0.035446167,0.035465132
42,513.1046,1058.8174,513.0828,1058.8235,-0.02178955,0.0061035156,0.022628244
42,489.531,1135.7311,489.548,1135.7551,0.016998291,0.024047852,0.029448956
42,523.05414,507.14954,523.05304,507.14572,-0.0010986328,-0.0038146973,0.0039697494
42,510.1848,223.55118,510.21854,223.59358,0.033721924,0.042404175,0.054178245
42,518.9493,374.01138,518.95715,374.05875,0.007873535,0.04736328,0.04801326
42,470.8745,1152.2476,470.8498,1152.2097,-0.024719238,-0.037841797,0.045200028
42,522.9388,701.52356,522.9376,701.5483,-0.001159668,0.024719238,0.024746425
42,516.9094,340.91434,516.86285,340.9633,-0.046569824,0.048950195,0.067563824
42,474.43872,643.6898,474.4201,643.7422,-0.018615723,0.052368164,0.0555785
42,521.0077,442.08615,520.9961,442.11447,-0.01159668,0.028320312,0.030602664
42,427.32867,648.54065,427.26794,648.6026,-0.06072998,0.061950684,0.08675262
42,518.879,407.87015,518.8539,407.9035,-0.025146484,0.033355713,0.04177259
42,420.79916,224.26335,420.75464,224.28809,-0.044525146,0.024734497,0.050934114
42,365.1451,866.4114,371.01096,876.73413,5.8658447,10.322754,11.872969
42,455.2257,224.03793,455.18518,224.08078,-0.040527344,0.04284668,0.058977146
42,356.1336,226.15733,356.1098,226.19406,-0.023803711,0.036727905,0.04376706
42,518.97424,571.702,518.97314,571.71967,-0.0010986328,0.01763916,0.01767334
42,131.00021,229.18324,131.00322,229.21146,0.0030059814,0.028213501,0.028373184
42,259.7651,673.8088,267.74878,681.0152,7.983673,7.206421,10.755071
42,191.1055,228.60791,191.10532,228.62209,-0.00018310547,0.014175415,0.014176598
42,523.51086,474.77576,523.54504,474.81335,0.034179688,0.037597656,0.05081176
42,515.8531,278.0837,515.8646,278.12308,0.0115356445,0.039367676,0.041022982
42,389.82095,225.07475,389.78458,225.08817,-0.036376953,0.013412476,0.03877083
42,526.98553,667.7535,526.9764,667.80194,-0.009155273,0.048461914,0.049319126
42,122.29442,313.4668,122.287224,313.41867,-0.007194519,-0.04812622,0.048661012
42,342.51697,1195.5332,342.59778,1195.6278,0.08081055,0.09460449,0.12442007
42,258.51923,227.40578,258.51147,227.44681,-0.007751465,0.041030884,0.04175666
42,376.76617,1174.046,377.4488,1174.0887,0.6826172,0.04272461,0.6839529
42,514.40875,244.64496,514.42725,244.6456,0.018493652,0.00064086914,0.018504754
42,480.60504,223.36078,480.60062,223.39278,-0.004425049,0.03199768,0.03230221
42,515.75183,308.20877,515.7407,308.24255,-0.011108398,0.03378296,0.035562407
42,520.83044,537.61914,520.8212,537.6767,-0.009216309,0.057556152,0.05828937
42,430.31525,1127.6593,430.07812,1127.8014,-0.23712158,0.14208984,0.27643475
42,393.21072,1152.7784,393.17685,1152.7313,-0.03387451,-0.04711914,0.058031853
43,321.4965,542.46704,339.1449,559.5567,17.648407,17.08966,24.5667
43,436.17908,903.3847,445.77435,921.24634,9.595276,17.861633,20.27578
43,344.99826,1150.3538,335.98666,1142.1167,-9.011597,-8.237061,12.208933
43,152.83693,1099.8413,152.8315,1099.8639,-0.005432129,0.022583008,0.023227146
43,308.5288,643.2233,325.93134,660.4656,17.402527,17.242249,24.497818
43,340.85278,1152.617,360.7103,1138.3312,19.857513,-14.285767,24.462296
43,205.09998,1129.3433,206.57047,1139.9542,1.4704895,10.610962,10.712369
43,336.67093,1136.5596,337.20605,1157.2639,0.53512573,20.704346,20.71126
43,424.27295,1129.2196,428.65582,1152.7142,4.3828735,23.494629,23.89994
43,83.84921,1123.644,86.85896,1121.8701,3.0097504,-1.7739258,3.4936242
43,459.94968,1123.3428,463.96924,1136.7339,4.019562,13.391113,13.981373
43,269.39972,652.8141,285.34576,669.35046,15.946045,16.536377,22.972334
43,323.11798,225.37804,323.1298,225.34665,0.011810303,-0.03138733,0.033535767
43,513.0828,1058.8235,512.9847,1058.7152,-0.09814453,-0.10827637,0.14613734
43,489.548,1135.7551,489.56436,1135.6902,0.016357422,-0.064941406,0.06696978
43,523.05304,507.14572,523.0141,507.09912,-0.03894043,-0.04660034,0.060728487
43,510.21854,223.59358,510.14407,223.59293,-0.07446289,-0.00065612793,0.07446578
43,518.95715,374.05875,518.9254,374.06403,-0.03173828,0.005279541,0.0321744
43,470.8498,1152.2097,480.8099,1186.1232,9.960114,33.913452,35.345806
43,522.9376,701.5483,522.9427,701.53894,0.005065918,-0.009338379,0.010623975
43,516.86285,340.9633,516.84937,340.9623,-0.0134887695,-0.0009765625,0.013524074
43,474.4201,643.7422,474.32993,643.6607,-0.09017944,-0.08148193,0.121538624
43,520.9961,442.11447,521.0013,442.101,0.0051879883,-0.013458252,0.014423584
43,427.26794,648.6026,427.0813,648.53754,-0.18664551,-0.06506348,0.19766082
43,518.8539,407.9035,518.8281,407.9046,-0.025756836,0.0010986328,0.025780255
43,420.75464,224.28809,420.75513,224.25996,0.00048828125,-0.028121948,0.028126188
43,371.01096,876.73413,381.80576,896.35626,10.7948,19.622131,22.395441
43,455.18518,224.08078,455.21823,224.0327,0.033050537,-0.048080444,0.058344383
43,356.1098,226.19406,356.08966,226.19188,-0.020141602,-0.0021820068,0.02025945
43,518.97314,571.71967,518.9651,571.7317,-0.008056641,0.012023926,0.0144735705
43,131.00322,229.21146,131.02307,229.16904,0.019851685,-0.042419434,0.046834793
43,267.74878,681.0152,282.74454,696.20557,14.995758,15.190369,21.345259
43,191.10532,228.62209,191.11862,228.583,0.013305664,-0.039093018,0.041295335
43,523.54504,474.81335,523.5785,474.76254,0.033447266,-0.050811768,0.06083219
43,515.8646,278.12308,515.85986,278.12863,-0.004760742,0.005554199,0.0073153125
43,389.78458,225.08817,389.76715,225.08774,-0.017425537,-0.0004272461,0.017430775
43,526.9764,667.80194,526.9793,667.7933,0.0029296875,-0.008666992,0.009148761
43,122.287224,313.41867,122.284775,313.31683,-0.0024490356,-0.10183716,0.1018666
43,342.59778,1195.6278,342.59802,1195.4926,0.00024414062,-0.1352539,0.13525413
43,258.51147,227.44681,258.52304,227.37193,0.011566162,-0.07487488,0.07576294
43,377.4488,1174.0887,460.50903,1176.3887,83.06024,2.2999268,83.09208
43,514.42725,244.6456,514.4018,244.67099,-0.02545166,0.025390625,0.03595095
43,480.60062,223.39278,480.62625,223.36046,0.025634766,-0.032318115,0.041250475
43,515.7407,308.24255,515.72986,308.24545,-0.010864258,0.00289917,0.011244434
43,520.8212,537.6767,520.8275,537.65137,0.006286621,-0.02532959,0.026098078
43,430.07812,1127.8014,438.8622,1149.117,8.784088,21.315552,23.054564
43,393.17685,1152.7313,406.07162,1196.501,12.894775,43.769653,45.629574
44,339.1449,559.5567,347.7917,567.99445,8.64679,8.437744,12.081494
44,445.77435,921.24634,450.1305,929.6305,4.35614,8.384155,9.448281
44,335.98666,1142.1167,337.60513,1151.0659,1.6184692,8.949219,9.094392
44,152.8315,1099.8639,152.8312,1099.7882,-0.000289917,-0.075683594,0.075684145
44,325.93134,660.4656,333.8998,668.16876,7.9684753,7.703186,11.083126
44,360.7103,1138.3312,403.2927,1140.4329,42.582397,2.1016846,42.63423
44,206.57047,1139.9542,207.85295,1144.7869,1.282486,4.8326416,4.9999194
44,337.20605,1157.2639,336.75873,1160.875,-0.44732666,3.611084,3.638685
44,428.65582,1152.7142,474.59088,1151.3168,45.93506,-1.3974609,45.95631
44,86.85896,1121.8701,87.71003,1121.2374,0.8510666,-0.6326904,1.060477
44,463.96924,1136.7339,463.9843,1136.5829,0.015075684,-0.15100098,0.15175168
44,285.34576,669.35046,292.8583,677.03253,7.5125427,7.682068,10.744881
44,323.1298,225.34665,323.08713,225.13121,-0.042663574,-0.21543884,0.21962257
44,512.9847,1058.7152,512.9652,1058.5281,-0.019470215,-0.18713379,0.18814394
44,489.56436,1135.6902,489.5346,1135.6243,-0.029754639,-0.06591797,0.07232232
44,523.0141,507.09912,523.0169,506.94208,0.0028076172,-0.15704346,0.15706855
44,510.14407,223.59293,510.14874,223.51355,0.0046691895,-0.07937622,0.07951343
44,518.9254,374.06403,518.9224,373.978,-0.0029907227,-0.08602905,0.08608102
44,480.8099,1186.1232,480.51224,1186.0115,-0.29766846,-0.111694336,0.31793416
44,522.9427,701.53894,522.9374,701.46814,-0.0053100586,-0.07080078,0.07099963
44,516.84937,340.9623,516.8341,340.88782,-0.015258789,-0.07449341,0.07604011
44,474.32993,643.6607,474.37817,643.46387,0.04824829,-0.19683838,0.20266534
44,521.0013,442.101,520.996,442.0287,-0.0053100586,-0.07232666,0.07252132
44,427.0813,648.53754,427.06125,648.3529,-0.020050049,-0.18463135,0.18571682
44,518.8281,407.9046,518.8373,407.8618,0.009155273,-0.042816162,0.04378405
44,420.75513,224.25996,420.74673,224.13673,-0.008392334,-0.12322998,0.12351542
44,381.80576,896.35626,386.70782,905.5405,4.902069,9.184265,10.41062
44,455.21823,224.0327,455.232,223.97043,0.013763428,-0.06227112,0.063774005
44,356.08966,226.19188,356.04688,226.01233,-0.042785645,-0.17955017,0.18457755
44,518.9651,571.7317,518.96686,571.7313,0.0017700195,-0.00036621094,0.0018075064
44,131.02307,229.16904,131.01816,228.98737,-0.00491333,-0.18167114,0.18173757
44,282.74454,696.20557,289.64008,702.9736,6.8955383,6.7680054,9.662005
44,191.11862,228.583,191.08743,228.36632,-0.031188965,-0.2166748,0.21890803
44,523.5785,474.76254,523.59406,474.66388,0.015563965,-0.09866333,0.09988338
44,515.85986,278.12863,515.8602,278.03094,0.00036621094,-0.09768677,0.09768745
44,389.76715,225.08774,389.7809,224.94118,0.013763428,-0.14656067,0.14720552
44,526.9793,667.7933,526.9793,667.77527,0.0,-0.018005371,0.018005371
44,122.284775,313.31683,122.29022,312.86472,0.0054473877,-0.45211792,0.45215073
44,342.59802,1195.4926,342.5867,1195.268,-0.0113220215,-0.22460938,0.22489455
44,258.52304,227.37193,258.54425,227.19537,0.021209717,-0.17655945,0.17782883
44,460.50903,1176.3887,460.72394,1176.299,0.21490479,-0.08972168,0.23288204
44,514.4018,244.67099,514.39746,244.52835,-0.004333496,-0.14263916,0.14270498
44,480.62625,223.36046,480.58975,223.28015,-0.036499023,-0.08030701,0.08821221
44,515.72986,308.24545,515.7288,308.12534,-0.0010375977,-0.12011719,0.120121665
44,520.8275,537.65137,520.8224,537.5803,-0.005126953,-0.07104492,0.071229674
44,438.8622,1149.117,459.47083,1148.3351,20.608612,-0.78186035,20.623438
44,406.07162,1196.501,405.89783,1196.2441,-0.1737976,-0.25683594,0.31011337
45,347.7917,567.99445,364.32187,583.1143,16.530182,15.119873,22.402176
45,450.1305,929.6305,457.63815,944.5859,7.50766,14.955383,16.73405
45,337.60513,1151.0659,294.12143,1178.1641,-43.483704,27.098145,51.23614
45,152.8312,1099.7882,152.82738,1099.0972,-0.003829956,-0.69104004,0.69105065
45,333.8998,668.16876,348.98224,682.9889,15.082428,14.820129,21.145115
45,403.2927,1140.4329,412.72675,1156.3252,9.4340515,15.892334,18.481548
45,207.85295,1144.7869,218.39081,1159.1981,10.537857,14.411255,17.853031
45,336.75873,1160.875,300.79,1185.7736,-35.96872,24.89856,43.74571
45,474.59088,1151.3168,475.71417,1190.1764,1.123291,38.85962,38.87585
45,87.71003,1121.2374,88.449776,1120.3696,0.7397461,-0.86779785,1.1403059
45,463.9843,1136.5829,471.1881,1154.4591,7.2037964,17.87622,19.27314
45,292.8583,677.03253,307.00333,691.0914,14.14502,14.058838,19.943232
45,323.08713,225.13121,323.07788,224.46867,-0.009246826,-0.6625366,0.6626011
45,512.9652,1058.5281,512.99365,1057.7771,0.028442383,-0.75097656,0.751515
45,489.5346,1135.6243,489.50366,1134.8475,-0.030944824,-0.7767334,0.7773496
45,523.0169,506.94208,523.0406,506.23642,0.02368164,-0.70565796,0.7060552
45,510.14874,223.51355,510.1657,222.80345,0.016967773,-0.71009827,0.710301
45,518.9224,373.978,518.9363,373.2969,0.0138549805,-0.6810913,0.6812322
45,480.51224,1186.0115,481.0844,1185.2274,0.5721741,-0.7840576,0.97063357
45,522.9374,701.46814,522.90155,700.7916,-0.035827637,-0.6765137,0.6774617
45,516.8341,340.88782,516.85156,340.28107,0.017456055,-0.6067505,0.60700154
45,474.37817,643.46387,474.3349,642.9831,-0.043273926,-0.48077393,0.4827175
45,520.996,442.0287,521.0141,441.3662,0.018127441,-0.6624756,0.66272354
45,427.06125,648.3529,427.2725,647.8202,0.21124268,-0.53271484,0.57306945
45,518.8373,407.8618,518.83514,407.1523,-0.0021362305,-0.70947266,0.7094759
45,420.74673,224.13673,420.7424,223.51398,-0.004333496,-0.62275696,0.62277204
45,386.70782,905.5405,395.74097,921.65674,9.033142,16.11621,18.475117
45,455.232,223.97043,455.265,223.24947,0.03302002,-0.7209625,0.7217183
45,356.04688,226.01233,356.02698,225.32465,-0.019897461,-0.6876831,0.68797094
45,518.96686,571.7313,518.97375,571.10516,0.0068969727,-0.62615967,0.62619764
45,131.01816,228.98737,131.0444,228.28403,0.026245117,-0.7033386,0.7038281
45,289.64008,702.9736,302.45584,716.09503,12.815765,13.12146,18.341661
45,191.08743,228.36632,191.0585,227.67067,-0.028930664,-0.6956482,0.6962495
45,523.59406,474.66388,523.57056,474.05328,-0.023498535,-0.6105957,0.6110477
45,515.8602,278.03094,515.86145,277.3918,0.0012207031,-0.63912964,0.63913083
45,389.7809,224.94118,389.7657,224.26184,-0.0152282715,-0.67933655,0.6795072
45,526.9793,667.77527,526.9941,667.13617,0.014770508,-0.6390991,0.63926977
45,122.29022,312.86472,122.308075,312.53503,0.017852783,-0.3296814,0.33016443
45,342.5867,1195.268,367.3506,1193.1384,24.763885,-2.1295166,24.855278
45,258.54425,227.19537,258.55185,226.51059,0.007598877,-0.68478394,0.68482614
45,460.72394,1176.299,383.05798,1193.9606,-77.665955,17.661621,79.64881
45,514.39746,244.52835,514.39246,243.80794,-0.005004883,-0.7204132,0.72043055
45,480.58975,223.28015,480.5927,222.59013,0.002960205,-0.6900177,0.6900241
45,515.7288,308.12534,515.77454,307.4526,0.045715332,-0.6727295,0.674281
45,520.8224,537.5803,520.824,536.8651,0.0015869141,-0.71520996,0.7152117
45,459.47083,1148.3351,476.66998,1174.556,17.199158,26.220947,31.358398
45,405.89783,1196.2441,405.78073,1194.6191,-0.11709595,-1.625,1.6292135
46,364.32187,583.1143,371.76935,590.28674,7.4474792,7.1724243,10.339663
46,457.63815,944.5859,461.1868,951.292,3.548645,6.7061157,7.5871515
46,294.12143,1178.1641,331.80093,1179.5104,37.679504,1.3463135,37.70355
46,152.82738,1099.0972,152.82637,1099.0977,-0.0010070801,0.00048828125,0.001119209
46,348.98224,682.9889,356.37054,690.0496,7.3883057,7.06073,10.219636
46,412.72675,1156.3252,417.08337,1163.6866,4.3566284,7.36145,8.554014
46,218.39081,1159.1981,217.47578,1162.6105,-0.9150238,3.4123535,3.532906
46,300.79,1185.7736,373.38144,1181.3737,72.59143,-4.3999023,72.724655
46,475.71417,1190.1764,474.74203,1190.2245,-0.97213745,0.048095703,0.9733265
46,88.449776,1120.3696,88.45955,1120.3542,0.009773254,-0.015380859,0.018223263
46,471.1881,1154.4591,474.87216,1156.1011,3.6840515,1.6419678,4.033397
46,307.00333,691.0914,313.3739,697.4301,6.370575,6.338745,8.986875
46,323.07788,224.46867,323.04874,224.46498,-0.029144287,-0.003692627,0.029377287
46,512.99365,1057.7771,512.932,1057.718,-0.061645508,-0.05908203,0.08538651
46,489.50366,1134.8475,489.50677,1134.8448,0.003112793,-0.0026855469,0.0041111605
46,523.0406,506.23642,523.0406,506.1873,0.0,-0.0491333,0.0491333
46,510.1657,222.80345,510.17163,222.78809,0.00592041,-0.015365601,0.016466722
46,518.9363,373.2969,518.9376,373.26266,0.0013427734,-0.034240723,0.03426704
46,481.0844,1185.2274,480.1071,1185.1504,-0.97732544,-0.07702637,0.9803561
46,522.90155,700.7916,522.88257,700.75275,-0.018981934,-0.038879395,0.043265704
46,516.85156,340.28107,516.8508,340.26477,-0.0007324219,-0.016296387,0.016312838
46,474.3349,642.9831,474.37897,642.8722,0.044067383,-0.11090088,0.119335406
46,521.0141,441.3662,521.00055,441.29645,-0.013549805,-0.06976318,0.071066864
46,427.2725,647.8202,427.1984,647.6883,-0.07409668,-0.13189697,0.15128493
46,518.83514,407.1523,518.80884,407.09116,-0.026306152,-0.061157227,0.06657492
46,420.7424,223.51398,420.7429,223.52019,0.00048828125,0.006210327,0.006229493
46,395.74097,921.65674,399.65228,928.5205,3.911316,6.8637695,7.8999825
46,455.265,223.24947,455.26703,223.24432,0.0020141602,-0.005142212,0.005522607
46,356.02698,225.32465,356.03827,225.32433,0.011291504,-0.00032043457,0.01129605
46,518.97375,571.10516,518.977,571.06476,0.0032348633,-0.040405273,0.04053456
46,131.0444,228.28403,131.04437,228.28352,-3.0517578e-05,-0.00050354004,0.00050446397
46,302.45584,716.09503,308.32245,722.2068,5.8666077,6.1117554,8.471755
46,191.0585,227.67067,191.037,227.67645,-0.021499634,0.005783081,0.022263834
46,523.57056,474.05328,523.5533,474.01306,-0.01727295,-0.040222168,0.043774165
46,515.86145,277.3918,515.8592,277.27585,-0.0022583008,-0.1159668,0.11598878
46,389.7657,224.26184,389.76187,224.24431,-0.0038146973,-0.017532349,0.017942552
46,526.9941,667.13617,526.98376,667.08575,-0.010314941,-0.05041504,0.051459443
46,122.308075,312.53503,122.251045,312.5052,-0.057029724,-0.029846191,0.06436757
46,367.3506,1193.1384,372.96158,1192.2576,5.6109924,-0.8808594,5.6797137
46,258.55185,226.51059,258.52814,226.50583,-0.023712158,-0.004760742,0.024185348
46,383.05798,1193.9606,382.83154,1190.2169,-0.22644043,-3.7436523,3.7504942
46,514.39246,243.80794,514.39,243.75429,-0.0024414062,-0.053649902,0.053705424
46,480.5927,222.59013,480.60727,222.56917,0.014556885,-0.020965576,0.025523681
46,515.77454,307.4526,515.76465,307.4204,-0.009887695,-0.032196045,0.03368014
46,520.824,536.8651,520.824,536.8252,0.0,-0.039916992,0.039916992
46,476.66998,1174.556,476.1162,1174.9243,-0.553772,0.36828613,0.6650549
46,405.78073,1194.6191,406.42444,1193.6172,0.6437073,-1.0019531,1.190911
47,371.76935,590.28674,386.12546,603.51086,14.35611,13.224121,19.518589
47,461.1868,951.292,465.74316,962.6963,4.556366,11.404297,12.280816
47,331.80093,1179.5104,400.46915,1181.5381,68.66821,2.02771,68.69814
47,152.82637,1099.0977,152.47523,1098.6897,-0.35113525,-0.40795898,0.5382625
47,356.37054,690.0496,369.12085,702.7976,12.750305,12.747986,18.030014
47,417.08337,1163.6866,424.34637,1175.9913,7.2630005,12.3046875,14.288335
47,217.47578,1162.6105,217.60767,1161.5206,0.13188171,-1.0898438,1.0977942
47,373.38144,1181.3737,426.11633,1185.9073,52.734894,4.5336914,52.92942
47,474.74203,1190.2245,416.8496,1182.8259,-57.892426,-7.3985596,58.363274
47,88.45955,1120.3542,88.21004,1120.9016,-0.24951172,0.5473633,0.6015502
47,474.87216,1156.1011,482.45978,1168.6188,7.587616,12.5177,14.637785
47,313.3739,697.4301,325.1279,709.08545,11.753998,11.655334,16.553045
47,323.04874,224.46498,322.80334,224.20729,-0.24539185,-0.25769043,0.35583916
47,512.932,1057.718,512.8807,1057.5227,-0.051330566,-0.1953125,0.20194504
47,489.50677,1134.8448,489.6127,1134.499,0.10592651,-0.3458252,0.36168423
47,523.0406,506.1873,522.82654,506.0004,-0.2140503,-0.18688965,0.28415713
47,510.17163,222.78809,509.95483,222.57774,-0.21679688,-0.2103424,0.30206758
47,518.9376,373.26266,518.72266,373.0553,-0.21496582,-0.20736694,0.2986827
47,480.1071,1185.1504,426.22897,1181.543,-53.878113,-3.6074219,53.998745
47,522.88257,700.75275,522.61884,700.6168,-0.2637329,-0.1359253,0.29669973
47,516.8508,340.26477,516.62695,340.0035,-0.22387695,-0.261261,0.34406132
47,474.37897,642.8722,474.18793,642.7082,-0.19104004,-0.16400146,0.25177923
47,521.00055,441.29645,520.70154,441.07004,-0.29901123,-0.22640991,0.3750589
47,427.1984,647.6883,427.1468,647.4836,-0.051605225,-0.20471191,0.21111624
47,518.80884,407.09116,518.5779,406.8247,-0.23095703,-0.26644897,0.3526134
47,420.7429,223.52019,420.48627,223.29048,-0.2566223,-0.22970581,0.3444122
47,399.65228,928.5205,407.08328,940.478,7.4309998,11.95752,14.078424
47,455.26703,223.24432,454.95523,223.08206,-0.3117981,-0.16226196,0.35149252
47,356.03827,225.32433,355.8273,225.15367,-0.21096802,-0.1706543,0.27134922
47,518.977,571.06476,518.772,570.7709,-0.20501709,-0.29388428,0.35832942
47,131.04437,228.28352,130.82391,228.06529,-0.22045898,-0.2182312,0.3102048
47,308.32245,722.2068,318.87357,731.1879,10.551117,8.98114,13.855935
47,191.037,227.67645,190.78752,227.51807,-0.2494812,-0.15838623,0.2955115
47,523.5533,474.01306,523.4043,473.77472,-0.14898682,-0.23834229,0.2810767
47,515.8592,277.27585,515.60016,277.1849,-0.2590332,-0.09094238,0.27453363
47,389.76187,224.24431,389.4573,224.0679,-0.30456543,-0.17640686,0.35196516
47,526.98376,667.08575,526.8339,666.86304,-0.14984131,-0.22271729,0.2684314
47,122.251045,312.5052,122.10781,312.19055,-0.14323425,-0.31463623,0.3457051
47,372.96158,1192.2576,421.2042,1201.5756,48.242615,9.317993,49.134254
47,258.52814,226.50583,258.3491,226.33063,-0.17904663,-0.17520142,0.25050595
47,382.83154,1190.2169,438.185,1195.7885,55.353455,5.571533,55.633144
47,514.39,243.75429,514.2058,243.61636,-0.1842041,-0.1379242,0.23011787
47,480.60727,222.56917,480.43744,222.33826,-0.16983032,-0.23091125,0.28663975
47,515.76465,307.4204,515.5609,307.21957,-0.20373535,-0.20083618,0.28608263
47,520.824,536.8252,520.6065,536.6988,-0.21746826,-0.12640381,0.251536
47,476.1162,1174.9243,487.46478,1192.1542,11.348572,17.229858,20.631483
47,406.42444,1193.6172,474.4799,1256.1719,68.05545,62.554688,92.43718
48,386.12546,603.51086,392.49557,609.13654,6.370117,5.6256714,8.498622
48,465.74316,962.6963,467.29367,967.79065,1.5505066,5.0943604,5.3250895
48,400.46915,1181.5381,416.4268,1184.3141,15.957642,2.776001,16.1973
48,152.47523,1098.6897,152.50171,1098.629,0.026473999,-0.060668945,0.0661936
48,369.12085,702.7976,375.0625,708.6585,5.9416504,5.860901,8.34586
48,424.34637,1175.9913,427.31836,1181.1824,2.9719849,5.19104,5.9816046
48,217.60767,1161.5206,220.8329,1156.2931,3.225235,-5.227539,6.1424184
48,426.11633,1185.9073,439.30865,1189.4014,13.192322,3.4940186,13.64718
48,416.8496,1182.8259,420.00668,1188.0137,3.157074,5.187744,6.0728745
48,88.21004,1120.9016,87.50944,1121.29,-0.7005997,0.38842773,0.80107176
48,482.45978,1168.6188,485.72318,1170.686,3.2633972,2.0672607,3.8630724
48,325.1279,709.08545,330.40018,714.1252,5.272278,5.039734,7.293547
48,322.80334,224.20729,322.76614,224.19865,-0.037200928,-0.008636475,0.038190283
48,512.8807,1057.5227,512.5627,1057.4941,-0.31799316,-0.028564453,0.31927353
48,489.6127,1134.499,489.0924,1134.6322,-0.5202942,0.13317871,0.53706855
48,522.82654,506.0004,522.80133,506.00375,-0.02520752,0.0033569336,0.02543006
48,509.95483,222.57774,509.95724,222.5602,0.0024108887,-0.017547607,0.017712452
48,518.72266,373.0553,518.6997,373.05615,-0.022949219,0.0008544922,0.022965122
48,426.22897,1181.543,429.35037,1186.7108,3.121399,5.1678467,6.0373645
48,522.61884,700.6168,522.619,700.6145,0.00018310547,-0.002319336,0.0023265525
48,516.62695,340.0035,516.61804,339.99457,-0.008911133,-0.00894165,0.012623843
48,474.18793,642.7082,474.10565,642.69794,-0.08227539,-0.010253906,0.082911894
48,520.70154,441.07004,520.6808,441.0731,-0.020751953,0.0030517578,0.020975146
48,427.1468,647.4836,427.03522,647.4699,-0.111572266,-0.013671875,0.112406805
48,518.5779,406.8247,518.5562,406.8223,-0.02166748,-0.0024108887,0.021801194
48,420.48627,223.29048,420.49097,223.27278,0.004699707,-0.017700195,0.018313497
48,407.08328,940.478,410.36124,945.6614,3.277954,5.1833496,6.13287
48,454.95523,223.08206,454.98245,223.04402,0.02722168,-0.03804016,0.04677685
48,355.8273,225.15367,355.8266,225.15196,-0.0007019043,-0.0017089844,0.001847511
48,518.772,570.7709,518.69745,570.79834,-0.074523926,0.02746582,0.0794241
48,130.82391,228.06529,130.82446,228.06535,0.0005493164,6.1035156e-05,0.0005526969
48,318.87357,731.1879,323.68875,734.89526,4.8151855,3.7073364,6.077035
48,190.78752,227.51807,190.80711,227.44014,0.019592285,-0.077926636,0.08035184
48,523.4043,473.77472,523.4043,473.74338,0.0,-0.031341553,0.031341553
48,515.60016,277.1849,515.6084,277.1289,0.008239746,-0.055999756,0.056602705
48,389.4573,224.0679,389.4526,224.02922,-0.004699707,-0.03868103,0.03896549
48,526.8339,666.86304,526.7896,666.8654,-0.044311523,0.002380371,0.044375412
48,122.10781,312.19055,122.08762,312.27908,-0.020187378,0.088531494,0.090803936
48,421.2042,1201.5756,438.4498,1203.3538,17.245605,1.7781982,17.337038
48,258.3491,226.33063,258.35455,226.3294,0.0054626465,-0.0012207031,0.0055973763
48,438.185,1195.7885,448.2081,1197.807,10.023102,2.0185547,10.22434
48,514.2058,243.61636,514.2053,243.61565,-0.00048828125,-0.0007171631,0.0008676067
48,480.43744,222.33826,480.4615,222.2974,0.024047852,-0.040863037,0.047413994
48,515.5609,307.21957,515.5215,307.21564,-0.03942871,-0.0039367676,0.039624758
48,520.6065,536.6988,520.60046,536.6998,-0.0060424805,0.0010375977,0.00613092
48,487.46478,1192.1542,487.42773,1192.3375,-0.03704834,0.18334961,0.18705523
48,474.4799,1256.1719,474.18283,1255.9423,-0.2970581,-0.22961426,0.3754547
49,392.49557,609.13654,404.1243,619.582,11.628723,10.445435,15.631197
49,467.29367,967.79065,469.30392,976.66754,2.010254,8.876892,9.101666
49,416.4268,1184.3141,420.52438,1193.794,4.097595,9.479858,10.327537
49,152.50171,1098.629,152.27802,1098.6112,-0.22369385,-0.017822266,0.2244027
49,375.0625,708.6585,385.67548,718.431,10.612976,9.772522,14.42697
49,427.31836,1181.1824,431.09622,1191.0409,3.7778625,9.8585205,10.557589
49,220.8329,1156.2931,225.14903,1141.4691,4.3161316,-14.823975,15.439534
49,439.30865,1189.4014,467.33624,1194.338,28.027588,4.9366455,28.459026
49,420.00668,1188.0137,423.96704,1197.5248,3.9603577,9.511108,10.302699
49,87.50944,1121.29,86.36351,1122.2666,-1.1459274,0.9765625,1.5055976
49,485.72318,1170.686,490.45554,1179.6539,4.732361,8.9678955,10.13994
49,330.40018,714.1252,340.038,723.29016,9.637817,9.164978,13.2997875
49,322.76614,224.19865,322.7414,224.19221,-0.024749756,-0.006439209,0.025573693
49,512.5627,1057.4941,512.4403,1057.5299,-0.12237549,0.0357666,0.12749514
49,489.0924,1134.6322,493.5119,1138.4716,4.4194946,3.8393555,5.854279
49,522.80133,506.00375,522.6886,506.0263,-0.11273193,0.02255249,0.11496566
49,509.95724,222.5602,509.95966,222.55234,0.0024108887,-0.007858276,0.008219787
49,518.6997,373.05615,518.63965,373.07806,-0.060058594,0.021911621,0.063930854
49,429.35037,1186.7108,433.3275,1196.3867,3.9771423,9.675903,10.461394
49,522.619,700.6145,522.38,700.64886,-0.23901367,0.034362793,0.24147119
49,516.61804,339.99457,516.5306,340.02045,-0.08746338,0.025878906,0.091211624
49,474.10565,642.69794,474.09882,642.71045,-0.0068359375,0.012512207,0.0142578175
49,520.6808,441.0731,520.61414,441.11066,-0.06665039,0.03756714,0.07650859
49,427.03522,647.4699,426.92596,647.44006,-0.10925293,-0.029846191,0.113256335
49,518.5562,406.8223,518.4744,406.81863,-0.08178711,-0.0036621094,0.08186906
49,420.49097,223.27278,420.48563,223.18987,-0.005340576,-0.08291626,0.08308807
49,410.36124,945.6614,416.1349,954.34454,5.773651,8.6831665,10.427484
49,454.98245,223.04402,454.95105,222.99673,-0.031402588,-0.047286987,0.056764264
49,355.8266,225.15196,355.8096,225.08667,-0.016998291,-0.06529236,0.06746876
49,518.69745,570.79834,518.60944,570.7954,-0.088012695,-0.0029296875,0.088061444
49,130.82446,228.06535,130.82916,227.99446,0.004699707,-0.070892334,0.07104795
49,323.68875,734.89526,332.53046,742.74725,8.841705,7.8519897,11.824952
49,190.80711,227.44014,190.83464,227.43616,0.027526855,-0.003982544,0.027813457
49,523.4043,473.74338,523.33344,473.74396,-0.07086182,0.000579834,0.070864186
49,515.6084,277.1289,515.5001,277.15536,-0.10827637,0.02645874,0.111462265
49,389.4526,224.02922,389.43777,224.00629,-0.014831543,-0.02293396,0.027311923
49,526.7896,666.8654,526.5942,666.87537,-0.19543457,0.0099487305,0.19568764
49,122.08762,312.27908,121.97608,312.22302,-0.11154175,-0.05606079,0.12483739
49,438.4498,1203.3538,454.91092,1205.6823,16.46112,2.3284912,16.624992
49,258.35455,226.3294,258.35855,226.31017,0.0039978027,-0.019241333,0.01965226
49,448.2081,1197.807,461.72217,1201.4862,13.514069,3.6791992,14.005947
49,514.2053,243.61565,514.2234,243.63878,0.018066406,0.023132324,0.02935131
49,480.4615,222.2974,480.38925,222.28688,-0.07223511,-0.010513306,0.07299616
49,515.5215,307.21564,515.46606,307.2144,-0.055419922,-0.0012512207,0.055434044
49,520.60046,536.6998,520.4127,536.70764,-0.18774414,0.0078125,0.18790662
49,487.42773,1192.3375,501.20892,1194.9825,13.781189,2.6450195,14.032722
49,474.18283,1255.9423,474.6309,1256.3569,0.44805908,0.41467285,0.6105002
50,404.1243,619.582,409.16058,624.1617,5.0362854,4.579712,6.8071966
50,469.30392,976.66754,469.8549,981.0836,0.55096436,4.4160767,4.450314
50,420.52438,1193.794,421.59872,1198.3553,1.0743408,4.5614014,4.686213
50,152.27802,1098.6112,152.26645,1098.638,-0.011566162,0.026733398,0.029128177
50,385.67548,718.431,389.88852,722.7026,4.213043,4.2715454,5.999653
50,431.09622,1191.0409,432.02734,1195.6069,0.9311218,4.56604,4.660012
50,225.14903,1141.4691,226.51207,1137.4275,1.3630371,-4.041626,4.26528
50,467.33624,1194.338,468.8978,1198.7562,1.561554,4.418213,4.686049
50,423.96704,1197.5248,424.97723,1202.0679,1.0101929,4.543091,4.654048
50,86.36351,1122.2666,86.12624,1122.4371,-0.23726654,0.17053223,0.29219282
50,490.45554,1179.6539,491.895,1184.0099,1.4394531,4.355957,4.587634
50,340.038,723.29016,344.305,727.02155,4.2669983,3.7313843,5.6683774
50,322.7414,224.19221,322.74356,224.1036,0.002166748,-0.08860779,0.088634275
50,512.4403,1057.5299,512.1609,1057.5264,-0.27941895,-0.003540039,0.27944136
50,493.5119,1138.4716,494.1759,1138.536,0.66400146,0.064453125,0.6671223
50,522.6886,506.0263,522.6652,506.08026,-0.023376465,0.053955078,0.058801442
50,509.95966,222.55234,510.0136,222.53633,0.053955078,-0.01600647,0.056279283
50,518.63965,373.07806,518.618,373.0839,-0.02166748,0.0058288574,0.022437809
50,433.3275,1196.3867,434.35965,1200.8142,1.032135,4.42749,4.546204
50,522.38,700.64886,522.39276,700.6267,0.012756348,-0.022155762,0.025565645
50,516.5306,340.02045,516.52625,340.09238,-0.004333496,0.07192993,0.072060354
50,474.09882,642.71045,473.95554,642.7499,-0.14328003,0.03942871,0.14860617
50,520.61414,441.11066,520.604,441.13684,-0.010131836,0.026184082,0.028075973
50,426.92596,647.44006,426.63293,647.48615,-0.2930298,0.046081543,0.296631
50,518.4744,406.81863,518.4832,406.84613,0.0087890625,0.027496338,0.02886687
50,420.48563,223.18987,420.46707,223.11427,-0.018554688,-0.07559204,0.07783594
50,416.1349,954.34454,418.66855,958.1518,2.533661,3.807251,4.573248
50,454.95105,222.99673,454.95654,222.92885,0.005493164,-0.06788635,0.06810823
50,355.8096,225.08667,355.835,225.03355,0.025390625,-0.053115845,0.058872547
50,518.60944,570.7954,518.59143,570.7901,-0.018005371,-0.0053100586,0.018772056
50,130.82916,227.99446,130.84149,227.92155,0.012329102,-0.072906494,0.073941626
50,332.53046,742.74725,336.58258,745.1759,4.052124,2.42865,4.7241983
50,190.83464,227.43616,190.84685,227.33635,0.012207031,-0.09980774,0.10055146
50,523.33344,473.74396,523.31226,473.7879,-0.0211792,0.043945312,0.04878267
50,515.5001,277.15536,515.48,277.20703,-0.020141602,0.05166626,0.055453464
50,389.43777,224.00629,389.40372,223.88795,-0.034057617,-0.11833191,0.123135544
50,526.5942,666.87537,526.59955,666.9059,0.0053710938,0.030517578,0.03098663
50,121.97608,312.22302,121.98796,312.19507,0.011878967,-0.027954102,0.03037337
50,454.91092,1205.6823,462.63568,1206.775,7.724762,1.0927734,7.801673
50,258.35855,226.31017,258.37158,226.23961,0.013031006,-0.07055664,0.07174989
50,461.72217,1201.4862,470.8189,1203.8711,9.096741,2.3848877,9.404168
50,514.2234,243.63878,514.2852,243.66582,0.061828613,0.027038574,0.06748231
50,480.38925,222.28688,480.3695,222.1895,-0.019744873,-0.09738159,0.09936314
50,515.46606,307.2144,515.4709,307.2674,0.0048217773,0.053009033,0.05322788
50,520.4127,536.70764,520.3795,536.6655,-0.033203125,-0.042114258,0.05362889
50,501.20892,1194.9825,502.3189,1195.1522,1.1099854,0.16967773,1.1228794
50,474.6309,1256.3569,475.49374,1257.3956,0.862854,1.0386963,1.3503358
51,409.16058,624.1617,418.08572,630.82605,8.92514,6.6643677,11.138758
51,469.8549,981.0836,471.66153,987.18866,1.8066406,6.1050415,6.366748
51,421.59872,1198.3553,422.8259,1204.5704,1.2271729,6.215088,6.335083
51,152.26645,1098.638,152.28816,1098.5992,0.021713257,-0.03869629,0.044371933
51,389.88852,722.7026,398.49747,728.6894,8.608948,5.9868164,10.485989
51,432.02734,1195.6069,433.17868,1202.259,1.1513367,6.6520996,6.7510004
51,226.51207,1137.4275,229.331,1131.2538,2.818924,-6.173706,6.7868237
51,468.8978,1198.7562,470.76538,1205.7129,1.8675842,6.956665,7.2029896
51,424.97723,1202.0679,426.2495,1208.3773,1.2722778,6.3094482,6.436445
51,86.12624,1122.4371,86.52611,1122.3207,0.3998642,-0.11645508,0.41647708
51,491.895,1184.0099,493.86194,1190.9996,1.9669495,6.989746,7.2612286
51,344.305,727.02155,351.75775,732.6425,7.452759,5.6209717,9.334824
51,322.74356,224.1036,322.76416,224.04814,0.020599365,-0.0554657,0.05916737
51,512.1609,1057.5264,512.0388,1057.5172,-0.12207031,-0.009155273,0.12241315
51,494.1759,1138.536,495.28375,1138.7198,1.1078491,0.18383789,1.1229987
51,522.6652,506.08026,522.6704,506.1604,0.0051879883,0.08013916,0.08030691
51,510.0136,222.53633,510.12503,222.52733,0.11141968,-0.009002686,0.1117828
51,518.618,373.0839,518.6311,373.14285,0.013122559,0.05895996,0.060402635
51,434.35965,1200.8142,435.56613,1207.4614,1.2064819,6.647217,6.755819
51,522.39276,700.6267,522.3948,700.6489,0.0020141602,0.022216797,0.022307912
51,516.52625,340.09238,516.51447,340.12195,-0.011779785,0.029571533,0.031831414
51,473.95554,642.7499,473.89532,642.7854,-0.06021118,0.03552246,0.06990874
51,520.604,441.13684,520.6029,441.1637,-0.0010986328,0.026855469,0.026877932
51,426.63293,647.48615,432.9956,647.6706,6.362671,0.18444824,6.3653436
51,518.4832,406.84613,518.4679,406.8272,-0.015319824,-0.018920898,0.024345377
51,420.46707,223.11427,420.4829,222.98112,0.015838623,-0.1331482,0.13408692
51,418.66855,958.1518,423.80807,965.20056,5.1395264,7.048767,8.723522
51,454.95654,222.92885,454.9566,222.85541,6.1035156e-05,-0.07344055,0.073440574
51,355.835,225.03355,355.8316,224.94928,-0.0033874512,-0.08427429,0.084342346
51,518.59143,570.7901,518.5697,570.79504,-0.021728516,0.0049438477,0.02228385
51,130.84149,227.92155,130.856,227.77835,0.014511108,-0.14320374,0.14393708
51,336.58258,745.1759,342.91724,756.8866,6.334656,11.710693,13.314211
51,190.84685,227.33635,190.85469,227.20969,0.007843018,-0.12666321,0.1269058
51,523.31226,473.7879,523.434,473.80185,0.12176514,0.013946533,0.122561224
51,515.48,277.20703,515.46326,277.24915,-0.016723633,0.042114258,0.04531325
51,389.40372,223.88795,389.3793,223.79451,-0.024414062,-0.093444824,0.096581474
51,526.59955,666.9059,526.6097,666.9803,0.010131836,0.074401855,0.075088546
51,121.98796,312.19507,122.166115,312.15796,0.17815399,-0.037109375,0.18197788
51,462.63568,1206.775,479.92807,1208.8583,17.292389,2.083252,17.417423
51,258.37158,226.23961,258.37982,226.15248,0.008239746,-0.087127686,0.08751644
51,470.8189,1203.8711,480.32086,1207.6345,9.501953,3.7634277,10.220102
51,514.2852,243.66582,514.37634,243.68315,0.09112549,0.017333984,0.09275948
51,480.3695,222.1895,480.33325,222.12613,-0.036254883,-0.06336975,0.07300782
51,515.4709,307.2674,515.4275,307.2819,-0.043395996,0.01449585,0.045753054
51,520.3795,536.6655,520.3765,536.647,-0.0029907227,-0.018554688,0.018794172
51,502.3189,1195.1522,504.37973,1195.1921,2.0608215,0.039916992,2.0612082
51,475.49374,1257.3956,475.2566,1257.656,-0.2371521,0.26037598,0.35218853
52,418.08572,630.82605,421.67496,632.9244,3.5892334,2.0983276,4.157593
52,471.66153,987.18866,473.4708,988.6837,1.8092651,1.4950562,2.3470478
52,422.8259,1204.5704,423.17273,1206.1675,0.34683228,1.5970459,1.634273
52,152.28816,1098.5992,152.4338,1098.3966,0.14564514,-0.20263672,0.24954788
52,398.49747,728.6894,401.83066,730.5779,3.333191,1.8884888,3.830999
52,433.17868,1202.259,433.53986,1203.8297,0.36117554,1.5706787,1.6116698
52,229.331,1131.2538,230.05905,1130.4797,0.72805786,-0.77404785,1.0626469
52,470.76538,1205.7129,471.72873,1207.3596,0.9633484,1.6467285,1.9078141
52,426.2495,1208.3773,426.53815,1209.9203,0.28863525,1.5429688,1.5697334
52,86.52611,1122.3207,87.04684,1121.9995,0.52072906,-0.321167,0.61180633
52,493.86194,1190.9996,494.28174,1192.4207,0.4197998,1.4210205,1.4817325
52,351.75775,732.6425,354.97354,734.3826,3.2157898,1.7401123,3.6564047
52,322.76416,224.04814,322.79733,223.79755,0.033172607,-0.2505951,0.25278118
52,512.0388,1057.5172,511.9052,1057.4346,-0.13360596,-0.0826416,0.15709929
52,495.28375,1138.7198,495.7369,1138.8545,0.45315552,0.13464355,0.47273546
52,522.6704,506.1604,522.7395,506.1306,0.0690918,-0.029785156,0.0752385
52,510.12503,222.52733,510.24454,222.4614,0.119506836,-0.06593323,0.13648836
52,518.6311,373.14285,518.6522,373.11694,0.021118164,-0.025909424,0.033425666
52,435.56613,1207.4614,435.94815,1208.9292,0.38201904,1.4677734,1.5166732
52,522.3948,700.6489,522.4114,700.62366,0.016601562,-0.025268555,0.030234281
52,516.51447,340.12195,516.56934,340.09958,0.054870605,-0.022369385,0.05925515
52,473.89532,642.7854,473.79242,642.7409,-0.10290527,-0.04449463,0.112112746
52,520.6029,441.1637,520.6361,441.17102,0.033203125,0.0073242188,0.034001347
52,432.9956,647.6706,436.22458,647.6026,3.2289734,-0.067993164,3.2296894
52,518.4679,406.8272,518.53076,406.7795,0.06286621,-0.047698975,0.07891358
52,420.4829,222.98112,420.47513,222.79921,-0.0077819824,-0.18191528,0.18208165
52,423.80807,965.20056,426.414,968.46423,2.6059265,3.2636719,4.1764107
52,454.9566,222.85541,454.97977,222.67126,0.023162842,-0.18414307,0.18559414
52,355.8316,224.94928,355.83224,224.74146,0.00064086914,-0.2078247,0.20782569
52,518.5697,570.79504,518.6185,570.7675,0.048828125,-0.027526855,0.056052774
52,130.856,227.77835,130.87099,227.57616,0.014984131,-0.20219421,0.20274867
52,342.91724,756.8866,346.0199,757.058,3.1026611,0.17138672,3.107391
52,190.85469,227.20969,190.87465,226.95177,0.019958496,-0.2579193,0.2586904
52,523.434,473.80185,523.7073,473.7615,0.2732544,-0.04034424,0.2762166
52,515.46326,277.24915,515.5359,277.19113,0.072631836,-0.058013916,0.09295697
52,389.3793,223.79451,389.3559,223.52895,-0.023406982,-0.26556396,0.26659352
52,526.6097,666.9803,526.65875,667.01056,0.049072266,0.030273438,0.05765907
52,122.166115,312.15796,122.18656,312.02615,0.020446777,-0.13180542,0.13338193
52,479.92807,1208.8583,481.89487,1210.1488,1.9667969,1.2905273,2.3523924
52,258.37982,226.15248,258.48047,225.84538,0.10064697,-0.3070984,0.3231706
52,480.32086,1207.6345,481.94025,1208.9259,1.6193848,1.2913818,2.0712492
52,514.37634,243.68315,514.47284,243.69135,0.09649658,0.00819397,0.096843846
52,480.33325,222.12613,480.29242,221.95958,-0.04083252,-0.16654968,0.17148204
52,515.4275,307.2819,515.41626,307.29562,-0.011230469,0.01373291,0.017740244
52,520.3765,536.647,520.3856,536.5957,0.009094238,-0.05126953,0.052069858
52,504.37973,1195.1921,507.4883,1194.8839,3.1085815,-0.30822754,3.123825
52,475.2566,1257.656,475.27307,1258.0765,0.016479492,0.42053223,0.420855
53,421.67496,632.9244,427.34048,635.27136,5.6655273,2.3469849,6.132417
53,473.4708,988.6837,477.42404,991.7199,3.953247,3.0361938,4.98464
53,423.17273,1206.1675,423.30103,1208.2256,0.1282959,2.0581055,2.0621004
53,152.4338,1098.3966,152.20831,1098.6978,-0.22549438,0.30114746,0.3762147
53,401.83066,730.5779,407.27063,732.9028,5.439972,2.3248901,5.9159455
53,433.53986,1203.8297,433.55444,1206.6733,0.014587402,2.843628,2.8436654
53,230.05905,1130.4797,230.79196,1129.678,0.73291016,-0.8017578,1.0862656
53,471.72873,1207.3596,471.77667,1210.4675,0.047943115,3.1079102,3.10828
53,426.53815,1209.9203,426.54416,1211.983,0.006011963,2.0627441,2.062753
53,87.04684,1121.9995,87.33204,1121.366,0.28520203,-0.6335449,0.6947801
53,494.28174,1192.4207,494.29578,1195.5326,0.014038086,3.1119385,3.1119702
53,354.97354,734.3826,359.9486,735.8721,4.975067,1.4894409,5.1932387
53,322.79733,223.79755,322.75613,223.60425,-0.04119873,-0.19329834,0.19764003
53,511.9052,1057.4346,511.50354,1057.2286,-0.40167236,-0.20593262,0.45138556
53,495.7369,1138.8545,496.357,1138.4724,0.62008667,-0.38208008,0.72834927
53,522.7395,506.1306,522.7135,506.08398,-0.026000977,-0.04663086,0.05338996
53,510.24454,222.4614,510.2591,222.38675,0.014556885,-0.074645996,0.07605214
53,518.6522,373.11694,518.60114,373.00946,-0.051086426,-0.10748291,0.119005874
53,435.94815,1208.9292,435.89023,1211.6211,-0.057922363,2.6918945,2.6925178
53,522.4114,700.62366,522.3243,700.4972,-0.08709717,-0.12646484,0.15355544
53,516.56934,340.09958,516.5141,339.99756,-0.055236816,-0.10202026,0.11601397
53,473.79242,642.7409,473.42303,642.62115,-0.36938477,-0.11975098,0.38831097
53,520.6361,441.17102,520.5702,441.16953,-0.06591797,-0.0014953613,0.065934926
53,436.22458,647.6026,441.6419,647.2846,5.417328,-0.31799316,5.426653
53,518.53076,406.7795,518.48505,406.599,-0.045715332,-0.18051147,0.18621032
53,420.47513,222.79921,420.45593,222.62187,-0.019195557,-0.17733765,0.1783735
53,426.414,968.46423,430.20966,973.31006,3.7956543,4.845825,6.1554055
53,454.97977,222.67126,454.98907,222.50237,0.009307861,-0.16889954,0.16915582
53,355.83224,224.74146,355.80652,224.47844,-0.025726318,-0.26301575,0.26427093
53,518.6185,570.7675,518.6019,570.69464,-0.016601562,-0.07287598,0.074743025
53,130.87099,227.57616,130.84772,227.00716,-0.023269653,-0.56900024,0.5694759
53,346.0199,757.058,350.56073,757.06885,4.5408325,0.010864258,4.5408454
53,190.87465,226.95177,190.89304,226.61964,0.01838684,-0.3321228,0.33263138
53,523.7073,473.7615,523.80786,473.66446,0.10058594,-0.0970459,0.13976923
53,515.5359,277.19113,515.4796,277.0898,-0.056274414,-0.10131836,0.115897454
53,389.3559,223.52895,389.305,223.27838,-0.05090332,-0.25056458,0.25568292
53,526.65875,667.01056,526.6733,666.8962,0.014526367,-0.11437988,0.11529862
53,122.18656,312.02615,122.06492,311.9755,-0.12164307,-0.05065918,0.13177021
53,481.89487,1210.1488,481.74734,1212.8953,-0.14752197,2.74646,2.7504191
53,258.48047,225.84538,258.45505,225.60493,-0.025421143,-0.240448,0.24178807
53,481.94025,1208.9259,481.6573,1211.8759,-0.28295898,2.9499512,2.963491
53,514.47284,243.69135,514.5895,243.70119,0.11663818,0.009841919,0.117052674
53,480.29242,221.95958,480.23178,221.754,-0.060638428,-0.20558167,0.21433814
53,515.41626,307.29562,515.3485,307.2201,-0.06774902,-0.075531006,0.1014636
53,520.3856,536.5957,520.2483,536.43964,-0.1373291,-0.1560669,0.20788497
53,507.4883,1194.8839,510.3732,1194.2603,2.8848877,-0.6236572,2.9515295
53,475.27307,1258.0765,474.77008,1258.0055,-0.5029907,-0.07104492,0.5079833
54,427.34048,635.27136,429.4852,635.55756,2.1447144,0.28619385,2.1637251
54,477.42404,991.7199,479.72797,993.2881,2.3039246,1.5681763,2.7869778
54,423.30103,1208.2256,423.6074,1209.3385,0.30636597,1.112915,1.1543137
54,152.20831,1098.6978,152.24902,1098.563,0.04071045,-0.13476562,0.14078037
54,407.27063,732.9028,409.2514,732.8314,1.9807739,-0.0713501,1.9820585
54,433.55444,1206.6733,433.79227,1208.0657,0.23782349,1.392334,1.4124992
54,230.79196,1129.678,231.06429,1129.7733,0.2723236,0.095336914,0.28852952
54,471.77667,1210.4675,471.7007,1211.8116,-0.07595825,1.3441162,1.3462608
54,426.54416,1211.983,426.8048,1212.9635,0.26065063,0.98046875,1.0145234
54,87.33204,1121.366,87.486626,1121.3137,0.15458679,-0.052246094,0.16317698
54,494.29578,1195.5326,494.29684,1196.5645,0.0010681152,1.0318604,1.031861
54,359.9486,735.8721,361.9939,735.969,2.045288,0.09692383,2.0475833
54,322.75613,223.60425,322.75305,223.5084,-0.0030822754,-0.095840454,0.09589
54,511.50354,1057.2286,511.28683,1057.2554,-0.21670532,0.026733398,0.21834806
54,496.357,1138.4724,496.6812,1139.0376,0.32421875,0.56518555,0.65157694
54,522.7135,506.08398,522.71405,506.11612,0.0005493164,0.03213501,0.032139704
54,510.2591,222.38675,510.3101,222.39929,0.050994873,0.012542725,0.052514732
54,518.60114,373.00946,518.59705,373.01535,-0.0040893555,0.0058898926,0.007170332
54,435.89023,1211.6211,436.10794,1212.934,0.2177124,1.3128662,1.3307954
54,522.3243,700.4972,522.38904,700.46124,0.0647583,-0.035949707,0.07406767
54,516.5141,339.99756,516.48413,339.98505,-0.029968262,-0.012512207,0.03247541
54,473.42303,642.62115,473.22617,642.648,-0.1968689,0.026855469,0.19869217
54,520.5702,441.16953,520.5602,441.1985,-0.010009766,0.028961182,0.030642217
54,441.6419,647.2846,443.34406,647.2627,1.7021484,-0.021911621,1.7022895
54,518.48505,406.599,518.4326,406.60092,-0.0524292,0.0019226074,0.05246444
54,420.45593,222.62187,420.47336,222.46156,0.017425537,-0.16030884,0.16125314
54,430.20966,973.31006,430.63428,974.76373,0.42462158,1.4536743,1.5144215
54,454.98907,222.50237,454.99387,222.34724,0.0047912598,-0.15512085,0.15519483
54,355.80652,224.47844,355.78476,224.35394,-0.021759033,-0.12449646,0.12638363
54,518.6019,570.69464,518.5489,570.7891,-0.05303955,0.09448242,0.10835184
54,130.84772,227.00716,130.89618,227.01816,0.048461914,0.011001587,0.04969499
54,350.56073,757.06885,352.30533,757.264,1.7445984,0.1951294,1.7554768
54,190.89304,226.61964,190.93878,226.51996,0.04574585,-0.09968567,0.10968097
54,523.80786,473.66446,523.96045,473.67416,0.15258789,0.00970459,0.15289618
54,515.4796,277.0898,515.4185,277.054,-0.06109619,-0.035827637,0.07082629
54,389.305,223.27838,389.25507,223.0791,-0.049926758,-0.19927979,0.20543884
54,526.6733,666.8962,526.6495,666.9314,-0.023803711,0.035217285,0.04250734
54,122.06492,311.9755,122.10391,311.98135,0.038993835,0.005859375,0.039431605
54,481.74734,1212.8953,481.66815,1214.2062,-0.079193115,1.3109131,1.313303
54,258.45505,225.60493,258.48285,225.49268,0.027801514,-0.11225891,0.11565028
54,481.6573,1211.8759,481.36526,1213.4205,-0.2920227,1.5446777,1.572039
54,514.5895,243.70119,514.68335,243.76288,0.09387207,0.061691284,0.112328894
54,480.23178,221.754,480.1642,221.63805,-0.06756592,-0.11595154,0.13420102
54,515.3485,307.2201,515.3015,307.23938,-0.04699707,0.01928711,0.05080076
54,520.2483,536.43964,520.12006,536.3953,-0.12823486,-0.044311523,0.13567495
54,510.3732,1194.2603,513.4956,1193.81,3.122406,-0.4501953,3.154694
54,474.77008,1258.0055,474.82138,1258.474,0.05130005,0.46850586,0.4713061
55,429.4852,635.55756,432.38226,633.2683,2.8970642,-2.2892456,3.692374
55,479.72797,993.2881,480.19952,993.7783,0.47155762,0.49023438,0.68021786
55,423.6074,1209.3385,423.73465,1209.671,0.1272583,0.33251953,0.3560392
55,152.24902,1098.563,152.8639,1099.1486,0.6148834,0.5855713,0.8491027
55,409.2514,732.8314,412.14764,730.2775,2.8962402,-2.553894,3.8614223
55,433.79227,1208.0657,433.82635,1208.4524,0.034088135,0.38671875,0.38821822
55,231.06429,1129.7733,231.01212,1130.783,-0.0521698,1.0096436,1.0109905
55,471.7007,1211.8116,471.8121,1212.392,0.11138916,0.58032227,0.5909158
55,426.8048,1212.9635,426.98557,1213.3928,0.18075562,0.4293213,0.46582118
55,87.486626,1121.3137,87.9328,1121.4395,0.44617462,0.12573242,0.46355197
55,494.29684,1196.5645,494.15778,1197.1912,-0.1390686,0.626709,0.64195347
55,361.9939,735.969,364.92233,733.60315,2.9284363,-2.3658447,3.7646992
55,322.75305,223.5084,322.7815,224.05286,0.028442383,0.54444885,0.5451913
55,511.28683,1057.2554,510.95386,1057.7418,-0.3329773,0.4864502,0.5894978
55,496.6812,1139.0376,496.44485,1140.4388,-0.23635864,1.4012451,1.4210396
55,522.71405,506.11612,522.75275,506.71295,0.03869629,0.5968323,0.59808546
55,510.3101,222.39929,510.46646,222.9475,0.15637207,0.5482025,0.5700686
55,518.59705,373.01535,518.6182,373.60168,0.0211792,0.5863342,0.5867166
55,436.10794,1212.934,436.12595,1213.3668,0.018005371,0.43286133,0.43323565
55,522.38904,700.46124,522.38806,701.0266,-0.0009765625,0.56536865,0.5653695
55,516.48413,339.98505,516.52527,340.57837,0.041137695,0.59332275,0.5947472
55,473.22617,642.648,473.11145,643.2474,-0.114715576,0.59936523,0.6102445
55,520.5602,441.1985,520.5636,441.816,0.0034179688,0.6175232,0.6175327
55,443.34406,647.2627,445.86554,647.6438,2.5214844,0.38110352,2.5501223
55,518.4326,406.60092,518.4257,407.28278,-0.0068969727,0.68185425,0.6818891
55,420.47336,222.46156,420.4776,222.86397,0.0042419434,0.4024048,0.40242714
55,430.63428,974.76373,428.91986,974.99,-1.7144165,0.22625732,1.729282
55,454.99387,222.34724,455.03333,222.9017,0.03945923,0.5544586,0.55586094
55,355.78476,224.35394,355.80685,224.82861,0.022094727,0.4746704,0.47518435
55,518.5489,570.7891,518.52594,571.539,-0.022949219,0.7498779,0.750229
55,130.89618,227.01816,130.9226,227.59148,0.026428223,0.5733185,0.5739273
55,352.30533,757.264,354.40802,757.1312,2.1026917,-0.13275146,2.106878
55,190.93878,226.51996,190.94363,227.04572,0.004852295,0.52575684,0.5257792
55,523.96045,473.67416,524.1947,474.32037,0.23425293,0.6462097,0.6873583
55,515.4185,277.054,515.45593,277.64835,0.03741455,0.59436035,0.5955368
55,389.25507,223.0791,389.2429,223.56073,-0.012176514,0.48162842,0.48178232
55,526.6495,666.9314,526.63245,667.53436,-0.017028809,0.6029663,0.6032067
55,122.10391,311.98135,122.221016,312.5174,0.11710358,0.53604126,0.5486834
55,481.66815,1214.2062,481.20685,1214.78,-0.4613037,0.57385254,0.7362797
55,258.48285,225.49268,258.55994,226.00256,0.0770874,0.5098877,0.515682
55,481.36526,1213.4205,481.02847,1214.0115,-0.336792,0.5909424,0.68017775
55,514.68335,243.76288,514.8595,244.38121,0.17614746,0.6183319,0.64293253
55,480.1642,221.63805,480.1809,222.10861,0.016693115,0.4705658,0.4708618
55,515.3015,307.23938,515.277,307.82166,-0.024536133,0.5822754,0.5827921
55,520.12006,536.3953,520.1685,536.9118,0.048461914,0.5164795,0.51874816
55,513.4956,1193.81,515.84686,1193.8384,2.3512573,0.028320312,2.3514278
55,474.82138,1258.474,473.28128,1259.153,-1.5401001,0.6789551,1.6831187
56,432.38226,633.2683,432.94147,630.81067,0.5592041,-2.4576416,2.5204587
56,480.19952,993.7783,480.88074,994.4083,0.6812134,0.6300049,0.92787814
56,423.73465,1209.671,423.87137,1210.1583,0.13671875,0.4873047,0.50612044
56,152.8639,1099.1486,153.03932,1099.5944,0.17541504,0.44580078,0.47907075
56,412.14764,730.2775,413.2154,727.6093,1.067749,-2.668213,2.8739254
56,433.82635,1208.4524,433.7992,1209.0684,-0.027160645,0.6159668,0.61656535
56,231.01212,1130.783,230.95087,1131.3064,-0.06124878,0.5234375,0.5270088
56,471.8121,1212.392,471.83606,1213.009,0.023956299,0.6170654,0.6175303
56,426.98557,1213.3928,427.09598,1213.8124,0.1104126,0.41955566,0.43384087
56,87.9328,1121.4395,87.74115,1121.6378,-0.19165039,0.19836426,0.27582285
56,494.15778,1197.1912,493.90292,1197.6058,-0.2548523,0.41467285,0.4867271
56,364.92233,733.60315,365.9501,731.36804,1.027771,-2.2351074,2.460085
56,322.7815,224.05286,322.755,224.1864,-0.026489258,0.13354492,0.13614671
56,510.95386,1057.7418,510.4887,1058.2504,-0.46514893,0.5085449,0.68918896
56,496.44485,1140.4388,496.21857,1141.5205,-0.22628784,1.081665,1.1050817
56,522.75275,506.71295,522.7447,507.0227,-0.008056641,0.30975342,0.30985817
56,510.46646,222.9475,510.54718,223.21194,0.080718994,0.26445007,0.27649483
56,518.6182,373.60168,518.6022,373.79068,-0.016052246,0.18899536,0.18967582
56,436.12595,1213.3668,436.165,1213.9263,0.0390625,0.55944824,0.5608103
56,522.38806,701.0266,522.40826,701.2874,0.020202637,0.26080322,0.26158452
56,516.52527,340.57837,516.5333,340.7948,0.008056641,0.21643066,0.21658057
56,473.11145,643.2474,472.9026,643.56885,-0.2088623,0.32147217,0.3833638
56,520.5636,441.816,520.5377,442.2282,-0.025878906,0.41220093,0.4130125
56,445.86554,647.6438,445.87668,648.13403,0.011138916,0.49023438,0.49036092
56,518.4257,407.28278,518.3894,407.45343,-0.036315918,0.1706543,0.1744756
56,420.4776,222.86397,420.4508,223.02878,-0.026794434,0.16481018,0.16697407
56,428.91986,974.99,426.29346,974.606,-2.6264038,-0.38397217,2.654323
56,455.03333,222.9017,455.09015,222.9858,0.05682373,0.08409119,0.101490214
56,355.80685,224.82861,355.82272,224.9718,0.01586914,0.14318848,0.14406516
56,518.52594,571.539,518.528,571.6185,0.0020751953,0.07952881,0.07955588
56,130.9226,227.59148,130.9369,227.72678,0.014297485,0.13529968,0.13605301
56,354.40802,757.1312,354.5611,756.99347,0.15307617,-0.13775635,0.20593476
56,190.94363,227.04572,190.98218,227.23207,0.0385437,0.18635559,0.19029982
56,524.1947,474.32037,524.4581,474.59787,0.26342773,0.27749634,0.38262042
56,515.45593,277.64835,515.45337,278.10742,-0.0025634766,0.45907593,0.45908308
56,389.2429,223.56073,389.20413,223.66882,-0.038757324,0.10809326,0.114831544
56,526.63245,667.53436,526.6443,667.83356,0.01184082,0.29919434,0.29942855
56,122.221016,312.5174,122.232124,313.03473,0.011108398,0.517334,0.5174532
56,481.20685,1214.78,480.8545,1215.2452,-0.35235596,0.46520996,0.58358806
56,258.55994,226.00256,258.5527,226.14946,-0.007232666,0.14689636,0.14707431
56,481.02847,1214.0115,480.68024,1214.5173,-0.34823608,0.5058594,0.6141352
56,514.8595,244.38121,514.9719,244.88666,0.11242676,0.5054474,0.5178
56,480.1809,222.10861,480.15543,222.27226,-0.025482178,0.16365051,0.16562256
56,515.277,307.82166,515.25726,308.12323,-0.019714355,0.3015747,0.30221838
56,520.1685,536.9118,520.08704,537.10223,-0.08148193,0.19042969,0.20712984
56,515.84686,1193.8384,519.7071,1193.2306,3.8602295,-0.6077881,3.9077845
56,473.28128,1259.153,469.57254,1259.5941,-3.7087402,0.4411621,3.7348866
57,432.94147,630.81067,432.44675,622.419,-0.49472046,-8.391663,8.406233
57,480.88074,994.4083,481.9093,996.4466,1.0285645,2.038269,2.2830868
57,423.87137,1210.1583,424.245,1211.7843,0.3736267,1.6259766,1.6683515
57,153.03932,1099.5944,153.05627,1100.1903,0.016952515,0.59594727,0.5961883
57,413.2154,727.6093,414.09583,719.24536,0.8804321,-8.363953,8.410165
57,433.7992,1209.0684,434.0311,1211.1661,0.23190308,2.0977783,2.1105576
57,230.95087,1131.3064,231.2587,1132.0566,0.3078308,0.75024414,0.81094146
57,471.83606,1213.009,471.9369,1214.7513,0.10083008,1.7423096,1.7452247
57,427.09598,1213.8124,427.47113,1215.5752,0.3751526,1.7628174,1.8022943
57,87.74115,1121.6378,87.839386,1122.1268,0.098236084,0.48901367,0.49878323
57,493.90292,1197.6058,494.04407,1198.9807,0.1411438,1.3748779,1.3821038
57,365.9501,731.36804,367.18402,723.7548,1.2339172,-7.61322,7.712566
57,322.755,224.1864,322.86646,224.88272,0.111450195,0.6963196,0.7051823
57,510.4887,1058.2504,510.37915,1058.7689,-0.109558105,0.5185547,0.5300018
57,496.21857,1141.5205,496.56366,1143.2246,0.34509277,1.7041016,1.7386924
57,522.7447,507.0227,522.83234,507.91544,0.087646484,0.8927307,0.89702284
57,510.54718,223.21194,510.67264,224.02336,0.12545776,0.8114166,0.8210582
57,518.6022,373.79068,518.6381,374.66052,0.035949707,0.8698425,0.8705851
57,436.165,1213.9263,436.50128,1215.9302,0.3362732,2.0039062,2.0319252
57,522.40826,701.2874,522.4781,702.12335,0.06982422,0.8359375,0.8388486
57,516.5333,340.7948,516.55896,341.62543,0.025634766,0.83062744,0.8310229
57,472.9026,643.56885,472.71957,644.38086,-0.18301392,0.8120117,0.8323804
57,520.5377,442.2282,520.6388,443.0226,0.10107422,0.7944031,0.80080724
57,445.87668,648.13403,445.90988,648.79785,0.033203125,0.66381836,0.66464823
57,518.3894,407.45343,518.42737,408.15494,0.037963867,0.70150757,0.7025341
57,420.4508,223.02878,420.45734,223.76122,0.0065307617,0.73243713,0.7324663
57,426.29346,974.606,418.68668,970.96265,-7.606781,-3.6433716,8.434292
57,455.09015,222.9858,455.1306,223.69444,0.04046631,0.7086487,0.7098031
57,355.82272,224.9718,355.83633,225.74683,0.01361084,0.7750244,0.7751439
57,518.528,571.6185,518.5656,572.4308,0.037597656,0.81225586,0.81312555
57,130.9369,227.72678,131.11305,228.33347,0.17614746,0.60668945,0.6317436
57,354.5611,756.99347,354.28735,753.65436,-0.27374268,-3.3391113,3.3503134
57,190.98218,227.23207,191.06897,227.7752,0.08679199,0.5431366,0.5500275
57,524.4581,474.59787,524.8227,475.35333,0.364563,0.75546265,0.83882654
57,515.45337,278.10742,515.4911,278.83276,0.037719727,0.7253418,0.7263219
57,389.20413,223.66882,389.1226,224.30655,-0.08154297,0.63772583,0.64291793
57,526.6443,667.83356,526.7498,668.7525,0.105529785,0.9189453,0.9249849
57,122.232124,313.03473,122.34347,313.67365,0.111343384,0.638916,0.6485453
57,480.8545,1215.2452,480.95004,1216.9202,0.09555054,1.6749268,1.67765
57,258.5527,226.14946,258.62982,226.78001,0.07711792,0.6305542,0.63525254
57,480.68024,1214.5173,480.75476,1216.1796,0.074523926,1.6622314,1.6639012
57,514.9719,244.88666,515.1963,245.66356,0.22436523,0.77690125,0.8086503
57,480.15543,222.27226,480.03992,222.91454,-0.11550903,0.64227295,0.6525771
57,515.25726,308.12323,515.24536,308.8843,-0.0119018555,0.7610779,0.761171
57,520.08704,537.10223,520.13245,537.67645,0.045410156,0.57421875,0.5760115
57,519.7071,1193.2306,521.1365,1193.8428,1.4293823,0.6121826,1.5549603
57,469.57254,1259.5941,469.03265,1260.6489,-0.5398865,1.0548096,1.1849475
58,432.44675,622.419,431.23758,616.656,-1.2091675,-5.7630005,5.8884854
58,481.9093,996.4466,482.55164,997.6996,0.642334,1.2529907,1.4080408
58,424.245,1211.7843,424.46454,1212.8188,0.21954346,1.0345459,1.0575843
58,153.05627,1100.1903,153.1968,1100.7672,0.14051819,0.5769043,0.5937709
58,414.09583,719.24536,414.374,713.7839,0.27816772,-5.461487,5.4685664
58,434.0311,1211.1661,434.17242,1212.498,0.1413269,1.3319092,1.3393862
58,231.2587,1132.0566,231.25687,1132.2566,-0.0018310547,0.19995117,0.19995956
58,471.9369,1214.7513,471.94147,1216.2068,0.0045776367,1.4554443,1.4554516
58,427.47113,1215.5752,427.63605,1216.6803,0.16491699,1.1051025,1.1173402
58,87.839386,1122.1268,87.60937,1122.2405,-0.23001862,0.11364746,0.25656247
58,494.04407,1198.9807,493.9893,1200.1079,-0.054779053,1.1271973,1.1285275
58,367.18402,723.7548,367.19846,718.55774,0.014434814,-5.1970825,5.1971025
58,322.86646,224.88272,322.82086,224.98622,-0.04559326,0.103500366,0.113097616
58,510.37915,1058.7689,510.21054,1058.8518,-0.16860962,0.08288574,0.18788095
58,496.56366,1143.2246,496.54837,1144.0562,-0.015289307,0.83154297,0.8316835
58,522.83234,507.91544,522.8673,508.10986,0.034973145,0.19442749,0.19754788
58,510.67264,224.02336,510.66452,224.22029,-0.008117676,0.19692993,0.19709717
58,518.6381,374.66052,518.64734,374.8463,0.009216309,0.18579102,0.18601947
58,436.50128,1215.9302,436.6647,1217.2518,0.16342163,1.3216553,1.3317204
58,522.4781,702.12335,522.427,702.2609,-0.051086426,0.13757324,0.14675224
58,516.55896,341.62543,516.5893,341.85114,0.030334473,0.22570801,0.22773732
58,472.71957,644.38086,472.54465,644.5887,-0.17492676,0.2078247,0.27164403
58,520.6388,443.0226,520.61505,443.26385,-0.023742676,0.24124146,0.242407
58,445.90988,648.79785,445.4846,642.9253,-0.42529297,-5.8725586,5.8879385
58,518.42737,408.15494,518.41626,408.37708,-0.011108398,0.22213745,0.22241503
58,420.45734,223.76122,420.5336,223.80818,0.07626343,0.046966553,0.08956543
58,418.68668,970.96265,413.50494,967.4608,-5.181732,-3.501831,6.254052
58,455.1306,223.69444,455.1488,223.76933,0.018188477,0.07489014,0.0770672
58,355.83633,225.74683,355.8491,225.79953,0.012756348,0.052703857,0.05422565
58,518.5656,572.4308,518.5469,572.56854,-0.018737793,0.13775635,0.13902488
58,131.11305,228.33347,131.1347,228.4894,0.021652222,0.15592957,0.15742569
58,354.28735,753.65436,353.34027,752.14154,-0.9470825,-1.5128174,1.7848198
58,191.06897,227.7752,191.07727,227.92744,0.008300781,0.15223694,0.15246308
58,524.8227,475.35333,524.9169,475.49777,0.094177246,0.1444397,0.17243022
58,515.4911,278.83276,515.4713,278.9769,-0.01977539,0.14413452,0.14548479
58,389.1226,224.30655,389.14423,224.3744,0.021636963,0.067855835,0.07122199
58,526.7498,668.7525,526.7705,668.8875,0.020690918,0.13500977,0.13658606
58,122.34347,313.67365,122.3695,313.73856,0.026031494,0.06491089,0.06993613
58,480.95004,1216.9202,480.44086,1218.0867,-0.5091858,1.1665039,1.2727928
58,258.62982,226.78001,258.6041,226.96988,-0.025726318,0.18986511,0.19160011
58,480.75476,1216.1796,480.47015,1217.4174,-0.28460693,1.237793,1.2700915
58,515.1963,245.66356,515.26404,245.8086,0.06774902,0.14503479,0.16007817
58,480.03992,222.91454,479.94064,223.09334,-0.09927368,0.17880249,0.20451306
58,515.24536,308.8843,515.25323,309.15964,0.007873535,0.2753296,0.27544212
58,520.13245,537.67645,520.11475,537.7719,-0.017700195,0.095458984,0.09708612
58,521.1365,1193.8428,522.3038,1193.6615,1.1672974,-0.18127441,1.181289
58,469.03265,1260.6489,469.04684,1260.482,0.014190674,-0.16687012,0.16747242
59,431.23758,616.656,426.87247,601.7243,-4.3651123,-14.931702,15.556668
59,482.55164,997.6996,484.51862,999.1518,1.96698,1.4522095,2.444979
59,424.46454,1212.8188,424.67773,1213.7163,0.2131958,0.89746094,0.92243624
59,153.1968,1100.7672,153.26544,1100.7819,0.06864929,0.0146484375,0.07019474
59,414.374,713.7839,413.04382,699.31256,-1.3301697,-14.471313,14.532318
59,434.17242,1212.498,434.35037,1213.5588,0.177948,1.060791,1.0756128
59,231.25687,1132.2566,231.4386,1132.4323,0.18173218,0.17565918,0.25275034
59,471.94147,1216.2068,472.23392,1217.3889,0.29244995,1.1821289,1.2177666
59,427.63605,1216.6803,427.83374,1217.5205,0.19769287,0.84020996,0.86315423
59,87.60937,1122.2405,86.52749,1122.5023,-1.0818787,0.26184082,1.1131136
59,493.9893,1200.1079,494.0717,1200.9138,0.08239746,0.8059082,0.8101095
59,367.19846,718.55774,365.91205,705.35913,-1.2864075,-13.198608,13.26115
59,322.82086,224.98622,322.737,225.50279,-0.083862305,0.51657104,0.523334
59,510.21054,1058.8518,510.0177,1059.3416,-0.19284058,0.4897461,0.52634466
59,496.54837,1144.0562,496.70117,1144.3608,0.15280151,0.3046875,0.34085596
59,522.8673,508.10986,522.77484,508.67758,-0.09246826,0.5677185,0.57519966
59,510.66452,224.22029,510.61288,224.761,-0.051635742,0.54071045,0.5431704
59,518.64734,374.8463,518.5054,375.3328,-0.14196777,0.4864807,0.50677246
59,436.6647,1217.2518,436.82965,1218.3348,0.16494751,1.0830078,1.095497
59,522.427,702.2609,522.43774,702.6208,0.0107421875,0.35986328,0.3600236
59,516.5893,341.85114,516.4612,342.37506,-0.1281128,0.5239258,0.5393618
59,472.54465,644.5887,472.5498,645.10864,0.0051574707,0.5199585,0.51998407
59,520.61505,443.26385,520.51697,443.7186,-0.098083496,0.45474243,0.4652
59,445.4846,642.9253,443.1921,628.70294,-2.2924805,-14.222351,14.405927
59,518.41626,408.37708,518.29755,408.79694,-0.11871338,0.41986084,0.43632096
59,420.5336,223.80818,420.4636,224.24866,-0.070007324,0.44047546,0.4460041
59,413.50494,967.4608,400.61722,958.21234,-12.887726,-9.248474,15.862779
59,455.1488,223.76933,455.024,224.29752,-0.124816895,0.528183,0.5427306
59,355.8491,225.79953,355.7058,226.20992,-0.14328003,0.41038513,0.4346782
59,518.5469,572.56854,518.50836,573.1071,-0.038513184,0.5385742,0.5399495
59,131.1347,228.4894,131.24777,229.16714,0.11306763,0.67774963,0.6871163
59,353.34027,752.14154,350.2896,744.03125,-3.0506592,-8.110291,8.665064
59,191.07727,227.92744,191.03099,228.31337,-0.046279907,0.3859253,0.38869032
59,524.9169,475.49777,524.8931,476.0109,-0.023742676,0.51312256,0.5136716
59,515.4713,278.9769,515.40466,279.50073,-0.06665039,0.5238342,0.52805734
59,389.14423,224.3744,389.11563,224.8679,-0.02859497,0.49349976,0.49432752
59,526.7705,668.8875,526.618,669.34955,-0.15252686,0.46203613,0.48656124
59,122.3695,313.73856,122.28156,314.35422,-0.0879364,0.6156616,0.62191
59,480.44086,1218.0867,480.40826,1219.279,-0.032592773,1.1923828,1.1928282
59,258.6041,226.96988,258.6131,227.4332,0.009002686,0.46331787,0.4634053
59,480.47015,1217.4174,480.4271,1218.5288,-0.043060303,1.1114502,1.112284
59,515.26404,245.8086,515.15454,246.22725,-0.10949707,0.4186554,0.43273774
59,479.94064,223.09334,479.88123,223.4131,-0.059417725,0.31976318,0.32523677
59,515.25323,309.15964,515.09766,309.72357,-0.15557861,0.5639343,0.5850014
59,520.11475,537.7719,520.03516,538.23645,-0.079589844,0.46453857,0.47130737
59,522.3038,1193.6615,523.04407,1193.7913,0.7402954,0.12976074,0.7515817
59,469.04684,1260.482,469.44504,1261.2323,0.39819336,0.75024414,0.84936696
60,426.87247,601.7243,423.73352,593.1751,-3.1389465,-8.549194,9.107234
60,484.51862,999.1518,484.3641,999.35913,-0.1545105,0.20733643,0.25857666
60,424.67773,1213.7163,424.68323,1213.662,0.005493164,-0.05432129,0.054598328
60,153.26544,1100.7819,153.2566,1100.7823,-0.008834839,0.00048828125,0.008848322
60,413.04382,699.31256,412.16196,690.4085,-0.88186646,-8.904053,8.947617
60,434.35037,1213.5588,434.36752,1213.609,0.017150879,0.0501709,0.053021427
60,231.4386,1132.4323,231.43321,1132.4092,-0.0053863525,-0.023071289,0.023691712
60,472.23392,1217.3889,472.20316,1217.4233,-0.030761719,0.034423828,0.046165824
60,427.83374,1217.5205,427.87924,1217.5084,0.04550171,-0.012084961,0.04707921
60,86.52749,1122.5023,85.73872,1122.5177,-0.78876495,0.015380859,0.78891486
60,494.0717,1200.9138,494.07144,1200.9742,-0.00024414062,0.060424805,0.060425296
60,365.91205,705.35913,364.68945,697.15704,-1.2225952,-8.202087,8.2927065
60,322.737,225.50279,322.7089,225.50339,-0.02810669,0.0005950928,0.028112989
60,510.0177,1059.3416,510.01443,1059.3984,-0.0032653809,0.056884766,0.056978412
60,496.70117,1144.3608,496.70602,1144.3373,0.004852295,-0.02355957,0.024054067
60,522.77484,508.67758,522.7669,508.70886,-0.00793457,0.031280518,0.032271165
60,510.61288,224.761,510.6117,224.76064,-0.0011901855,-0.00036621094,0.0012452519
60,518.5054,375.3328,518.50806,375.36386,0.0026855469,0.031066895,0.031182753
60,436.82965,1218.3348,436.88757,1218.3854,0.057922363,0.05053711,0.07687002
60,522.43774,702.6208,522.4379,702.6443,0.00018310547,0.023498535,0.023499249
60,516.4612,342.37506,516.4577,342.38342,-0.003479004,0.008361816,0.009056679
60,472.5498,645.10864,472.39554,645.14056,-0.15426636,0.031921387,0.15753439
60,520.51697,443.7186,520.5155,443.75397,-0.0014648438,0.035369873,0.035400193
60,443.1921,628.70294,440.27985,618.25653,-2.912262,-10.446411,10.844758
60,518.29755,408.79694,518.2982,408.84952,0.0006713867,0.052581787,0.052586075
60,420.4636,224.24866,420.45706,224.27077,-0.0065307617,0.022109985,0.023054333
60,400.61722,958.21234,392.63785,952.4924,-7.97937,-5.7199707,9.81776
60,455.024,224.29752,454.95984,224.30289,-0.06414795,0.0053710938,0.06437242
60,355.7058,226.20992,355.69632,226.22498,-0.009490967,0.015060425,0.01780154
60,518.50836,573.1071,518.50476,573.1125,-0.0036010742,0.0053710938,0.0064665587
60,131.24777,229.16714,131.24612,229.16724,-0.0016479492,9.1552734e-05,0.0016504904
60,350.2896,744.03125,348.23795,738.30194,-2.0516663,-5.729309,6.0855827
60,191.03099,228.31337,191.03467,228.34447,0.0036773682,0.031097412,0.031314086
60,524.8931,476.0109,524.8904,476.05515,-0.002746582,0.04425049,0.044335645
60,515.40466,279.50073,515.41156,279.49945,0.0068969727,-0.0012817383,0.007015061
60,389.11563,224.8679,389.11368,224.88235,-0.001953125,0.014450073,0.014581472
60,526.618,669.34955,526.62225,669.3713,0.004272461,0.021728516,0.022144578
60,122.28156,314.35422,122.229,314.40002,-0.05256653,0.045806885,0.06972453
60,480.40826,1219.279,480.3725,1219.309,-0.0357666,0.029907227,0.04662287
60,258.6131,227.4332,258.61072,227.42903,-0.002380371,-0.0041656494,0.004797791
60,480.4271,1218.5288,480.39417,1218.5579,-0.032928467,0.029052734,0.04391293
60,515.15454,246.22725,515.1615,246.3122,0.006958008,0.08494568,0.08523017
60,479.88123,223.4131,479.88913,223.44232,0.007904053,0.029220581,0.030270718
60,515.09766,309.72357,515.0998,309.79855,0.0021362305,0.07498169,0.07501212
60,520.03516,538.23645,520.03424,538.321,-0.00091552734,0.08453369,0.084538646
60,523.04407,1193.7913,523.35986,1193.8267,0.3157959,0.03540039,0.31777388
60,469.44504,1261.2323,469.44376,1261.228,-0.0012817383,-0.004272461,0.00446058
61,423.73352,593.1751,415.34775,572.89087,-8.385773,-20.28424,21.949297
61,484.3641,999.35913,483.77246,998.614,-0.5916443,-0.7451172,0.95144236
61,424.68323,1213.662,424.63736,1213.4237,-0.04586792,-0.23828125,0.24265577
61,153.2566,1100.7823,153.24025,1100.786,-0.016357422,0.0036621094,0.016762348
61,412.16196,690.4085,408.2817,669.7447,-3.880249,-20.663818,21.024979
61,434.36752,1213.609,434.3136,1213.1473,-0.05392456,-0.46166992,0.46480852
61,231.43321,1132.4092,231.30139,1131.8132,-0.13182068,-0.59594727,0.6103522
61,472.20316,1217.4233,472.16165,1216.9823,-0.041503906,-0.44104004,0.44298857
61,427.87924,1217.5084,427.76465,1217.1877,-0.114593506,-0.3206787,0.34053856
61,85.73872,1122.5177,84.49597,1122.3026,-1.2427521,-0.21508789,1.2612278
61,494.07144,1200.9742,494.06076,1200.8076,-0.010681152,-0.16662598,0.16696797
61,364.68945,697.15704,360.63925,678.1321,-4.0502014,-19.024963,19.451307
61,322.7089,225.50339,322.70816,225.50023,-0.0007324219,-0.0031585693,0.003242376
61,510.01443,1059.3984,510.06223,1059.3507,0.047790527,-0.047729492,0.067542866
61,496.70602,1144.3373,496.56094,1144.4648,-0.14508057,0.12756348,0.19318596
61,522.7669,508.70886,522.76874,508.71405,0.0018310547,0.0051879883,0.0055016344
61,510.6117,224.76064,510.60812,224.76016,-0.0035705566,-0.00047302246,0.0036017532
61,518.50806,375.36386,518.50964,375.3609,0.0015869141,-0.002960205,0.0033587364
61,436.88757,1218.3854,436.70715,1217.8981,-0.18041992,-0.4873047,0.5196318
61,522.4379,702.6443,522.41614,702.6463,-0.02178955,0.0020141602,0.021882445
61,516.4577,342.38342,516.4577,342.37827,0.0,-0.0051574707,0.0051574707
61,472.39554,645.14056,471.04257,626.88464,-1.3529663,-18.25592,18.305986
61,520.5155,443.75397,520.5136,443.73514,-0.0018920898,-0.018829346,0.018924171
61,440.27985,618.25653,431.3045,591.5356,-8.975342,-26.720947,28.188044
61,518.2982,408.84952,518.2986,408.8082,0.00036621094,-0.0413208,0.041322425
61,420.45706,224.27077,420.4619,224.24783,0.004852295,-0.02293396,0.023441657
61,392.63785,952.4924,373.534,940.6576,-19.103851,-11.834778,22.47263
61,454.95984,224.30289,454.96005,224.30716,0.00021362305,0.004272461,0.0042777983
61,355.69632,226.22498,355.69608,226.223,-0.00024414062,-0.0019683838,0.0019834666
61,518.50476,573.1125,518.50525,573.10065,0.00048828125,-0.01184082,0.011850883
61,131.24612,229.16724,131.23416,229.11339,-0.011962891,-0.053848267,0.055161096
61,348.23795,738.30194,342.27097,726.207,-5.96698,-12.094971,13.486777
61,191.03467,228.34447,191.02718,228.30977,-0.0074920654,-0.034698486,0.035498112
61,524.8904,476.05515,524.89075,476.055,0.00036621094,-0.00015258789,0.00039672852
61,515.41156,279.49945,515.41046,279.50266,-0.0010986328,0.0032043457,0.0033874512
61,389.11368,224.88235,389.1139,224.88191,0.00021362305,-0.00044250488,0.0004913709
61,526.62225,669.3713,526.6213,669.37195,-0.0009765625,0.0006713867,0.0011850884
61,122.229,314.40002,122.22301,314.30682,-0.0059890747,-0.09320068,0.093392916
61,480.3725,1219.309,480.2101,1219.0189,-0.16238403,-0.29003906,0.3324022
61,258.61072,227.42903,258.6162,227.43562,0.005493164,0.006591797,0.008580596
61,480.39417,1218.5579,480.28687,1218.2579,-0.107299805,-0.29992676,0.31854248
61,515.1615,246.3122,515.15857,246.2555,-0.0029296875,-0.05670166,0.056777295
61,479.88913,223.44232,479.88904,223.44292,-9.1552734e-05,0.0005950928,0.0006020941
61,515.0998,309.79855,515.1016,309.76782,0.0018310547,-0.030731201,0.030785702
61,520.03424,538.321,520.0343,538.29535,6.1035156e-05,-0.025634766,0.025634838
61,523.35986,1193.8267,522.52094,1193.8384,-0.8389282,0.01171875,0.83901006
61,469.44376,1261.228,469.82956,1261.1931,0.38580322,-0.03491211,0.38737962
62,415.34775,572.89087,409.8379,561.55255,-5.509857,-11.338318,12.606188
62,483.77246,998.614,482.83426,997.59534,-0.9382019,-1.0186768,1.3848917
62,424.63736,1213.4237,424.57138,1212.7239,-0.065979004,-0.6998291,0.7029324
62,153.24025,1100.786,153.18517,1100.3007,-0.05508423,-0.48535156,0.48846743
62,408.2817,669.7447,405.86783,658.57434,-2.4138794,-11.170349,11.428189
62,434.3136,1213.1473,434.26654,1212.1846,-0.047058105,-0.96276855,0.9639179
62,231.30139,1131.8132,231.17288,1131.3518,-0.12850952,-0.46142578,0.47898692
62,472.16165,1216.9823,472.14822,1215.9236,-0.013427734,-1.0587158,1.0588009
62,427.76465,1217.1877,427.7529,1216.3992,-0.011749268,-0.7885742,0.7886617
62,84.49597,1122.3026,83.60367,1122.1392,-0.89230347,-0.16345215,0.9071505
62,494.06076,1200.8076,494.0734,1199.9884,0.012634277,-0.81921387,0.81931126
62,360.63925,678.1321,357.73798,667.3725,-2.9012756,-10.7595825,11.143878
62,322.70816,225.50023,322.69324,225.34023,-0.014923096,-0.16000366,0.16069807
62,510.06223,1059.3507,510.28113,1059.0981,0.21890259,-0.25256348,0.33422545
62,496.56094,1144.4648,496.39108,1143.7504,-0.16986084,-0.71447754,0.73439145
62,522.76874,508.71405,522.7422,508.55475,-0.026550293,-0.15930176,0.16149913
62,510.60812,224.76016,510.59537,224.59634,-0.012756348,-0.16381836,0.16431427
62,518.50964,375.3609,518.4746,375.2468,-0.03503418,-0.114105225,0.11936246
62,436.70715,1217.8981,436.66196,1216.9441,-0.045196533,-0.9539795,0.9550495
62,522.41614,702.6463,522.3895,702.5039,-0.026611328,-0.14239502,0.1448603
62,516.4577,342.37827,516.4411,342.1982,-0.016601562,-0.18005371,0.18081746
62,471.04257,626.88464,470.9934,626.6128,-0.04916382,-0.2718506,0.27626044
62,520.5136,443.73514,520.47076,443.6358,-0.04284668,-0.09933472,0.10818144
62,431.3045,591.5356,425.09903,574.8893,-6.205475,-16.646301,17.765339
62,518.2986,408.8082,518.30524,408.68814,0.006652832,-0.12005615,0.120240346
62,420.4619,224.24783,420.50128,224.14554,0.039367676,-0.10229492,0.10960869
62,373.534,940.6576,361.93948,934.23975,-11.594513,-6.4178467,13.252225
62,454.96005,224.30716,454.97318,224.2223,0.013122559,-0.084854126,0.08586282
62,355.69608,226.223,355.68674,226.10864,-0.009338379,-0.114364624,0.11474525
62,518.50525,573.10065,518.5111,573.05853,0.005859375,-0.042114258,0.042519912
62,131.23416,229.11339,131.19733,228.52046,-0.036834717,-0.592926,0.5940691
62,342.27097,726.207,339.12738,718.0383,-3.1435852,-8.16864,8.7526455
62,191.02718,228.30977,191.00749,228.08975,-0.019683838,-0.22001648,0.22089523
62,524.89075,476.055,524.91156,475.92282,0.020812988,-0.13217163,0.1338003
62,515.41046,279.50266,515.401,279.35745,-0.009460449,-0.14520264,0.1455105
62,389.1139,224.88191,389.1096,224.71422,-0.0043029785,-0.16769409,0.16774929
62,526.6213,669.37195,526.5696,669.2636,-0.051696777,-0.1083374,0.12003978
62,122.22301,314.30682,122.221596,313.7629,-0.001411438,-0.5439148,0.54391664
62,480.2101,1219.0189,480.39392,1217.8988,0.18380737,-1.1201172,1.1350981
62,258.6162,227.43562,258.61145,227.28285,-0.004760742,-0.152771,0.15284516
62,480.28687,1218.2579,480.655,1217.1761,0.36813354,-1.0817871,1.1427097
62,515.15857,246.2555,515.12256,246.16263,-0.036010742,-0.09286499,0.09960261
62,479.88904,223.44292,479.9405,223.2852,0.051452637,-0.15771484,0.16589558
62,515.1016,309.76782,515.09125,309.42203,-0.010375977,-0.34579468,0.3459503
62,520.0343,538.29535,520.0451,538.2328,0.010803223,-0.062561035,0.06348695
62,522.52094,1193.8384,521.89905,1193.709,-0.6218872,-0.12939453,0.635206
62,469.82956,1261.1931,470.94968,1261.2188,1.1201172,0.025634766,1.1204104
63,409.8379,561.55255,397.55353,541.30383,-12.284363,-20.248718,23.683668
63,482.83426,997.59534,481.96588,996.65,-0.8683777,-0.9453125,1.283626
63,424.57138,1212.7239,424.33212,1211.964,-0.23925781,-0.7598877,0.79666406
63,153.18517,1100.3007,153.09216,1099.906,-0.09300232,-0.39465332,0.40546352
63,405.86783,658.57434,412.44614,625.236,6.578308,-33.338318,33.981136
63,434.26654,1212.1846,434.22318,1211.3075,-0.04336548,-0.8770752,0.8781466
63,231.17288,1131.3518,231.10075,1130.3307,-0.072128296,-1.0211182,1.0236624
63,472.14822,1215.9236,472.0581,1214.8945,-0.09011841,-1.0290527,1.0329912
63,427.7529,1216.3992,427.51248,1215.6069,-0.24041748,-0.7922363,0.82791245
63,83.60367,1122.1392,82.13963,1122.39,-1.464035,0.2508545,1.4853709
63,494.0734,1199.9884,494.16998,1199.1146,0.096588135,-0.8737793,0.8791015
63,357.73798,667.3725,349.69214,644.89343,-8.045837,-22.479065,23.875591
63,322.69324,225.34023,322.65448,225.09325,-0.038757324,-0.24697876,0.25000128
63,510.28113,1059.0981,510.778,1058.6558,0.4968872,-0.4423828,0.6652815
63,496.39108,1143.7504,496.59683,1142.1718,0.20574951,-1.5786133,1.5919651
63,522.7422,508.55475,522.6707,507.93356,-0.07147217,-0.6211853,0.6252835
63,510.59537,224.59634,510.41574,224.142,-0.17962646,-0.4543457,0.4885649
63,518.4746,375.2468,518.4657,374.65814,-0.008911133,-0.58865356,0.58872104
63,436.66196,1216.9441,436.5871,1216.0973,-0.07485962,-0.84680176,0.8501042
63,522.3895,702.5039,522.3016,702.0102,-0.08795166,-0.49371338,0.5014862
63,516.4411,342.1982,516.35364,341.66818,-0.08746338,-0.5300293,0.53719723
63,470.9934,626.6128,471.01285,625.96136,0.019439697,-0.6514282,0.6517182
63,520.47076,443.6358,520.46735,442.9746,-0.0034179688,-0.66119385,0.66120267
63,425.09903,574.8893,403.5617,519.79767,-21.537323,-55.091614,59.151855
63,518.30524,408.68814,518.2489,408.2196,-0.05633545,-0.46853638,0.471911
63,420.50128,224.14554,420.4337,223.98154,-0.067596436,-0.16400146,0.1773859
63,361.93948,934.23975,336.70575,919.3021,-25.233734,-14.937622,29.323606
63,454.97318,224.2223,454.8357,223.90231,-0.13748169,-0.31999207,0.34827596
63,355.68674,226.10864,355.6637,225.93587,-0.023040771,-0.17277527,0.17430483
63,518.5111,573.05853,518.42993,572.34186,-0.08117676,-0.7166748,0.7212575
63,131.19733,228.52046,130.94084,228.5315,-0.256485,0.0110321045,0.25672215
63,339.12738,718.0383,332.00366,704.47217,-7.1237183,-13.566162,15.322797
63,191.00749,228.08975,190.88176,228.05214,-0.12573242,-0.037612915,0.13123785
63,524.91156,475.92282,524.5583,475.42993,-0.35327148,-0.4928894,0.6064163
63,515.401,279.35745,515.29,278.76376,-0.11102295,-0.59368896,0.6039807
63,389.1096,224.71422,389.0972,224.53207,-0.012390137,-0.18214417,0.1825651
63,526.5696,669.2636,526.5593,668.6299,-0.010253906,-0.633728,0.633811
63,122.221596,313.7629,122.11296,313.7801,-0.10863495,0.017181396,0.10998524
63,480.39392,1217.8988,480.8163,1217.2394,0.4223938,-0.6594238,0.78310686
63,258.61145,227.28285,258.47934,226.96115,-0.1321106,-0.32170105,0.34777117
63,480.655,1217.1761,480.8758,1216.3964,0.22079468,-0.77978516,0.8104413
63,515.12256,246.16263,514.87744,245.57036,-0.24511719,-0.5922699,0.64098835
63,479.9405,223.2852,479.73163,223.07446,-0.2088623,-0.21073914,0.296706
63,515.09125,309.42203,514.9745,308.99228,-0.116760254,-0.42974854,0.4453277
63,520.0451,538.2328,519.97327,537.6349,-0.07183838,-0.5979004,0.6022006
63,521.89905,1193.709,518.6905,1194.099,-3.2085571,0.39001465,3.2321742
63,470.94968,1261.2188,470.84555,1260.5432,-0.10412598,-0.6755371,0.6835149
64,397.55353,541.30383,390.70547,531.68854,-6.848053,-9.615295,11.804648
64,481.96588,996.65,482.18423,996.7686,0.21835327,0.11859131,0.24847947
64,424.33212,1211.964,424.2132,1212.1278,-0.118927,0.16381836,0.20243539
64,153.09216,1099.906,152.68497,1099.8992,-0.40719604,-0.0068359375,0.4072534
64,434.22318,1211.3075,434.2203,1211.3463,-0.0028686523,0.03881836,0.03892421
64,231.10075,1130.3307,231.14977,1129.5132,0.04901123,-0.8175049,0.81897277
64,472.0581,1214.8945,471.95865,1214.9271,-0.09945679,0.032592773,0.10466108
64,427.51248,1215.6069,427.34125,1215.6241,-0.17123413,0.017211914,0.172097
64,82.13963,1122.39,80.91556,1122.496,-1.2240753,0.10595703,1.2286526
64,494.16998,1199.1146,494.3375,1199.1525,0.16751099,0.037841797,0.17173214
64,349.69214,644.89343,344.6113,632.978,-5.080841,-11.915405,12.953448
64,322.65448,225.09325,322.6408,225.10756,-0.013671875,0.014312744,0.019793302
64,510.778,1058.6558,511.0503,1058.6458,0.27227783,-0.010009766,0.27246177
64,496.59683,1142.1718,496.76514,1141.0592,0.16830444,-1.1125488,1.1252072
64,522.6707,507.93356,522.6798,507.80646,0.009094238,-0.12710571,0.12743065
64,510.41574,224.142,510.33215,224.12921,-0.08358765,-0.012786865,0.08456003
64,518.4657,374.65814,518.45264,374.61356,-0.013061523,-0.04458618,0.046459995
64,436.5871,1216.0973,436.50137,1216.1311,-0.08572388,0.033813477,0.092151694
64,522.3016,702.0102,522.2144,701.9188,-0.0871582,-0.09136963,0.12627336
64,516.35364,341.66818,516.3582,341.65405,0.0045776367,-0.014129639,0.014852658
64,471.01285,625.96136,471.33292,626.05963,0.32006836,0.0982666,0.3348135
64,520.46735,442.9746,520.4775,442.86713,0.010131836,-0.10748291,0.10795939
64,403.5617,519.79767,394.73,506.8489,-8.831696,-12.948761,15.67384
64,518.2489,408.2196,518.3104,408.23407,0.061523438,0.014465332,0.0632011
64,420.4337,223.98154,420.4169,223.97931,-0.016784668,-0.0022277832,0.016931867
64,336.70575,919.3021,324.57645,909.0649,-12.129303,-10.237244,15.872024
64,454.8357,223.90231,454.834,223.79741,-0.0016784668,-0.104904175,0.1049176
64,355.6637,225.93587,355.6449,225.88315,-0.018798828,-0.052719116,0.05597054
64,518.42993,572.34186,518.3711,572.30554,-0.05883789,-0.036315918,0.06914292
64,130.94084,228.5315,130.83496,228.54506,-0.10588074,0.0135650635,0.10674615
64,332.00366,704.47217,327.64322,697.6755,-4.360443,-6.796692,8.075177
64,190.88176,228.05214,190.8439,228.08052,-0.037857056,0.028381348,0.047314454
64,524.5583,475.42993,524.25006,475.32748,-0.30822754,-0.10244751,0.3248072
64,515.29,278.76376,515.3313,278.73898,0.0413208,-0.024780273,0.04818164
64,389.0972,224.53207,389.1257,224.566,0.028503418,0.033920288,0.044306103
64,526.5593,668.6299,526.51337,668.59393,-0.045959473,-0.035949707,0.05834942
64,122.11296,313.7801,122.0678,313.2892,-0.045158386,-0.49087524,0.49294806
64,480.8163,1217.2394,481.20032,1217.3348,0.3840027,0.095458984,0.39568987
64,258.47934,226.96115,258.45575,226.88875,-0.023590088,-0.072402954,0.07614907
64,480.8758,1216.3964,481.19965,1216.5009,0.32385254,0.10449219,0.34029263
64,514.87744,245.57036,514.7166,245.48077,-0.16082764,-0.08958435,0.18409477
64,479.73163,223.07446,479.7485,223.04434,0.01687622,-0.03012085,0.0345264
64,514.9745,308.99228,514.9634,308.94638,-0.011108398,-0.045898438,0.047223542
64,519.97327,537.6349,520.0352,537.72375,0.061950684,0.08886719,0.10832942
64,518.6905,1194.099,515.66437,1194.5802,-3.026123,0.48120117,3.0641437
64,470.84555,1260.5432,470.13934,1260.0413,-0.7062073,-0.5019531,0.8664212
65,390.70547,531.68854,385.45673,539.6412,-5.248749,7.9526367,9.528578
65,482.18423,996.7686,482.6871,997.61194,0.50286865,0.84332275,0.9818707
65,424.2132,1212.1278,424.0716,1212.3694,-0.14160156,0.24157715,0.28001878
65,152.68497,1099.8992,152.42935,1099.3105,-0.25561523,-0.58862305,0.6417291
65,434.2203,1211.3463,434.1202,1211.7384,-0.100097656,0.39208984,0.4046653
65,231.14977,1129.5132,231.10881,1128.2505,-0.04095459,-1.2626953,1.2633593
65,471.95865,1214.9271,471.88852,1215.3673,-0.070129395,0.44018555,0.44573697
65,427.34125,1215.6241,427.17865,1215.7969,-0.16259766,0.17272949,0.2372203
65,80.91556,1122.496,78.3251,1122.4105,-2.590454,-0.08544922,2.5918632
65,494.3375,1199.1525,494.56598,1199.1218,0.2284851,-0.030639648,0.23053032
65,344.6113,632.978,332.156,609.5377,-12.455292,-23.440308,26.543968
65,322.6408,225.10756,322.5715,224.49643,-0.06930542,-0.61112976,0.615047
65,511.0503,1058.6458,511.47028,1058.0156,0.4199829,-0.63012695,0.75726193
65,496.76514,1141.0592,497.27643,1139.4163,0.5112915,-1.6429443,1.7206641
65,522.6798,507.80646,522.5074,507.01917,-0.17242432,-0.7872925,0.8059526
65,510.33215,224.12921,510.1133,223.45746,-0.21884155,-0.6717529,0.70650095
65,518.45264,374.61356,518.3563,373.9367,-0.09631348,-0.67684937,0.68366754
65,436.50137,1216.1311,436.40372,1216.4712,-0.09765625,0.3400879,0.3538312
65,522.2144,701.9188,522.16724,701.3708,-0.047180176,-0.54803467,0.55006176
65,516.3582,341.65405,516.3326,340.88245,-0.025634766,-0.77160645,0.77203214
65,471.33292,626.05963,471.66296,626.3459,0.3300476,0.28625488,0.43689045
65,520.4775,442.86713,520.3689,442.20078,-0.10858154,-0.6663513,0.67514
65,394.73,506.8489,374.39145,481.10123,-20.338562,-25.74768,32.811584
65,518.3104,408.23407,518.2229,407.6931,-0.087524414,-0.5409546,0.54798937
65,420.4169,223.97931,420.2506,223.38507,-0.16629028,-0.5942383,0.6170669
65,324.57645,909.0649,306.04468,886.5238,-18.531769,-22.541077,29.18093
65,454.834,223.79741,454.69452,223.31995,-0.13949585,-0.47746277,0.49742314
65,355.6449,225.88315,355.58072,225.35442,-0.06417847,-0.5287323,0.5326131
65,518.3711,572.30554,518.2949,571.60205,-0.076171875,-0.7034912,0.70760304
65,130.83496,228.54506,130.64809,228.02904,-0.18687439,-0.5160217,0.54881734
65,327.64322,697.6755,318.02548,677.1558,-9.617737,-20.519653,22.661798
65,190.8439,228.08052,190.76353,227.55322,-0.08036804,-0.527298,0.5333875
65,524.25006,475.32748,523.7929,474.59933,-0.45715332,-0.7281494,0.859762
65,515.3313,278.73898,515.22,278.1056,-0.111328125,-0.63339233,0.6431017
65,389.1257,224.566,389.1201,224.10606,-0.0056152344,-0.45993042,0.4599647
65,526.51337,668.59393,526.3975,667.8038,-0.11584473,-0.79016113,0.7986079
65,122.0678,313.2892,121.81374,312.84402,-0.25405884,-0.44519043,0.5125821
65,481.20032,1217.3348,481.6296,1217.4645,0.42929077,0.12963867,0.44843814
65,258.45575,226.88875,258.28033,226.48442,-0.17541504,-0.4043274,0.44073924
65,481.19965,1216.5009,481.52286,1216.6746,0.32321167,0.17370605,0.36693266
65,514.7166,245.48077,514.38574,244.65874,-0.33087158,-0.82203674,0.88612664
65,479.7485,223.04434,479.77512,222.61037,0.026611328,-0.43397522,0.43479037
65,514.9634,308.94638,514.948,308.20865,-0.015380859,-0.73773193,0.73789227
65,520.0352,537.72375,519.90796,537.0712,-0.1272583,-0.65252686,0.66482025
65,515.66437,1194.5802,510.77457,1195.6001,-4.889801,1.0198975,4.9950323
65,470.13934,1260.0413,469.57776,1259.3186,-0.5615845,-0.72265625,0.9152099
66,385.45673,539.6412,376.12207,527.0352,-9.334656,-12.605957,15.685852
66,482.6871,997.61194,482.64246,997.8628,-0.044647217,0.2508545,0.25479668
66,424.0716,1212.3694,423.9562,1212.4202,-0.11538696,0.05078125,0.12606698
66,152.42935,1099.3105,152.02219,1099.0651,-0.40716553,-0.2454834,0.4754428
66,434.1202,1211.7384,434.136,1211.6991,0.015777588,-0.03930664,0.04235498
66,231.10881,1128.2505,231.03941,1127.4805,-0.06939697,-0.77001953,0.7731404
66,471.88852,1215.3673,471.79138,1215.3519,-0.09713745,-0.015380859,0.09834763
66,427.17865,1215.7969,427.00095,1215.7657,-0.17770386,-0.03112793,0.18040955
66,78.3251,1122.4105,77.44351,1122.2535,-0.8815918,-0.15698242,0.8954594
66,494.56598,1199.1218,494.80566,1198.8636,0.23968506,-0.2581787,0.35228562
66,332.156,609.5377,324.4066,598.09094,-7.74942,-11.446777,13.82325
66,322.5715,224.49643,322.4877,224.49397,-0.08380127,-0.002456665,0.08383727
66,511.47028,1058.0156,511.72394,1057.748,0.2536621,-0.26757812,0.36870384
66,497.27643,1139.4163,497.67108,1137.5306,0.39465332,-1.8856201,1.9264772
66,522.5074,507.01917,522.4043,506.7959,-0.10308838,-0.2232666,0.24591704
66,510.1133,223.45746,509.86435,223.26611,-0.2489624,-0.19134521,0.31399885
66,518.3563,373.9367,518.27234,373.7862,-0.083984375,-0.1505127,0.17235848
66,436.40372,1216.4712,436.29852,1216.43,-0.10519409,-0.041137695,0.11295179
66,522.16724,701.3708,522.1209,701.062,-0.046325684,-0.30877686,0.31223264
66,516.3326,340.88245,516.2246,340.7177,-0.10797119,-0.16473389,0.19696455
66,471.66296,626.3459,471.98123,626.3495,0.31826782,0.0036010742,0.3182882
66,520.3689,442.20078,520.3243,441.9273,-0.0446167,-0.27346802,0.27708375
66,374.39145,481.10123,363.41238,469.3648,-10.979065,-11.73642,16.071198
66,518.2229,407.6931,518.1869,407.56036,-0.036010742,-0.13275146,0.137549
66,420.2506,223.38507,420.152,223.39311,-0.098602295,0.008041382,0.09892965
66,306.04468,886.5238,300.63898,874.26843,-5.4057007,-12.255371,13.394615
66,454.69452,223.31995,454.52588,223.35905,-0.16864014,0.039108276,0.17311543
66,355.58072,225.35442,355.53418,225.44664,-0.046539307,0.09222412,0.10330148
66,518.2949,571.60205,518.1837,571.5396,-0.111206055,-0.062438965,0.12753592
66,130.64809,228.02904,130.44135,228.00195,-0.20674133,-0.02708435,0.2085079
66,318.02548,677.1558,312.40472,666.96576,-5.620758,-10.190063,11.637453
66,190.76353,227.55322,190.53656,227.50636,-0.22697449,-0.04685974,0.2317612
66,523.7929,474.59933,523.0641,474.44046,-0.7288208,-0.15887451,0.7459363
66,515.22,278.1056,515.10925,277.90485,-0.11071777,-0.20074463,0.22925277
66,389.1201,224.10606,389.01404,224.24196,-0.106048584,0.13589478,0.17237659
66,526.3975,667.8038,526.2866,667.5101,-0.11090088,-0.29370117,0.3139417
66,121.81374,312.84402,121.70788,312.88937,-0.10586548,0.04534912,0.11516962
66,481.6296,1217.4645,482.195,1217.4397,0.56539917,-0.024780273,0.56594193
66,258.28033,226.48442,258.1937,226.51543,-0.086639404,0.03100586,0.09202038
66,481.52286,1216.6746,481.98065,1216.6704,0.4577942,-0.0041503906,0.457813
66,514.38574,244.65874,513.947,244.43709,-0.4387207,-0.22164917,0.4915325
66,479.77512,222.61037,479.76483,222.62294,-0.010284424,0.012573242,0.016243638
66,514.948,308.20865,514.89966,307.94778,-0.048339844,-0.26086426,0.2653053
66,519.90796,537.0712,519.90186,537.138,-0.0061035156,0.06677246,0.06705084
66,510.77457,1195.6001,505.94983,1196.0491,-4.8247375,0.4489746,4.8455825
66,469.57776,1259.3186,469.6786,1258.5366,0.10083008,-0.7819824,0.7884562
67,376.12207,527.0352,355.8591,503.9429,-20.26297,-23.092316,30.722029
67,482.64246,997.8628,482.25473,997.4636,-0.38772583,-0.39916992,0.55647814
67,423.9562,1212.4202,423.7021,1211.7727,-0.25411987,-0.64746094,0.69554484
67,152.02219,1099.0651,152.07141,1098.9313,0.049224854,-0.13378906,0.14255735
67,434.136,1211.6991,434.14157,1210.9913,0.005584717,-0.7077637,0.70778567
67,231.03941,1127.4805,231.0961,1126.3204,0.0566864,-1.1600342,1.1614184
67,471.79138,1215.3519,471.73462,1214.7183,-0.056762695,-0.633667,0.63620424
67,427.00095,1215.7657,426.74173,1215.127,-0.2592163,-0.63879395,0.68938434
67,77.44351,1122.2535,76.1114,1122.2312,-1.3321152,-0.022338867,1.3323025
67,494.80566,1198.8636,495.09827,1198.1241,0.29260254,-0.73950195,0.7952857
67,324.4066,598.09094,307.47626,577.4149,-16.930328,-20.676025,26.723286
67,322.4877,224.49397,322.54135,224.47157,0.053649902,-0.022399902,0.05813835
67,511.72394,1057.748,512.08765,1057.487,0.3637085,-0.26098633,0.44765806
67,497.67108,1137.5306,498.12027,1135.3787,0.44918823,-2.1519775,2.1983578
67,522.4043,506.7959,522.397,506.1957,-0.0073242188,-0.6001892,0.6002339
67,509.86435,223.26611,509.74075,222.74068,-0.12359619,-0.5254364,0.5397772
67,518.27234,373.7862,518.3085,373.22226,0.036132812,-0.5639343,0.5650907
67,436.29852,1216.43,436.20367,1215.6868,-0.09484863,-0.74328613,0.74931335
67,522.1209,701.062,522.2796,700.56067,0.1586914,-0.5013428,0.5258588
67,516.2246,340.7177,516.25006,340.13193,0.02545166,-0.5857849,0.58633757
67,471.98123,626.3495,472.52625,626.0304,0.5450134,-0.3190918,0.631553
67,520.3243,441.9273,520.38855,441.30725,0.06427002,-0.62005615,0.6233781
67,363.41238,469.3648,339.931,447.05878,-23.481384,-22.30603,32.387257
67,518.1869,407.56036,518.1929,407.03198,0.0059814453,-0.52838135,0.5284152
67,420.152,223.39311,420.19513,223.35109,0.043121338,-0.042022705,0.060210943
67,300.63898,874.26843,298.01352,846.3923,-2.6254578,-27.87616,27.999523
67,454.52588,223.35905,454.46295,223.10724,-0.062927246,-0.2518158,0.25955933
67,355.53418,225.44664,355.52737,225.29567,-0.00680542,-0.15097046,0.15112376
67,518.1837,571.5396,518.22797,570.9755,0.04425049,-0.5640869,0.56581986
67,130.44135,228.00195,130.48935,228.07385,0.04800415,0.071899414,0.08645186
67,312.40472,666.96576,298.24344,657.6892,-14.161285,-9.27655,16.929157
67,190.53656,227.50636,190.5901,227.55098,0.05354309,0.0446167,0.06969585
67,523.0641,474.44046,522.91254,473.99335,-0.1515503,-0.44711304,0.4720991
67,515.10925,277.90485,515.1503,277.4148,0.04107666,-0.49005127,0.4917698
67,389.01404,224.24196,389.1304,224.15053,0.116363525,-0.091430664,0.1479866
67,526.2866,667.5101,526.2527,666.85547,-0.033935547,-0.65460205,0.6554811
67,121.70788,312.88937,121.74674,312.41116,0.038864136,-0.47821045,0.47978708
67,482.195,1217.4397,483.0759,1216.8302,0.8808899,-0.6094971,1.0711926
67,258.1937,226.51543,258.14624,226.35596,-0.047454834,-0.1594696,0.16638064
67,481.98065,1216.6704,482.74405,1216.1108,0.7633972,-0.5595703,0.9465169
67,513.947,244.43709,513.7123,243.6506,-0.23474121,-0.78648376,0.82076806
67,479.76483,222.62294,479.84628,222.45433,0.081451416,-0.16860962,0.1872526
67,514.89966,307.94778,514.97266,307.4797,0.07299805,-0.4680786,0.47373652
67,519.90186,537.138,519.9547,536.6624,0.052856445,-0.47558594,0.47851413
67,505.94983,1196.0491,398.36218,1216.3186,-107.58765,20.269531,109.480385
67,469.6786,1258.5366,469.54846,1257.3453,-0.13012695,-1.1912842,1.1983701
68,355.8591,503.9429,344.99362,493.84247,-10.8654785,-10.100433,14.835005
68,482.25473,997.4636,481.60037,997.16925,-0.6543579,-0.29437256,0.71752316
68,423.7021,1211.7727,423.52777,1211.5685,-0.1743164,-0.20422363,0.26850232
68,152.07141,1098.9313,151.97485,1099.0804,-0.09655762,0.14916992,0.17769367
68,434.14157,1210.9913,434.26633,1210.4866,0.12475586,-0.50476074,0.51994944
68,231.0961,1126.3204,231.0599,1125.4921,-0.036193848,-0.82836914,0.82915944
68,471.73462,1214.7183,471.7509,1214.2554,0.01626587,-0.46289062,0.46317634
68,426.74173,1215.127,426.5787,1214.8079,-0.1630249,-0.3190918,0.35832483
68,76.1114,1122.2312,75.35396,1122.3647,-0.75743866,0.13354492,0.7691213
68,495.09827,1198.1241,495.39862,1197.2073,0.300354,-0.9168701,0.9648126
68,307.47626,577.4149,297.98083,568.18896,-9.495422,-9.225952,13.239383
68,322.54135,224.47157,322.5331,224.5921,-0.008239746,0.120529175,0.120810494
68,512.08765,1057.487,512.70386,1057.5427,0.61621094,0.055664062,0.61872
68,498.12027,1135.3787,498.32828,1134.1167,0.20800781,-1.2619629,1.2789909
68,522.397,506.1957,522.37805,506.05933,-0.018920898,-0.13638306,0.13768929
68,509.74075,222.74068,509.54483,222.8326,-0.19592285,0.091918945,0.21641362
68,518.3085,373.22226,518.3311,373.20108,0.022644043,-0.0211792,0.031005017
68,436.20367,1215.6868,436.1958,1215.2351,-0.007873535,-0.45166016,0.45172876
68,522.2796,700.56067,522.2573,700.5083,-0.022277832,-0.052368164,0.05690981
68,516.25006,340.13193,516.2993,340.09665,0.04925537,-0.03527832,0.0605859
68,472.52625,626.0304,472.98022,626.26105,0.4539795,0.23065186,0.5092128
68,520.38855,441.30725,520.41296,441.18488,0.024414062,-0.12237549,0.12478705
68,339.931,447.05878,281.56427,410.60425,-58.36673,-36.45453,68.81575
68,518.1929,407.03198,518.26495,407.04523,0.07208252,0.013244629,0.07328922
68,420.19513,223.35109,420.25546,223.60625,0.060333252,0.25515747,0.2621935
68,298.01352,846.3923,299.3251,831.26,1.3115845,-15.132263,15.188997
68,454.46295,223.10724,454.39032,223.46056,-0.072631836,0.35331726,0.36070552
68,355.52737,225.29567,355.5598,225.55385,0.032440186,0.2581787,0.2602088
68,518.22797,570.9755,518.24536,570.8601,0.01739502,-0.11541748,0.11672095
68,130.48935,228.07385,130.45749,228.45311,-0.03186035,0.3792572,0.3805931
68,298.24344,657.6892,289.75143,657.6958,-8.492004,0.006591797,8.492007
68,190.5901,227.55098,190.43842,227.8798,-0.15168762,0.3288269,0.36212742
68,522.91254,473.99335,522.7093,473.92676,-0.20324707,-0.066589355,0.21387734
68,515.1503,277.4148,515.17664,277.37494,0.026306152,-0.039855957,0.047754698
68,389.1304,224.15053,389.20825,224.49307,0.07785034,0.34254456,0.35127974
68,526.2527,666.85547,526.21625,666.7459,-0.03643799,-0.109558105,0.115458675
68,121.74674,312.41116,121.71293,312.37958,-0.033813477,-0.031585693,0.04627102
68,483.0759,1216.8302,483.62686,1216.3983,0.55096436,-0.43188477,0.70006156
68,258.14624,226.35596,258.08826,226.6713,-0.0579834,0.31533813,0.3206247
68,482.74405,1216.1108,483.24042,1215.6353,0.4963684,-0.47558594,0.6874326
68,513.7123,243.6506,513.4624,243.48691,-0.24987793,-0.16369629,0.29872304
68,479.84628,222.45433,479.8668,222.74872,0.020507812,0.29438782,0.29510126
68,514.97266,307.4797,515.12286,307.37823,0.15020752,-0.10147095,0.18126956
68,519.9547,536.6624,520.07874,536.69403,0.12402344,0.03161621,0.12798983
68,398.36218,1216.3186,393.9612,1216.4076,-4.4009705,0.08898926,4.4018703
68,469.54846,1257.3453,469.73267,1256.1567,0.1842041,-1.1885986,1.2027875
69,344.99362,493.84247,323.02643,476.00058,-21.967194,-17.841888,28.30001
69,481.60037,997.16925,480.82364,996.84827,-0.7767334,-0.3209839,0.8404436
69,423.52777,1211.5685,423.33206,1211.2925,-0.19570923,-0.27600098,0.33834693
69,151.97485,1099.0804,151.8666,1099.1956,-0.10826111,0.115112305,0.15802313
69,434.26633,1210.4866,434.34015,1209.9872,0.07382202,-0.49938965,0.50481653
69,231.0599,1125.4921,231.10329,1124.0474,0.043380737,-1.4447021,1.4453533
69,471.7509,1214.2554,471.79565,1213.7301,0.044769287,-0.52526855,0.527173
69,426.5787,1214.8079,426.30368,1214.4852,-0.2750244,-0.32263184,0.42394543
69,75.35396,1122.3647,73.947296,1122.7048,-1.406662,0.3400879,1.4471896
69,495.39862,1197.2073,495.6495,1196.965,0.250885,-0.24230957,0.34879395
69,297.98083,568.18896,278.9087,552.39594,-19.072144,-15.79303,24.762197
69,322.5331,224.5921,322.53473,224.81404,0.0016174316,0.22193909,0.22194497
69,512.70386,1057.5427,513.16895,1057.5587,0.4650879,0.015991211,0.46536273
69,498.32828,1134.1167,498.52884,1132.446,0.20056152,-1.6706543,1.68265
69,522.37805,506.05933,522.4081,505.7459,0.030029297,-0.31341553,0.31485084
69,509.54483,222.8326,509.41602,222.77213,-0.1288147,-0.06047058,0.1423022
69,518.3311,373.20108,518.3404,372.98892,0.009277344,-0.2121582,0.21236095
69,436.1958,1215.2351,436.08942,1214.7439,-0.10638428,-0.49121094,0.50259906
69,522.2573,700.5083,522.30804,700.3157,0.050720215,-0.19262695,0.19919258
69,516.2993,340.09665,516.3077,339.96402,0.008361816,-0.1326294,0.13289273
69,472.98022,626.26105,473.44046,626.3548,0.4602356,0.09375,0.46968699
69,520.41296,441.18488,520.4409,441.02325,0.027954102,-0.1616211,0.16402076
69,518.26495,407.04523,518.2793,406.98236,0.014343262,-0.06286621,0.0644817
69,420.25546,223.60625,420.2861,223.78677,0.030639648,0.18052673,0.1831084
69,299.3251,831.26,304.64108,795.5514,5.315979,-35.70862,36.10215
69,454.39032,223.46056,454.38443,223.66882,-0.0058898926,0.20826721,0.20835048
69,355.5598,225.55385,355.50797,225.65268,-0.051849365,0.09883118,0.11160626
69,518.24536,570.8601,518.25916,570.73346,0.013793945,-0.12664795,0.12739693
69,130.45749,228.45311,130.42426,228.61537,-0.033233643,0.16226196,0.16563037
69,289.75143,657.6958,269.03122,643.4526,-20.720215,-14.243225,25.143524
69,190.43842,227.8798,190.41872,228.07872,-0.019699097,0.19891357,0.19988663
69,522.7093,473.92676,522.55817,473.78064,-0.15112305,-0.14611816,0.21021107
69,515.17664,277.37494,515.2245,277.16284,0.047851562,-0.21209717,0.2174281
69,389.20825,224.49307,389.26324,224.81337,0.054992676,0.32029724,0.32498387
69,526.21625,666.7459,526.2041,666.6827,-0.012145996,-0.06323242,0.06438839
69,121.71293,312.37958,121.698524,312.24695,-0.014404297,-0.1326294,0.13340929
69,483.62686,1216.3983,484.30066,1215.9678,0.6737976,-0.430542,0.7996059
69,258.08826,226.6713,258.17194,226.84563,0.0836792,0.17433167,0.1933746
69,483.24042,1215.6353,483.73703,1215.1707,0.49661255,-0.4645996,0.6800565
69,513.4624,243.48691,513.26917,243.14575,-0.1932373,-0.341156,0.3920817
69,479.8668,222.74872,479.9401,222.84743,0.07330322,0.09870911,0.1229506
69,515.12286,307.37823,515.1928,307.21762,0.06994629,-0.16061401,0.17518374
69,520.07874,536.69403,520.18823,536.6884,0.10949707,-0.0056152344,0.109640956
69,393.9612,1216.4076,390.06003,1216.4751,-3.901184,0.06750488,3.901768
69,469.73267,1256.1567,469.38013,1255.4911,-0.35253906,-0.6656494,0.7532416
70,323.02643,476.00058,312.14056,468.41687,-10.885864,-7.5837097,13.267053
70,480.82364,996.84827,480.8022,997.20905,-0.021453857,0.3607788,0.36141613
70,423.33206,1211.2925,423.2793,1211.5739,-0.052764893,0.28137207,0.28627676
70,151.8666,1099.1956,151.80196,1099.7778,-0.06463623,0.5822754,0.5858519
70,434.34015,1209.9872,434.40146,1210.1997,0.061309814,0.21252441,0.22119114
70,231.10329,1124.0474,231.05977,1122.924,-0.043518066,-1.1234131,1.1242557
70,471.79565,1213.7301,471.70514,1213.9622,-0.09051514,0.23205566,0.24908397
70,426.30368,1214.4852,426.24088,1214.7041,-0.062805176,0.21887207,0.2277048
70,73.947296,1122.7048,73.49363,1122.6152,-0.4536667,-0.08959961,0.46243006
70,495.6495,1196.965,496.02234,1196.9974,0.37283325,0.032470703,0.37424454
70,278.9087,552.39594,269.31842,545.3577,-9.590271,-7.038208,11.895783
70,322.53473,224.81404,322.56177,225.07909,0.027038574,0.26504517,0.26642078
70,513.16895,1057.5587,513.60065,1057.6757,0.43170166,0.11694336,0.44726062
70,498.52884,1132.446,498.88165,1131.6531,0.35281372,-0.79296875,0.8679153
70,522.4081,505.7459,522.393,505.70676,-0.015075684,-0.039154053,0.04195612
70,509.41602,222.77213,509.2271,222.88535,-0.18890381,0.113220215,0.22023502
70,518.3404,372.98892,518.36285,373.01675,0.022460938,0.027832031,0.035764728
70,436.08942,1214.7439,436.07626,1214.9572,-0.013153076,0.21325684,0.21366207
70,522.30804,700.3157,522.324,700.2931,0.015930176,-0.022583008,0.027636258
70,516.3077,339.96402,516.32935,339.96555,0.02166748,0.0015258789,0.021721141
70,473.44046,626.3548,473.84888,626.48773,0.40841675,0.13293457,0.4295065
70,520.4409,441.02325,520.46277,440.94946,0.021850586,-0.073791504,0.07695865
70,518.2793,406.98236,518.3414,407.03796,0.062072754,0.055603027,0.083335005
70,420.2861,223.78677,420.34128,224.12192,0.05517578,0.33514404,0.33965555
70,304.64108,795.5514,307.69202,776.0701,3.0509338,-19.481262,19.718718
70,454.38443,223.66882,454.30774,223.93436,-0.076690674,0.26553345,0.27638644
70,355.50797,225.65268,355.59253,225.93248,0.08456421,0.27980042,0.29230013
70,518.25916,570.73346,518.3615,570.6853,0.10235596,-0.04815674,0.11311858
70,130.42426,228.61537,130.4261,228.93268,0.0018463135,0.31730652,0.3173119
70,269.03122,643.4526,259.18976,632.60126,-9.841461,-10.851318,14.649419
70,190.41872,228.07872,190.38925,228.45192,-0.029464722,0.37319946,0.3743608
70,522.55817,473.78064,522.522,473.754,-0.036193848,-0.026641846,0.04494199
70,515.2245,277.16284,515.25684,277.18387,0.032348633,0.021026611,0.038581762
70,389.26324,224.81337,389.31094,225.16936,0.047698975,0.35598755,0.35916895
70,526.2041,666.6827,526.3117,666.5385,0.10760498,-0.14416504,0.1798955
70,121.698524,312.24695,121.68407,312.35406,-0.014457703,0.1071167,0.10808799
70,484.30066,1215.9678,485.26447,1216.0281,0.96380615,0.060302734,0.9656908
70,258.17194,226.84563,258.10617,227.14287,-0.06576538,0.2972412,0.30442968
70,483.73703,1215.1707,484.68027,1215.3291,0.9432373,0.15844727,0.9564529
70,513.26917,243.14575,513.0408,243.03555,-0.22839355,-0.110198975,0.2535891
70,479.9401,222.84743,480.06592,223.20154,0.12582397,0.35411072,0.37580058
70,515.1928,307.21762,515.2654,307.16873,0.0725708,-0.04888916,0.087502405
70,520.18823,536.6884,520.28284,536.71576,0.09460449,0.02734375,0.09847685
70,390.06003,1216.4751,389.34177,1216.7335,-0.7182617,0.25842285,0.76333624
70,469.38013,1255.4911,469.8569,1255.0453,0.47677612,-0.44580078,0.65272796
71,312.14056,468.41687,290.7976,455.47903,-21.342957,-12.937836,24.958153
71,480.8022,997.20905,480.99826,998.3767,0.19607544,1.1676636,1.1840117
71,423.2793,1211.5739,423.07166,1212.241,-0.2076416,0.66711426,0.69868195
71,151.80196,1099.7778,151.96185,1111.7954,0.15989685,12.017578,12.018641
71,434.40146,1210.1997,434.2676,1211.0049,-0.1338501,0.8051758,0.8162254
71,231.05977,1122.924,230.89693,1121.7561,-0.1628418,-1.1678467,1.1791451
71,471.70514,1213.9622,471.48587,1214.7451,-0.2192688,0.782959,0.81308275
71,426.24088,1214.7041,425.8606,1215.4548,-0.38027954,0.7507324,0.84155315
71,73.49363,1122.6152,72.28367,1122.7598,-1.2099609,0.14453125,1.2185626
71,496.02234,1196.9974,496.21613,1196.7351,0.19378662,-0.2623291,0.32614386
71,269.31842,545.3577,251.60358,534.2631,-17.714844,-11.0946045,20.902296
71,322.56177,225.07909,322.4717,225.47197,-0.09005737,0.3928833,0.4030727
71,513.60065,1057.6757,513.765,1057.9956,0.16436768,0.3199463,0.35969758
71,498.88165,1131.6531,499.2079,1131.2386,0.3262329,-0.4144287,0.52742684
71,522.393,505.70676,522.33563,505.8766,-0.057373047,0.16983032,0.1792596
71,509.2271,222.88535,508.9577,223.1725,-0.26940918,0.28715515,0.3937504
71,518.36285,373.01675,518.3209,373.10922,-0.041931152,0.09246826,0.10153128
71,436.07626,1214.9572,435.78683,1215.7693,-0.2894287,0.8121338,0.862166
71,522.324,700.2931,522.24115,700.48773,-0.08282471,0.19464111,0.21153036
71,516.32935,339.96555,516.24524,340.03223,-0.084106445,0.06668091,0.10733237
71,473.84888,626.48773,474.04382,626.5727,0.19494629,0.08496094,0.21265563
71,520.46277,440.94946,520.25116,440.8886,-0.21160889,-0.06085205,0.22018468
71,518.3414,407.03796,518.2952,407.20306,-0.046142578,0.1651001,0.17142689
71,420.34128,224.12192,420.2125,224.594,-0.12878418,0.47207642,0.4893276
71,307.69202,776.0701,312.5181,735.5395,4.8260803,-40.53064,40.816956
71,454.30774,223.93436,454.11923,224.49101,-0.18850708,0.5566559,0.587708
71,355.59253,225.93248,355.46494,226.39676,-0.127594,0.46427917,0.48149285
71,518.3615,570.6853,518.32336,570.72986,-0.038146973,0.044555664,0.05865491
71,130.4261,228.93268,130.243,229.56718,-0.18310547,0.6345062,0.6603982
71,259.18976,632.60126,240.37607,654.01733,-18.81369,21.416077,28.506197
71,190.38925,228.45192,190.37018,229.09068,-0.019073486,0.6387634,0.6390481
71,522.522,473.754,522.37805,473.7853,-0.1439209,0.031311035,0.14728749
71,515.25684,277.18387,515.19507,277.35928,-0.061767578,0.17541504,0.18597223
71,389.31094,225.16936,389.3146,225.64967,0.0036621094,0.48031616,0.48033014
71,526.3117,666.5385,526.1982,666.5729,-0.11352539,0.034362793,0.118612036
71,121.68407,312.35406,121.55899,312.5551,-0.1250763,0.2010498,0.23678072
71,485.26447,1216.0281,485.9208,1216.5524,0.65634155,0.524292,0.8400395
71,258.10617,227.14287,257.6355,227.73686,-0.4706726,0.59399414,0.75786656
71,484.68027,1215.3291,485.55228,1215.9465,0.8720093,0.61743164,1.0684671
71,513.0408,243.03555,512.7228,243.16125,-0.31799316,0.1257019,0.34193656
71,480.06592,223.20154,480.13962,223.79524,0.07369995,0.5937042,0.5982611
71,515.2654,307.16873,515.25446,307.20123,-0.010925293,0.03250122,0.034288358
71,520.28284,536.71576,520.2984,536.9372,0.015563965,0.22143555,0.22198184
71,389.34177,1216.7335,388.3457,1217.3636,-0.99606323,0.63012695,1.1786441
71,469.8569,1255.0453,470.32297,1254.8252,0.46606445,-0.22009277,0.5154191
72,290.7976,455.47903,280.73203,450.21063,-10.065582,-5.268402,11.360986
72,480.99826,998.3767,480.62323,998.77673,-0.37503052,0.4000244,0.5483315
72,423.07166,1212.241,422.9272,1212.586,-0.14447021,0.34509277,0.37411317
72,151.96185,1111.7954,152.2153,1134.6608,0.2534485,22.865356,22.86676
72,434.2676,1211.0049,434.2991,1211.2852,0.03149414,0.28027344,0.28203738
72,230.89693,1121.7561,230.86469,1120.7175,-0.03224182,-1.0385742,1.0390745
72,471.48587,1214.7451,471.43027,1214.9739,-0.055603027,0.22875977,0.23542032
72,425.8606,1215.4548,425.73587,1215.7651,-0.12472534,0.31030273,0.33443114
72,72.28367,1122.7598,71.97682,1122.896,-0.30684662,0.13623047,0.33572844
72,496.21613,1196.7351,496.53525,1196.8157,0.3191223,0.080566406,0.32913524
72,251.60358,534.2631,243.44614,529.65564,-8.15744,-4.607483,9.3687105
72,322.4717,225.47197,322.44254,226.08763,-0.029174805,0.6156616,0.6163525
72,513.765,1057.9956,514.0536,1058.2566,0.28857422,0.26098633,0.38908732
72,499.2079,1131.2386,499.45703,1130.9395,0.24914551,-0.29919434,0.38934654
72,522.33563,505.8766,522.33527,506.02805,-0.00036621094,0.15145874,0.15145919
72,508.9577,223.1725,508.845,223.43456,-0.112701416,0.26205444,0.2852615
72,518.3209,373.10922,518.2976,373.33936,-0.02331543,0.23013306,0.23131111
72,435.78683,1215.7693,435.70416,1216.0638,-0.08267212,0.29455566,0.30593744
72,522.24115,700.48773,522.2489,700.6066,0.007751465,0.118896484,0.119148895
72,516.24524,340.03223,516.2545,340.2432,0.009277344,0.21096802,0.21117191
72,474.04382,626.5727,474.37488,627.1248,0.3310547,0.552124,0.64376867
72,520.25116,440.8886,520.254,441.06876,0.0028686523,0.18014526,0.1801681
72,518.2952,407.20306,518.3142,407.35565,0.018981934,0.15258789,0.15376404
72,420.2125,224.594,420.23273,225.23882,0.020233154,0.64482117,0.64513856
72,312.5181,735.5395,313.63464,714.71,1.1165466,-20.829468,20.859371
72,454.11923,224.49101,454.14062,225.1311,0.021392822,0.64009094,0.64044833
72,355.46494,226.39676,355.44666,227.01207,-0.01828003,0.61531067,0.61558217
72,518.32336,570.72986,518.33435,570.74695,0.010986328,0.017089844,0.020316549
72,130.243,229.56718,130.21759,230.11244,-0.025405884,0.54525757,0.54584914
72,240.37607,654.01733,233.9352,645.70825,-6.440872,-8.309082,10.51312
72,190.37018,229.09068,190.30049,229.66501,-0.06968689,0.57432556,0.5785379
72,522.37805,473.7853,522.349,474.09262,-0.029052734,0.307312,0.30868226
72,515.19507,277.35928,515.2061,277.47406,0.011047363,0.11477661,0.11530705
72,389.3146,225.64967,389.3612,226.32988,0.04660034,0.6802063,0.6818007
72,526.1982,666.5729,526.19434,666.6165,-0.0038452148,0.043640137,0.043809213
72,121.55899,312.5551,121.54159,312.6662,-0.017402649,0.111083984,0.11243889
72,485.9208,1216.5524,486.19055,1216.7911,0.26974487,0.23876953,0.36024046
72,257.6355,227.73686,257.62878,228.33818,-0.006713867,0.60131836,0.60135585
72,485.55228,1215.9465,485.782,1216.2347,0.22973633,0.288208,0.36856836
72,512.7228,243.16125,512.5562,243.1583,-0.16656494,-0.002960205,0.16659124
72,480.13962,223.79524,480.1535,224.40465,0.013885498,0.6094055,0.6095637
72,515.25446,307.20123,515.28406,307.33124,0.02960205,0.13000488,0.13333248
72,520.2984,536.9372,520.32263,537.021,0.024230957,0.08380127,0.087234125
72,388.3457,1217.3636,388.99124,1217.6313,0.64553833,0.2677002,0.69884413
72,470.32297,1254.8252,470.16254,1255.2294,-0.16043091,0.4041748,0.43485096
73,280.73203,450.21063,261.91895,441.0758,-18.81308,-9.134827,20.91356
73,480.62323,998.77673,479.94156,999.02905,-0.68167114,0.25231934,0.7268704
73,422.9272,1212.586,422.73517,1212.8391,-0.1920166,0.25305176,0.31765637
73,152.2153,1134.6608,152.22139,1135.1106,0.006088257,0.4498291,0.44987032
73,434.2991,1211.2852,434.37808,1211.4236,0.07897949,0.13842773,0.15937378
73,230.86469,1120.7175,230.9411,1113.0299,0.076416016,-7.687622,7.688002
73,471.43027,1214.9739,471.5022,1215.2524,0.07192993,0.27856445,0.28770134
73,425.73587,1215.7651,425.6887,1216.0337,-0.047180176,0.2685547,0.27266753
73,71.97682,1122.896,71.62633,1123.1383,-0.35049438,0.24230957,0.42609888
73,496.53525,1196.8157,496.82648,1197.061,0.29122925,0.24536133,0.38081053
73,243.44614,529.65564,228.64262,521.7688,-14.803513,-7.886841,16.773378
73,322.44254,226.08763,322.53094,226.7948,0.088409424,0.7071686,0.7126736
73,514.0536,1058.2566,514.2413,1058.9127,0.1876831,0.6561279,0.68244326
73,499.45703,1130.9395,499.5555,1131.2946,0.098480225,0.35510254,0.36850533
73,522.33527,506.02805,522.3463,506.67282,0.011047363,0.6447754,0.64487004
73,508.845,223.43456,508.78497,224.19453,-0.060028076,0.75997925,0.76234627
73,518.2976,373.33936,518.3235,373.96268,0.025878906,0.62332153,0.6238585
73,435.70416,1216.0638,435.7373,1216.2332,0.03314209,0.16931152,0.17252475
73,522.2489,700.6066,522.2779,701.3291,0.0289917,0.72247314,0.72305465
73,516.2545,340.2432,516.28894,340.7964,0.034423828,0.55319214,0.55426216
73,474.37488,627.1248,474.65314,627.4614,0.27825928,0.3366089,0.43673077
73,520.254,441.06876,520.3009,441.6709,0.046875,0.60214233,0.6039641
73,518.3142,407.35565,518.343,408.08566,0.028808594,0.730011,0.7305792
73,420.23273,225.23882,420.2803,225.89206,0.047576904,0.653244,0.6549743
73,313.63464,714.71,311.82074,672.0809,-1.8139038,-42.62915,42.667725
73,454.14062,225.1311,454.2114,225.82166,0.07077026,0.69055176,0.6941687
73,355.44666,227.01207,355.48758,227.68935,0.040924072,0.6772766,0.67851186
73,518.33435,570.74695,518.3594,571.5186,0.025024414,0.7716675,0.77207315
73,130.21759,230.11244,130.23593,230.69344,0.018341064,0.58099365,0.5812831
73,233.9352,645.70825,231.36157,677.11084,-2.5736237,31.402588,31.507872
73,190.30049,229.66501,190.37448,230.34326,0.07398987,0.6782532,0.68227696
73,522.349,474.09262,522.29535,474.66895,-0.053649902,0.57632446,0.57881624
73,515.2061,277.47406,515.2506,278.15042,0.04449463,0.6763611,0.67782307
73,389.3612,226.32988,389.39896,227.05214,0.037750244,0.7222595,0.7232454
73,526.19434,666.6165,526.18,667.3182,-0.014343262,0.70166016,0.7018067
73,121.54159,312.6662,121.61839,313.33813,0.076805115,0.67193604,0.6763114
73,486.19055,1216.7911,486.552,1217.2717,0.3614502,0.48059082,0.60134333
73,257.62878,228.33818,257.6744,228.93797,0.04562378,0.5997925,0.6015252
73,485.782,1216.2347,486.16254,1216.6232,0.38052368,0.38842773,0.54375947
73,512.5562,243.1583,512.4642,243.7752,-0.092041016,0.61691284,0.62374115
73,480.1535,224.40465,480.24228,225.05176,0.088775635,0.64711,0.65317106
73,515.28406,307.33124,515.33606,307.92752,0.052001953,0.59628296,0.5985462
73,520.32263,537.021,520.38055,537.75104,0.057922363,0.7300415,0.73233575
73,388.99124,1217.6313,389.7789,1217.8308,0.7876587,0.19946289,0.8125218
73,470.16254,1255.2294,470.17453,1255.4237,0.011993408,0.19433594,0.19470567
74,261.91895,441.0758,253.30872,437.17166,-8.6102295,-3.9041443,9.454015
74,479.94156,999.02905,480.13525,998.8792,0.19369507,-0.14984131,0.24488813
74,422.73517,1212.8391,422.73868,1212.9065,0.0035095215,0.06738281,0.06747414
74,152.22139,1135.1106,132.92854,1128.1156,-19.292847,-6.994995,20.521791
74,434.37808,1211.4236,434.40234,1211.4514,0.024261475,0.027832031,0.036922093
74,230.9411,1113.0299,229.11284,1106.5148,-1.8282623,-6.5151367,6.7667975
74,471.5022,1215.2524,471.49078,1215.2246,-0.011413574,-0.027832031,0.030081417
74,425.6887,1216.0337,425.6728,1216.0753,-0.015899658,0.041625977,0.044559184
74,71.62633,1123.1383,71.51798,1123.0514,-0.10834503,-0.08691406,0.13889816
74,496.82648,1197.061,496.95993,1197.1913,0.13345337,0.13024902,0.18647951
74,228.64262,521.7688,221.76163,518.2265,-6.8809967,-3.5422974,7.7392497
74,322.53094,226.7948,322.59122,226.86777,0.060272217,0.07296753,0.09464143
74,514.2413,1058.9127,514.57587,1059.0018,0.33459473,0.08911133,0.3462578
74,499.5555,1131.2946,499.6741,1130.8909,0.11859131,-0.40368652,0.4207454
74,522.3463,506.67282,522.3948,506.668,0.048461914,-0.0048217773,0.048701197
74,508.78497,224.19453,508.7366,224.28,-0.04837036,0.08546448,0.0982032
74,518.3235,373.96268,518.392,373.93472,0.06854248,-0.027954102,0.07402367
74,435.7373,1216.2332,435.72644,1216.268,-0.010864258,0.03479004,0.036446933
74,522.2779,701.3291,522.3574,701.3115,0.07952881,-0.017578125,0.08144828
74,516.28894,340.7964,516.33545,340.79782,0.04650879,0.0014343262,0.046530902
74,474.65314,627.4614,474.76517,627.56213,0.11203003,0.10070801,0.1506414
74,520.3009,441.6709,520.3263,441.65625,0.025390625,-0.0146484375,0.029313147
74,518.343,408.08566,518.3774,408.12628,0.034362793,0.040618896,0.053204287
74,420.2803,225.89206,420.30872,226.02303,0.028411865,0.13096619,0.1340126
74,311.82074,672.0809,308.66556,650.87854,-3.155182,-21.202332,21.435812
74,454.2114,225.82166,454.23038,225.95534,0.018981934,0.13368225,0.13502318
74,355.48758,227.68935,355.51517,227.84482,0.02758789,0.1554718,0.15790051
74,518.3594,571.5186,518.40546,571.50684,0.046081543,-0.011779785,0.047563348
74,130.23593,230.69344,130.26443,230.86818,0.028503418,0.17474365,0.17705306
74,231.36157,677.11084,231.14336,665.5671,-0.21821594,-11.543762,11.545825
74,190.37448,230.34326,190.37865,230.44121,0.0041656494,0.09794617,0.09803471
74,522.29535,474.66895,522.3615,474.65942,0.06616211,-0.009521484,0.066843726
74,515.2506,278.15042,515.3342,278.16687,0.083618164,0.016448975,0.08522069
74,389.39896,227.05214,389.42352,227.22641,0.02456665,0.17427063,0.17599368
74,526.18,667.3182,526.24493,667.30023,0.064941406,-0.017944336,0.06737496
74,121.61839,313.33813,121.668655,313.08554,0.05026245,-0.252594,0.2575462
74,486.552,1217.2717,486.77957,1217.2495,0.22756958,-0.022216797,0.22865148
74,257.6744,228.93797,257.89856,229.07986,0.22415161,0.14189148,0.2652869
74,486.16254,1216.6232,486.3562,1216.6012,0.19366455,-0.021972656,0.19490704
74,512.4642,243.7752,512.38763,243.71709,-0.076538086,-0.058120728,0.096104614
74,480.24228,225.05176,480.32816,225.20245,0.085876465,0.1506958,0.17344737
74,515.33606,307.92752,515.4343,307.93878,0.0982666,0.011260986,0.09890973
74,520.38055,537.75104,520.402,537.7686,0.02142334,0.017578125,0.027711911
74,389.7789,1217.8308,389.48605,1217.7902,-0.29284668,-0.040649414,0.29565445
74,470.17453,1255.4237,470.16385,1255.2714,-0.010681152,-0.15234375,0.15271772
75,253.30872,437.17166,237.53174,430.34674,-15.776978,-6.8249207,17.189898
75,480.13525,998.8792,480.55005,998.99365,0.41479492,0.11444092,0.4302924
75,422.73868,1212.9065,423.18152,1212.9913,0.44284058,0.08483887,0.450894
75,132.92854,1128.1156,114.244415,1131.2062,-18.684128,3.0905762,18.938011
75,434.40234,1211.4514,434.81488,1211.5219,0.41253662,0.07043457,0.41850626
75,229.11284,1106.5148,226.86472,1114.0245,-2.2481232,7.5097656,7.8390455
75,471.49078,1215.2246,471.88336,1215.3237,0.39257812,0.099121094,0.40489823
75,425.6728,1216.0753,426.08673,1216.1576,0.41394043,0.08227539,0.4220378
75,71.51798,1123.0514,71.45015,1122.9447,-0.06783295,-0.10668945,0.12642764
75,496.95993,1197.1913,497.67123,1197.225,0.7113037,0.033691406,0.71210116
75,221.76163,518.2265,210.22131,512.0969,-11.540314,-6.1295776,13.067156
75,322.59122,226.86777,322.61526,226.8693,0.024047852,0.0015258789,0.024096213
75,514.57587,1059.0018,514.80005,1059.0105,0.22418213,0.008666992,0.2243496
75,499.6741,1130.8909,499.90915,1130.777,0.23504639,-0.1138916,0.26118594
75,522.3948,506.668,522.50745,506.65366,0.1126709,-0.014343262,0.1135802
75,508.7366,224.28,508.73047,224.251,-0.006134033,-0.0289917,0.02963351
75,518.392,373.93472,518.38635,373.92767,-0.0056762695,-0.0070495605,0.009050764
75,435.72644,1216.268,436.16043,1216.3499,0.43399048,0.08190918,0.44165242
75,522.3574,701.3115,522.5857,701.26746,0.22827148,-0.044067383,0.23248614
75,516.33545,340.79782,516.4569,340.76718,0.12145996,-0.030639648,0.12526496
75,474.76517,627.56213,474.89725,627.5043,0.13208008,-0.057861328,0.14419806
75,520.3263,441.65625,520.42035,441.63602,0.094055176,-0.020233154,0.096206844
75,518.3774,408.12628,518.463,408.13098,0.085632324,0.004699707,0.08576119
75,420.30872,226.02303,420.3716,226.05492,0.06289673,0.03189087,0.070519686
75,308.66556,650.87854,298.89673,611.29816,-9.768829,-39.580383,40.768085
75,454.23038,225.95534,454.25388,226.00699,0.023498535,0.051651,0.056745104
75,355.51517,227.84482,355.61438,227.78322,0.09921265,-0.06159973,0.11678046
75,518.40546,571.50684,518.61865,571.4963,0.2131958,-0.010559082,0.21345712
75,130.26443,230.86818,130.311,230.85098,0.046569824,-0.017196655,0.049643464
75,231.14336,665.5671,240.81812,641.2812,9.674759,-24.285889,26.142023
75,190.37865,230.44121,190.40681,230.558,0.028167725,0.11679077,0.120139524
75,522.3615,474.65942,522.44293,474.65314,0.0814209,-0.006286621,0.081663236
75,515.3342,278.16687,515.36584,278.13025,0.03161621,-0.036621094,0.04838067
75,389.42352,227.22641,389.43094,227.22617,0.0074157715,-0.00024414062,0.007419789
75,526.24493,667.30023,526.45776,667.2784,0.21282959,-0.021850586,0.21394832
75,121.668655,313.08554,121.73708,313.11053,0.06842804,0.024993896,0.07284979
75,486.77957,1217.2495,487.46484,1217.2014,0.6852722,-0.048095703,0.68695796
75,257.89856,229.07986,257.90637,229.14064,0.0078125,0.060775757,0.061275832
75,486.3562,1216.6012,487.05228,1216.5912,0.69607544,-0.010009766,0.69614744
75,512.38763,243.71709,512.3674,243.66743,-0.020263672,-0.0496521,0.05362786
75,480.32816,225.20245,480.32712,225.22296,-0.0010375977,0.020507812,0.020534044
75,515.4343,307.93878,515.48926,307.88904,0.05493164,-0.049743652,0.07410746
75,520.402,537.7686,520.4937,537.68964,0.09173584,-0.07897949,0.12105051
75,389.48605,1217.7902,391.10062,1217.7704,1.614563,-0.01977539,1.6146841
75,470.16385,1255.2714,470.57718,1255.2454,0.41333008,-0.026000977,0.41414708
76,237.53174,430.34674,230.52554,427.5222,-7.006195,-2.8245544,7.5541296
76,480.55005,998.99365,480.61182,999.4617,0.061767578,0.46801758,0.47207594
76,423.18152,1212.9913,423.11996,1213.0801,-0.061553955,0.08874512,0.10800271
76,114.244415,1131.2062,114.25512,1131.3492,0.0107040405,0.1430664,0.14346628
76,434.81488,1211.5219,434.78436,1211.6594,-0.030517578,0.13757324,0.14091742
76,226.86472,1114.0245,216.71008,1114.8867,-10.154633,0.8621826,10.191169
76,471.88336,1215.3237,471.9426,1215.437,0.05923462,0.11328125,0.12783341
76,426.08673,1216.1576,426.08408,1216.2235,-0.0026550293,0.06591797,0.06597142
76,71.45015,1122.9447,71.41608,1122.8184,-0.034072876,-0.12634277,0.13085663
76,497.67123,1197.225,497.78622,1197.1788,0.114990234,-0.046142578,0.12390275
76,210.22131,512.0969,205.06236,509.41495,-5.158951,-2.6819763,5.814445
76,322.61526,226.8693,322.6361,226.90875,0.020843506,0.03945923,0.044626027
76,514.80005,1059.0105,514.8313,1059.0688,0.03125,0.05834961,0.06619093
76,499.90915,1130.777,500.04724,1130.7161,0.13809204,-0.060913086,0.15092984
76,522.50745,506.65366,522.4973,506.6507,-0.010131836,-0.002960205,0.010555421
76,508.73047,224.251,508.74133,224.28004,0.010864258,0.029037476,0.03100334
76,518.38635,373.92767,518.43823,373.91928,0.051879883,-0.008392334,0.05255429
76,436.16043,1216.3499,436.10284,1216.4929,-0.05758667,0.1430664,0.15422134
76,522.5857,701.26746,522.5797,701.2709,-0.0059814453,0.0034179688,0.006889136
76,516.4569,340.76718,516.4386,340.7758,-0.018310547,0.008605957,0.020232119
76,474.89725,627.5043,474.99643,627.3996,0.09918213,-0.10467529,0.1442013
76,520.42035,441.63602,520.44275,441.61978,0.022399902,-0.016235352,0.02766482
76,518.463,408.13098,518.44653,408.1357,-0.016479492,0.0047302246,0.017144931
76,420.3716,226.05492,420.37436,226.06029,0.002746582,0.0053710938,0.006032608
76,298.89673,611.29816,294.04333,592.9481,-4.8533936,-18.350037,18.981024
76,454.25388,226.00699,454.22415,226.01718,-0.029724121,0.010192871,0.031423207
76,355.61438,227.78322,355.6129,227.84685,-0.0014648438,0.06362915,0.06364601
76,518.61865,571.4963,518.6117,571.5099,-0.006958008,0.01361084,0.0152862305
76,130.311,230.85098,130.36209,230.93991,0.051086426,0.08892822,0.102557555
76,240.81812,641.2812,240.50229,628.28015,-0.31582642,-13.001038,13.004873
76,190.40681,230.558,190.42207,230.54846,0.015258789,-0.009536743,0.017993892
76,522.44293,474.65314,522.4531,474.61203,0.010192871,-0.041107178,0.042352032
76,515.36584,278.13025,515.36646,278.1211,0.00061035156,-0.009155273,0.009175596
76,389.43094,227.22617,389.45834,227.27707,0.027404785,0.05090332,0.057811506
76,526.45776,667.2784,526.46313,667.19556,0.0053710938,-0.08282471,0.08299868
76,121.73708,313.11053,121.72961,313.0984,-0.0074768066,-0.012145996,0.014262814
76,487.46484,1217.2014,487.60596,1217.2319,0.14111328,0.030517578,0.14437549
76,257.90637,229.14064,257.90274,229.14227,-0.0036315918,0.0016326904,0.0039817253
76,487.05228,1216.5912,487.19016,1216.6348,0.13787842,0.0435791,0.14460151
76,512.3674,243.66743,512.3517,243.67815,-0.015686035,0.01071167,0.018994514
76,480.32712,225.22296,480.33353,225.2388,0.0064086914,0.015838623,0.017086055
76,515.48926,307.88904,515.4905,307.89005,0.0012207031,0.0010070801,0.0015825063
76,520.4937,537.68964,520.5532,537.7266,0.059509277,0.036987305,0.07006722
76,391.10062,1217.7704,391.52365,1217.8511,0.42303467,0.08068848,0.43066108
76,470.57718,1255.2454,471.227,1255.1422,0.6498108,-0.103149414,0.6579467
77,230.52554,427.5222,218.06158,422.3262,-12.463959,-5.195984,13.503648
77,480.61182,999.4617,480.69473,999.4788,0.08291626,0.017150879,0.084671475
77,423.11996,1213.0801,423.18866,1213.0122,0.06869507,-0.067871094,0.096568614
77,114.25512,1131.3492,114.26132,1131.2218,0.0062026978,-0.1274414,0.12759227
77,434.78436,1211.6594,434.86932,1211.6503,0.08496094,-0.009155273,0.085452795
77,216.71008,1114.8867,196.15118,1115.455,-20.558899,0.5682373,20.566751
77,471.9426,1215.437,471.99155,1215.4568,0.048950195,0.01977539,0.052793823
77,426.08408,1216.2235,426.16968,1216.1697,0.08560181,-0.053833008,0.101122014
77,71.41608,1122.8184,71.10346,1122.7223,-0.31261444,-0.096069336,0.32704297
77,497.78622,1197.1788,497.7843,1197.0435,-0.0019226074,-0.13537598,0.13538963
77,205.06236,509.41495,196.22163,504.3628,-8.840729,-5.0521545,10.182473
77,322.6361,226.90875,322.6948,226.86258,0.058685303,-0.046173096,0.07467208
77,514.8313,1059.0688,514.91406,1059.0553,0.08276367,-0.013549805,0.0838655
77,500.04724,1130.7161,500.41425,1130.6675,0.3670044,-0.048583984,0.3702062
77,522.4973,506.6507,522.5089,506.57602,0.01159668,-0.07467651,0.07557159
77,508.74133,224.28004,508.7584,224.23662,0.017059326,-0.043426514,0.046657074
77,518.43823,373.91928,518.41943,373.83713,-0.018798828,-0.08215332,0.08427671
77,436.10284,1216.4929,436.21,1216.4761,0.10714722,-0.016845703,0.10846338
77,522.5797,701.2709,522.57227,701.2586,-0.007446289,-0.012268066,0.014351051
77,516.4386,340.7758,516.4393,340.7529,0.0006713867,-0.022888184,0.022898028
77,474.99643,627.3996,475.01962,627.4095,0.02319336,0.009887695,0.02521306
77,520.44275,441.61978,520.47675,441.62192,0.033996582,0.0021362305,0.034063634
77,518.44653,408.1357,518.46234,408.11752,0.015808105,-0.018188477,0.024098068
77,420.37436,226.06029,420.38297,226.0327,0.008605957,-0.02758789,0.028899034
77,294.04333,592.9481,285.05542,560.7592,-8.987915,-32.188904,33.420174
77,454.22415,226.01718,454.22614,226.00334,0.0019836426,-0.013839722,0.013981156
77,355.6129,227.84685,355.61084,227.77515,-0.0020751953,-0.07170105,0.071731076
77,518.6117,571.5099,518.61597,571.5056,0.004272461,-0.004272461,0.006042172
77,130.36209,230.93991,130.36964,230.93854,0.0075531006,-0.001373291,0.00767693
77,240.50229,628.28015,249.43074,602.04584,8.928452,-26.234314,27.712029
77,190.42207,230.54846,190.4539,230.50516,0.031829834,-0.043304443,0.05374396
77,522.4531,474.61203,522.4354,474.58496,-0.017700195,-0.027069092,0.032342426
77,515.36646,278.1211,515.35266,278.11572,-0.013793945,-0.0053710938,0.014802756
77,389.45834,227.27707,389.4592,227.27722,0.0008544922,0.00015258789,0.00086800917
77,526.46313,667.19556,526.46313,667.19745,0.0,0.0018920898,0.0018920898
77,121.72961,313.0984,121.72658,313.11017,-0.0030288696,0.011779785,0.012162952
77,487.60596,1217.2319,487.5347,1217.2466,-0.071258545,0.0146484375,0.07274859
77,257.90274,229.14227,257.8585,229.11105,-0.04425049,-0.031219482,0.05415498
77,487.19016,1216.6348,487.12216,1216.6483,-0.067993164,0.013549805,0.06933013
77,512.3517,243.67815,512.34436,243.64389,-0.0073242188,-0.03425598,0.035030223
77,480.33353,225.2388,480.3249,225.22147,-0.008636475,-0.017333984,0.019366356
77,515.4905,307.89005,515.49664,307.861,0.006164551,-0.029052734,0.029699547
77,520.5532,537.7266,520.5499,537.7292,-0.0032958984,0.0025634766,0.004175447
77,391.52365,1217.8511,391.85922,1217.8528,0.3355713,0.0017089844,0.33557564
77,471.227,1255.1422,470.7926,1255.1566,-0.4343872,0.014404297,0.43462595
78,218.06158,422.3262,212.52058,419.72067,-5.5410004,-2.6055298,6.123028
78,480.69473,999.4788,480.4427,998.9205,-0.25204468,-0.5583496,0.61260164
78,423.18866,1213.0122,423.02805,1212.8188,-0.16061401,-0.19335938,0.2513657
78,114.26132,1131.2218,113.76716,1130.7396,-0.4941635,-0.48217773,0.6904295
78,434.86932,1211.6503,434.96133,1211.4634,0.0920105,-0.18688965,0.20831148
78,196.15118,1115.455,189.96716,1116.186,-6.184021,0.7310791,6.2270856
78,471.99155,1215.4568,472.11475,1215.2992,0.12319946,-0.15759277,0.20003396
78,426.16968,1216.1697,426.14755,1216.0032,-0.022125244,-0.1665039,0.16796748
78,71.10346,1122.7223,71.115776,1122.472,0.012313843,-0.25024414,0.25054693
78,497.7843,1197.0435,497.78555,1197.1178,0.0012512207,0.07434082,0.07435135
78,196.22163,504.3628,192.51477,501.89658,-3.7068634,-2.466217,4.4523096
78,322.6948,226.86258,322.65958,226.71541,-0.035217285,-0.14717102,0.15132603
78,514.91406,1059.0553,514.97546,1058.9078,0.061401367,-0.14746094,0.1597337
78,500.41425,1130.6675,500.40054,1130.5778,-0.013702393,-0.08972168,0.090761974
78,522.5089,506.57602,522.6049,506.4502,0.0960083,-0.12582397,0.1582696
78,508.7584,224.23662,508.75897,224.11803,0.000579834,-0.11859131,0.118592724
78,518.41943,373.83713,518.48376,373.73712,0.064331055,-0.1000061,0.11891049
78,436.21,1216.4761,436.2949,1216.2922,0.0848999,-0.18383789,0.20249534
78,522.57227,701.2586,522.6204,701.14026,0.04815674,-0.11834717,0.12776981
78,516.4393,340.7529,516.5001,340.63995,0.06085205,-0.11294556,0.12829524
78,475.01962,627.4095,475.08087,627.31006,0.06124878,-0.09942627,0.11677755
78,520.47675,441.62192,520.50433,441.445,0.02758789,-0.1769104,0.17904854
78,518.46234,408.11752,518.53955,407.97305,0.07720947,-0.14447021,0.16380765
78,420.38297,226.0327,420.48242,225.94992,0.09945679,-0.08277893,0.12939861
78,285.05542,560.7592,281.8309,546.75433,-3.2245178,-14.004883,14.371301
78,454.22614,226.00334,454.31622,225.89766,0.09008789,-0.10568237,0.13886897
78,355.61084,227.77515,355.6058,227.66164,-0.0050354004,-0.11351013,0.113621764
78,518.61597,571.5056,518.69507,571.3417,0.07910156,-0.16394043,0.18202616
78,130.36964,230.93854,130.50723,230.59592,0.1375885,-0.34262085,0.3692149
78,249.43074,602.04584,248.01472,590.23236,-1.4160156,-11.813477,11.898039
78,190.4539,230.50516,190.42627,230.2809,-0.027633667,-0.22425842,0.22595456
78,522.4354,474.58496,522.51556,474.34528,0.08013916,-0.23968506,0.25272754
78,515.35266,278.11572,515.444,277.97342,0.091308594,-0.14230347,0.1690785
78,389.4592,227.27722,389.58685,227.16148,0.12765503,-0.115737915,0.17231098
78,526.46313,667.19745,526.5158,667.1423,0.05267334,-0.05517578,0.07628137
78,121.72658,313.11017,121.82361,312.8976,0.09703064,-0.21255493,0.23365475
78,487.5347,1217.2466,487.51038,1217.1936,-0.02432251,-0.052978516,0.058295004
78,257.8585,229.11105,257.86603,228.96082,0.007537842,-0.15023804,0.15042703
78,487.12216,1216.6483,487.10196,1216.6006,-0.020202637,-0.047729492,0.051829055
78,512.34436,243.64389,512.36633,243.54247,0.021972656,-0.10142517,0.10377795
78,480.3249,225.22147,480.3755,225.05733,0.050598145,-0.1641388,0.17176063
78,515.49664,307.861,515.59515,307.71738,0.09851074,-0.14361572,0.17415465
78,520.5499,537.7292,520.57434,537.6267,0.024414062,-0.10247803,0.10534606
78,391.85922,1217.8528,389.4794,1217.8639,-2.3798218,0.011108398,2.3798478
78,470.7926,1255.1566,471.48978,1254.8684,0.6971741,-0.288208,0.75439745
79,212.52058,419.72067,202.72495,415.26025,-9.795639,-4.4604187,10.763358
79,480.4427,998.9205,480.6445,998.72876,0.20181274,-0.19171143,0.27835527
79,423.02805,1212.8188,423.27222,1212.5686,0.24417114,-0.25024414,0.34963077
79,113.76716,1130.7396,108.32766,1129.1244,-5.439499,-1.6152344,5.6742516
79,434.96133,1211.4634,435.2043,1210.9244,0.24298096,-0.5389404,0.5911823
79,189.96716,1116.186,181.25249,1119.1261,-8.714676,2.9400635,9.197258
79,472.11475,1215.2992,472.40152,1214.7423,0.28677368,-0.55688477,0.6263863
79,426.14755,1216.0032,426.49347,1215.6318,0.34591675,-0.3713379,0.5074941
79,71.115776,1122.472,71.16974,1122.1514,0.053962708,-0.3206787,0.32518733
79,497.78555,1197.1178,497.84952,1196.5557,0.063964844,-0.5621338,0.5657613
79,192.51477,501.89658,186.3734,497.58627,-6.1413727,-4.3103027,7.5030103
79,322.65958,226.71541,322.7878,226.16139,0.12823486,-0.5540161,0.56866336
79,514.97546,1058.9078,515.197,1058.6002,0.22155762,-0.3076172,0.37909907
79,500.40054,1130.5778,500.4473,1130.1687,0.04675293,-0.40905762,0.41172075
79,522.6049,506.4502,522.7537,506.00235,0.14880371,-0.44784546,0.4719196
79,508.75897,224.11803,509.2697,223.59613,0.5107422,-0.52189636,0.7302283
79,518.48376,373.73712,518.69275,373.26193,0.20898438,-0.4751892,0.51911396
79,436.2949,1216.2922,436.50055,1215.7477,0.20565796,-0.54455566,0.5820963
79,522.6204,701.14026,522.92944,700.6845,0.309021,-0.4557495,0.5506374
79,516.5001,340.63995,516.6838,340.21603,0.18365479,-0.42391968,0.4619924
79,475.08087,627.31006,475.21887,627.12164,0.13800049,-0.18841553,0.23354773
79,520.50433,441.445,520.74023,441.07343,0.23590088,-0.37158203,0.44013909
79,518.53955,407.97305,518.72687,407.4725,0.1873169,-0.5005493,0.5344504
79,420.48242,225.94992,420.72577,225.43498,0.24334717,-0.51493835,0.5695431
79,281.8309,546.75433,277.66168,522.86456,-4.16922,-23.88977,24.250845
79,454.31622,225.89766,454.4764,225.3678,0.16018677,-0.52986145,0.55354583
79,355.6058,227.66164,355.9396,227.17747,0.33380127,-0.48416138,0.5880778
79,518.69507,571.3417,518.95197,570.814,0.25689697,-0.5276489,0.58686405
79,130.50723,230.59592,130.60829,230.53964,0.10105896,-0.056274414,0.115670756
79,248.01472,590.23236,246.00098,569.89355,-2.0137482,-20.338806,20.438253
79,190.42627,230.2809,190.52724,229.92722,0.10096741,-0.35368347,0.36781302
79,522.51556,474.34528,522.6698,474.07806,0.15423584,-0.2672119,0.3085302
79,515.444,277.97342,515.6863,277.40213,0.24230957,-0.57128906,0.62055224
79,389.58685,227.16148,389.71942,226.61238,0.13256836,-0.5491028,0.56487894
79,526.5158,667.1423,526.7949,666.66736,0.27911377,-0.47491455,0.5508614
79,121.82361,312.8976,121.94178,312.7743,0.11817169,-0.12332153,0.17080031
79,487.51038,1217.1936,487.579,1216.5907,0.06863403,-0.6029053,0.6067993
79,257.86603,228.96082,257.8721,228.51534,0.006072998,-0.44548035,0.44552174
79,487.10196,1216.6006,487.2048,1215.9915,0.10284424,-0.60913086,0.61775184
79,512.36633,243.54247,512.80096,243.25638,0.43463135,-0.28608704,0.5203366
79,480.3755,225.05733,480.93616,224.49634,0.56066895,-0.5609894,0.79313225
79,515.59515,307.71738,515.8347,307.33502,0.23956299,-0.38235474,0.45120457
79,520.57434,537.6267,520.8296,537.0803,0.25524902,-0.5463867,0.6030676
79,389.4794,1217.8639,386.7085,1217.7703,-2.7709045,-0.09362793,2.772486
79,471.48978,1254.8684,471.28592,1254.6617,-0.20385742,-0.20666504,0.29029
80,202.72495,415.26025,198.30298,413.49283,-4.4219666,-1.7674255,4.7620983
80,480.6445,998.72876,480.6428,998.7341,-0.0017089844,0.0053100586,0.0055782925
80,423.27222,1212.5686,423.1939,1212.5847,-0.078308105,0.016113281,0.079948716
80,108.32766,1129.1244,108.15462,1129.1602,-0.1730423,0.0357666,0.1767
80,435.2043,1210.9244,435.228,1210.947,0.02368164,0.022583008,0.03272327
80,181.25249,1119.1261,179.50394,1121.2916,-1.7485504,2.1655273,2.7833319
80,472.40152,1214.7423,472.3952,1214.7958,-0.0063171387,0.053466797,0.05383869
80,426.49347,1215.6318,426.4868,1215.6482,-0.0066833496,0.016357422,0.017670099
80,71.16974,1122.1514,71.18475,1122.1406,0.015014648,-0.0107421875,0.018461697
80,497.84952,1196.5557,497.8941,1196.5328,0.04458618,-0.022827148,0.05008998
80,186.3734,497.58627,183.74724,495.8598,-2.6261597,-1.726471,3.1428359
80,322.7878,226.16139,322.7761,226.1883,-0.01171875,0.026901245,0.029342905
80,515.197,1058.6002,515.2378,1058.596,0.040771484,-0.004272461,0.04099473
80,500.4473,1130.1687,500.47415,1130.1652,0.026855469,-0.003540039,0.027087785
80,522.7537,506.00235,522.7465,506.0141,-0.0072021484,0.011749268,0.01378101
80,509.2697,223.59613,509.2698,223.61559,9.1552734e-05,0.019454956,0.019455172
80,518.69275,373.26193,518.68933,373.26422,-0.0034179688,0.0022888184,0.0041135387
80,436.50055,1215.7477,436.5084,1215.7798,0.007843018,0.032104492,0.033048622
80,522.92944,700.6845,522.92896,700.6805,-0.00048828125,-0.0040283203,0.004057805
80,516.6838,340.21603,516.68555,340.19833,0.0017700195,-0.017700195,0.017788475
80,475.21887,627.12164,475.2328,627.17487,0.013916016,0.053222656,0.055011876
80,520.74023,441.07343,520.7416,441.07822,0.0013427734,0.0047912598,0.004975863
80,518.72687,407.4725,518.7271,407.47302,0.00024414062,0.0005187988,0.0005733732
80,420.72577,225.43498,420.71268,225.46297,-0.013092041,0.02798462,0.030895637
80,277.66168,522.86456,276.44275,513.5603,-1.2189331,-9.30426,9.383765
80,454.4764,225.3678,454.4714,225.37314,-0.005004883,0.005340576,0.0073191943
80,355.9396,227.17747,355.93948,227.17717,-0.00012207031,-0.00030517578,0.00032868437
80,518.95197,570.814,518.9547,570.81305,0.002746582,-0.0009765625,0.0029150278
80,130.60829,230.53964,130.61401,230.53851,0.005722046,-0.0011291504,0.0058323913
80,246.00098,569.89355,244.69359,561.5117,-1.3073883,-8.381836,8.483186
80,190.52724,229.92722,190.51366,229.97331,-0.013580322,0.0460968,0.048055597
80,522.6698,474.07806,522.66724,474.08615,-0.0025634766,0.008087158,0.008483722
80,515.6863,277.40213,515.69385,277.42648,0.0075683594,0.024353027,0.02550196
80,389.71942,226.61238,389.73053,226.64706,0.011108398,0.034683228,0.036418714
80,526.7949,666.66736,526.80615,666.66693,0.011230469,-0.0004272461,0.011238593
80,121.94178,312.7743,121.94059,312.8029,-0.0011901855,0.02859497,0.028619729
80,487.579,1216.5907,487.6615,1216.5951,0.08248901,0.0043945312,0.08260599
80,257.8721,228.51534,257.88513,228.51654,0.013031006,0.0012054443,0.013086642
80,487.2048,1215.9915,487.30145,1215.9968,0.09664917,0.0053710938,0.0967983
80,512.80096,243.25638,512.7937,243.25137,-0.0072631836,-0.005004883,0.008820583
80,480.93616,224.49634,480.7772,224.56845,-0.15896606,0.07211304,0.17455801
80,515.8347,307.33502,515.83435,307.32327,-0.00036621094,-0.011749268,0.011754974
80,520.8296,537.0803,520.8374,537.08545,0.0078125,0.005126953,0.00934456
80,386.7085,1217.7703,387.36166,1217.7906,0.6531677,0.020385742,0.6534858
80,471.28592,1254.6617,471.3611,1254.7102,0.07519531,0.048461914,0.08945888
81,198.30298,413.49283,190.68916,410.5378,-7.6138153,-2.955017,8.167149
81,480.6428,998.7341,481.10617,999.1757,0.4633789,0.4416504,0.6401368
81,423.1939,1212.5847,423.7052,1212.9066,0.5112915,0.3218994,0.6041839
81,108.15462,1129.1602,107.39594,1128.9714,-0.7586746,-0.1887207,0.7817945
81,435.228,1210.947,435.29715,1211.4955,0.06915283,0.5484619,0.5528043
81,179.50394,1121.2916,178.12648,1122.8281,-1.3774567,1.536499,2.0635445
81,472.3952,1214.7958,472.43518,1215.3196,0.039978027,0.5238037,0.5253271
81,426.4868,1215.6482,426.57104,1216.0876,0.08425903,0.43945312,0.44745797
81,71.18475,1122.1406,71.73612,1121.916,0.5513687,-0.22460938,0.5953628
81,497.8941,1196.5328,498.07452,1196.7999,0.18041992,0.26708984,0.32231712
81,183.74724,495.8598,180.0322,492.98642,-3.715042,-2.8733826,4.69658
81,322.7761,226.1883,322.81104,226.42102,0.034942627,0.23272705,0.23533565
81,515.2378,1058.596,515.40857,1058.661,0.17077637,0.06506348,0.18275072
81,500.47415,1130.1652,500.5856,1130.2334,0.111450195,0.068237305,0.13068081
81,522.7465,506.0141,522.75195,506.05118,0.005432129,0.037078857,0.037474655
81,509.2698,223.61559,509.20334,223.70088,-0.066467285,0.08529663,0.108136095
81,518.68933,373.26422,518.6917,373.30713,0.002380371,0.042907715,0.04297369
81,436.5084,1215.7798,436.57373,1216.3171,0.065338135,0.5373535,0.54131126
81,522.92896,700.6805,522.9321,700.7012,0.0031738281,0.020690918,0.020932924
81,516.68555,340.19833,516.7273,340.24228,0.041748047,0.043945312,0.060614273
81,475.2328,627.17487,475.4079,627.2473,0.17510986,0.07244873,0.18950537
81,520.7416,441.07822,520.75995,441.08762,0.018371582,0.009399414,0.020636473
81,518.7271,407.47302,518.7455,407.5009,0.018371582,0.027862549,0.03337419
81,420.71268,225.46297,420.67288,225.61383,-0.039794922,0.15086365,0.15602396
81,276.44275,513.5603,276.65094,498.2918,0.20819092,-15.268494,15.269913
81,454.4714,225.37314,454.41385,225.47989,-0.057556152,0.10675049,0.1212781
81,355.93948,227.17717,355.965,227.30762,0.025512695,0.13044739,0.13291883
81,518.9547,570.81305,518.95105,570.9051,-0.0036621094,0.092041016,0.09211384
81,130.61401,230.53851,130.5929,230.5822,-0.021118164,0.043685913,0.04852253
81,244.69359,561.5117,241.68845,548.0293,-3.0051422,-13.482422,13.813275
81,190.51366,229.97331,190.48158,230.15034,-0.032073975,0.17703247,0.17991452
81,522.66724,474.08615,522.6698,474.08353,0.0025634766,-0.0026245117,0.0036687155
81,515.69385,277.42648,515.70374,277.5037,0.009887695,0.07720947,0.07784002
81,389.73053,226.64706,389.7131,226.69641,-0.017425537,0.049346924,0.052333243
81,526.80615,666.66693,526.7998,666.7115,-0.0063476562,0.044555664,0.045005556
81,121.94059,312.8029,121.93898,312.813,-0.0016098022,0.010101318,0.010228788
81,487.6615,1216.5951,487.85333,1217.0845,0.1918335,0.48937988,0.5256356
81,257.88513,228.51654,257.9104,228.63806,0.025268555,0.121520996,0.12412032
81,487.30145,1215.9968,487.42078,1216.5187,0.11932373,0.5218506,0.5353188
81,512.7937,243.25137,512.7547,243.23425,-0.039001465,-0.017120361,0.042593673
81,480.7772,224.56845,480.75348,224.59503,-0.023712158,0.02658081,0.035620302
81,515.83435,307.32327,515.83887,307.31796,0.0045166016,-0.0053100586,0.0069711125
81,520.8374,537.08545,520.84784,537.18005,0.010437012,0.09460449,0.09517847
81,387.36166,1217.7906,389.1991,1217.9204,1.8374329,0.12976074,1.8420091
81,471.3611,1254.7102,471.51505,1254.4448,0.15393066,-0.26538086,0.30679253
82,190.68916,410.5378,187.48352,409.1871,-3.2056427,-1.350708,3.4785855
82,481.10617,999.1757,480.98828,999.4003,-0.117889404,0.22460938,0.25366765
82,423.7052,1212.9066,423.90637,1212.9757,0.20117188,0.0690918,0.2127059
82,107.39594,1128.9714,107.30318,1128.8918,-0.09276581,-0.079589844,0.12222945
82,435.29715,1211.4955,435.34808,1211.5387,0.050933838,0.04321289,0.06679528
82,178.12648,1122.8281,178.02184,1122.9033,-0.104644775,0.07519531,0.12885986
82,472.43518,1215.3196,472.47678,1215.3354,0.04159546,0.01586914,0.044519793
82,426.57104,1216.0876,426.6109,1216.1533,0.039855957,0.06567383,0.07682154
82,71.73612,1121.916,72.42325,1121.6324,0.68712616,-0.28356934,0.7433397
82,498.07452,1196.7999,498.2758,1196.7318,0.20126343,-0.068115234,0.21247742
82,180.0322,492.98642,178.42343,491.77057,-1.6087646,-1.2158508,2.016536
82,322.81104,226.42102,322.81226,226.42224,0.0012207031,0.0012207031,0.0017263349
82,515.40857,1058.661,515.4721,1058.764,0.0635376,0.103027344,0.12104404
82,500.5856,1130.2334,500.6212,1130.0297,0.035583496,-0.20373535,0.20681943
82,522.75195,506.05118,522.77313,506.06573,0.0211792,0.014556885,0.025699442
82,509.20334,223.70088,509.18933,223.7654,-0.014007568,0.06451416,0.06601734
82,518.6917,373.30713,518.7242,373.40314,0.032470703,0.0960083,0.10135058
82,436.57373,1216.3171,436.61945,1216.3597,0.045715332,0.04260254,0.062488943
82,522.9321,700.7012,522.95685,700.79285,0.024719238,0.091674805,0.09494899
82,516.7273,340.24228,516.79065,340.31094,0.06335449,0.06866455,0.09342704
82,475.4079,627.2473,475.35938,627.339,-0.04852295,0.091674805,0.103724375
82,520.75995,441.08762,520.8084,441.0887,0.048461914,0.0010986328,0.048474364
82,518.7455,407.5009,518.75256,407.62363,0.007080078,0.1227417,0.122945726
82,420.67288,225.61383,420.70377,225.66457,0.030883789,0.050735474,0.0593961
82,276.65094,498.2918,277.8447,492.64246,1.1937561,-5.649353,5.7741013
82,454.41385,225.47989,454.45172,225.54982,0.037872314,0.06993103,0.07952774
82,355.965,227.30762,355.95236,227.37251,-0.012634277,0.06489563,0.06611405
82,518.95105,570.9051,518.9719,570.91284,0.020874023,0.007751465,0.022266792
82,130.5929,230.5822,130.62027,230.70291,0.027374268,0.12071228,0.12377724
82,241.68845,548.0293,240.17677,542.0055,-1.511673,-6.0238037,6.210585
82,190.48158,230.15034,190.54779,230.20229,0.066207886,0.051940918,0.08415072
82,522.6698,474.08353,522.7164,474.15616,0.046569824,0.072631836,0.086279385
82,515.70374,277.5037,515.68726,277.52048,-0.016479492,0.016784668,0.023522303
82,389.7131,226.69641,389.73938,226.8172,0.026275635,0.120788574,0.12361346
82,526.7998,666.7115,526.80035,666.75165,0.0005493164,0.040161133,0.040164888
82,121.93898,312.813,121.9824,312.81036,0.043418884,-0.0026245117,0.043498132
82,487.85333,1217.0845,488.14792,1217.0792,0.29458618,-0.0052490234,0.29463294
82,257.9104,228.63806,257.8562,228.7846,-0.05419922,0.14654541,0.15624696
82,487.42078,1216.5187,487.68512,1216.5084,0.26434326,-0.010253906,0.26454204
82,512.7547,243.23425,512.75385,243.23537,-0.0008544922,0.0011138916,0.0014038915
82,480.75348,224.59503,480.79114,224.70099,0.03765869,0.10595703,0.1124503
82,515.83887,307.31796,515.8807,307.3865,0.041809082,0.06854248,0.08028743
82,520.84784,537.18005,520.8773,537.2021,0.02947998,0.022033691,0.03680425
82,389.1991,1217.9204,389.63364,1217.9121,0.4345398,-0.008300781,0.43461907
82,471.51505,1254.4448,471.70776,1254.766,0.1927185,0.321167,0.37455127
83,187.48352,409.1871,182.34552,407.80817,-5.1380005,-1.3789368,5.319823
83,480.98828,999.4003,480.61948,999.1784,-0.36880493,-0.22192383,0.43042684
83,423.90637,1212.9757,423.8219,1212.9836,-0.084472656,0.00793457,0.084844485
83,107.30318,1128.8918,106.73245,1128.5405,-0.5707245,-0.35131836,0.6701873
83,435.34808,1211.5387,435.38074,1211.5057,0.03265381,-0.032958984,0.046395753
83,178.02184,1122.9033,177.85364,1122.496,-0.16819763,-0.40734863,0.44070777
83,472.47678,1215.3354,472.50964,1215.3715,0.03286743,0.036010742,0.048754916
83,426.6109,1216.1533,426.5133,1216.1409,-0.097595215,-0.012451172,0.098386265
83,72.42325,1121.6324,74.11302,1121.1824,1.6897736,-0.45007324,1.7486854
83,498.2758,1196.7318,498.67526,1197.0422,0.3994751,0.3104248,0.50590897
83,178.42343,491.77057,176.09705,490.2636,-2.3263855,-1.506958,2.771821
83,322.81226,226.42224,323.11664,226.86922,0.30438232,0.4469757,0.5407734
83,515.4721,1058.764,515.62036,1059.0835,0.1482544,0.319458,0.35218287
83,500.6212,1130.0297,500.78195,1130.0969,0.1607666,0.06726074,0.17426965
83,522.77313,506.06573,522.8631,506.31494,0.08996582,0.24920654,0.26494858
83,509.18933,223.7654,509.1315,224.05798,-0.05783081,0.29258728,0.29824775
83,518.7242,373.40314,518.8759,373.63745,0.1517334,0.23431396,0.2791524
83,436.61945,1216.3597,436.61038,1216.3435,-0.009063721,-0.016235352,0.018594023
83,522.95685,700.79285,523.09204,701.1025,0.13519287,0.30963135,0.33785895
83,516.79065,340.31094,516.9746,340.46576,0.18395996,0.15481567,0.24043535
83,475.35938,627.339,475.65854,627.3665,0.29916382,0.027526855,0.30042756
83,520.8084,441.0887,521.0044,441.31512,0.19598389,0.22640991,0.29945138
83,518.75256,407.62363,518.96216,407.89496,0.20959473,0.2713318,0.34285694
83,420.70377,225.66457,420.85684,226.02983,0.15307617,0.3652649,0.39604387
83,277.8447,492.64246,279.9681,485.87924,2.123413,-6.763214,7.08872
83,454.45172,225.54982,454.65524,225.88516,0.20352173,0.3353424,0.39226982
83,355.95236,227.37251,356.0543,227.72241,0.10192871,0.3498993,0.36444336
83,518.9719,570.91284,519.0852,571.15344,0.11328125,0.24060059,0.26593474
83,130.62027,230.70291,130.91269,230.99773,0.29241943,0.29481506,0.41524097
83,240.17677,542.0055,237.83284,532.54645,-2.343933,-9.459045,9.74513
83,190.54779,230.20229,190.6853,230.60385,0.1375122,0.40156555,0.42445788
83,522.7164,474.15616,522.7752,474.33298,0.05883789,0.17681885,0.18635128
83,515.68726,277.52048,515.8917,277.84332,0.20446777,0.32284546,0.38214692
83,389.73938,226.8172,390.05957,227.20372,0.32019043,0.3865204,0.5019162
83,526.80035,666.75165,526.8983,666.92676,0.097961426,0.17510986,0.20064871
83,121.9824,312.81036,122.13334,312.97333,0.15093994,0.16296387,0.22212629
83,488.14792,1217.0792,488.13544,1217.2045,-0.012481689,0.12524414,0.12586455
83,257.8562,228.7846,258.05957,229.16933,0.20336914,0.38471985,0.43516475
83,487.68512,1216.5084,487.72342,1216.6061,0.03829956,0.09765625,0.10489804
83,512.75385,243.23537,512.7119,243.30038,-0.041931152,0.0650177,0.07736616
83,480.79114,224.70099,480.95767,225.10773,0.16653442,0.40673828,0.4395108
83,515.8807,307.3865,516.05206,307.54373,0.17138672,0.15722656,0.2325803
83,520.8773,537.2021,521.0894,537.4986,0.21209717,0.2965088,0.3645582
83,389.63364,1217.9121,390.00735,1217.986,0.37371826,0.07385254,0.38094556
83,471.70776,1254.766,472.4406,1255.1005,0.7328491,0.33447266,0.805568
84,182.34552,407.80817,180.55743,407.66046,-1.7880859,-0.14770508,1.7941761
84,480.61948,999.1784,480.6614,999.33264,0.041931152,0.15423584,0.15983403
84,423.8219,1212.9836,423.66797,1213.0527,-0.15393066,0.0690918,0.1687256
84,106.73245,1128.5405,106.55629,1128.2096,-0.17616272,-0.33093262,0.3748996
84,435.38074,1211.5057,435.37573,1211.5181,-0.005004883,0.012329102,0.013306224
84,177.85364,1122.496,177.9652,1122.3762,0.11155701,-0.11975098,0.16366203
84,472.50964,1215.3715,472.51752,1215.4236,0.007873535,0.052124023,0.052715335
84,426.5133,1216.1409,426.44406,1216.1926,-0.069244385,0.051757812,0.08645031
84,74.11302,1121.1824,74.39631,1120.9481,0.28328705,-0.23425293,0.36759487
84,498.67526,1197.0422,498.84232,1196.9965,0.16705322,-0.045776367,0.17321159
84,176.09705,490.2636,175.31625,489.94992,-0.78079224,-0.3136902,0.84145
84,323.11664,226.86922,323.12494,226.96274,0.008300781,0.09352112,0.093888775
84,515.62036,1059.0835,516.1256,1059.138,0.505249,0.05444336,0.5081739
84,500.78195,1130.0969,500.86884,1129.9465,0.086883545,-0.15039062,0.17368388
84,522.8631,506.31494,522.87726,506.29883,0.014160156,-0.016113281,0.021451058
84,509.1315,224.05798,509.07916,224.10225,-0.052337646,0.044265747,0.06854696
84,518.8759,373.63745,518.92224,373.63226,0.046325684,-0.0051879883,0.04661528
84,436.61038,1216.3435,436.55334,1216.3701,-0.057037354,0.026611328,0.06293983
84,523.09204,701.1025,523.09607,701.10156,0.0040283203,-0.00091552734,0.0041310475
84,516.9746,340.46576,516.98206,340.47168,0.007446289,0.00592041,0.009513069
84,475.65854,627.3665,475.73065,627.359,0.07211304,-0.007507324,0.07250276
84,521.0044,441.31512,520.98376,441.30673,-0.020629883,-0.008392334,0.022271581
84,518.96216,407.89496,519.0323,407.94553,0.070129395,0.050567627,0.08645934
84,420.85684,226.02983,420.85724,226.12933,0.00039672852,0.09950256,0.09950335
84,279.9681,485.87924,279.85745,484.38724,-0.11065674,-1.4920044,1.4961023
84,454.65524,225.88516,454.60416,226.02841,-0.051086426,0.14324951,0.1520863
84,356.0543,227.72241,356.07858,227.87392,0.024291992,0.15150452,0.15343963
84,519.0852,571.15344,519.10846,571.1607,0.023254395,0.0072631836,0.024362281
84,130.91269,230.99773,130.88434,231.089,-0.02835083,0.091278076,0.09557959
84,237.83284,532.54645,237.76372,527.9473,-0.069122314,-4.599121,4.5996404
84,190.6853,230.60385,190.67139,230.69183,-0.013916016,0.08798218,0.089075916
84,522.7752,474.33298,522.75006,474.33844,-0.025146484,0.0054626465,0.02573298
84,515.8917,277.84332,515.8959,277.86914,0.0041503906,0.025817871,0.026149344
84,390.05957,227.20372,390.0783,227.37141,0.018737793,0.16769409,0.16873771
84,526.8983,666.92676,526.90533,666.937,0.007019043,0.010253906,0.012426164
84,122.13334,312.97333,122.164215,312.96497,0.03087616,-0.008361816,0.03198839
84,488.13544,1217.2045,488.39,1217.2146,0.25457764,0.010131836,0.25477916
84,258.05957,229.16933,258.0405,229.25165,-0.019073486,0.08232117,0.08450191
84,487.72342,1216.6061,487.9763,1216.6306,0.25286865,0.024536133,0.25405625
84,512.7119,243.30038,512.6378,243.25285,-0.07409668,-0.047531128,0.08803139
84,480.95767,225.10773,480.96558,225.24474,0.007904053,0.13700867,0.13723648
84,516.05206,307.54373,516.099,307.53534,0.046936035,-0.008392334,0.047680423
84,521.0894,537.4986,521.1322,537.5681,0.042785645,0.06951904,0.08163032
84,390.00735,1217.986,389.66034,1218.0366,-0.34701538,0.05065918,0.35069364
84,472.4406,1255.1005,472.1837,1255.015,-0.2569275,-0.08544922,0.2707643
85,180.55743,407.66046,177.4589,406.997,-3.0985413,-0.66345215,3.1687737
85,480.6614,999.33264,480.5299,999.3063,-0.13150024,-0.026367188,0.13411765
85,423.66797,1213.0527,423.88904,1212.7974,0.22106934,-0.2553711,0.33776626
85,106.55629,1128.2096,106.541214,1127.5288,-0.015075684,-0.68078613,0.680953
85,435.37573,1211.5181,435.60684,1211.2782,0.23110962,-0.23986816,0.33308917
85,177.9652,1122.3762,178.27928,1121.949,0.3140869,-0.4272461,0.5302733
85,472.51752,1215.4236,472.60397,1215.1781,0.0864563,-0.2454834,0.26026294
85,426.44406,1216.1926,426.50085,1215.9535,0.056793213,-0.23913574,0.24578725
85,74.39631,1120.9481,75.06685,1120.0687,0.67053986,-0.87939453,1.1058745
85,498.84232,1196.9965,499.18195,1196.4402,0.33963013,-0.5562744,0.651759
85,175.31625,489.94992,174.04239,489.67685,-1.2738647,-0.2730713,1.3028045
85,323.12494,226.96274,323.14642,226.84525,0.021484375,-0.117492676,0.11944081
85,516.1256,1059.138,516.3419,1058.8005,0.2163086,-0.33740234,0.4007864
85,500.86884,1129.9465,501.23505,1129.1454,0.36621094,-0.80114746,0.8808789
85,522.87726,506.29883,523.0669,505.8056,0.18963623,-0.4932251,0.5284249
85,509.07916,224.10225,508.94003,223.6909,-0.13912964,-0.41134644,0.43423834
85,518.92224,373.63226,518.99585,373.2071,0.0736084,-0.4251709,0.43149564
85,436.55334,1216.3701,436.66858,1216.1313,0.115234375,-0.23876953,0.26512232
85,523.09607,701.10156,523.1347,700.63196,0.038635254,-0.4696045,0.4711911
85,516.98206,340.47168,517.041,339.96207,0.05895996,-0.50961304,0.5130124
85,475.73065,627.359,475.9682,627.4016,0.23754883,0.04260254,0.2413388
85,520.98376,441.30673,521.10657,440.8671,0.122802734,-0.43963623,0.45646524
85,519.0323,407.94553,519.1439,407.61548,0.1116333,-0.3300476,0.34841558
85,420.85724,226.12933,420.9043,226.12175,0.047058105,-0.007583618,0.047665257
85,279.85745,484.38724,281.27582,478.34885,1.4183655,-6.038391,6.2027354
85,454.60416,226.02841,454.58856,225.81212,-0.015594482,-0.21629333,0.21685478
85,356.07858,227.87392,356.09317,227.68286,0.014587402,-0.1910553,0.19161138
85,519.10846,571.1607,519.1942,570.9038,0.085754395,-0.25689697,0.27083182
85,130.88434,231.089,130.89143,231.06287,0.007095337,-0.026138306,0.027084216
85,237.76372,527.9473,237.61981,521.82196,-0.14390564,-6.125366,6.1270566
85,190.67139,230.69183,190.63713,230.59299,-0.03425598,-0.098846436,0.104614004
85,522.75006,474.33844,522.79364,474.11325,0.0435791,-0.22518921,0.22936721
85,515.8959,277.86914,515.9348,277.35205,0.03894043,-0.51708984,0.518554
85,390.0783,227.37141,390.132,227.44305,0.05368042,0.071640015,0.089520276
85,526.90533,666.937,527.09375,666.5708,0.18841553,-0.36621094,0.41183838
85,122.164215,312.96497,122.13305,312.79453,-0.031166077,-0.17044067,0.1732667
85,488.39,1217.2146,488.7307,1216.914,0.34069824,-0.30065918,0.45439106
85,258.0405,229.25165,257.98865,229.04387,-0.051849365,-0.20777893,0.2141505
85,487.9763,1216.6306,488.34586,1216.3973,0.36956787,-0.23327637,0.4370335
85,512.6378,243.25285,512.5038,242.60544,-0.1340332,-0.64741516,0.6611439
85,480.96558,225.24474,481.11154,225.01215,0.14596558,-0.23258972,0.27459776
85,516.099,307.53534,516.1378,307.2356,0.03881836,-0.29974365,0.30224678
85,521.1322,537.5681,521.2573,537.236,0.12512207,-0.3320923,0.3548814
85,389.66034,1218.0366,387.40884,1218.0067,-2.2514954,-0.029907227,2.251694
85,472.1837,1255.015,472.8927,1254.4158,0.7090149,-0.59924316,0.9283289
86,177.4589,406.997,176.41444,406.66345,-1.0444489,-0.33355713,1.0964185
86,480.5299,999.3063,480.46646,999.4098,-0.063446045,0.103515625,0.121412046
86,423.88904,1212.7974,422.7404,1212.7487,-1.1486511,-0.048706055,1.1496832
86,106.541214,1127.5288,106.655334,1127.6208,0.11412048,0.092041016,0.14661184
86,435.60684,1211.2782,435.60144,1211.1569,-0.0054016113,-0.12133789,0.12145806
86,178.27928,1121.949,178.32901,1121.675,0.049728394,-0.27392578,0.27840304
86,472.60397,1215.1781,472.52362,1215.0703,-0.08035278,-0.107788086,0.1344427
86,426.50085,1215.9535,426.4468,1215.7875,-0.05404663,-0.16601562,0.1745916
86,75.06685,1120.0687,75.32114,1119.4014,0.25428772,-0.6673584,0.7141634
86,499.18195,1196.4402,499.5492,1196.3513,0.36724854,-0.08886719,0.37784767
86,174.04239,489.67685,173.53647,489.51028,-0.5059204,-0.16656494,0.5326343
86,323.14642,226.84525,323.1763,226.81229,0.029876709,-0.032958984,0.04448497
86,516.3419,1058.8005,516.61316,1058.788,0.27124023,-0.012573242,0.2715315
86,501.23505,1129.1454,501.56866,1128.4584,0.33361816,-0.6870117,0.7637317
86,523.0669,505.8056,523.0291,505.65234,-0.03778076,-0.15325928,0.15784737
86,508.94003,223.6909,508.80994,223.69688,-0.13009644,0.0059814453,0.13023387
86,518.99585,373.2071,518.9939,373.07864,-0.001953125,-0.12844849,0.12846334
86,436.66858,1216.1313,436.66156,1216.0065,-0.007019043,-0.12487793,0.12507503
86,523.1347,700.63196,523.1517,700.52466,0.016967773,-0.107299805,0.108633116
86,517.041,339.96207,517.0459,339.89777,0.0048828125,-0.06430054,0.06448566
86,475.9682,627.4016,476.11392,626.98126,0.14572144,-0.42034912,0.44489112
86,521.10657,440.8671,521.10504,440.67197,-0.0015258789,-0.1951294,0.19513535
86,519.1439,407.61548,519.18274,407.5089,0.03881836,-0.10656738,0.113417245
86,420.9043,226.12175,420.93002,226.06868,0.025726318,-0.05307007,0.058976907
86,281.27582,478.34885,281.8694,475.66937,0.5935669,-2.6794739,2.744431
86,454.58856,225.81212,454.565,225.93214,-0.02355957,0.120025635,0.12231601
86,356.09317,227.68286,356.20804,227.62993,0.114868164,-0.05293274,0.12647754
86,519.1942,570.9038,519.2213,570.4428,0.02709961,-0.46099854,0.46179438
86,130.89143,231.06287,130.82486,231.02971,-0.0665741,-0.03315735,0.074374184
86,237.61981,521.82196,237.13225,519.89453,-0.4875641,-1.9274292,1.9881403
86,190.63713,230.59299,190.5913,230.55417,-0.045837402,-0.03881836,0.060066067
86,522.79364,474.11325,522.76086,473.80423,-0.03277588,-0.309021,0.3107543
86,515.9348,277.35205,515.9778,277.2369,0.04296875,-0.11514282,0.12289908
86,390.132,227.44305,390.15057,227.50351,0.018585205,0.060455322,0.06324758
86,527.09375,666.5708,527.07697,666.3952,-0.016784668,-0.17559814,0.1763985
86,122.13305,312.79453,122.10816,312.54968,-0.024887085,-0.24484253,0.2461041
86,488.7307,1216.914,489.07507,1216.7318,0.34436035,-0.1821289,0.38955742
86,257.98865,229.04387,257.92053,229.14824,-0.068115234,0.10437012,0.12463068
86,488.34586,1216.3973,488.73938,1216.2329,0.39352417,-0.16442871,0.4264951
86,512.5038,242.60544,512.34454,242.29053,-0.15924072,-0.3149109,0.35288307
86,481.11154,225.01215,481.154,225.07213,0.04244995,0.0599823,0.07348384
86,516.1378,307.2356,516.16895,307.02448,0.03112793,-0.2111206,0.21340305
86,521.2573,537.236,521.29395,537.1035,0.036621094,-0.13250732,0.13747472
86,387.40884,1218.0067,386.9815,1217.9414,-0.42733765,-0.06530762,0.43229914
86,472.8927,1254.4158,472.7307,1254.0638,-0.1619873,-0.3519287,0.38741928
87,176.41444,406.66345,175.18947,405.91675,-1.2249756,-0.7467041,1.4346192
87,480.46646,999.4098,479.97925,998.901,-0.48721313,-0.50878906,0.7044451
87,422.7404,1212.7487,424.5978,1212.2013,1.8574219,-0.5473633,1.9363942
87,106.655334,1127.6208,107.18029,1127.2145,0.52495575,-0.40637207,0.66386503
87,435.60144,1211.1569,435.88513,1210.6033,0.2836914,-0.55358887,0.6220462
87,178.32901,1121.675,178.36086,1120.8098,0.031845093,-0.8652344,0.8658202
87,472.52362,1215.0703,472.57138,1214.6792,0.04776001,-0.39111328,0.39401856
87,426.4468,1215.7875,426.61874,1215.343,0.17193604,-0.444458,0.47655526
87,75.32114,1119.4014,76.566376,1118.177,1.2452393,-1.2243652,1.7463365
87,499.5492,1196.3513,500.29596,1195.7434,0.74676514,-0.60791016,0.962919
87,173.53647,489.51028,173.171,488.825,-0.36546326,-0.6852722,0.7766347
87,323.1763,226.81229,323.24402,226.52155,0.067718506,-0.29074097,0.29852322
87,516.61316,1058.788,517.0521,1058.4993,0.43896484,-0.2886963,0.525391
87,501.56866,1128.4584,501.94272,1127.9238,0.37405396,-0.5345459,0.6524229
87,523.0291,505.65234,523.06165,505.0515,0.03253174,-0.6008301,0.60171014
87,508.80994,223.69688,508.6978,223.35959,-0.11212158,-0.33729553,0.3554427
87,518.9939,373.07864,519.0857,372.52264,0.091796875,-0.55599976,0.56352675
87,436.66156,1216.0065,436.88217,1215.5135,0.22061157,-0.49291992,0.54003656
87,523.1517,700.52466,523.31476,699.91394,0.16308594,-0.6107178,0.63211805
87,517.0459,339.89777,517.1623,339.4099,0.11639404,-0.487854,0.5015467
87,476.11392,626.98126,476.55182,626.83777,0.43789673,-0.14349365,0.46080795
87,521.10504,440.67197,521.1926,440.068,0.08758545,-0.6039734,0.61029094
87,519.18274,407.5089,519.2604,406.9825,0.07763672,-0.5263977,0.5320921
87,420.93002,226.06868,421.13403,225.83934,0.20401001,-0.2293396,0.30694744
87,281.8694,475.66937,282.91486,471.38226,1.0454712,-4.2871094,4.412745
87,454.565,225.93214,454.61832,225.71896,0.05331421,-0.21318054,0.2197461
87,356.20804,227.62993,356.20465,227.56735,-0.0033874512,-0.062576294,0.062667914
87,519.2213,570.4428,519.3703,570.20404,0.14898682,-0.23876953,0.2814391
87,130.82486,231.02971,130.83826,230.93748,0.013397217,-0.09222412,0.09319214
87,237.13225,519.89453,235.80609,517.45044,-1.3261566,-2.4440918,2.780697
87,190.5913,230.55417,190.59045,230.57347,-0.0008392334,0.019302368,0.019320603
87,522.76086,473.80423,522.8492,473.408,0.08831787,-0.39624023,0.4059635
87,515.9778,277.2369,516.10095,276.74557,0.123168945,-0.491333,0.506536
87,390.15057,227.50351,390.2103,227.21548,0.0597229,-0.2880249,0.2941516
87,527.07697,666.3952,527.1122,665.6618,0.035217285,-0.73339844,0.7342435
87,122.10816,312.54968,122.12341,311.8869,0.01525116,-0.66278076,0.66295624
87,489.07507,1216.7318,489.92712,1216.1758,0.8520508,-0.5560303,1.0174283
87,257.92053,229.14824,257.92456,229.06639,0.0040283203,-0.081848145,0.081947215
87,488.73938,1216.2329,489.59128,1215.6411,0.8518982,-0.5917969,1.0372821
87,512.34454,242.29053,512.20105,241.63104,-0.14349365,-0.65948486,0.6749153
87,481.154,225.07213,481.27228,224.8492,0.11828613,-0.22293091,0.2523684
87,516.16895,307.02448,516.3042,306.43735,0.1352539,-0.5871277,0.6025052
87,521.29395,537.1035,521.4232,536.6351,0.12927246,-0.46844482,0.48595464
87,386.9815,1217.9414,386.1122,1217.6606,-0.8692932,-0.28076172,0.91350853
87,472.7307,1254.0638,473.31448,1253.4414,0.58377075,-0.6224365,0.85335547
88,175.18947,405.91675,174.73027,405.71588,-0.459198,-0.2008667,0.5012088
88,479.97925,998.901,479.53952,999.0295,-0.43972778,0.128479,0.45811284
88,424.5978,1212.2013,424.43478,1212.2036,-0.1630249,0.002319336,0.1630414
88,107.18029,1127.2145,107.08512,1127.0164,-0.09516907,-0.19812012,0.21979247
88,435.88513,1210.6033,435.9169,1210.5759,0.0317688,-0.02734375,0.041915834
88,178.36086,1120.8098,178.38304,1120.585,0.02218628,-0.22485352,0.22594543
88,472.57138,1214.6792,472.46603,1214.6779,-0.10534668,-0.0013427734,0.10535524
88,426.61874,1215.343,426.38315,1215.3457,-0.2355957,0.0026855469,0.235611
88,76.566376,1118.177,76.45367,1117.5319,-0.112709045,-0.6451416,0.654913
88,500.29596,1195.7434,500.63177,1195.376,0.33581543,-0.36743164,0.49777305
88,173.171,488.825,172.74178,488.40125,-0.42922974,-0.4237671,0.6031722
88,323.24402,226.52155,323.26727,226.74284,0.023254395,0.22129822,0.22251667
88,517.0521,1058.4993,517.40894,1058.6063,0.35681152,0.107055664,0.37252566
88,501.94272,1127.9238,502.37155,1127.7225,0.428833,-0.20129395,0.47372672
88,523.06165,505.0515,523.0556,505.02423,-0.0060424805,-0.027282715,0.027943838
88,508.6978,223.35959,508.52216,223.51933,-0.17565918,0.15974426,0.2374329
88,519.0857,372.52264,519.09375,372.54663,0.008056641,0.023986816,0.025303692
88,436.88217,1215.5135,436.74835,1215.523,-0.13381958,0.009399414,0.13414927
88,523.31476,699.91394,523.3179,699.92523,0.003112793,0.011291504,0.0117127085
88,517.1623,339.4099,517.1804,339.40158,0.018127441,-0.008331299,0.019950304
88,476.55182,626.83777,476.55762,626.41406,0.00579834,-0.42370605,0.42374572
88,521.1926,440.068,521.17786,440.0143,-0.014770508,-0.05368042,0.055675447
88,519.2604,406.9825,519.29004,407.05307,0.029663086,0.07055664,0.07653847
88,421.13403,225.83934,421.18225,226.147,0.048217773,0.30766296,0.31141844
88,282.91486,471.38226,283.0894,470.93356,0.17453003,-0.44869995,0.4814482
88,454.61832,225.71896,454.5592,225.91554,-0.05911255,0.19657898,0.20527442
88,356.20465,227.56735,356.2299,227.71506,0.025238037,0.14770508,0.14984575
88,519.3703,570.20404,519.4049,570.1847,0.034606934,-0.019348145,0.039648335
88,130.83826,230.93748,130.78552,231.13031,-0.052734375,0.19282532,0.19990627
88,235.80609,517.45044,235.12936,516.6514,-0.6767273,-0.79901123,1.0470811
88,190.59045,230.57347,190.55446,230.79059,-0.035995483,0.21711731,0.2200809
88,522.8492,473.408,522.8061,473.40033,-0.04309082,-0.007659912,0.043766346
88,516.10095,276.74557,516.10376,276.77637,0.0028076172,0.030792236,0.03091997
88,390.2103,227.21548,390.22552,227.4995,0.0152282715,0.28401184,0.2844198
88,527.1122,665.6618,527.1132,665.5949,0.0010375977,-0.06689453,0.06690258
88,122.12341,311.8869,122.06559,312.0895,-0.05782318,0.2026062,0.21069597
88,489.92712,1216.1758,490.27225,1216.1403,0.3451233,-0.03552246,0.34694657
88,257.92456,229.06639,257.86493,229.35379,-0.059631348,0.2873993,0.29352045
88,489.59128,1215.6411,489.942,1215.6091,0.350708,-0.031982422,0.35216329
88,512.20105,241.63104,511.98175,241.52313,-0.21929932,-0.107910156,0.24441111
88,481.27228,224.8492,481.34152,225.1214,0.069244385,0.27220154,0.28087088
88,516.3042,306.43735,516.3396,306.39096,0.03540039,-0.04638672,0.05835165
88,521.4232,536.6351,521.48004,536.68146,0.05682373,0.04638672,0.07335301
88,386.1122,1217.6606,384.94638,1217.6875,-1.1658325,0.026855469,1.1661417
88,473.31448,1253.4414,473.43973,1253.1558,0.12524414,-0.28564453,0.31189564
89,174.73027,405.71588,174.38744,405.35492,-0.34283447,-0.3609619,0.49782425
89,479.53952,999.0295,479.10086,998.94885,-0.43865967,-0.08062744,0.44600794
89,424.43478,1212.2036,424.25995,1212.0474,-0.1748352,-0.15625,0.23448116
89,107.08512,1127.0164,106.99775,1126.3265,-0.087371826,-0.68981934,0.6953305
89,435.9169,1210.5759,435.9437,1210.4309,0.026794434,-0.14501953,0.14747408
89,178.38304,1120.585,178.45671,1120.3325,0.07366943,-0.2524414,0.2629712
89,472.46603,1214.6779,472.29318,1214.5736,-0.17285156,-0.10424805,0.20185469
89,426.38315,1215.3457,426.248,1215.1979,-0.13516235,-0.14782715,0.20030409
89,76.45367,1117.5319,77.06459,1116.6962,0.61092377,-0.83569336,1.0351865
89,500.63177,1195.376,500.98166,1195.0005,0.34988403,-0.37548828,0.5132351
89,172.74178,488.40125,172.51028,487.73715,-0.23149109,-0.664093,0.7032835
89,323.26727,226.74284,323.2434,226.88725,-0.023864746,0.14440918,0.14636782
89,517.40894,1058.6063,517.66626,1058.5851,0.25732422,-0.021240234,0.25819933
89,502.37155,1127.7225,502.52206,1127.4447,0.1505127,-0.27783203,0.31598213
89,523.0556,505.02423,523.07104,504.7841,0.0154418945,-0.24014282,0.24063879
89,508.52216,223.51933,508.31894,223.57391,-0.20321655,0.05458069,0.21041867
89,519.09375,372.54663,519.0724,372.43015,-0.021362305,-0.116485596,0.118428215
89,436.74835,1215.523,436.712,1215.4061,-0.036346436,-0.11682129,0.12234491
89,523.3179,699.92523,523.35864,699.87756,0.040771484,-0.047668457,0.062726356
89,517.1804,339.40158,517.1731,339.24243,-0.0073242188,-0.15914917,0.15931761
89,476.55762,626.41406,476.68893,625.95056,0.13131714,-0.46350098,0.48174408
89,521.17786,440.0143,521.19556,439.83362,0.017700195,-0.18069458,0.18155943
89,519.29004,407.05307,519.2977,407.00385,0.0076904297,-0.049224854,0.049821973
89,421.18225,226.147,421.2299,226.33014,0.04763794,0.18313599,0.18923044
89,283.0894,470.93356,282.19617,472.34583,-0.893219,1.412262,1.6710248
89,454.5592,225.91554,454.53387,226.14056,-0.02532959,0.22502136,0.2264425
89,356.2299,227.71506,356.3397,227.80588,0.109802246,0.09082031,0.14249513
89,519.4049,570.1847,519.401,570.0997,-0.00390625,-0.08502197,0.08511166
89,130.78552,231.13031,130.76657,231.25716,-0.018951416,0.12684631,0.1282542
89,235.12936,516.6514,234.94493,515.1112,-0.18443298,-1.5402222,1.5512253
89,190.55446,230.79059,190.53099,230.79982,-0.023468018,0.009231567,0.02521844
89,522.8061,473.40033,522.7588,473.11572,-0.047302246,-0.28460693,0.28851104
89,516.10376,276.77637,516.12524,276.6688,0.021484375,-0.10757446,0.10969888
89,390.22552,227.4995,390.23996,227.72966,0.014434814,0.23016357,0.23061576
89,527.1132,665.5949,527.11005,665.57074,-0.0031738281,-0.024169922,0.024377413
89,122.06559,312.0895,122.05183,312.00156,-0.013763428,-0.08795166,0.089022055
89,490.27225,1216.1403,490.65176,1215.8336,0.3795166,-0.30664062,0.48791528
89,257.86493,229.35379,257.81973,229.39084,-0.045196533,0.03704834,0.058440622
89,489.942,1215.6091,490.33987,1215.3488,0.39788818,-0.26037598,0.47551093
89,511.98175,241.52313,511.7964,241.4344,-0.18536377,-0.08872986,0.205506
89,481.34152,225.1214,481.39166,225.26015,0.05014038,0.13874817,0.14753003
89,516.3396,306.39096,516.3874,306.29352,0.047790527,-0.09744263,0.1085311
89,521.48004,536.68146,521.53955,536.6436,0.059509277,-0.037841797,0.070522025
89,384.94638,1217.6875,385.0992,1217.4763,0.15283203,-0.21118164,0.2606824
89,473.43973,1253.1558,473.93912,1252.9843,0.49938965,-0.17150879,0.52802014
90,174.38744,405.35492,174.38347,405.36957,-0.003967285,0.0146484375,0.015176168
90,479.10086,998.94885,478.75388,999.22345,-0.34698486,0.27459717,0.44249532
90,424.25995,1212.0474,424.17633,1212.1743,-0.083618164,0.12695312,0.15201676
90,106.99775,1126.3265,106.87841,1126.3695,-0.11933899,0.04296875,0.12683891
90,435.9437,1210.4309,435.98425,1210.4734,0.04055786,0.04248047,0.058732703
90,178.45671,1120.3325,178.49649,1120.1359,0.039779663,-0.19665527,0.20063828
90,472.29318,1214.5736,472.2075,1214.6958,-0.08569336,0.12219238,0.14924587
90,426.248,1215.1979,426.13815,1215.2843,-0.10983276,0.08642578,0.13975926
90,77.06459,1116.6962,76.28167,1116.3639,-0.78292084,-0.3322754,0.8505128
90,500.98166,1195.0005,501.3707,1194.9618,0.3890381,-0.03869629,0.39095783
90,172.51028,487.73715,172.38194,487.70328,-0.12834167,-0.03387451,0.13273683
90,323.2434,226.88725,323.26865,227.13412,0.025238037,0.24687195,0.24815865
90,517.66626,1058.5851,518.1049,1058.6902,0.43865967,0.10510254,0.4510752
90,502.52206,1127.4447,502.74274,1127.3086,0.2206726,-0.1361084,0.25927186
90,523.07104,504.7841,523.1455,504.76733,0.07446289,-0.01675415,0.07632446
90,508.31894,223.57391,508.1889,223.73088,-0.1300354,0.15696716,0.20383301
90,519.0724,372.43015,519.10803,372.45917,0.03564453,0.029022217,0.04596544
90,436.712,1215.4061,436.598,1215.4926,-0.11401367,0.08642578,0.14306828
90,523.35864,699.87756,523.3732,699.8478,0.014587402,-0.029785156,0.033165462
90,517.1731,339.24243,517.20544,339.2382,0.032348633,-0.0042419434,0.032625575
90,476.68893,625.95056,476.97974,626.32117,0.290802,0.37060547,0.4710777
90,521.19556,439.83362,521.22925,439.78854,0.033691406,-0.045074463,0.05627449
90,519.2977,407.00385,519.3448,407.09592,0.047058105,0.09207153,0.10340035
90,421.2299,226.33014,421.26178,226.62668,0.03189087,0.2965393,0.2982492
90,282.19617,472.34583,280.8184,473.75873,-1.3777771,1.4129028,1.973465
90,454.53387,226.14056,454.4971,226.36528,-0.03677368,0.22471619,0.22770523
90,356.3397,227.80588,356.5124,228.05255,0.17269897,0.24667358,0.30111924
90,519.401,570.0997,519.4405,569.97675,0.039489746,-0.122924805,0.12911215
90,130.76657,231.25716,130.80481,231.5452,0.038238525,0.28804016,0.29056722
90,234.94493,515.1112,234.99748,514.3345,0.05255127,-0.7767334,0.7785091
90,190.53099,230.79982,190.78827,231.06004,0.25727844,0.2602234,0.36593497
90,522.7588,473.11572,522.7703,473.1407,0.0115356445,0.024963379,0.027499843
90,516.12524,276.6688,516.15344,276.69507,0.028198242,0.026275635,0.03854283
90,390.23996,227.72966,390.26523,228.00418,0.025268555,0.27452087,0.27568138
90,527.11005,665.57074,527.13116,665.47766,0.021118164,-0.09307861,0.095444255
90,122.05183,312.00156,122.09033,311.9833,0.038505554,-0.018249512,0.042611293
90,490.65176,1215.8336,491.14813,1215.8229,0.4963684,-0.0107421875,0.49648464
90,257.81973,229.39084,257.74545,229.6157,-0.074279785,0.22486877,0.23681945
90,490.33987,1215.3488,490.829,1215.3597,0.48913574,0.010986328,0.4892591
90,511.7964,241.4344,511.59375,241.30815,-0.20263672,-0.12625122,0.23874885
90,481.39166,225.26015,481.5235,225.52312,0.13183594,0.26296997,0.29416648
90,516.3874,306.29352,516.4815,306.27112,0.09411621,-0.022399902,0.09674511
90,521.53955,536.6436,521.63055,536.7125,0.09100342,0.06890869,0.11414915
90,385.0992,1217.4763,385.25015,1217.5884,0.15093994,0.11206055,0.18799052
90,473.93912,1252.9843,473.77853,1253.001,-0.1605835,0.016723633,0.16145197
91,174.38347,405.36957,174.39111,405.3804,0.0076446533,0.01083374,0.013259361
91,478.75388,999.22345,478.4792,999.8164,-0.27468872,0.59295654,0.6534917
91,424.17633,1212.1743,424.14725,1212.5057,-0.029083252,0.3314209,0.33269453
91,106.87841,1126.3695,106.97973,1126.4347,0.10131836,0.06518555,0.12047641
91,435.98425,1210.4734,436.06216,1210.7526,0.07791138,0.2791748,0.28984264
91,178.49649,1120.1359,178.44466,1120.0342,-0.051834106,-0.10168457,0.114133805
91,472.2075,1214.6958,472.20776,1215.1736,0.0002746582,0.4777832,0.4777833
91,426.13815,1215.2843,426.04962,1215.5901,-0.088531494,0.30578613,0.31834412
91,76.28167,1116.3639,76.30995,1116.0758,0.028282166,-0.28808594,0.28947088
91,501.3707,1194.9618,501.75406,1195.2706,0.38336182,0.3088379,0.49228764
91,172.38194,487.70328,172.57332,487.57504,0.19137573,-0.12823486,0.23036677
91,323.26865,227.13412,323.35922,227.67952,0.09057617,0.5453949,0.55286497
91,518.1049,1058.6902,518.42847,1059.0596,0.32354736,0.36938477,0.49104786
91,502.74274,1127.3086,502.88696,1127.5144,0.14422607,0.20581055,0.25131482
91,523.1455,504.76733,523.11804,504.8446,-0.02746582,0.07727051,0.08200672
91,508.1889,223.73088,508.06903,224.02614,-0.11987305,0.29525757,0.31866375
91,519.10803,372.45917,519.1625,372.51865,0.05444336,0.05947876,0.08063375
91,436.598,1215.4926,436.47604,1215.827,-0.12194824,0.33447266,0.3560103
91,523.3732,699.8478,523.4465,699.91956,0.07324219,0.071777344,0.10254952
91,517.20544,339.2382,517.22815,339.32706,0.022705078,0.08886719,0.09172185
91,476.97974,626.32117,477.1195,626.35913,0.13977051,0.037963867,0.14483456
91,521.22925,439.78854,521.27124,439.84357,0.041992188,0.055023193,0.069216296
91,519.3448,407.09592,519.3987,407.26508,0.053894043,0.16915894,0.1775368
91,421.26178,226.62668,421.3268,227.17227,0.06503296,0.54559326,0.54945546
91,280.8184,473.75873,279.26263,475.0068,-1.5557556,1.2480774,1.9945107
91,454.4971,226.36528,454.6867,226.69824,0.18960571,0.33296204,0.3831632
91,356.5124,228.05255,356.47446,228.49753,-0.03793335,0.4449768,0.44659075
91,519.4405,569.97675,519.4835,570.00104,0.043029785,0.024291992,0.04941319
91,130.80481,231.5452,130.88144,231.92278,0.07662964,0.37757874,0.38527626
91,234.99748,514.3345,234.72768,513.7346,-0.2698059,-0.5998535,0.65773815
91,190.78827,231.06004,190.79514,231.45158,0.006866455,0.39154053,0.39160073
91,522.7703,473.1407,522.78357,473.46756,0.013244629,0.32687378,0.327142
91,516.15344,276.69507,516.1803,276.7911,0.026855469,0.09603882,0.099722974
91,390.26523,228.00418,390.4484,228.52519,0.1831665,0.52101135,0.5522706
91,527.13116,665.47766,527.23303,665.4297,0.101867676,-0.047973633,0.112598814
91,122.09033,311.9833,122.12673,312.41116,0.03639984,0.42785645,0.42940202
91,491.14813,1215.8229,491.38147,1216.043,0.2333374,0.22009277,0.3207603
91,257.74545,229.6157,257.81958,230.13516,0.0741272,0.51945496,0.52471733
91,490.829,1215.3597,491.0678,1215.6246,0.23880005,0.26489258,0.35664204
91,511.59375,241.30815,511.41312,241.28548,-0.18063354,-0.02267456,0.18205112
91,481.5235,225.52312,481.6115,225.91519,0.088012695,0.39207458,0.4018317
91,516.4815,306.27112,516.54535,306.33447,0.06384277,0.06335449,0.08994271
91,521.63055,536.7125,521.7717,536.8152,0.14117432,0.10266113,0.17455514
91,385.25015,1217.5884,388.59146,1217.6691,3.3413086,0.08068848,3.3422828
91,473.77853,1253.001,474.363,1253.0421,0.58447266,0.041137695,0.5859186
92,174.39111,405.3804,174.55225,405.19568,0.16113281,-0.1847229,0.24512513
92,478.4792,999.8164,478.4826,999.93115,0.0034179688,0.114746094,0.11479699
92,424.14725,1212.5057,424.1433,1212.5986,-0.0039367676,0.09289551,0.09297889
92,106.97973,1126.4347,107.01563,1126.4438,0.03590393,0.009155273,0.037052818
92,436.06216,1210.7526,436.197,1210.8197,0.13482666,0.06713867,0.15061815
92,178.44466,1120.0342,178.49931,1119.9307,0.054656982,-0.103515625,0.11705926
92,472.20776,1215.1736,472.22754,1215.2817,0.01977539,0.1081543,0.10994734
92,426.04962,1215.5901,426.14838,1215.6584,0.09875488,0.068359375,0.12010633
92,76.30995,1116.0758,75.98697,1115.1113,-0.3229828,-0.96447754,1.0171208
92,501.75406,1195.2706,501.95715,1195.2589,0.20309448,-0.01171875,0.20343229
92,172.57332,487.57504,172.74216,487.42065,0.1688385,-0.15438843,0.22878423
92,323.35922,227.67952,323.38028,227.86998,0.021057129,0.1904602,0.1916207
92,518.42847,1059.0596,518.5994,1059.2339,0.17095947,0.1743164,0.24415846
92,502.88696,1127.5144,503.22903,1127.4824,0.34207153,-0.031982422,0.3435634
92,523.11804,504.8446,523.23175,504.87186,0.113708496,0.027252197,0.11692863
92,508.06903,224.02614,508.03888,224.15361,-0.030151367,0.12747192,0.1309893
92,519.1625,372.51865,519.2424,372.55038,0.07989502,0.03173828,0.085968204
92,436.47604,1215.827,436.59525,1215.9094,0.11920166,0.08239746,0.14490817
92,523.4465,699.91956,523.5925,700.0186,0.14605713,0.09906006,0.1764811
92,517.22815,339.32706,517.3385,339.33957,0.11035156,0.012512207,0.111058645
92,477.1195,626.35913,477.3217,626.3855,0.20217896,0.026367188,0.20389104
92,521.27124,439.84357,521.37836,439.84637,0.1071167,0.0028076172,0.10715349
92,519.3987,407.26508,519.50073,407.32114,0.10205078,0.05606079,0.11643528
92,421.3268,227.17227,421.40503,227.37234,0.07821655,0.20007324,0.21481884
92,279.26263,475.0068,279.7369,475.0589,0.47427368,0.052093506,0.47712606
92,454.6867,226.69824,454.6949,226.91693,0.008178711,0.21868896,0.21884185
92,356.47446,228.49753,356.5773,228.65736,0.10284424,0.15983582,0.19006427
92,519.4835,570.00104,519.66815,569.9854,0.18463135,-0.015625,0.18529132
92,130.88144,231.92278,130.93915,232.097,0.05770874,0.17422485,0.18353364
92,234.72768,513.7346,234.50261,513.7545,-0.22506714,0.019897461,0.22594497
92,190.79514,231.45158,190.81111,231.6484,0.015975952,0.19682312,0.19747044
92,522.78357,473.46756,522.7916,473.4666,0.008056641,-0.0009460449,0.008111995
92,516.1803,276.7911,516.2993,276.8357,0.119018555,0.04458618,0.1270958
92,390.4484,228.52519,390.46548,228.64722,0.017089844,0.122024536,0.12321546
92,527.23303,665.4297,527.3504,665.5448,0.117370605,0.115112305,0.164398
92,122.12673,312.41116,122.23674,312.46365,0.11000824,0.052490234,0.12188945
92,491.38147,1216.043,491.61246,1216.1722,0.23098755,0.12927246,0.26470098
92,257.81958,230.13516,257.80206,230.29785,-0.01751709,0.16268921,0.16362955
92,491.0678,1215.6246,491.3395,1215.7517,0.271698,0.1270752,0.29994652
92,511.41312,241.28548,511.38336,241.28636,-0.029754639,0.00088500977,0.029767798
92,481.6115,225.91519,481.68652,226.15,0.07501221,0.23480225,0.24649325
92,516.54535,306.33447,516.63916,306.33,0.093811035,-0.004486084,0.093918234
92,521.7717,536.8152,521.88043,536.9176,0.10870361,0.10241699,0.14935099
92,388.59146,1217.6691,388.08316,1217.7723,-0.5083008,0.103271484,0.5186855
92,474.363,1253.0421,474.6976,1253.1306,0.33459473,0.08850098,0.34610122
93,174.55225,405.19568,174.79039,404.7337,0.23814392,-0.4619751,0.51974374
93,478.4826,999.93115,478.40125,1000.00903,-0.08135986,0.07788086,0.11262707
93,424.1433,1212.5986,424.05637,1212.5807,-0.08694458,-0.017944336,0.08877702
93,107.01563,1126.4438,107.22138,1126.141,0.20574951,-0.30285645,0.36613506
93,436.197,1210.8197,436.359,1210.8002,0.16201782,-0.01953125,0.16319083
93,178.49931,1119.9307,178.5518,1119.8683,0.052490234,-0.06237793,0.08152442
93,472.22754,1215.2817,472.48105,1215.3145,0.25350952,0.032714844,0.2556117
93,426.14838,1215.6584,426.13998,1215.632,-0.008392334,-0.026489258,0.027786905
93,75.98697,1115.1113,76.090576,1114.0889,0.10360718,-1.0224609,1.0276968
93,501.95715,1195.2589,502.49118,1195.148,0.5340271,-0.110961914,0.54543334
93,172.74216,487.42065,173.33388,487.16974,0.5917206,-0.25091553,0.6427222
93,323.38028,227.86998,323.47498,227.94815,0.094696045,0.07817078,0.12279255
93,518.5994,1059.2339,519.0383,1059.3027,0.4389038,0.068847656,0.44427082
93,503.22903,1127.4824,502.87726,1127.543,-0.35177612,0.060546875,0.35694867
93,523.23175,504.87186,523.336,504.9292,0.10424805,0.05734253,0.11897824
93,508.03888,224.15361,508.11765,224.3666,0.07876587,0.21298218,0.22708032
93,519.2424,372.55038,519.37427,372.60468,0.13189697,0.05429077,0.14263344
93,436.59525,1215.9094,436.63528,1215.9163,0.040039062,0.0068359375,0.040618427
93,523.5925,700.0186,523.6027,700.0036,0.010192871,-0.015014648,0.01814757
93,517.3385,339.33957,517.44214,339.3763,0.103637695,0.036743164,0.10995832
93,477.3217,626.3855,477.37488,626.5461,0.05319214,0.1605835,0.169164
93,521.37836,439.84637,521.4376,439.90292,0.059265137,0.056549072,0.08191553
93,519.50073,407.32114,519.58685,407.3766,0.086120605,0.05545044,0.10242807
93,421.40503,227.37234,421.5848,227.50876,0.17977905,0.13641357,0.22567493
93,279.7369,475.0589,280.51868,473.64603,0.7817688,-1.4128723,1.6147355
93,454.6949,226.91693,454.6967,227.07314,0.0018005371,0.15620422,0.15621461
93,356.5773,228.65736,356.6292,228.70529,0.0519104,0.047927856,0.07065245
93,519.66815,569.9854,519.79065,570.0176,0.12249756,0.032165527,0.1266502
93,130.93915,232.097,130.9455,232.25862,0.0063476562,0.1616211,0.1617457
93,234.50261,513.7545,233.68568,513.819,-0.81692505,0.064453125,0.81946373
93,190.81111,231.6484,190.77267,231.72311,-0.03843689,0.07470703,0.08401509
93,522.7916,473.4666,522.9423,473.506,0.1506958,0.039398193,0.15576084
93,516.2993,276.8357,516.42395,276.8802,0.12463379,0.04449463,0.13233803
93,390.46548,228.64722,390.52408,228.75618,0.05859375,0.10896301,0.12371809
93,527.3504,665.5448,527.463,665.58594,0.11260986,0.041137695,0.11988866
93,122.23674,312.46365,122.27159,312.44595,0.034851074,-0.017700195,0.03908829
93,491.61246,1216.1722,492.17297,1216.1543,0.56051636,-0.017944336,0.56080353
93,257.80206,230.29785,258.17377,230.36603,0.3717041,0.06817627,0.37790468
93,491.3395,1215.7517,491.88538,1215.7441,0.5458679,-0.0075683594,0.5459204
93,511.38336,241.28636,511.34213,241.21594,-0.041229248,-0.07041931,0.081601046
93,481.68652,226.15,481.8375,226.3216,0.15097046,0.17160034,0.22855799
93,516.63916,306.33,516.77386,306.3513,0.13470459,0.02130127,0.13637841
93,521.88043,536.9176,522.00867,536.97095,0.12823486,0.053344727,0.13888787
93,388.08316,1217.7723,387.40796,1217.8192,-0.6752014,0.046875,0.6768266
93,474.6976,1253.1306,474.59866,1253.1323,-0.09893799,0.0017089844,0.09895275
94,174.79039,404.7337,175.00049,404.60013,0.21009827,-0.13357544,0.24896522
94,478.40125,1000.00903,478.41995,1000.05695,0.018707275,0.047912598,0.051435195
94,424.05637,1212.5807,423.5542,1212.5719,-0.50216675,-0.0087890625,0.5022437
94,107.22138,1126.141,107.23342,1126.123,0.012039185,-0.017944336,0.021608822
94,436.359,1210.8002,436.3556,1210.7548,-0.0034179688,-0.045410156,0.045538608
94,178.5518,1119.8683,178.59918,1119.8479,0.04737854,-0.020385742,0.05157814
94,472.48105,1215.3145,472.29965,1215.2977,-0.18139648,-0.016723633,0.18216576
94,426.13998,1215.632,426.11948,1215.5917,-0.020507812,-0.040283203,0.045202952
94,76.090576,1114.0889,76.060974,1113.843,-0.02960205,-0.24584961,0.24762535
94,502.49118,1195.148,502.48273,1195.1483,-0.008453369,0.00036621094,0.0084612975
94,173.33388,487.16974,173.38138,486.9991,0.04750061,-0.17062378,0.17711234
94,323.47498,227.94815,323.52097,227.98553,0.04598999,0.037384033,0.059267573
94,519.0383,1059.3027,519.0156,1059.292,-0.022705078,-0.0107421875,0.025118025
94,502.87726,1127.543,503.09882,1127.5963,0.22155762,0.053344727,0.22788909
94,523.336,504.9292,523.3239,504.90787,-0.012084961,-0.021331787,0.024517165
94,508.11765,224.3666,508.13248,224.36032,0.014831543,-0.0062713623,0.01610294
94,519.37427,372.60468,519.40204,372.60144,0.027770996,-0.0032348633,0.027958766
94,436.63528,1215.9163,436.63495,1215.8741,-0.00033569336,-0.042114258,0.042115595
94,523.6027,700.0036,523.7183,700.0271,0.115600586,0.023498535,0.11796473
94,517.44214,339.3763,517.4302,339.3774,-0.011962891,0.0010986328,0.012013232
94,477.37488,626.5461,477.33902,626.4512,-0.035858154,-0.09490967,0.10145764
94,521.4376,439.90292,521.4725,439.89395,0.034851074,-0.008972168,0.03598746
94,519.58685,407.3766,519.6556,407.4006,0.068725586,0.024017334,0.07280137
94,421.5848,227.50876,421.58557,227.5198,0.00076293945,0.011047363,0.011073677
94,280.51868,473.64603,280.47263,473.15067,-0.046051025,-0.49536133,0.4974973
94,454.6967,227.07314,454.70306,227.07294,0.006378174,-0.00019836426,0.006381258
94,356.6292,228.70529,356.65125,228.76665,0.022033691,0.06135559,0.06519196
94,519.79065,570.0176,519.79156,570.01306,0.00091552734,-0.0045166016,0.0046084574
94,130.9455,232.25862,130.9443,232.23508,-0.0011901855,-0.023544312,0.023574375
94,233.68568,513.819,233.51215,513.7687,-0.17353821,-0.05029297,0.18067896
94,190.77267,231.72311,190.78525,231.76096,0.012573242,0.037841797,0.039875906
94,522.9423,473.506,522.9503,473.50333,0.0079956055,-0.0026855469,0.008434564
94,516.42395,276.8802,516.4206,276.87372,-0.0033569336,-0.0064697266,0.0072887833
94,390.52408,228.75618,390.55673,228.73628,0.03265381,-0.019897461,0.038238466
94,527.463,665.58594,527.4887,665.6117,0.0256958,0.025756836,0.036382534
94,122.27159,312.44595,122.27759,312.46332,0.005996704,0.017364502,0.018370803
94,492.17297,1216.1543,492.28433,1216.0813,0.11135864,-0.07299805,0.13315202
94,258.17377,230.36603,258.08417,230.3836,-0.08959961,0.017578125,0.09130762
94,491.88538,1215.7441,491.98654,1215.6847,0.10116577,-0.059448242,0.11733971
94,511.34213,241.21594,511.36102,241.25002,0.01889038,0.034072876,0.03895905
94,481.8375,226.3216,481.85358,226.37239,0.016082764,0.05079651,0.05328171
94,516.77386,306.3513,516.79785,306.33923,0.023986816,-0.012054443,0.026845427
94,522.00867,536.97095,522.02924,536.9801,0.020568848,0.009155273,0.022514362
94,387.40796,1217.8192,387.33704,1217.7645,-0.07092285,-0.0546875,0.08955877
94,474.59866,1253.1323,475.20993,1253.1569,0.6112671,0.024536133,0.6117593
95,175.00049,404.60013,175.49971,404.4643,0.4992218,-0.13583374,0.5173715
95,478.41995,1000.05695,478.34482,999.8021,-0.07513428,-0.25482178,0.26566762
95,423.5542,1212.5719,424.1368,1212.4462,0.5826111,-0.12573242,0.59602374
95,107.23342,1126.123,107.4404,1125.9788,0.20697784,-0.14428711,0.25230655
95,436.3556,1210.7548,436.58966,1210.6533,0.23406982,-0.10144043,0.25510556
95,178.59918,1119.8479,178.90662,1119.8389,0.30743408,-0.009033203,0.30756676
95,472.29965,1215.2977,472.5545,1215.1201,0.2548523,-0.1776123,0.31063777
95,426.11948,1215.5917,426.356,1215.5062,0.23651123,-0.08544922,0.2514739
95,76.060974,1113.843,75.976204,1113.5559,-0.0847702,-0.28710938,0.2993623
95,502.48273,1195.1483,502.69202,1194.5768,0.20928955,-0.5715332,0.60864794
95,173.38138,486.9991,173.63039,486.6181,0.24900818,-0.38101196,0.45516503
95,323.52097,227.98553,323.70023,227.70274,0.17926025,-0.28279114,0.33482096
95,519.0156,1059.292,518.9923,1059.1912,-0.02331543,-0.10083008,0.10349064
95,503.09882,1127.5963,503.2646,1127.4185,0.16577148,-0.17785645,0.24313186
95,523.3239,504.90787,523.48596,504.8334,0.16204834,-0.07446289,0.17833784
95,508.13248,224.36032,508.23444,224.18123,0.10195923,-0.1790924,0.20608196
95,519.40204,372.60144,519.51917,372.57065,0.117126465,-0.030792236,0.121106446
95,436.63495,1215.8741,436.8806,1215.7833,0.2456665,-0.09082031,0.2619167
95,523.7183,700.0271,523.8578,699.97943,0.13946533,-0.047668457,0.14738677
95,517.4302,339.3774,517.5325,339.2724,0.10229492,-0.10501099,0.1466
95,477.33902,626.4512,477.5353,626.62134,0.19628906,0.17016602,0.25978044
95,521.4725,439.89395,521.64417,439.76355,0.1716919,-0.13040161,0.21559843
95,519.6556,407.4006,519.81085,407.27155,0.15527344,-0.12905884,0.20190598
95,421.58557,227.5198,421.68973,227.38022,0.104156494,-0.1395874,0.17416434
95,280.47263,473.15067,279.79895,473.63242,-0.67367554,0.4817505,0.8282042
95,454.70306,227.07294,454.7937,226.96349,0.09063721,-0.109451294,0.14210802
95,356.65125,228.76665,356.82047,228.48268,0.16921997,-0.28396606,0.33056334
95,519.79156,570.01306,519.9081,569.9997,0.11651611,-0.013366699,0.11728032
95,130.9443,232.23508,131.17738,232.09908,0.233078,-0.13600159,0.2698551
95,233.51215,513.7687,233.16383,512.81836,-0.34831238,-0.9503174,1.0121386
95,190.78525,231.76096,191.10655,231.55145,0.32130432,-0.20950317,0.38357273
95,522.9503,473.50333,523.0759,473.28925,0.12561035,-0.21408081,0.2482107
95,516.4206,276.87372,516.55676,276.76062,0.13616943,-0.113098145,0.17701216
95,390.55673,228.73628,390.7112,228.47128,0.15447998,-0.2649994,0.30673888
95,527.4887,665.6117,527.65106,665.5122,0.16235352,-0.099487305,0.1904111
95,122.27759,312.46332,122.39348,312.3081,0.1158905,-0.1552124,0.19370466
95,492.28433,1216.0813,492.42258,1215.8937,0.13824463,-0.18762207,0.23305282
95,258.08417,230.3836,258.00793,230.2223,-0.07623291,-0.16130066,0.17840783
95,491.98654,1215.6847,492.1219,1215.5121,0.13534546,-0.17260742,0.21934383
95,511.36102,241.25002,511.51163,241.19698,0.15060425,-0.05303955,0.15967101
95,481.85358,226.37239,481.9307,226.24214,0.07711792,-0.13024902,0.15136704
95,516.79785,306.33923,516.9853,306.27438,0.18743896,-0.06484985,0.19834028
95,522.02924,536.9801,522.22064,536.92316,0.19140625,-0.0569458,0.19969772
95,387.33704,1217.7645,387.5149,1217.6648,0.17785645,-0.099731445,0.20390998
95,475.20993,1253.1569,475.00058,1252.766,-0.20935059,-0.39086914,0.44340315
96,175.49971,404.4643,175.56815,404.3971,0.06843567,-0.06719971,0.09591267
96,478.34482,999.8021,478.43884,999.74866,0.09402466,-0.053466797,0.10816346
96,424.1368,1212.4462,424.0332,1212.4435,-0.10360718,-0.0026855469,0.10364198
96,107.4404,1125.9788,107.44209,1125.9751,0.0016937256,-0.0036621094,0.004034817
96,436.58966,1210.6533,436.57312,1210.6439,-0.016540527,-0.009399414,0.019024668
96,178.90662,1119.8389,178.88016,1119.8596,-0.02645874,0.020751953,0.03362601
96,472.5545,1215.1201,472.5566,1215.0968,0.002105713,-0.02331543,0.023410324
96,426.356,1215.5062,426.3452,1215.4998,-0.010772705,-0.0064697266,0.012566166
96,75.976204,1113.5559,76.19294,1113.6023,0.21673584,0.04638672,0.22164421
96,502.69202,1194.5768,502.61755,1194.5066,-0.07446289,-0.07019043,0.10232995
96,173.63039,486.6181,173.7227,486.56274,0.092315674,-0.055358887,0.10764195
96,323.70023,227.70274,323.69205,227.63815,-0.008178711,-0.064590454,0.065106206
96,518.9923,1059.1912,518.8966,1059.1484,-0.095703125,-0.04272461,0.10480687
96,503.2646,1127.4185,503.25528,1127.4214,-0.009307861,0.0029296875,0.00975804
96,523.48596,504.8334,523.50183,504.84354,0.01586914,0.010131836,0.018827738
96,508.23444,224.18123,508.3066,224.13994,0.07217407,-0.041290283,0.08315037
96,519.51917,372.57065,519.5132,372.5712,-0.0059814453,0.0005493164,0.006006616
96,436.8806,1215.7833,436.87265,1215.774,-0.007965088,-0.009277344,0.012227499
96,523.8578,699.97943,523.87006,699.9777,0.012268066,-0.0017089844,0.012386528
96,517.5325,339.2724,517.5609,339.2831,0.028442383,0.01071167,0.030392582
96,477.5353,626.62134,477.5371,626.77435,0.0018005371,0.15301514,0.15302573
96,521.64417,439.76355,521.6599,439.76263,0.01574707,-0.00091552734,0.015773661
96,519.81085,407.27155,519.82544,407.25363,0.014587402,-0.017913818,0.023101887
96,421.68973,227.38022,421.6968,227.32536,0.007080078,-0.054855347,0.055310365
96,279.79895,473.63242,279.24133,473.52774,-0.5576172,-0.10467529,0.5673569
96,454.7937,226.96349,454.8327,226.92732,0.039001465,-0.03616333,0.05318741
96,356.82047,228.48268,356.78156,228.44832,-0.038909912,-0.034362793,0.0519113
96,519.9081,569.9997,519.907,569.98584,-0.0010986328,-0.0138549805,0.01389847
96,131.17738,232.09908,131.18417,232.01404,0.006790161,-0.08503723,0.085307896
96,233.16383,512.81836,233.39409,512.187,0.23025513,-0.63134766,0.6720248
96,191.10655,231.55145,191.09727,231.48865,-0.009277344,-0.062805176,0.06348669
96,523.0759,473.28925,523.07385,473.29425,-0.0020751953,0.005004883,0.005418052
96,516.55676,276.76062,516.56976,276.77316,0.013000488,0.012542725,0.01806468
96,390.7112,228.47128,390.70135,228.40828,-0.009857178,-0.06300354,0.063769974
96,527.65106,665.5122,527.65753,665.5176,0.0064697266,0.0053710938,0.008408686
96,122.39348,312.3081,122.42105,312.29343,0.027572632,-0.014678955,0.031236544
96,492.42258,1215.8937,492.33804,1215.877,-0.08453369,-0.016723633,0.08617207
96,258.00793,230.2223,258.0224,230.15576,0.014465332,-0.06654358,0.06809767
96,492.1219,1215.5121,492.02655,1215.4893,-0.095336914,-0.022827148,0.098031655
96,511.51163,241.19698,511.57678,241.19232,0.06515503,-0.0046539307,0.06532103
96,481.9307,226.24214,481.95688,226.15271,0.026184082,-0.08943176,0.09318608
96,516.9853,306.27438,516.9682,306.27823,-0.017089844,0.0038452148,0.01751709
96,522.22064,536.92316,522.2198,536.9209,-0.0008544922,-0.0022583008,0.0024145558
96,387.5149,1217.6648,387.5139,1217.6426,-0.0010070801,-0.022216797,0.02223961
96,475.00058,1252.766,474.89087,1252.8063,-0.10971069,0.040283203,0.11687246
97,175.56815,404.3971,175.66167,404.43564,0.09352112,0.0385437,0.10115244
97,478.43884,999.74866,478.6298,999.6705,0.19094849,-0.078186035,0.2063356
97,424.0332,1212.4435,423.35025,1212.4779,-0.6829529,0.034423828,0.6838199
97,107.44209,1125.9751,107.55992,1125.9619,0.11782837,-0.013183594,0.11856362
97,436.57312,1210.6439,436.68112,1210.6335,0.10800171,-0.010375977,0.10849898
97,178.88016,1119.8596,178.87431,1119.9412,-0.005844116,0.08154297,0.08175212
97,472.5566,1215.0968,472.76987,1215.0686,0.21325684,-0.028198242,0.21511304
97,426.3452,1215.4998,426.461,1215.4674,0.11578369,-0.032348633,0.12021771
97,76.19294,1113.6023,76.92547,1113.6875,0.7325287,0.08520508,0.7374674
97,502.61755,1194.5066,502.56143,1194.9421,-0.056121826,0.43554688,0.43914774
97,173.7227,486.56274,173.87108,486.49414,0.14837646,-0.068603516,0.1634687
97,323.69205,227.63815,323.72003,227.51468,0.02798462,-0.12347412,0.12660567
97,518.8966,1059.1484,518.8417,1059.1418,-0.05493164,-0.006591797,0.055325735
97,503.25528,1127.4214,503.49155,1127.6088,0.23626709,0.18737793,0.30155036
97,523.50183,504.84354,523.5696,504.86996,0.06774902,0.026428223,0.07272126
97,508.3066,224.13994,508.44397,224.07602,0.13735962,-0.06391907,0.1515035
97,519.5132,372.5712,519.56824,372.5642,0.05505371,-0.0069885254,0.0554955
97,436.87265,1215.774,437.06488,1215.7407,0.19223022,-0.033325195,0.19509748
97,523.87006,699.9777,523.9374,699.9652,0.06732178,-0.012512207,0.06847464
97,517.5609,339.2831,517.60693,339.26608,0.046020508,-0.017028809,0.049070027
97,477.5371,626.77435,477.57236,626.855,0.035247803,0.08062744,0.08799541
97,521.6599,439.76263,521.69116,439.79388,0.03125,0.03125,0.044194173
97,519.82544,407.25363,519.8539,407.25592,0.028442383,0.0022888184,0.028534327
97,421.6968,227.32536,421.70288,227.27591,0.006072998,-0.049453735,0.04982523
97,279.24133,473.52774,280.02316,473.11984,0.78182983,-0.40789795,0.88183826
97,454.8327,226.92732,454.83344,226.86179,0.0007324219,-0.0655365,0.0655406
97,356.78156,228.44832,356.86423,228.3746,0.08267212,-0.07371521,0.110763766
97,519.907,569.98584,519.9209,569.9867,0.013916016,0.0008544922,0.013942225
97,131.18417,232.01404,131.2016,231.9397,0.017425537,-0.07434082,0.07635579
97,233.39409,512.187,233.5669,511.17593,0.17280579,-1.0110779,1.0257388
97,191.09727,231.48865,191.18216,231.42691,0.08488464,-0.06173706,0.10496126
97,523.07385,473.29425,523.2031,473.31577,0.12927246,0.021514893,0.1310506
97,516.56976,276.77316,516.6427,276.774,0.07293701,0.0008239746,0.07294167
97,390.70135,228.40828,390.7481,228.31879,0.04675293,-0.0894928,0.100969285
97,527.65753,665.5176,527.657,665.5375,-0.0005493164,0.019897461,0.019905042
97,122.42105,312.29343,122.52554,312.30017,0.10449219,0.0067443848,0.10470962
97,492.33804,1215.877,492.3082,1215.9199,-0.029846191,0.04296875,0.052317385
97,258.0224,230.15576,258.0668,230.14943,0.044403076,-0.0063323975,0.04485234
97,492.02655,1215.4893,491.9656,1215.5231,-0.060943604,0.033813477,0.069695584
97,511.57678,241.19232,511.71188,241.28584,0.13510132,0.09352112,0.16431239
97,481.95688,226.15271,481.9019,226.0772,-0.054992676,-0.07551575,0.093417466
97,516.9682,306.27823,517.0167,306.29047,0.04852295,0.012237549,0.050042324
97,522.2198,536.9209,522.2151,536.90924,-0.004699707,-0.011657715,0.01256939
97,387.5139,1217.6426,388.41992,1217.6259,0.9060364,-0.016723633,0.9061907
97,474.89087,1252.8063,474.8486,1252.8593,-0.042266846,0.052978516,0.06777322
98,175.66167,404.43564,175.65746,404.44116,-0.004211426,0.0055236816,0.006946018
98,478.6298,999.6705,478.89313,999.5772,0.26333618,-0.09326172,0.279363
98,423.35025,1212.4779,423.31543,1212.5424,-0.034820557,0.064453125,0.0732576
98,107.55992,1125.9619,107.71396,1126.0461,0.15403748,0.084228516,0.17556192
98,436.68112,1210.6335,436.70416,1210.672,0.023040771,0.03845215,0.04482683
98,178.87431,1119.9412,178.84106,1120.0656,-0.0332489,0.12438965,0.12875664
98,472.76987,1215.0686,472.99762,1215.0414,0.22775269,-0.02722168,0.22937372
98,426.461,1215.4674,426.61142,1215.5187,0.15042114,0.05126953,0.15891849
98,76.92547,1113.6875,77.061584,1113.9559,0.13611603,0.26843262,0.30097118
98,502.56143,1194.9421,502.44452,1194.9948,-0.11691284,0.052612305,0.12820557
98,173.87108,486.49414,173.97487,486.4593,0.10379028,-0.034851074,0.10948525
98,323.72003,227.51468,323.7379,227.4156,0.0178833,-0.09907532,0.100676365
98,518.8417,1059.1418,518.70593,1059.1423,-0.13574219,0.00048828125,0.13574307
98,503.49155,1127.6088,503.45886,1127.6704,-0.032684326,0.061645508,0.069774166
98,523.5696,504.86996,523.6411,504.98914,0.0715332,0.11917114,0.13899194
98,508.44397,224.07602,508.55817,224.0347,0.11419678,-0.0413208,0.12144263
98,519.56824,372.5642,519.58484,372.5974,0.016601562,0.033203125,0.037122224
98,437.06488,1215.7407,437.16797,1215.7375,0.10308838,-0.0031738281,0.103137225
98,523.9374,699.9652,523.9603,699.9885,0.022949219,0.02331543,0.03271507
98,517.60693,339.26608,517.6864,339.31985,0.07946777,0.053771973,0.09595078
98,477.57236,626.855,477.4961,627.2342,-0.07626343,0.37921143,0.3868041
98,521.69116,439.79388,521.7365,439.93225,0.04534912,0.1383667,0.14560868
98,519.8539,407.25592,519.8616,407.22592,0.0076904297,-0.02999878,0.030968847
98,421.70288,227.27591,421.65475,227.13821,-0.04812622,-0.13769531,0.1458634
98,280.02316,473.11984,280.79926,472.05673,0.7760925,-1.0631104,1.3162534
98,454.83344,226.86179,454.8852,226.66289,0.051757812,-0.19889832,0.2055223
98,356.86423,228.3746,356.8562,228.25786,-0.008026123,-0.116744995,0.11702056
98,519.9209,569.9867,520.0002,569.95996,0.07928467,-0.026733398,0.083670385
98,131.2016,231.9397,131.21436,231.8441,0.012756348,-0.09559631,0.09644366
98,233.5669,511.17593,233.80055,511.00632,0.23365784,-0.1696167,0.2887314
98,191.18216,231.42691,191.20816,231.34152,0.026000977,-0.08538818,0.08925913
98,523.2031,473.31577,523.24744,473.36212,0.044311523,0.0463562,0.06412806
98,516.6427,276.774,516.6665,276.80682,0.023803711,0.032836914,0.040557116
98,390.7481,228.31879,390.73267,228.28618,-0.0154418945,-0.032608032,0.036079578
98,527.657,665.5375,527.6755,665.5647,0.018493652,0.02722168,0.032909498
98,122.52554,312.30017,122.56898,312.29602,0.043434143,-0.0041503906,0.04363199
98,492.3082,1215.9199,492.06348,1216.0087,-0.24472046,0.08874512,0.2603148
98,258.0668,230.14943,258.0973,230.03519,0.03048706,-0.11424255,0.11824053
98,491.9656,1215.5231,491.7036,1215.5763,-0.2619934,0.053222656,0.2673447
98,511.71188,241.28584,511.90652,241.45349,0.19464111,0.16764832,0.25688738
98,481.9019,226.0772,481.98428,225.98268,0.08239746,-0.09451294,0.12538755
98,517.0167,306.29047,516.9902,306.36017,-0.026550293,0.06970215,0.07458758
98,522.2151,536.90924,522.21234,536.905,-0.002746582,-0.004211426,0.005027904
98,388.41992,1217.6259,389.3689,1217.564,0.9489746,-0.06188965,0.9509906
98,474.8486,1252.8593,474.7943,1253.0557,-0.05429077,0.19641113,0.2037764
99,175.65746,404.44116,175.45895,404.42422,-0.19850159,-0.016937256,0.19922286
99,478.89313,999.5772,479.3746,999.6152,0.48147583,0.037963867,0.4829702
99,423.31543,1212.5424,423.28183,1212.8071,-0.033599854,0.2647705,0.26689392
99,107.71396,1126.0461,107.97285,1126.1667,0.25888824,0.12060547,0.2856025
99,436.70416,1210.672,436.9467,1210.9713,0.2425232,0.2993164,0.38523737
99,178.84106,1120.0656,178.962,1120.4199,0.12094116,0.35437012,0.3744395
99,472.99762,1215.0414,473.36942,1215.2877,0.37179565,0.24633789,0.44599816
99,426.61142,1215.5187,427.0088,1215.7736,0.39736938,0.2548828,0.47208863
99,77.061584,1113.9559,77.126236,1114.1345,0.06465149,0.17858887,0.18993104
99,502.44452,1194.9948,502.29147,1195.4935,-0.15304565,0.4987793,0.5217315
99,173.97487,486.4593,174.02846,486.40906,0.053588867,-0.050231934,0.07345076
99,323.7379,227.4156,323.8215,227.48015,0.08358765,0.06454468,0.10560734
99,518.70593,1059.1423,518.6538,1059.3018,-0.052124023,0.15942383,0.16772856
99,503.45886,1127.6704,503.6912,1128.0634,0.23233032,0.39294434,0.45648947
99,523.6411,504.98914,523.78296,505.33224,0.1418457,0.34310913,0.3712736
99,508.55817,224.0347,508.98163,224.3454,0.4234619,0.31069946,0.5252182
99,519.58484,372.5974,519.91016,372.82263,0.32531738,0.22521973,0.39567074
99,437.16797,1215.7375,437.54657,1216.0026,0.37860107,0.26501465,0.462138
99,523.9603,699.9885,524.1065,700.2629,0.1461792,0.27435303,0.31086642
99,517.6864,339.31985,517.73425,339.57254,0.047851562,0.25268555,0.25717652
99,477.4961,627.2342,477.64484,627.7772,0.14874268,0.5430298,0.5630326
99,521.7365,439.93225,521.85205,440.16666,0.11553955,0.23440552,0.26133376
99,519.8616,407.22592,519.95703,407.44626,0.095458984,0.22033691,0.24012658
99,421.65475,227.13821,421.7676,227.18909,0.112854004,0.050872803,0.12379042
99,280.79926,472.05673,282.4513,469.72592,1.6520386,-2.3308105,2.8569055
99,454.8852,226.66289,455.001,226.76373,0.11581421,0.10084534,0.15356664
99,356.8562,228.25786,356.9485,228.28946,0.092285156,0.031600952,0.097545736
99,520.0002,569.95996,520.1008,570.2098,0.10064697,0.2498169,0.26932934
99,131.21436,231.8441,131.29167,231.80736,0.077316284,-0.036743164,0.08560297
99,233.80055,511.00632,234.50362,510.96072,0.70306396,-0.04559326,0.7045407
99,191.20816,231.34152,191.29362,231.33838,0.08546448,-0.0031433105,0.085522264
99,523.24744,473.36212,523.48627,473.6289,0.23883057,0.26678467,0.35807
99,516.6665,276.80682,516.7293,277.02332,0.062805176,0.2164917,0.22541772
99,390.73267,228.28618,390.9455,228.34949,0.21282959,0.063308716,0.222046
99,527.6755,665.5647,527.9032,666.0011,0.22772217,0.43640137,0.49224338
99,122.56898,312.29602,122.70029,312.5541,0.13130951,0.25808716,0.28957066
99,492.06348,1216.0087,491.8728,1216.5465,-0.19067383,0.5378418,0.57064027
99,258.0973,230.03519,258.24976,230.04866,0.15246582,0.013473511,0.15305999
99,491.7036,1215.5763,491.58337,1216.1152,-0.12023926,0.5389404,0.5521904
99,511.90652,241.45349,512.2734,242.08064,0.3668518,0.6271515,0.7265668
99,481.98428,225.98268,482.00806,226.02628,0.023773193,0.04359436,0.04965514
99,516.9902,306.36017,517.1212,306.61575,0.13104248,0.25558472,0.2872206
99,522.21234,536.905,522.3345,537.1976,0.12213135,0.2925415,0.31701198
99,389.3689,1217.564,392.40225,1217.554,3.0333557,-0.010009766,3.0333722
99,474.7943,1253.0557,474.13943,1252.9698,-0.6548767,-0.08581543,0.66047543
100,175.45895,404.42422,175.22173,404.3683,-0.2372284,-0.05593872,0.24373439
100,479.3746,999.6152,479.82568,999.5353,0.45108032,-0.07989502,0.45810115
100,423.28183,1212.8071,422.51956,1212.9534,-0.76226807,0.14624023,0.7761693
100,107.97285,1126.1667,108.17992,1126.1913,0.2070694,0.024536133,0.208518
100,436.9467,1210.9713,436.92886,1211.0872,-0.017822266,0.11584473,0.117207654
100,178.962,1120.4199,178.91519,1120.5574,-0.046813965,0.13745117,0.14520459
100,473.36942,1215.2877,473.46884,1215.2932,0.09942627,0.005493164,0.0995779
100,427.0088,1215.7736,427.11453,1215.847,0.10574341,0.07348633,0.12877075
100,77.126236,1114.1345,77.90706,1114.3453,0.78082275,0.21081543,0.8087814
100,502.29147,1195.4935,501.97006,1195.8479,-0.32141113,0.35437012,0.4784175
100,174.02846,486.40906,174.03104,486.307,0.0025787354,-0.10205078,0.102083355
100,323.8215,227.48015,323.79202,227.21341,-0.02947998,-0.2667389,0.26836303
100,518.6538,1059.3018,518.3821,1059.1887,-0.27172852,-0.11303711,0.2943022
100,503.6912,1128.0634,503.52618,1128.1602,-0.16500854,0.09680176,0.19130708
100,523.78296,505.33224,523.7894,505.43317,0.0064697266,0.10092163,0.101128794
100,508.98163,224.3454,509.18243,224.19919,0.20080566,-0.14620972,0.24839523
100,519.91016,372.82263,519.93665,372.88153,0.026489258,0.058898926,0.064581454
100,437.54657,1216.0026,437.62717,1216.0682,0.080596924,0.06567383,0.10396594
100,524.1065,700.2629,524.16486,700.4169,0.05834961,0.1539917,0.1646758
100,517.73425,339.57254,517.72974,339.6441,-0.0045166016,0.07156372,0.07170611
100,477.64484,627.7772,477.4839,628.22455,-0.1609497,0.44732666,0.47540084
100,521.85205,440.16666,521.89056,440.25467,0.038513184,0.088012695,0.09607029
100,519.95703,407.44626,519.9928,407.39536,0.0357666,-0.05090332,0.062212523
100,421.7676,227.18909,421.74295,226.94745,-0.024658203,-0.24163818,0.24289306
100,282.4513,469.72592,283.09824,468.86243,0.64694214,-0.8634949,1.0789613
100,455.001,226.76373,455.09232,226.52321,0.091308594,-0.24052429,0.25727263
100,356.9485,228.28946,356.94147,228.0815,-0.007019043,-0.20796204,0.20808046
100,520.1008,570.2098,520.06854,570.2441,-0.032287598,0.034301758,0.04710732
100,131.29167,231.80736,131.3223,231.5794,0.03062439,-0.22795105,0.22999899
100,234.50362,510.96072,235.32399,510.93494,0.82037354,-0.025787354,0.8207787
100,191.29362,231.33838,191.3166,231.15826,0.022979736,-0.18011475,0.18157475
100,523.48627,473.6289,523.54767,473.6409,0.061401367,0.011993408,0.06256173
100,516.7293,277.02332,516.7969,277.11578,0.06756592,0.09246826,0.11452307
100,390.9455,228.34949,390.91025,228.16606,-0.035247803,-0.1834259,0.18678188
100,527.9032,666.0011,527.888,666.1226,-0.015197754,0.121520996,0.122467645
100,122.70029,312.5541,122.712524,312.5205,0.012237549,-0.033599854,0.035759024
100,491.8728,1216.5465,491.6672,1216.553,-0.20559692,0.0064697266,0.20569868
100,258.24976,230.04866,258.32587,229.84444,0.07611084,-0.20422363,0.2179453
100,491.58337,1216.1152,491.37833,1216.1189,-0.2050476,0.0036621094,0.2050803
100,512.2734,242.08064,512.525,242.24487,0.25164795,0.16423035,0.30049676
100,482.00806,226.02628,481.94193,225.78323,-0.06613159,-0.24304199,0.25187853
100,517.1212,306.61575,517.1172,306.6626,-0.0040283203,0.046844482,0.04701737
100,522.3345,537.1976,522.2741,537.2104,-0.06036377,0.012817383,0.06170956
100,392.40225,1217.554,392.9525,1217.517,0.55026245,-0.036987305,0.55150414
100,474.13943,1252.9698,473.85452,1253.2831,-0.2849121,0.31323242,0.42342585
101,175.22173,404.3683,174.48134,403.91336,-0.74038696,-0.45492554,0.8689822
101,479.82568,999.5353,480.2116,999.36896,0.3859253,-0.1663208,0.42023915
101,422.51956,1212.9534,421.41153,1213.0735,-1.1080322,0.12011719,1.1145239
101,108.17992,1126.1913,108.71846,1126.2538,0.5385437,0.0625,0.54215825
101,436.92886,1211.0872,436.95938,1211.1238,0.030517578,0.036621094,0.04766998
101,178.91519,1120.5574,179.02278,1120.8186,0.10758972,0.26123047,0.28251886
101,473.46884,1215.2932,473.55463,1215.2689,0.08578491,-0.024291992,0.08915802
101,427.11453,1215.847,427.26733,1215.8456,0.15280151,-0.0014648438,0.15280853
101,77.90706,1114.3453,78.55726,1114.3082,0.6501999,-0.037109375,0.651258
101,501.97006,1195.8479,501.63956,1195.7672,-0.33050537,-0.08068848,0.34021232
101,174.03104,486.307,174.07198,485.90585,0.04093933,-0.40115356,0.40323716
101,323.79202,227.21341,323.80084,226.96452,0.00881958,-0.24888611,0.24904232
101,518.3821,1059.1887,518.1206,1059.1198,-0.2614746,-0.06896973,0.2704178
101,503.52618,1128.1602,503.33487,1128.2372,-0.1913147,0.07702637,0.20623863
101,523.7894,505.43317,523.81323,505.46146,0.023803711,0.028289795,0.036972005
101,509.18243,224.19919,509.36743,224.06113,0.18499756,-0.13806152,0.23083562
101,519.93665,372.88153,519.9193,372.94037,-0.017333984,0.05883789,0.061338115
101,437.62717,1216.0682,437.76126,1216.0692,0.13409424,0.0009765625,0.1340978
101,524.16486,700.4169,524.21814,700.40906,0.05328369,-0.0078125,0.053853385
101,517.72974,339.6441,517.7558,339.65448,0.026062012,0.010375977,0.028051548
101,477.4839,628.22455,477.4153,628.77374,-0.068573,0.54919434,0.5534588
101,521.89056,440.25467,521.89343,440.38412,0.0028686523,0.12945557,0.12948735
101,519.9928,407.39536,520.0759,407.35214,0.08312988,-0.04321289,0.09369061
101,421.74295,226.94745,421.72504,226.74318,-0.017913818,-0.20426941,0.2050534
101,283.09824,468.86243,283.4799,469.78516,0.38165283,0.9227295,0.9985432
101,455.09232,226.52321,455.22263,226.31212,0.13031006,-0.21109009,0.24807204
101,356.94147,228.0815,357.14636,227.86484,0.20489502,-0.21665955,0.29820016
101,520.06854,570.2441,520.0845,570.26324,0.015930176,0.019165039,0.02492126
101,131.3223,231.5794,131.31598,231.36687,-0.0063171387,-0.21253967,0.21263354
101,235.32399,510.93494,237.0247,511.73834,1.7007141,0.80340576,1.8809278
101,191.3166,231.15826,191.32246,230.93108,0.005859375,-0.22718811,0.22726366
101,523.54767,473.6409,523.62775,473.6599,0.080078125,0.019012451,0.08230419
101,516.7969,277.11578,516.79736,277.15723,0.00048828125,0.04144287,0.041445747
101,390.91025,228.16606,390.8964,227.93733,-0.0138549805,-0.22872925,0.22914849
101,527.888,666.1226,527.9074,666.1776,0.01940918,0.054992676,0.058317326
101,122.712524,312.5205,122.77162,312.49292,0.05909729,-0.02758789,0.065219484
101,491.6672,1216.553,491.2915,1216.6146,-0.3757019,0.061645508,0.38072574
101,258.32587,229.84444,258.45096,229.57706,0.12509155,-0.26737976,0.29519457
101,491.37833,1216.1189,490.97855,1216.1754,-0.39978027,0.056518555,0.40375564
101,512.525,242.24487,512.82544,242.3673,0.30041504,0.122421265,0.32440123
101,481.94193,225.78323,481.89474,225.50934,-0.047180176,-0.27389526,0.2779291
101,517.1172,306.6626,517.11926,306.7811,0.0020751953,0.118499756,0.11851793
101,522.2741,537.2104,522.2575,537.2085,-0.016601562,-0.0018920898,0.016709035
101,392.9525,1217.517,395.3495,1217.3369,2.3969727,-0.18005371,2.4037256
101,473.85452,1253.2831,473.12778,1253.3419,-0.7267456,0.05883789,0.72912353
102,174.48134,403.91336,174.13104,403.59204,-0.35029602,-0.32131958,0.47534576
102,480.2116,999.36896,480.69547,999.2438,0.4838562,-0.1251831,0.49978757
102,421.41153,1213.0735,419.25882,1213.264,-2.15271,0.19055176,2.161127
102,108.71846,1126.2538,108.937,1126.3156,0.21853638,0.061767578,0.22709773
102,436.95938,1211.1238,436.95804,1211.1122,-0.0013427734,-0.01159668,0.01167416
102,179.02278,1120.8186,179.10846,1121.0836,0.0856781,0.26501465,0.2785202
102,473.55463,1215.2689,473.65543,1215.2059,0.10079956,-0.06298828,0.11886158
102,427.26733,1215.8456,427.33795,1215.8004,0.070617676,-0.045166016,0.08382616
102,78.55726,1114.3082,79.04902,1114.5255,0.49176025,0.21728516,0.5376253
102,501.63956,1195.7672,501.2767,1195.965,-0.362854,0.1977539,0.41324282
102,174.07198,485.90585,174.27718,485.7907,0.2052002,-0.11514282,0.23529766
102,323.80084,226.96452,323.78165,226.74658,-0.019195557,-0.21794128,0.21878499
102,518.1206,1059.1198,517.8568,1058.9961,-0.26379395,-0.12365723,0.2913389
102,503.33487,1128.2372,503.3742,1128.2386,0.03933716,0.0014648438,0.039364424
102,523.81323,505.46146,523.9224,505.5231,0.109191895,0.061645508,0.12539154
102,509.36743,224.06113,509.55453,223.87703,0.18710327,-0.18409729,0.26248702
102,519.9193,372.94037,519.9547,372.92404,0.03540039,-0.016326904,0.03898404
102,437.76126,1216.0692,437.84174,1216.0386,0.08047485,-0.030639648,0.08611034
102,524.21814,700.40906,524.2275,700.43524,0.009338379,0.026184082,0.027799487
102,517.7558,339.65448,517.81934,339.64188,0.0635376,-0.01260376,0.06477562
102,477.4153,628.77374,477.33765,629.6959,-0.07766724,0.9221802,0.925445
102,521.89343,440.38412,521.92883,440.4477,0.03540039,0.063568115,0.072760515
102,520.0759,407.35214,520.0696,407.32608,-0.0063476562,-0.026062012,0.026823891
102,421.72504,226.74318,421.73376,226.43785,0.008728027,-0.30532837,0.3054531
102,283.4799,469.78516,284.6589,469.4848,1.1790161,-0.300354,1.2166723
102,455.22263,226.31212,455.27838,225.97675,0.055755615,-0.33537292,0.339976
102,357.14636,227.86484,357.07938,227.62517,-0.066986084,-0.2396698,0.24885488
102,520.0845,570.26324,520.07263,570.2454,-0.01184082,-0.017822266,0.021397153
102,131.31598,231.36687,131.29828,231.04073,-0.017700195,-0.32614136,0.32662132
102,237.0247,511.73834,238.54504,513.07434,1.52034,1.3359985,2.0239382
102,191.32246,230.93108,191.35849,230.62692,0.036026,-0.30415344,0.3062796
102,523.62775,473.6599,523.7196,473.70627,0.09185791,0.0463562,0.10289205
102,516.79736,277.15723,516.80334,277.14697,0.0059814453,-0.010253906,0.011870985
102,390.8964,227.93733,390.85056,227.59785,-0.045837402,-0.33947754,0.34255812
102,527.9074,666.1776,527.9101,666.24927,0.0026855469,0.07165527,0.07170558
102,122.77162,312.49292,122.86313,312.4684,0.09150696,-0.024505615,0.09473145
102,491.2915,1216.6146,491.0335,1216.6213,-0.2579956,0.006713867,0.25808296
102,258.45096,229.57706,258.58203,229.283,0.131073,-0.29405212,0.3219422
102,490.97855,1216.1754,490.72208,1216.1641,-0.25646973,-0.011352539,0.25672087
102,512.82544,242.3673,513.0913,242.50461,0.26586914,0.13731384,0.29923484
102,481.89474,225.50934,481.93317,225.2313,0.03842163,-0.27804565,0.28068775
102,517.11926,306.7811,517.08057,306.80157,-0.03869629,0.020477295,0.043780386
102,522.2575,537.2085,522.2368,537.1515,-0.020690918,-0.057006836,0.06064564
102,395.3495,1217.3369,394.56738,1217.3447,-0.7821045,0.0078125,0.7821435
102,473.12778,1253.3419,472.93912,1253.6001,-0.18865967,0.2581787,0.31976354
103,174.13104,403.59204,173.37315,402.72293,-0.7578888,-0.8691101,1.1531469
103,480.69547,999.2438,481.011,999.01654,0.31552124,-0.22723389,0.38883016
103,419.25882,1213.264,417.41614,1213.332,-1.8426819,0.067993164,1.843936
103,108.937,1126.3156,109.646515,1126.2544,0.70951843,-0.061157227,0.71214926
103,436.95804,1211.1122,437.07758,1211.073,0.11953735,-0.03918457,0.1257959
103,179.10846,1121.0836,179.4483,1121.5035,0.33984375,0.41992188,0.5402112
103,473.65543,1215.2059,473.96793,1215.0669,0.3125,-0.13903809,0.34203485
103,427.33795,1215.8004,427.55005,1215.7084,0.21209717,-0.092041016,0.23120718
103,79.04902,1114.5255,79.35885,1114.4781,0.3098297,-0.04736328,0.313429
103,501.2767,1195.965,501.08243,1196.0764,-0.1942749,0.111450195,0.22397295
103,174.27718,485.7907,174.34364,485.43015,0.066467285,-0.3605652,0.36664036
103,323.78165,226.74658,323.78473,226.41269,0.0030822754,-0.33389282,0.33390704
103,517.8568,1058.9961,517.6377,1058.8613,-0.21911621,-0.13476562,0.25724247
103,503.3742,1128.2386,503.4504,1128.2897,0.07620239,0.05102539,0.091708206
103,523.9224,505.5231,523.9425,505.5762,0.020080566,0.053100586,0.056770604
103,509.55453,223.87703,509.7473,223.69911,0.19277954,-0.17791748,0.26233298
103,519.9547,372.92404,519.9774,372.9404,0.022705078,0.016357422,0.027983671
103,437.84174,1216.0386,438.03625,1215.9635,0.19451904,-0.07507324,0.20850335
103,524.2275,700.43524,524.19946,700.43646,-0.028015137,0.0012207031,0.028041719
103,517.81934,339.64188,517.81555,339.6276,-0.0037841797,-0.014282227,0.014775047
103,477.33765,629.6959,477.16025,630.1786,-0.17739868,0.48266602,0.5142342
103,521.92883,440.4477,521.96027,440.4677,0.031433105,0.020019531,0.0372669
103,520.0696,407.32608,520.0858,407.2749,0.016235352,-0.05117798,0.053691454
103,421.73376,226.43785,421.685,226.16913,-0.04876709,-0.26872253,0.27311176
103,284.6589,469.4848,288.13666,473.30264,3.4777527,3.8178406,5.1643653
103,455.27838,225.97675,455.37848,225.6596,0.100097656,-0.31713867,0.33256048
103,357.07938,227.62517,357.10385,227.36041,0.024475098,-0.26475525,0.26588413
103,520.07263,570.2454,520.1094,570.30164,0.036743164,0.05621338,0.06715656
103,131.29828,231.04073,131.2807,230.79782,-0.017578125,-0.24290466,0.24353987
103,238.54504,513.07434,241.01028,517.754,2.4652405,4.6796875,5.289318
103,191.35849,230.62692,191.40474,230.35884,0.04624939,-0.26808167,0.2720419
103,523.7196,473.70627,523.78186,473.68567,0.06225586,-0.020599365,0.06557535
103,516.80334,277.14697,516.78784,277.13016,-0.01550293,-0.016815186,0.022871189
103,390.85056,227.59785,390.82724,227.31673,-0.02331543,-0.28112793,0.2820931
103,527.9101,666.24927,527.9647,666.2912,0.054626465,0.041931152,0.06886416
103,122.86313,312.4684,122.88149,312.44495,0.018363953,-0.023468018,0.029799037
103,491.0335,1216.6213,490.9075,1216.5769,-0.12600708,-0.044433594,0.13361186
103,258.58203,229.283,258.66248,228.99672,0.080444336,-0.2862854,0.29737288
103,490.72208,1216.1641,490.58908,1216.0891,-0.1329956,-0.07495117,0.15266141
103,513.0913,242.50461,513.36,242.63116,0.26867676,0.1265564,0.2969911
103,481.93317,225.2313,481.89334,224.96205,-0.03982544,-0.26924133,0.2721708
103,517.08057,306.80157,517.1157,306.8001,0.03515625,-0.0014648438,0.035186753
103,522.2368,537.1515,522.2192,537.099,-0.01763916,-0.052490234,0.055374764
103,394.56738,1217.3447,394.44907,1217.3041,-0.11831665,-0.040649414,0.12510477
103,472.93912,1253.6001,472.5156,1253.6588,-0.42352295,0.05871582,0.42757365
104,173.37315,402.72293,172.97186,401.98233,-0.4012909,-0.7406006,0.8423322
104,481.011,999.01654,481.35773,998.7741,0.34674072,-0.24243164,0.42308655
104,417.41614,1213.332,415.1662,1213.4519,-2.249939,0.11987305,2.25313
104,109.646515,1126.2544,109.813,1126.1586,0.16648865,-0.095825195,0.19209617
104,437.07758,1211.073,437.07373,1210.9954,-0.0038452148,-0.07763672,0.077731885
104,179.4483,1121.5035,179.52284,1121.5931,0.074539185,0.08959961,0.11655119
104,473.96793,1215.0669,474.07437,1214.969,0.10644531,-0.09790039,0.14462051
104,427.55005,1215.7084,427.59363,1215.5944,0.0435791,-0.11401367,0.12205841
104,79.35885,1114.4781,79.62629,1114.4324,0.2674408,-0.045776367,0.27133018
104,501.08243,1196.0764,500.85394,1196.3748,-0.2284851,0.29833984,0.37578198
104,174.34364,485.43015,174.508,485.1728,0.16435242,-0.25735474,0.30535746
104,323.78473,226.41269,323.7385,226.15738,-0.04623413,-0.25531006,0.25946257
104,517.6377,1058.8613,517.35944,1058.7296,-0.27825928,-0.13171387,0.30785835
104,503.4504,1128.2897,503.22275,1128.2721,-0.22766113,-0.017578125,0.22833875
104,523.9425,505.5762,523.95636,505.5882,0.0138549805,0.011993408,0.01832491
104,509.7473,223.69911,509.9256,223.48137,0.17828369,-0.21774292,0.2814197
104,519.9774,372.9404,519.9547,372.92566,-0.022705078,-0.01473999,0.027070055
104,438.03625,1215.9635,438.08246,1215.8688,0.046203613,-0.09472656,0.105394
104,524.19946,700.43646,524.2507,700.40936,0.051208496,-0.02709961,0.057937026
104,517.81555,339.6276,517.8242,339.61914,0.008666992,-0.008453369,0.012106866
104,477.16025,630.1786,477.01343,630.3566,-0.14682007,0.17803955,0.23076874
104,521.96027,440.4677,521.9595,440.49277,-0.00079345703,0.025054932,0.025067491
104,520.0858,407.2749,520.0811,407.18878,-0.004699707,-0.086120605,0.08624875
104,421.685,226.16913,421.68988,225.79901,0.0048828125,-0.3701172,0.3701494
104,288.13666,473.30264,290.78964,477.0564,2.6529846,3.7537537,4.5966287
104,455.37848,225.6596,455.49576,225.35498,0.11727905,-0.30462646,0.3264225
104,357.10385,227.36041,357.04697,227.07681,-0.056884766,-0.28359985,0.2892486
104,520.1094,570.30164,520.1315,570.28955,0.022094727,-0.012084961,0.02518379
104,131.2807,230.79782,131.26764,230.39204,-0.013061523,-0.40577698,0.40598714
104,241.01028,517.754,242.90752,522.2182,1.897232,4.4641724,4.8506002
104,191.40474,230.35884,191.39189,229.98047,-0.0128479,-0.3783722,0.37859026
104,523.78186,473.68567,523.8721,473.65726,0.09020996,-0.028411865,0.094578385
104,516.78784,277.13016,516.78796,277.09222,0.00012207031,-0.03793335,0.037933547
104,390.82724,227.31673,390.84677,226.97424,0.01953125,-0.34248352,0.34304
104,527.9647,666.2912,527.9881,666.34576,0.023376465,0.05456543,0.059361983
104,122.88149,312.44495,122.9284,312.43457,0.046905518,-0.010375977,0.048039448
104,490.9075,1216.5769,490.80136,1216.5349,-0.10614014,-0.041992188,0.114144966
104,258.66248,228.99672,258.75775,228.65756,0.09527588,-0.3391571,0.35228544
104,490.58908,1216.0891,490.47806,1216.0344,-0.11102295,-0.0546875,0.12376113
104,513.36,242.63116,513.64185,242.66618,0.28186035,0.03501892,0.28402743
104,481.89334,224.96205,481.84866,224.58334,-0.044677734,-0.3787079,0.3813342
104,517.1157,306.8001,517.04425,306.8161,-0.07147217,0.015991211,0.07323926
104,522.2192,537.099,522.16034,537.06036,-0.05883789,-0.038635254,0.07038878
104,394.44907,1217.3041,395.07275,1217.1581,0.62368774,-0.1459961,0.64054763
104,472.5156,1253.6588,471.83783,1253.734,-0.6777649,0.07519531,0.68192345
105,172.97186,401.98233,172.35706,400.36462,-0.6148071,-1.6177063,1.7305957
105,481.35773,998.7741,481.70847,998.1485,0.35073853,-0.62561035,0.7172209
105,415.1662,1213.4519,415.6276,1212.804,0.46139526,-0.6479492,0.79543936
105,109.813,1126.1586,110.173454,1125.366,0.36045074,-0.79260254,0.87071437
105,437.07373,1210.9954,437.25583,1210.4391,0.18209839,-0.5562744,0.5853213
105,179.52284,1121.5931,180.02138,1121.4692,0.49853516,-0.12390137,0.51370114
105,474.07437,1214.969,474.2725,1214.4222,0.19812012,-0.5467529,0.5815413
105,427.59363,1215.5944,427.92715,1214.9663,0.3335266,-0.62805176,0.71111816
105,79.62629,1114.4324,79.90845,1113.8805,0.2821579,-0.5518799,0.6198262
105,500.85394,1196.3748,500.69855,1196.1333,-0.15539551,-0.24145508,0.28713816
105,174.508,485.1728,174.53789,484.39835,0.029891968,-0.7744446,0.77502126
105,323.7385,226.15738,323.85397,225.37317,0.115478516,-0.7842102,0.792667
105,517.35944,1058.7296,517.3133,1058.2101,-0.046142578,-0.51953125,0.52157634
105,503.22275,1128.2721,503.2221,1128.0354,-0.00064086914,-0.23669434,0.2366952
105,523.95636,505.5882,524.1092,505.05212,0.15283203,-0.5360718,0.5574321
105,509.9256,223.48137,510.34027,222.83853,0.41467285,-0.6428375,0.7649795
105,519.9547,372.92566,520.1158,372.53934,0.16107178,-0.38632202,0.41855565
105,438.08246,1215.8688,438.3891,1215.3064,0.30664062,-0.5623779,0.6405446
105,524.2507,700.40936,524.3502,699.97363,0.09954834,-0.43572998,0.4469569
105,517.8242,339.61914,517.9499,339.25992,0.12567139,-0.3592224,0.38057068
105,477.01343,630.3566,476.9657,630.15326,-0.047729492,-0.20336914,0.20889498
105,521.9595,440.49277,522.0754,439.97336,0.11590576,-0.5194092,0.53218424
105,520.0811,407.18878,520.12695,406.77448,0.045837402,-0.41430664,0.41683456
105,421.68988,225.79901,422.00696,224.99539,0.31707764,-0.8036194,0.8639111
105,290.78964,477.0564,299.01624,491.29712,8.226593,14.240723,16.446125
105,455.49576,225.35498,455.6799,224.54065,0.18414307,-0.81433105,0.83489144
105,357.04697,227.07681,357.28723,226.3381,0.2402649,-0.7387085,0.7767995
105,520.1315,570.28955,520.27136,569.9731,0.13989258,-0.3164673,0.3460079
105,131.26764,230.39204,131.29068,229.62337,0.023040771,-0.76867676,0.769022
105,242.90752,522.2182,247.88553,535.9792,4.978012,13.760986,14.633706
105,191.39189,229.98047,191.52585,229.1061,0.13395691,-0.8743744,0.8845762
105,523.8721,473.65726,524.05914,473.22696,0.18707275,-0.43029785,0.46920407
105,516.78796,277.09222,516.89136,276.5272,0.103393555,-0.56503296,0.5744149
105,390.84677,226.97424,390.9397,226.13033,0.092926025,-0.84391785,0.8490186
105,527.9881,666.34576,528.09564,665.8566,0.107543945,-0.48913574,0.5008188
105,122.9284,312.43457,123.00983,311.81985,0.08142853,-0.6147156,0.62008536
105,490.80136,1216.5349,490.59082,1215.9374,-0.21054077,-0.5975342,0.6335412
105,258.75775,228.65756,258.8628,227.81721,0.105041504,-0.8403473,0.8468868
105,490.47806,1216.0344,490.18332,1215.4161,-0.29473877,-0.61828613,0.6849443
105,513.64185,242.66618,513.87286,242.10022,0.23101807,-0.56596375,0.61129725
105,481.84866,224.58334,482.2356,223.7941,0.38693237,-0.7892456,0.87899107
105,517.04425,306.8161,517.1135,306.30228,0.0692749,-0.51382446,0.5184733
105,522.16034,537.06036,522.22253,536.39404,0.062194824,-0.6663208,0.66921717
105,395.07275,1217.1581,392.44788,1216.8495,-2.624878,-0.30859375,2.6429555
105,471.83783,1253.734,470.89432,1253.0966,-0.94351196,-0.6374512,1.1386654
106,172.35706,400.36462,172.23875,399.9671,-0.11830139,-0.39752197,0.41475165
106,481.70847,998.1485,482.03656,997.9666,0.32809448,-0.18188477,0.3751374
106,415.6276,1212.804,413.8028,1212.8015,-1.8247986,-0.0024414062,1.8248001
106,110.173454,1125.366,110.30737,1125.3269,0.13391876,-0.0390625,0.13949952
106,437.25583,1210.4391,437.33405,1210.304,0.07821655,-0.13513184,0.15613598
106,180.02138,1121.4692,179.99385,1121.4777,-0.027526855,0.008422852,0.028786667
106,474.2725,1214.4222,474.34647,1214.1962,0.07397461,-0.22607422,0.23786928
106,427.92715,1214.9663,428.12857,1214.7784,0.20141602,-0.18786621,0.2754308
106,79.90845,1113.8805,80.20257,1113.8782,0.2941208,-0.002319336,0.29412994
106,500.69855,1196.1333,500.62192,1196.1102,-0.07662964,-0.023071289,0.08002741
106,174.53789,484.39835,174.74376,484.34106,0.20587158,-0.057281494,0.21369201
106,323.85397,225.37317,323.82214,225.14053,-0.031829834,-0.2326355,0.23480292
106,517.3133,1058.2101,517.2093,1057.9249,-0.104003906,-0.28515625,0.30353072
106,503.2221,1128.0354,503.10907,1127.9257,-0.11303711,-0.10974121,0.1575453
106,524.1092,505.05212,524.12756,504.96185,0.018371582,-0.090270996,0.09212148
106,510.34027,222.83853,510.49847,222.62373,0.15820312,-0.21479797,0.2667703
106,520.1158,372.53934,520.1207,372.39963,0.0049438477,-0.13970947,0.13979691
106,438.3891,1215.3064,438.58008,1215.1027,0.190979,-0.20373535,0.27925092
106,524.3502,699.97363,524.429,699.7342,0.07879639,-0.23944092,0.25207305
106,517.9499,339.25992,518.0012,339.17514,0.051330566,-0.08477783,0.09910655
106,476.9657,630.15326,476.87888,630.27716,-0.08682251,0.12390137,0.15129341
106,522.0754,439.97336,522.1071,439.9217,0.03173828,-0.05166626,0.06063597
106,520.12695,406.77448,520.24207,406.56006,0.115112305,-0.2144165,0.24336244
106,422.00696,224.99539,421.95584,224.67142,-0.051116943,-0.3239746,0.32798246
106,299.01624,491.29712,304.10028,502.1031,5.0840454,10.805969,11.942214
106,455.6799,224.54065,455.73236,224.25925,0.052459717,-0.2814026,0.28625065
106,357.28723,226.3381,357.27362,226.11217,-0.01361084,-0.22593689,0.2263465
106,520.27136,569.9731,520.2718,569.5571,0.0004272461,-0.4159546,0.4159548
106,131.29068,229.62337,131.40521,229.31625,0.11453247,-0.30711365,0.32777503
106,247.88553,535.9792,250.26173,545.419,2.3762054,9.439819,9.734298
106,191.52585,229.1061,191.5771,228.81624,0.051254272,-0.28985596,0.29435262
106,524.05914,473.22696,524.1716,473.04407,0.11242676,-0.18289185,0.21468396
106,516.89136,276.5272,516.98254,276.3905,0.09118652,-0.13668823,0.16431268
106,390.9397,226.13033,390.91782,225.77803,-0.021881104,-0.35229492,0.3529738
106,528.09564,665.8566,528.16705,665.85486,0.07141113,-0.0017700195,0.07143307
106,123.00983,311.81985,123.12228,311.72888,0.112449646,-0.0909729,0.14464091
106,490.59082,1215.9374,490.48883,1215.853,-0.101989746,-0.084350586,0.13235153
106,258.8628,227.81721,258.8553,227.55063,-0.007507324,-0.2665863,0.26669198
106,490.18332,1215.4161,490.07376,1215.2942,-0.109558105,-0.12194824,0.16393399
106,513.87286,242.10022,514.0407,242.04134,0.16784668,-0.058883667,0.17787579
106,482.2356,223.7941,482.12482,223.45836,-0.11077881,-0.33573914,0.35354307
106,517.1135,306.30228,517.18463,306.19818,0.07110596,-0.10409546,0.12606317
106,522.22253,536.39404,522.2654,536.2797,0.04284668,-0.11431885,0.12208455
106,392.44788,1216.8495,391.8378,1216.7551,-0.6100769,-0.09436035,0.61733115
106,470.89432,1253.0966,470.58917,1253.1956,-0.30514526,0.09899902,0.3208028
107,172.23875,399.9671,172.55426,400.61447,0.31550598,0.6473694,0.7201605
107,482.03656,997.9666,482.2723,997.6823,0.23574829,-0.28430176,0.36933014
107,413.8028,1212.8015,412.96356,1212.8876,-0.8392334,0.08605957,0.84363437
107,110.30737,1125.3269,110.4484,1125.389,0.14102936,0.06213379,0.15410998
107,437.33405,1210.304,437.51758,1210.2294,0.18353271,-0.07458496,0.198109
107,179.99385,1121.4777,179.93222,1121.6183,-0.06163025,0.140625,0.15353721
107,474.34647,1214.1962,474.593,1214.0922,0.246521,-0.104003906,0.26756197
107,428.12857,1214.7784,428.2988,1214.7655,0.17022705,-0.012939453,0.17071812
107,80.20257,1113.8782,79.53025,1114.0791,-0.6723175,0.20092773,0.7016999
107,500.62192,1196.1102,500.62167,1196.1958,-0.00024414062,0.08557129,0.08557164
107,174.74376,484.34106,175.30255,485.05258,0.5587921,0.71151733,0.904713
107,323.82214,225.14053,323.9705,224.8783,0.14834595,-0.26223755,0.301289
107,517.2093,1057.9249,517.2157,1057.7137,0.0064086914,-0.21118164,0.21127886
107,503.10907,1127.9257,503.25812,1128.0024,0.14904785,0.07678223,0.16766268
107,524.12756,504.96185,524.2849,504.96765,0.15734863,0.00579834,0.15745543
107,510.49847,222.62373,510.63306,222.36111,0.13458252,-0.26261902,0.29509526
107,520.1207,372.39963,520.26074,372.22153,0.14001465,-0.17810059,0.22654784
107,438.58008,1215.1027,438.6845,1215.0344,0.10443115,-0.068237305,0.12474853
107,524.429,699.7342,524.49884,699.6755,0.06982422,-0.05871582,0.09123031
107,518.0012,339.17514,518.1082,339.0136,0.10699463,-0.16152954,0.1937515
107,476.87888,630.27716,476.86118,630.3828,-0.017700195,0.105651855,0.107124284
107,522.1071,439.9217,522.1883,439.7652,0.08117676,-0.15649414,0.17629544
107,520.24207,406.56006,520.332,406.3412,0.089904785,-0.21887207,0.23661752
107,421.95584,224.67142,422.04727,224.39601,0.091430664,-0.27540588,0.29018608
107,304.10028,502.1031,314.54547,533.9073,10.44519,31.8042,33.475502
107,455.73236,224.25925,455.8968,223.9643,0.16442871,-0.2949524,0.33768877
107,357.27362,226.11217,357.3092,225.85947,0.035583496,-0.2527008,0.25519383
107,520.2718,569.5571,520.3956,569.6672,0.12384033,0.11004639,0.16567026
107,131.40521,229.31625,131.58861,229.176,0.18339539,-0.14025879,0.23088178
107,250.26173,545.419,255.64374,570.85535,5.382004,25.43634,25.999487
107,191.5771,228.81624,191.67041,228.6427,0.093307495,-0.17353821,0.19703248
107,524.1716,473.04407,524.3568,472.86835,0.1852417,-0.17572021,0.2553274
107,516.98254,276.3905,517.1703,276.28287,0.18774414,-0.1076355,0.21640994
107,390.91782,225.77803,391.15353,225.57153,0.23571777,-0.20649719,0.31337512
107,528.16705,665.85486,528.27515,665.6449,0.10809326,-0.20996094,0.23615196
107,123.12228,311.72888,123.20044,311.74564,0.07816315,0.01675415,0.0799386
107,490.48883,1215.853,490.45813,1215.7577,-0.030700684,-0.095336914,0.10015817
107,258.8553,227.55063,259.17865,227.40862,0.32336426,-0.14201355,0.3531746
107,490.07376,1215.2942,490.0431,1215.1653,-0.030670166,-0.12890625,0.13250464
107,514.0407,242.04134,514.3524,241.99602,0.31170654,-0.045318604,0.31498373
107,482.12482,223.45836,482.06885,223.28296,-0.05596924,-0.17539978,0.18411312
107,517.18463,306.19818,517.2144,306.0531,0.029785156,-0.14508057,0.14810647
107,522.2654,536.2797,522.33246,536.18964,0.06707764,-0.09008789,0.11231758
107,391.8378,1216.7551,391.65128,1216.7373,-0.18652344,-0.017822266,0.18737295
107,470.58917,1253.1956,470.19528,1253.2699,-0.39389038,0.07434082,0.40084437
108,172.55426,400.61447,172.82079,401.447,0.26652527,0.83251953,0.87414217
108,482.2723,997.6823,482.33887,997.6548,0.06655884,-0.027526855,0.07202643
108,412.96356,1212.8876,413.60144,1212.8933,0.6378784,0.0057373047,0.6379042
108,110.4484,1125.389,110.46731,1125.4253,0.01890564,0.036254883,0.040888138
108,437.51758,1210.2294,437.4924,1210.2643,-0.025177002,0.03491211,0.04304343
108,179.93222,1121.6183,179.88603,1121.7233,-0.046188354,0.10498047,0.11469203
108,474.593,1214.0922,474.59055,1214.102,-0.0024414062,0.009887695,0.010184645
108,428.2988,1214.7655,428.35895,1214.808,0.060150146,0.04248047,0.07363851
108,79.53025,1114.0791,79.1565,1114.271,-0.37374878,0.19189453,0.4201329
108,500.62167,1196.1958,500.59344,1196.2593,-0.02822876,0.06347656,0.069470406
108,175.30255,485.05258,176.01678,485.79895,0.7142334,0.7463684,1.0330514
108,323.9705,224.8783,323.9338,224.81897,-0.03668213,-0.059326172,0.06975079
108,517.2157,1057.7137,517.16345,1057.724,-0.052246094,0.010253906,0.05324281
108,503.25812,1128.0024,503.18924,1128.023,-0.068878174,0.020507812,0.071866356
108,524.2849,504.96765,524.294,504.97437,0.009094238,0.006713867,0.011304034
108,510.63306,222.36111,510.67416,222.32898,0.041107178,-0.03213501,0.052177187
108,520.26074,372.22153,520.2738,372.22922,0.013061523,0.0076904297,0.015157378
108,438.6845,1215.0344,438.68445,1215.0602,-6.1035156e-05,0.025756836,0.025756909
108,524.49884,699.6755,524.4955,699.6813,-0.0033569336,0.00579834,0.006699981
108,518.1082,339.0136,518.12714,339.00858,0.018920898,-0.0050354004,0.01957947
108,476.86118,630.3828,476.89102,630.38,0.029846191,-0.0028076172,0.029977957
108,522.1883,439.7652,522.21405,439.77335,0.025756836,0.008148193,0.027014952
108,520.332,406.3412,520.3583,406.3232,0.026306152,-0.017974854,0.031860776
108,422.04727,224.39601,422.0375,224.36864,-0.009765625,-0.027374268,0.029064031
108,314.54547,533.9073,319.36026,554.5022,4.814789,20.59491,21.150236
108,455.8968,223.9643,455.87296,223.9264,-0.023834229,-0.037887573,0.044760905
108,357.3092,225.85947,357.30786,225.83438,-0.0013427734,-0.02508545,0.025121361
108,520.3956,569.6672,520.4005,569.6747,0.0048828125,0.007507324,0.008955545
108,131.58861,229.176,131.61244,229.07805,0.023834229,-0.09794617,0.10080437
108,255.64374,570.85535,258.63483,586.24335,2.9910889,15.3880005,15.676006
108,191.67041,228.6427,191.68977,228.58751,0.019363403,-0.05519104,0.05848925
108,524.3568,472.86835,524.37115,472.87027,0.014343262,0.0019226074,0.014471544
108,517.1703,276.28287,517.1849,276.2997,0.014587402,0.016845703,0.02228385
108,391.15353,225.57153,391.14392,225.47917,-0.009613037,-0.09236145,0.09286036
108,528.27515,665.6449,528.27,665.64966,-0.005126953,0.004760742,0.00699645
108,123.20044,311.74564,123.234215,311.73373,0.03377533,-0.0119018555,0.03581099
108,490.45813,1215.7577,490.44354,1215.7715,-0.014587402,0.013793945,0.020076485
108,259.17865,227.40862,259.2496,227.30704,0.07095337,-0.10157776,0.12390489
108,490.0431,1215.1653,490.0303,1215.1732,-0.012786865,0.00793457,0.015048632
108,514.3524,241.99602,514.41125,242.02693,0.05883789,0.030914307,0.06646497
108,482.06885,223.28296,482.03702,223.20341,-0.031829834,-0.07954407,0.08567612
108,517.2144,306.0531,517.1979,306.06406,-0.016540527,0.010955811,0.019839829
108,522.33246,536.18964,522.3311,536.1762,-0.0013427734,-0.013427734,0.013494706
108,391.65128,1216.7373,391.7376,1216.7103,0.08633423,-0.026977539,0.09045102
108,470.19528,1253.2699,470.253,1253.2955,0.05770874,0.025634766,0.06314618
109,172.82079,401.447,173.45145,403.9581,0.630661,2.5111084,2.5890923
109,482.33887,997.6548,482.50998,997.88983,0.17111206,0.23504639,0.2907338
109,413.60144,1212.8933,414.67673,1212.9387,1.0752869,0.045410156,1.0762453
109,110.46731,1125.4253,110.54031,1125.5513,0.073005676,0.12597656,0.14560193
109,437.4924,1210.2643,437.7049,1210.4957,0.2124939,0.23144531,0.31419832
109,179.88603,1121.7233,179.96283,1122.4297,0.076797485,0.7064209,0.7105831
109,474.59055,1214.102,474.84525,1214.3729,0.2546997,0.27087402,0.37181267
109,428.35895,1214.808,428.56223,1214.9987,0.20327759,0.19067383,0.27870825
109,79.1565,1114.271,77.52616,1114.8141,-1.6303406,0.5430908,1.7184173
109,500.59344,1196.2593,500.6125,1196.5736,0.019042969,0.31433105,0.31490737
109,176.01678,485.79895,177.32864,487.83966,1.3118591,2.0407104,2.4259996
109,323.9338,224.81897,324.08237,224.83842,0.14855957,0.019454956,0.14982803
109,517.16345,1057.724,517.1417,1057.868,-0.021728516,0.14404297,0.14567259
109,503.18924,1128.023,503.39783,1128.215,0.20858765,0.1920166,0.28351223
109,524.294,504.97437,524.48486,505.05786,0.19085693,0.083496094,0.20832178
109,510.67416,222.32898,510.92365,222.44455,0.2494812,0.11557007,0.27494964
109,520.2738,372.22922,520.46936,372.39203,0.19555664,0.16281128,0.25446004
109,438.68445,1215.0602,438.9731,1215.3447,0.28866577,0.2845459,0.40533233
109,524.4955,699.6813,524.73016,699.7522,0.23468018,0.07092285,0.24516287
109,518.12714,339.00858,518.2861,339.09076,0.15893555,0.08218384,0.1789265
109,476.89102,630.38,477.16702,630.574,0.27600098,0.19396973,0.33734372
109,522.21405,439.77335,522.39307,439.89044,0.17901611,0.11709595,0.21391173
109,520.3583,406.3232,520.4938,406.4041,0.13549805,0.0809021,0.15781277
109,422.0375,224.36864,422.14218,224.38422,0.10467529,0.015579224,0.1058283
109,319.36026,554.5022,325.47336,604.58453,6.113098,50.082336,50.45404
109,455.87296,223.9264,455.96204,223.95044,0.08908081,0.024032593,0.09226568
109,357.30786,225.83438,357.36963,225.8609,0.061767578,0.026519775,0.067220025
109,520.4005,569.6747,520.58093,569.7714,0.18041992,0.09674072,0.2047196
109,131.61244,229.07805,131.68692,229.123,0.07447815,0.044952393,0.0869926
109,258.63483,586.24335,262.6256,622.8729,3.9907837,36.629578,36.846333
109,191.68977,228.58751,191.77443,228.60895,0.08465576,0.021438599,0.08732818
109,524.37115,472.87027,524.4831,473.0367,0.11193848,0.16644287,0.20058279
109,517.1849,276.2997,517.36206,276.3811,0.17718506,0.08139038,0.19498445
109,391.14392,225.47917,391.35706,225.47217,0.21313477,-0.007003784,0.21324982
109,528.27,665.64966,528.4282,665.7395,0.15820312,0.08984375,0.1819344
109,123.234215,311.73373,123.38989,311.7832,0.1556778,0.049468994,0.16334857
109,490.44354,1215.7715,490.3178,1216.0402,-0.12573242,0.26867676,0.29664093
109,259.2496,227.30704,259.26843,227.396,0.018829346,0.08895874,0.09092965
109,490.0303,1215.1732,489.88907,1215.476,-0.14123535,0.30273438,0.33405918
109,514.41125,242.02693,514.6356,242.16963,0.22436523,0.1427002,0.26590055
109,482.03702,223.20341,482.13135,223.22476,0.094329834,0.021347046,0.096715115
109,517.1979,306.06406,517.3196,306.17764,0.1217041,0.113586426,0.16647452
109,522.3311,536.1762,522.54865,536.2237,0.2175293,0.04748535,0.22265187
109,391.7376,1216.7103,392.95145,1216.8325,1.2138367,0.12219238,1.2199715
109,470.253,1253.2955,470.06403,1253.3871,-0.18896484,0.091552734,0.20997527
110,173.45145,403.9581,173.32022,405.47702,-0.13122559,1.5189209,1.5245789
110,482.50998,997.88983,482.55295,997.9159,0.04296875,0.026062012,0.05025477
110,414.67673,1212.9387,416.27115,1212.9912,1.5944214,0.052490234,1.5952852
110,110.54031,1125.5513,110.478966,1125.8448,-0.06134796,0.2935791,0.2999204
110,437.7049,1210.4957,437.7054,1210.6443,0.0005187988,0.14855957,0.14856048
110,179.96283,1122.4297,179.77858,1122.6963,-0.18424988,0.26660156,0.32407472
110,474.84525,1214.3729,474.8462,1214.4888,0.0009460449,0.11584473,0.115848586
110,428.56223,1214.9987,428.63275,1215.1991,0.07052612,0.20043945,0.21248507
110,77.52616,1114.8141,76.602165,1114.9574,-0.923996,0.14331055,0.9350436
110,500.6125,1196.5736,500.62146,1196.7229,0.008972168,0.14929199,0.14956136
110,177.32864,487.83966,177.7947,489.2139,0.4660492,1.3742371,1.4511131
110,324.08237,224.83842,324.08926,224.92668,0.0068969727,0.088256836,0.08852591
110,517.1417,1057.868,517.172,1058.042,0.030273438,0.1739502,0.17656486
110,503.39783,1128.215,503.42245,1128.2303,0.024627686,0.015380859,0.029036077
110,524.48486,505.05786,524.5018,505.16934,0.016906738,0.11148071,0.11275543
110,510.92365,222.44455,510.9328,222.51207,0.009155273,0.06752014,0.06813801
110,520.46936,372.39203,520.479,372.4918,0.009643555,0.09976196,0.100226976
110,438.9731,1215.3447,439.00287,1215.4794,0.029754639,0.13464355,0.13789208
110,524.73016,699.7522,524.7331,699.9372,0.0029296875,0.18499756,0.18502076
110,518.2861,339.09076,518.3004,339.17996,0.014343262,0.08920288,0.090348676
110,477.16702,630.574,477.0875,630.7198,-0.07952881,0.14581299,0.16609111
110,522.39307,439.89044,522.4054,440.07053,0.012329102,0.18008423,0.18050578
110,520.4938,406.4041,520.4969,406.5672,0.003112793,0.16308594,0.16311564
110,422.14218,224.38422,422.13135,224.50163,-0.01083374,0.11741638,0.11791512
110,325.47336,604.58453,325.76828,633.31433,0.29492188,28.729797,28.73131
110,455.96204,223.95044,456.00107,224.00891,0.039031982,0.05847168,0.07030244
110,357.36963,225.8609,357.33328,225.9664,-0.036346436,0.10549927,0.11158476
110,520.58093,569.7714,520.5946,569.8543,0.013671875,0.08288574,0.08400575
110,131.68692,229.123,131.70386,229.25764,0.016937256,0.13464355,0.13570467
110,262.6256,622.8729,264.1737,643.8612,1.5480957,20.988281,21.045298
110,191.77443,228.60895,191.7847,228.7161,0.010269165,0.10714722,0.107638195
110,524.4831,473.0367,524.5285,473.21747,0.045410156,0.18075562,0.1863724
110,517.36206,276.3811,517.31195,276.50665,-0.050109863,0.12554932,0.13517998
110,391.35706,225.47217,391.3516,225.64494,-0.0054626465,0.17277527,0.1728616
110,528.4282,665.7395,528.4561,665.89386,0.027893066,0.15435791,0.15685786
110,123.38989,311.7832,123.39653,312.13617,0.0066375732,0.3529663,0.3530287
110,490.3178,1216.0402,490.2783,1216.1573,-0.039520264,0.1171875,0.12367199
110,259.26843,227.396,259.32248,227.55934,0.05404663,0.16334534,0.17205445
110,489.88907,1215.476,489.90057,1215.6111,0.011505127,0.13513184,0.13562073
110,514.6356,242.16963,514.65247,242.26294,0.016845703,0.093307495,0.09481596
110,482.13135,223.22476,482.15665,223.31136,0.025299072,0.08659363,0.090213634
110,517.3196,306.17764,517.3778,306.2989,0.05822754,0.12124634,0.13450323
110,522.54865,536.2237,522.5422,536.31134,-0.0064697266,0.087646484,0.08788495
110,392.95145,1216.8325,394.15048,1216.8638,1.1990356,0.03125,1.1994427
110,470.06403,1253.3871,469.8031,1253.48,-0.2609253,0.09289551,0.27696857
111,173.32022,405.47702,172.09535,408.17093,-1.2248688,2.6939087,2.9592984
111,482.55295,997.9159,482.60287,998.46545,0.049926758,0.54956055,0.55182374
111,416.27115,1212.9912,416.17374,1213.4062,-0.09741211,0.41503906,0.42631742
111,110.478966,1125.8448,110.13194,1126.3768,-0.347023,0.5319824,0.63516164
111,437.7054,1210.6443,437.6495,1211.1244,-0.055908203,0.48010254,0.48334685
111,179.77858,1122.6963,179.81161,1123.9498,0.03303528,1.25354,1.2539753
111,474.8462,1214.4888,475.0571,1214.9338,0.21090698,0.44506836,0.4925115
111,428.63275,1215.1991,428.5793,1215.6198,-0.05343628,0.4206543,0.42403474
111,76.602165,1114.9574,73.04054,1115.4142,-3.5616226,0.4567871,3.5907953
111,500.62146,1196.7229,500.62814,1197.0233,0.0066833496,0.30041504,0.30048937
111,177.7947,489.2139,177.87318,492.0578,0.07849121,2.8439026,2.8449855
111,324.08926,224.92668,324.07956,225.54762,-0.00970459,0.62094116,0.621017
111,517.172,1058.042,517.1726,1058.538,0.00061035156,0.49597168,0.49597207
111,503.42245,1128.2303,503.41168,1128.703,-0.010772705,0.47265625,0.472779
111,524.5018,505.16934,524.5216,505.70886,0.019836426,0.53952026,0.5398848
111,510.9328,222.51207,510.88748,223.08652,-0.045318604,0.57444763,0.5762325
111,520.479,372.4918,520.5039,373.0432,0.024902344,0.5514221,0.55198413
111,439.00287,1215.4794,438.9257,1215.9203,-0.077178955,0.44091797,0.44762176
111,524.7331,699.9372,524.70636,700.6074,-0.026733398,0.67022705,0.67076004
111,518.3004,339.17996,518.29114,339.75684,-0.009277344,0.5768738,0.5769484
111,477.0875,630.7198,477.00354,631.2243,-0.08395386,0.5045166,0.51145405
111,522.4054,440.07053,522.35504,440.57114,-0.050354004,0.50061035,0.5031364
111,520.4969,406.5672,520.49805,407.11835,0.001159668,0.55114746,0.5511487
111,422.13135,224.50163,422.13095,225.16716,-0.00039672852,0.66552734,0.66552746
111,325.76828,633.31433,314.99628,695.8392,-10.772003,62.52484,63.445976
111,456.00107,224.00891,455.99628,224.67941,-0.0047912598,0.6705017,0.6705188
111,357.33328,225.9664,357.32785,226.48222,-0.005432129,0.51582336,0.515852
111,520.5946,569.8543,520.6104,570.5397,0.015808105,0.68536377,0.68554604
111,131.70386,229.25764,131.68329,229.72029,-0.020568848,0.46264648,0.4631035
111,264.1737,643.8612,259.93573,688.13367,-4.237976,44.27246,44.47484
111,191.7847,228.7161,191.82013,229.3128,0.03543091,0.5967102,0.59776115
111,524.5285,473.21747,524.52734,473.69656,-0.001159668,0.47909546,0.47909686
111,517.31195,276.50665,517.3199,277.096,0.00793457,0.58935547,0.5894089
111,391.3516,225.64494,391.3486,226.25801,-0.0029907227,0.6130676,0.61307496
111,528.4561,665.89386,528.44196,666.4408,-0.014160156,0.54693604,0.5471193
111,123.39653,312.13617,123.344505,312.64398,-0.05202484,0.5078125,0.5104705
111,490.2783,1216.1573,490.35236,1216.7059,0.07406616,0.548584,0.5535614
111,259.32248,227.55934,259.34558,228.02167,0.023101807,0.46232605,0.46290287
111,489.90057,1215.6111,490.01562,1216.209,0.11505127,0.5979004,0.6088692
111,514.65247,242.26294,514.5851,242.78886,-0.06738281,0.5259247,0.5302237
111,482.15665,223.31136,482.15256,223.90656,-0.0040893555,0.5951996,0.59521365
111,517.3778,306.2989,517.3822,306.86746,0.0043945312,0.568573,0.56859
111,522.5422,536.31134,522.5289,536.86804,-0.013305664,0.55670166,0.5568606
111,394.15048,1216.8638,398.30682,1216.9203,4.1563416,0.056518555,4.156726
111,469.8031,1253.48,470.22577,1253.981,0.42266846,0.50097656,0.65545875
112,172.09535,408.17093,171.00914,409.25067,-1.0862122,1.0797424,1.531568
112,482.60287,998.46545,482.57965,998.4767,-0.023223877,0.011230469,0.025796741
112,416.17374,1213.4062,417.636,1213.3882,1.4622498,-0.018066406,1.4623613
112,110.13194,1126.3768,109.78443,1126.7931,-0.3475113,0.41625977,0.54225117
112,437.6495,1211.1244,437.64172,1211.1986,-0.0077819824,0.07421875,0.07462561
112,179.81161,1123.9498,179.62225,1124.3315,-0.18936157,0.38171387,0.42610243
112,475.0571,1214.9338,474.9917,1214.9812,-0.06539917,0.04736328,0.08074857
112,428.5793,1215.6198,428.61523,1215.7228,0.03591919,0.103027344,0.10910922
112,73.04054,1115.4142,70.53133,1115.4409,-2.5092163,0.026733398,2.5093586
112,500.62814,1197.0233,500.6206,1197.3154,-0.007537842,0.29211426,0.2922115
112,177.87318,492.0578,177.72588,493.37506,-0.14730835,1.3172607,1.3254719
112,324.07956,225.54762,324.07596,225.54988,-0.0036010742,0.0022583008,0.004250607
112,517.1726,1058.538,517.1737,1058.5364,0.0010986328,-0.0015869141,0.0019301011
112,503.41168,1128.703,503.38742,1128.7549,-0.024261475,0.051879883,0.05727252
112,524.5216,505.70886,524.51953,505.7148,-0.0020751953,0.0059509277,0.0063023786
112,510.88748,223.08652,510.89905,223.09056,0.011566162,0.004043579,0.012252618
112,520.5039,373.0432,520.4994,373.06113,-0.0045166016,0.017913818,0.01847443
112,438.9257,1215.9203,438.94946,1215.9849,0.023773193,0.064575195,0.068812214
112,524.70636,700.6074,524.7055,700.61,-0.0008544922,0.0025634766,0.0027021416
112,518.29114,339.75684,518.2918,339.75583,0.0006713867,-0.0010070801,0.0012103596
112,477.00354,631.2243,477.01276,631.2605,0.009216309,0.036193848,0.03734883
112,522.35504,440.57114,522.3546,440.59973,-0.0004272461,0.02859497,0.028598161
112,520.49805,407.11835,520.4823,407.12805,-0.01574707,0.00970459,0.018497277
112,422.13095,225.16716,422.15936,225.16046,0.028411865,-0.0066986084,0.029190846
112,314.99628,695.8392,303.80267,727.5048,-11.1936035,31.66565,33.58586
112,455.99628,224.67941,455.99377,224.67552,-0.0025024414,-0.0038909912,0.004626232
112,357.32785,226.48222,357.32547,226.48035,-0.002380371,-0.001876831,0.0030312806
112,520.6104,570.5397,520.6106,570.5388,0.00018310547,-0.0008544922,0.0008738905
112,131.68329,229.72029,131.68683,229.71774,0.003540039,-0.0025482178,0.004361799
112,259.93573,688.13367,254.46637,711.3234,-5.4693604,23.189758,23.82601
112,191.82013,229.3128,191.81189,229.31972,-0.008239746,0.0069122314,0.010755109
112,524.52734,473.69656,524.5162,473.75656,-0.011169434,0.05999756,0.06102838
112,517.3199,277.096,517.3229,277.0977,0.0029907227,0.0016784668,0.0034295295
112,391.3486,226.25801,391.35095,226.26324,0.0023498535,0.0052337646,0.0057370816
112,528.44196,666.4408,528.44135,666.43463,-0.00061035156,-0.006164551,0.0061946926
112,123.344505,312.64398,123.34473,312.6434,0.00022125244,-0.000579834,0.0006206127
112,490.35236,1216.7059,490.3231,1216.773,-0.029266357,0.0670166,0.073128276
112,259.34558,228.02167,259.3478,228.03369,0.0022277832,0.012023926,0.012228565
112,490.01562,1216.209,489.97256,1216.2804,-0.043060303,0.07141113,0.08338909
112,514.5851,242.78886,514.5923,242.82187,0.0072021484,0.03300476,0.03378143
112,482.15256,223.90656,482.1538,223.91249,0.0012512207,0.005935669,0.0060661123
112,517.3822,306.86746,517.3833,306.88,0.0010986328,0.012542725,0.012590748
112,522.5289,536.86804,522.5298,536.8705,0.00091552734,0.0024414062,0.002607423
112,398.30682,1216.9203,399.57663,1216.8982,1.2698059,-0.022094727,1.2699981
112,470.22577,1253.981,469.6971,1254.0312,-0.528656,0.05029297,0.5310429
113,171.00914,409.25067,171.65071,405.03375,0.64157104,-4.216919,4.2654448
113,482.57965,998.4767,482.64804,998.5458,0.06838989,0.0690918,0.0972155
113,417.636,1213.3882,419.00998,1213.4027,1.3739929,0.014526367,1.3740697
113,109.78443,1126.7931,108.82637,1130.9122,-0.9580612,4.1191406,4.2290897
113,437.64172,1211.1986,437.6906,1211.3505,0.04888916,0.15185547,0.1595313
113,179.62225,1124.3315,179.45122,1124.8475,-0.17103577,0.5159912,0.54359925
113,474.9917,1214.9812,475.00952,1215.154,0.017822266,0.17285156,0.17376794
113,428.61523,1215.7228,428.6386,1215.8931,0.023376465,0.17028809,0.17188512
113,70.53133,1115.4409,62.1974,1114.7089,-8.333927,-0.73205566,8.366017
113,500.6206,1197.3154,500.61273,1197.347,-0.007873535,0.03161621,0.032581855
113,177.72588,493.37506,176.84123,495.57822,-0.88464355,2.2031555,2.374129
113,324.07596,225.54988,324.07547,225.552,-0.00048828125,0.0021209717,0.002176451
113,517.1737,1058.5364,517.1482,1058.6172,-0.025512695,0.08081055,0.08474221
113,503.38742,1128.7549,503.38785,1128.7567,0.0004272461,0.0018310547,0.0018802395
113,524.51953,505.7148,524.5317,505.8052,0.012145996,0.09039307,0.09120543
113,510.89905,223.09056,510.90268,223.15688,0.0036315918,0.0663147,0.06641406
113,520.4994,373.06113,520.4999,373.0778,0.00048828125,0.016662598,0.01666975
113,438.94946,1215.9849,438.96698,1216.1575,0.01751709,0.17260742,0.17349401
113,524.7055,700.61,524.7033,700.6443,-0.0021972656,0.034301758,0.03437206
113,518.2918,339.75583,518.2804,339.77087,-0.011413574,0.015045166,0.018884562
113,477.01276,631.2605,476.9744,631.2637,-0.038360596,0.0031738281,0.038491666
113,522.3546,440.59973,522.38306,440.65836,0.028442383,0.058624268,0.065159604
113,520.4823,407.12805,520.4844,407.1705,0.0020751953,0.04244995,0.042500645
113,422.15936,225.16046,422.15305,225.14397,-0.0063171387,-0.016494751,0.017663041
113,303.80267,727.5048,263.42007,780.9697,-40.3826,53.464905,67.00187
113,455.99377,224.67552,455.99182,224.68956,-0.001953125,0.014038086,0.014173305
113,357.32547,226.48035,357.3252,226.49014,-0.0002746582,0.009796143,0.009799992
113,520.6106,570.5388,520.6109,570.5448,0.00030517578,0.0059814453,0.0059892256
113,131.68683,229.71774,131.68597,229.72096,-0.0008544922,0.0032196045,0.0033310675
113,254.46637,711.3234,236.05064,759.7238,-18.415726,48.40039,51.78549
113,191.81189,229.31972,191.81772,229.32835,0.0058288574,0.008636475,0.010419418
113,524.5162,473.75656,524.5128,473.78763,-0.0033569336,0.031066895,0.031247735
113,517.3229,277.0977,517.3241,277.1504,0.0012207031,0.052703857,0.05271799
113,391.35095,226.26324,391.35086,226.26097,-9.1552734e-05,-0.0022735596,0.0022754022
113,528.44135,666.43463,528.4496,666.46643,0.008239746,0.031799316,0.032849506
113,123.34473,312.6434,123.34994,312.60336,0.0052108765,-0.040039062,0.040376723
113,490.3231,1216.773,490.42175,1216.7937,0.09866333,0.020751953,0.1008221
113,259.3478,228.03369,259.3488,228.03864,0.0009765625,0.0049438477,0.0050393753
113,489.97256,1216.2804,490.08624,1216.3062,0.11367798,0.025756836,0.116559416
113,514.5923,242.82187,514.5923,242.82271,0.0,0.0008392334,0.0008392334
113,482.1538,223.91249,482.15207,223.98262,-0.001739502,0.070129395,0.070150964
113,517.3833,306.88,517.37634,306.89615,-0.006958008,0.016143799,0.017579423
113,522.5298,536.8705,522.5244,536.91235,-0.0053710938,0.041870117,0.042213213
113,399.57663,1216.8982,400.2966,1216.9323,0.7199707,0.034057617,0.7207758
113,469.6971,1254.0312,469.99936,1254.3816,0.3022461,0.3503418,0.46270084
114,171.65071,405.03375,168.813,406.71112,-2.8377075,1.6773682,3.296384
114,482.64804,998.5458,482.6384,998.55615,-0.009643555,0.010375977,0.014165417
114,419.00998,1213.4027,418.9817,1213.4146,-0.028289795,0.01184082,0.030667858
114,108.82637,1130.9122,108.06456,1134.523,-0.7618103,3.6107178,3.6902084
114,437.6906,1211.3505,437.66647,1211.3751,-0.024139404,0.024658203,0.03450707
114,179.45122,1124.8475,179.4536,1124.9622,0.002380371,0.11462402,0.11464874
114,475.00952,1215.154,475.0634,1215.1743,0.053863525,0.020263672,0.057549074
114,428.6386,1215.8931,428.5782,1215.9037,-0.060424805,0.010620117,0.06135099
114,62.1974,1114.7089,56.335934,1114.0085,-5.8614655,-0.7003174,5.9031534
114,500.61273,1197.347,500.61548,1197.348,0.002746582,0.0009765625,0.0029150278
114,176.84123,495.57822,176.4081,496.3676,-0.433136,0.7893982,0.90042007
114,324.07547,225.552,324.0836,225.59428,0.008117676,0.042282104,0.043054305
114,517.1482,1058.6172,517.22064,1058.6416,0.07244873,0.024414062,0.07645172
114,503.38785,1128.7567,503.38132,1128.7603,-0.0065307617,0.003540039,0.007428508
114,524.5317,505.8052,524.53345,505.80704,0.0017700195,0.0018310547,0.0025467097
114,510.90268,223.15688,510.93607,223.15681,0.03338623,-6.1035156e-05,0.033386286
114,520.4999,373.0778,520.496,373.10135,-0.00390625,0.02355957,0.023881208
114,438.96698,1216.1575,438.92795,1216.1859,-0.039031982,0.028442383,0.0482956
114,524.7033,700.6443,524.71265,700.6424,0.009338379,-0.0018920898,0.009528133
114,518.2804,339.77087,518.2849,339.79874,0.0045166016,0.027862549,0.028226253
114,476.9744,631.2637,477.00696,631.3569,0.032562256,0.09320068,0.098725215
114,522.38306,440.65836,522.38434,440.6734,0.0012817383,0.015045166,0.015099664
114,520.4844,407.1705,520.4855,407.1711,0.0010986328,0.00061035156,0.0012567908
114,422.15305,225.14397,422.15002,225.12372,-0.0030212402,-0.020248413,0.02047257
114,263.42007,780.9697,238.95364,799.697,-24.46643,18.727295,30.811
114,455.99182,224.68956,455.9934,224.6735,0.0015869141,-0.016067505,0.01614568
114,357.3252,226.49014,357.32556,226.49174,0.00036621094,0.0016021729,0.0016434927
114,520.6109,570.5448,520.6094,570.5793,-0.0015258789,0.034484863,0.034518607
114,131.68597,229.72096,131.68596,229.72018,-1.5258789e-05,-0.00077819824,0.00077834784
114,236.05064,759.7238,220.56403,776.1588,-15.486618,16.434998,22.58195
114,191.81772,229.32835,191.81735,229.32861,-0.00036621094,0.0002593994,0.00044877446
114,524.5128,473.78763,524.5307,473.79538,0.0178833,0.007751465,0.019490963
114,517.3241,277.1504,517.3249,277.16068,0.00079345703,0.010284424,0.010314986
114,391.35086,226.26097,391.34952,226.26564,-0.0013427734,0.0046691895,0.004858433
114,528.4496,666.46643,528.4482,666.5013,-0.0014038086,0.034851074,0.034879334
114,123.34994,312.60336,123.34736,312.58215,-0.0025787354,-0.021209717,0.021365907
114,490.42175,1216.7937,490.44263,1216.8687,0.020874023,0.07495117,0.07780362
114,259.3488,228.03864,259.34335,228.11409,-0.005432129,0.07545471,0.07564999
114,490.08624,1216.3062,490.09183,1216.385,0.005584717,0.07885742,0.07905493
114,514.5923,242.82271,514.61816,242.91428,0.025878906,0.09156799,0.09515469
114,482.15207,223.98262,482.15118,223.9762,-0.00088500977,-0.00642395,0.0064846263
114,517.37634,306.89615,517.3737,306.95886,-0.0026245117,0.06271362,0.06276852
114,522.5244,536.91235,522.5227,536.91833,-0.0017089844,0.0059814453,0.006220797
114,400.2966,1216.9323,400.5641,1216.9392,0.26748657,0.006958008,0.26757705
114,469.99936,1254.3816,469.9067,1254.4413,-0.09265137,0.059692383,0.1102155
115,168.813,406.71112,154.61519,413.1713,-14.197815,6.4601746,15.598455
115,482.6384,998.55615,482.65054,998.5585,0.012145996,0.002319336,0.012365458
115,418.9817,1213.4146,417.3897,1213.4474,-1.59198,0.032836914,1.5923187
115,108.06456,1134.523,102.67422,1153.6438,-5.3903427,19.12085,19.86612
115,437.66647,1211.3751,437.70905,1211.3176,0.04257202,-0.057495117,0.07154065
115,179.4536,1124.9622,179.2831,1125.0203,-0.17050171,0.05810547,0.18013072
115,475.0634,1215.1743,475.15942,1215.1439,0.09603882,-0.030395508,0.10073401
115,428.5782,1215.9037,428.5576,1215.8379,-0.020599365,-0.0657959,0.068945155
115,56.335934,1114.0085,43.10319,1112.2598,-13.232742,-1.7487793,13.347797
115,500.61548,1197.348,500.64548,1197.3259,0.02999878,-0.022094727,0.037257265
115,176.4081,496.3676,175.0961,497.02444,-1.3119965,0.65682983,1.4672287
115,324.0836,225.59428,324.06744,225.5111,-0.016143799,-0.08319092,0.08474285
115,517.22064,1058.6416,517.2475,1058.6304,0.026855469,-0.011230469,0.029109098
115,503.38132,1128.7603,503.39868,1128.7651,0.017364502,0.0048828125,0.018037954
115,524.53345,505.80704,524.5382,505.7931,0.004760742,-0.013946533,0.0147367045
115,510.93607,223.15681,510.93475,223.15266,-0.0013122559,-0.0041503906,0.004352902
115,520.496,373.10135,520.54224,373.10516,0.04626465,0.0038146973,0.04642165
115,438.92795,1216.1859,438.9474,1216.145,0.019439697,-0.040893555,0.045278966
115,524.71265,700.6424,524.7253,700.631,0.012634277,-0.011413574,0.017026292
115,518.2849,339.79874,518.3268,339.76163,0.041870117,-0.037109375,0.055948302
115,477.00696,631.3569,476.99664,631.29126,-0.010314941,-0.06561279,0.06641865
115,522.38434,440.6734,522.4069,440.66794,0.022583008,-0.0054626465,0.0232343
115,520.4855,407.1711,520.5028,407.144,0.017333984,-0.02709961,0.032169174
115,422.15002,225.12372,422.172,225.1142,0.021972656,-0.009521484,0.023946946
115,238.95364,799.697,191.27434,817.4382,-47.679306,17.74115,50.873024
115,455.9934,224.6735,456.08276,224.62187,0.08935547,-0.051620483,0.10319435
115,357.32556,226.49174,357.3692,226.49399,0.043640137,0.002243042,0.043697745
115,520.6094,570.5793,520.6089,570.58136,-0.00048828125,0.0020751953,0.0021318663
115,131.68596,229.72018,131.70132,229.68222,0.015365601,-0.037963867,0.040955547
115,220.56403,776.1588,184.17769,791.34766,-36.386337,15.188843,39.42926
115,191.81735,229.32861,191.81657,229.2412,-0.00077819824,-0.0874176,0.08742107
115,524.5307,473.79538,524.54755,473.78214,0.016845703,-0.013244629,0.021428904
115,517.3249,277.16068,517.34424,277.139,0.019348145,-0.02166748,0.02904876
115,391.34952,226.26564,391.3638,226.19106,0.014282227,-0.07458496,0.075940095
115,528.4482,666.5013,528.45447,666.49286,0.006286621,-0.008422852,0.010510283
115,123.34736,312.58215,123.385216,312.4244,0.037857056,-0.15774536,0.1622244
115,490.44263,1216.8687,490.45947,1216.8575,0.016845703,-0.011108398,0.020178558
115,259.34335,228.11409,259.32892,228.03363,-0.014434814,-0.080459595,0.08174417
115,490.09183,1216.385,490.1167,1216.3705,0.024871826,-0.014526367,0.028803179
115,514.61816,242.91428,514.67694,242.91513,0.058776855,0.0008544922,0.058783066
115,482.15118,223.9762,482.19666,223.93762,0.04547119,-0.03857422,0.059628848
115,517.3737,306.95886,517.3789,306.9541,0.0051879883,-0.004760742,0.007041299
115,522.5227,536.91833,522.5179,536.9138,-0.0048217773,-0.0045166016,0.0066067562
115,400.5641,1216.9392,400.3486,1216.9352,-0.21548462,-0.0040283203,0.21552226
115,469.9067,1254.4413,469.708,1254.4021,-0.19869995,-0.03918457,0.2025268
116,154.61519,413.1713,110.0547,415.39523,-44.560486,2.223938,44.615948
116,482.65054,998.5585,482.7788,998.4929,0.12826538,-0.06555176,0.14404526
116,417.3897,1213.4474,415.0016,1213.5154,-2.3881226,0.067993164,2.3890903
116,102.67422,1153.6438,99.48021,1158.8278,-3.1940079,5.18396,6.088935
116,437.70905,1211.3176,437.79214,1211.203,0.083099365,-0.11462402,0.14157744
116,179.2831,1125.0203,179.34213,1125.1128,0.059036255,0.0925293,0.1097586
116,475.15942,1215.1439,475.0752,1214.9761,-0.084228516,-0.16784668,0.18779497
116,428.5576,1215.8379,428.7714,1215.7194,0.21380615,-0.11853027,0.2444637
116,43.10319,1112.2598,35.004993,1111.372,-8.098198,-0.8878174,8.146719
116,500.64548,1197.3259,500.4843,1197.4882,-0.16116333,0.16223145,0.22867589
116,175.0961,497.02444,173.8576,496.72415,-1.2384949,-0.30029297,1.2743804
116,324.06744,225.5111,324.1057,225.31577,0.038269043,-0.19532776,0.19904134
116,517.2475,1058.6304,517.23535,1058.4467,-0.012145996,-0.18371582,0.18411689
116,503.39868,1128.7651,503.3374,1128.7882,-0.061279297,0.023071289,0.06547852
116,524.5382,505.7931,524.5723,505.705,0.034118652,-0.08810425,0.094479844
116,510.93475,223.15266,511.02975,222.92862,0.09500122,-0.2240448,0.24335428
116,520.54224,373.10516,520.54724,373.04086,0.005004883,-0.06430054,0.06449502
116,438.9474,1216.145,439.0855,1215.999,0.13812256,-0.1459961,0.20097935
116,524.7253,700.631,524.75696,700.61273,0.031677246,-0.018249512,0.036558073
116,518.3268,339.76163,518.34326,339.69913,0.016479492,-0.0625,0.06463609
116,476.99664,631.29126,477.04074,631.3017,0.0440979,0.010437012,0.04531618
116,522.4069,440.66794,522.4373,440.59625,0.030395508,-0.07168579,0.0778636
116,520.5028,407.144,520.54114,407.01996,0.038330078,-0.124053955,0.12984058
116,422.172,225.1142,422.13925,224.82306,-0.03274536,-0.2911377,0.2929734
116,191.27434,817.4382,170.4916,820.55756,-20.782745,3.1193848,21.015543
116,456.08276,224.62187,456.1148,224.42218,0.032043457,-0.19969177,0.20224635
116,357.3692,226.49399,357.41492,226.31891,0.045715332,-0.17507935,0.18094935
116,520.6089,570.58136,520.5991,570.56354,-0.009765625,-0.017822266,0.020322416
116,131.70132,229.68222,131.69803,229.40709,-0.0032958984,-0.27513123,0.27515095
116,184.17769,791.34766,104.12652,820.70294,-80.05117,29.355286,85.26384
116,191.81657,229.2412,191.80309,228.9603,-0.0134887695,-0.28089905,0.28122273
116,524.54755,473.78214,524.63715,473.72125,0.08959961,-0.06088257,0.10832717
116,517.34424,277.139,517.39087,276.983,0.04663086,-0.15600586,0.16282587
116,391.3638,226.19106,391.34473,226.00551,-0.019073486,-0.18554688,0.18652463
116,528.45447,666.49286,528.4674,666.4729,0.012939453,-0.019958496,0.023785941
116,123.385216,312.4244,123.39377,312.40225,0.008552551,-0.022155762,0.023749188
116,490.45947,1216.8575,490.30338,1216.7703,-0.15609741,-0.08728027,0.1788414
116,259.32892,228.03363,259.3924,227.74788,0.06347656,-0.28575134,0.29271677
116,490.1167,1216.3705,489.96646,1216.2607,-0.15023804,-0.10974121,0.18605
116,514.67694,242.91513,514.75824,242.83365,0.08129883,-0.08148193,0.11510345
116,482.19666,223.93762,482.14615,223.66722,-0.05050659,-0.270401,0.2750775
116,517.3789,306.9541,517.38947,306.80902,0.010559082,-0.14508057,0.1454643
116,522.5179,536.9138,522.5267,536.84424,0.0087890625,-0.06958008,0.07013298
116,400.3486,1216.9352,398.85565,1216.8204,-1.4929504,-0.114746094,1.4973536
116,469.708,1254.4021,469.81097,1254.405,0.10296631,0.0029296875,0.10300798
117,110.0547,415.39523,107.8147,424.0754,-2.2400055,8.680176,8.964545
117,482.7788,998.4929,482.95642,997.8795,0.1776123,-0.6134033,0.6385998
117,415.0016,1213.5154,411.67725,1213.517,-3.3243408,0.0015869141,3.3243413
117,99.48021,1158.8278,105.564026,1193.8868,6.0838165,35.059082,35.58303
117,437.79214,1211.203,437.83966,1210.705,0.04751587,-0.49804688,0.50030833
117,179.34213,1125.1128,179.37619,1125.1566,0.034057617,0.043823242,0.05550133
117,475.0752,1214.9761,475.16824,1214.575,0.093048096,-0.40112305,0.41177377
117,428.7714,1215.7194,428.9002,1215.3003,0.1288147,-0.41906738,0.43841842
117,35.004993,1111.372,18.968534,1109.9923,-16.036459,-1.3796387,16.095695
117,500.4843,1197.4882,500.46484,1197.1135,-0.019470215,-0.3746338,0.3751394
117,173.8576,496.72415,169.80785,495.10318,-4.049759,-1.6209717,4.3621206
117,324.1057,225.31577,324.23148,224.74701,0.12576294,-0.5687561,0.5824945
117,517.23535,1058.4467,517.25336,1058.0658,0.018005371,-0.38085938,0.38128474
117,503.3374,1128.7882,503.40012,1128.4948,0.06271362,-0.29345703,0.30008337
117,524.5723,505.705,524.6372,505.33755,0.06488037,-0.36743164,0.3731159
117,511.02975,222.92862,511.13843,222.56435,0.108673096,-0.36427307,0.38013774
117,520.54724,373.04086,520.5487,372.62823,0.0014648438,-0.41262817,0.41263077
117,439.0855,1215.999,439.1665,1215.5253,0.08099365,-0.47375488,0.4806284
117,524.75696,700.61273,524.80414,700.0597,0.047180176,-0.55303955,0.5550484
117,518.34326,339.69913,518.3634,339.42877,0.020141602,-0.27035522,0.27110445
117,477.04074,631.3017,476.939,631.0246,-0.101745605,-0.2770996,0.2951887
117,522.4373,440.59625,522.4747,440.2299,0.037353516,-0.36636353,0.36826286
117,520.54114,407.01996,520.5742,406.5893,0.033081055,-0.43066406,0.43193275
117,422.13925,224.82306,422.15903,224.25339,0.01977539,-0.56967163,0.5700148
117,170.4916,820.55756,156.53128,821.7279,-13.960312,1.1703491,14.009283
117,456.1148,224.42218,456.1627,223.81247,0.04788208,-0.6097107,0.61158794
117,357.41492,226.31891,357.4931,225.89168,0.078186035,-0.42723083,0.4343262
117,520.5991,570.56354,520.595,569.90106,-0.0041503906,-0.6624756,0.6624886
117,131.69803,229.40709,131.74844,228.77112,0.05041504,-0.63597107,0.6379662
117,104.12652,820.70294,83.93199,818.7476,-20.194527,-1.9553223,20.288967
117,191.80309,228.9603,191.8212,228.42142,0.018112183,-0.5388794,0.5391837
117,524.63715,473.72125,524.686,473.27826,0.048828125,-0.44299316,0.44567603
117,517.39087,276.983,517.37915,276.71677,-0.01171875,-0.26623535,0.26649314
117,391.34473,226.00551,391.3754,225.32384,0.030670166,-0.68167114,0.68236077
117,528.4674,666.4729,528.50757,666.15204,0.040161133,-0.32086182,0.32336548
117,123.39377,312.40225,123.39802,311.68924,0.0042495728,-0.7130127,0.71302533
117,490.30338,1216.7703,490.25616,1216.3417,-0.047210693,-0.42858887,0.43118125
117,259.3924,227.74788,259.36963,227.192,-0.022766113,-0.5558777,0.5563437
117,489.96646,1216.2607,489.90543,1215.7649,-0.061035156,-0.4958496,0.49959195
117,514.75824,242.83365,514.85455,242.53098,0.09631348,-0.30267334,0.31762782
117,482.14615,223.66722,482.12244,223.07397,-0.023712158,-0.59324646,0.5937202
117,517.38947,306.80902,517.35693,306.40582,-0.03253174,-0.40319824,0.4045085
117,522.5267,536.84424,522.5789,536.4832,0.052246094,-0.36102295,0.3647838
117,398.85565,1216.8204,396.88184,1216.6942,-1.9738159,-0.1262207,1.9778476
117,469.81097,1254.405,469.33548,1253.9229,-0.47549438,-0.48217773,0.6771929
118,107.8147,424.0754,101.38777,422.6254,-6.4269257,-1.4500122,6.588468
118,482.95642,997.8795,483.07263,997.7419,0.11621094,-0.13763428,0.18013377
118,411.67725,1213.517,411.5483,1213.4592,-0.12893677,-0.057739258,0.1412746
118,105.564026,1193.8868,113.8721,1203.027,8.308075,9.140137,12.351769
118,437.83966,1210.705,437.83194,1210.6686,-0.0077209473,-0.036376953,0.037187308
118,179.37619,1125.1566,179.29776,1125.236,-0.078430176,0.0793457,0.111566275
118,475.16824,1214.575,475.24295,1214.5415,0.07470703,-0.033447266,0.081852674
118,428.9002,1215.3003,428.98053,1215.2507,0.080322266,-0.049560547,0.09438175
118,18.968534,1109.9923,9.338715,1109.6965,-9.62982,-0.29577637,9.634361
118,500.46484,1197.1135,500.2948,1197.2755,-0.17004395,0.1619873,0.23485066
118,169.80785,495.10318,166.72136,494.582,-3.0864868,-0.5211792,3.1301801
118,324.23148,224.74701,324.2065,224.52005,-0.024963379,-0.22695923,0.22832797
118,517.25336,1058.0658,517.0801,1057.9604,-0.17327881,-0.10534668,0.20278922
118,503.40012,1128.4948,503.31635,1128.5858,-0.08377075,0.09106445,0.12373469
118,524.6372,505.33755,524.6315,505.3229,-0.0057373047,-0.0146484375,0.015731923
118,511.13843,222.56435,511.24075,222.45316,0.10232544,-0.111190796,0.15110886
118,520.5487,372.62823,520.52795,372.60248,-0.020751953,-0.025756836,0.03307655
118,439.1665,1215.5253,439.19733,1215.4777,0.030822754,-0.047607422,0.056714274
118,524.80414,700.0597,524.8109,700.0276,0.0067749023,-0.032104492,0.03281155
118,518.3634,339.42877,518.3783,339.36053,0.014892578,-0.068237305,0.06984353
118,476.939,631.0246,476.7116,631.0616,-0.22738647,0.036987305,0.23037507
118,522.4747,440.2299,522.4873,440.25946,0.012634277,0.029571533,0.032157432
118,520.5742,406.5893,520.5822,406.51724,0.0079956055,-0.072052,0.07249428
118,422.15903,224.25339,422.1176,223.9921,-0.041412354,-0.2612915,0.2645529
118,156.53128,821.7279,155.98967,819.7612,-0.5416107,-1.9666748,2.03989
118,456.1627,223.81247,456.19897,223.55458,0.0362854,-0.2578888,0.260429
118,357.4931,225.89168,357.47513,225.62024,-0.017974854,-0.2714386,0.2720331
118,520.595,569.90106,520.5807,569.9654,-0.014282227,0.064331055,0.0658974
118,131.74844,228.77112,131.74484,228.54836,-0.0036010742,-0.22276306,0.22279216
118,83.93199,818.7476,73.17168,817.921,-10.760315,-0.8265991,10.792018
118,191.8212,228.42142,191.8483,228.13261,0.02709961,-0.2888031,0.29007176
118,524.686,473.27826,524.7486,473.2675,0.06262207,-0.010772705,0.06354191
118,517.37915,276.71677,517.3845,276.67972,0.0053710938,-0.03704834,0.037435655
118,391.3754,225.32384,391.35843,225.02261,-0.016967773,-0.30122375,0.30170128
118,528.50757,666.15204,528.53503,666.14453,0.02746582,-0.007507324,0.028473342
118,123.39802,311.68924,123.41956,311.62015,0.02154541,-0.0690918,0.072373204
118,490.25616,1216.3417,490.10754,1216.3411,-0.1486206,-0.00061035156,0.14862186
118,259.36963,227.192,259.40347,226.9323,0.033843994,-0.2597046,0.26190054
118,489.90543,1215.7649,489.75134,1215.7512,-0.15408325,-0.013671875,0.15468861
118,514.85455,242.53098,514.997,242.56374,0.14245605,0.03276062,0.1461745
118,482.12244,223.07397,482.06384,222.8431,-0.05859375,-0.23088074,0.2381998
118,517.35693,306.40582,517.37305,306.37082,0.016113281,-0.035003662,0.038534325
118,522.5789,536.4832,522.5639,536.399,-0.015014648,-0.084228516,0.08555631
118,396.88184,1216.6942,396.02005,1216.6877,-0.8617859,-0.0064697266,0.8618102
118,469.33548,1253.9229,469.1216,1254.1937,-0.21386719,0.27087402,0.34512594
119,101.38777,422.6254,88.26268,419.77066,-13.125092,-2.8547363,13.43196
119,483.07263,997.7419,483.5664,997.53455,0.4937744,-0.20733643,0.5355386
119,411.5483,1213.4592,402.36914,1214.1807,-9.179169,0.72143555,9.207476
119,113.8721,1203.027,123.58374,1204.5944,9.711639,1.5673828,9.837308
119,437.83194,1210.6686,438.11502,1210.5266,0.28308105,-0.14196777,0.31668553
119,179.29776,1125.236,179.35242,1125.527,0.054656982,0.29101562,0.29610384
119,475.24295,1214.5415,475.48877,1214.3704,0.24581909,-0.17114258,0.29952765
119,428.98053,1215.2507,429.2947,1215.0204,0.31417847,-0.23034668,0.38957375
119,9.338715,1109.6965,-4.5802317,1109.0503,-13.918946,-0.64624023,13.93394
119,500.2948,1197.2755,500.26797,1197.3462,-0.026824951,0.07067871,0.075598
119,166.72136,494.582,158.7587,493.60168,-7.9626617,-0.98031616,8.022779
119,324.2065,224.52005,324.40393,224.15167,0.19741821,-0.3683777,0.41794264
119,517.0801,1057.9604,517.0597,1057.6638,-0.020385742,-0.29663086,0.29733053
119,503.31635,1128.5858,503.35788,1128.2924,0.041534424,-0.29345703,0.29638174
119,524.6315,505.3229,524.7812,505.1749,0.14971924,-0.14801025,0.21053001
119,511.24075,222.45316,511.55084,222.08281,0.3100891,-0.37034607,0.48302326
119,520.52795,372.60248,520.75586,372.34863,0.22790527,-0.2538452,0.3411425
119,439.19733,1215.4777,439.5066,1215.3295,0.30926514,-0.14819336,0.3429376
119,524.8109,700.0276,525.0007,699.9452,0.1897583,-0.08239746,0.2068757
119,518.3783,339.36053,518.6272,339.1339,0.24890137,-0.22662354,0.33661568
119,476.7116,631.0616,476.6543,631.07654,-0.05731201,0.014953613,0.05923071
119,522.4873,440.25946,522.68036,440.009,0.1930542,-0.25045776,0.3162262
119,520.5822,406.51724,520.7548,406.31174,0.17260742,-0.20550537,0.26837617
119,422.1176,223.9921,422.3741,223.47878,0.25650024,-0.5133209,0.5738386
119,155.98967,819.7612,157.36328,813.7182,1.3736115,-6.04303,6.197178
119,456.19897,223.55458,456.4415,223.23749,0.2425232,-0.3170929,0.39920595
119,357.47513,225.62024,357.70026,225.23213,0.22512817,-0.3881073,0.44867578
119,520.5807,569.9654,520.8491,569.7653,0.26843262,-0.20007324,0.33479154
119,131.74484,228.54836,131.98175,228.13083,0.23690796,-0.41752625,0.48005578
119,73.17168,817.921,50.873966,817.5859,-22.29771,-0.33514404,22.30023
119,191.8483,228.13261,192.10796,227.69763,0.2596588,-0.4349823,0.5065889
119,524.7486,473.2675,525.02734,473.04343,0.27874756,-0.22406006,0.35763547
119,517.3845,276.67972,517.54474,276.38266,0.16021729,-0.2970581,0.33751014
119,391.35843,225.02261,391.52304,224.68948,0.16461182,-0.33312988,0.37158117
119,528.53503,666.14453,528.7296,665.9928,0.19458008,-0.1517334,0.2467477
119,123.41956,311.62015,123.60749,311.4411,0.18792725,-0.17904663,0.25956568
119,490.10754,1216.3411,490.21005,1216.173,0.102508545,-0.16809082,0.19688201
119,259.40347,226.9323,259.72577,226.52544,0.32229614,-0.40686035,0.5190473
119,489.75134,1215.7512,489.81155,1215.5793,0.06021118,-0.171875,0.18211645
119,514.997,242.56374,515.3749,242.34746,0.37786865,-0.21627808,0.43538594
119,482.06384,222.8431,482.3751,222.45142,0.31124878,-0.39167786,0.5002873
119,517.37305,306.37082,517.5149,306.2176,0.1418457,-0.15322876,0.20880435
119,522.5639,536.399,522.7152,536.1054,0.15130615,-0.2935791,0.330276
119,396.02005,1216.6877,395.96664,1216.5552,-0.05340576,-0.13256836,0.14292146
119,469.1216,1254.1937,468.47226,1254.5267,-0.649353,0.3330078,0.7297627
120,88.26268,419.77066,82.62144,420.15378,-5.641243,0.38311768,5.6542373
120,483.5664,997.53455,483.78708,997.3635,0.2206726,-0.17102051,0.27918527
120,402.36914,1214.1807,399.9696,1214.2661,-2.3995361,0.08544922,2.4010572
120,123.58374,1204.5944,135.51913,1201.8148,11.935394,-2.779541,12.254774
120,438.11502,1210.5266,438.11334,1210.479,-0.0016784668,-0.047607422,0.047637
120,179.35242,1125.527,179.3131,1125.6553,-0.0393219,0.1282959,0.13418663
120,475.48877,1214.3704,475.54553,1214.2838,0.056762695,-0.08654785,0.10350137
120,429.2947,1215.0204,429.3649,1214.8745,0.07019043,-0.14587402,0.16188245
120,500.26797,1197.3462,499.93655,1197.575,-0.3314209,0.22875977,0.40270442
120,158.7587,493.60168,154.26381,493.8177,-4.4948883,0.21600342,4.5000753
120,324.40393,224.15167,324.40323,223.94463,-0.0007019043,-0.20704651,0.2070477
120,517.0597,1057.6638,516.78687,1057.5641,-0.27282715,-0.099731445,0.2904841
120,503.35788,1128.2924,503.21167,1128.4941,-0.14620972,0.20178223,0.24918537
120,524.7812,505.1749,524.7811,505.21085,-6.1035156e-05,0.035949707,0.03594976
120,511.55084,222.08281,511.6696,221.99272,0.1187439,-0.09008789,0.14905013
120,520.75586,372.34863,520.7627,372.30704,0.0068359375,-0.04159546,0.042153437
120,439.5066,1215.3295,439.565,1215.2705,0.058410645,-0.05895996,0.08299446
120,525.0007,699.9452,525.01965,699.8976,0.018981934,-0.047607422,0.051252127
120,518.6272,339.1339,518.6145,339.14056,-0.0126953125,0.006652832,0.014332869
120,476.6543,631.07654,476.46396,631.118,-0.19033813,0.04144287,0.19479764
120,522.68036,440.009,522.64856,440.0309,-0.031799316,0.021911621,0.038617555
120,520.7548,406.31174,520.75354,406.2337,-0.0012817383,-0.07803345,0.078043975
120,422.3741,223.47878,422.34006,223.22792,-0.034057617,-0.2508545,0.2531559
120,157.36328,813.7182,156.25128,811.6423,-1.1119995,-2.0759277,2.3549986
120,456.4415,223.23749,456.48248,222.94672,0.040985107,-0.29077148,0.29364577
120,357.70026,225.23213,357.6638,224.98383,-0.036468506,-0.24830627,0.25097004
120,520.8491,569.7653,520.84534,569.7742,-0.0037841797,0.008850098,0.009625188
120,131.98175,228.13083,131.98337,227.87683,0.0016174316,-0.2539978,0.25400296
120,50.873966,817.5859,38.979973,818.22455,-11.893993,0.6386719,11.911128
120,192.10796,227.69763,192.13644,227.44597,0.02848816,-0.2516632,0.2532705
120,525.02734,473.04343,525.10284,472.95953,0.07550049,-0.08389282,0.11286421
120,517.54474,276.38266,517.5276,276.36475,-0.017150879,-0.017913818,0.024800353
120,391.52304,224.68948,391.49252,224.33046,-0.030517578,-0.35902405,0.36031872
120,528.7296,665.9928,528.7788,666.0188,0.049194336,0.026000977,0.05564291
120,123.60749,311.4411,123.62283,311.38968,0.015342712,-0.05142212,0.053662214
120,490.21005,1216.173,489.8501,1216.1077,-0.35995483,-0.06530762,0.36583135
120,259.72577,226.52544,259.7771,226.29247,0.051330566,-0.23297119,0.23855901
120,489.81155,1215.5793,489.4212,1215.4927,-0.39035034,-0.08666992,0.3998563
120,515.3749,242.34746,515.5609,242.40355,0.18603516,0.05609131,0.19430727
120,482.3751,222.45142,482.29364,222.18867,-0.081451416,-0.2627411,0.27507675
120,517.5149,306.2176,517.48804,306.20148,-0.026855469,-0.016113281,0.03131859
120,522.7152,536.1054,522.6675,536.0419,-0.047729492,-0.0635376,0.079467796
120,395.96664,1216.5552,393.7343,1216.617,-2.2323303,0.061767578,2.2331848
120,468.47226,1254.5267,468.11234,1254.7906,-0.35992432,0.26391602,0.4463151
121,82.62144,420.15378,68.245224,419.78967,-14.376213,-0.36410522,14.380823
121,483.78708,997.3635,483.9733,997.2314,0.18621826,-0.13214111,0.2283386
121,399.9696,1214.2661,401.57208,1214.1218,1.602478,-0.14428711,1.6089607
121,135.51913,1201.8148,145.86307,1200.0028,10.343933,-1.8120117,10.501445
121,438.11334,1210.479,438.11063,1210.4717,-0.0027160645,-0.0073242188,0.007811606
121,179.3131,1125.6553,178.88696,1126.0704,-0.4261322,0.41516113,0.59493476
121,475.54553,1214.2838,475.611,1214.2396,0.065460205,-0.044189453,0.0789794
121,429.3649,1214.8745,429.51642,1214.892,0.15151978,0.017456055,0.15252198
121,499.93655,1197.575,499.7316,1197.5741,-0.20495605,-0.0008544922,0.20495784
121,154.26381,493.8177,143.90912,495.44092,-10.354691,1.62323,10.48115
121,324.40323,223.94463,324.41156,223.69986,0.008331299,-0.24476624,0.24490798
121,516.78687,1057.5641,516.59235,1057.465,-0.19451904,-0.099121094,0.21831778
121,503.21167,1128.4941,503.05804,1128.5306,-0.15362549,0.036499023,0.15790176
121,524.7811,505.21085,524.77747,505.2402,-0.0036621094,0.02935791,0.029585434
121,511.6696,221.99272,511.80865,221.86646,0.1390686,-0.12626648,0.18783848
121,520.7627,372.30704,520.76294,372.311,0.00024414062,0.003967285,0.00397479
121,439.565,1215.2705,439.62857,1215.2449,0.063568115,-0.025634766,0.068542294
121,525.01965,699.8976,525.0172,699.89923,-0.0024414062,0.0016479492,0.002945539
121,518.6145,339.14056,518.58325,339.14282,-0.03125,0.0022583008,0.03133149
121,476.46396,631.118,476.16226,631.24036,-0.30169678,0.12237549,0.32557133
121,522.64856,440.0309,522.6335,440.06766,-0.015075684,0.036743164,0.039715692
121,520.75354,406.2337,520.73206,406.17932,-0.021484375,-0.054382324,0.05847235
121,422.34006,223.22792,422.32004,222.97679,-0.020019531,-0.25112915,0.25192586
121,156.25128,811.6423,149.0682,774.42163,-7.183075,-37.220642,37.907425
121,456.48248,222.94672,456.5037,222.67331,0.021209717,-0.27340698,0.27422842
121,357.6638,224.98383,357.64136,224.77113,-0.02243042,-0.21269226,0.21387175
121,520.84534,569.7742,520.8233,569.7906,-0.022033691,0.016418457,0.02747816
121,131.98337,227.87683,131.9892,227.6876,0.0058288574,-0.18922424,0.189314
121,38.979973,818.22455,14.420719,820.7885,-24.559254,2.5639648,24.692728
121,192.13644,227.44597,192.1356,227.15907,-0.0008392334,-0.28689575,0.28689697
121,525.10284,472.95953,525.1866,472.94003,0.083740234,-0.019500732,0.08598084
121,517.5276,276.36475,517.50476,276.3466,-0.022827148,-0.018157959,0.029168308
121,391.49252,224.33046,391.4643,224.01633,-0.02822876,-0.3141327,0.31539848
121,528.7788,666.0188,528.79114,666.0481,0.012329102,0.029296875,0.031785432
121,123.62283,311.38968,123.637886,311.34866,0.015052795,-0.041015625,0.043690596
121,489.8501,1216.1077,489.5491,1216.1085,-0.30099487,0.0008544922,0.3009961
121,259.7771,226.29247,259.8088,226.06773,0.031707764,-0.22473145,0.22695728
121,489.4212,1215.4927,489.10587,1215.4806,-0.31533813,-0.012084961,0.3155696
121,515.5609,242.40355,515.7483,242.46043,0.18737793,0.056884766,0.19582228
121,482.29364,222.18867,482.25494,221.95105,-0.03869629,-0.23762512,0.24075527
121,517.48804,306.20148,517.44214,306.21347,-0.045898438,0.011993408,0.047439523
121,522.6675,536.0419,522.62286,535.9642,-0.0446167,-0.077697754,0.08959682
121,393.7343,1216.617,395.81635,1216.4749,2.0820312,-0.14208984,2.086874
121,468.11234,1254.7906,468.5023,1255.6954,0.3899536,0.90478516,0.9852411
122,68.245224,419.78967,60.176613,419.87674,-8.068611,0.08706665,8.069081
122,483.9733,997.2314,484.22974,997.0335,0.2564392,-0.19787598,0.32390735
122,401.57208,1214.1218,401.73392,1214.0747,0.16183472,-0.04711914,0.16855471
122,145.86307,1200.0028,145.60023,1200.0756,-0.26283264,0.072753906,0.27271622
122,438.11063,1210.4717,438.13434,1210.5046,0.023712158,0.032958984,0.040602475
122,178.88696,1126.0704,178.81073,1126.3342,-0.07623291,0.26379395,0.27458823
122,475.611,1214.2396,475.68243,1214.2208,0.07144165,-0.018798828,0.07387358
122,429.51642,1214.892,429.697,1214.8865,0.18057251,-0.005493164,0.18065605
122,499.7316,1197.5741,499.4214,1197.6942,-0.31021118,0.12011719,0.33265465
122,143.90912,495.44092,139.43692,498.3927,-4.4721985,2.9517822,5.3585052
122,324.41156,223.69986,324.40408,223.48326,-0.0074768066,-0.21659851,0.21672752
122,516.59235,1057.465,516.32446,1057.4279,-0.2678833,-0.037109375,0.2704414
122,503.05804,1128.5306,502.7797,1128.8436,-0.27835083,0.31298828,0.4188566
122,524.77747,505.2402,524.79614,505.27026,0.018676758,0.030059814,0.035389457
122,511.80865,221.86646,511.92746,221.79266,0.11880493,-0.073791504,0.13985634
122,520.76294,372.311,520.8075,372.312,0.044555664,0.0010070801,0.044567045
122,439.62857,1215.2449,439.73843,1215.2819,0.10986328,0.036987305,0.11592239
122,525.0172,699.89923,525.0847,699.9776,0.06750488,0.07836914,0.10343419
122,518.58325,339.14282,518.616,339.13284,0.03277588,-0.009979248,0.0342614
122,476.16226,631.24036,475.77197,631.4551,-0.3902893,0.21472168,0.44545612
122,522.6335,440.06766,522.6008,440.1051,-0.03265381,0.03744507,0.04968304
122,520.73206,406.17932,520.7195,406.13577,-0.012573242,-0.043548584,0.045327317
122,422.32004,222.97679,422.3063,222.74585,-0.01373291,-0.23094177,0.23134972
122,149.0682,774.42163,147.36824,772.71124,-1.6999664,-1.7103882,2.4114962
122,456.5037,222.67331,456.5268,222.44373,0.023101807,-0.22958374,0.23074311
122,357.64136,224.77113,357.62024,224.49681,-0.021118164,-0.2743225,0.27513418
122,520.8233,569.7906,520.8248,569.80005,0.0015258789,0.009460449,0.009582714
122,131.9892,227.6876,131.97069,227.35576,-0.018508911,-0.33184814,0.3323639
122,192.1356,227.15907,192.18452,226.9219,0.048919678,-0.23716736,0.24216005
122,525.1866,472.94003,525.30084,473.0206,0.11425781,0.080566406,0.13980627
122,517.50476,276.3466,517.50885,276.3489,0.0040893555,0.002319336,0.004701292
122,391.4643,224.01633,391.4276,223.64575,-0.03668213,-0.37057495,0.37238604
122,528.79114,666.0481,528.77716,666.0921,-0.013977051,0.044006348,0.046172682
122,123.637886,311.34866,123.65529,311.2732,0.017402649,-0.07546997,0.077450424
122,489.5491,1216.1085,489.14737,1216.1039,-0.4017334,-0.004638672,0.4017602
122,259.8088,226.06773,259.85223,225.89072,0.043426514,-0.17701721,0.18226616
122,489.10587,1215.4806,488.66812,1215.475,-0.43774414,-0.0056152344,0.43778014
122,515.7483,242.46043,515.941,242.5639,0.19268799,0.10346985,0.21871139
122,482.25494,221.95105,482.16,221.70041,-0.094940186,-0.25064087,0.26801956
122,517.44214,306.21347,517.37305,306.25208,-0.0690918,0.038604736,0.07914545
122,522.62286,535.9642,522.5843,535.9042,-0.03857422,-0.05999756,0.071327955
122,395.81635,1216.4749,395.80124,1216.504,-0.015106201,0.029174805,0.032853715
122,468.5023,1255.6954,468.83527,1256.8798,0.3329773,1.1843262,1.2302449
123,60.176613,419.87674,42.26001,420.2608,-17.916603,0.38406372,17.92072
123,484.22974,997.0335,484.48752,997.0419,0.25778198,0.008361816,0.25791755
123,401.73392,1214.0747,403.4549,1214.0902,1.7209778,0.01550293,1.7210476
123,145.60023,1200.0756,146.38747,1200.5171,0.78723145,0.44152832,0.9025966
123,438.13434,1210.5046,438.12457,1210.6794,-0.009765625,0.17480469,0.17507726
123,178.81073,1126.3342,178.60063,1126.9218,-0.21009827,0.5875244,0.6239601
123,475.68243,1214.2208,475.81116,1214.3508,0.12872314,0.13000488,0.18295059
123,429.697,1214.8865,429.84283,1215.0822,0.1458435,0.19567871,0.24405017
123,499.4214,1197.6942,499.12134,1197.8728,-0.30004883,0.17858887,0.34917516
123,139.43692,498.3927,127.55928,459.22217,-11.87764,-39.170532,40.93176
123,324.40408,223.48326,324.33972,223.42252,-0.06436157,-0.06074524,0.08850083
123,516.32446,1057.4279,516.14856,1057.461,-0.17590332,0.033203125,0.17900957
123,502.7797,1128.8436,502.60117,1129.3081,-0.17852783,0.46447754,0.49760583
123,524.79614,505.27026,524.8184,505.48462,0.022277832,0.21435547,0.21551003
123,511.92746,221.79266,512.0457,221.79492,0.118255615,0.0022583008,0.11827718
123,520.8075,372.312,520.7529,372.4216,-0.05456543,0.10958862,0.122421615
123,439.73843,1215.2819,439.79697,1215.4308,0.058532715,0.14892578,0.16001552
123,525.0847,699.9776,525.05096,700.045,-0.03375244,0.06738281,0.07536359
123,518.616,339.13284,518.5547,339.22607,-0.061340332,0.0932312,0.1116006
123,475.77197,631.4551,475.351,631.8316,-0.42095947,0.37652588,0.5647819
123,522.6008,440.1051,522.52203,440.2625,-0.07879639,0.15740967,0.17603032
123,520.7195,406.13577,520.645,406.22092,-0.07446289,0.08514404,0.113111585
123,422.3063,222.74585,422.29358,222.66591,-0.01272583,-0.079940796,0.08094738
123,147.36824,772.71124,146.86578,733.36224,-0.50245667,-39.349,39.352207
123,456.5268,222.44373,456.5411,222.283,0.014312744,-0.16072083,0.16135687
123,357.62024,224.49681,357.58136,224.38292,-0.038879395,-0.1138916,0.12034494
123,520.8248,569.80005,520.8052,569.97345,-0.01965332,0.17340088,0.17451108
123,131.97069,227.35576,132.00198,227.36797,0.031295776,0.012207031,0.03359222
123,192.18452,226.9219,192.1861,226.84186,0.0015716553,-0.08004761,0.08006303
123,525.30084,473.0206,525.4079,473.14322,0.107055664,0.12261963,0.16277742
123,517.50885,276.3489,517.4603,276.43527,-0.04852295,0.086364746,0.09906233
123,391.4276,223.64575,391.36212,223.48227,-0.06549072,-0.16348267,0.1761125
123,528.77716,666.0921,528.7718,666.23785,-0.0053710938,0.14575195,0.14585088
123,123.65529,311.2732,123.58867,311.68887,-0.06661987,0.41567993,0.4209846
123,489.14737,1216.1039,488.77847,1216.2168,-0.36889648,0.11291504,0.38579065
123,259.85223,225.89072,259.91534,225.79884,0.06311035,-0.09187317,0.111461185
123,488.66812,1215.475,488.32135,1215.5771,-0.34677124,0.10217285,0.36151016
123,515.941,242.5639,516.10205,242.62979,0.16107178,0.06588745,0.17402664
123,482.16,221.70041,482.12653,221.63254,-0.033477783,-0.067871094,0.07567858
123,517.37305,306.25208,517.3178,306.35803,-0.055236816,0.10595703,0.11949058
123,522.5843,535.9042,522.50934,535.95703,-0.07495117,0.052856445,0.09171413
123,395.80124,1216.504,397.07846,1216.6057,1.2772217,0.10168457,1.281263
123,468.83527,1256.8798,468.6995,1257.4299,-0.1357727,0.5501709,0.5666765
124,42.26001,420.2608,32.037666,420.66473,-10.222343,0.40393066,10.230321
124,484.48752,997.0419,484.75208,996.9106,0.26455688,-0.13128662,0.29534137
124,403.4549,1214.0902,403.9159,1214.0647,0.46099854,-0.025512695,0.46170396
124,146.38747,1200.5171,146.10164,1200.9094,-0.28582764,0.39233398,0.48541054
124,438.12457,1210.6794,438.1433,1210.7874,0.018737793,0.107910156,0.10952491
124,178.60063,1126.9218,178.73302,1127.3656,0.13238525,0.44384766,0.46317017
124,475.81116,1214.3508,475.90433,1214.4431,0.093170166,0.092285156,0.1311382
124,429.84283,1215.0822,430.00302,1215.1355,0.16018677,0.053344727,0.1688356
124,499.12134,1197.8728,498.87872,1197.7911,-0.24261475,-0.08166504,0.25599042
124,127.55928,459.22217,122.29838,454.2847,-5.2609024,-4.9374695,7.2149634
124,324.33972,223.42252,324.31375,223.33351,-0.025970459,-0.08900452,0.09271606
124,516.14856,1057.461,515.90204,1057.4596,-0.246521,-0.0014648438,0.24652535
124,502.60117,1129.3081,502.37762,1129.576,-0.22354126,0.26794434,0.3489482
124,524.8184,505.48462,524.818,505.5875,-0.0004272461,0.102874756,0.10287564
124,512.0457,221.79492,512.1536,221.86835,0.107910156,0.07342529,0.13052155
124,520.7529,372.4216,520.74457,372.5271,-0.008361816,0.10549927,0.105830126
124,439.79697,1215.4308,439.90353,1215.5245,0.10656738,0.09375,0.14193544
124,525.05096,700.045,525.06323,700.2515,0.012268066,0.20654297,0.20690699
124,518.5547,339.22607,518.5138,339.28928,-0.040893555,0.063201904,0.07527791
124,475.351,631.8316,475.0399,632.14514,-0.3111267,0.3135376,0.44170764
124,522.52203,440.2625,522.5385,440.4114,0.016479492,0.14889526,0.14980444
124,520.645,406.22092,520.6621,406.23962,0.017089844,0.018707275,0.02533821
124,422.29358,222.66591,422.25464,222.59052,-0.03894043,-0.07539368,0.08485613
124,146.86578,733.36224,146.75613,727.59656,-0.10964966,-5.765686,5.766729
124,456.5411,222.283,456.5832,222.25026,0.04208374,-0.03274536,0.053322602
124,357.58136,224.38292,357.5927,224.34201,0.011352539,-0.040908813,0.042454813
124,520.8052,569.97345,520.79614,570.15186,-0.009033203,0.17840576,0.1786343
124,132.00198,227.36797,132.08768,227.22395,0.08569336,-0.14401245,0.16757965
124,192.1861,226.84186,192.2367,226.71982,0.050598145,-0.122039795,0.13211314
124,525.4079,473.14322,525.5096,473.2284,0.10168457,0.08517456,0.1326441
124,517.4603,276.43527,517.4602,276.51538,-0.00012207031,0.08010864,0.08010873
124,391.36212,223.48227,391.31647,223.39156,-0.045654297,-0.0907135,0.10155419
124,528.7718,666.23785,528.7619,666.3646,-0.009887695,0.12677002,0.12715504
124,123.58867,311.68887,123.63222,311.70532,0.043548584,0.016448975,0.046551563
124,488.77847,1216.2168,488.38446,1216.3995,-0.39401245,0.18273926,0.43432644
124,259.91534,225.79884,259.94427,225.74133,0.028930664,-0.057510376,0.06437722
124,488.32135,1215.5771,487.918,1215.7396,-0.40335083,0.16247559,0.43484503
124,516.10205,242.62979,516.27313,242.98615,0.17108154,0.35635376,0.39529344
124,482.12653,221.63254,482.11014,221.60196,-0.01638794,-0.030578613,0.03469317
124,517.3178,306.35803,517.27954,306.48523,-0.038269043,0.12719727,0.13282946
124,522.50934,535.95703,522.4421,535.9931,-0.06726074,0.036071777,0.07632287
124,397.07846,1216.6057,397.24097,1216.6365,0.1625061,0.030761719,0.16539201
124,468.6995,1257.4299,467.29446,1257.8701,-1.4050293,0.44018555,1.4723691
125,32.037666,420.66473,11.846537,418.086,-20.19113,-2.5787354,20.355137
125,484.75208,996.9106,484.68506,997.2054,-0.0670166,0.2947998,0.30232126
125,403.9159,1214.0647,406.02933,1214.1139,2.1134338,0.049194336,2.1140063
125,146.10164,1200.9094,147.84172,1201.0757,1.7400818,0.16625977,1.7480066
125,438.1433,1210.7874,438.22003,1211.1068,0.07672119,0.319458,0.32854155
125,178.73302,1127.3656,179.0034,1128.4907,0.27038574,1.1251221,1.1571552
125,475.90433,1214.4431,475.9281,1214.7039,0.023773193,0.2607422,0.2618237
125,430.00302,1215.1355,430.28876,1215.4446,0.28573608,0.30908203,0.42092374
125,498.87872,1197.7911,498.69208,1198.216,-0.18664551,0.4248047,0.46399954
125,122.29838,454.2847,119.0767,444.76205,-3.2216797,-9.522644,10.052858
125,324.31375,223.33351,324.3235,223.49043,0.009735107,0.15692139,0.15722306
125,515.90204,1057.4596,515.64,1057.7633,-0.26202393,0.30371094,0.40111953
125,502.37762,1129.576,502.1495,1130.3511,-0.2281189,0.7750244,0.8078992
125,524.818,505.5875,524.8604,505.96155,0.042419434,0.37405396,0.37645155
125,512.1536,221.86835,512.27734,222.31186,0.12371826,0.44351196,0.46044442
125,520.74457,372.5271,520.7814,372.75613,0.0368042,0.22903442,0.23197266
125,439.90353,1215.5245,440.07407,1215.8062,0.17053223,0.2816162,0.32922474
125,525.06323,700.2515,525.10675,700.5906,0.043518066,0.3390503,0.3418317
125,518.5138,339.28928,518.5476,339.69345,0.033813477,0.4041748,0.40558678
125,475.0399,632.14514,474.67294,632.3706,-0.36694336,0.22546387,0.4306755
125,522.5385,440.4114,522.5496,440.8741,0.011108398,0.46270752,0.46284083
125,520.6621,406.23962,520.6612,406.54446,-0.00091552734,0.3048401,0.30484146
125,422.25464,222.59052,422.29724,222.74338,0.04260254,0.15286255,0.15868817
125,146.75613,727.59656,146.61267,719.1631,-0.14346313,-8.433472,8.434692
125,456.5832,222.25026,456.57187,222.36134,-0.0113220215,0.111083984,0.11165948
125,357.5927,224.34201,357.53445,224.4219,-0.058258057,0.07989502,0.0988798
125,520.79614,570.15186,520.8546,570.576,0.05847168,0.4241333,0.4281448
125,132.08768,227.22395,132.1287,227.35423,0.041015625,0.13027954,0.13658345
125,192.2367,226.71982,192.28548,226.83372,0.04878235,0.11390686,0.123913236
125,525.5096,473.2284,525.7302,473.6576,0.22064209,0.42919922,0.48259187
125,517.4602,276.51538,517.4624,276.82355,0.0021972656,0.3081665,0.30817434
125,391.31647,223.39156,391.23456,223.39952,-0.08190918,0.007965088,0.082295544
125,528.7619,666.3646,528.83264,666.8955,0.070739746,0.5308838,0.53557605
125,123.63222,311.70532,123.65559,311.83063,0.023368835,0.12530518,0.12746565
125,488.38446,1216.3995,487.87323,1216.6428,-0.51123047,0.24328613,0.5661667
125,259.94427,225.74133,259.94992,225.87297,0.005645752,0.13163757,0.13175859
125,487.918,1215.7396,487.4996,1215.9939,-0.418396,0.25427246,0.48960155
125,516.27313,242.98615,516.45605,243.27032,0.18292236,0.2841797,0.33796254
125,482.11014,221.60196,481.87238,221.79929,-0.23776245,0.19732666,0.30898023
125,517.27954,306.48523,517.26404,306.9636,-0.01550293,0.47836304,0.47861418
125,522.4421,535.9931,522.3807,536.39136,-0.061401367,0.3982544,0.4029599
125,397.24097,1216.6365,397.64044,1216.9635,0.3994751,0.32702637,0.5162621
125,467.29446,1257.8701,468.2499,1258.1487,0.95544434,0.27856445,0.9952246
126,11.846537,418.086,2.0316396,416.6356,-9.814898,-1.4504089,9.921487
126,484.68506,997.2054,484.85107,997.2208,0.16601562,0.0154418945,0.16673224
126,406.02933,1214.1139,406.50836,1214.0846,0.47903442,-0.029296875,0.47992945
126,147.84172,1201.0757,147.70935,1201.2817,-0.13237,0.20605469,0.24490885
126,438.22003,1211.1068,438.23892,1211.2026,0.01889038,0.095825195,0.097669415
126,179.0034,1128.4907,178.5309,1128.6005,-0.47250366,0.10974121,0.48508024
126,475.9281,1214.7039,475.98367,1214.7737,0.05557251,0.06982422,0.08923971
126,430.28876,1215.4446,430.3674,1215.512,0.0786438,0.06738281,0.10356298
126,498.69208,1198.216,498.5701,1198.3469,-0.12197876,0.13098145,0.17898312
126,119.0767,444.76205,119.192825,444.64746,0.116127014,-0.114593506,0.16314764
126,324.3235,223.49043,324.3045,223.53336,-0.018981934,0.042922974,0.046932884
126,515.64,1057.7633,515.5127,1057.8192,-0.12731934,0.055908203,0.13905373
126,502.1495,1130.3511,502.0398,1130.486,-0.10971069,0.1348877,0.173871
126,524.8604,505.96155,524.8163,506.03882,-0.044128418,0.07727051,0.08898342
126,512.27734,222.31186,512.3236,222.35168,0.04626465,0.03982544,0.061044928
126,520.7814,372.75613,520.7583,372.82098,-0.023071289,0.06484985,0.06883159
126,440.07407,1215.8062,440.11612,1215.9116,0.042053223,0.10546875,0.11354352
126,525.10675,700.5906,525.1239,700.6047,0.017150879,0.014099121,0.022202205
126,518.5476,339.69345,518.49243,339.79446,-0.05517578,0.10101318,0.115100086
126,474.67294,632.3706,474.39325,632.44244,-0.2796936,0.07183838,0.288772
126,522.5496,440.8741,522.53796,440.96075,-0.011657715,0.086639404,0.08742019
126,520.6612,406.54446,520.6216,406.51718,-0.039611816,-0.027282715,0.04809826
126,422.29724,222.74338,422.2664,222.63252,-0.030853271,-0.1108551,0.11506858
126,146.61267,719.1631,146.77097,718.98865,0.15829468,-0.17443848,0.23555464
126,456.57187,222.36134,456.6438,222.36896,0.07192993,0.0076141357,0.0723318
126,357.53445,224.4219,357.54413,224.4333,0.009674072,0.011398315,0.014950226
126,520.8546,570.576,520.9028,570.62994,0.04815674,0.053955078,0.072320275
126,132.1287,227.35423,132.12749,227.2949,-0.0012054443,-0.059326172,0.059338417
126,192.28548,226.83372,192.28229,226.72981,-0.003189087,-0.10391235,0.103961274
126,525.7302,473.6576,525.81934,473.68027,0.08911133,0.02267456,0.09195088
126,517.4624,276.82355,517.42285,276.84244,-0.03955078,0.01889038,0.043830477
126,391.23456,223.39952,391.19003,223.39775,-0.044525146,-0.0017700195,0.044560313
126,528.83264,666.8955,528.8051,666.9198,-0.027526855,0.024291992,0.036712784
126,123.65559,311.83063,123.69206,312.09164,0.036476135,0.26101685,0.26355323
126,487.87323,1216.6428,487.5451,1216.7909,-0.328125,0.14807129,0.35998768
126,259.94992,225.87297,259.9802,225.8519,0.030273438,-0.021072388,0.036885317
126,487.4996,1215.9939,487.18915,1216.1506,-0.31045532,0.15673828,0.34777778
126,516.45605,243.27032,516.6084,243.34026,0.15234375,0.06993103,0.16762747
126,481.87238,221.79929,481.8493,221.74956,-0.023071289,-0.049728394,0.05481968
126,517.26404,306.9636,517.20966,307.0237,-0.054382324,0.06011963,0.08106668
126,522.3807,536.39136,522.2971,536.361,-0.08355713,-0.030334473,0.08889305
126,397.64044,1216.9635,398.06308,1216.9596,0.42263794,-0.00390625,0.422656
126,468.2499,1258.1487,468.26013,1258.1643,0.010223389,0.015625,0.018672394
127,484.85107,997.2208,485.0648,997.2036,0.2137146,-0.017211914,0.21440658
127,406.50836,1214.0846,408.27258,1214.0754,1.7642212,-0.009155273,1.7642449
127,147.70935,1201.2817,147.67136,1201.9069,-0.037994385,0.6251221,0.6262756
127,438.23892,1211.2026,438.4913,1211.4113,0.25238037,0.20861816,0.32744068
127,178.5309,1128.6005,176.76166,1128.2319,-1.7692413,-0.36853027,1.8072159
127,475.98367,1214.7737,476.39114,1214.8971,0.4074707,0.123413086,0.4257501
127,430.3674,1215.512,430.7521,1215.6841,0.3847046,0.17211914,0.42145297
127,498.5701,1198.3469,498.7889,1198.7035,0.21881104,0.35656738,0.4183522
127,119.192825,444.64746,119.40282,444.42908,0.20999146,-0.21838379,0.30296516
127,324.3045,223.53336,324.42654,223.61942,0.122039795,0.08605957,0.14933172
127,515.5127,1057.8192,515.5735,1057.8712,0.060791016,0.052001953,0.07999844
127,502.0398,1130.486,502.1099,1130.9037,0.07009888,0.4177246,0.42356548
127,524.8163,506.03882,524.9615,506.22824,0.14520264,0.1894226,0.23867285
127,512.3236,222.35168,512.4712,222.48663,0.14758301,0.13494873,0.19997975
127,520.7583,372.82098,520.8903,372.9637,0.13201904,0.14273071,0.194425
127,440.11612,1215.9116,440.44012,1216.1375,0.32400513,0.22583008,0.39494118
127,525.1239,700.6047,525.3272,700.8037,0.2033081,0.19903564,0.28451604
127,518.49243,339.79446,518.5796,339.92773,0.0871582,0.13327026,0.15924042
127,474.39325,632.44244,474.47046,632.54987,0.07720947,0.107421875,0.13229044
127,522.53796,440.96075,522.66595,441.13135,0.12799072,0.17059326,0.21326904
127,520.6216,406.51718,520.7287,406.56732,0.1071167,0.05014038,0.11827107
127,422.2664,222.63252,422.2443,222.77753,-0.022094727,0.14500427,0.14667793
127,146.77097,718.98865,147.06334,723.59265,0.29237366,4.604004,4.613278
127,456.6438,222.36896,456.77438,222.3784,0.13058472,0.00944519,0.13092586
127,357.54413,224.4333,357.64233,224.52254,0.09820557,0.0892334,0.13269112
127,520.9028,570.62994,521.00323,570.7131,0.10046387,0.08312988,0.13039772
127,132.12749,227.2949,132.17587,227.37106,0.04838562,0.076156616,0.09022748
127,192.28229,226.72981,192.29568,226.73842,0.013397217,0.008605957,0.015923187
127,525.81934,473.68027,526.0735,473.76776,0.2541504,0.0874939,0.26878914
127,517.42285,276.84244,517.5167,276.9876,0.09387207,0.14517212,0.17287831
127,391.19003,223.39775,391.2365,223.36731,0.04647827,-0.030441284,0.055559892
127,528.8051,666.9198,528.9044,667.1033,0.0993042,0.18347168,0.2086221
127,123.69206,312.09164,123.87001,312.11456,0.177948,0.022918701,0.17941782
127,487.5451,1216.7909,487.70667,1216.961,0.16156006,0.17016602,0.23464468
127,259.9802,225.8519,260.03748,225.93199,0.057281494,0.080093384,0.09846888
127,487.18915,1216.1506,487.34616,1216.3145,0.15701294,0.16381836,0.22691302
127,516.6084,243.34026,516.8082,243.50246,0.1998291,0.16220093,0.2573729
127,481.8493,221.74956,481.87057,221.83994,0.021270752,0.09037781,0.092847146
127,517.20966,307.0237,517.3169,307.1555,0.10723877,0.1317749,0.16989638
127,522.2971,536.361,522.47894,536.4184,0.18182373,0.057373047,0.19066079
127,398.06308,1216.9596,399.33673,1217.1161,1.2736511,0.15649414,1.2832294
127,468.26013,1258.1643,468.283,1258.2418,0.022857666,0.07751465,0.08081456
128,485.0648,997.2036,485.06906,997.2209,0.004272461,0.01727295,0.0177935
128,408.27258,1214.0754,408.4834,1214.0513,0.21081543,-0.024169922,0.21219644
128,147.67136,1201.9069,147.63246,1202.1838,-0.038894653,0.27697754,0.2796951
128,438.4913,1211.4113,438.52194,1211.5001,0.030639648,0.08886719,0.094000876
128,176.76166,1128.2319,176.15222,1128.0819,-0.60943604,-0.15002441,0.6276301
128,476.39114,1214.8971,476.37906,1214.9648,-0.012084961,0.06774902,0.06881843
128,430.7521,1215.6841,430.7693,1215.7798,0.017181396,0.095703125,0.09723317
128,498.7889,1198.7035,498.6753,1198.7668,-0.11361694,0.06335449,0.1300869
128,119.40282,444.42908,119.37639,445.01184,-0.026428223,0.5827637,0.58336264
128,324.42654,223.61942,324.35898,223.62871,-0.06756592,0.009292603,0.068201944
128,515.5735,1057.8712,515.545,1057.9581,-0.028503418,0.08691406,0.09146857
128,502.1099,1130.9037,502.04712,1130.9188,-0.06277466,0.015136719,0.06457382
128,524.9615,506.22824,524.9341,506.242,-0.027404785,0.013763428,0.030666826
128,512.4712,222.48663,512.4594,222.5077,-0.011779785,0.021072388,0.024141435
128,520.8903,372.9637,520.8267,373.0638,-0.06359863,0.100097656,0.11859311
128,440.44012,1216.1375,440.48203,1216.227,0.041900635,0.08959961,0.09891286
128,525.3272,700.8037,525.25885,700.86664,-0.068359375,0.062927246,0.09291309
128,518.5796,339.92773,518.5525,340.03003,-0.02709961,0.10229492,0.10582363
128,474.47046,632.54987,474.35632,632.59125,-0.11413574,0.041381836,0.121406026
128,522.66595,441.13135,522.62714,441.1297,-0.03881836,-0.0016479492,0.038853325
128,520.7287,406.56732,520.6975,406.6413,-0.031188965,0.07397461,0.08028072
128,422.2443,222.77753,422.22427,222.8126,-0.020019531,0.035079956,0.040390406
128,147.06334,723.59265,147.05045,728.4098,-0.012893677,4.8171387,4.817156
128,456.77438,222.3784,456.7729,222.48148,-0.0014953613,0.10307312,0.10308397
128,357.64233,224.52254,357.567,224.61237,-0.0753479,0.08982849,0.11724532
128,521.00323,570.7131,521.0032,570.7355,-6.1035156e-05,0.022399902,0.022399986
128,132.17587,227.37106,132.16614,227.42844,-0.009735107,0.057373047,0.058193117
128,192.29568,226.73842,192.30449,226.88214,0.008804321,0.14372253,0.14399195
128,526.0735,473.76776,526.1371,473.83792,0.06359863,0.07015991,0.0946953
128,517.5167,276.9876,517.4845,277.0947,-0.032226562,0.10708618,0.111830235
128,391.2365,223.36731,391.2269,223.46164,-0.009613037,0.094329834,0.0948184
128,528.9044,667.1033,528.89136,667.13965,-0.013061523,0.036376953,0.038650822
128,123.87001,312.11456,123.73945,312.44553,-0.13056183,0.33096313,0.355785
128,487.70667,1216.961,487.46414,1217.0706,-0.2425232,0.10949707,0.26609606
128,260.03748,225.93199,260.0391,226.00275,0.0016174316,0.070755005,0.07077349
128,487.34616,1216.3145,487.10223,1216.395,-0.243927,0.080566406,0.25688776
128,516.8082,243.50246,516.8452,243.53375,0.036987305,0.031295776,0.048450865
128,481.87057,221.83994,481.87598,221.82874,0.0054016113,-0.011199951,0.012434481
128,517.3169,307.1555,517.24274,307.1911,-0.074157715,0.035614014,0.08226618
128,522.47894,536.4184,522.4582,536.40015,-0.020751953,-0.018249512,0.02763491
128,399.33673,1217.1161,399.6211,1217.0232,0.2843628,-0.09289551,0.29915175
128,468.283,1258.2418,468.3831,1258.2035,0.100097656,-0.038330078,0.10718552
129,485.06906,997.2209,485.08835,997.30945,0.01928711,0.08856201,0.09063786
129,408.4834,1214.0513,409.24884,1214.0731,0.7654419,0.021850586,0.7657537
129,147.63246,1202.1838,147.6403,1201.7534,0.007843018,-0.43041992,0.43049136
129,438.52194,1211.5001,438.51236,1211.5487,-0.0095825195,0.048583984,0.04951998
129,176.15222,1128.0819,167.63179,1123.208,-8.5204315,-4.8739014,9.81594
129,476.37906,1214.9648,476.29358,1215.0023,-0.08547974,0.037475586,0.09333383
129,430.7693,1215.7798,430.7825,1215.7919,0.013214111,0.012084961,0.017906955
129,498.6753,1198.7668,498.68768,1198.7047,0.012390137,-0.06213379,0.06335711
129,119.37639,445.01184,119.368706,444.8268,-0.0076828003,-0.18502808,0.18518752
129,324.35898,223.62871,324.3595,223.64453,0.0005187988,0.015823364,0.015831867
129,515.545,1057.9581,515.54034,1058.0342,-0.004638672,0.076049805,0.07619114
129,502.04712,1130.9188,502.04318,1130.8076,-0.0039367676,-0.111206055,0.11127572
129,524.9341,506.242,524.9391,506.3674,0.005004883,0.12539673,0.12549657
129,512.4594,222.5077,512.4625,222.5694,0.003112793,0.061691284,0.061769765
129,520.8267,373.0638,520.8262,373.17575,-0.0005493164,0.11193848,0.111939825
129,440.48203,1216.227,440.4639,1216.2896,-0.018127441,0.0625,0.065075755
129,525.25885,700.86664,525.2518,700.8945,-0.007080078,0.027832031,0.028718451
129,518.5525,340.03003,518.55383,340.06964,0.0013427734,0.039611816,0.03963457
129,474.35632,632.59125,474.37787,632.6477,0.02154541,0.05645752,0.060428936
129,522.62714,441.1297,522.6164,441.2335,-0.0107421875,0.10379028,0.1043447
129,520.6975,406.6413,520.69507,406.72244,-0.0024414062,0.08114624,0.08118296
129,422.22427,222.8126,422.21588,222.82544,-0.008392334,0.012832642,0.015333231
129,147.05045,728.4098,147.1645,738.9815,0.11405945,10.571716,10.572331
129,456.7729,222.48148,456.7822,222.49666,0.009307861,0.015182495,0.01780855
129,357.567,224.61237,357.55917,224.62167,-0.0078125,0.009307861,0.012152013
129,521.0032,570.7355,521.00104,570.77484,-0.0021362305,0.039367676,0.039425593
129,132.16614,227.42844,132.1571,227.43082,-0.009033203,0.002380371,0.00934157
129,192.30449,226.88214,192.29446,226.90364,-0.010025024,0.021499634,0.023722043
129,526.1371,473.83792,526.1492,473.8509,0.012084961,0.012969971,0.017727561
129,517.4845,277.0947,517.48816,277.13794,0.0036621094,0.04324341,0.043398194
129,391.2269,223.46164,391.21136,223.46022,-0.015533447,-0.0014190674,0.015598132
129,528.89136,667.13965,528.888,667.2177,-0.0033569336,0.078063965,0.07813611
129,123.73945,312.44553,123.805504,312.25836,0.0660553,-0.1871643,0.19847865
129,487.46414,1217.0706,487.44785,1217.086,-0.016296387,0.01550293,0.022492511
129,260.0391,226.00275,260.02374,226.05649,-0.015350342,0.053741455,0.055890758
129,487.10223,1216.395,487.06894,1216.4109,-0.033294678,0.01586914,0.036883127
129,516.8452,243.53375,516.81995,243.6649,-0.025268555,0.13114929,0.13356136
129,481.87598,221.82874,481.88065,221.85039,0.0046691895,0.021652222,0.022149945
129,517.24274,307.1911,517.2544,307.26077,0.011657715,0.06967163,0.07064021
129,522.4582,536.40015,522.41064,536.4603,-0.047546387,0.060180664,0.07669662
129,399.6211,1217.0232,400.2953,1217.0226,0.67419434,-0.00061035156,0.6741946
129,468.3831,1258.2035,468.50296,1258.2607,0.11987305,0.057250977,0.13284284
130,485.08835,997.30945,485.09808,997.33905,0.009735107,0.02960205,0.031161735
130,409.24884,1214.0731,408.59833,1214.0039,-0.6505127,-0.06921387,0.65418446
130,147.6403,1201.7534,146.40923,1201.6356,-1.2310791,-0.11779785,1.2367021
130,438.51236,1211.5487,438.5297,1211.4912,0.017333984,-0.057495117,0.060051274
130,167.63179,1123.208,161.71713,1121.2533,-5.9146576,-1.9547119,6.2292914
130,476.29358,1215.0023,476.29834,1214.9786,0.004760742,-0.02368164,0.024155429
130,430.7825,1215.7919,430.73257,1215.7344,-0.049926758,-0.057495117,0.07614703
130,498.68768,1198.7047,498.70938,1198.6539,0.021697998,-0.05078125,0.055222627
130,119.368706,444.8268,119.374435,444.79767,0.0057296753,-0.029144287,0.029702166
130,324.3595,223.64453,324.35925,223.64214,-0.00024414062,-0.0023956299,0.0024080381
130,515.54034,1058.0342,515.5238,1058.0333,-0.016540527,-0.0008544922,0.016562585
130,502.04318,1130.8076,502.05914,1130.9172,0.015960693,0.10961914,0.110774994
130,524.9391,506.3674,524.9439,506.3632,0.0048217773,-0.004211426,0.006402003
130,512.4625,222.5694,512.4637,222.56432,0.001159668,-0.0050811768,0.0052118315
130,520.8262,373.17575,520.8303,373.15543,0.0041503906,-0.020324707,0.020744143
130,440.4639,1216.2896,440.4545,1216.2322,-0.009399414,-0.057373047,0.0581379
130,525.2518,700.8945,525.24945,700.8826,-0.002319336,-0.01184082,0.012065833
130,518.55383,340.06964,518.5636,340.05814,0.009765625,-0.011505127,0.015090904
130,474.37787,632.6477,474.3788,632.6101,0.0009460449,-0.037597656,0.03760956
130,522.6164,441.2335,522.61273,441.23233,-0.0036621094,-0.001159668,0.0038413377
130,520.69507,406.72244,520.69775,406.71597,0.0026855469,-0.0064697266,0.007004964
130,422.21588,222.82544,422.2168,222.8258,0.00091552734,0.00036621094,0.0009860531
130,147.1645,738.9815,147.1369,743.9693,-0.02760315,4.987793,4.9878693
130,456.7822,222.49666,456.78207,222.49533,-0.00012207031,-0.0013275146,0.0013331153
130,357.55917,224.62167,357.55103,224.6174,-0.008148193,-0.004272461,0.009200379
130,521.00104,570.77484,521.0094,570.76624,0.008361816,-0.008605957,0.01199927
130,132.1571,227.43082,132.15887,227.43161,0.0017700195,0.00079345703,0.0019397276
130,192.29446,226.90364,192.29404,226.90323,-0.0004272461,-0.0004119873,0.0005935257
130,526.1492,473.8509,526.12897,473.84634,-0.020202637,-0.004547119,0.020708038
130,517.48816,277.13794,517.4862,277.1357,-0.001953125,-0.0022277832,0.0029627208
130,391.21136,223.46022,391.2088,223.45723,-0.0025634766,-0.0029907227,0.0039390144
130,528.888,667.2177,528.8877,667.2181,-0.00030517578,0.00036621094,0.00047669982
130,123.805504,312.25836,123.80234,312.23468,-0.0031661987,-0.02368164,0.023892362
130,487.44785,1217.086,487.46738,1217.0758,0.01953125,-0.010253906,0.022059292
130,260.02374,226.05649,260.02704,226.0491,0.0032958984,-0.007385254,0.0080873305
130,487.06894,1216.4109,487.0862,1216.4043,0.01727295,-0.006591797,0.01848801
130,516.81995,243.6649,516.82666,243.65486,0.006713867,-0.010040283,0.012078216
130,481.88065,221.85039,481.8809,221.84938,0.00024414062,-0.0010070801,0.0010362504
130,517.2544,307.26077,517.2562,307.261,0.0018310547,0.00021362305,0.0018434739
130,522.41064,536.4603,522.41406,536.46326,0.0034179688,0.0029296875,0.0045017307
130,400.2953,1217.0226,399.55576,1216.9713,-0.7395325,-0.05126953,0.7413075
130,468.50296,1258.2607,468.71054,1258.3517,0.20758057,0.09094238,0.2266279
131,485.09808,997.33905,484.98935,997.1029,-0.10873413,-0.23614502,0.25997612
131,408.59833,1214.0039,411.41757,1213.3773,2.8192444,-0.6265869,2.8880355
131,146.40923,1201.6356,122.10627,1119.4788,-24.302956,-82.15686,85.67604
131,438.5297,1211.4912,438.43045,1211.0339,-0.099243164,-0.4572754,0.46792093
131,161.71713,1121.2533,156.40204,1132.0541,-5.315094,10.800781,12.037737
131,476.29834,1214.9786,476.2097,1214.6556,-0.088653564,-0.32299805,0.33494356
131,430.73257,1215.7344,430.60214,1215.4225,-0.13043213,-0.31188965,0.3380646
131,498.70938,1198.6539,498.82584,1198.2965,0.11645508,-0.35742188,0.37591514
131,119.374435,444.79767,119.30186,444.4028,-0.07257843,-0.39486694,0.4014817
131,324.35925,223.64214,324.31818,223.39302,-0.04107666,-0.24911499,0.25247887
131,515.5238,1058.0333,515.59143,1057.6045,0.06762695,-0.428833,0.43413264
131,502.05914,1130.9172,502.20514,1130.1672,0.1459961,-0.75,0.7640778
131,524.9439,506.3632,524.9033,505.9838,-0.04058838,-0.37939453,0.38155946
131,512.4637,222.56432,512.3369,222.20003,-0.12677002,-0.36428833,0.38571572
131,520.8303,373.15543,520.80457,372.7816,-0.025756836,-0.37384033,0.37472656
131,440.4545,1216.2322,440.36075,1215.7439,-0.09375,-0.48828125,0.4971998
131,525.24945,700.8826,525.25055,700.5201,0.0010986328,-0.36254883,0.3625505
131,518.5636,340.05814,518.48596,339.67404,-0.07763672,-0.38409424,0.391862
131,474.3788,632.6101,474.607,632.4092,0.22817993,-0.20092773,0.30403623
131,522.61273,441.23233,522.5864,440.7937,-0.026306152,-0.43862915,0.43941727
131,520.69775,406.71597,520.6388,406.38663,-0.05895996,-0.3293457,0.33458164
131,422.2168,222.8258,422.25006,222.51788,0.03326416,-0.30792236,0.30971387
131,147.1369,743.9693,125.72496,745.60565,-21.411942,1.6363525,21.474379
131,456.78207,222.49533,456.5685,222.20757,-0.21356201,-0.2877655,0.35835418
131,357.55103,224.6174,357.4822,224.3117,-0.06881714,-0.30569458,0.3133448
131,521.0094,570.76624,520.961,570.44824,-0.04840088,-0.31799316,0.32165554
131,132.15887,227.43161,132.02798,227.17876,-0.1308899,-0.2528534,0.2847227
131,192.29404,226.90323,192.17802,226.58029,-0.11601257,-0.322937,0.34314317
131,526.12897,473.84634,526.0321,473.54123,-0.09686279,-0.30511475,0.32012093
131,517.4862,277.1357,517.4065,276.7603,-0.079711914,-0.37539673,0.38376647
131,391.2088,223.45723,391.19647,223.24574,-0.012329102,-0.21148682,0.21184589
131,528.8877,667.2181,528.8195,666.85913,-0.06817627,-0.35894775,0.36536488
131,123.80234,312.23468,123.727165,311.97256,-0.075172424,-0.26211548,0.2726819
131,487.46738,1217.0758,487.90305,1216.6571,0.43566895,-0.41870117,0.60425
131,260.02704,226.0491,259.9654,225.66876,-0.061645508,-0.38034058,0.38530394
131,487.0862,1216.4043,487.52774,1215.9695,0.44152832,-0.43481445,0.61968607
131,516.82666,243.65486,516.63684,243.25407,-0.18981934,-0.40078735,0.44346577
131,481.8809,221.84938,481.78235,221.5155,-0.09854126,-0.33387756,0.3481158
131,517.2562,307.261,517.1449,306.87027,-0.111328125,-0.39071655,0.4062676
131,522.41406,536.46326,522.4593,536.23737,0.04522705,-0.22589111,0.23037422
131,399.55576,1216.9713,396.20966,1216.9805,-3.3460999,0.009155273,3.3461125
131,468.71054,1258.3517,468.3201,1257.7067,-0.3904419,-0.64501953,0.7539861
132,484.98935,997.1029,485.33505,997.1805,0.34570312,0.07757568,0.3543002
132,411.41757,1213.3773,410.68347,1213.3165,-0.73410034,-0.060791016,0.7366131
132,122.10627,1119.4788,111.68112,1120.723,-10.425148,1.2442627,10.499138
132,438.43045,1211.0339,438.401,1210.9297,-0.029449463,-0.10424805,0.108327866
132,156.40204,1132.0541,137.53592,1132.3716,-18.86612,0.31750488,18.86879
132,476.2097,1214.6556,476.16275,1214.5687,-0.046936035,-0.08691406,0.098777756
132,430.60214,1215.4225,430.44876,1215.3038,-0.15338135,-0.118652344,0.19391806
132,498.82584,1198.2965,498.93948,1198.206,0.11364746,-0.0904541,0.14525044
132,119.30186,444.4028,119.1822,444.4306,-0.119659424,0.027801514,0.12284666
132,324.31818,223.39302,324.29205,223.35573,-0.026123047,-0.03729248,0.045531776
132,515.59143,1057.6045,515.7391,1057.5536,0.14764404,-0.05090332,0.1561727
132,502.20514,1130.1672,502.34796,1129.6696,0.14282227,-0.49768066,0.5177685
132,524.9033,505.9838,524.90735,505.8079,0.0040283203,-0.17590332,0.17594944
132,512.3369,222.20003,512.302,222.1201,-0.03491211,-0.07992554,0.087217815
132,520.80457,372.7816,520.78906,372.72827,-0.01550293,-0.05331421,0.05552248
132,440.36075,1215.7439,440.29553,1215.653,-0.065216064,-0.09094238,0.11190912
132,525.25055,700.5201,525.2486,700.4502,-0.001953125,-0.069885254,0.06991254
132,518.48596,339.67404,518.48425,339.58774,-0.0017089844,-0.08630371,0.08632063
132,474.607,632.4092,474.84308,632.33246,0.23608398,-0.07672119,0.24823737
132,522.5864,440.7937,522.59625,440.66205,0.00982666,-0.13165283,0.13201906
132,520.6388,406.38663,520.6592,406.35913,0.020385742,-0.027496338,0.03422904
132,422.25006,222.51788,422.27112,222.55132,0.021057129,0.033432007,0.03951078
132,125.72496,745.60565,126.06598,756.2855,0.34101868,10.679871,10.685314
132,456.5685,222.20757,456.5592,222.23589,-0.009307861,0.028320312,0.029810676
132,357.4822,224.3117,357.4667,224.32324,-0.01550293,0.0115356445,0.019323869
132,520.961,570.44824,520.95166,570.3949,-0.009338379,-0.053344727,0.054155935
132,132.02798,227.17876,132.0177,227.22723,-0.010284424,0.048477173,0.049556088
132,192.17802,226.58029,192.19225,226.56758,0.014221191,-0.012710571,0.019073566
132,526.0321,473.54123,525.9252,473.44498,-0.106933594,-0.09625244,0.1438726
132,517.4065,276.7603,517.4093,276.65378,0.0028076172,-0.106536865,0.10657386
132,391.19647,223.24574,391.23383,223.31833,0.037353516,0.07258606,0.081633456
132,528.8195,666.85913,528.8305,666.79395,0.010986328,-0.06518555,0.06610488
132,123.727165,311.97256,123.71429,311.90338,-0.012878418,-0.06918335,0.07037179
132,487.90305,1216.6571,488.22607,1216.525,0.32302856,-0.13208008,0.34898797
132,259.9654,225.66876,259.9012,225.65317,-0.06417847,-0.015594482,0.06604592
132,487.52774,1215.9695,487.77985,1215.8425,0.2521057,-0.12695312,0.28226653
132,516.63684,243.25407,516.58325,243.18004,-0.053588867,-0.074035645,0.09139498
132,481.78235,221.5155,481.8103,221.51805,0.027954102,0.0025482178,0.028070005
132,517.1449,306.87027,517.19104,306.75107,0.046142578,-0.11920166,0.12782086
132,522.4593,536.23737,522.49786,536.24567,0.03857422,0.008300781,0.039457235
132,396.20966,1216.9805,395.8878,1216.9586,-0.3218689,-0.021850586,0.32260972
132,468.3201,1257.7067,468.19226,1257.4491,-0.12783813,-0.25756836,0.28754833
133,485.33505,997.1805,485.30206,996.9421,-0.032989502,-0.23840332,0.24067499
133,410.68347,1213.3165,408.40604,1213.3027,-2.2774353,-0.013793945,2.277477
133,111.68112,1120.723,82.76894,1123.7031,-28.912178,2.9801025,29.065357
133,438.401,1210.9297,438.5325,1210.4537,0.13150024,-0.47595215,0.49378413
133,137.53592,1132.3716,107.986694,1140.6284,-29.549225,8.256836,30.681135
133,476.16275,1214.5687,476.08508,1214.1345,-0.07766724,-0.4342041,0.44109568
133,430.44876,1215.3038,430.44992,1214.8658,0.001159668,-0.43798828,0.4379898
133,498.93948,1198.206,499.30664,1197.3564,0.36715698,-0.8496094,0.9255487
133,119.1822,444.4306,119.38313,462.9182,0.20093536,18.48761,18.4887
133,324.29205,223.35573,324.372,223.15617,0.079956055,-0.19955444,0.21497662
133,515.7391,1057.5536,516.0876,1057.1633,0.34851074,-0.3902588,0.5232224
133,502.34796,1129.6696,502.6617,1129.0536,0.31375122,-0.6159668,0.69127053
133,524.90735,505.8079,524.9953,505.32257,0.08795166,-0.48532104,0.4932261
133,512.302,222.1201,512.3562,221.59505,0.05419922,-0.52505493,0.5278449
133,520.78906,372.72827,520.8656,372.25858,0.076538086,-0.46969604,0.47589123
133,440.29553,1215.653,440.38193,1215.2014,0.08639526,-0.4515381,0.45972905
133,525.2486,700.4502,525.3118,699.7287,0.06323242,-0.7214966,0.7242622
133,518.48425,339.58774,518.58923,339.14685,0.10498047,-0.44088745,0.4532137
133,474.84308,632.33246,475.4042,631.70844,0.5611267,-0.62402344,0.83920705
133,522.59625,440.66205,522.69415,440.09842,0.09790039,-0.56362915,0.57206845
133,520.6592,406.35913,520.78357,405.82138,0.12438965,-0.53775024,0.5519494
133,422.27112,222.55132,422.2882,222.19725,0.017089844,-0.35406494,0.35447714
133,126.06598,756.2855,116.45989,621.2862,-9.606087,-134.99933,135.34067
133,456.5592,222.23589,456.62082,221.83583,0.06161499,-0.40005493,0.40477198
133,357.4667,224.32324,357.53537,224.1383,0.06866455,-0.18493652,0.19727224
133,520.95166,570.3949,521.0017,569.80707,0.050048828,-0.5878296,0.58995634
133,132.0177,227.22723,132.0451,227.03935,0.027404785,-0.18788147,0.18986961
133,192.19225,226.56758,192.17892,226.4071,-0.013320923,-0.16047668,0.16102861
133,525.9252,473.44498,525.7868,472.93726,-0.1383667,-0.50772095,0.5262375
133,517.4093,276.65378,517.45703,276.18005,0.047729492,-0.47372437,0.47612277
133,391.23383,223.31833,391.27585,223.01347,0.042022705,-0.30485535,0.30773804
133,528.8305,666.79395,528.97754,666.16345,0.14703369,-0.63049316,0.64741063
133,123.71429,311.90338,123.81964,311.2486,0.10535431,-0.65478516,0.6632067
133,488.22607,1216.525,488.66537,1216.0815,0.43930054,-0.44348145,0.6242281
133,259.9012,225.65317,259.9811,225.52385,0.07989502,-0.12931824,0.15200797
133,487.77985,1215.8425,488.15082,1215.3815,0.37097168,-0.46105957,0.5917735
133,516.58325,243.18004,516.5813,242.64595,-0.001953125,-0.53408813,0.5340917
133,481.8103,221.51805,481.97992,221.26819,0.1696167,-0.24986267,0.30199534
133,517.19104,306.75107,517.31934,306.16995,0.1282959,-0.5811157,0.59510946
133,522.49786,536.24567,522.62396,535.6815,0.12609863,-0.56414795,0.57806903
133,395.8878,1216.9586,392.90555,1216.825,-2.9822388,-0.13366699,2.9852328
133,468.19226,1257.4491,469.84256,1256.998,1.6502991,-0.4510498,1.7108282
134,485.30206,996.9421,485.1117,996.9393,-0.19036865,-0.0028076172,0.19038935
134,408.40604,1213.3027,409.67865,1213.165,1.2726135,-0.13769531,1.2800411
134,82.76894,1123.7031,62.838642,1125.8682,-19.930302,2.165039,20.047552
134,438.5325,1210.4537,438.5161,1210.291,-0.01638794,-0.16271973,0.16354288
134,107.986694,1140.6284,94.25151,1147.3937,-13.735184,6.765259,15.310911
134,476.08508,1214.1345,476.02466,1213.999,-0.060424805,-0.13549805,0.14836064
134,430.44992,1214.8658,430.28018,1214.7345,-0.16973877,-0.13134766,0.21462399
134,499.30664,1197.3564,499.49548,1197.2559,0.18884277,-0.10058594,0.21396057
134,119.38313,462.9182,119.24381,462.65848,-0.13932037,-0.2597351,0.2947414
134,324.372,223.15617,324.337,223.11366,-0.035003662,-0.042510986,0.0550676
134,516.0876,1057.1633,516.2866,1057.0942,0.19903564,-0.0690918,0.21068665
134,502.6617,1129.0536,502.8686,1128.7236,0.20687866,-0.32995605,0.38944805
134,524.9953,505.32257,524.9529,505.1404,-0.042419434,-0.18215942,0.18703333
134,512.3562,221.59505,512.2726,221.51642,-0.083618164,-0.07862854,0.11477999
134,520.8656,372.25858,520.8664,372.19464,0.00079345703,-0.063934326,0.06393925
134,440.38193,1215.2014,440.2987,1215.021,-0.083221436,-0.18041992,0.19868858
134,525.3118,699.7287,525.3546,699.70044,0.042785645,-0.028259277,0.051275708
134,518.58923,339.14685,518.5969,339.12946,0.0076904297,-0.01739502,0.019019185
134,475.4042,631.70844,475.71628,631.44025,0.31207275,-0.26818848,0.4114784
134,522.69415,440.09842,522.7655,440.05692,0.0713501,-0.041503906,0.08254339
134,520.78357,405.82138,520.8071,405.85837,0.02355957,0.036987305,0.043853324
134,422.2882,222.19725,422.32306,222.24292,0.034851074,0.045669556,0.057448287
134,116.45989,621.2862,116.32564,621.32666,-0.13425446,0.04046631,0.14022048
134,456.62082,221.83583,456.5863,221.88206,-0.03451538,0.04623413,0.057696674
134,357.53537,224.1383,357.54105,224.15833,0.0056762695,0.020019531,0.020808693
134,521.0017,569.80707,521.04645,569.7254,0.04473877,-0.08166504,0.09311679
134,132.0451,227.03935,132.01624,227.0308,-0.028869629,-0.008544922,0.03010766
134,192.17892,226.4071,192.13583,226.46838,-0.04309082,0.061279297,0.07491309
134,525.7868,472.93726,525.62006,472.81177,-0.16674805,-0.12548828,0.20869169
134,517.45703,276.18005,517.4793,276.1056,0.022277832,-0.07446289,0.077724025
134,391.27585,223.01347,391.37485,223.05753,0.09899902,0.044052124,0.10835772
134,528.97754,666.16345,529.00574,666.0547,0.028198242,-0.10876465,0.11236054
134,123.81964,311.2486,123.75353,311.2785,-0.0661087,0.029907227,0.07255896
134,488.66537,1216.0815,489.1715,1215.9371,0.50613403,-0.14440918,0.5263323
134,259.9811,225.52385,259.9353,225.50409,-0.045806885,-0.019760132,0.049887206
134,488.15082,1215.3815,488.60043,1215.2511,0.44961548,-0.1303711,0.46813536
134,516.5813,242.64595,516.365,242.31009,-0.2163086,-0.3358612,0.39948985
134,481.97992,221.26819,482.023,221.28351,0.04309082,0.015319824,0.045733094
134,517.31934,306.16995,517.379,306.09552,0.059692383,-0.07443237,0.095411524
134,522.62396,535.6815,522.65106,535.7329,0.02709961,0.0513916,0.058098927
134,392.90555,1216.825,391.47632,1216.8104,-1.4292297,-0.014526367,1.4293035
134,469.84256,1256.998,469.47345,1256.6144,-0.3691101,-0.383667,0.5323933
135,485.1117,996.9393,484.31985,997.095,-0.7918396,0.15570068,0.80700225
135,409.67865,1213.165,438.58054,1209.8711,28.901886,-3.2939453,29.088985
135,62.838642,1125.8682,18.103682,1131.29,-44.734962,5.421875,45.062332
135,438.5161,1210.291,438.5016,1210.3071,-0.014526367,0.016113281,0.021694543
135,94.25151,1147.3937,44.82327,1139.765,-49.42824,-7.628662,50.013474
135,476.02466,1213.999,475.93237,1213.9508,-0.092285156,-0.048217773,0.10412254
135,430.28018,1214.7345,430.1069,1214.7888,-0.17327881,0.05432129,0.18159391
135,499.49548,1197.2559,499.6334,1197.3276,0.13790894,0.071777344,0.1554698
135,119.24381,462.65848,123.76436,621.0693,4.520546,158.4108,158.47528
135,324.337,223.11366,324.34888,223.27386,0.011871338,0.16020203,0.16064127
135,516.2866,1057.0942,516.51227,1057.0476,0.22564697,-0.04663086,0.23041482
135,502.8686,1128.7236,502.9542,1128.3699,0.08560181,-0.35375977,0.3639693
135,524.9529,505.1404,524.9506,505.10077,-0.0022583008,-0.039642334,0.039706606
135,512.2726,221.51642,512.1094,221.58978,-0.16320801,0.07336426,0.178939
135,520.8664,372.19464,520.8059,372.16165,-0.06048584,-0.032989502,0.068897344
135,440.2987,1215.021,440.20328,1215.053,-0.09542847,0.031982422,0.10064526
135,525.3546,699.70044,525.2825,699.6067,-0.072143555,-0.09375,0.1182952
135,518.5969,339.12946,518.5758,339.10934,-0.021118164,-0.020111084,0.029162176
135,475.71628,631.44025,475.9995,631.23755,0.28323364,-0.20269775,0.3482925
135,522.7655,440.05692,522.6966,439.93033,-0.06890869,-0.12658691,0.14412722
135,520.8071,405.85837,520.7822,405.87335,-0.024902344,0.014984131,0.029062878
135,422.32306,222.24292,422.29544,222.47316,-0.027618408,0.23023987,0.23189043
135,116.32564,621.32666,116.149536,621.3033,-0.17610168,-0.023376465,0.17764644
135,456.5863,221.88206,456.49176,222.08751,-0.09454346,0.20544434,0.22615446
135,357.54105,224.15833,357.5331,224.28717,-0.00793457,0.12884521,0.1290893
135,521.04645,569.7254,520.98914,569.6707,-0.05731201,-0.0546875,0.07921735
135,132.01624,227.0308,132.03775,227.21999,0.021514893,0.18917847,0.19039795
135,192.13583,226.46838,192.06491,226.70627,-0.07092285,0.23788452,0.24823193
135,525.62006,472.81177,525.40356,472.859,-0.2164917,0.04724121,0.22158608
135,517.4793,276.1056,517.46655,276.108,-0.012756348,0.0024108887,0.012982172
135,391.37485,223.05753,391.4369,223.34538,0.062042236,0.28785706,0.29446718
135,529.00574,666.0547,528.90283,665.9595,-0.10290527,-0.095214844,0.14019758
135,123.75353,311.2785,123.68478,311.32828,-0.0687561,0.04977417,0.08488151
135,489.1715,1215.9371,489.64688,1215.9021,0.4753723,-0.03503418,0.47666153
135,259.9353,225.50409,259.838,225.68332,-0.09729004,0.17922974,0.20393296
135,488.60043,1215.2511,489.07416,1215.2305,0.47372437,-0.020629883,0.47417337
135,516.365,242.31009,516.1443,242.34605,-0.22070312,0.035964966,0.22361429
135,482.023,221.28351,482.114,221.4808,0.09100342,0.19729614,0.21727261
135,517.379,306.09552,517.39,306.06216,0.010986328,-0.033355713,0.035118412
135,522.65106,535.7329,522.68256,535.78467,0.03149414,0.051757812,0.060586732
135,391.47632,1216.8104,391.71512,1216.8273,0.23880005,0.016845703,0.23939349
135,469.47345,1256.6144,469.1137,1256.4398,-0.3597412,-0.17456055,0.3998564
136,484.31985,997.095,484.50504,997.31396,0.18518066,0.21899414,0.28679314
136,438.58054,1209.8711,438.60645,1209.9829,0.025909424,0.111816406,0.11477895
136,438.5016,1210.3071,438.52502,1210.4058,0.0234375,0.09863281,0.10137923
136,44.82327,1139.765,21.378181,1143.0995,-23.445087,3.3344727,23.681023
136,475.93237,1213.9508,475.87497,1214.0918,-0.057403564,0.14099121,0.15222907
136,430.1069,1214.7888,430.00305,1214.9567,-0.10385132,0.16784668,0.1973768
136,499.6334,1197.3276,499.84253,1197.1277,0.20913696,-0.19995117,0.2893419
136,123.76436,621.0693,123.71161,621.25903,-0.052749634,0.1897583,0.19695364
136,324.34888,223.27386,324.3127,223.5378,-0.03616333,0.26393127,0.26639727
136,516.51227,1057.0476,516.6921,1057.2856,0.17980957,0.23803711,0.2983172
136,502.9542,1128.3699,503.19153,1128.1674,0.2373352,-0.20251465,0.31199387
136,524.9506,505.10077,524.9591,505.08395,0.008483887,-0.016815186,0.018834192
136,512.1094,221.58978,512.0341,221.64697,-0.07525635,0.05718994,0.094520934
136,520.8059,372.16165,520.8761,372.23492,0.07019043,0.073272705,0.10146716
136,440.20328,1215.053,440.13193,1215.1835,-0.0713501,0.13049316,0.1487256
136,525.2825,699.6067,525.26965,699.7251,-0.012817383,0.1184082,0.11909991
136,518.5758,339.10934,518.58276,339.13956,0.006958008,0.030212402,0.031003276
136,475.9995,631.23755,476.43613,631.24207,0.436615,0.0045166016,0.43663836
136,522.6966,439.93033,522.7371,439.92062,0.040527344,-0.00970459,0.041673068
136,520.7822,405.87335,520.796,405.95453,0.013793945,0.08117676,0.08234038
136,422.29544,222.47316,422.38525,222.74864,0.08981323,0.27548218,0.28975308
136,116.149536,621.3033,116.17169,621.3541,0.022155762,0.050842285,0.055460036
136,456.49176,222.08751,456.42758,222.35013,-0.06417847,0.26261902,0.27034724
136,357.5331,224.28717,357.5549,224.52237,0.02178955,0.23519897,0.23620614
136,520.98914,569.6707,521.0325,569.774,0.04333496,0.103271484,0.11199517
136,132.03775,227.21999,132.01537,227.54602,-0.022384644,0.32603455,0.32680207
136,192.06491,226.70627,192.04007,227.00114,-0.024841309,0.2948761,0.29592058
136,525.40356,472.859,525.3263,472.87668,-0.07727051,0.017669678,0.07926506
136,517.46655,276.108,517.5272,276.18744,0.060668945,0.079437256,0.099954985
136,391.4369,223.34538,391.56213,223.6319,0.12524414,0.28651428,0.3126924
136,528.90283,665.9595,528.9387,665.9296,0.035888672,-0.029846191,0.04667753
136,123.68478,311.32828,123.7148,311.38202,0.030021667,0.053741455,0.061558463
136,489.64688,1215.9021,489.99136,1215.9725,0.34448242,0.07043457,0.3516094
136,259.838,225.68332,259.96933,225.95554,0.13131714,0.2722168,0.3022353
136,489.07416,1215.2305,489.42337,1215.3374,0.34921265,0.106933594,0.3652181
136,516.1443,242.34605,516.02783,242.32346,-0.11645508,-0.022598267,0.11862743
136,482.114,221.4808,482.21286,221.72179,0.098846436,0.24098206,0.2604668
136,517.39,306.06216,517.44324,306.0861,0.053222656,0.023925781,0.058353186
136,522.68256,535.78467,522.73083,535.96155,0.04827881,0.17687988,0.18335031
136,391.71512,1216.8273,392.53384,1216.9045,0.8187256,0.07727051,0.82236385
136,469.1137,1256.4398,469.23428,1255.9702,0.12057495,-0.4696045,0.4848368
137,484.50504,997.31396,484.09885,997.84406,-0.40618896,0.53009033,0.6678212
137,438.60645,1209.9829,438.55276,1210.3239,-0.05368042,0.34094238,0.34514242
137,438.52502,1210.4058,438.46317,1210.7233,-0.06185913,0.31750488,0.32347474
137,475.87497,1214.0918,475.89188,1214.4757,0.016906738,0.38391113,0.3842832
137,430.00305,1214.9567,429.78424,1215.3293,-0.21881104,0.37268066,0.43216795
137,499.84253,1197.1277,500.0501,1197.4833,0.20758057,0.35559082,0.4117457
137,123.71161,621.25903,123.60301,621.6695,-0.1085968,0.41046143,0.42458433
137,324.3127,223.5378,324.29837,224.18997,-0.014343262,0.6521759,0.6523336
137,516.6921,1057.2856,517.17645,1057.5629,0.484375,0.27722168,0.5580959
137,503.19153,1128.1674,503.3952,1128.2495,0.20367432,0.08215332,0.21961875
137,524.9591,505.08395,524.9244,505.3447,-0.034729004,0.2607422,0.26304483
137,512.0341,221.64697,511.85498,222.2176,-0.17913818,0.57063293,0.59809065
137,520.8761,372.23492,520.8278,372.52563,-0.04827881,0.29071045,0.29469207
137,440.13193,1215.1835,439.97272,1215.509,-0.1592102,0.32556152,0.3624061
137,525.26965,699.7251,525.30414,700.04694,0.034484863,0.32183838,0.3236806
137,518.58276,339.13956,518.58057,339.32407,-0.0021972656,0.18450928,0.18452236
137,476.43613,631.24207,476.78915,631.4794,0.35302734,0.23730469,0.42537257
137,522.7371,439.92062,522.73456,440.36005,-0.0025634766,0.4394226,0.4394301
137,520.796,405.95453,520.8076,406.3932,0.01159668,0.43865967,0.4388129
137,422.38525,222.74864,422.37253,223.51984,-0.01272583,0.77119446,0.7712994
137,116.17169,621.3541,116.06326,621.5263,-0.108428955,0.17218018,0.2034769
137,456.42758,222.35013,456.43073,223.03104,0.0031433105,0.6809082,0.6809155
137,357.5549,224.52237,357.59668,225.24219,0.041778564,0.7198181,0.7210295
137,521.0325,569.774,521.0072,570.2196,-0.025268555,0.44561768,0.44633353
137,132.01537,227.54602,131.96756,228.25798,-0.047805786,0.71195984,0.7135631
137,192.04007,227.00114,191.9894,227.68684,-0.05067444,0.68569946,0.6875694
137,525.3263,472.87668,525.15686,473.27304,-0.1694336,0.3963623,0.43105778
137,517.5272,276.18744,517.52893,276.49103,0.0017089844,0.30358887,0.30359367
137,391.56213,223.6319,391.58774,224.50789,0.025604248,0.8759918,0.87636596
137,528.9387,665.9296,528.9455,666.34875,0.0067749023,0.41912842,0.41918316
137,123.7148,311.38202,123.66979,312.08456,-0.0450058,0.70254517,0.7039852
137,489.99136,1215.9725,490.35626,1216.293,0.36489868,0.32043457,0.48562267
137,259.96933,225.95554,259.88135,226.65013,-0.08798218,0.69459534,0.70014536
137,489.42337,1215.3374,489.85913,1215.6764,0.4357605,0.33898926,0.5520878
137,516.02783,242.32346,515.8546,242.61331,-0.17321777,0.28985596,0.33766976
137,482.21286,221.72179,482.20712,222.39272,-0.0057373047,0.67092896,0.67095345
137,517.44324,306.0861,517.47314,306.45074,0.029907227,0.36465454,0.3658789
137,522.73083,535.96155,522.76166,536.414,0.030822754,0.4524536,0.45350227
137,392.53384,1216.9045,392.95697,1217.2172,0.42312622,0.31262207,0.52608776
137,469.23428,1255.9702,469.4608,1255.6969,0.22650146,-0.27331543,0.35497075
138,484.09885,997.84406,483.85452,998.0775,-0.24432373,0.23345947,0.33793107
138,438.55276,1210.3239,438.58197,1210.5353,0.029205322,0.21142578,0.21343338
138,438.46317,1210.7233,438.48685,1210.9432,0.02368164,0.2199707,0.22124179
138,475.89188,1214.4757,475.86234,1214.6512,-0.029541016,0.17553711,0.17800547
138,429.78424,1215.3293,429.8012,1215.5057,0.016967773,0.1763916,0.17720582
138,500.0501,1197.4833,500.2641,1197.2954,0.21398926,-0.18786621,0.28475448
138,123.60301,621.6695,123.52181,621.7497,-0.081199646,0.080200195,0.11412911
138,324.29837,224.18997,324.2883,224.47502,-0.010070801,0.28504944,0.28522727
138,517.17645,1057.5629,517.33777,1057.8995,0.16131592,0.33666992,0.3733222
138,503.3952,1128.2495,503.59735,1128.2632,0.20214844,0.013671875,0.20261024
138,524.9244,505.3447,524.9199,505.5315,-0.0044555664,0.1867981,0.18685122
138,511.85498,222.2176,511.68787,222.35194,-0.16711426,0.13433838,0.21441543
138,520.8278,372.52563,520.8397,372.65897,0.0119018555,0.1333313,0.13386145
138,439.97272,1215.509,440.00952,1215.7131,0.0368042,0.20410156,0.20739333
138,525.30414,700.04694,525.29083,700.195,-0.013305664,0.14807129,0.14866792
138,518.58057,339.32407,518.6226,339.49017,0.042053223,0.16610718,0.1713478
138,476.78915,631.4794,476.98175,631.5855,0.19259644,0.10614014,0.21990706
138,522.73456,440.36005,522.72144,440.42313,-0.013122559,0.063079834,0.064430326
138,520.8076,406.3932,520.8451,406.54596,0.037475586,0.152771,0.15730034
138,422.37253,223.51984,422.3974,223.8541,0.024871826,0.33425903,0.33518308
138,116.06326,621.5263,116.006645,621.6775,-0.056617737,0.15118408,0.1614379
138,456.43073,223.03104,456.29398,223.36414,-0.13674927,0.33309937,0.36007714
138,357.59668,225.24219,357.5769,225.46394,-0.01977539,0.22175598,0.22263598
138,521.0072,570.2196,521.0111,570.3397,0.00390625,0.12011719,0.12018069
138,131.96756,228.25798,131.93153,228.55782,-0.036026,0.2998352,0.30199176
138,191.9894,227.68684,191.93947,228.04446,-0.049926758,0.35762024,0.3610885
138,525.15686,473.27304,525.07544,473.4286,-0.0814209,0.1555481,0.17556928
138,517.52893,276.49103,517.5497,276.63965,0.020751953,0.1486206,0.15006241
138,391.58774,224.50789,391.6185,224.86044,0.030761719,0.35255432,0.35389382
138,528.9455,666.34875,528.9086,666.36523,-0.036865234,0.016479492,0.040380925
138,123.66979,312.08456,123.6584,312.306,-0.011390686,0.22143555,0.22172832
138,490.35626,1216.293,490.69513,1216.4501,0.3388672,0.15710449,0.37351412
138,259.88135,226.65013,259.85284,227.02151,-0.028503418,0.37138367,0.37247586
138,489.85913,1215.6764,490.22455,1215.8416,0.36541748,0.16516113,0.4010089
138,515.8546,242.61331,515.67737,242.72578,-0.1772461,0.112472534,0.20991963
138,482.20712,222.39272,482.21536,222.67294,0.008239746,0.28022766,0.28034878
138,517.47314,306.45074,517.51575,306.54166,0.04260254,0.090911865,0.10039892
138,522.76166,536.414,522.7956,536.5416,0.033935547,0.12762451,0.13205922
138,392.95697,1217.2172,394.28882,1217.3105,1.3318481,0.09338379,1.3351179
138,469.4608,1255.6969,469.22113,1255.9055,-0.23965454,0.20861816,0.3177355
139,483.85452,998.0775,483.47754,998.8481,-0.37698364,0.77056885,0.8578421
139,438.58197,1210.5353,438.591,1211.2468,0.009033203,0.71154785,0.7116052
139,438.48685,1210.9432,438.5019,1211.637,0.015045166,0.6937256,0.6938887
139,475.86234,1214.6512,475.96368,1215.301,0.10134888,0.6497803,0.6576367
139,429.8012,1215.5057,429.62793,1216.2264,-0.17327881,0.7207031,0.7412412
139,500.2641,1197.2954,500.43118,1197.774,0.16708374,0.4786377,0.50696254
139,123.52181,621.7497,123.43855,622.5669,-0.08325958,0.8171997,0.82143015
139,324.2883,224.47502,324.291,225.37625,0.0026855469,0.90122986,0.90123385
139,517.33777,1057.8995,517.564,1058.6243,0.22625732,0.72473145,0.7592286
139,503.59735,1128.2632,503.7948,1128.7396,0.19744873,0.47644043,0.51573396
139,524.9199,505.5315,524.9143,506.16382,-0.0056152344,0.6323242,0.63234913
139,511.68787,222.35194,511.54745,223.16653,-0.14041138,0.81459045,0.8266033
139,520.8397,372.65897,520.8096,373.37668,-0.030151367,0.7177124,0.71834546
139,440.00952,1215.7131,439.89124,1216.4567,-0.11828613,0.7435303,0.7528804
139,525.29083,700.195,525.28766,700.8901,-0.0031738281,0.69506836,0.69507563
139,518.6226,339.49017,518.55585,340.2207,-0.06677246,0.7305298,0.73357505
139,476.98175,631.5855,477.11102,632.3259,0.12927246,0.7404175,0.75161785
139,522.72144,440.42313,522.70856,441.06317,-0.012878418,0.64004517,0.6401747
139,520.8451,406.54596,520.7787,407.33066,-0.06640625,0.7846985,0.78750336
139,422.3974,223.8541,422.3651,224.69353,-0.032287598,0.83943176,0.8400525
139,116.006645,621.6775,115.919464,622.34265,-0.08718109,0.66516113,0.6708501
139,456.29398,223.36414,456.291,224.28004,-0.0029907227,0.9159088,0.9159137
139,357.5769,225.46394,357.57565,226.41122,-0.0012512207,0.9472809,0.9472817
139,521.0111,570.3397,521.0502,571.0521,0.0390625,0.71240234,0.7134725
139,131.93153,228.55782,131.92642,229.52884,-0.0051116943,0.97102356,0.97103703
139,191.93947,228.04446,191.90529,228.96674,-0.034179688,0.9222717,0.92290485
139,525.07544,473.4286,525.0096,474.04623,-0.06585693,0.61764526,0.6211464
139,517.5497,276.63965,517.54456,277.41302,-0.005126953,0.77337646,0.77339345
139,391.6185,224.86044,391.60403,225.7678,-0.014465332,0.9073639,0.9074792
139,528.9086,666.36523,528.9059,666.91437,-0.002746582,0.5491333,0.54914016
139,123.6584,312.306,123.57483,312.9266,-0.08357239,0.62060547,0.62620723
139,490.69513,1216.4501,491.15057,1217.1383,0.45544434,0.6882324,0.8252838
139,259.85284,227.02151,259.7626,227.91167,-0.09024048,0.890152,0.8947144
139,490.22455,1215.8416,490.58328,1216.5544,0.35873413,0.7128906,0.79806215
139,515.67737,242.72578,515.5282,243.35356,-0.14916992,0.6277771,0.64525634
139,482.21536,222.67294,482.2666,223.59763,0.051239014,0.9246826,0.9261012
139,517.51575,306.54166,517.49963,307.24814,-0.016113281,0.70648193,0.70666564
139,522.7956,536.5416,522.82056,537.2555,0.024963379,0.7138672,0.71430355
139,394.28882,1217.3105,393.9135,1218.0216,-0.37530518,0.7110596,0.8040272
139,469.22113,1255.9055,469.49023,1255.895,0.269104,-0.010498047,0.2693087
140,483.47754,998.8481,483.31442,999.1452,-0.16311646,0.29711914,0.3389495
140,438.591,1211.2468,438.59714,1211.5071,0.006134033,0.2602539,0.26032618
140,438.5019,1211.637,438.50253,1211.9026,0.00064086914,0.265625,0.26562577
140,475.96368,1215.301,475.95587,1215.5725,-0.0078125,0.27148438,0.27159676
140,429.62793,1216.2264,429.5464,1216.4825,-0.08154297,0.25610352,0.26877177
140,500.43118,1197.774,500.58063,1197.7881,0.14944458,0.014038086,0.15010247
140,123.43855,622.5669,123.30267,622.84894,-0.13587952,0.28204346,0.31306827
140,324.291,225.37625,324.18793,225.79863,-0.10305786,0.42237854,0.43476954
140,517.564,1058.6243,517.66907,1058.9254,0.105041504,0.30114746,0.31894124
140,503.7948,1128.7396,503.77386,1128.9535,-0.020935059,0.21386719,0.21488939
140,524.9143,506.16382,524.7917,506.33868,-0.12261963,0.17486572,0.2135734
140,511.54745,223.16653,511.40012,223.4169,-0.14733887,0.2503662,0.29050297
140,520.8096,373.37668,520.7229,373.5394,-0.08666992,0.16271973,0.1843621
140,439.89124,1216.4567,439.81006,1216.7161,-0.08117676,0.2593994,0.27180457
140,525.28766,700.8901,525.2934,701.01276,0.0057373047,0.122680664,0.122814745
140,518.55585,340.2207,518.4844,340.4567,-0.07147217,0.23599243,0.24657798
140,477.11102,632.3259,477.31046,632.3657,0.19943237,0.039794922,0.20336397
140,522.70856,441.06317,522.63934,441.15958,-0.06921387,0.09640503,0.11867809
140,520.7787,407.33066,520.7051,407.51437,-0.0736084,0.18371582,0.19791336
140,422.3651,224.69353,422.32663,225.21765,-0.038482666,0.52412415,0.525535
140,115.919464,622.34265,115.81326,622.43066,-0.10620117,0.088012695,0.13793087
140,456.291,224.28004,456.2093,224.77057,-0.08169556,0.4905243,0.49728087
140,357.57565,226.41122,357.53387,226.9451,-0.041778564,0.5338745,0.5355067
140,521.0502,571.0521,520.91895,571.11237,-0.13122559,0.0602417,0.14439258
140,131.92642,229.52884,131.83002,229.83824,-0.09640503,0.30940247,0.3240738
140,191.90529,228.96674,191.84659,229.46216,-0.05870056,0.49542236,0.49888784
140,525.0096,474.04623,524.8914,474.2275,-0.11816406,0.18127441,0.2163866
140,517.54456,277.41302,517.4453,277.6572,-0.099243164,0.24417114,0.26356927
140,391.60403,225.7678,391.61444,226.32912,0.010406494,0.5613098,0.5614063
140,528.9059,666.91437,528.87866,667.1219,-0.02722168,0.20751953,0.20929734
140,123.57483,312.9266,123.50525,312.98483,-0.06958008,0.05822754,0.09072945
140,491.15057,1217.1383,491.46664,1217.382,0.31607056,0.24365234,0.39908278
140,259.7626,227.91167,259.67566,228.43651,-0.08694458,0.5248413,0.5319941
140,490.58328,1216.5544,490.9063,1216.7985,0.32302856,0.24401855,0.4048364
140,515.5282,243.35356,515.2814,243.43948,-0.24682617,0.08592224,0.26135376
140,482.2666,223.59763,482.22037,224.04279,-0.04623413,0.4451599,0.4475544
140,517.49963,307.24814,517.45496,307.43994,-0.044677734,0.19180298,0.19693775
140,522.82056,537.2555,522.78015,537.4579,-0.040405273,0.20239258,0.20638639
140,393.9135,1218.0216,393.98325,1218.2598,0.069732666,0.23815918,0.2481581
140,469.49023,1255.895,469.44205,1256.1024,-0.048187256,0.20739746,0.21292186
141,483.31442,999.1452,483.21994,999.2781,-0.09448242,0.13287354,0.1630408
141,438.59714,1211.5071,438.60242,1211.6294,0.005279541,0.12231445,0.12242834
141,438.50253,1211.9026,438.50598,1212.0321,0.0034484863,0.1295166,0.1295625
141,475.95587,1215.5725,475.7984,1215.7576,-0.1574707,0.1850586,0.24298911
141,429.5464,1216.4825,429.49002,1216.6073,-0.056365967,0.12475586,0.13689831
141,500.58063,1197.7881,500.66376,1198.0048,0.08312988,0.2166748,0.23207444
141,123.30267,622.84894,123.27786,622.78033,-0.024810791,-0.068603516,0.07295216
141,324.18793,225.79863,324.21478,225.91563,0.026855469,0.117004395,0.12004685
141,517.66907,1058.9254,517.78015,1059.0884,0.111083984,0.16296387,0.1972229
141,503.77386,1128.9535,503.8766,1128.8813,0.10272217,-0.072143555,0.12552504
141,524.7917,506.33868,524.79407,506.42792,0.002380371,0.0892334,0.089265145
141,511.40012,223.4169,511.3398,223.57779,-0.060302734,0.16088867,0.17181846
141,520.7229,373.5394,520.66016,373.68512,-0.06274414,0.14572144,0.15865548
141,439.81006,1216.7161,439.80203,1216.8403,-0.008026123,0.12426758,0.1245265
141,525.2934,701.01276,525.2331,701.1809,-0.060302734,0.16815186,0.1786378
141,518.4844,340.4567,518.4003,340.57483,-0.08404541,0.118133545,0.14497988
141,477.31046,632.3657,477.37735,632.394,0.06689453,0.028259277,0.072618626
141,522.63934,441.15958,522.6242,441.33234,-0.015136719,0.17276001,0.17342186
141,520.7051,407.51437,520.6605,407.75565,-0.044555664,0.24127197,0.24535152
141,422.32663,225.21765,422.28394,225.39262,-0.04269409,0.17497253,0.18010601
141,115.81326,622.43066,115.787056,622.4583,-0.02620697,0.027648926,0.038095515
141,456.2093,224.77057,456.16522,224.89064,-0.044067383,0.12007141,0.12790261
141,357.53387,226.9451,357.5508,227.07054,0.016937256,0.1254425,0.12658077
141,520.91895,571.11237,520.9155,571.2107,-0.0034179688,0.09832764,0.098387025
141,131.83002,229.83824,131.82156,230.03635,-0.008453369,0.19810486,0.19828513
141,191.84659,229.46216,191.82635,229.64511,-0.020233154,0.18295288,0.18406829
141,524.8914,474.2275,524.8291,474.47696,-0.062316895,0.24945068,0.2571168
141,517.4453,277.6572,517.41797,277.82205,-0.02734375,0.16485596,0.16710825
141,391.61444,226.32912,391.61697,226.52855,0.002532959,0.19943237,0.19944845
141,528.87866,667.1219,528.8777,667.2167,-0.0009765625,0.0947876,0.09479263
141,123.50525,312.98483,123.49641,313.1943,-0.008842468,0.20947266,0.2096592
141,491.46664,1217.382,491.59747,1217.4591,0.13082886,0.07714844,0.15188177
141,259.67566,228.43651,259.61215,228.58063,-0.06350708,0.14411926,0.15749131
141,490.9063,1216.7985,491.1017,1216.8992,0.19540405,0.10070801,0.21982913
141,515.2814,243.43948,515.22943,243.53442,-0.051940918,0.094940186,0.108219676
141,482.22037,224.04279,482.25162,224.24146,0.03125,0.19866943,0.20111218
141,517.45496,307.43994,517.4082,307.5727,-0.04675293,0.13275146,0.1407437
141,522.78015,537.4579,522.79834,537.60406,0.018188477,0.1461792,0.14730641
141,393.98325,1218.2598,394.19016,1218.328,0.20690918,0.068237305,0.21787092
141,469.44205,1256.1024,469.37048,1256.0197,-0.07156372,-0.08276367,0.10941294
142,483.21994,999.2781,482.85846,999.30396,-0.3614807,0.025878906,0.3624059
142,438.60242,1211.6294,438.59537,1211.616,-0.0070495605,-0.013427734,0.015165763
142,438.50598,1212.0321,438.49918,1212.017,-0.00680542,-0.015136719,0.016596204
142,475.7984,1215.7576,475.7968,1215.7438,-0.0015869141,-0.013793945,0.013884928
142,429.49002,1216.6073,429.43253,1216.5764,-0.057495117,-0.030883789,0.06526482
142,500.66376,1198.0048,500.68622,1198.0278,0.022460938,0.023071289,0.03219904
142,123.27786,622.78033,123.251305,622.79767,-0.026557922,0.017333984,0.031714197
142,324.21478,225.91563,324.1827,225.9599,-0.032073975,0.044265747,0.054664396
142,517.78015,1059.0884,517.7754,1059.0977,-0.004760742,0.009277344,0.010427549
142,503.8766,1128.8813,503.79837,1129.0295,-0.07821655,0.14819336,0.16756819
142,524.79407,506.42792,524.79736,506.43164,0.0032958984,0.0037231445,0.004972399
142,511.3398,223.57779,511.2641,223.61505,-0.07571411,0.037261963,0.0843865
142,520.66016,373.68512,520.6737,373.67667,0.013549805,-0.008453369,0.015970493
142,439.80203,1216.8403,439.77206,1216.8337,-0.029968262,-0.006591797,0.030684663
142,525.2331,701.1809,525.24384,701.182,0.0107421875,0.0010986328,0.010798221
142,518.4003,340.57483,518.43396,340.5748,0.03363037,-3.0517578e-05,0.033630386
142,477.37735,632.394,477.36725,632.3871,-0.010101318,-0.0068969727,0.012231307
142,522.6242,441.33234,522.61365,441.33453,-0.010559082,0.0021972656,0.010785276
142,520.6605,407.75565,520.6685,407.7421,0.0079956055,-0.013549805,0.015732989
142,422.28394,225.39262,422.28854,225.49246,0.0046081543,0.09983826,0.09994455
142,115.787056,622.4583,115.77218,622.4946,-0.014877319,0.036315918,0.039245132
142,456.16522,224.89064,456.14526,224.9297,-0.019958496,0.0390625,0.043865938
142,357.5508,227.07054,357.55884,227.06348,0.008026123,-0.0070648193,0.010692536
142,520.9155,571.2107,520.8949,571.2205,-0.020629883,0.00982666,0.022850718
142,131.82156,230.03635,131.75568,230.11118,-0.06588745,0.0748291,0.09970231
142,191.82635,229.64511,191.82378,229.64444,-0.0025787354,-0.0006713867,0.0026647018
142,524.8291,474.47696,524.8263,474.44684,-0.0028076172,-0.03012085,0.030251417
142,517.41797,277.82205,517.39124,277.8492,-0.026733398,0.027160645,0.03811004
142,391.61697,226.52855,391.55197,226.5877,-0.06500244,0.059158325,0.08789212
142,528.8777,667.2167,528.84674,667.2023,-0.030944824,-0.014404297,0.03413306
142,123.49641,313.1943,123.41524,313.21494,-0.08116913,0.020629883,0.08374974
142,491.59747,1217.4591,491.76144,1217.4421,0.16397095,-0.016967773,0.16484652
142,259.61215,228.58063,259.58472,228.56657,-0.027435303,-0.014053345,0.03082519
142,491.1017,1216.8992,491.232,1216.8762,0.13027954,-0.022949219,0.13228539
142,515.22943,243.53442,515.14636,243.5295,-0.08306885,-0.004928589,0.08321493
142,482.25162,224.24146,482.19186,224.24748,-0.059753418,0.0060272217,0.060056627
142,517.4082,307.5727,517.40454,307.55206,-0.0036621094,-0.020629883,0.020952402
142,522.79834,537.60406,522.8159,537.5997,0.017578125,-0.0043945312,0.018119117
142,394.19016,1218.328,393.455,1218.333,-0.73516846,0.005004883,0.7351855
142,469.37048,1256.0197,470.17355,1255.964,0.80307007,-0.055664062,0.8049969
143,482.85846,999.30396,482.76712,999.28534,-0.09133911,-0.018615723,0.09321684
143,438.59537,1211.616,438.44843,1211.5277,-0.14694214,-0.088256836,0.17140962
143,438.49918,1212.017,438.35007,1211.914,-0.14910889,-0.103027344,0.18124042
143,475.7968,1215.7438,475.6705,1215.6798,-0.12631226,-0.063964844,0.14158492
143,429.43253,1216.5764,429.23877,1216.5135,-0.1937561,-0.06286621,0.20369975
143,500.68622,1198.0278,500.7371,1197.7727,0.050872803,-0.25512695,0.26014957
143,123.251305,622.79767,123.11346,622.7151,-0.1378479,-0.08258057,0.160691
143,324.1827,225.9599,323.8519,226.06827,-0.33081055,0.10836792,0.34810805
143,517.7754,1059.0977,517.7905,1059.0612,0.015136719,-0.036499023,0.039513275
143,503.79837,1129.0295,503.7929,1128.7865,-0.0054626465,-0.24304199,0.24310337
143,524.79736,506.43164,524.6653,506.42484,-0.13208008,-0.00680542,0.13225529
143,511.2641,223.61505,511.02026,223.58788,-0.24383545,-0.027175903,0.24534518
143,520.6737,373.67667,520.4656,373.68777,-0.20812988,0.011108398,0.20842612
143,439.77206,1216.8337,439.60196,1216.7416,-0.17010498,-0.092163086,0.19346766
143,525.24384,701.182,525.098,701.17834,-0.14581299,-0.0036621094,0.14585897
143,518.43396,340.5748,518.2833,340.58215,-0.15063477,0.0073547363,0.1508142
143,477.36725,632.3871,477.2305,632.3613,-0.13674927,-0.025756836,0.13915378
143,522.61365,441.33453,522.4737,441.2503,-0.13995361,-0.084228516,0.16334459
143,520.6685,407.7421,520.53546,407.73383,-0.13305664,-0.008270264,0.13331342
143,422.28854,225.49246,422.1501,225.45592,-0.13845825,-0.0365448,0.14319989
143,115.77218,622.4946,115.696945,622.48505,-0.07523346,-0.0095825195,0.07584127
143,456.14526,224.9297,455.9553,224.91489,-0.18997192,-0.014816284,0.19054882
143,357.55884,227.06348,357.39478,227.10294,-0.1640625,0.03945923,0.16874103
143,520.8949,571.2205,520.7822,571.244,-0.1126709,0.023498535,0.115095235
143,131.75568,230.11118,131.64264,230.23564,-0.11303711,0.12446594,0.16813435
143,191.82378,229.64444,191.60622,229.7084,-0.21755981,0.063964844,0.2267681
143,524.8263,474.44684,524.6217,474.34006,-0.20458984,-0.106781006,0.23077951
143,517.39124,277.8492,517.2189,277.73135,-0.17236328,-0.11785889,0.2088057
143,391.55197,226.5877,391.38498,226.56577,-0.16699219,-0.021942139,0.16842757
143,528.84674,667.2023,528.695,667.19635,-0.1517334,-0.00592041,0.15184885
143,123.41524,313.21494,123.34817,313.16772,-0.06707001,-0.047210693,0.082019724
143,491.76144,1217.4421,491.55777,1217.4608,-0.20367432,0.018676758,0.20452884
143,259.58472,228.56657,259.47003,228.68806,-0.11468506,0.12149048,0.16707064
143,491.232,1216.8762,491.01993,1216.8774,-0.21206665,0.0012207031,0.21207017
143,515.14636,243.5295,514.869,243.52673,-0.27734375,-0.0027618408,0.27735752
143,482.19186,224.24748,481.87762,224.29857,-0.3142395,0.051086426,0.318365
143,517.40454,307.55206,517.23035,307.56058,-0.17419434,0.008514404,0.1744023
143,522.8159,537.5997,522.6218,537.71985,-0.1940918,0.12017822,0.22828585
143,393.455,1218.333,392.38815,1218.3896,-1.0668335,0.056640625,1.068336
143,470.17355,1255.964,469.6107,1255.8555,-0.5628662,-0.10852051,0.5732321
144,482.76712,999.28534,482.76553,999.2852,-0.0015869141,-0.00012207031,0.0015916021
144,438.44843,1211.5277,438.42212,1211.489,-0.026306152,-0.03869629,0.0467912
144,438.35007,1211.914,438.32312,1211.8735,-0.026947021,-0.040405273,0.04856674
144,475.6705,1215.6798,475.638,1215.6344,-0.03250122,-0.045410156,0.05584274
144,429.23877,1216.5135,429.22845,1216.4774,-0.010314941,-0.036132812,0.0375763
144,500.7371,1197.7727,500.74368,1197.7762,0.006591797,0.003540039,0.007482223
144,123.11346,622.7151,123.11,622.723,-0.0034561157,0.00793457,0.008654603
144,323.8519,226.06827,323.8512,226.06854,-0.0007019043,0.0002746582,0.00075372856
144,517.7905,1059.0612,517.7335,1059.0492,-0.057006836,-0.011962891,0.05824852
144,503.7929,1128.7865,503.7924,1128.7861,-0.0005187988,-0.00036621094,0.0006350297
144,524.6653,506.42484,524.6649,506.4046,-0.00036621094,-0.020233154,0.020236468
144,511.02026,223.58788,511.02237,223.58923,0.002105713,0.0013580322,0.0025056493
144,520.4656,373.68777,520.4656,373.6879,0.0,0.00012207031,0.00012207031
144,439.60196,1216.7416,439.5848,1216.6959,-0.017150879,-0.045654297,0.048769534
144,525.098,701.17834,525.0944,701.18115,-0.0036010742,0.0028076172,0.0045662294
144,518.2833,340.58215,518.2833,340.5814,0.0,-0.00076293945,0.00076293945
144,477.2305,632.3613,477.2488,632.34033,0.018310547,-0.020996094,0.027858788
144,522.4737,441.2503,522.4749,441.2292,0.0012207031,-0.021118164,0.021153415
144,520.53546,407.73383,520.5331,407.71912,-0.002380371,-0.014709473,0.014900831
144,422.1501,225.45592,422.1476,225.46434,-0.0024719238,0.008422852,0.008778089
144,115.696945,622.48505,115.6948,622.4842,-0.0021438599,-0.0008544922,0.002307876
144,455.9553,224.91489,455.95392,224.91518,-0.001373291,0.000289917,0.0014035598
144,357.39478,227.10294,357.3965,227.1041,0.001739502,0.001159668,0.0020906213
144,520.7822,571.244,520.7827,571.2397,0.00048828125,-0.004333496,0.004360918
144,131.64264,230.23564,131.64081,230.2356,-0.0018310547,-4.5776367e-05,0.0018316268
144,191.60622,229.7084,191.60501,229.71075,-0.0012054443,0.0023498535,0.002641005
144,524.6217,474.34006,524.6218,474.34164,0.00012207031,0.0015869141,0.0015916021
144,517.2189,277.73135,517.21906,277.73413,0.00018310547,0.0027770996,0.0027831295
144,391.38498,226.56577,391.38773,226.5608,0.002746582,-0.0049591064,0.005668902
144,528.695,667.19635,528.69495,667.1969,-6.1035156e-05,0.0005493164,0.0005526969
144,123.34817,313.16772,123.31574,313.17392,-0.032424927,0.0061950684,0.033011433
144,491.55777,1217.4608,491.5761,1217.4618,0.018341064,0.0009765625,0.018367045
144,259.47003,228.68806,259.46985,228.6876,-0.00018310547,-0.00045776367,0.0004930266
144,491.01993,1216.8774,491.063,1216.8787,0.043060303,0.0012207031,0.043077603
144,514.869,243.52673,514.8628,243.52168,-0.006225586,-0.005050659,0.008016675
144,481.87762,224.29857,481.87784,224.29863,0.00021362305,6.1035156e-05,0.00022217132
144,517.23035,307.56058,517.23047,307.55945,0.00012207031,-0.0011291504,0.0011357296
144,522.6218,537.71985,522.6232,537.7222,0.0014038086,0.002380371,0.0027634841
144,392.38815,1218.3896,391.8837,1218.362,-0.50445557,-0.02758789,0.5052094
144,469.6107,1255.8555,469.7964,1255.8191,0.18569946,-0.036376953,0.18922889
145,482.76553,999.2852,482.68185,999.2307,-0.0836792,-0.054504395,0.099864595
145,438.42212,1211.489,438.29022,1211.311,-0.13189697,-0.17797852,0.22152464
145,438.32312,1211.8735,438.1934,1211.6853,-0.12973022,-0.18823242,0.22860748
145,475.638,1215.6344,475.3829,1215.3838,-0.25509644,-0.25061035,0.35760278
145,429.22845,1216.4774,429.08612,1216.3068,-0.14233398,-0.1706543,0.22222027
145,500.74368,1197.7762,500.5002,1197.6603,-0.24346924,-0.1159668,0.26967677
145,123.11,622.723,122.94388,622.6624,-0.16612244,-0.06060791,0.17683321
145,323.8512,226.06854,323.79248,225.92989,-0.05871582,-0.13865662,0.15057625
145,517.7335,1059.0492,517.464,1058.7488,-0.26953125,-0.30041504,0.40360412
145,503.7924,1128.7861,503.6481,1128.7227,-0.14428711,-0.06347656,0.15763262
145,524.6649,506.4046,524.5252,506.26694,-0.13970947,-0.1376648,0.19613855
145,511.02237,223.58923,510.85175,223.47932,-0.17062378,-0.10990906,0.20295928
145,520.4656,373.6879,520.35016,373.53146,-0.11541748,-0.1564331,0.19440296
145,439.5848,1216.6959,439.4813,1216.5078,-0.103515625,-0.18811035,0.21471141
145,525.0944,701.18115,524.9924,701.1007,-0.10205078,-0.080444336,0.1299448
145,518.2833,340.5814,518.19116,340.43973,-0.092163086,-0.1416626,0.16900392
145,477.2488,632.34033,477.15552,631.8819,-0.09329224,-0.45843506,0.4678313
145,522.4749,441.2292,522.3211,441.12943,-0.1538086,-0.09976196,0.18332903
145,520.5331,407.71912,520.38086,407.57727,-0.15222168,-0.1418457,0.20806643
145,422.1476,225.46434,421.9504,225.41423,-0.19720459,-0.050109863,0.2034715
145,115.6948,622.4842,115.60392,622.43695,-0.09088135,-0.04724121,0.10242632
145,455.95392,224.91518,455.86816,224.82858,-0.085754395,-0.08659363,0.1218699
145,357.3965,227.1041,357.15918,226.90964,-0.2373352,-0.19445801,0.30682555
145,520.7827,571.2397,520.64557,571.0995,-0.137146,-0.14019775,0.19612353
145,131.64081,230.2356,131.57556,230.23386,-0.06524658,-0.001739502,0.06526977
145,191.60501,229.71075,191.59618,229.6139,-0.008834839,-0.096847534,0.09724967
145,524.6218,474.34164,524.4662,474.20142,-0.15563965,-0.14022827,0.20949383
145,517.21906,277.73413,517.07654,277.61707,-0.14251709,-0.11706543,0.18443274
145,391.38773,226.5608,391.28925,226.37457,-0.098480225,-0.18623352,0.21066865
145,528.69495,667.1969,528.5957,667.04474,-0.099243164,-0.15216064,0.1816647
145,123.31574,313.17392,123.125565,313.0888,-0.19017792,-0.085113525,0.20835535
145,491.5761,1217.4618,491.14206,1217.2104,-0.4340515,-0.25134277,0.5015715
145,259.46985,228.6876,259.43637,228.61766,-0.033477783,-0.06994629,0.07754512
145,491.063,1216.8787,490.5905,1216.6328,-0.47247314,-0.24584961,0.5326095
145,514.8628,243.52168,514.8109,243.44185,-0.051879883,-0.079833984,0.095210224
145,481.87784,224.29863,481.8466,224.09,-0.03125,-0.20863342,0.21096082
145,517.23047,307.55945,517.1471,307.40366,-0.08337402,-0.15579224,0.17669874
145,522.6232,537.7222,522.4673,537.6064,-0.15594482,-0.11584473,0.19426474
145,391.8837,1218.362,391.16058,1218.3247,-0.723114,-0.037353516,0.7240782
145,469.7964,1255.8191,469.4274,1255.6268,-0.36898804,-0.19226074,0.41607255
146,482.68185,999.2307,482.6376,999.212,-0.04425049,-0.018737793,0.048054248
146,438.29022,1211.311,438.26437,1211.312,-0.025848389,0.0009765625,0.025866829
146,438.1934,1211.6853,438.16788,1211.6854,-0.025512695,0.00012207031,0.025512988
146,475.3829,1215.3838,475.31723,1215.3805,-0.06567383,-0.0032958984,0.06575648
146,429.08612,1216.3068,429.0312,1216.3142,-0.05493164,0.007446289,0.055434037
146,500.5002,1197.6603,500.4279,1197.6852,-0.07232666,0.024902344,0.07649361
146,122.94388,622.6624,122.82875,622.7127,-0.11512756,0.05029297,0.12563334
146,323.79248,225.92989,323.71753,225.92834,-0.07495117,-0.0015411377,0.07496701
146,517.464,1058.7488,517.46747,1058.7413,0.003479004,-0.007446289,0.008218923
146,503.6481,1128.7227,503.551,1128.6976,-0.09710693,-0.025024414,0.100279495
146,524.5252,506.26694,524.4121,506.2039,-0.113098145,-0.06304932,0.12948516
146,510.85175,223.47932,510.7555,223.43665,-0.09625244,-0.042678833,0.105290145
146,520.35016,373.53146,520.2158,373.53198,-0.13433838,0.0005187988,0.13433938
146,439.4813,1216.5078,439.4508,1216.5096,-0.03048706,0.0018310547,0.030541997
146,524.9924,701.1007,524.887,701.0755,-0.10534668,-0.02520752,0.10832055
146,518.19116,340.43973,518.04126,340.45044,-0.14990234,0.01071167,0.15028457
146,477.15552,631.8819,477.02267,631.89996,-0.13284302,0.018066406,0.13406588
146,522.3211,441.12943,522.20667,441.0991,-0.11444092,-0.030334473,0.118393004
146,520.38086,407.57727,520.27185,407.5464,-0.10900879,-0.030883789,0.11329927
146,421.9504,225.41423,421.8814,225.41689,-0.069000244,0.0026550293,0.0690513
146,115.60392,622.43695,115.52267,622.45526,-0.08125305,0.018310547,0.08329066
146,455.86816,224.82858,455.78394,224.81299,-0.084228516,-0.015594482,0.08565997
146,357.15918,226.90964,357.17148,226.91006,0.012298584,0.0004272461,0.012306003
146,520.64557,571.0995,520.5139,571.10724,-0.13165283,0.007751465,0.13188083
146,131.57556,230.23386,131.45364,230.17493,-0.121917725,-0.058929443,0.13541274
146,191.59618,229.6139,191.49147,229.60204,-0.10470581,-0.011871338,0.10537664
146,524.4662,474.20142,524.3962,474.2037,-0.070007324,0.0022888184,0.070044726
146,517.07654,277.61707,516.9995,277.62384,-0.07702637,0.0067749023,0.07732374
146,391.28925,226.37457,390.77884,226.36522,-0.5104065,-0.009353638,0.5104922
146,528.5957,667.04474,528.4836,667.05255,-0.11212158,0.0078125,0.11239344
146,123.125565,313.0888,122.99589,313.03183,-0.12967682,-0.05697632,0.14164174
146,491.14206,1217.2104,491.15704,1217.1895,0.014984131,-0.020996094,0.025794575
146,259.43637,228.61766,258.85938,228.60179,-0.57699585,-0.01586914,0.57721406
146,490.5905,1216.6328,490.59,1216.6104,-0.0005187988,-0.022460938,0.022466928
146,514.8109,243.44185,514.671,243.40952,-0.13989258,-0.032333374,0.14358057
146,481.8466,224.09,481.6957,224.0685,-0.1508789,-0.021499634,0.15240301
146,517.1471,307.40366,517.0057,307.38416,-0.14141846,-0.019500732,0.14275664
146,522.4673,537.6064,522.3557,537.5663,-0.111572266,-0.040100098,0.11855964
146,391.16058,1218.3247,391.1408,1218.3265,-0.01977539,0.0018310547,0.01985998
146,469.4274,1255.6268,469.41367,1255.6289,-0.01373291,0.0020751953,0.013888817
147,482.6376,999.212,482.1017,999.3218,-0.5358887,0.109802246,0.5470221
147,438.26437,1211.312,437.95645,1211.5455,-0.30792236,0.23352051,0.38645568
147,438.16788,1211.6854,437.8531,1211.9305,-0.31478882,0.24511719,0.39896673
147,475.31723,1215.3805,475.00604,1215.6498,-0.31118774,0.2692871,0.41152567
147,429.0312,1216.3142,428.8069,1216.5275,-0.2243042,0.21325684,0.30950096
147,500.4279,1197.6852,500.1954,1197.6948,-0.23248291,0.009643555,0.23268284
147,122.82875,622.7127,122.68723,623.1074,-0.14151764,0.39471436,0.41931692
147,323.71753,225.92834,323.59814,226.49416,-0.119384766,0.56581116,0.57826895
147,517.46747,1058.7413,517.3007,1059.0223,-0.16674805,0.28100586,0.32675558
147,503.551,1128.6976,503.40158,1128.7269,-0.14941406,0.029296875,0.15225922
147,524.4121,506.2039,524.09186,506.45688,-0.32025146,0.25299072,0.40812412
147,510.7555,223.43665,510.34293,223.7157,-0.41256714,0.27905273,0.49807838
147,520.2158,373.53198,520.0259,373.75873,-0.1899414,0.2267456,0.2957893
147,439.4508,1216.5096,439.18167,1216.7426,-0.26913452,0.23291016,0.35592207
147,524.887,701.0755,524.59424,701.14575,-0.29278564,0.070251465,0.3010958
147,518.04126,340.45044,517.6415,340.64514,-0.39978027,0.19470215,0.44467202
147,477.02267,631.89996,476.76224,632.02423,-0.260437,0.12426758,0.2885652
147,522.20667,441.0991,521.77576,441.30795,-0.4309082,0.2088623,0.47885838
147,520.27185,407.5464,520.0318,407.76202,-0.24005127,0.2156372,0.32268253
147,421.8814,225.41689,421.35516,225.58347,-0.5262451,0.1665802,0.55198085
147,115.52267,622.45526,115.38756,622.72076,-0.13510895,0.26550293,0.29790306
147,455.78394,224.81299,455.56097,225.23277,-0.22296143,0.41978455,0.47532183
147,357.17148,226.91006,356.7546,227.47841,-0.41687012,0.5683441,0.7048374
147,520.5139,571.10724,520.2483,571.2378,-0.265625,0.1305542,0.29597473
147,131.45364,230.17493,131.02612,230.44284,-0.42752075,0.26791382,0.50453126
147,191.49147,229.60204,191.12086,230.02678,-0.37060547,0.42474365,0.5636981
147,524.3962,474.2037,524.155,474.37048,-0.2411499,0.16677856,0.29320362
147,516.9995,277.62384,516.49243,277.79572,-0.5070801,0.171875,0.53541684
147,390.77884,226.36522,390.76984,226.92938,-0.009002686,0.5641632,0.56423503
147,528.4836,667.05255,528.23956,667.1695,-0.24401855,0.11694336,0.27059343
147,122.99589,313.03183,122.83803,313.5926,-0.1578598,0.5607605,0.5825565
147,491.15704,1217.1895,491.06586,1217.3734,-0.09118652,0.18395996,0.20531987
147,258.85938,228.60179,258.748,229.04646,-0.11138916,0.44467163,0.45841074
147,490.59,1216.6104,490.50302,1216.8053,-0.0869751,0.19494629,0.21346831
147,514.671,243.40952,514.17224,243.53575,-0.4987793,0.12623596,0.51450586
147,481.6957,224.0685,481.45056,224.52692,-0.2451477,0.4584198,0.519852
147,517.0057,307.38416,516.6996,307.59216,-0.3060913,0.20800781,0.3700799
147,522.3557,537.5663,522.10626,537.7377,-0.24945068,0.17138672,0.30265334
147,391.1408,1218.3265,392.8945,1218.2843,1.7536926,-0.042236328,1.7542012
147,469.41367,1255.6289,469.33997,1255.6553,-0.07369995,0.026367188,0.07827459
148,482.1017,999.3218,481.95526,999.5776,-0.14645386,0.25579834,0.2947567
148,437.95645,1211.5455,437.78082,1211.7462,-0.17562866,0.2006836,0.2666821
148,437.8531,1211.9305,437.68817,1212.1581,-0.16491699,0.22753906,0.28101894
148,475.00604,1215.6498,474.96854,1215.9058,-0.037506104,0.25598145,0.25871453
148,428.8069,1216.5275,428.6405,1216.7015,-0.16638184,0.17407227,0.24079882
148,500.1954,1197.6948,500.11658,1197.8464,-0.078826904,0.15161133,0.17087913
148,122.68723,623.1074,122.6004,623.16327,-0.08683014,0.055847168,0.10323943
148,323.59814,226.49416,323.58795,226.53429,-0.010192871,0.040130615,0.041404843
148,517.3007,1059.0223,517.28687,1059.3063,-0.0138549805,0.28393555,0.2842734
148,503.40158,1128.7269,503.2794,1128.8271,-0.12219238,0.10021973,0.15803471
148,524.09186,506.45688,524.0713,506.7681,-0.020568848,0.31121826,0.31189722
148,510.34293,223.7157,510.3365,223.9431,-0.006439209,0.22740173,0.22749288
148,520.0259,373.75873,519.9502,373.96637,-0.075683594,0.2076416,0.22100462
148,439.18167,1216.7426,439.01114,1216.9623,-0.17053223,0.21972656,0.27813846
148,524.59424,701.14575,524.54364,701.3461,-0.050598145,0.20037842,0.20666805
148,517.6415,340.64514,517.6371,340.82367,-0.0043945312,0.17852783,0.17858191
148,476.76224,632.02423,476.7404,631.89514,-0.021850586,-0.12908936,0.1309256
148,521.77576,441.30795,521.8052,441.4731,0.029418945,0.16516113,0.16776076
148,520.0318,407.76202,520.0056,408.02496,-0.026184082,0.26293945,0.26423997
148,421.35516,225.58347,421.3614,226.05525,0.006225586,0.4717865,0.47182757
148,115.38756,622.72076,115.26284,622.7672,-0.12471771,0.046447754,0.13308607
148,455.56097,225.23277,455.51416,225.35641,-0.046813965,0.12364197,0.13220772
148,356.7546,227.47841,356.75293,227.5418,-0.0016784668,0.06338501,0.06340723
148,520.2483,571.2378,520.2247,571.5839,-0.023620605,0.34613037,0.3469354
148,131.02612,230.44284,131.03476,230.67334,0.008636475,0.23049927,0.230661
148,191.12086,230.02678,191.18732,230.26556,0.06645203,0.23878479,0.24785893
148,524.155,474.37048,524.12665,474.57037,-0.028381348,0.19989014,0.20189494
148,516.49243,277.79572,516.49634,278.05536,0.00390625,0.25964355,0.25967294
148,390.76984,226.92938,390.72827,227.07327,-0.04156494,0.14389038,0.14977345
148,528.23956,667.1695,528.15326,667.4478,-0.08630371,0.2783203,0.2913941
148,122.83803,313.5926,122.81785,313.69278,-0.020179749,0.10018921,0.102201276
148,491.06586,1217.3734,490.89865,1217.5991,-0.16720581,0.22570801,0.2808948
148,258.748,229.04646,258.7166,229.16367,-0.03137207,0.11720276,0.12132886
148,490.50302,1216.8053,490.3715,1217.0566,-0.13153076,0.25134277,0.28367856
148,514.17224,243.53575,514.19446,243.96414,0.022216797,0.4283905,0.42896622
148,481.45056,224.52692,481.46558,224.64572,0.015014648,0.11880493,0.119749956
148,516.6996,307.59216,516.70435,307.81473,0.004760742,0.2225647,0.2226156
148,522.10626,537.7377,522.1009,537.90314,-0.0053710938,0.16546631,0.16555347
148,392.8945,1218.2843,393.86343,1218.4502,0.9689331,0.16589355,0.98303205
148,469.33997,1255.6553,468.90332,1256.1499,-0.4366455,0.4946289,0.6597856
149,481.95526,999.5776,481.76144,999.8242,-0.19381714,0.24664307,0.31368437
149,437.78082,1211.7462,437.44803,1211.9506,-0.3327942,0.2043457,0.39052418
149,437.68817,1212.1581,437.36124,1212.363,-0.3269348,0.20495605,0.38586703
149,474.96854,1215.9058,474.7207,1216.1979,-0.24783325,0.29211426,0.3830823
149,428.6405,1216.7015,428.2902,1217.0112,-0.35031128,0.30969238,0.46757606
149,500.11658,1197.8464,499.68674,1197.8989,-0.4298401,0.052490234,0.43303317
149,122.6004,623.16327,122.43141,623.23505,-0.16899109,0.071777344,0.18360277
149,323.58795,226.53429,323.55377,226.7868,-0.034179688,0.2525177,0.2548204
149,517.28687,1059.3063,517.1587,1059.5519,-0.12817383,0.24560547,0.27703893
149,503.2794,1128.8271,503.0971,1129.4166,-0.1822815,0.58947754,0.61701727
149,524.0713,506.7681,523.91144,506.95004,-0.15985107,0.1819458,0.24219133
149,510.3365,223.9431,510.28357,224.47795,-0.05291748,0.5348511,0.5374625
149,519.9502,373.96637,519.7815,374.22964,-0.16870117,0.26327515,0.31268817
149,439.01114,1216.9623,438.71588,1217.1755,-0.29525757,0.21325684,0.36421904
149,524.54364,701.3461,524.375,701.7589,-0.16864014,0.41278076,0.4459007
149,517.6371,340.82367,517.57605,341.13336,-0.061035156,0.30969238,0.3156496
149,476.7404,631.89514,476.5915,631.9304,-0.14889526,0.03527832,0.1530175
149,521.8052,441.4731,521.7533,441.97983,-0.051879883,0.50671387,0.50936276
149,520.0056,408.02496,519.8165,408.30783,-0.18908691,0.28286743,0.34024674
149,421.3614,226.05525,421.37085,226.29102,0.009460449,0.23576355,0.23595329
149,115.26284,622.7672,115.136086,622.8504,-0.12675476,0.08319092,0.15161629
149,455.51416,225.35641,455.461,225.86926,-0.05316162,0.5128479,0.5155959
149,356.75293,227.5418,356.54538,227.82672,-0.20755005,0.28492737,0.35250622
149,520.2247,571.5839,520.0436,571.8021,-0.18109131,0.21820068,0.28355882
149,131.03476,230.67334,131.02567,230.85959,-0.009094238,0.18624878,0.18647067
149,191.18732,230.26556,191.18822,230.42822,0.00090026855,0.16265869,0.16266118
149,524.12665,474.57037,523.9162,474.95276,-0.21044922,0.38238525,0.4364715
149,516.49634,278.05536,516.47656,278.35336,-0.01977539,0.29800415,0.29865956
149,390.72827,227.07327,390.71497,227.29106,-0.013305664,0.2177887,0.21819477
149,528.15326,667.4478,527.99225,667.7137,-0.16101074,0.26586914,0.31082287
149,122.81785,313.69278,122.71544,313.84952,-0.10240936,0.15673828,0.18722863
149,490.89865,1217.5991,490.75415,1217.7582,-0.14450073,0.15905762,0.21489483
149,258.7166,229.16367,258.66644,229.38753,-0.0501709,0.2238617,0.22941485
149,490.3715,1217.0566,490.22922,1217.2843,-0.14227295,0.22766113,0.26846075
149,514.19446,243.96414,514.1334,244.14218,-0.061035156,0.17803955,0.18821098
149,481.46558,224.64572,481.4247,225.19241,-0.040863037,0.5466919,0.54821694
149,516.70435,307.81473,516.61926,308.31775,-0.08508301,0.50302124,0.5101661
149,522.1009,537.90314,521.9059,538.4185,-0.19500732,0.51538086,0.5510402
149,393.86343,1218.4502,393.75974,1218.6162,-0.10369873,0.16601562,0.19574119
149,468.90332,1256.1499,468.24762,1256.1014,-0.6557007,-0.048461914,0.6574891
150,481.76144,999.8242,481.7012,999.8604,-0.0602417,0.036193848,0.07027842
150,437.44803,1211.9506,437.41666,1211.9668,-0.03137207,0.016235352,0.03532412
150,437.36124,1212.363,437.32724,1212.3767,-0.033996582,0.013671875,0.036642704
150,474.7207,1216.1979,474.6706,1216.2252,-0.050109863,0.02734375,0.05708484
150,428.2902,1217.0112,428.20663,1217.0693,-0.08355713,0.05810547,0.101774454
150,499.68674,1197.8989,499.90848,1198.05,0.22174072,0.15112305,0.26834142
150,122.43141,623.23505,122.39563,623.2259,-0.03578186,-0.009155273,0.036934543
150,323.55377,226.7868,323.51978,226.9245,-0.033996582,0.13769531,0.14183006
150,517.1587,1059.5519,517.23505,1059.5927,0.07635498,0.040771484,0.08655863
150,503.0971,1129.4166,503.1891,1129.3009,0.09197998,-0.115722656,0.14782439
150,523.91144,506.95004,523.9064,506.93002,-0.005065918,-0.020019531,0.020650549
150,510.28357,224.47795,510.2129,224.51253,-0.07067871,0.034576416,0.07868297
150,519.7815,374.22964,519.7794,374.23975,-0.0020751953,0.010101318,0.010312278
150,438.71588,1217.1755,438.64313,1217.1862,-0.072753906,0.010620117,0.073524944
150,524.375,701.7589,524.3937,701.76556,0.018676758,0.006652832,0.019826282
150,517.57605,341.13336,517.5809,341.1431,0.0048217773,0.009735107,0.010863787
150,476.5915,631.9304,476.76062,631.86536,0.16912842,-0.06506348,0.1812117
150,521.7533,441.97983,521.7513,441.95206,-0.0020141602,-0.027770996,0.027843941
150,519.8165,408.30783,519.7979,408.36066,-0.018615723,0.052825928,0.056010034
150,421.37085,226.29102,421.3834,226.44565,0.012542725,0.15463257,0.15514041
150,115.136086,622.8504,115.10433,622.8267,-0.03175354,-0.02368164,0.03961196
150,455.461,225.86926,455.27448,225.94179,-0.18652344,0.072525024,0.20012714
150,356.54538,227.82672,356.57443,227.98227,0.029052734,0.1555481,0.15823802
150,520.0436,571.8021,520.0458,571.7586,0.0021972656,-0.043518066,0.043573502
150,131.02567,230.85959,131.03998,230.97629,0.014312744,0.11669922,0.11757365
150,191.18822,230.42822,191.15367,230.60101,-0.0345459,0.17279053,0.17621006
150,523.9162,474.95276,523.8497,474.98203,-0.06652832,0.029266357,0.07268106
150,516.47656,278.35336,516.48,278.3572,0.0034179688,0.0038452148,0.005144724
150,390.71497,227.29106,390.72778,227.46912,0.012817383,0.17805481,0.17851555
150,527.99225,667.7137,527.96063,667.67834,-0.03161621,-0.035339355,0.047417875
150,122.71544,313.84952,122.70277,313.88187,-0.012672424,0.032348633,0.034742255
150,490.75415,1217.7582,490.99368,1217.7618,0.23953247,0.0036621094,0.23956046
150,258.66644,229.38753,258.6386,229.48569,-0.027832031,0.09815979,0.10202924
150,490.22922,1217.2843,490.44882,1217.2991,0.21960449,0.014770508,0.22010066
150,514.1334,244.14218,514.04407,244.10222,-0.08935547,-0.03996277,0.09788474
150,481.4247,225.19241,481.2896,225.32214,-0.13510132,0.12973022,0.18730268
150,516.61926,308.31775,516.618,308.31937,-0.0012817383,0.0016174316,0.0020637196
150,521.9059,538.4185,521.931,538.4188,0.025146484,0.00030517578,0.025148336
150,393.75974,1218.6162,392.92953,1218.6512,-0.8302002,0.03503418,0.83093905
150,468.24762,1256.1014,468.8445,1255.9072,0.5968933,-0.19421387,0.6276947
151,481.7012,999.8604,481.43048,999.9939,-0.27072144,0.13348389,0.30184108
151,437.41666,1211.9668,437.25522,1211.943,-0.16143799,-0.023803711,0.16318345
151,437.32724,1212.3767,437.16177,1212.3556,-0.16546631,-0.021118164,0.1668085
151,474.6706,1216.2252,474.43155,1216.2302,-0.23904419,0.005004883,0.23909658
151,428.20663,1217.0693,427.9381,1216.9865,-0.26852417,-0.08288574,0.2810254
151,499.90848,1198.05,499.91217,1197.8816,0.003692627,-0.16845703,0.16849749
151,122.39563,623.2259,122.188515,623.2444,-0.20711517,0.018493652,0.2079392
151,323.51978,226.9245,322.98944,227.00938,-0.5303345,0.08488464,0.53708476
151,517.23505,1059.5927,517.2897,1059.6488,0.054626465,0.056152344,0.078339875
151,503.1891,1129.3009,503.09567,1128.9395,-0.09341431,-0.3614502,0.37332624
151,523.9064,506.93002,523.78723,506.89575,-0.119140625,-0.03427124,0.1239718
151,510.2129,224.51253,509.99222,224.51285,-0.2206726,0.00032043457,0.22067285
151,519.7794,374.23975,519.6947,374.26123,-0.0847168,0.021484375,0.087398596
151,438.64313,1217.1862,438.46002,1217.1632,-0.18310547,-0.022949219,0.18453802
151,524.3937,701.76556,524.21625,701.6785,-0.1774292,-0.08703613,0.19762695
151,517.5809,341.1431,517.46014,341.12277,-0.12072754,-0.020324707,0.122426435
151,476.76062,631.86536,476.6904,631.7516,-0.07022095,-0.11376953,0.1336955
151,521.7513,441.95206,521.61334,441.89703,-0.13793945,-0.055023193,0.14850873
151,519.7979,408.36066,519.6659,408.38214,-0.13201904,0.021484375,0.13375577
151,421.3834,226.44565,421.33856,226.58461,-0.044830322,0.13896179,0.14601417
151,115.10433,622.8267,114.9319,622.78064,-0.17243195,-0.046081543,0.17848329
151,455.27448,225.94179,455.12607,226.06265,-0.14840698,0.12086487,0.19139735
151,356.57443,227.98227,356.52145,228.05597,-0.052978516,0.07369995,0.09076566
151,520.0458,571.7586,519.99536,571.7735,-0.05041504,0.014892578,0.05256867
151,131.03998,230.97629,130.92789,231.1432,-0.112091064,0.1669159,0.20106049
151,191.15367,230.60101,190.76337,230.71646,-0.39030457,0.115448,0.40702075
151,523.8497,474.98203,523.7103,474.9686,-0.13934326,-0.013427734,0.13998875
151,516.48,278.3572,516.3699,278.3827,-0.11010742,0.025482178,0.11301763
151,390.72778,227.46912,390.62497,227.62663,-0.10281372,0.15751648,0.1881013
151,527.96063,667.67834,527.81665,667.66614,-0.14398193,-0.012207031,0.14449847
151,122.70277,313.88187,122.52931,313.85992,-0.17345428,-0.021942139,0.17483664
151,490.99368,1217.7618,490.98718,1217.7672,-0.006500244,0.0053710938,0.00843219
151,258.6386,229.48569,258.57523,229.63461,-0.06338501,0.14892578,0.16185348
151,490.44882,1217.2991,490.4177,1217.2949,-0.03112793,-0.0041503906,0.031403404
151,514.04407,244.10222,513.7295,244.02158,-0.3145752,-0.0806427,0.3247473
151,481.2896,225.32214,481.08902,225.3832,-0.20059204,0.061050415,0.2096767
151,516.618,308.31937,516.4894,308.2423,-0.12860107,-0.077056885,0.14991997
151,521.931,538.4188,521.8079,538.37103,-0.12310791,-0.047790527,0.13205867
151,392.92953,1218.6512,392.51038,1218.6597,-0.41915894,0.008422852,0.41924354
151,468.8445,1255.9072,469.71545,1255.8624,0.87094116,-0.044799805,0.8720926
152,481.43048,999.9939,481.17297,1000.15533,-0.25750732,0.16143799,0.30392802
152,437.25522,1211.943,437.16705,1211.8843,-0.08816528,-0.05871582,0.10592764
152,437.16177,1212.3556,437.07074,1212.2959,-0.091033936,-0.059692383,0.10885935
152,474.43155,1216.2302,474.36404,1216.1736,-0.06750488,-0.056640625,0.08811963
152,427.9381,1216.9865,427.76392,1216.9403,-0.17419434,-0.046142578,0.18020213
152,499.91217,1197.8816,500.14755,1197.8237,0.23538208,-0.057861328,0.24238947
152,122.188515,623.2444,122.11201,623.22876,-0.07650757,-0.015625,0.0780868
152,322.98944,227.00938,323.02432,227.23071,0.03488159,0.22132874,0.22406055
152,517.2897,1059.6488,517.44275,1059.6471,0.15307617,-0.0017089844,0.15308571
152,503.09567,1128.9395,503.07062,1128.66,-0.025054932,-0.27941895,0.28054002
152,523.78723,506.89575,523.7763,506.8122,-0.010925293,-0.08355713,0.084268354
152,509.99222,224.51285,509.87912,224.60266,-0.113098145,0.08981323,0.14442162
152,519.6947,374.26123,519.5839,374.2448,-0.11077881,-0.016418457,0.11198889
152,438.46002,1217.1632,438.28244,1217.1167,-0.17758179,-0.04650879,0.18357113
152,524.21625,701.6785,524.1253,701.6534,-0.09094238,-0.025146484,0.09435498
152,517.46014,341.12277,517.4177,341.11816,-0.042419434,-0.0046081543,0.042669
152,476.6904,631.7516,476.77145,631.6637,0.08105469,-0.087890625,0.11956013
152,521.61334,441.89703,521.60077,441.77515,-0.012573242,-0.12188721,0.122533984
152,519.6659,408.38214,519.6529,408.39127,-0.013000488,0.009124756,0.015883131
152,421.33856,226.58461,421.33194,226.78764,-0.0066223145,0.20303345,0.2031414
152,114.9319,622.78064,114.85606,622.67395,-0.07584381,-0.10668945,0.13090043
152,455.12607,226.06265,455.07858,226.20103,-0.04748535,0.13838196,0.1463025
152,356.52145,228.05597,356.51028,228.23003,-0.011169434,0.174057,0.17441502
152,519.99536,571.7735,519.92065,571.7457,-0.07470703,-0.027770996,0.07970175
152,130.92789,231.1432,130.94055,231.28616,0.012664795,0.1429596,0.14351948
152,190.76337,230.71646,190.76283,230.96956,-0.0005340576,0.25309753,0.2530981
152,523.7103,474.9686,523.52356,474.861,-0.18676758,-0.10760498,0.21554804
152,516.3699,278.3827,516.3246,278.36118,-0.045288086,-0.021514893,0.05013882
152,390.62497,227.62663,390.6486,227.88684,0.023620605,0.26020813,0.261278
152,527.81665,667.66614,527.7863,667.58203,-0.030334473,-0.084106445,0.08940959
152,122.52931,313.85992,122.51773,313.90402,-0.011581421,0.0440979,0.045593355
152,490.98718,1217.7672,491.22516,1217.7184,0.23797607,-0.048828125,0.24293374
152,258.57523,229.63461,258.41705,229.82423,-0.1581726,0.18962097,0.24693052
152,490.4177,1217.2949,490.69345,1217.2397,0.27575684,-0.05517578,0.2812227
152,513.7295,244.02158,513.55817,243.86214,-0.17132568,-0.15943909,0.23403698
152,481.08902,225.3832,481.12463,225.55402,0.035614014,0.17082214,0.17449516
152,516.4894,308.2423,516.475,308.17078,-0.014404297,-0.0715332,0.07296906
152,521.8079,538.37103,521.79846,538.3495,-0.009460449,-0.02154541,0.023530932
152,392.51038,1218.6597,389.0016,1218.932,-3.508789,0.27233887,3.5193422
152,469.71545,1255.8624,470.33237,1255.6893,0.61691284,-0.1730957,0.64073676
153,481.17297,1000.15533,480.5004,1000.11865,-0.6725769,-0.03668213,0.6735765
153,437.16705,1211.8843,436.91525,1211.753,-0.25180054,-0.13122559,0.28394306
153,437.07074,1212.2959,436.81393,1212.1561,-0.25680542,-0.13977051,0.29237786
153,474.36404,1216.1736,474.10223,1216.0071,-0.2618103,-0.1665039,0.31027114
153,427.76392,1216.9403,427.3787,1216.7645,-0.3852234,-0.17578125,0.42343372
153,500.14755,1197.8237,500.14227,1197.587,-0.005279541,-0.23669434,0.23675321
153,122.11201,623.22876,121.747536,623.2482,-0.36447144,0.019470215,0.3649911
153,323.02432,227.23071,322.9794,227.34969,-0.044921875,0.11897278,0.12717113
153,517.44275,1059.6471,517.4257,1059.5277,-0.017028809,-0.119384766,0.12059313
153,503.07062,1128.66,503.062,1128.4939,-0.008605957,-0.1661377,0.16636044
153,523.7763,506.8122,523.5449,506.7231,-0.23138428,-0.08908081,0.24793966
153,509.87912,224.60266,509.45804,224.54103,-0.42108154,-0.06163025,0.4255678
153,519.5839,374.2448,519.46533,374.16055,-0.11859131,-0.08425903,0.14547674
153,438.28244,1217.1167,437.89978,1216.9745,-0.3826599,-0.14221191,0.40823135
153,524.1253,701.6534,524.0076,701.50256,-0.11767578,-0.15081787,0.1912946
153,517.4177,341.11816,517.34186,341.0078,-0.0758667,-0.11035156,0.13391499
153,476.77145,631.6637,476.86288,631.5229,0.091430664,-0.1408081,0.16788833
153,521.60077,441.77515,521.4746,441.58893,-0.12615967,-0.18621826,0.22492999
153,519.6529,408.39127,519.3869,408.31412,-0.2659912,-0.07714844,0.27695343
153,421.33194,226.78764,421.2829,226.95178,-0.049041748,0.1641388,0.1713086
153,114.85606,622.67395,114.48679,622.50507,-0.3692627,-0.16888428,0.4060503
153,455.07858,226.20103,454.82874,226.33669,-0.24984741,0.13565063,0.28429708
153,356.51028,228.23003,356.3946,228.40102,-0.11569214,0.17098999,0.20645157
153,519.92065,571.7457,519.7301,571.63446,-0.19055176,-0.11126709,0.22065887
153,130.94055,231.28616,130.81604,231.48369,-0.12451172,0.19752502,0.23349369
153,190.76283,230.96956,190.64467,231.07762,-0.11816406,0.108062744,0.1601259
153,523.52356,474.861,523.14557,474.70117,-0.37799072,-0.15982056,0.41038957
153,516.3246,278.36118,516.2544,278.28998,-0.07019043,-0.07119751,0.09997891
153,390.6486,227.88684,390.49472,228.09683,-0.15386963,0.20999146,0.26033106
153,527.7863,667.58203,527.5873,667.4363,-0.19903564,-0.14575195,0.2466958
153,122.51773,313.90402,122.32292,313.774,-0.19480896,-0.1300354,0.23422155
153,491.22516,1217.7184,491.2053,1217.5798,-0.019866943,-0.1385498,0.13996693
153,258.41705,229.82423,258.25153,229.95284,-0.16552734,0.12860107,0.20961283
153,490.69345,1217.2397,490.68265,1217.0667,-0.010803223,-0.1730957,0.1734325
153,513.55817,243.86214,513.25305,243.69965,-0.30511475,-0.16249084,0.34568524
153,481.12463,225.55402,481.156,225.61293,0.03137207,0.058914185,0.06674644
153,516.475,308.17078,516.4176,307.9621,-0.057373047,-0.2086792,0.21642244
153,521.79846,538.3495,521.6936,538.2476,-0.1048584,-0.101867676,0.1461927
153,389.0016,1218.932,386.58783,1219.02,-2.4137573,0.088012695,2.4153614
153,470.33237,1255.6893,471.3714,1255.4209,1.039032,-0.26843262,1.0731466
154,480.5004,1000.11865,479.84845,1000.20764,-0.651947,0.08898926,0.6579924
154,436.91525,1211.753,436.7152,1211.7758,-0.20004272,0.022705078,0.20132713
154,436.81393,1212.1561,436.61703,1212.1743,-0.19689941,0.018188477,0.19773771
154,474.10223,1216.0071,473.77655,1216.0741,-0.3256836,0.0670166,0.3325072
154,427.3787,1216.7645,427.04926,1216.8761,-0.32943726,0.111572266,0.34781787
154,500.14227,1197.587,500.36014,1197.4127,0.21786499,-0.1743164,0.27901858
154,121.747536,623.2482,121.57425,623.2891,-0.17328644,0.040893555,0.17804627
154,322.9794,227.34969,322.93805,227.59842,-0.04135132,0.24873352,0.25214738
154,517.4257,1059.5277,517.53827,1059.6848,0.11254883,0.15710449,0.19325905
154,503.062,1128.4939,502.89346,1128.4117,-0.16854858,-0.08215332,0.18750411
154,523.5449,506.7231,523.3082,506.67404,-0.23669434,-0.049072266,0.24172772
154,509.45804,224.54103,509.22952,224.66391,-0.22851562,0.12287903,0.25945836
154,519.46533,374.16055,519.2152,374.0785,-0.25012207,-0.08206177,0.26323977
154,437.89978,1216.9745,437.602,1217.0049,-0.29779053,0.030395508,0.29933774
154,524.0076,701.50256,523.8225,701.47284,-0.18511963,-0.029724121,0.1874908
154,517.34186,341.0078,517.2023,340.9681,-0.1395874,-0.03970337,0.14512408
154,476.86288,631.5229,476.8664,631.3003,0.0035095215,-0.22259521,0.22262287
154,521.4746,441.58893,521.35297,441.55527,-0.12164307,-0.03366089,0.12621446
154,519.3869,408.31412,519.343,408.38272,-0.043884277,0.068603516,0.081438765
154,421.2829,226.95178,421.31555,227.24219,0.03265381,0.29040527,0.29223534
154,114.48679,622.50507,114.34629,622.4432,-0.14050293,-0.06188965,0.15352981
154,454.82874,226.33669,454.6408,226.53557,-0.18792725,0.19888306,0.27362588
154,356.3946,228.40102,356.26883,228.66708,-0.12576294,0.2660675,0.29429278
154,519.7301,571.63446,519.603,571.61523,-0.1270752,-0.019226074,0.12852138
154,130.81604,231.48369,130.73799,231.74217,-0.078048706,0.2584839,0.27001023
154,190.64467,231.07762,190.60292,231.3128,-0.041748047,0.23518372,0.23886038
154,523.14557,474.70117,522.9512,474.70844,-0.19439697,0.0072631836,0.19453262
154,516.2544,278.28998,516.10474,278.30292,-0.1496582,0.012939453,0.15021653
154,390.49472,228.09683,390.51752,228.37694,0.02279663,0.2801056,0.28103173
154,527.5873,667.4363,527.4773,667.35156,-0.10998535,-0.0847168,0.1388298
154,122.32292,313.774,122.21752,313.80807,-0.105400085,0.034088135,0.11077535
154,491.2053,1217.5798,491.47464,1217.5356,0.26934814,-0.044189453,0.27294895
154,258.25153,229.95284,258.187,230.19444,-0.06451416,0.24160767,0.2500727
154,490.68265,1217.0667,490.93628,1217.0244,0.2536316,-0.042236328,0.25712427
154,513.25305,243.69965,512.6865,243.57567,-0.5665283,-0.12397766,0.57993513
154,481.156,225.61293,480.85428,225.8963,-0.3017273,0.28337097,0.4139305
154,516.4176,307.9621,516.3078,307.9221,-0.109802246,-0.040008545,0.11686409
154,521.6936,538.2476,521.53577,538.3199,-0.15783691,0.072265625,0.17359382
154,386.58783,1219.02,385.36862,1219.1223,-1.2192078,0.10229492,1.2234917
154,471.3714,1255.4209,471.76422,1255.3547,0.39282227,-0.06616211,0.39835507
155,479.84845,1000.20764,479.31946,1000.45654,-0.5289917,0.24890137,0.58462304
155,436.7152,1211.7758,436.51645,1211.8215,-0.19876099,0.045776367,0.20396422
155,436.61703,1212.1743,436.4223,1212.2145,-0.19473267,0.040161133,0.1988309
155,473.77655,1216.0741,473.55557,1216.1626,-0.22097778,0.08850098,0.23804118
155,427.04926,1216.8761,426.70206,1216.8665,-0.3471985,-0.009643555,0.3473324
155,500.36014,1197.4127,500.6112,1197.2705,0.25106812,-0.14221191,0.2885471
155,121.57425,623.2891,121.37577,623.3033,-0.1984787,0.014160156,0.19898318
155,322.93805,227.59842,322.9512,227.90279,0.013153076,0.30436707,0.30465114
155,517.53827,1059.6848,517.56165,1059.9846,0.023376465,0.2998047,0.30071467
155,502.89346,1128.4117,503.08258,1128.4082,0.18911743,-0.003540039,0.18915056
155,523.3082,506.67404,523.16986,506.63748,-0.1383667,-0.03656006,0.14311527
155,509.22952,224.66391,509.06766,224.85178,-0.16186523,0.18786621,0.24797997
155,519.2152,374.0785,519.2401,374.15976,0.024902344,0.08126831,0.08499803
155,437.602,1217.0049,437.3257,1217.0585,-0.27627563,0.053588867,0.28142494
155,523.8225,701.47284,523.7669,701.5707,-0.055603027,0.097839355,0.11253549
155,517.2023,340.9681,517.13916,340.98978,-0.06311035,0.02166748,0.066726275
155,476.8664,631.3003,476.9959,630.97626,0.1295166,-0.32403564,0.34896082
155,521.35297,441.55527,521.2462,441.5265,-0.10675049,-0.028778076,0.1105615
155,519.343,408.38272,519.3217,408.51248,-0.02130127,0.12976074,0.1314975
155,421.31555,227.24219,421.21155,227.60933,-0.104003906,0.36714172,0.3815886
155,114.34629,622.4432,114.07336,622.4153,-0.27293396,-0.027893066,0.27435556
155,454.6408,226.53557,454.54364,226.88655,-0.09716797,0.35098267,0.36418462
155,356.26883,228.66708,356.28372,228.93506,0.014892578,0.26797485,0.26838836
155,519.603,571.61523,519.5198,571.584,-0.08325195,-0.03125,0.08892384
155,130.73799,231.74217,130.56696,232.09338,-0.17103577,0.35121155,0.39064407
155,190.60292,231.3128,190.41814,231.72263,-0.18478394,0.40982056,0.4495531
155,522.9512,474.70844,522.92957,474.82162,-0.021606445,0.1131897,0.11523344
155,516.10474,278.30292,516.0629,278.32736,-0.041809082,0.02444458,0.04843074
155,390.51752,228.37694,390.34656,228.87529,-0.17095947,0.49835205,0.5268604
155,527.4773,667.35156,527.42096,667.2853,-0.05633545,-0.06628418,0.08699009
155,122.21752,313.80807,122.22409,313.91995,0.0065689087,0.11187744,0.11207013
155,491.47464,1217.5356,491.73325,1217.4845,0.25860596,-0.05114746,0.26361543
155,258.187,230.19444,257.97836,230.52362,-0.20864868,0.32917786,0.38973367
155,490.93628,1217.0244,491.1759,1216.9967,0.23962402,-0.027709961,0.24122088
155,512.6865,243.57567,512.6024,243.54556,-0.084106445,-0.03010559,0.08933219
155,480.85428,225.8963,481.16345,226.24191,0.30917358,0.34561157,0.46371937
155,516.3078,307.9221,516.35767,307.9137,0.049865723,-0.008392334,0.050567
155,521.53577,538.3199,521.56683,538.44147,0.031066895,0.12158203,0.12548842
155,385.36862,1219.1223,384.964,1219.1768,-0.40463257,0.05444336,0.40827882
155,471.76422,1255.3547,471.8631,1255.154,0.09887695,-0.2006836,0.22371982
156,479.31946,1000.45654,478.77185,1000.7786,-0.5476074,0.32208252,0.6353039
156,436.51645,1211.8215,436.5221,1211.8552,0.005645752,0.033691406,0.03416117
156,436.4223,1212.2145,436.42676,1212.2429,0.0044555664,0.028442383,0.028789256
156,473.55557,1216.1626,473.41287,1216.2643,-0.1427002,0.10168457,0.175223
156,426.70206,1216.8665,426.5829,1216.9368,-0.11917114,0.0703125,0.13836765
156,500.6112,1197.2705,501.0007,1197.0963,0.38949585,-0.17419434,0.42667398
156,121.37577,623.3033,121.22468,623.4476,-0.15109253,0.14428711,0.20892037
156,322.9512,227.90279,323.0025,228.22797,0.05130005,0.32518005,0.3292017
156,517.56165,1059.9846,517.9563,1060.1348,0.39465332,0.15014648,0.42225018
156,503.08258,1128.4082,503.10352,1128.3755,0.020935059,-0.032714844,0.0388399
156,523.16986,506.63748,523.13763,506.65225,-0.032226562,0.014770508,0.035450235
156,509.06766,224.85178,508.88745,225.05682,-0.1802063,0.2050476,0.27298138
156,519.2401,374.15976,519.22107,374.17432,-0.019042969,0.014556885,0.023969512
156,437.3257,1217.0585,437.23807,1217.1118,-0.087646484,0.053344727,0.10260393
156,523.7669,701.5707,523.7426,701.6048,-0.024291992,0.034118652,0.041882973
156,517.13916,340.98978,517.12164,340.99033,-0.01751709,0.0005493164,0.0175257
156,476.9959,630.97626,477.02722,630.8781,0.031311035,-0.09814453,0.103018105
156,521.2462,441.5265,521.2599,441.4912,0.013671875,-0.03527832,0.037834905
156,519.3217,408.51248,519.3286,408.5938,0.0068969727,0.081329346,0.08162127
156,421.21155,227.60933,421.21527,228.19585,0.0037231445,0.58651733,0.58652914
156,114.07336,622.4153,113.91787,622.3802,-0.15548706,-0.035095215,0.15939856
156,454.54364,226.88655,454.5142,227.42938,-0.029449463,0.5428314,0.5436297
156,356.28372,228.93506,356.24533,229.46957,-0.038391113,0.5345154,0.5358923
156,519.5198,571.584,519.5613,571.57043,0.041503906,-0.013549805,0.043659724
156,130.56696,232.09338,130.55261,232.58154,-0.014343262,0.48815918,0.48836985
156,190.41814,231.72263,190.31503,232.29652,-0.10310364,0.5738983,0.5830863
156,522.92957,474.82162,522.87897,474.8263,-0.050598145,0.0046691895,0.050813124
156,516.0629,278.32736,516.0874,278.34506,0.024475098,0.017700195,0.030204756
156,390.34656,228.87529,390.35623,229.46507,0.009674072,0.5897827,0.58986205
156,527.42096,667.2853,527.3685,667.2398,-0.0524292,-0.04547119,0.06940065
156,122.22409,313.91995,122.13652,314.00604,-0.08757019,0.08609009,0.12280082
156,491.73325,1217.4845,492.04153,1217.4762,0.30828857,-0.008300781,0.3084003
156,257.97836,230.52362,257.90396,230.94125,-0.074401855,0.41763306,0.42420867
156,491.1759,1216.9967,491.49197,1216.9946,0.31607056,-0.0020751953,0.31607738
156,512.6024,243.54556,512.3638,243.46355,-0.23864746,-0.08201599,0.25234744
156,481.16345,226.24191,481.17618,226.7946,0.01272583,0.5526886,0.5528351
156,516.35767,307.9137,516.3833,307.9163,0.025634766,0.0025939941,0.025765674
156,521.56683,538.44147,521.6138,538.5081,0.046936035,0.06665039,0.0815185
156,384.964,1219.1768,384.57797,1219.297,-0.38601685,0.12023926,0.4043099
156,471.8631,1255.154,472.70038,1255.0446,0.8372803,-0.10949707,0.84440976
157,478.77185,1000.7786,478.19125,1000.942,-0.5805969,0.16339111,0.6031496
157,436.5221,1211.8552,436.3292,1211.8883,-0.19290161,0.033081055,0.19571762
157,436.42676,1212.2429,436.2245,1212.2755,-0.20227051,0.032592773,0.2048796
157,473.41287,1216.2643,473.0889,1216.3453,-0.3239746,0.08105469,0.3339602
157,426.5829,1216.9368,426.15134,1217.0085,-0.43154907,0.071777344,0.43747753
157,501.0007,1197.0963,501.371,1196.986,0.3703003,-0.11035156,0.38639328
157,121.22468,623.4476,121.03776,623.48376,-0.18692017,0.036193848,0.19039208
157,323.0025,228.22797,322.99646,228.54504,-0.0060424805,0.31707764,0.3171352
157,517.9563,1060.1348,518.0731,1060.3136,0.11682129,0.17883301,0.21360819
157,503.10352,1128.3755,503.02267,1128.2893,-0.080841064,-0.08618164,0.11816325
157,523.13763,506.65225,523.0495,506.6065,-0.088134766,-0.04574585,0.09929965
157,508.88745,225.05682,508.36426,225.23634,-0.52319336,0.17951965,0.5531352
157,519.22107,374.17432,519.141,374.18777,-0.080078125,0.013458252,0.08120117
157,437.23807,1217.1118,436.8303,1217.1849,-0.40777588,0.07312012,0.41427976
157,523.7426,701.6048,523.651,701.5804,-0.09161377,-0.024414062,0.094811015
157,517.12164,340.99033,517.0273,340.98807,-0.09436035,-0.0022583008,0.094387375
157,477.02722,630.8781,477.07532,630.6328,0.048095703,-0.2453003,0.24997085
157,521.2599,441.4912,520.91693,441.4912,-0.34295654,0.0,0.34295654
157,519.3286,408.5938,519.31335,408.6463,-0.015258789,0.052490234,0.054663107
157,421.21527,228.19585,421.1769,228.50543,-0.038360596,0.30958557,0.31195313
157,113.91787,622.3802,113.80072,622.3301,-0.11714935,-0.050109863,0.12741652
157,454.5142,227.42938,454.24136,227.7353,-0.27282715,0.30592346,0.4099071
157,356.24533,229.46957,356.27692,229.66075,0.031585693,0.19117737,0.19376904
157,519.5613,571.57043,519.4635,571.5821,-0.09777832,0.011657715,0.09847082
157,130.55261,232.58154,130.51389,232.82852,-0.038726807,0.24697876,0.24999654
157,190.31503,232.29652,190.28447,232.53311,-0.030563354,0.23658752,0.23855351
157,522.87897,474.8263,522.7726,474.83783,-0.10638428,0.0115356445,0.107007876
157,516.0874,278.34506,515.9535,278.38617,-0.13391113,0.041107178,0.14007851
157,390.35623,229.46507,390.3443,229.75468,-0.011932373,0.28961182,0.28985754
157,527.3685,667.2398,527.23157,667.18,-0.13696289,-0.059814453,0.14945436
157,122.13652,314.00604,122.01736,314.00098,-0.11916351,-0.005065918,0.11927115
157,492.04153,1217.4762,492.4429,1217.4442,0.4013672,-0.031982422,0.40263942
157,257.90396,230.94125,257.80127,231.2659,-0.10269165,0.324646,0.3405005
157,491.49197,1216.9946,491.8929,1216.98,0.40093994,-0.0146484375,0.40120745
157,512.3638,243.46355,512.03174,243.39563,-0.33203125,-0.06791687,0.33890626
157,481.17618,226.7946,480.98096,227.0793,-0.19522095,0.2846985,0.34520203
157,516.3833,307.9163,516.28723,307.92737,-0.096069336,0.011077881,0.09670593
157,521.6138,538.5081,521.51013,538.5299,-0.103637695,0.02178955,0.10590352
157,384.57797,1219.297,383.6405,1219.3464,-0.9374695,0.049438477,0.93877214
157,472.70038,1255.0446,472.81818,1254.9835,0.11779785,-0.061035156,0.13267112
