frame,x_old,y_old,x_new,y_new,dx,dy,displacement
0,788.0,318.0,782.2589,316.23886,-5.741089,-1.7611389,6.005141
0,775.0,332.0,768.47363,329.33463,-6.526367,-2.6653748,7.049659
0,776.0,357.0,767.92194,354.33344,-8.078064,-2.666565,8.506803
0,546.0,647.0,546.6749,646.58936,0.67492676,-0.41064453,0.79003483
0,848.0,235.0,847.37604,237.13344,-0.6239624,2.133438,2.2228105
0,301.0,141.0,301.45923,140.96866,0.45922852,-0.031341553,0.46029678
0,733.0,230.0,733.70026,224.27573,0.70025635,-5.7242737,5.7669463
0,683.0,274.0,680.5319,264.65714,-2.4680786,-9.342865,9.663361
0,772.0,218.0,773.3838,215.13182,1.3837891,-2.8681793,3.1845448
0,668.0,312.0,663.18915,302.69464,-4.810852,-9.305359,10.4754
0,283.0,202.0,283.7252,201.91743,0.7251892,-0.08256531,0.72987425
0,297.0,229.0,297.939,228.8785,0.93899536,-0.12150574,0.94682413
0,325.0,149.0,325.52017,148.94507,0.5201721,-0.05493164,0.52306455
0,891.0,285.0,886.582,290.0245,-4.41803,5.0245056,6.6906385
0,1179.0,445.0,1179.579,444.52777,0.5789795,-0.472229,0.7471396
0,818.0,239.0,818.46826,239.12784,0.46826172,0.12783813,0.4853984
0,1245.0,82.0,1245.9159,81.43958,0.91589355,-0.5604172,1.073745
0,881.0,380.0,870.652,384.1761,-10.348022,4.1760864,11.15891
0,778.0,257.0,777.33923,254.73625,-0.6607666,-2.2637482,2.358213
0,893.0,356.0,884.01074,361.23416,-8.989258,5.2341614,10.402077
0,665.0,338.0,658.6617,328.62387,-6.338318,-9.376129,11.317512
0,805.0,284.0,801.573,283.01428,-3.427002,-0.9857178,3.5659475
0,719.0,346.0,711.418,339.3289,-7.58197,-6.671112,10.09901
0,761.0,239.0,760.98706,234.53351,-0.012939453,-4.4664917,4.466511
0,871.0,254.0,869.0765,257.95538,-1.923523,3.9553833,4.398295
0,801.0,220.0,801.75366,219.06194,0.7536621,-0.9380646,1.2033169
0,1148.0,74.0,1148.4883,73.531296,0.48828125,-0.46870422,0.6768325
0,312.0,231.0,312.62378,230.54927,0.6237793,-0.45072937,0.7695827
0,1247.0,98.0,1247.8635,97.325195,0.8635254,-0.6748047,1.0959185
0,845.0,275.0,842.4769,276.52316,-2.5230713,1.5231628,2.9471874
0,777.0,274.0,774.48883,271.2143,-2.5111694,-2.7857056,3.7504838
0,690.0,258.0,689.02673,249.75871,-0.9732666,-8.241287,8.298558
0,818.0,258.0,816.5629,257.79553,-1.4370728,-0.20446777,1.4515458
0,833.0,302.0,828.29663,302.96918,-4.703369,0.96917725,4.8021855
0,740.0,275.0,738.24835,270.06622,-1.751648,-4.933777,5.2354965
0,861.0,310.0,856.06793,312.84042,-4.932068,2.8404236,5.691511
0,838.0,354.0,829.0506,355.44278,-8.949402,1.4427795,9.064955
0,800.0,353.0,792.1807,352.45715,-7.819275,-0.5428467,7.8380957
0,763.0,370.0,753.9096,366.98486,-9.090393,-3.0151367,9.577385
0,712.0,266.0,710.82245,259.1391,-1.1775513,-6.860901,6.9612203
0,700.0,486.0,683.39575,484.95972,-16.604248,-1.0402832,16.636803
0,747.0,213.0,747.0512,208.85052,0.051208496,-4.149475,4.1497912
0,867.0,338.0,859.3333,341.95352,-7.666687,3.9535217,8.626032
0,839.0,337.0,832.01117,338.7827,-6.9888306,1.7827148,7.212616
0,720.0,329.0,714.1284,322.97113,-5.871582,-6.0288696,8.415625
0,437.0,60.0,437.47736,59.954098,0.47735596,-0.045902252,0.47955784
0,746.0,355.0,737.97687,350.1869,-8.023132,-4.8131104,9.356104
0,702.0,293.0,698.83356,285.7657,-3.1664429,-7.234314,7.8969398
0,789.0,229.0,790.21124,227.53836,1.2112427,-1.4616394,1.8982882
0,790.0,380.0,780.05054,378.75836,-9.949463,-1.2416382,10.026638
1,782.2589,316.23886,776.89557,314.77243,-5.3633423,-1.4664307,5.560203
1,768.47363,329.33463,762.182,326.8164,-6.291626,-2.518219,6.776871
1,767.92194,354.33344,760.23236,351.72586,-7.689575,-2.6075745,8.119668
1,546.6749,646.58936,547.01605,646.6771,0.3411255,0.087768555,0.3522356
1,847.37604,237.13344,846.93195,239.72258,-0.4440918,2.5891418,2.6269512
1,301.45923,140.96866,301.8273,140.93983,0.3680725,-0.028823853,0.3691994
1,733.70026,224.27573,734.93945,219.10127,1.2391968,-5.1744537,5.320769
1,680.5319,264.65714,678.7187,255.7573,-1.8132324,-8.899841,9.082675
1,773.3838,215.13182,774.6579,212.78017,1.2741089,-2.351654,2.674627
1,663.18915,302.69464,658.9214,294.01355,-4.267761,-8.681091,9.673424
1,283.7252,201.91743,283.79648,201.91476,0.07128906,-0.002670288,0.071339056
1,297.939,228.8785,297.99213,228.89352,0.053131104,0.015029907,0.05521605
1,325.52017,148.94507,325.92798,148.49269,0.4078064,-0.45237732,0.6090577
1,886.582,290.0245,882.19745,295.56485,-4.3845215,5.540344,7.065369
1,1179.579,444.52777,1181.7231,444.08185,2.144165,-0.44592285,2.1900437
1,818.46826,239.12784,818.9303,240.13254,0.46203613,1.0046997,1.1058476
1,1245.9159,81.43958,1247.666,80.44647,1.7501221,-0.99311066,2.0122614
1,870.652,384.1761,860.3802,388.325,-10.27179,4.148926,11.0780525
1,777.33923,254.73625,776.77747,253.00897,-0.5617676,-1.7272797,1.8163364
1,884.01074,361.23416,875.5596,366.18436,-8.451172,4.9501953,9.79422
1,658.6617,328.62387,652.7379,320.02826,-5.923767,-8.595612,10.439136
1,801.573,283.01428,798.2779,282.40457,-3.295105,-0.6097107,3.3510392
1,711.418,339.3289,704.2751,332.50662,-7.1429443,-6.8222656,9.877498
1,760.98706,234.53351,761.44867,231.03175,0.4616089,-3.5017548,3.5320487
1,869.0765,257.95538,867.06104,262.32312,-2.015442,4.367737,4.810315
1,801.75366,219.06194,802.7251,218.55586,0.97143555,-0.506073,1.0953524
1,1148.4883,73.531296,1150.203,72.54492,1.7147217,-0.9863739,1.978182
1,312.62378,230.54927,312.98785,230.7195,0.3640747,0.17022705,0.401905
1,1247.8635,97.325195,1249.4679,96.475395,1.6043701,-0.8498001,1.815534
1,842.4769,276.52316,840.1775,278.53528,-2.2994385,2.0121155,3.0554912
1,774.48883,271.2143,772.02313,268.6471,-2.4656982,-2.5671997,3.55952
1,689.02673,249.75871,687.96655,242.4098,-1.0601807,-7.3489075,7.4249864
1,816.5629,257.79553,814.8352,258.09143,-1.7277222,0.29589844,1.7528776
1,828.29663,302.96918,824.053,303.97006,-4.2436523,1.000885,4.3600864
1,738.24835,270.06622,736.6962,265.672,-1.552124,-4.394226,4.6602907
1,856.06793,312.84042,850.42786,315.55234,-5.6400757,2.711914,6.258189
1,829.0506,355.44278,819.7712,356.95123,-9.279419,1.5084534,9.401225
1,792.1807,352.45715,784.3195,351.99707,-7.861206,-0.460083,7.874658
1,753.9096,366.98486,745.3534,364.07883,-8.556213,-2.9060364,9.036251
1,710.82245,259.1391,709.8317,252.87239,-0.99072266,-6.2667084,6.344538
1,683.39575,484.95972,667.7072,484.2863,-15.688538,-0.6734314,15.702985
1,747.0512,208.85052,748.6454,204.84883,1.5941772,-4.0016937,4.307546
1,859.3333,341.95352,851.45935,346.0573,-7.8739624,4.1037903,8.87921
1,832.01117,338.7827,825.1543,340.93848,-6.8568726,2.1557617,7.187768
1,714.1284,322.97113,708.86426,317.2032,-5.26416,-5.7679443,7.8090053
1,437.47736,59.954098,438.4191,59.494244,0.94174194,-0.45985413,1.0480189
1,737.97687,350.1869,729.6799,345.37286,-8.296997,-4.814026,9.592445
1,698.83356,285.7657,696.26636,278.78302,-2.5671997,-6.982666,7.439633
1,790.21124,227.53836,791.92883,226.43695,1.7175903,-1.1014099,2.0403972
1,780.05054,378.75836,770.52386,377.79202,-9.526672,-0.9663391,9.575558
2,776.89557,314.77243,770.8458,313.70953,-6.0497437,-1.0628967,6.142406
2,762.182,326.8164,755.56647,324.71625,-6.6155396,-2.1001587,6.9408956
2,760.23236,351.72586,752.1467,349.41943,-8.085632,-2.306427,8.408154
2,547.01605,646.6771,552.058,623.09216,5.041931,-23.58496,24.117867
2,846.93195,239.72258,845.4379,243.16321,-1.4940186,3.440628,3.7510016
2,301.8273,140.93983,301.88782,140.89517,0.060516357,-0.044662476,0.07521281
2,734.93945,219.10127,735.8652,215.03778,0.9257202,-4.063492,4.1676044
2,678.7187,255.7573,677.0577,247.71175,-1.6610107,-8.0455475,8.215217
2,774.6579,212.78017,775.8437,211.57083,1.185791,-1.2093353,1.6936918
2,658.9214,294.01355,654.8042,285.34903,-4.1171875,-8.66452,9.592974
2,283.79648,201.91476,284.2899,201.93466,0.4934082,0.019897461,0.49380925
2,297.99213,228.89352,298.55313,228.42427,0.56100464,-0.46925354,0.73138577
2,325.92798,148.49269,326.54898,148.41023,0.6210022,-0.082458496,0.6264528
2,882.19745,295.56485,876.552,301.61743,-5.645447,6.052582,8.276764
2,1181.7231,444.08185,1182.269,443.60672,0.54589844,-0.47512817,0.723707
2,818.9303,240.13254,818.4794,242.3238,-0.45092773,2.191269,2.2371848
2,1247.666,80.44647,1248.6063,79.90771,0.9403076,-0.53876495,1.0837187
2,860.3802,388.325,849.3089,392.198,-11.071289,3.8729858,11.729171
2,776.77747,253.00897,775.6911,252.2136,-1.0863647,-0.79537964,1.346409
2,875.5596,366.18436,865.7558,371.5302,-9.803772,5.3458557,11.166562
2,652.7379,320.02826,647.1228,312.15408,-5.6151123,-7.874176,9.671202
2,798.2779,282.40457,794.16046,282.4221,-4.1174316,0.01751709,4.117469
2,704.2751,332.50662,697.36255,326.15744,-6.9125366,-6.349182,9.385908
2,761.44867,231.03175,761.4059,228.15378,-0.042785645,-2.8779755,2.8782935
2,867.06104,262.32312,864.41077,267.85623,-2.6502686,5.5331116,6.135083
2,802.7251,218.55586,803.006,218.9476,0.2808838,0.3917389,0.4820322
2,1150.203,72.54492,1150.5265,72.08978,0.32348633,-0.45513916,0.5583861
2,312.98785,230.7195,313.9586,230.35828,0.97073364,-0.3612213,1.0357629
2,1249.4679,96.475395,1250.4061,95.75569,0.9382324,-0.7197037,1.1824777
2,840.1775,278.53528,836.7059,281.31888,-3.4716187,2.7835999,4.4497824
2,772.02313,268.6471,768.76434,266.6588,-3.258789,-1.9882812,3.8174558
2,687.96655,242.4098,687.4336,235.49237,-0.532959,-6.9174347,6.9379354
2,814.8352,258.09143,812.4995,259.08337,-2.3356934,0.99194336,2.5376003
2,824.053,303.97006,818.8416,305.8133,-5.2113647,1.8432312,5.5277324
2,736.6962,265.672,734.7819,262.41998,-1.9143066,-3.2520142,3.7736144
2,850.42786,315.55234,843.9509,319.1213,-6.4769287,3.5689697,7.395144
2,819.7712,356.95123,810.28156,358.33316,-9.489624,1.3819275,9.589718
2,784.3195,351.99707,775.8343,351.76813,-8.4852295,-0.22894287,8.4883175
2,745.3534,364.07883,736.09686,361.25583,-9.256531,-2.822998,9.677431
2,709.8317,252.87239,709.3318,247.41737,-0.49993896,-5.455017,5.477878
2,667.7072,484.2863,651.42786,483.51328,-16.279358,-0.77301025,16.297699
2,748.6454,204.84883,749.0758,202.16695,0.43041992,-2.6818848,2.7162046
2,851.45935,346.0573,842.7051,350.15036,-8.754272,4.093048,9.663867
2,825.1543,340.93848,817.5071,343.2078,-7.647217,2.2693176,7.9768243
2,708.86426,317.2032,703.2522,312.08078,-5.6120605,-5.122406,7.598307
2,438.4191,59.494244,438.51996,59.44731,0.100860596,-0.04693222,0.11124519
2,729.6799,345.37286,721.9222,340.9957,-7.7576904,-4.3771667,8.907376
2,696.26636,278.78302,693.48987,272.5991,-2.7764893,-6.1839294,6.7786336
2,791.92883,226.43695,792.4139,226.70038,0.4850464,0.26342773,0.5519639
2,770.52386,377.79202,760.44543,376.78235,-10.07843,-1.0096741,10.12888
3,770.8458,313.70953,764.5712,313.1907,-6.274597,-0.51882935,6.296011
3,755.56647,324.71625,748.63605,322.96872,-6.93042,-1.7475281,7.1473475
3,752.1467,349.41943,743.65686,347.4343,-8.489868,-1.9851379,8.718866
3,845.4379,243.16321,843.53046,247.79878,-1.9074707,4.6355743,5.0126834
3,301.88782,140.89517,302.41046,140.40941,0.52264404,-0.48576355,0.7135286
3,735.8652,215.03778,736.7458,211.75488,0.88061523,-3.282898,3.398956
3,677.0577,247.71175,675.3964,240.38776,-1.6612549,-7.32399,7.510033
3,775.8437,211.57083,776.9636,211.0639,1.1199341,-0.5069275,1.22932
3,654.8042,285.34903,650.98346,276.50104,-3.8207397,-8.847992,9.637688
3,284.2899,201.93466,284.5203,201.95111,0.23040771,0.016448975,0.23099412
3,298.55313,228.42427,298.9941,228.32538,0.440979,-0.09889221,0.45193157
3,326.54898,148.41023,326.7224,148.44717,0.1734314,0.03694153,0.1773221
3,876.552,301.61743,870.5423,308.60657,-6.0097046,6.9891357,9.217623
3,1182.269,443.60672,1184.1122,443.1763,1.8431396,-0.43041992,1.8927295
3,818.4794,242.3238,817.8085,244.88629,-0.67089844,2.5624847,2.648855
3,1248.6063,79.90771,1249.8176,78.88327,1.2113037,-1.024437,1.5864198
3,849.3089,392.198,837.6725,396.45316,-11.636414,4.2551575,12.390016
3,775.6911,252.2136,774.27765,252.14987,-1.4134521,-0.0637207,1.4148878
3,865.7558,371.5302,855.2329,377.0906,-10.522888,5.5603943,11.901646
3,647.1228,312.15408,641.1191,305.0436,-6.003723,-7.1104736,9.306102
3,794.16046,282.4221,790.0014,282.83762,-4.1590576,0.41552734,4.1797633
3,697.36255,326.15744,690.2324,320.147,-7.130127,-6.010437,9.325453
3,761.4059,228.15378,761.42535,226.28268,0.019470215,-1.8710938,1.8711951
3,864.41077,267.85623,860.6578,273.47086,-3.7529907,5.614624,6.753439
3,803.006,218.9476,803.1897,220.27834,0.18371582,1.3307343,1.3433559
3,1150.5265,72.08978,1152.1329,71.167435,1.6064453,-0.922348,1.8524019
3,313.9586,230.35828,314.42908,229.9696,0.4704895,-0.38867188,0.61026734
3,1250.4061,95.75569,1251.8225,95.058846,1.4163818,-0.696846,1.5785221
3,836.7059,281.31888,833.0218,284.83395,-3.684082,3.5150757,5.0919757
3,768.76434,266.6588,765.968,265.68585,-2.7963257,-0.9729614,2.9607587
3,687.4336,235.49237,686.77606,229.30989,-0.65753174,-6.18248,6.217347
3,812.4995,259.08337,809.9348,260.64993,-2.5646973,1.5665588,3.0052917
3,818.8416,305.8133,813.2966,307.95166,-5.545044,2.1383667,5.9430737
3,734.7819,262.41998,733.0585,259.3349,-1.7234497,-3.085083,3.5338387
3,843.9509,319.1213,837.2179,322.94897,-6.733032,3.8276672,7.7449827
3,810.28156,358.33316,800.3107,360.2997,-9.970825,1.9665527,10.162908
3,775.8343,351.76813,767.069,351.95517,-8.76532,0.18704224,8.767316
3,736.09686,361.25583,726.6062,358.81354,-9.490662,-2.4422913,9.79987
3,709.3318,247.41737,708.333,242.83179,-0.9987793,-4.5855865,4.6930976
3,651.42786,483.51328,635.485,482.96796,-15.942871,-0.5453186,15.952195
3,749.0758,202.16695,750.2161,200.00835,1.1403198,-2.1585999,2.441287
3,842.7051,350.15036,833.47656,354.64642,-9.228516,4.496063,10.26548
3,817.5071,343.2078,809.2667,346.13846,-8.240356,2.930664,8.745986
3,703.2522,312.08078,697.7015,307.10803,-5.55072,-4.972748,7.4524302
3,438.51996,59.44731,438.46497,58.813076,-0.054992676,-0.6342354,0.63661504
3,721.9222,340.9957,713.9208,336.63998,-8.001404,-4.355713,9.110143
3,693.48987,272.5991,690.6458,266.99228,-2.8440552,-5.6068115,6.28689
3,792.4139,226.70038,792.979,227.72813,0.5651245,1.0277557,1.17288
3,760.44543,376.78235,750.07605,375.7268,-10.369385,-1.055542,10.42297
4,764.5712,313.1907,757.54974,313.22458,-7.0214844,0.03387451,7.021566
4,748.63605,322.96872,741.24554,321.73547,-7.390503,-1.2332458,7.492692
4,743.65686,347.4343,735.0128,345.7719,-8.644043,-1.662384,8.802443
4,843.53046,247.79878,840.1344,253.86151,-3.3960571,6.062729,6.9490924
4,302.41046,140.40941,302.83707,140.43771,0.42660522,0.028305054,0.42754322
4,736.7458,211.75488,737.35565,209.8453,0.6098633,-1.9095764,2.0045986
4,675.3964,240.38776,674.1743,233.77182,-1.2221069,-6.6159363,6.7278643
4,776.9636,211.0639,777.4248,211.81412,0.46118164,0.7502136,0.8806299
4,650.98346,276.50104,647.25146,268.67404,-3.7319946,-7.826996,8.671197
4,284.5203,201.95111,285.28485,201.45451,0.7645569,-0.4965973,0.9116776
4,298.9941,228.32538,299.3805,228.28023,0.38638306,-0.045150757,0.3890122
4,326.7224,148.44717,327.1083,148.02495,0.38589478,-0.42222595,0.57200485
4,870.5423,308.60657,862.96783,316.0697,-7.574463,7.463135,10.633479
4,1184.1122,443.1763,1184.7714,442.7778,0.6591797,-0.39849854,0.770272
4,817.8085,244.88629,816.1726,248.92874,-1.6358643,4.04245,4.3609004
4,1249.8176,78.88327,1250.469,78.72292,0.6513672,-0.16034698,0.6708132
4,837.6725,396.45316,824.42236,401.08905,-13.250122,4.635895,14.037708
4,774.27765,252.14987,772.59015,253.02377,-1.6875,0.87390137,1.9003578
4,855.2329,377.0906,844.0191,382.32367,-11.213806,5.2330627,12.374748
4,641.1191,305.0436,635.0147,298.11572,-6.10437,-6.927887,9.233578
4,790.0014,282.83762,784.9554,284.58197,-5.0460205,1.7443542,5.3390164
4,690.2324,320.147,683.2569,314.46826,-6.975525,-5.6787415,8.99478
4,761.42535,226.28268,760.9052,225.66211,-0.5201416,-0.62057495,0.8097287
4,860.6578,273.47086,855.9783,280.70767,-4.6795044,7.2368164,8.617962
4,803.1897,220.27834,802.87683,222.85916,-0.3128662,2.5808258,2.5997205
4,1152.1329,71.167435,1152.6519,70.763565,0.5189209,-0.40386963,0.6575634
4,314.42908,229.9696,314.6238,229.81007,0.19473267,-0.15953064,0.25173566
4,1251.8225,95.058846,1252.3613,94.86824,0.53881836,-0.19060516,0.5715379
4,833.0218,284.83395,827.8877,289.00452,-5.134094,4.1705627,6.6145687
4,765.968,265.68585,762.37085,265.5679,-3.597168,-0.11795044,3.5991013
4,686.77606,229.30989,686.71826,223.78564,-0.057800293,-5.524246,5.5245485
4,809.9348,260.64993,806.69293,263.44702,-3.2418823,2.7970886,4.2817645
4,813.2966,307.95166,806.90106,310.9079,-6.395508,2.9562378,7.045698
4,733.0585,259.3349,730.6464,257.30676,-2.4120483,-2.0281372,3.1513994
4,837.2179,322.94897,829.1917,327.50232,-8.026184,4.5533447,9.227816
4,800.3107,360.2997,789.5818,362.3782,-10.728943,2.0784912,10.928419
4,767.069,351.95517,757.6654,352.56516,-9.403564,0.60998535,9.423328
4,726.6062,358.81354,716.8981,356.59497,-9.70813,-2.218567,9.958405
4,708.333,242.83179,707.413,239.14882,-0.9199829,-3.6829681,3.7961328
4,635.485,482.96796,618.07886,482.15793,-17.406128,-0.8100281,17.424967
4,750.2161,200.00835,750.7737,199.06165,0.55755615,-0.94670105,1.0986863
4,833.47656,354.64642,822.57465,359.55505,-10.9019165,4.9086304,11.956021
4,809.2667,346.13846,799.82324,349.39554,-9.443481,3.25708,9.98939
4,697.7015,307.10803,691.81964,302.98026,-5.881836,-4.127777,7.1857176
4,438.46497,58.813076,439.4356,58.788555,0.9706421,-0.024520874,0.9709518
4,713.9208,336.63998,705.5869,332.69565,-8.333862,-3.944336,9.220143
4,690.6458,266.99228,688.08734,262.16272,-2.5584717,-4.8295593,5.465384
4,792.979,227.72813,792.9326,230.18407,-0.04638672,2.4559326,2.4563708
4,750.07605,375.7268,739.11163,375.22238,-10.9644165,-0.50442505,10.976014
5,757.54974,313.22458,750.6385,313.469,-6.911255,0.24441528,6.9155755
5,741.24554,321.73547,733.8166,320.6059,-7.428955,-1.1295776,7.514341
5,735.0128,345.7719,726.20544,344.40402,-8.807373,-1.3678894,8.912965
5,840.1344,253.86151,836.8491,260.25702,-3.2852783,6.395508,7.1899633
5,302.83707,140.43771,303.03308,140.25446,0.1960144,-0.18325806,0.2683378
5,737.35565,209.8453,737.9053,208.23451,0.5496216,-1.6107941,1.7019817
5,674.1743,233.77182,673.0531,227.64389,-1.1212158,-6.1279297,6.2296586
5,777.4248,211.81412,777.8582,213.12074,0.43341064,1.3066254,1.3766316
5,647.25146,268.67404,643.8092,261.16626,-3.4422607,-7.507782,8.2592945
5,285.28485,201.45451,284.96048,201.93004,-0.32437134,0.4755249,0.575622
5,299.3805,228.28023,299.30222,228.27133,-0.07827759,-0.008895874,0.07878145
5,327.1083,148.02495,327.49252,148.28352,0.3842163,0.25857544,0.46312356
5,862.96783,316.0697,855.1835,323.59528,-7.784363,7.5255737,10.827306
5,1184.7714,442.7778,1186.3406,442.69247,1.5692139,-0.08532715,1.571532
5,816.1726,248.92874,814.109,253.58592,-2.0635986,4.657181,5.0938954
5,1250.469,78.72292,1251.9902,77.70048,1.5212402,-1.0224457,1.8329121
5,824.42236,401.08905,811.1132,405.41064,-13.309143,4.321594,13.993194
5,772.59015,253.02377,770.59155,254.4628,-1.9985962,1.4390259,2.462759
5,844.0191,382.32367,832.0721,387.8237,-11.9470215,5.5000305,13.152249
5,635.0147,298.11572,629.8163,289.81476,-5.1984253,-8.300964,9.794368
5,784.9554,284.58197,779.8704,286.16992,-5.084961,1.5879517,5.32714
5,683.2569,314.46826,676.318,308.81253,-6.938904,-5.655731,8.951854
5,760.9052,225.66211,760.4381,225.58386,-0.46710205,-0.07824707,0.47361052
5,855.9783,280.70767,850.61774,288.0859,-5.3605347,7.378235,9.119961
5,802.87683,222.85916,802.30096,225.69855,-0.5758667,2.839386,2.8971944
5,1152.6519,70.763565,1153.8763,69.848885,1.2244873,-0.9146805,1.528401
5,314.6238,229.81007,314.76218,229.69452,0.1383667,-0.11555481,0.18027273
5,1252.3613,94.86824,1254.001,93.799355,1.6396484,-1.0688858,1.9572848
5,827.8877,289.00452,822.76636,293.49612,-5.121338,4.4916077,6.8119483
5,762.37085,265.5679,758.8628,265.47382,-3.5080566,-0.09408569,3.509318
5,686.71826,223.78564,686.40356,219.1307,-0.31469727,-4.6549377,4.665563
5,806.69293,263.44702,803.02954,266.6467,-3.663391,3.1996765,4.8639865
5,806.90106,310.9079,800.39386,314.1276,-6.507202,3.219696,7.260174
5,730.6464,257.30676,728.4635,255.84834,-2.1829224,-1.4584198,2.6252882
5,829.1917,327.50232,820.7335,332.52533,-8.458191,5.0230103,9.837256
5,789.5818,362.3782,778.67755,364.36407,-10.904236,1.9858704,11.083593
5,757.6654,352.56516,747.8864,352.96088,-9.778992,0.39572144,9.786995
5,716.8981,356.59497,707.3911,354.2934,-9.506958,-2.3015747,9.7815895
5,707.413,239.14882,706.72766,235.70984,-0.68536377,-3.43898,3.5066092
5,618.07886,482.15793,601.6454,481.64423,-16.433472,-0.5137024,16.441498
5,750.7737,199.06165,751.722,198.52336,0.9483032,-0.5382843,1.0904261
5,822.57465,359.55505,811.90326,364.5015,-10.671387,4.9464417,11.762049
5,799.82324,349.39554,790.6366,352.70612,-9.1866455,3.3105774,9.764956
5,691.81964,302.98026,686.14514,298.62186,-5.6744995,-4.3583984,7.1551085
5,439.4356,58.788555,439.0676,58.42346,-0.36801147,-0.36509705,0.5183901
5,705.5869,332.69565,697.25995,328.85666,-8.326965,-3.8389893,9.169307
5,688.08734,262.16272,685.4854,257.35876,-2.6019287,-4.803955,5.463334
5,792.9326,230.18407,792.47076,232.7156,-0.46185303,2.53154,2.5733252
5,739.11163,375.22238,727.908,374.4036,-11.203613,-0.8187866,11.233493
6,750.6385,313.469,743.0051,313.85663,-7.633362,0.38763428,7.643198
6,733.8166,320.6059,725.85693,319.68158,-7.959656,-0.9243164,8.0131445
6,726.20544,344.40402,716.97516,343.12228,-9.230286,-1.2817383,9.318853
6,836.8491,260.25702,832.1248,266.70792,-4.724304,6.450897,7.995819
6,303.03308,140.25446,303.43033,140.25394,0.3972473,-0.0005187988,0.39724764
6,737.9053,208.23451,738.0478,207.60945,0.14251709,-0.62506104,0.6411025
6,673.0531,227.64389,671.85364,222.50926,-1.1994629,-5.1346283,5.2728662
6,777.8582,213.12074,777.7675,215.42554,-0.09069824,2.3047943,2.3065784
6,643.8092,261.16626,640.6739,253.9603,-3.135315,-7.205963,7.8585052
6,284.96048,201.93004,285.93378,201.93098,0.9732971,0.0009460449,0.9732976
6,299.30222,228.27133,299.77216,228.31851,0.4699402,0.047180176,0.4723026
6,327.49252,148.28352,327.77576,148.10187,0.28323364,-0.18165588,0.33648202
6,855.1835,323.59528,846.0207,331.17297,-9.162781,7.5776978,11.89025
6,1186.3406,442.69247,1187.1632,442.4248,0.82263184,-0.26766968,0.86508393
6,814.109,253.58592,810.9022,258.5872,-3.206787,5.0012665,5.9410563
6,1251.9902,77.70048,1252.4014,77.28929,0.4111328,-0.41118622,0.5814674
6,811.1132,405.41064,797.3237,409.40985,-13.78949,3.9992065,14.357704
6,770.59155,254.4628,767.5811,256.7336,-3.010437,2.270813,3.7708516
6,832.0721,387.8237,819.117,393.0574,-12.955078,5.2337036,13.972319
6,629.8163,289.81476,624.0827,282.16138,-5.7335815,-7.6533813,9.562856
6,779.8704,286.16992,773.95935,288.07635,-5.911072,1.9064331,6.2108984
6,676.318,308.81253,669.6447,303.51752,-6.673279,-5.2950134,8.518792
6,760.4381,225.58386,759.02997,226.14905,-1.4081421,0.56518555,1.5173328
6,850.61774,288.0859,844.258,294.81802,-6.359741,6.7321167,9.2610855
6,802.30096,225.69855,800.70667,229.6831,-1.5942993,3.984558,4.291677
6,1153.8763,69.848885,1154.3782,69.44627,0.50183105,-0.40261078,0.6433738
6,314.76218,229.69452,315.4117,230.0291,0.64953613,0.33457947,0.730644
6,1254.001,93.799355,1254.3394,93.541756,0.3383789,-0.25759888,0.4252734
6,822.76636,293.49612,816.62946,298.53967,-6.136902,5.0435486,7.9434843
6,758.8628,265.47382,754.37604,266.01593,-4.4867554,0.54211426,4.5193872
6,686.40356,219.1307,685.9156,215.34166,-0.48797607,-3.7890472,3.8203404
6,803.02954,266.6467,798.50323,270.22394,-4.526306,3.57724,5.769237
6,800.39386,314.1276,792.7039,317.6178,-7.6899414,3.4902039,8.444923
6,728.4635,255.84834,725.7629,254.85327,-2.7006226,-0.9950714,2.878112
6,820.7335,332.52533,811.8283,337.3682,-8.905212,4.842865,10.13687
6,778.67755,364.36407,766.93567,366.47882,-11.741882,2.114746,11.930799
6,747.8864,352.96088,738.0028,353.47656,-9.883606,0.51568604,9.89705
6,707.3911,354.2934,697.4329,352.19687,-9.958191,-2.096527,10.176492
6,706.72766,235.70984,705.78546,233.2001,-0.9421997,-2.509735,2.6807668
6,601.6454,481.64423,584.76,481.0071,-16.885376,-0.6371155,16.897392
6,751.722,198.52336,752.1854,198.8467,0.46343994,0.32333374,0.5650852
6,811.90326,364.5015,799.9451,369.16147,-11.95813,4.659973,12.834025
6,790.6366,352.70612,780.1846,356.1674,-10.452026,3.4612732,11.010235
6,686.14514,298.62186,680.4542,295.0232,-5.690918,-3.5986633,6.73327
6,439.0676,58.42346,438.99792,58.343407,-0.06967163,-0.08005142,0.1061243
6,697.25995,328.85666,688.6423,325.07556,-8.617676,-3.7810974,9.410687
6,685.4854,257.35876,682.74115,253.68274,-2.7442627,-3.6760254,4.587389
6,792.47076,232.7156,790.9595,236.7405,-1.5112915,4.024887,4.2992697
6,727.908,374.4036,716.5776,373.40863,-11.330444,-0.9949646,11.374046
7,743.0051,313.85663,735.07947,314.46008,-7.925659,0.6034546,7.9485993
7,725.85693,319.68158,717.77295,318.90744,-8.083984,-0.7741394,8.120967
7,716.97516,343.12228,707.7676,341.8227,-9.207581,-1.2995911,9.298842
7,832.1248,266.70792,826.4261,273.58853,-5.6987305,6.880615,8.9341135
7,303.43033,140.25394,303.6111,139.95895,0.18078613,-0.2949829,0.34597477
7,738.0478,207.60945,737.64105,207.66928,-0.40673828,0.059829712,0.4111151
7,671.85364,222.50926,670.6747,218.09291,-1.1789551,-4.4163513,4.571006
7,777.7675,215.42554,776.8581,218.45677,-0.9094238,3.0312347,3.1647174
7,640.6739,253.9603,637.6224,247.75757,-3.0515137,-6.2027283,6.912711
7,285.93378,201.93098,285.92578,201.89001,-0.0079956055,-0.04096985,0.04174276
7,299.77216,228.31851,300.28134,228.23744,0.5091858,-0.08106995,0.5155992
7,327.77576,148.10187,327.96448,147.77686,0.1887207,-0.3250122,0.37583032
7,846.0207,331.17297,835.98895,338.6759,-10.031738,7.5029297,12.52716
7,1187.1632,442.4248,1187.5822,441.9402,0.4189453,-0.48461914,0.640602
7,810.9022,258.5872,807.35455,264.14447,-3.5476685,5.5572815,6.5931273
7,1252.4014,77.28929,1252.8702,76.72235,0.46887207,-0.5669403,0.7357053
7,797.3237,409.40985,782.3993,412.91025,-14.924438,3.5003967,15.329437
7,767.5811,256.7336,764.18823,259.32025,-3.3928833,2.5866394,4.2664223
7,819.117,393.0574,805.03174,398.66443,-14.085266,5.607025,15.160259
7,624.0827,282.16138,618.7259,274.37915,-5.3568115,-7.7822266,9.44767
7,773.95935,288.07635,767.52686,290.53128,-6.432495,2.4549255,6.885031
7,669.6447,303.51752,662.9631,298.36807,-6.6816406,-5.1494446,8.435704
7,759.02997,226.14905,757.5622,227.6208,-1.4677734,1.471756,2.0785632
7,844.258,294.81802,837.44025,301.5282,-6.817749,6.7101746,9.5659895
7,800.70667,229.6831,798.3971,233.77202,-2.3095703,4.088913,4.696097
7,1154.3782,69.44627,1154.696,68.86932,0.3178711,-0.5769501,0.658721
7,315.4117,230.0291,315.73297,229.65903,0.32125854,-0.3700714,0.4900611
7,1254.3394,93.541756,1254.8822,92.91745,0.5428467,-0.6243057,0.82730895
7,816.62946,298.53967,809.6539,303.5807,-6.975586,5.0410156,8.60643
7,754.37604,266.01593,749.7068,266.95673,-4.6692505,0.9407959,4.7630873
7,685.9156,215.34166,685.35187,212.27354,-0.5637207,-3.0681152,3.1194732
7,798.50323,270.22394,793.5259,274.16473,-4.977356,3.940796,6.348539
7,792.7039,317.6178,784.6413,321.12378,-8.062622,3.5059814,8.791916
7,725.7629,254.85327,722.8133,254.47064,-2.949585,-0.3826294,2.9742994
7,811.8283,337.3682,802.19434,342.16364,-9.633972,4.7954407,10.761491
7,766.93567,366.47882,755.3334,368.01743,-11.602295,1.5386047,11.70387
7,738.0028,353.47656,727.5694,354.1008,-10.433411,0.62423706,10.452068
7,697.4329,352.19687,687.1528,349.9336,-10.280151,-2.2632751,10.526344
7,705.78546,233.2001,704.1237,231.5649,-1.6617432,-1.6352081,2.331372
7,584.76,481.0071,568.80853,480.37778,-15.951477,-0.6293335,15.963886
7,752.1854,198.8467,752.02185,200.00089,-0.16357422,1.1541901,1.1657234
7,799.9451,369.16147,787.77466,373.54587,-12.170471,4.3843994,12.936126
7,780.1846,356.1674,769.36774,359.10217,-10.8168335,2.934784,11.207891
7,680.4542,295.0232,674.7878,291.98593,-5.666443,-3.037262,6.4291162
7,438.99792,58.343407,439.34317,57.818535,0.34524536,-0.5248718,0.62823945
7,688.6423,325.07556,680.3551,321.5391,-8.28717,-3.5364685,9.010205
7,682.74115,253.68274,679.79785,250.6838,-2.9432983,-2.998932,4.2019753
7,790.9595,236.7405,788.9855,240.7344,-1.973999,3.9939117,4.4551096
7,716.5776,373.40863,704.7765,372.74844,-11.801086,-0.66018677,11.819538
8,735.07947,314.46008,726.3649,315.58688,-8.714539,1.1268005,8.787085
8,717.77295,318.90744,709.06744,318.84625,-8.705505,-0.061187744,8.70572
8,707.7676,341.8227,698.3611,340.9457,-9.406494,-0.87698364,9.447288
8,826.4261,273.58853,819.04767,281.13043,-7.378418,7.5419006,10.550892
8,303.6111,139.95895,305.84894,141.2226,2.2378235,1.2636414,2.56995
8,737.64105,207.66928,735.7685,209.48944,-1.8725586,1.8201599,2.6114092
8,670.6747,218.09291,668.8893,215.5674,-1.7854004,-2.5255127,3.0928738
8,776.8581,218.45677,774.01965,222.75853,-2.83844,4.301758,5.15382
8,637.6224,247.75757,634.2773,243.25897,-3.3450928,-4.498596,5.60598
8,285.92578,201.89001,287.75986,202.44466,1.8340759,0.5546417,1.916106
8,300.28134,228.23744,301.70926,228.89102,1.4279175,0.6535797,1.5703868
8,327.96448,147.77686,329.08096,148.46208,1.1164856,0.68522644,1.3099905
8,835.98895,338.6759,824.5281,345.77933,-11.460876,7.103424,13.4837055
8,1187.5822,441.9402,1185.9673,441.34848,-1.6148682,-0.5917053,1.7198588
8,807.35455,264.14447,801.40894,270.45685,-5.9456177,6.312378,8.671591
8,1252.8702,76.72235,1251.0203,77.54858,-1.8499756,0.8262253,2.0260944
8,782.3993,412.91025,767.09875,416.11118,-15.300537,3.2009277,15.631774
8,764.18823,259.32025,759.1722,263.31323,-5.0160522,3.992981,6.411293
8,805.03174,398.66443,790.8572,402.72513,-14.174561,4.0606995,14.744742
8,618.7259,274.37915,613.23566,268.6561,-5.4902344,-5.723053,7.9307003
8,767.52686,290.53128,760.3086,293.50873,-7.2182617,2.9774475,7.8082323
8,662.9631,298.36807,656.4479,294.81534,-6.5151978,-3.5527344,7.420898
8,757.5622,227.6208,754.39105,230.18817,-3.1711426,2.5673676,4.0801377
8,837.44025,301.5282,828.8923,309.16467,-8.547974,7.6364746,11.462269
8,798.3971,233.77202,794.349,239.12607,-4.0480957,5.3540497,6.7121477
8,1154.696,68.86932,1152.8813,69.78456,-1.8146973,0.9152374,2.0324333
8,315.73297,229.65903,317.3179,230.56546,1.5849304,0.9064331,1.8258219
8,1254.8822,92.91745,1253.0668,92.96446,-1.8154297,0.04701233,1.8160383
8,809.6539,303.5807,801.38983,308.7706,-8.264038,5.189911,9.75856
8,749.7068,266.95673,744.23096,268.8672,-5.47583,1.9104614,5.7995324
8,685.35187,212.27354,683.73315,210.92564,-1.6187134,-1.3479004,2.106435
8,793.5259,274.16473,786.8435,278.64658,-6.682373,4.481842,8.046181
8,784.6413,321.12378,775.675,325.14972,-8.966309,4.02594,9.828676
8,722.8133,254.47064,718.38794,255.63551,-4.425354,1.1648712,4.576099
8,802.19434,342.16364,791.4618,347.05438,-10.732544,4.890747,11.794359
8,755.3334,368.01743,742.8245,369.72372,-12.50885,1.7062988,12.624689
8,727.5694,354.1008,716.61975,354.96808,-10.949646,0.86727905,10.983939
8,687.1528,349.9336,676.7729,348.0029,-10.379883,-1.9306946,10.557914
8,704.1237,231.5649,701.51886,231.54962,-2.6048584,-0.015274048,2.6049032
8,568.80853,480.37778,551.76465,478.6933,-17.043884,-1.6844788,17.126923
8,752.02185,200.00089,750.593,202.8328,-1.428833,2.8319092,3.171951
8,787.77466,373.54587,774.66077,377.52594,-13.113892,3.980072,13.704566
8,769.36774,359.10217,757.777,362.52573,-11.590759,3.4235535,12.085794
8,674.7878,291.98593,668.34656,290.20706,-6.441223,-1.7788696,6.682345
8,439.34317,57.818535,440.7627,59.669518,1.4195251,1.8509827,2.3326354
8,680.3551,321.5391,671.98224,318.50394,-8.372864,-3.0351562,8.906011
8,679.79785,250.6838,676.2453,249.20122,-3.5525513,-1.4825897,3.8495057
8,788.9855,240.7344,784.8216,246.13324,-4.1638794,5.398834,6.818013
8,704.7765,372.74844,692.8883,371.7903,-11.888184,-0.9581299,11.926731
9,726.3649,315.58688,718.00226,316.76666,-8.362671,1.179779,8.44548
9,709.06744,318.84625,700.75476,318.86993,-8.312683,0.02368164,8.312717
9,698.3611,340.9457,689.2057,340.2731,-9.1553955,-0.6726074,9.180069
9,819.04767,281.13043,811.8526,287.80957,-7.1950684,6.679138,9.817327
9,305.84894,141.2226,306.18506,141.48607,0.3361206,0.2634735,0.42707768
9,735.7685,209.48944,733.7544,211.17369,-2.0140991,1.6842499,2.625508
9,668.8893,215.5674,666.5977,213.55096,-2.291565,-2.0164337,3.052421
9,774.01965,222.75853,771.03314,226.635,-2.9865112,3.8764648,4.8934884
9,634.2773,243.25897,630.76154,239.14507,-3.515747,-4.113907,5.411535
9,287.75986,202.44466,287.8258,202.65735,0.06594849,0.21269226,0.22268184
9,301.70926,228.89102,302.0443,228.89922,0.3350525,0.00819397,0.3351527
9,329.08096,148.46208,329.70306,148.74884,0.62210083,0.28675842,0.68501085
9,824.5281,345.77933,813.5875,352.29285,-10.940552,6.5135193,12.732698
9,1185.9673,441.34848,1186.343,441.1449,0.37573242,-0.20358276,0.42734155
9,801.40894,270.45685,795.64294,276.28702,-5.765991,5.8301697,8.19985
9,1251.0203,77.54858,1251.0095,77.32833,-0.0107421875,-0.22024536,0.22050717
9,767.09875,416.11118,752.8446,419.05817,-14.25415,2.946991,14.555602
9,759.1722,263.31323,754.2113,266.373,-4.9608765,3.0597534,5.8285837
9,790.8572,402.72513,777.7144,406.7581,-13.142761,4.032959,13.747616
9,613.23566,268.6561,607.69525,263.7525,-5.5404053,-4.903595,7.3987384
9,760.3086,293.50873,753.06647,296.21365,-7.2421265,2.7049255,7.730784
9,656.4479,294.81534,649.9077,291.38882,-6.540161,-3.4265137,7.3834076
9,754.39105,230.18817,751.07635,232.73398,-3.3146973,2.545807,4.1795154
9,828.8923,309.16467,820.96655,315.33994,-7.92572,6.1752625,10.047433
9,794.349,239.12607,790.34106,244.01578,-4.0079346,4.8897095,6.3224044
9,1152.8813,69.78456,1152.874,69.70091,-0.0073242188,-0.08364868,0.08396872
9,317.3179,230.56546,317.3796,230.77617,0.061706543,0.21070862,0.21955824
9,1253.0668,92.96446,1253.1268,92.96299,0.060058594,-0.0014724731,0.060076643
9,801.38983,308.7706,793.0168,314.36484,-8.373047,5.5942383,10.069926
9,744.23096,268.8672,738.3626,270.83606,-5.868347,1.9688721,6.189827
9,683.73315,210.92564,681.6215,209.81154,-2.1116333,-1.1141052,2.3875146
9,786.8435,278.64658,780.3455,283.0509,-6.497986,4.4043274,7.8499627
9,775.675,325.14972,766.7122,328.67807,-8.962769,3.5283508,9.632262
9,718.38794,255.63551,714.2162,256.7526,-4.171753,1.1170807,4.3187256
9,791.4618,347.05438,781.07367,351.28183,-10.388123,4.2274475,11.215364
9,742.8245,369.72372,731.37134,371.245,-11.453186,1.5212708,11.553777
9,716.61975,354.96808,706.1898,355.79578,-10.429932,0.82769775,10.462723
9,676.7729,348.0029,666.8631,346.52405,-9.90979,-1.4788513,10.019528
9,701.51886,231.54962,698.8513,231.80057,-2.6675415,0.25094604,2.6793191
9,551.76465,478.6933,536.7012,478.08508,-15.063477,-0.60821533,15.07575
9,750.593,202.8328,748.6348,205.38217,-1.9581909,2.5493774,3.2146287
9,774.66077,377.52594,762.0975,381.30444,-12.563293,3.7785034,13.119201
9,757.777,362.52573,746.69696,365.64047,-11.080017,3.114746,11.509492
9,668.34656,290.20706,662.0524,288.4682,-6.2941284,-1.7388611,6.529907
9,440.7627,59.669518,440.5792,59.83136,-0.1835022,0.16184235,0.2446753
9,671.98224,318.50394,664.1021,316.14865,-7.880127,-2.3552856,8.224584
9,676.2453,249.20122,672.75665,247.67395,-3.4886475,-1.5272675,3.8083076
9,784.8216,246.13324,780.7537,251.05312,-4.067871,4.919876,6.3837886
9,692.8883,371.7903,681.4937,371.38898,-11.394592,-0.40133667,11.401658
10,718.00226,316.76666,709.5227,318.27368,-8.479553,1.507019,8.612429
10,700.75476,318.86993,692.29956,319.38422,-8.4552,0.5142822,8.470826
10,689.2057,340.2731,679.9002,340.38998,-9.305481,0.116882324,9.306215
10,811.8526,287.80957,804.0755,294.42877,-7.7770996,6.6192017,10.212596
10,306.18506,141.48607,306.10577,141.53165,-0.07928467,0.045578003,0.0914517
10,733.7544,211.17369,730.7262,213.47272,-3.0281982,2.2990265,3.8020399
10,666.5977,213.55096,663.6582,212.53474,-2.9395142,-1.0162201,3.1102164
10,771.03314,226.635,767.04626,230.98323,-3.9868774,4.348236,5.8993516
10,630.76154,239.14507,626.70276,236.51343,-4.058777,-2.6316376,4.8372703
10,287.8258,202.65735,287.7829,202.74028,-0.042907715,0.08293152,0.09337402
10,302.0443,228.89922,302.35114,229.38612,0.30682373,0.48690796,0.5755173
10,329.70306,148.74884,329.94052,149.0414,0.23745728,0.29255676,0.37679625
10,813.5875,352.29285,802.7702,358.19458,-10.817322,5.9017334,12.322536
10,1186.343,441.1449,1186.4172,441.18045,0.07421875,0.03555298,0.08229482
10,795.64294,276.28702,789.7111,281.812,-5.9318237,5.524994,8.106299
10,1251.0095,77.32833,1250.9911,77.04271,-0.018432617,-0.28562164,0.2862158
10,752.8446,419.05817,739.3963,421.6816,-13.448303,2.6234436,13.701799
10,754.2113,266.373,748.6609,270.2785,-5.550415,3.9055176,6.7867646
10,777.7144,406.7581,764.5883,410.6513,-13.126099,3.893219,13.691297
10,607.69525,263.7525,602.2458,259.55792,-5.449463,-4.19458,6.876856
10,753.06647,296.21365,745.1249,299.2029,-7.9415894,2.9892578,8.485547
10,649.9077,291.38882,643.3396,289.09277,-6.568115,-2.296051,6.9578724
10,751.07635,232.73398,746.7848,235.6327,-4.291565,2.8987274,5.1788173
10,820.96655,315.33994,812.5652,321.41953,-8.401367,6.07959,10.370361
10,790.34106,244.01578,785.3062,249.3565,-5.034851,5.3407288,7.3398304
10,1152.874,69.70091,1152.607,69.575226,-0.26696777,-0.12568665,0.29507443
10,317.3796,230.77617,317.81244,231.04675,0.4328308,0.2705841,0.5104491
10,1253.1268,92.96299,1253.0242,92.74206,-0.10266113,-0.220932,0.24361908
10,793.0168,314.36484,784.58875,319.04556,-8.42804,4.680725,9.640594
10,738.3626,270.83606,732.15216,273.32315,-6.210449,2.487091,6.6899405
10,681.6215,209.81154,678.66,209.60858,-2.9615479,-0.20295715,2.9684942
10,780.3455,283.0509,773.4906,287.43057,-6.8549194,4.379669,8.134582
10,766.7122,328.67807,757.7839,332.48053,-8.928345,3.8024597,9.704331
10,714.2162,256.7526,709.3409,258.28918,-4.875305,1.5365906,5.111723
10,781.07367,351.28183,770.6302,355.7382,-10.443481,4.45636,11.354534
10,731.37134,371.245,719.42694,373.22638,-11.944397,1.9813843,12.107622
10,706.1898,355.79578,695.9957,356.7457,-10.194092,0.94992065,10.238255
10,666.8631,346.52405,657.35,345.56094,-9.513123,-0.96310425,9.56175
10,698.8513,231.80057,695.2711,232.62349,-3.5802002,0.82292175,3.6735587
10,536.7012,478.08508,521.39185,477.72772,-15.309326,-0.35736084,15.313497
10,748.6348,205.38217,745.45105,208.24947,-3.1837769,2.8672943,4.2846017
10,762.0975,381.30444,749.99725,385.136,-12.10022,3.831543,12.692362
10,746.69696,365.64047,735.98303,368.69812,-10.713928,3.0576477,11.1417
10,662.0524,288.4682,655.704,287.73392,-6.3484497,-0.73428345,6.390774
10,440.5792,59.83136,440.5914,59.84667,0.012207031,0.01530838,0.019579533
10,664.1021,316.14865,655.8002,314.3871,-8.301941,-1.7615662,8.486774
10,672.75665,247.67395,668.26154,247.36661,-4.495117,-0.30734253,4.505612
10,780.7537,251.05312,775.64636,256.39648,-5.107361,5.3433685,7.391666
10,681.4937,371.38898,670.69196,371.22635,-10.801758,-0.16262817,10.802982
11,709.5227,318.27368,700.8601,320.04797,-8.662598,1.774292,8.842438
11,692.29956,319.38422,683.8131,320.2757,-8.48645,0.8914795,8.533146
11,679.9002,340.38998,670.72614,340.8144,-9.174072,0.42440796,9.183884
11,804.0755,294.42877,795.8592,300.38284,-8.216309,5.954071,10.146856
11,306.10577,141.53165,306.33832,141.8041,0.23254395,0.27244568,0.35819456
11,730.7262,213.47272,726.5554,216.16068,-4.1707764,2.6879578,4.961904
11,663.6582,212.53474,659.87286,212.49382,-3.7853394,-0.040924072,3.7855606
11,767.04626,230.98323,762.2439,235.46628,-4.802368,4.4830475,6.5696616
11,626.70276,236.51343,622.13513,234.75478,-4.567627,-1.7586517,4.894494
11,287.7829,202.74028,288.29053,203.0476,0.5076294,0.30732727,0.59341186
11,302.35114,229.38612,302.5524,229.60327,0.20126343,0.21714783,0.29607457
11,329.94052,149.0414,329.99176,149.45158,0.051239014,0.41018677,0.41337466
11,802.7702,358.19458,791.71765,364.07797,-11.052551,5.8833923,12.52091
11,1186.4172,441.18045,1186.5884,440.9155,0.17114258,-0.2649536,0.31542066
11,789.7111,281.812,782.5441,287.38913,-7.166992,5.577118,9.081301
11,1250.9911,77.04271,1250.9857,76.88367,-0.0053710938,-0.15904236,0.15913303
11,739.3963,421.6816,727.35034,423.82526,-12.045959,2.1436462,12.235209
11,748.6609,270.2785,742.35736,274.2169,-6.303528,3.938385,7.4327207
11,764.5883,410.6513,751.53687,414.39987,-13.051453,3.7485657,13.579107
11,602.2458,259.55792,596.53644,256.7238,-5.7093506,-2.834137,6.3740897
11,745.1249,299.2029,737.2861,302.50415,-7.838806,3.301239,8.50559
11,643.3396,289.09277,636.5656,287.68704,-6.773987,-1.4057312,6.918308
11,746.7848,235.6327,741.76263,238.84883,-5.022156,3.2161255,5.9636827
11,812.5652,321.41953,803.29565,327.24423,-9.269531,5.824707,10.947667
11,785.3062,249.3565,779.5412,254.24103,-5.7650146,4.8845215,7.5560536
11,1152.607,69.575226,1153.1038,69.49814,0.4967041,-0.0770874,0.50265044
11,317.81244,231.04675,318.06708,231.22168,0.25463867,0.17492676,0.308934
11,1253.0242,92.74206,1253.0912,92.88833,0.0670166,0.14627075,0.16089238
11,784.58875,319.04556,776.0053,323.78394,-8.583435,4.738373,9.804465
11,732.15216,273.32315,725.4077,275.76157,-6.744446,2.4384155,7.1717095
11,678.66,209.60858,674.91876,210.21046,-3.741211,0.60188293,3.789317
11,773.4906,287.43057,765.786,291.77106,-7.70459,4.3404846,8.843105
11,757.7839,332.48053,748.62823,335.84406,-9.15564,3.3635254,9.753924
11,709.3409,258.28918,703.736,260.3337,-5.6048584,2.0445251,5.9661145
11,770.6302,355.7382,760.52,359.8837,-10.110168,4.145508,10.927065
11,719.42694,373.22638,708.4001,374.9347,-11.026855,1.708313,11.1584
11,695.9957,356.7457,685.8223,358.312,-10.173401,1.5663147,10.293271
11,657.35,345.56094,647.5518,345.36734,-9.798157,-0.19360352,9.80007
11,695.2711,232.62349,690.68616,234.34274,-4.584961,1.7192535,4.8967032
11,521.39185,477.72772,508.55722,477.43887,-12.834625,-0.28884888,12.837875
11,745.45105,208.24947,741.4702,211.55142,-3.980835,3.3019562,5.1720366
11,749.99725,385.136,738.3571,388.71713,-11.640137,3.5811462,12.178563
11,735.98303,368.69812,725.25037,371.46283,-10.732666,2.7647095,11.083038
11,655.704,287.73392,648.7223,287.69467,-6.9816895,-0.039245605,6.9818
11,440.5914,59.84667,440.59262,60.2355,0.0012207031,0.3888321,0.388834
11,655.8002,314.3871,647.8609,313.62543,-7.93927,-0.7616577,7.9757214
11,668.26154,247.36661,663.3867,247.64822,-4.874817,0.2816162,4.8829446
11,775.64636,256.39648,769.786,261.201,-5.8603516,4.8045044,7.578059
11,670.69196,371.22635,659.85236,371.3988,-10.8396,0.17245483,10.840971
12,700.8601,320.04797,692.1238,322.15817,-8.736328,2.110199,8.987568
12,683.8131,320.2757,675.0254,321.77048,-8.78772,1.4947815,8.913943
12,670.72614,340.8144,661.63605,341.9244,-9.090088,1.1100159,9.157611
12,795.8592,300.38284,787.12604,306.3357,-8.733154,5.9528503,10.569031
12,306.33832,141.8041,306.33508,142.07205,-0.0032348633,0.2679596,0.26797912
12,726.5554,216.16068,721.3941,219.35751,-5.161316,3.1968384,6.0711575
12,659.87286,212.49382,654.86523,213.43506,-5.0076294,0.9412384,5.0953197
12,762.2439,235.46628,756.2081,239.83995,-6.0357666,4.3736725,7.4538236
12,622.13513,234.75478,616.52545,234.39326,-5.60968,-0.36151123,5.621317
12,288.29053,203.0476,288.26962,203.55875,-0.020904541,0.5111389,0.5115662
12,302.5524,229.60327,302.55676,229.65878,0.0043640137,0.055511475,0.05568275
12,329.99176,149.45158,330.24292,149.67632,0.25115967,0.22473145,0.33702433
12,791.71765,364.07797,780.96497,369.16763,-10.752686,5.0896606,11.896423
12,1186.5884,440.9155,1186.5967,440.75107,0.008300781,-0.16442871,0.1646381
12,782.5441,287.38913,774.9831,292.57278,-7.561035,5.183655,9.167308
12,1250.9857,76.88367,1251.0376,76.782234,0.051879883,-0.1014328,0.1139304
12,727.35034,423.82526,715.3453,426.26254,-12.005066,2.4372864,12.249979
12,742.35736,274.2169,735.2909,277.83374,-7.0664673,3.6168518,7.938298
12,751.53687,414.39987,739.82385,417.6553,-11.713013,3.2554321,12.156994
12,596.53644,256.7238,590.1531,255.39128,-6.383362,-1.3325043,6.5209565
12,737.2861,302.50415,729.11536,306.02972,-8.170715,3.5255737,8.898891
12,636.5656,287.68704,629.1218,287.24796,-7.4437866,-0.4390869,7.4567256
12,741.76263,238.84883,735.76996,242.60352,-5.992676,3.7546844,7.071762
12,803.29565,327.24423,794.19147,332.5303,-9.104187,5.286072,10.527525
12,779.5412,254.24103,772.6864,259.1933,-6.8547974,4.9522705,8.45655
12,1153.1038,69.49814,1153.0394,69.290985,-0.064331055,-0.20715332,0.21691239
12,318.06708,231.22168,318.0839,231.39503,0.016815186,0.1733551,0.17416872
12,1253.0912,92.88833,1253.0598,92.51187,-0.03137207,-0.3764572,0.37776217
12,776.0053,323.78394,766.9865,328.49008,-9.018799,4.7061462,10.172833
12,725.4077,275.76157,717.834,278.84558,-7.5737305,3.084015,8.177564
12,674.91876,210.21046,669.94806,211.55518,-4.970703,1.3447113,5.149382
12,765.786,291.77106,757.4762,296.11908,-8.309814,4.3480225,9.37861
12,748.62823,335.84406,739.32574,339.5904,-9.30249,3.746338,10.028528
12,703.736,260.3337,697.0997,263.1518,-6.6363525,2.8180847,7.209908
12,760.52,359.8837,750.42096,363.88885,-10.09906,4.0051575,10.864267
12,708.4001,374.9347,697.54785,377.13422,-10.852234,2.199524,11.072889
12,685.8223,358.312,676.1716,359.94653,-9.650757,1.6345215,9.788196
12,647.5518,345.36734,638.3102,345.7814,-9.241638,0.4140625,9.250909
12,690.68616,234.34274,685.20337,236.54599,-5.482788,2.203247,5.9089136
12,508.55722,477.43887,495.83878,477.38483,-12.718445,-0.05404663,12.718559
12,741.4702,211.55142,736.1791,215.21649,-5.2911377,3.6650696,6.4365263
12,738.3571,388.71713,726.80585,392.18854,-11.55127,3.471405,12.061612
12,725.25037,371.46283,714.6831,374.61545,-10.567261,3.1526184,11.027512
12,648.7223,287.69467,641.4213,288.3153,-7.3009644,0.620636,7.3272963
12,440.59262,60.2355,440.62112,60.51647,0.028503418,0.28097153,0.2824136
12,647.8609,313.62543,639.39856,313.67612,-8.462341,0.050689697,8.462493
12,663.3867,247.64822,657.1965,249.12067,-6.1902466,1.4724426,6.3629584
12,769.786,261.201,762.9898,266.1576,-6.7962036,4.956604,8.411677
12,659.85236,371.3988,649.3838,372.2994,-10.468567,0.90060425,10.507235
13,692.1238,322.15817,683.3522,324.64566,-8.771606,2.4874878,9.117493
13,675.0254,321.77048,666.2058,323.81088,-8.81958,2.0404053,9.052527
13,661.63605,341.9244,652.59143,343.6746,-9.044617,1.7501831,9.212396
13,787.12604,306.3357,778.40564,311.10632,-8.720398,4.77063,9.940033
13,306.33508,142.07205,306.31464,142.27518,-0.020446777,0.203125,0.2041515
13,721.3941,219.35751,714.99554,222.79622,-6.3985596,3.4387054,7.264039
13,654.86523,213.43506,648.98145,215.18953,-5.883789,1.7544708,6.1397996
13,756.2081,239.83995,749.3587,244.22728,-6.8494263,4.387329,8.134083
13,616.52545,234.39326,609.8206,235.18617,-6.704834,0.7929077,6.7515554
13,288.26962,203.55875,288.3011,203.58519,0.031463623,0.026443481,0.04110009
13,302.55676,229.65878,302.7074,230.19937,0.15063477,0.5405884,0.5611832
13,330.24292,149.67632,330.22116,149.72464,-0.021759033,0.048324585,0.05299737
13,780.96497,369.16763,770.47833,373.8133,-10.486633,4.6456604,11.469596
13,1186.5967,440.75107,1186.6425,440.54416,0.045776367,-0.20690918,0.21191244
13,774.9831,292.57278,766.8914,297.43124,-8.091675,4.8584595,9.438211
13,1251.0376,76.782234,1250.9896,76.6114,-0.047973633,-0.1708374,0.17744546
13,715.3453,426.26254,703.86176,428.75217,-11.4835205,2.489624,11.750297
13,735.2909,277.83374,727.63635,281.87598,-7.654541,4.0422363,8.656308
13,739.82385,417.6553,728.92377,420.61206,-10.900085,2.9567566,11.293993
13,590.1531,255.39128,583.2721,255.26134,-6.8809814,-0.12994385,6.882208
13,729.11536,306.02972,720.4317,309.34302,-8.683655,3.3132935,9.294287
13,629.1218,287.24796,621.5738,287.90634,-7.5480347,0.65838623,7.5766945
13,735.76996,242.60352,728.8049,246.37482,-6.965088,3.7713013,7.920553
13,794.19147,332.5303,784.6304,337.3406,-9.561096,4.8103027,10.7029705
13,772.6864,259.1933,765.23285,263.6635,-7.4535522,4.470215,8.691275
13,1153.0394,69.290985,1153.1034,69.18316,0.063964844,-0.10782623,0.12537144
13,318.0839,231.39503,318.05054,231.7027,-0.033355713,0.30766296,0.30946583
13,1253.0598,92.51187,1253.0739,92.408775,0.014038086,-0.10309601,0.104047365
13,766.9865,328.49008,757.6787,332.8631,-9.3078,4.3730164,10.283892
13,717.834,278.84558,710.329,281.70193,-7.505005,2.8563538,8.030184
13,669.94806,211.55518,664.16156,213.62856,-5.786499,2.0733795,6.1467447
13,757.4762,296.11908,749.3696,300.08603,-8.106567,3.9669495,9.025139
13,739.32574,339.5904,730.132,343.2461,-9.193726,3.6557007,9.893873
13,697.0997,263.1518,689.93805,266.08322,-7.161621,2.931427,7.7383513
13,750.42096,363.88885,740.27106,367.88763,-10.149902,3.9987793,10.9092045
13,697.54785,377.13422,687.17316,379.56345,-10.374695,2.4292297,10.655301
13,676.1716,359.94653,666.2575,361.9709,-9.9140625,2.024353,10.1186285
13,638.3102,345.7814,629.21014,347.0926,-9.100037,1.3111877,9.194014
13,685.20337,236.54599,678.86316,239.34547,-6.34021,2.7994843,6.9307556
13,495.83878,477.38483,484.96597,477.40546,-10.872803,0.020629883,10.872823
13,736.1791,215.21649,729.83435,218.91554,-6.3447266,3.699051,7.3442855
13,726.80585,392.18854,716.1066,395.65475,-10.699219,3.466217,11.246686
13,714.6831,374.61545,704.7542,377.62717,-9.928894,3.0117188,10.375615
13,641.4213,288.3153,633.8199,290.17044,-7.6014404,1.855133,7.824539
13,440.62112,60.51647,440.1845,60.55276,-0.436615,0.036289215,0.43812048
13,639.39856,313.67612,630.907,314.5279,-8.491577,0.8517761,8.53419
13,657.1965,249.12067,650.2059,250.92989,-6.9906006,1.8092194,7.220926
13,762.9898,266.1576,755.6681,270.63547,-7.3217163,4.4778748,8.582476
13,649.3838,372.2994,639.71436,373.8225,-9.669434,1.5231018,9.788656
14,683.3522,324.64566,674.28253,327.62683,-9.069641,2.9811707,9.5470295
14,666.2058,323.81088,657.3071,326.48657,-8.898682,2.6756897,9.292247
14,652.59143,343.6746,643.45074,346.2121,-9.140686,2.537506,9.486362
14,778.40564,311.10632,769.1823,316.0188,-9.223328,4.9124756,10.449985
14,306.31464,142.27518,305.80634,142.69167,-0.5083008,0.41648865,0.65713966
14,714.99554,222.79622,707.8434,226.59009,-7.1521606,3.793869,8.096101
14,648.98145,215.18953,641.7673,217.76227,-7.2141724,2.5727386,7.659195
14,749.3587,244.22728,741.7644,248.59671,-7.5942993,4.3694305,8.761581
14,609.8206,235.18617,602.4097,237.06152,-7.4108887,1.875351,7.6444893
14,288.3011,203.58519,287.9637,204.00311,-0.33737183,0.41792297,0.53710276
14,302.7074,230.19937,302.69388,230.27802,-0.013519287,0.0786438,0.07979736
14,330.22116,149.72464,329.74268,150.25244,-0.4784851,0.5278015,0.7124061
14,770.47833,373.8133,760.4213,378.2786,-10.057007,4.4653015,11.00374
14,1186.6425,440.54416,1186.5149,440.4608,-0.12756348,-0.08337402,0.15239313
14,766.8914,297.43124,758.2425,301.85406,-8.648926,4.422821,9.714178
14,1250.9896,76.6114,1250.6381,76.429634,-0.3515625,-0.1817627,0.39576998
14,703.86176,428.75217,693.3539,431.8403,-10.507874,3.0881348,10.952259
14,727.63635,281.87598,719.17017,285.87827,-8.466187,4.002289,9.364541
14,728.92377,420.61206,718.854,423.6365,-10.069763,3.0244446,10.514153
14,583.2721,255.26134,575.5767,256.73273,-7.6953735,1.4713898,7.8347793
14,720.4317,309.34302,711.8324,312.73593,-8.599304,3.3929138,9.244452
14,621.5738,287.90634,613.07794,289.84207,-8.49585,1.93573,8.713582
14,728.8049,246.37482,720.87573,250.20673,-7.929138,3.8319092,8.806518
14,784.6304,337.3406,775.0685,341.84396,-9.56189,4.503357,10.569293
14,765.23285,263.6635,756.798,268.2034,-8.4348755,4.5398865,9.579023
14,1153.1034,69.18316,1152.6553,69.111664,-0.44812012,-0.071495056,0.4537876
14,318.05054,231.7027,318.00674,231.7785,-0.043792725,0.075805664,0.087546
14,1253.0739,92.408775,1252.7449,92.42718,-0.3289795,0.0184021,0.32949376
14,757.6787,332.8631,748.5606,336.96344,-9.118103,4.100342,9.99763
14,710.329,281.70193,701.77795,285.23117,-8.551025,3.5292358,9.250705
14,664.16156,213.62856,656.8531,216.5667,-7.3084717,2.9381409,7.8769555
14,749.3696,300.08603,740.5371,304.27084,-8.83252,4.1848145,9.773745
14,730.132,343.2461,721.02734,346.91266,-9.104675,3.666565,9.815233
14,689.93805,266.08322,681.77545,269.54422,-8.162598,3.4609985,8.866031
14,740.27106,367.88763,730.62103,371.52335,-9.650024,3.6357117,10.312195
14,687.17316,379.56345,677.36237,382.5551,-9.810791,2.9916687,10.256788
14,666.2575,361.9709,656.9527,364.8857,-9.30481,2.9148254,9.750676
14,629.21014,347.0926,619.8168,349.1398,-9.393372,2.0472107,9.61387
14,678.86316,239.34547,671.10034,242.49889,-7.7628174,3.1534119,8.378862
14,484.96597,477.40546,474.99313,477.40536,-9.972839,-9.1552734e-05,9.972839
14,729.83435,218.91554,722.8464,222.91821,-6.987976,4.0026703,8.053147
14,716.1066,395.65475,706.0003,398.9661,-10.106323,3.3113403,10.634977
14,704.7542,377.62717,695.1921,380.84778,-9.562134,3.2206116,10.089932
14,633.8199,290.17044,625.4613,292.62433,-8.358582,2.453888,8.71134
14,440.1845,60.55276,440.13754,60.88431,-0.046966553,0.3315506,0.33486065
14,630.907,314.5279,622.36554,316.58154,-8.541443,2.05365,8.784858
14,650.2059,250.92989,642.3954,253.87404,-7.810486,2.9441528,8.346959
14,755.6681,270.63547,747.215,275.19626,-8.453064,4.560791,9.604953
14,639.71436,373.8225,630.20215,376.1734,-9.512207,2.350891,9.798407
15,674.28253,327.62683,665.26953,331.13773,-9.0130005,3.5108948,9.672671
15,657.3071,326.48657,648.27954,329.81256,-9.027588,3.3259888,9.620788
15,643.45074,346.2121,634.4481,349.3683,-9.0026245,3.156189,9.539852
15,769.1823,316.0188,760.0656,320.4454,-9.116699,4.426605,10.134546
15,305.80634,142.69167,305.8436,142.74371,0.037261963,0.05204773,0.06401109
15,707.8434,226.59009,699.087,230.5007,-8.756409,3.910614,9.589973
15,641.7673,217.76227,633.35925,221.23236,-8.40802,3.4700928,9.095952
15,741.7644,248.59671,732.9058,252.63167,-8.858582,4.034958,9.734236
15,602.4097,237.06152,593.9475,240.27666,-8.462219,3.2151337,9.052416
15,287.9637,204.00311,288.1641,204.20891,0.20037842,0.20579529,0.28723374
15,302.69388,230.27802,302.52747,230.67226,-0.16641235,0.39424133,0.4279244
15,329.74268,150.25244,329.746,150.30298,0.003326416,0.05053711,0.050646465
15,760.4213,378.2786,750.8194,382.21097,-9.601929,3.932373,10.375962
15,1186.5149,440.4608,1186.5406,440.36893,0.025756836,-0.09185791,0.09540068
15,758.2425,301.85406,749.1499,305.9966,-9.09259,4.1425476,9.991792
15,1250.6381,76.429634,1250.5477,76.304115,-0.09033203,-0.1255188,0.15464425
15,693.3539,431.8403,683.8546,435.0799,-9.499268,3.2395935,10.036486
15,719.17017,285.87827,710.322,289.84137,-8.848145,3.9631042,9.695146
15,718.854,423.6365,709.93634,426.5412,-8.917664,2.9046936,9.378804
15,575.5767,256.73273,566.88324,259.69196,-8.693481,2.9592285,9.183336
15,711.8324,312.73593,702.6372,316.59412,-9.19519,3.8581848,9.971816
15,613.07794,289.84207,604.0665,292.74902,-9.011414,2.906952,9.468682
15,720.87573,250.20673,712.3108,254.23564,-8.564941,4.0289154,9.4652195
15,775.0685,341.84396,765.6597,345.85782,-9.408752,4.013855,10.2291565
15,756.798,268.2034,748.18134,272.51437,-8.616638,4.310974,9.634882
15,1152.6553,69.111664,1152.5225,68.764565,-0.1328125,-0.3470993,0.37164107
15,318.00674,231.7785,317.8869,232.09862,-0.11984253,0.32011414,0.34181178
15,1252.7449,92.42718,1252.5999,92.293144,-0.14501953,-0.1340332,0.19747294
15,748.5606,336.96344,739.4063,340.88007,-9.154297,3.916626,9.956963
15,701.77795,285.23117,692.885,289.0574,-8.892944,3.826233,9.681143
15,656.8531,216.5667,648.7015,220.0479,-8.151611,3.4812012,8.863832
15,740.5371,304.27084,731.42413,308.2048,-9.112976,3.93396,9.925844
15,721.02734,346.91266,711.6844,350.66373,-9.342957,3.751068,10.067838
15,681.77545,269.54422,672.9249,273.53485,-8.850525,3.990631,9.708601
15,730.62103,371.52335,721.09,375.03357,-9.531006,3.5102234,10.156857
15,677.36237,382.5551,667.55164,385.7339,-9.81073,3.178772,10.312857
15,656.9527,364.8857,647.83685,367.97012,-9.115845,3.0844116,9.623525
15,619.8168,349.1398,610.7058,352.24673,-9.110962,3.1069336,9.626145
15,671.10034,242.49889,662.488,246.33676,-8.612366,3.8378754,9.428793
15,474.99313,477.40536,466.6967,477.34204,-8.296448,-0.063323975,8.29669
15,722.8464,222.91821,713.9452,226.91475,-8.901184,3.9965363,9.757222
15,706.0003,398.9661,696.57605,402.53278,-9.424255,3.566681,10.076597
15,695.1921,380.84778,685.6457,384.45996,-9.546387,3.6121826,10.206927
15,625.4613,292.62433,616.3478,295.92682,-9.113525,3.3024902,9.69344
15,440.13754,60.88431,440.13156,61.03024,-0.0059814453,0.14592743,0.14604996
15,622.36554,316.58154,613.3342,319.5984,-9.031311,3.0168457,9.521867
15,642.3954,253.87404,633.9678,257.4239,-8.427612,3.5498505,9.144731
15,747.215,275.19626,738.60767,279.3884,-8.607361,4.1921387,9.573959
15,630.20215,376.1734,620.93207,379.08868,-9.270081,2.9152832,9.717678
16,665.26953,331.13773,656.26514,334.97205,-9.004395,3.83432,9.786784
16,648.27954,329.81256,639.1458,333.69507,-9.133728,3.8825073,9.924659
16,634.4481,349.3683,625.44183,353.27133,-9.006287,3.9030457,9.815649
16,760.0656,320.4454,750.7104,324.443,-9.355225,3.997589,10.173541
16,305.8436,142.74371,305.8018,143.20819,-0.041809082,0.46447754,0.4663554
16,699.087,230.5007,689.70154,234.67325,-9.385437,4.1725464,10.2711525
16,633.35925,221.23236,623.88184,225.30278,-9.477417,4.0704193,10.314541
16,732.9058,252.63167,723.2845,256.77316,-9.621338,4.1414948,10.474833
16,593.9475,240.27666,584.5457,244.62076,-9.401794,4.344101,10.356879
16,288.1641,204.20891,288.00348,204.41478,-0.16061401,0.20587158,0.26111293
16,302.52747,230.67226,302.3652,230.67293,-0.16226196,0.0006713867,0.16226335
16,329.746,150.30298,329.55518,150.57877,-0.19082642,0.27578735,0.3353705
16,750.8194,382.21097,741.8632,385.6397,-8.956177,3.4287415,9.590067
16,1186.5406,440.36893,1186.5635,440.19537,0.022827148,-0.17355347,0.17504823
16,749.1499,305.9966,740.15466,309.86014,-8.995239,3.8635254,9.789849
16,1250.5477,76.304115,1250.4794,76.10741,-0.068359375,-0.19670868,0.20824818
16,683.8546,435.0799,674.7373,438.77576,-9.11731,3.6958618,9.837923
16,710.322,289.84137,700.8755,293.76483,-9.446533,3.923462,10.228908
16,709.93634,426.5412,701.7789,429.5334,-8.157471,2.9921875,8.6889305
16,566.88324,259.69196,557.6611,263.92224,-9.222168,4.2302856,10.146117
16,702.6372,316.59412,693.2621,320.4595,-9.375122,3.865387,10.140717
16,604.0665,292.74902,594.74304,296.43082,-9.323486,3.6817932,10.024121
16,712.3108,254.23564,702.7628,258.2318,-9.547974,3.99617,10.350516
16,765.6597,345.85782,756.5375,349.6805,-9.122253,3.8226929,9.890829
16,748.18134,272.51437,738.6593,276.68713,-9.522034,4.17276,10.396204
16,1152.5225,68.764565,1152.5599,68.67222,0.037475586,-0.09234619,0.09966062
16,317.8869,232.09862,317.7671,232.11528,-0.11981201,0.016662598,0.12096512
16,1252.5999,92.293144,1252.5585,91.748634,-0.041381836,-0.5445099,0.5460801
16,739.4063,340.88007,730.01495,344.84262,-9.391357,3.962555,10.193108
16,692.885,289.0574,683.8153,292.95755,-9.069702,3.9001465,9.872722
16,648.7015,220.0479,639.3557,224.12248,-9.345764,4.074585,10.195369
16,731.42413,308.2048,722.32605,312.12415,-9.0980835,3.919342,9.90638
16,711.6844,350.66373,702.4805,354.61285,-9.203857,3.9491272,10.015318
16,672.9249,273.53485,663.37665,277.6334,-9.548279,4.0985413,10.39075
16,721.09,375.03357,712.23065,378.91727,-8.859375,3.8836975,9.6732435
16,667.55164,385.7339,658.76,389.5509,-8.791626,3.8170166,9.584482
16,647.83685,367.97012,638.9912,371.82617,-8.845642,3.8560486,9.649585
16,610.7058,352.24673,602.12976,356.00458,-8.57605,3.757843,9.363227
16,662.488,246.33676,652.86237,250.55695,-9.62561,4.2201843,10.510106
16,466.6967,477.34204,459.47144,477.769,-7.2252502,0.42697144,7.237855
16,713.9452,226.91475,704.98987,231.16803,-8.955322,4.2532806,9.914041
16,696.57605,402.53278,687.8386,406.0753,-8.737427,3.542511,9.428256
16,685.6457,384.45996,677.121,388.09067,-8.524719,3.6307068,9.265682
16,616.3478,295.92682,607.4087,299.80045,-8.939087,3.8736267,9.742292
16,440.13156,61.03024,440.20947,61.338207,0.07791138,0.30796814,0.31767052
16,613.3342,319.5984,603.8279,323.65677,-9.506348,4.05838,10.336396
16,633.9678,257.4239,624.3598,261.56866,-9.607971,4.1447754,10.463856
16,738.60767,279.3884,729.17474,283.42786,-9.432922,4.039459,10.261445
16,620.93207,379.08868,612.427,382.63562,-8.505066,3.546936,9.215036
17,656.26514,334.97205,647.2182,339.19827,-9.046936,4.226227,9.985392
17,639.1458,333.69507,630.11743,338.17038,-9.028381,4.4753113,10.07671
17,625.44183,353.27133,616.4526,357.73053,-8.989258,4.459198,10.0345
17,750.7104,324.443,741.3464,327.90088,-9.364014,3.4578857,9.98207
17,305.8018,143.20819,305.75568,143.44205,-0.04611206,0.2338562,0.23835906
17,689.70154,234.67325,679.6103,239.02957,-10.091248,4.3563232,10.991398
17,623.88184,225.30278,613.91724,230.15834,-9.9646,4.8555603,11.084661
17,723.2845,256.77316,713.2603,260.77966,-10.02417,4.0065002,10.795185
17,584.5457,244.62076,574.3603,249.79367,-10.185425,5.1729126,11.423743
17,288.00348,204.41478,288.0229,204.58691,0.01940918,0.1721344,0.1732252
17,302.3652,230.67293,302.22656,230.9748,-0.13864136,0.30186462,0.3321802
17,329.55518,150.57877,329.58896,150.73404,0.03378296,0.15527344,0.15890603
17,741.8632,385.6397,733.3941,389.01196,-8.469116,3.3722534,9.115811
17,1186.5635,440.19537,1186.5815,439.99323,0.018066406,-0.20214844,0.20295414
17,740.15466,309.86014,730.3033,313.4525,-9.851379,3.5923767,10.485936
17,1250.4794,76.10741,1250.3091,75.95912,-0.17028809,-0.14828491,0.22580178
17,674.7373,438.77576,667.2464,442.38162,-7.490906,3.6058655,8.3136
17,700.8755,293.76483,691.34546,297.79037,-9.530029,4.025543,10.345359
17,701.7789,429.5334,694.0116,432.98367,-7.767273,3.4502869,8.499118
17,557.6611,263.92224,547.7147,269.54865,-9.94635,5.626404,11.427437
17,693.2621,320.4595,684.26965,324.46448,-8.992432,4.0049744,9.843966
17,594.74304,296.43082,585.1218,301.73605,-9.621216,5.305237,10.986962
17,702.7628,258.2318,693.1543,262.19464,-9.6085205,3.9628296,10.393637
17,756.5375,349.6805,747.20514,353.5187,-9.332336,3.8381958,10.0908
17,738.6593,276.68713,728.63385,280.39398,-10.025452,3.7068481,10.688798
17,1152.5599,68.67222,1152.4514,68.65114,-0.10852051,-0.021080017,0.11054894
17,317.7671,232.11528,317.8149,232.36505,0.047821045,0.24977112,0.2543078
17,1252.5585,91.748634,1252.3787,91.8154,-0.17980957,0.06676483,0.19180465
17,730.01495,344.84262,721.0736,348.333,-8.941345,3.490387,9.598461
17,683.8153,292.95755,674.1821,296.82544,-9.633179,3.8678894,10.380689
17,639.3557,224.12248,629.41766,228.85059,-9.938049,4.7281036,11.005444
17,722.32605,312.12415,712.50806,316.05774,-9.817993,3.9335938,10.576679
17,702.4805,354.61285,693.74347,358.3497,-8.737061,3.736847,9.502645
17,663.37665,277.6334,653.2103,282.45926,-10.166321,4.8258667,11.25358
17,712.23065,378.91727,703.48755,382.4787,-8.743103,3.561432,9.440639
17,658.76,389.5509,650.456,393.66162,-8.304016,4.110718,9.26578
17,638.9912,371.82617,630.4648,375.89185,-8.526428,4.065674,9.446146
17,602.12976,356.00458,593.285,360.6767,-8.844788,4.672119,10.002948
17,652.86237,250.55695,642.4832,255.30879,-10.37915,4.7518463,11.415201
17,459.47144,477.769,453.4303,478.24548,-6.0411377,0.47647095,6.0598984
17,704.98987,231.16803,694.828,235.26453,-10.161865,4.0964966,10.956495
17,687.8386,406.0753,679.82996,409.82068,-8.008667,3.7453918,8.841194
17,677.121,388.09067,668.6347,391.9231,-8.486267,3.832428,9.311511
17,607.4087,299.80045,597.9187,304.14493,-9.48999,4.3444824,10.437166
17,440.20947,61.338207,439.64526,61.364525,-0.564209,0.026317596,0.56482244
17,603.8279,323.65677,594.3064,328.44272,-9.521484,4.7859497,10.65664
17,624.3598,261.56866,613.84143,266.68954,-10.518372,5.12088,11.698699
17,729.17474,283.42786,719.1876,287.32626,-9.987122,3.898407,10.721016
17,612.427,382.63562,603.89636,387.02393,-8.53064,4.3883057,9.593177
18,647.2182,339.19827,637.99274,344.13293,-9.225464,4.934662,10.4623165
18,630.11743,338.17038,621.06537,343.19818,-9.052063,5.0278015,10.354643
18,616.4526,357.73053,607.5703,362.94797,-8.882263,5.2174377,10.301274
18,741.3464,327.90088,731.83466,331.14343,-9.511719,3.2425537,10.049226
18,305.75568,143.44205,305.74435,143.50766,-0.0113220215,0.06561279,0.06658248
18,679.6103,239.02957,668.6331,243.74886,-10.977173,4.719284,11.948638
18,613.91724,230.15834,602.8509,235.73349,-11.066345,5.5751495,12.39138
18,713.2603,260.77966,702.7257,264.99872,-10.534607,4.219055,11.348056
18,574.3603,249.79367,563.32684,256.10693,-11.033447,6.313263,12.711973
18,288.0229,204.58691,287.8463,204.71204,-0.1765747,0.12512207,0.21641201
18,302.22656,230.9748,302.22452,231.10686,-0.0020446777,0.13206482,0.13208064
18,329.58896,150.73404,329.61893,150.90863,0.029968262,0.17459106,0.1771444
18,733.3941,389.01196,724.8521,392.34097,-8.541992,3.32901,9.167767
18,1186.5815,439.99323,1186.5729,439.76956,-0.008666992,-0.22366333,0.22383119
18,730.3033,313.4525,720.6864,316.83826,-9.616882,3.3857422,10.195474
18,1250.3091,75.95912,1250.0656,75.53849,-0.24353027,-0.4206314,0.48604298
18,667.2464,442.38162,660.1866,446.5276,-7.0598145,4.1459656,8.187186
18,691.34546,297.79037,680.8997,301.9805,-10.44574,4.1901245,11.254805
18,694.0116,432.98367,686.7087,436.8379,-7.3029175,3.8542175,8.257578
18,547.7147,269.54865,537.1772,276.17764,-10.537537,6.628998,12.449228
18,684.26965,324.46448,674.636,328.87128,-9.633667,4.4067993,10.593744
18,585.1218,301.73605,574.67865,307.7869,-10.443176,6.0508423,12.069491
18,693.1543,262.19464,682.44293,266.5701,-10.711365,4.375458,11.570564
18,747.20514,353.5187,738.1425,356.53244,-9.062622,3.013733,9.550587
18,728.63385,280.39398,718.0125,284.02698,-10.621338,3.6329956,11.225483
18,1152.4514,68.65114,1152.2708,68.36838,-0.18066406,-0.28276062,0.3355489
18,317.8149,232.36505,317.79147,232.55214,-0.0234375,0.18708801,0.18855037
18,1252.3787,91.8154,1252.2538,91.80863,-0.12487793,-0.006767273,0.12506115
18,721.0736,348.333,711.74,352.33374,-9.333618,4.0007324,10.154914
18,674.1821,296.82544,664.1778,301.5306,-10.0043335,4.7051697,11.055555
18,629.41766,228.85059,618.95044,234.2236,-10.467224,5.3730164,11.765717
18,712.50806,316.05774,702.77264,319.80515,-9.735413,3.747406,10.431746
18,693.74347,358.3497,684.6545,362.31525,-9.088989,3.9655457,9.916415
18,653.2103,282.45926,642.61456,287.54224,-10.595764,5.0829773,11.751888
18,703.48755,382.4787,694.91156,386.29282,-8.575989,3.8141174,9.385898
18,650.456,393.66162,642.16547,398.3402,-8.290527,4.678589,9.519561
18,630.4648,375.89185,622.00024,381.0223,-8.464539,5.1304626,9.897983
18,593.285,360.6767,584.74786,366.3761,-8.537109,5.699402,10.264766
18,642.4832,255.30879,630.9407,260.66943,-11.5425415,5.3606415,12.726616
18,453.4303,478.24548,448.9315,478.52975,-4.49881,0.28427124,4.5077825
18,694.828,235.26453,683.898,239.77956,-10.929993,4.51503,11.8258295
18,679.82996,409.82068,672.063,413.82428,-7.766968,4.003601,8.738112
18,668.6347,391.9231,660.33826,396.17438,-8.296448,4.2512817,9.322255
18,597.9187,304.14493,588.39734,309.0647,-9.521362,4.9197693,10.717298
18,439.64526,61.364525,439.64157,61.36637,-0.003692627,0.0018463135,0.0041284827
18,594.3064,328.44272,584.5748,334.39304,-9.731567,5.9503174,11.406563
18,613.84143,266.68954,603.2904,272.37308,-10.551025,5.6835327,11.984435
18,719.1876,287.32626,708.54724,290.80524,-10.640381,3.4789734,11.194684
18,603.89636,387.02393,595.7699,392.14978,-8.126465,5.1258545,9.608007
19,637.99274,344.13293,629.89185,344.04025,-8.100891,-0.092681885,8.101421
19,621.06537,343.19818,612.7562,343.6415,-8.309143,0.44332886,8.320961
19,607.5703,362.94797,600.0422,363.64096,-7.528137,0.69299316,7.5599666
19,731.83466,331.14343,723.49396,328.35904,-8.340698,-2.7843933,8.793184
19,305.74435,143.50766,305.72897,143.67142,-0.015380859,0.16375732,0.16447806
19,668.6331,243.74886,657.48254,242.81688,-11.150574,-0.9319763,11.189454
19,602.8509,235.73349,591.69604,236.54767,-11.154846,0.81417847,11.18452
19,702.7257,264.99872,691.8122,262.8994,-10.913513,-2.0993042,11.113588
19,563.32684,256.10693,552.39264,257.87845,-10.934204,1.7715149,11.076781
19,287.8463,204.71204,287.79358,205.06775,-0.052734375,0.3557129,0.35960057
19,302.22452,231.10686,302.36053,231.2877,0.13601685,0.18084717,0.22628805
19,329.61893,150.90863,329.64575,151.11133,0.026824951,0.20269775,0.20446505
19,724.8521,392.34097,718.4565,389.88452,-6.39563,-2.4564514,6.8511486
19,1186.5729,439.76956,1186.7103,439.52567,0.13745117,-0.24389648,0.2799613
19,720.6864,316.83826,711.03156,314.42603,-9.654846,-2.4122314,9.951629
19,1250.0656,75.53849,1250.118,75.33215,0.052490234,-0.20633698,0.21290883
19,660.1866,446.5276,655.21484,446.0945,-4.9717407,-0.43307495,4.990567
19,680.8997,301.9805,670.947,300.37885,-9.952698,-1.601654,10.080749
19,686.7087,436.8379,681.042,436.00592,-5.666687,-0.8319702,5.7274356
19,537.1772,276.17764,526.82275,278.65973,-10.354431,2.4820862,10.647769
19,674.636,328.87128,666.0002,328.05783,-8.635803,-0.81344604,8.674029
19,574.67865,307.7869,565.57654,309.8224,-9.102112,2.035492,9.326933
19,682.44293,266.5701,672.18585,265.00806,-10.25708,-1.5620422,10.3753395
19,738.1425,356.53244,730.55505,353.6773,-7.5874634,-2.855133,8.106873
19,718.0125,284.02698,707.98926,281.86118,-10.023254,-2.165802,10.254576
19,1152.2708,68.36838,1152.2262,68.26701,-0.044555664,-0.101364136,0.11072441
19,317.79147,232.55214,317.69348,232.67868,-0.09799194,0.12654114,0.16004713
19,1252.2538,91.80863,1252.2302,91.46892,-0.02355957,-0.33971405,0.34053
19,711.74,352.33374,703.6784,350.0762,-8.061584,-2.2575378,8.371716
19,664.1778,301.5306,655.0527,300.5098,-9.125122,-1.020813,9.182043
19,618.95044,234.2236,608.6126,234.50903,-10.33783,0.2854309,10.341769
19,702.77264,319.80515,694.0294,318.14203,-8.743225,-1.6631165,8.899997
19,684.6545,362.31525,676.8064,361.3381,-7.8480835,-0.97714233,7.90868
19,642.61456,287.54224,631.83026,287.42917,-10.784302,-0.11306763,10.784895
19,694.91156,386.29282,687.9639,384.853,-6.947632,-1.4398193,7.095257
19,642.16547,398.3402,635.8627,398.24802,-6.3027954,-0.0921936,6.3034697
19,622.00024,381.0223,614.9975,381.05362,-7.0027466,0.031311035,7.0028167
19,584.74786,366.3761,576.94446,367.34637,-7.803406,0.9702759,7.863497
19,630.9407,260.66943,619.63055,260.65607,-11.31012,-0.013366699,11.310127
19,448.9315,478.52975,442.5834,478.58142,-6.3480835,0.05166626,6.348294
19,683.898,239.77956,673.2272,238.98352,-10.670837,-0.79603577,10.700488
19,672.063,413.82428,666.4162,412.89468,-5.6467896,-0.92959595,5.722795
19,660.33826,396.17438,653.8845,395.3038,-6.4537354,-0.87057495,6.5121884
19,588.39734,309.0647,578.84845,310.1571,-9.548889,1.0924072,9.611173
19,439.64157,61.36637,439.62207,61.43338,-0.019500732,0.06700897,0.06978883
19,584.5748,334.39304,576.45337,335.72742,-8.12146,1.3343811,8.230351
19,603.2904,272.37308,592.5121,272.9447,-10.77832,0.57162476,10.7934675
19,708.54724,290.80524,698.1315,288.52353,-10.4157715,-2.2817078,10.662762
19,595.7699,392.14978,589.1936,392.94223,-6.576294,0.79244995,6.6238675
20,629.89185,344.04025,621.6859,343.96072,-8.205933,-0.07952881,8.206318
20,612.7562,343.6415,604.7172,344.1355,-8.039001,0.49398804,8.054165
20,600.0422,363.64096,592.39905,364.21683,-7.6431274,0.5758667,7.664791
20,723.49396,328.35904,714.80914,326.08514,-8.684814,-2.2738953,8.977561
20,305.72897,143.67142,305.4984,144.12411,-0.2305603,0.45269775,0.50802886
20,657.48254,242.81688,646.7806,242.4375,-10.701965,-0.37937927,10.708688
20,591.69604,236.54767,580.58435,237.5274,-11.111694,0.9797363,11.154803
20,691.8122,262.8994,681.2728,261.5261,-10.539368,-1.3733215,10.628466
20,552.39264,257.87845,541.5774,259.714,-10.815247,1.8355408,10.969903
20,287.79358,205.06775,287.767,205.06944,-0.02658081,0.0016937256,0.026634717
20,302.36053,231.2877,302.29013,231.53423,-0.07040405,0.246521,0.25637734
20,329.64575,151.11133,329.40173,151.34894,-0.24401855,0.23760986,0.34059286
20,718.4565,389.88452,711.41187,388.03427,-7.0446167,-1.8502502,7.283547
20,1186.7103,439.52567,1186.6238,439.32996,-0.08654785,-0.19570923,0.21399213
20,711.03156,314.42603,701.6418,312.26086,-9.3897705,-2.1651611,9.636167
20,1250.118,75.33215,1249.7107,75.26444,-0.40734863,-0.06771088,0.41293785
20,655.21484,446.0945,649.4431,445.7021,-5.7717285,-0.39242554,5.785054
20,670.947,300.37885,660.8542,299.52856,-10.092834,-0.85028076,10.128588
20,681.042,436.00592,675.23895,434.95654,-5.8030396,-1.0493774,5.8971567
20,526.82275,278.65973,516.9539,280.8653,-9.868835,2.2055664,10.112291
20,666.0002,328.05783,657.3745,327.14438,-8.625671,-0.91345215,8.673903
20,565.57654,309.8224,556.15265,311.33026,-9.423889,1.5078735,9.54376
20,672.18585,265.00806,662.42456,264.24622,-9.7612915,-0.7618408,9.790977
20,730.55505,353.6773,722.6905,351.3345,-7.864563,-2.342804,8.2061
20,707.98926,281.86118,698.2268,280.09473,-9.762451,-1.766449,9.920978
20,1152.2262,68.26701,1152.0405,68.274925,-0.18566895,0.007911682,0.18583743
20,317.69348,232.67868,317.66278,233.01149,-0.030700684,0.33280945,0.33422247
20,1252.2302,91.46892,1251.8304,91.28237,-0.39978027,-0.18654633,0.44116187
20,703.6784,350.0762,695.5792,348.50873,-8.099182,-1.5674744,8.249468
20,655.0527,300.5098,646.02606,299.86053,-9.026611,-0.6492615,9.049932
20,608.6126,234.50903,597.85376,235.0652,-10.75885,0.5561676,10.773216
20,694.0294,318.14203,685.05505,316.8715,-8.974365,-1.2705383,9.063856
20,676.8064,361.3381,668.87604,360.24857,-7.930359,-1.0895386,8.004853
20,631.83026,287.42917,621.4874,287.80283,-10.342834,0.37365723,10.349582
20,687.9639,384.853,680.96747,383.71643,-6.99646,-1.1365662,7.088176
20,635.8627,398.24802,629.4795,398.27472,-6.3831787,0.02670288,6.3832345
20,614.9975,381.05362,607.77057,381.31235,-7.2269287,0.25872803,7.231559
20,576.94446,367.34637,569.37994,368.42624,-7.564514,1.0798645,7.641203
20,619.63055,260.65607,608.65765,261.14902,-10.9729,0.49295044,10.983968
20,442.5834,478.58142,436.21704,478.52524,-6.3663635,-0.05618286,6.3666115
20,673.2272,238.98352,662.4517,238.18028,-10.775452,-0.8032379,10.805348
20,666.4162,412.89468,660.12787,412.11227,-6.28833,-0.78240967,6.3368177
20,653.8845,395.3038,646.9098,394.80307,-6.9747314,-0.5007324,6.9926825
20,578.84845,310.1571,569.38153,311.39508,-9.466919,1.2379761,9.54752
20,439.62207,61.43338,439.60828,61.859238,-0.013793945,0.42585754,0.42608088
20,576.45337,335.72742,567.94196,337.29288,-8.511414,1.5654602,8.65418
20,592.5121,272.9447,582.00543,273.9793,-10.506653,1.0346069,10.557469
20,698.1315,288.52353,688.08093,286.99066,-10.050537,-1.5328674,10.166759
20,589.1936,392.94223,582.2003,393.92075,-6.993286,0.9785156,7.0614123
21,621.6859,343.96072,613.68396,343.5786,-8.001953,-0.3821106,8.011071
21,604.7172,344.1355,596.6663,344.13632,-8.050903,0.0008239746,8.050903
21,592.39905,364.21683,584.6733,364.393,-7.725769,0.17617798,7.7277775
21,714.80914,326.08514,706.28925,323.83078,-8.519897,-2.254364,8.813105
21,305.4984,144.12411,305.94647,144.24246,0.44805908,0.11834717,0.46342528
21,646.7806,242.4375,636.61926,241.54936,-10.161316,-0.8881378,10.200055
21,580.58435,237.5274,570.38104,237.84204,-10.203308,0.31463623,10.2081585
21,681.2728,261.5261,671.6165,260.2517,-9.656311,-1.2743835,9.740041
21,541.5774,259.714,531.30725,260.7851,-10.270142,1.071106,10.325845
21,287.767,205.06944,288.22778,205.54922,0.4607849,0.4797821,0.665217
21,302.29013,231.53423,302.39996,231.84048,0.10983276,0.30625916,0.32535812
21,329.40173,151.34894,329.76254,151.7679,0.36080933,0.41896057,0.5529117
21,711.41187,388.03427,704.6843,385.8196,-6.727539,-2.2146606,7.0826902
21,1186.6238,439.32996,1186.661,439.2327,0.037231445,-0.09725952,0.10414219
21,701.6418,312.26086,692.6231,310.3095,-9.018677,-1.951355,9.227367
21,1249.7107,75.26444,1249.3213,75.13519,-0.3894043,-0.12924957,0.410294
21,649.4431,445.7021,643.89575,444.91083,-5.5473633,-0.79125977,5.603511
21,660.8542,299.52856,651.24677,298.58484,-9.607422,-0.9437256,9.653662
21,675.23895,434.95654,669.2999,433.6599,-5.939026,-1.2966309,6.078921
21,516.9539,280.8653,507.25607,282.50656,-9.697845,1.6412659,9.83575
21,657.3745,327.14438,648.9101,326.1132,-8.4644165,-1.031189,8.5269985
21,556.15265,311.33026,547.1741,312.47443,-8.978577,1.144165,9.051185
21,662.42456,264.24622,652.7319,262.95587,-9.692688,-1.2903442,9.7782
21,722.6905,351.3345,714.7528,349.22394,-7.937683,-2.1105652,8.213483
21,698.2268,280.09473,688.69354,278.26962,-9.533264,-1.8251038,9.706396
21,1152.0405,68.274925,1151.6445,68.1812,-0.3959961,-0.09372711,0.40693694
21,317.66278,233.01149,317.73965,233.04897,0.07687378,0.037475586,0.085521914
21,1251.8304,91.28237,1251.3796,91.31486,-0.45080566,0.032485962,0.45197466
21,695.5792,348.50873,687.36053,346.54984,-8.218689,-1.9588928,8.448912
21,646.02606,299.86053,637.4249,298.944,-8.601135,-0.9165344,8.64983
21,597.85376,235.0652,587.88916,235.12677,-9.9646,0.061569214,9.964789
21,685.05505,316.8715,676.55194,315.19925,-8.503113,-1.6722412,8.665986
21,668.87604,360.24857,661.2819,358.8579,-7.594116,-1.3906555,7.7203965
21,621.4874,287.80283,611.9318,287.49893,-9.555603,-0.30389404,9.560434
21,680.96747,383.71643,673.89685,382.164,-7.0706177,-1.5524292,7.239038
21,629.4795,398.27472,622.8506,397.8077,-6.6289062,-0.4670105,6.6453366
21,607.77057,381.31235,600.33014,381.17737,-7.4404297,-0.13497925,7.4416537
21,569.37994,368.42624,561.9235,368.9887,-7.456421,0.5624695,7.4776053
21,608.65765,261.14902,598.50726,261.00272,-10.150391,-0.14630127,10.151445
21,436.21704,478.52524,429.3408,478.35248,-6.876251,-0.17276001,6.878421
21,662.4517,238.18028,652.87714,237.2543,-9.574585,-0.9259796,9.619257
21,660.12787,412.11227,653.6591,410.66684,-6.46875,-1.4454346,6.628273
21,646.9098,394.80307,640.0736,393.87164,-6.8361816,-0.931427,6.899343
21,569.38153,311.39508,560.19855,311.90234,-9.182983,0.5072632,9.196983
21,439.60828,61.859238,439.74182,62.034214,0.13354492,0.17497635,0.22011581
21,567.94196,337.29288,559.6891,338.29474,-8.252869,1.0018616,8.313457
21,582.00543,273.9793,571.8402,274.15115,-10.165222,0.17184448,10.166675
21,688.08093,286.99066,678.19366,285.2706,-9.887268,-1.7200623,10.03577
21,582.2003,393.92075,575.33136,394.08133,-6.8689575,0.1605835,6.8708344
22,613.68396,343.5786,605.72406,343.37408,-7.9599,-0.20452881,7.9625273
22,596.6663,344.13632,588.6381,344.16586,-8.028198,0.029541016,8.028253
22,584.6733,364.393,576.8756,364.58176,-7.7976685,0.18875122,7.7999525
22,706.28925,323.83078,698.2088,322.16977,-8.080444,-1.6610107,8.249396
22,305.94647,144.24246,305.95166,144.27615,0.0051879883,0.033691406,0.034088504
22,636.61926,241.54936,627.2412,241.08455,-9.378052,-0.46481323,9.389564
22,570.38104,237.84204,560.62604,238.23451,-9.755005,0.3924713,9.762897
22,671.6165,260.2517,662.235,259.13654,-9.381531,-1.1151733,9.447578
22,531.30725,260.7851,521.54114,261.69058,-9.766113,0.90548706,9.808001
22,288.22778,205.54922,287.5772,205.5223,-0.65057373,-0.026931763,0.6511309
22,302.39996,231.84048,302.43195,231.87584,0.031982422,0.035354614,0.047674146
22,329.76254,151.7679,329.28912,151.29228,-0.4734192,-0.47561646,0.67107135
22,704.6843,385.8196,697.5829,384.27438,-7.1014404,-1.545227,7.267612
22,1186.661,439.2327,1186.678,438.90088,0.016967773,-0.33181763,0.33225116
22,692.6231,310.3095,683.765,308.8937,-8.858093,-1.415802,8.970524
22,1249.3213,75.13519,1249.303,75.0861,-0.018310547,-0.049095154,0.05239857
22,643.89575,444.91083,637.39825,444.4523,-6.4974976,-0.4585266,6.5136566
22,651.24677,298.58484,641.86163,297.8342,-9.385132,-0.75064087,9.415103
22,669.2999,433.6599,662.8332,432.80353,-6.466736,-0.8563843,6.5231943
22,507.25607,282.50656,498.37955,283.82614,-8.876526,1.3195801,8.974074
22,648.9101,326.1132,640.77,325.2613,-8.140076,-0.8518982,8.184532
22,547.1741,312.47443,538.57135,313.4024,-8.602722,0.9279785,8.652628
22,652.7319,262.95587,643.6421,262.1272,-9.089783,-0.8286743,9.127478
22,714.7528,349.22394,706.8027,347.48434,-7.9501343,-1.7395935,8.138232
22,688.69354,278.26962,679.7256,277.10208,-8.967957,-1.1675415,9.043638
22,1151.6445,68.1812,1151.6252,67.909035,-0.01928711,-0.2721634,0.27284592
22,317.73965,233.04897,317.73135,232.99924,-0.008300781,-0.049728394,0.05041643
22,1251.3796,91.31486,1251.386,91.2551,0.0063476562,-0.059761047,0.060097218
22,687.36053,346.54984,679.4352,345.5175,-7.925354,-1.0323486,7.9923077
22,637.4249,298.944,628.88306,298.25986,-8.54187,-0.68414307,8.569223
22,587.88916,235.12677,578.3837,235.18962,-9.505432,0.06285095,9.50564
22,676.55194,315.19925,668.1529,314.0888,-8.399048,-1.1104431,8.4721365
22,661.2819,358.8579,653.5345,358.03833,-7.7474365,-0.8195801,7.7906666
22,611.9318,287.49893,602.676,287.3056,-9.255798,-0.19332886,9.257817
22,673.89685,382.164,666.4193,381.14178,-7.477539,-1.0222168,7.5470867
22,622.8506,397.8077,615.8601,397.52063,-6.9904785,-0.28707886,6.996371
22,600.33014,381.17737,593.07635,381.09564,-7.253784,-0.081726074,7.254245
22,561.9235,368.9887,554.2716,369.52444,-7.6519165,0.5357361,7.670648
22,598.50726,261.00272,588.6183,260.7832,-9.888977,-0.21951294,9.891414
22,429.3408,478.35248,422.04288,478.33838,-7.2979126,-0.014099121,7.2979264
22,652.87714,237.2543,643.5487,236.48772,-9.32843,-0.7665863,9.359875
22,653.6591,410.66684,647.0909,409.93652,-6.5682373,-0.73031616,6.6087146
22,640.0736,393.87164,632.8431,393.28708,-7.23053,-0.5845642,7.2541213
22,560.19855,311.90234,551.70514,312.34955,-8.493408,0.4472046,8.505174
22,439.74182,62.034214,439.98224,62.313786,0.24041748,0.27957153,0.36872864
22,559.6891,338.29474,551.654,338.8907,-8.035095,0.59594727,8.057165
22,571.8402,274.15115,562.5028,274.50916,-9.337402,0.3580017,9.344263
22,678.19366,285.2706,668.873,284.16708,-9.320679,-1.1035156,9.3857765
22,575.33136,394.08133,568.2537,394.48062,-7.0776367,0.399292,7.088891
23,605.72406,343.37408,597.9371,343.19946,-7.7869873,-0.17462158,7.7889447
23,588.6381,344.16586,580.85956,344.15042,-7.7785645,-0.0154418945,7.7785797
23,576.8756,364.58176,569.4214,364.60687,-7.4542236,0.025115967,7.4542656
23,698.2088,322.16977,690.16815,321.23853,-8.040649,-0.9312439,8.094398
23,305.95166,144.27615,305.54395,144.56839,-0.40771484,0.29223633,0.5016308
23,627.2412,241.08455,618.5527,240.64365,-8.688538,-0.4409027,8.6997175
23,560.62604,238.23451,551.7182,238.38953,-8.907837,0.15501404,8.909185
23,662.235,259.13654,653.69,258.46924,-8.544983,-0.66729736,8.570998
23,521.54114,261.69058,512.765,262.10858,-8.776123,0.41799927,8.786072
23,287.5772,205.5223,287.54572,205.58263,-0.03149414,0.060333252,0.06805867
23,302.43195,231.87584,302.42502,232.04037,-0.0069274902,0.16453552,0.16468129
23,329.28912,151.29228,329.30023,151.65625,0.011108398,0.3639679,0.36413738
23,697.5829,384.27438,690.37067,383.37503,-7.212219,-0.899353,7.268077
23,1186.678,438.90088,1186.5573,438.6965,-0.12072754,-0.20437622,0.23737055
23,683.765,308.8937,675.4994,308.01797,-8.265625,-0.8757324,8.311887
23,1249.303,75.0861,1249.1544,74.74642,-0.14855957,-0.3396759,0.37074205
23,637.39825,444.4523,631.09143,443.80045,-6.3068237,-0.65185547,6.340421
23,641.86163,297.8342,633.51105,297.67264,-8.350586,-0.16156006,8.352148
23,662.8332,432.80353,656.3004,432.0732,-6.532776,-0.73031616,6.5734715
23,498.37955,283.82614,489.90723,284.28348,-8.472321,0.45733643,8.484655
23,640.77,325.2613,632.91284,324.6464,-7.8571777,-0.6148987,7.8812017
23,538.57135,313.4024,530.7335,313.68768,-7.8378296,0.28527832,7.8430195
23,643.6421,262.1272,635.2697,261.43842,-8.3723755,-0.68878174,8.4006605
23,706.8027,347.48434,699.324,346.06857,-7.4786987,-1.4157715,7.611527
23,679.7256,277.10208,671.23474,276.1659,-8.490845,-0.93618774,8.5423
23,1151.6252,67.909035,1151.4863,67.82743,-0.13891602,-0.081604004,0.16111137
23,317.73135,232.99924,317.67166,233.11975,-0.059692383,0.120513916,0.1344871
23,1251.386,91.2551,1251.3081,90.94675,-0.07788086,-0.3083496,0.31803286
23,679.4352,345.5175,671.67755,344.6402,-7.7576294,-0.8772888,7.807077
23,628.88306,298.25986,620.95404,297.76968,-7.929016,-0.49017334,7.944153
23,578.3837,235.18962,569.4657,235.18707,-8.91803,-0.0025482178,8.918031
23,668.1529,314.0888,660.3027,313.38516,-7.8502197,-0.7036438,7.8816915
23,653.5345,358.03833,645.9159,357.52597,-7.6185913,-0.5123596,7.6358004
23,602.676,287.3056,594.2274,287.28452,-8.448608,-0.021087646,8.448634
23,666.4193,381.14178,659.0921,380.51956,-7.3272095,-0.6222229,7.3535814
23,615.8601,397.52063,608.82465,397.27316,-7.0354614,-0.24746704,7.0398126
23,593.07635,381.09564,585.71,380.81415,-7.366333,-0.28149414,7.3717093
23,554.2716,369.52444,546.89746,369.6013,-7.3741455,0.07684326,7.374546
23,588.6183,260.7832,579.7628,260.67615,-8.855469,-0.107055664,8.856115
23,422.04288,478.33838,414.5614,478.17557,-7.481476,-0.16281128,7.4832473
23,643.5487,236.48772,634.73615,235.89807,-8.812561,-0.5896454,8.832265
23,647.0909,409.93652,640.1489,409.30026,-6.9419556,-0.636261,6.9710526
23,632.8431,393.28708,625.61633,392.69763,-7.2267456,-0.589447,7.250745
23,551.70514,312.34955,543.4562,312.41754,-8.248962,0.067993164,8.249243
23,439.98224,62.313786,439.9339,62.15028,-0.048339844,-0.16350555,0.17050163
23,551.654,338.8907,544.0409,339.24432,-7.613098,0.3536377,7.6213074
23,562.5028,274.50916,553.6638,274.55142,-8.838989,0.042266846,8.83909
23,668.873,284.16708,660.1767,283.57324,-8.696289,-0.59384155,8.716541
23,568.2537,394.48062,560.8801,394.52145,-7.373596,0.04083252,7.373709
24,597.9371,343.19946,590.5597,343.11118,-7.3773804,-0.08828735,7.377908
24,580.85956,344.15042,573.5009,344.02612,-7.3586426,-0.124298096,7.359692
24,569.4214,364.60687,562.0629,364.54358,-7.3584595,-0.06329346,7.3587317
24,690.16815,321.23853,682.64636,320.70352,-7.5217896,-0.53500366,7.540792
24,305.54395,144.56839,305.34418,144.49054,-0.19976807,-0.07785034,0.2144014
24,618.5527,240.64365,610.9744,240.4194,-7.578247,-0.22424316,7.581564
24,551.7182,238.38953,543.8797,238.32976,-7.838501,-0.059768677,7.838729
24,653.69,258.46924,646.2488,258.34442,-7.441223,-0.124816895,7.44227
24,512.765,262.10858,504.86594,262.21436,-7.8990784,0.105773926,7.8997865
24,287.54572,205.58263,287.69937,205.65424,0.153656,0.0716095,0.16952312
24,302.42502,232.04037,302.42606,232.02225,0.0010375977,-0.018127441,0.018157113
24,329.30023,151.65625,329.29892,151.7534,-0.0013122559,0.09715271,0.09716157
24,690.37067,383.37503,683.2325,382.86276,-7.1381836,-0.51226807,7.1565413
24,1186.5573,438.6965,1186.5505,438.6735,-0.006713867,-0.023010254,0.023969727
24,675.4994,308.01797,667.76654,307.6306,-7.732849,-0.38735962,7.742545
24,1249.1544,74.74642,1249.1038,74.5322,-0.05065918,-0.21421814,0.2201267
24,631.09143,443.80045,624.011,443.7323,-7.0804443,-0.06814575,7.080772
24,633.51105,297.67264,625.8058,297.6947,-7.705261,0.022064209,7.705293
24,656.3004,432.0732,649.6675,431.65643,-6.6329346,-0.41677856,6.646016
24,489.90723,284.28348,482.4558,284.15527,-7.451416,-0.12820435,7.452519
24,632.91284,324.6464,625.41864,324.36945,-7.4942017,-0.27694702,7.499317
24,530.7335,313.68768,523.2227,313.68878,-7.510803,0.0010986328,7.510803
24,635.2697,261.43842,627.84235,261.12366,-7.427368,-0.3147583,7.4340343
24,699.324,346.06857,692.07245,345.78098,-7.251526,-0.28759766,7.257227
24,671.23474,276.1659,663.6833,275.7611,-7.5514526,-0.40478516,7.562294
24,1151.4863,67.82743,1151.5546,67.472305,0.068237305,-0.35512543,0.36162192
24,317.67166,233.11975,317.66702,233.11421,-0.004638672,-0.0055389404,0.0072247586
24,1251.3081,90.94675,1251.3695,90.63056,0.061401367,-0.316185,0.32209173
24,671.67755,344.6402,664.3336,344.1812,-7.343933,-0.45898438,7.358262
24,620.95404,297.76968,613.57947,297.69122,-7.3745728,-0.07846069,7.37499
24,569.4657,235.18707,561.3563,235.09106,-8.109375,-0.0960083,8.109943
24,660.3027,313.38516,652.7965,312.88702,-7.5061646,-0.49813843,7.5226755
24,645.9159,357.52597,638.58075,357.0449,-7.335144,-0.4810791,7.350903
24,594.2274,287.28452,586.6184,287.142,-7.609009,-0.14251709,7.6103435
24,659.0921,380.51956,651.9963,380.2083,-7.095825,-0.31124878,7.1026483
24,608.82465,397.27316,601.9323,397.09677,-6.892334,-0.1763916,6.894591
24,585.71,380.81415,578.71295,380.7663,-6.9970703,-0.047851562,6.997234
24,546.89746,369.6013,539.8336,369.58344,-7.063843,-0.017852783,7.063865
24,579.7628,260.67615,571.8515,260.6007,-7.911316,-0.07543945,7.9116755
24,414.5614,478.17557,406.6657,478.04514,-7.895691,-0.13043213,7.896768
24,634.73615,235.89807,627.4502,235.7805,-7.2859497,-0.11756897,7.286898
24,640.1489,409.30026,633.1228,409.00632,-7.026123,-0.2939453,7.032269
24,625.61633,392.69763,618.63574,392.54184,-6.980591,-0.15579224,6.9823294
24,543.4562,312.41754,535.98505,312.46375,-7.4711304,0.046203613,7.4712734
24,439.9339,62.15028,440.31552,62.242317,0.3816223,0.0920372,0.39256394
24,544.0409,339.24432,536.5347,339.23325,-7.5061646,-0.011077881,7.5061727
24,553.6638,274.55142,545.88776,274.5447,-7.776062,-0.006713867,7.776065
24,660.1767,283.57324,652.36975,283.17935,-7.806946,-0.39389038,7.8168764
24,560.8801,394.52145,553.8338,394.48724,-7.0463257,-0.034210205,7.046409
25,590.5597,343.11118,583.81177,342.7715,-6.747925,-0.33966064,6.756468
25,573.5009,344.02612,566.71155,343.78622,-6.7893677,-0.23989868,6.793605
25,562.0629,364.54358,555.206,364.3892,-6.8569336,-0.15438843,6.8586717
25,682.64636,320.70352,675.77454,320.7234,-6.871826,0.019866943,6.871855
25,305.34418,144.49054,305.76877,144.29558,0.42459106,-0.19496155,0.46721256
25,610.9744,240.4194,604.05945,240.12175,-6.914978,-0.2976532,6.921381
25,543.8797,238.32976,536.8349,238.21156,-7.0448,-0.11819458,7.045791
25,646.2488,258.34442,639.5526,258.2125,-6.696167,-0.13192749,6.697467
25,504.86594,262.21436,497.9531,261.9652,-6.912842,-0.24914551,6.91733
25,287.69937,205.65424,288.07443,205.86978,0.37506104,0.21554565,0.43258607
25,302.42606,232.02225,302.66034,232.05554,0.23428345,0.033294678,0.23663741
25,329.29892,151.7534,329.24765,151.90062,-0.05126953,0.1472168,0.1558889
25,683.2325,382.86276,676.3657,382.8236,-6.8667603,-0.039154053,6.866872
25,1186.5505,438.6735,1187.0497,438.1887,0.4991455,-0.48480225,0.69583005
25,667.76654,307.6306,660.81036,307.60974,-6.9561768,-0.020874023,6.9562078
25,1249.1038,74.5322,1249.1982,74.31499,0.09448242,-0.21721649,0.23687536
25,624.011,443.7323,617.1732,443.48633,-6.8377686,-0.24597168,6.842191
25,625.8058,297.6947,618.7632,297.70645,-7.0426025,0.011749268,7.0426126
25,649.6675,431.65643,642.7405,431.6373,-6.927002,-0.019134521,6.927028
25,482.4558,284.15527,475.54703,283.84116,-6.908783,-0.31411743,6.9159203
25,625.41864,324.36945,618.8325,324.2078,-6.5861206,-0.16165161,6.588104
25,523.2227,313.68878,516.2906,313.63312,-6.932129,-0.055664062,6.9323525
25,627.84235,261.12366,621.20166,260.87476,-6.640686,-0.24890137,6.645349
25,692.07245,345.78098,685.122,345.7302,-6.9504395,-0.05078125,6.950625
25,663.6833,275.7611,657.01965,275.7401,-6.6636353,-0.020996094,6.663668
25,1151.5546,67.472305,1151.6609,67.11218,0.10632324,-0.36012268,0.37549034
25,317.66702,233.11421,317.84207,233.13828,0.17504883,0.02406311,0.176695
25,1251.3695,90.63056,1251.3871,90.72006,0.017578125,0.08950043,0.09121029
25,664.3336,344.1812,657.645,344.09622,-6.6885986,-0.084991455,6.6891384
25,613.57947,297.69122,606.8314,297.3123,-6.748047,-0.37893677,6.758678
25,561.3563,235.09106,554.5678,234.87564,-6.788513,-0.21542358,6.79193
25,652.7965,312.88702,646.16486,312.87918,-6.631653,-0.007843018,6.6316576
25,638.58075,357.0449,631.6137,357.0001,-6.967041,-0.044799805,6.967185
25,586.6184,287.142,579.64325,286.8285,-6.9751587,-0.31350708,6.9822006
25,651.9963,380.2083,645.1913,379.86765,-6.8049927,-0.34066772,6.8135147
25,601.9323,397.09677,595.01514,396.87906,-6.9171753,-0.2177124,6.9206004
25,578.71295,380.7663,571.8368,380.44714,-6.8761597,-0.31915283,6.8835626
25,539.8336,369.58344,532.4863,369.30585,-7.34729,-0.2775879,7.352532
25,571.8515,260.6007,565.048,260.54416,-6.803528,-0.056549072,6.803763
25,406.6657,478.04514,399.30307,477.93976,-7.3626404,-0.1053772,7.3633943
25,627.4502,235.7805,620.97076,235.68553,-6.479431,-0.0949707,6.480127
25,633.1228,409.00632,626.44183,408.89676,-6.680969,-0.109558105,6.6818676
25,618.63574,392.54184,612.03125,392.32364,-6.604492,-0.21820068,6.6080956
25,535.98505,312.46375,529.0397,312.10193,-6.9453735,-0.3618164,6.9547915
25,440.31552,62.242317,440.5067,62.14594,0.19119263,-0.09637833,0.21411072
25,536.5347,339.23325,529.9639,339.04636,-6.570801,-0.18688965,6.573458
25,545.88776,274.5447,538.98883,274.4865,-6.898926,-0.05819702,6.8991714
25,652.36975,283.17935,645.4106,283.27893,-6.9591675,0.09957886,6.95988
25,553.8338,394.48724,546.90234,394.02313,-6.9314575,-0.46411133,6.946978
26,583.81177,342.7715,577.4589,342.72952,-6.352844,-0.041992188,6.352983
26,566.71155,343.78622,560.49634,343.60257,-6.21521,-0.18365479,6.2179227
26,555.206,364.3892,548.94275,364.1495,-6.2632446,-0.23968506,6.2678294
26,675.77454,320.7234,669.5832,321.07635,-6.191345,0.3529663,6.2013984
26,305.76877,144.29558,305.39478,144.33928,-0.37399292,0.043701172,0.3765375
26,604.05945,240.12175,598.1096,240.05324,-5.949829,-0.06851196,5.9502234
26,536.8349,238.21156,531.1153,237.76248,-5.7196045,-0.44908142,5.7372074
26,639.5526,258.2125,633.4814,258.2741,-6.071228,0.06161499,6.071541
26,497.9531,261.9652,491.98517,261.4204,-5.967926,-0.5447998,5.992741
26,288.07443,205.86978,287.57935,205.55193,-0.49508667,-0.31785583,0.58833927
26,302.66034,232.05554,302.6142,231.97263,-0.046142578,-0.08291626,0.09489069
26,329.24765,151.90062,328.97388,151.72118,-0.2737732,-0.17944336,0.3273403
26,676.3657,382.8236,669.94836,383.04343,-6.4173584,0.21981812,6.421122
26,1187.0497,438.1887,1186.9437,438.0767,-0.10595703,-0.11199951,0.15417777
26,660.81036,307.60974,654.8026,308.00882,-6.0077515,0.39907837,6.020992
26,1249.1982,74.31499,1249.1637,73.771515,-0.0345459,-0.5434723,0.5445692
26,617.1732,443.48633,610.8251,443.56647,-6.3481445,0.08013916,6.3486505
26,618.7632,297.70645,612.5967,297.92404,-6.166504,0.21759033,6.1703415
26,642.7405,431.6373,636.1693,431.6893,-6.571167,0.052001953,6.571373
26,475.54703,283.84116,469.25055,283.401,-6.2964783,-0.44015503,6.311844
26,618.8325,324.2078,612.5839,324.27448,-6.248596,0.06668091,6.2489524
26,516.2906,313.63312,510.31708,313.19836,-5.9735107,-0.43475342,5.9893107
26,621.20166,260.87476,615.1595,260.8004,-6.0421753,-0.07434082,6.0426326
26,685.122,345.7302,678.7021,346.16165,-6.419922,0.43145752,6.434404
26,657.01965,275.7401,651.1208,276.0726,-5.8988647,0.332489,5.9082274
26,1151.6609,67.11218,1151.5992,66.78444,-0.061645508,-0.32774353,0.3334906
26,317.84207,233.13828,317.7323,233.17387,-0.10977173,0.035598755,0.115399756
26,1251.3871,90.72006,1251.351,90.20368,-0.036132812,-0.5163803,0.5176429
26,657.645,344.09622,651.40704,344.58548,-6.237976,0.4892578,6.2571335
26,606.8314,297.3123,600.6414,297.4188,-6.1900024,0.10650635,6.190919
26,554.5678,234.87564,548.6693,234.59073,-5.8984985,-0.2849121,5.905376
26,646.16486,312.87918,640.106,312.88174,-6.058838,0.0025634766,6.058839
26,631.6137,357.0001,625.5849,357.16522,-6.0288086,0.16513062,6.0310698
26,579.64325,286.8285,573.5314,286.7334,-6.1118774,-0.09509277,6.112617
26,645.1913,379.86765,638.8372,380.15552,-6.354065,0.2878723,6.360583
26,595.01514,396.87906,588.67084,396.89877,-6.3442993,0.019714355,6.34433
26,571.8368,380.44714,565.326,380.4404,-6.510803,-0.0067443848,6.510807
26,532.4863,369.30585,526.37286,369.2377,-6.1134644,-0.06814575,6.113844
26,565.048,260.54416,559.1793,260.08002,-5.8686523,-0.46414185,5.886978
26,399.30307,477.93976,391.96768,477.90427,-7.335388,-0.035491943,7.335474
26,620.97076,235.68553,615.2658,235.80276,-5.704956,0.11723328,5.7061605
26,626.44183,408.89676,619.85693,408.9797,-6.5849,0.08294678,6.5854225
26,612.03125,392.32364,605.40796,392.3414,-6.623291,0.01776123,6.623315
26,529.0397,312.10193,522.89087,311.8619,-6.1488037,-0.24002075,6.1534867
26,440.5067,62.14594,439.98407,62.17719,-0.52264404,0.03125,0.52357745
26,529.9639,339.04636,523.4857,338.72815,-6.4782104,-0.3182068,6.486021
26,538.98883,274.4865,533.11035,274.0676,-5.878479,-0.4189148,5.893387
26,645.4106,283.27893,639.3582,283.7372,-6.052368,0.45828247,6.0696936
26,546.90234,394.02313,540.4771,393.9806,-6.425232,-0.042541504,6.4253726
27,577.4589,342.72952,571.8523,342.74323,-5.6066284,0.013702393,5.606645
27,560.49634,343.60257,554.7494,343.47894,-5.7469482,-0.12362671,5.7482777
27,548.94275,364.1495,543.36676,363.8374,-5.575989,-0.31210327,5.5847163
27,669.5832,321.07635,664.1294,321.59335,-5.4537964,0.5169983,5.478246
27,305.39478,144.33928,305.36948,144.4184,-0.025299072,0.07911682,0.08306331
27,598.1096,240.05324,592.98285,240.1771,-5.12677,0.12385559,5.128266
27,531.1153,237.76248,525.89166,237.54651,-5.223633,-0.2159729,5.2280955
27,633.4814,258.2741,628.5084,258.7279,-4.9729614,0.4537964,4.9936233
27,491.98517,261.4204,486.57193,260.95978,-5.4132385,-0.46063232,5.4328017
27,287.57935,205.55193,287.1535,205.76955,-0.4258423,0.21762085,0.4782264
27,302.6142,231.97263,302.6281,231.9696,0.013916016,-0.0030212402,0.014240203
27,328.97388,151.72118,328.96976,151.72314,-0.004119873,0.0019683838,0.0045659486
27,669.94836,383.04343,664.0241,383.74814,-5.9242554,0.7047119,5.9660225
27,1186.9437,438.0767,1186.9266,437.82117,-0.017089844,-0.25552368,0.25609455
27,654.8026,308.00882,649.21564,308.57565,-5.586975,0.5668335,5.615656
27,1249.1637,73.771515,1249.1713,73.3309,0.0075683594,-0.4406128,0.4406778
27,610.8251,443.56647,604.93066,443.71512,-5.894409,0.14865112,5.8962836
27,612.5967,297.92404,607.206,298.36746,-5.390686,0.4434204,5.408892
27,636.1693,431.6893,630.096,432.1387,-6.073303,0.44940186,6.0899076
27,469.25055,283.401,463.92938,282.74097,-5.321167,-0.6600342,5.3619456
27,612.5839,324.27448,607.092,324.36896,-5.4919434,0.09448242,5.492756
27,510.31708,313.19836,504.67456,312.56418,-5.642517,-0.6341858,5.678045
27,615.1595,260.8004,610.07983,261.12112,-5.079651,0.32070923,5.089765
27,678.7021,346.16165,672.98944,346.84296,-5.7126465,0.68130493,5.75313
27,651.1208,276.0726,645.9687,276.63,-5.1520996,0.55740356,5.1821647
27,1151.5992,66.78444,1151.4039,66.632805,-0.1953125,-0.15163422,0.24726485
27,317.7323,233.17387,317.74652,233.19675,0.014221191,0.022872925,0.026933491
27,1251.351,90.20368,1251.3782,89.69796,0.02722168,-0.50572205,0.50645417
27,651.40704,344.58548,645.8871,344.9364,-5.5199585,0.35092163,5.5311017
27,600.6414,297.4188,595.1047,297.55832,-5.536743,0.13952637,5.538501
27,548.6693,234.59073,543.39044,234.49754,-5.2788696,-0.093185425,5.279692
27,640.106,312.88174,634.59143,313.25537,-5.5145874,0.3736267,5.5272303
27,625.5849,357.16522,619.81824,357.5625,-5.7666626,0.39727783,5.780331
27,573.5314,286.7334,568.14734,286.87665,-5.384033,0.14324951,5.3859386
27,638.8372,380.15552,632.8971,380.62564,-5.9401245,0.4701233,5.958699
27,588.67084,396.89877,582.72174,396.9383,-5.9490967,0.039520264,5.949228
27,565.326,380.4404,559.6633,380.43518,-5.6626587,-0.005218506,5.662661
27,526.37286,369.2377,520.4636,368.7429,-5.9092407,-0.494812,5.929921
27,559.1793,260.08002,554.03235,260.00104,-5.1469727,-0.07897949,5.1475787
27,391.96768,477.90427,385.23462,477.79776,-6.7330627,-0.10650635,6.7339053
27,615.2658,235.80276,610.8081,236.42938,-4.4577026,0.62661743,4.5015287
27,619.85693,408.9797,613.83527,409.16525,-6.0216675,0.18554688,6.0245256
27,605.40796,392.3414,599.4212,392.45334,-5.9867554,0.11193848,5.987802
27,522.89087,311.8619,517.5055,311.5117,-5.385376,-0.35021973,5.3967514
27,439.98407,62.17719,440.2282,61.882572,0.24414062,-0.2946167,0.38262728
27,523.4857,338.72815,517.96765,338.21326,-5.5180664,-0.5148926,5.5420365
27,533.11035,274.0676,527.92084,273.97195,-5.189514,-0.09564209,5.1903954
27,639.3582,283.7372,633.8474,284.51813,-5.510803,0.7809143,5.5658584
27,540.4771,393.9806,534.56055,393.92484,-5.916565,-0.055755615,5.9168277
28,571.8523,342.74323,566.70844,342.7637,-5.14386,0.020477295,5.1439004
28,554.7494,343.47894,549.5488,343.39426,-5.2005615,-0.08468628,5.201251
28,543.36676,363.8374,537.8269,363.7799,-5.539856,-0.057495117,5.5401545
28,664.1294,321.59335,659.01184,322.6367,-5.1175537,1.043335,5.2228255
28,305.36948,144.4184,305.33887,144.45291,-0.03060913,0.03451538,0.046132747
28,592.98285,240.1771,588.72015,240.45558,-4.2626953,0.27848816,4.271783
28,525.89166,237.54651,521.66406,237.16728,-4.2276,-0.37922668,4.2445745
28,628.5084,258.7279,623.89874,259.20752,-4.60968,0.47961426,4.634564
28,486.57193,260.95978,482.27017,260.1891,-4.301758,-0.7706909,4.3702497
28,287.1535,205.76955,287.47705,205.9137,0.32354736,0.14414978,0.35420623
28,302.6281,231.9696,302.61832,231.98352,-0.009796143,0.013916016,0.017018223
28,328.96976,151.72314,328.99545,151.71306,0.0256958,-0.01008606,0.027604397
28,664.0241,383.74814,658.40063,384.4258,-5.623474,0.67767334,5.6641593
28,1186.9266,437.82117,1186.969,437.5396,0.0423584,-0.28155518,0.28472364
28,649.21564,308.57565,644.2745,309.5217,-4.941162,0.9460449,5.030913
28,1249.1713,73.3309,1249.1201,73.19841,-0.05114746,-0.13249207,0.14202186
28,604.93066,443.71512,599.07947,443.9177,-5.8511963,0.20257568,5.8547025
28,607.206,298.36746,602.33405,298.67877,-4.8719482,0.3113098,4.881884
28,630.096,432.1387,624.18066,432.5068,-5.915344,0.36810303,5.9267864
28,463.92938,282.74097,459.39944,281.6855,-4.5299377,-1.055481,4.651277
28,607.092,324.36896,601.992,324.89282,-5.0999756,0.52386475,5.1268106
28,504.67456,312.56418,499.7713,311.9401,-4.9032593,-0.6240845,4.9428163
28,610.07983,261.12112,605.4724,261.37354,-4.607422,0.2524109,4.614331
28,672.98944,346.84296,667.62524,347.7288,-5.364197,0.88583374,5.436847
28,645.9687,276.63,641.15375,277.25552,-4.8149414,0.6255188,4.8554025
28,1151.4039,66.632805,1151.2991,66.266426,-0.1048584,-0.36637878,0.38108882
28,317.74652,233.19675,317.76025,233.17018,0.01373291,-0.026565552,0.029905206
28,1251.3782,89.69796,1251.3286,89.62566,-0.049560547,-0.07229614,0.08765261
28,645.8871,344.9364,640.4401,345.53473,-5.4469604,0.59832764,5.479724
28,595.1047,297.55832,590.19635,297.6294,-4.908325,0.07107544,4.9088397
28,543.39044,234.49754,538.95557,234.37479,-4.4348755,-0.12275696,4.4365745
28,634.59143,313.25537,629.5945,313.9988,-4.9969482,0.7434387,5.0519495
28,619.81824,357.5625,614.36707,357.95505,-5.451172,0.3925476,5.4652877
28,568.14734,286.87665,563.60004,286.91022,-4.5473022,0.033569336,4.547426
28,632.8971,380.62564,627.59076,381.01407,-5.3063354,0.38842773,5.3205333
28,582.72174,396.9383,576.99805,396.96173,-5.723694,0.0234375,5.7237415
28,559.6633,380.43518,553.789,380.34793,-5.8743286,-0.087249756,5.8749766
28,520.4636,368.7429,515.0449,368.2916,-5.418701,-0.45129395,5.4374614
28,554.03235,260.00104,549.4181,260.08447,-4.614258,0.08343506,4.615012
28,385.23462,477.79776,378.8411,477.63602,-6.393524,-0.16174316,6.39557
28,610.8081,236.42938,606.363,236.68376,-4.4451294,0.25437927,4.452402
28,613.83527,409.16525,608.2535,409.544,-5.581787,0.37875366,5.5946226
28,599.4212,392.45334,593.868,392.84335,-5.5532227,0.39001465,5.5669017
28,517.5055,311.5117,512.5885,311.37576,-4.916992,-0.1359253,4.918871
28,440.2282,61.882572,439.60156,61.99416,-0.62664795,0.111587524,0.6365056
28,517.96765,338.21326,512.7713,337.65466,-5.19635,-0.55859375,5.2262874
28,527.92084,273.97195,522.91113,273.46146,-5.0097046,-0.51049805,5.035648
28,633.8474,284.51813,629.08777,285.14798,-4.7596436,0.6298523,4.8011374
28,534.56055,393.92484,529.05725,393.46143,-5.503296,-0.46340942,5.5227723
29,566.70844,342.7637,561.5622,342.82822,-5.14624,0.06451416,5.1466446
29,549.5488,343.39426,544.494,343.31064,-5.0548096,-0.083618164,5.055501
29,537.8269,363.7799,532.5956,363.5195,-5.2313232,-0.2604065,5.2378006
29,659.01184,322.6367,653.9651,323.5779,-5.046753,0.94122314,5.133772
29,305.33887,144.45291,305.34293,144.49573,0.004058838,0.042816162,0.043008115
29,588.72015,240.45558,584.5546,240.74635,-4.1655273,0.29077148,4.1756635
29,521.66406,237.16728,517.4223,236.81877,-4.2417603,-0.34851074,4.2560534
29,623.89874,259.20752,619.7983,259.99777,-4.100464,0.7902527,4.1759195
29,482.27017,260.1891,477.9518,259.4294,-4.3183594,-0.7596741,4.3846703
29,287.47705,205.9137,287.64447,205.86409,0.16741943,-0.049606323,0.17461401
29,302.61832,231.98352,302.50922,231.996,-0.10910034,0.012481689,0.10981201
29,328.99545,151.71306,328.99142,151.76195,-0.0040283203,0.04888916,0.04905484
29,658.40063,384.4258,653.00464,385.28552,-5.395996,0.8597107,5.464053
29,1186.969,437.5396,1187.0696,437.1115,0.10058594,-0.4281006,0.43975863
29,644.2745,309.5217,639.39966,310.08685,-4.874817,0.565155,4.907468
29,1249.1201,73.19841,1249.2334,72.99944,0.11328125,-0.19896698,0.22895524
29,599.07947,443.9177,592.8299,444.23126,-6.2495728,0.31356812,6.2574344
29,602.33405,298.67877,597.89075,299.3368,-4.4432983,0.65802,4.4917583
29,624.18066,432.5068,618.56104,432.76257,-5.619629,0.25576782,5.6254463
29,459.39944,281.6855,454.54144,280.74402,-4.8580017,-0.9414673,4.9483876
29,601.992,324.89282,596.9943,325.32184,-4.9976807,0.4290161,5.016061
29,499.7713,311.9401,494.80563,311.4299,-4.9656677,-0.5101929,4.9918084
29,605.4724,261.37354,601.08624,261.92593,-4.3861694,0.5523987,4.4208174
29,667.62524,347.7288,662.582,348.6904,-5.043274,0.9616089,5.1341314
29,641.15375,277.25552,636.70496,278.04773,-4.4487915,0.7922058,4.518776
29,1151.2991,66.266426,1151.4712,66.20726,0.17211914,-0.059165955,0.18200442
29,317.76025,233.17018,317.8217,233.17601,0.061431885,0.0058288574,0.061707795
29,1251.3286,89.62566,1251.3337,89.37517,0.005126953,-0.2504959,0.25054836
29,640.4401,345.53473,635.53314,346.3061,-4.9069824,0.7713623,4.9672403
29,590.19635,297.6294,585.97107,298.04437,-4.225281,0.41497803,4.2456098
29,538.95557,234.37479,534.6987,234.23941,-4.256836,-0.13537598,4.258988
29,629.5945,313.9988,624.81494,314.5835,-4.779541,0.5846863,4.815171
29,614.36707,357.95505,609.30225,358.4796,-5.0648193,0.52456665,5.091912
29,563.60004,286.91022,559.0165,287.04514,-4.583557,0.13491821,4.585542
29,627.59076,381.01407,622.0273,381.65634,-5.5634766,0.64227295,5.600427
29,576.99805,396.96173,571.5554,396.95355,-5.442627,-0.008178711,5.442633
29,553.789,380.34793,548.80383,380.3491,-4.9851685,0.001159668,4.9851685
29,515.0449,368.2916,509.9848,367.9809,-5.0601196,-0.31069946,5.069649
29,549.4181,260.08447,545.4363,260.14264,-3.9818115,0.058166504,3.9822364
29,378.8411,477.63602,371.99463,477.49405,-6.846466,-0.14196777,6.8479376
29,606.363,236.68376,601.95557,237.04605,-4.4074097,0.36228943,4.422275
29,608.2535,409.544,602.30786,410.12836,-5.9456177,0.5843506,5.974264
29,593.868,392.84335,588.39185,393.19543,-5.4761353,0.3520813,5.487442
29,512.5885,311.37576,507.64282,310.9955,-4.9456787,-0.38024902,4.9602747
29,439.60156,61.99416,439.59717,61.95981,-0.0043945312,-0.03435135,0.0346313
29,512.7713,337.65466,507.7823,337.21436,-4.9890137,-0.44030762,5.0084057
29,522.91113,273.46146,518.76184,273.20428,-4.149292,-0.25717163,4.1572537
29,629.08777,285.14798,624.5823,286.11713,-4.505493,0.9691467,4.608548
29,529.05725,393.46143,523.5048,393.4263,-5.552429,-0.035125732,5.5525403
30,561.5622,342.82822,556.24854,342.90497,-5.3136597,0.07675171,5.3142138
30,544.494,343.31064,539.22046,343.1853,-5.2735596,-0.1253357,5.2750487
30,532.5956,363.5195,527.2093,363.39285,-5.3862915,-0.12664795,5.38778
30,653.9651,323.5779,648.99866,324.69556,-4.9664307,1.1176453,5.090635
30,305.34293,144.49573,305.34418,144.49109,0.0012512207,-0.004638672,0.0048044594
30,584.5546,240.74635,580.45575,241.12775,-4.098877,0.38139343,4.116583
30,517.4223,236.81877,513.1812,236.51155,-4.241089,-0.30722046,4.252202
30,619.7983,259.99777,615.6405,260.85254,-4.157776,0.85476685,4.2447295
30,477.9518,259.4294,473.4421,258.66876,-4.5097046,-0.76065063,4.573404
30,287.64447,205.86409,287.7918,205.83463,0.14733887,-0.029464722,0.15025616
30,302.50922,231.996,302.50485,231.97906,-0.0043640137,-0.016937256,0.017490434
30,328.99142,151.76195,328.97583,151.75081,-0.015594482,-0.011138916,0.019164115
30,653.00464,385.28552,647.12195,386.52304,-5.8826904,1.2375183,6.0114474
30,1187.0696,437.1115,1187.0554,436.9689,-0.014160156,-0.14260864,0.14330992
30,639.39966,310.08685,634.67,311.43253,-4.7296753,1.3456726,4.9173837
30,1249.2334,72.99944,1249.1163,72.56,-0.11706543,-0.4394455,0.45477098
30,592.8299,444.23126,586.68933,444.52164,-6.140564,0.29037476,6.1474257
30,597.89075,299.3368,593.272,299.82608,-4.6187744,0.48928833,4.6446185
30,618.56104,432.76257,612.2,433.61417,-6.361023,0.851593,6.417774
30,454.54144,280.74402,449.93448,279.7962,-4.606964,-0.94781494,4.703453
30,596.9943,325.32184,591.9903,325.73218,-5.0040283,0.41033936,5.0208244
30,494.80563,311.4299,489.91348,310.5782,-4.892151,-0.8517151,4.9657383
30,601.08624,261.92593,596.62836,262.48474,-4.4578857,0.5588074,4.492773
30,662.582,348.6904,657.2237,349.717,-5.3582764,1.0266113,5.455736
30,636.70496,278.04773,632.2645,279.0388,-4.4404297,0.99105835,4.5496826
30,1151.4712,66.20726,1151.2373,65.742966,-0.23388672,-0.46429443,0.5198772
30,317.8217,233.17601,317.93344,233.20609,0.11175537,0.030075073,0.11573147
30,1251.3337,89.37517,1251.3286,88.62285,-0.005126953,-0.75231934,0.7523368
30,635.53314,346.3061,630.1735,347.20236,-5.359619,0.89627075,5.4340425
30,585.97107,298.04437,580.97125,298.18695,-4.999817,0.14257812,5.001849
30,534.6987,234.23941,530.46246,234.08665,-4.236267,-0.15275574,4.2390203
30,624.81494,314.5835,619.9565,315.2135,-4.8584595,0.6300049,4.899136
30,609.30225,358.4796,603.9978,358.9405,-5.3044434,0.46087646,5.324427
30,559.0165,287.04514,554.4409,287.27414,-4.5755615,0.2290039,4.5812883
30,622.0273,381.65634,616.5534,382.3455,-5.473877,0.68914795,5.5170875
30,571.5554,396.95355,565.44025,397.15747,-6.1151733,0.20391846,6.118572
30,548.80383,380.3491,543.14526,380.35126,-5.6585693,0.002166748,5.6585693
30,509.9848,367.9809,504.13586,367.6016,-5.848938,-0.37930298,5.861224
30,545.4363,260.14264,540.815,260.08234,-4.621277,-0.060302734,4.6216702
30,371.99463,477.49405,365.29984,477.2313,-6.6947937,-0.26275635,6.6999483
30,601.95557,237.04605,597.6101,237.5053,-4.345459,0.45924377,4.369659
30,602.30786,410.12836,596.2805,410.50815,-6.0273438,0.37979126,6.0392976
30,588.39185,393.19543,582.76935,393.63263,-5.6224976,0.43719482,5.6394696
30,507.64282,310.9955,502.78375,310.59857,-4.85907,-0.39694214,4.875256
30,439.59717,61.95981,439.98047,61.98154,0.38330078,0.02173233,0.38391638
30,507.7823,337.21436,502.40472,336.5532,-5.3775635,-0.66116333,5.4180555
30,518.76184,273.20428,514.1398,272.84717,-4.6220703,-0.3571167,4.6358457
30,624.5823,286.11713,619.8957,287.27133,-4.6865845,1.1542053,4.82662
30,523.5048,393.4263,517.9322,392.9528,-5.572632,-0.47351074,5.592713
31,556.24854,342.90497,551.00867,342.9987,-5.239868,0.09371948,5.2407064
31,539.22046,343.1853,533.8585,343.07098,-5.3619385,-0.11431885,5.363157
31,527.2093,363.39285,521.8236,363.1018,-5.385681,-0.29104614,5.3935394
31,648.99866,324.69556,643.86084,325.6802,-5.1378174,0.98464966,5.2313194
31,305.34418,144.49109,305.3142,144.48943,-0.029968262,-0.001663208,0.030014379
31,580.45575,241.12775,576.1167,241.43765,-4.3390503,0.309906,4.3501034
31,513.1812,236.51155,508.94852,236.16487,-4.2326965,-0.3466797,4.2468705
31,615.6405,260.85254,611.2414,261.4861,-4.399109,0.63357544,4.4445
31,473.4421,258.66876,469.16483,257.95844,-4.2772827,-0.71032715,4.3358636
31,287.7918,205.83463,287.85513,205.88968,0.063323975,0.05505371,0.0839097
31,302.50485,231.97906,302.42676,232.04796,-0.07809448,0.06889343,0.10413959
31,328.97583,151.75081,329.0044,151.83252,0.028564453,0.081710815,0.08655972
31,647.12195,386.52304,641.6456,387.5049,-5.4763184,0.98187256,5.563644
31,1187.0554,436.9689,1187.1866,436.54596,0.13122559,-0.42294312,0.44283298
31,634.67,311.43253,629.7005,312.44693,-4.9694824,1.0144043,5.0719595
31,1249.1163,72.56,1249.2108,72.317894,0.09448242,-0.24210358,0.25988665
31,586.68933,444.52164,580.5903,444.81744,-6.09906,0.29580688,6.1062293
31,593.272,299.82608,588.4588,300.41513,-4.8131714,0.5890503,4.8490825
31,612.2,433.61417,605.9763,434.26288,-6.223694,0.64871216,6.257411
31,449.93448,279.7962,444.96408,278.94193,-4.970398,-0.85427856,5.0432773
31,591.9903,325.73218,586.92944,326.12967,-5.060852,0.39749146,5.076438
31,489.91348,310.5782,485.09793,309.97864,-4.8155518,-0.59954834,4.8527308
31,596.62836,262.48474,592.17065,262.84076,-4.4577026,0.35601807,4.471897
31,657.2237,349.717,651.90326,350.82895,-5.3204346,1.1119385,5.4353867
31,632.2645,279.0388,627.77545,279.96268,-4.4890747,0.92388916,4.583161
31,1151.2373,65.742966,1151.3192,65.67715,0.08190918,-0.06581879,0.10507724
31,317.93344,233.20609,317.91946,233.18501,-0.013977051,-0.021072388,0.025286429
31,1251.3286,88.62285,1251.3403,88.65588,0.01171875,0.03303528,0.03505223
31,630.1735,347.20236,624.9506,348.17377,-5.2229004,0.971405,5.312468
31,580.97125,298.18695,576.11835,298.61755,-4.8529053,0.43060303,4.8719716
31,530.46246,234.08665,525.98773,233.91927,-4.4747314,-0.16738892,4.4778614
31,619.9565,315.2135,615.21075,315.98007,-4.7457275,0.76657104,4.8072405
31,603.9978,358.9405,598.84216,359.5974,-5.1556396,0.6569214,5.197323
31,554.4409,287.27414,549.95544,287.3523,-4.4854736,0.07815552,4.4861546
31,616.5534,382.3455,610.9758,383.036,-5.5775757,0.69052124,5.6201577
31,565.44025,397.15747,559.80817,397.2473,-5.63208,0.08984375,5.632797
31,543.14526,380.35126,537.2282,380.33234,-5.917053,-0.018920898,5.9170837
31,504.13586,367.6016,498.6997,367.12927,-5.436157,-0.47232056,5.4566374
31,540.815,260.08234,536.4102,260.11755,-4.404785,0.035217285,4.404926
31,365.29984,477.2313,358.51956,477.48026,-6.7802734,0.2489624,6.7848425
31,597.6101,237.5053,593.48645,238.0425,-4.123657,0.5372009,4.1585016
31,596.2805,410.50815,590.47437,411.00104,-5.8061523,0.4928894,5.827036
31,582.76935,393.63263,576.80334,394.01608,-5.9660034,0.38345337,5.9783134
31,502.78375,310.59857,498.06302,310.27307,-4.7207336,-0.3255005,4.731942
31,439.98047,61.98154,439.75702,61.95204,-0.2234497,-0.029499054,0.22538848
31,502.40472,336.5532,497.3755,335.97787,-5.029236,-0.5753174,5.0620356
31,514.1398,272.84717,509.6312,272.74854,-4.5085754,-0.09863281,4.5096545
31,619.8957,287.27133,615.3219,288.20773,-4.5737915,0.93640137,4.6686635
31,517.9322,392.9528,511.8475,392.6994,-6.0846863,-0.25338745,6.08996
32,551.00867,342.9987,545.5056,343.21207,-5.5030518,0.2133789,5.507187
32,533.8585,343.07098,528.4911,343.0313,-5.3674316,-0.03967285,5.367578
32,521.8236,363.1018,516.244,362.97925,-5.57959,-0.122558594,5.5809355
32,643.86084,325.6802,638.58496,326.90268,-5.275879,1.2224731,5.4156566
32,305.3142,144.48943,305.7458,144.86938,0.4315796,0.3799591,0.5750042
32,576.1167,241.43765,571.6893,241.86346,-4.427429,0.42581177,4.4478583
32,508.94852,236.16487,504.49988,235.96452,-4.448639,-0.2003479,4.4531484
32,611.2414,261.4861,606.92053,262.55627,-4.320862,1.0701599,4.4514146
32,469.16483,257.95844,464.38934,257.26495,-4.775482,-0.69348145,4.825572
32,287.85513,205.88968,287.898,206.16205,0.042877197,0.27236938,0.27572367
32,302.42676,232.04796,302.91516,232.29091,0.48840332,0.24295044,0.5454931
32,329.0044,151.83252,329.45605,152.28719,0.45166016,0.45466614,0.640873
32,641.6456,387.5049,635.6471,388.47803,-5.998535,0.973114,6.0769544
32,1187.1866,436.54596,1187.2019,436.56738,0.015258789,0.02142334,0.026301904
32,629.7005,312.44693,624.6488,313.45184,-5.051697,1.0049133,5.1506786
32,1249.2108,72.317894,1249.1722,72.2473,-0.03857422,-0.07059479,0.08044622
32,580.5903,444.81744,574.19354,445.24335,-6.3967285,0.42590332,6.4108915
32,588.4588,300.41513,583.6628,300.92947,-4.7960205,0.51434326,4.8235216
32,605.9763,434.26288,599.5779,435.05353,-6.3984375,0.7906494,6.4471025
32,444.96408,278.94193,440.41434,277.95462,-4.5497437,-0.9873047,4.655635
32,586.92944,326.12967,581.524,326.5071,-5.4054565,0.3774414,5.418618
32,485.09793,309.97864,479.9164,309.45694,-5.1815186,-0.521698,5.207716
32,592.17065,262.84076,587.80273,263.59723,-4.36792,0.7564697,4.4329414
32,651.90326,350.82895,646.39185,352.13687,-5.5114136,1.3079224,5.6644807
32,627.77545,279.96268,623.0062,280.87357,-4.769226,0.9108887,4.8554335
32,1151.3192,65.67715,1151.4595,65.646225,0.14025879,-0.030921936,0.14362693
32,317.91946,233.18501,318.44232,233.3972,0.52285767,0.21218872,0.5642732
32,1251.3403,88.65588,1251.2904,88.66604,-0.049926758,0.010154724,0.05094899
32,624.9506,348.17377,619.52936,348.91437,-5.4212646,0.7406006,5.4716177
32,576.11835,298.61755,571.1533,299.02066,-4.965027,0.4031067,4.981364
32,525.98773,233.91927,520.97375,233.84024,-5.013977,-0.07902527,5.0146
32,615.21075,315.98007,609.98035,316.73856,-5.2304077,0.7584839,5.285117
32,598.84216,359.5974,593.1043,360.01224,-5.737854,0.41482544,5.75283
32,549.95544,287.3523,544.8621,287.51346,-5.0933228,0.16116333,5.095872
32,610.9758,383.036,605.3702,383.69,-5.605652,0.6539917,5.6436725
32,559.80817,397.2473,553.89557,397.4816,-5.9125977,0.23428345,5.9172378
32,537.2282,380.33234,531.6949,380.35245,-5.533325,0.020111084,5.533362
32,498.6997,367.12927,493.2454,367.02036,-5.454315,-0.10891724,5.4554024
32,536.4102,260.11755,531.94836,260.15295,-4.461853,0.03540039,4.4619937
32,358.51956,477.48026,351.93497,477.36722,-6.5845947,-0.11303711,6.585565
32,593.48645,238.0425,589.1271,238.67947,-4.359375,0.63697815,4.405666
32,590.47437,411.00104,584.54694,411.59042,-5.927429,0.589386,5.9566593
32,576.80334,394.01608,570.9998,394.5753,-5.803528,0.5592041,5.830407
32,498.06302,310.27307,492.89252,310.0655,-5.1705017,-0.20758057,5.174667
32,439.75702,61.95204,440.1939,62.078377,0.43688965,0.12633514,0.4547891
32,497.3755,335.97787,491.7896,335.5051,-5.5858765,-0.47277832,5.6058483
32,509.6312,272.74854,504.82086,272.66162,-4.8103333,-0.08691406,4.811118
32,615.3219,288.20773,610.4118,289.09595,-4.910095,0.8882141,4.9897857
32,511.8475,392.6994,506.00504,392.69827,-5.8424683,-0.0011291504,5.8424683
33,545.5056,343.21207,539.9479,343.3654,-5.5577393,0.15332031,5.5598536
33,528.4911,343.0313,522.89996,343.0744,-5.5911255,0.04309082,5.591292
33,516.244,362.97925,510.40897,363.01102,-5.8350525,0.0317688,5.835139
33,638.58496,326.90268,632.9651,327.75583,-5.619873,0.8531494,5.6842623
33,305.7458,144.86938,305.76868,144.80711,0.022888184,-0.06227112,0.06634426
33,571.6893,241.86346,566.6447,242.1587,-5.0445557,0.2952423,5.0531883
33,504.49988,235.96452,499.44833,235.78183,-5.051544,-0.18269348,5.054847
33,606.92053,262.55627,601.597,262.82648,-5.3235474,0.27020264,5.3304
33,464.38934,257.26495,459.1588,256.87997,-5.23053,-0.38497925,5.2446785
33,287.898,206.16205,288.45535,206.56024,0.5573425,0.39819336,0.6849735
33,302.91516,232.29091,302.92325,232.48189,0.008087158,0.190979,0.19115016
33,329.45605,152.28719,329.56122,152.36044,0.105163574,0.07325745,0.12816408
33,635.6471,388.47803,629.6342,389.39456,-6.0128784,0.9165344,6.08233
33,1187.2019,436.56738,1187.5304,436.52985,0.3284912,-0.03753662,0.3306289
33,624.6488,313.45184,619.1898,314.34137,-5.4589844,0.88952637,5.5309825
33,1249.1722,72.2473,1249.2765,72.2438,0.10424805,-0.003501892,0.10430685
33,574.19354,445.24335,567.9608,445.6513,-6.232727,0.40795898,6.246064
33,583.6628,300.92947,578.1861,301.46918,-5.4766846,0.53970337,5.503213
33,599.5779,435.05353,593.72174,435.29437,-5.85614,0.24084473,5.8610907
33,440.41434,277.95462,435.3701,277.09546,-5.0442505,-0.8591614,5.1168957
33,581.524,326.5071,575.9219,327.03015,-5.602112,0.5230408,5.626476
33,479.9164,309.45694,474.41595,309.35724,-5.500458,-0.09970093,5.5013614
33,587.80273,263.59723,582.5657,263.8936,-5.2370605,0.2963562,5.245439
33,646.39185,352.13687,640.72266,353.0316,-5.6691895,0.89471436,5.7393575
33,623.0062,280.87357,617.8959,281.5284,-5.1103516,0.6548462,5.152137
33,1151.4595,65.646225,1151.5566,65.531876,0.09716797,-0.114349365,0.15005796
33,318.44232,233.3972,318.50626,233.83044,0.063934326,0.4332428,0.43793482
33,1251.2904,88.66604,1251.3622,88.64159,0.071777344,-0.02445221,0.075828075
33,619.52936,348.91437,614.05347,349.58813,-5.475891,0.6737671,5.5171866
33,571.1533,299.02066,565.80725,299.50226,-5.3460693,0.4815979,5.3677177
33,520.97375,233.84024,516.3416,233.77548,-4.632141,-0.0647583,4.632594
33,609.98035,316.73856,604.485,317.34103,-5.4953613,0.602478,5.528289
33,593.1043,360.01224,587.645,360.56223,-5.4592896,0.5499878,5.486923
33,544.8621,287.51346,539.8859,288.10767,-4.9761963,0.59420776,5.011548
33,605.3702,383.69,599.43243,384.25552,-5.937744,0.56552124,5.964614
33,553.89557,397.4816,547.61743,397.73108,-6.278137,0.2494812,6.2830925
33,531.6949,380.35245,525.6897,380.56747,-6.005188,0.21502686,6.0090365
33,493.2454,367.02036,487.22946,366.78574,-6.01593,-0.23461914,6.0205035
33,531.94836,260.15295,527.0108,260.16367,-4.937561,0.01071167,4.9375725
33,351.93497,477.36722,345.4401,477.23163,-6.494873,-0.1355896,6.4962883
33,589.1271,238.67947,583.637,238.89322,-5.4900513,0.21374512,5.4942107
33,584.54694,411.59042,578.13586,412.2919,-6.411072,0.70147705,6.449334
33,570.9998,394.5753,565.3634,394.84366,-5.6364136,0.26837158,5.642799
33,492.89252,310.0655,487.7747,309.75238,-5.1178284,-0.31311035,5.1273975
33,440.1939,62.078377,440.55777,62.390778,0.36386108,0.31240082,0.47957185
33,491.7896,335.5051,486.3492,335.40567,-5.440399,-0.09942627,5.4413075
33,504.82086,272.66162,499.78845,272.67242,-5.0324097,0.010803223,5.032421
33,610.4118,289.09595,605.3214,290.05414,-5.090393,0.9581909,5.1797905
33,506.00504,392.69827,499.94275,392.6846,-6.0622864,-0.013671875,6.0623016
34,539.9479,343.3654,533.86273,343.74344,-6.085144,0.37805176,6.096876
34,522.89996,343.0744,516.87585,343.35007,-6.024109,0.27566528,6.0304127
34,510.40897,363.01102,504.42346,363.18744,-5.985504,0.17642212,5.9881034
34,632.9651,327.75583,627.00287,328.44913,-5.962219,0.69329834,6.002393
34,305.76868,144.80711,305.7577,144.83115,-0.010986328,0.024032593,0.026424702
34,566.6447,242.1587,561.1851,242.54613,-5.4595947,0.38742065,5.4733233
34,499.44833,235.78183,493.92245,235.80673,-5.525879,0.024902344,5.525935
34,601.597,262.82648,596.02374,263.47003,-5.573242,0.6435547,5.6102753
34,459.1588,256.87997,453.71585,256.47217,-5.4429626,-0.4078064,5.4582186
34,288.45535,206.56024,288.362,206.39145,-0.09335327,-0.16879272,0.1928881
34,302.92325,232.48189,302.96454,232.44675,0.041290283,-0.03514099,0.054219708
34,329.56122,152.36044,329.57556,152.37787,0.014343262,0.017425537,0.022569414
34,629.6342,389.39456,623.558,390.1077,-6.076233,0.71313477,6.117938
34,1187.5304,436.52985,1187.6188,436.52438,0.088378906,-0.0054626465,0.088547565
34,619.1898,314.34137,613.39215,314.88635,-5.7976685,0.5449829,5.8232265
34,1249.2765,72.2438,1249.353,72.12996,0.076538086,-0.113838196,0.13717584
34,567.9608,445.6513,561.70325,446.16785,-6.2575684,0.5165405,6.2788515
34,578.1861,301.46918,572.71716,302.06662,-5.468933,0.5974426,5.5014696
34,593.72174,435.29437,587.1279,436.10474,-6.593811,0.81036377,6.64342
34,435.3701,277.09546,429.52008,276.85812,-5.850006,-0.2373352,5.8548183
34,575.9219,327.03015,570.07184,327.56604,-5.8500366,0.5358887,5.8745303
34,474.41595,309.35724,468.46988,309.08914,-5.9460754,-0.26809692,5.9521165
34,582.5657,263.8936,577.0908,264.18408,-5.4748535,0.29049683,5.482555
34,640.72266,353.0316,634.7533,353.847,-5.9693604,0.81539917,6.0247936
34,617.8959,281.5284,612.3958,282.34692,-5.500061,0.81851196,5.560632
34,1151.5566,65.531876,1151.5277,65.411575,-0.028930664,-0.12030029,0.12373012
34,318.50626,233.83044,318.5313,233.67006,0.025054932,-0.16038513,0.16233034
34,1251.3622,88.64159,1251.3706,88.61973,0.008422852,-0.021858215,0.023424901
34,614.05347,349.58813,608.10345,350.2076,-5.950012,0.6194763,5.982173
34,565.80725,299.50226,560.1869,299.5884,-5.6203613,0.08615112,5.6210213
34,516.3416,233.77548,511.19983,233.88603,-5.1417847,0.11054993,5.142973
34,604.485,317.34103,598.91614,317.81885,-5.5688477,0.47781372,5.5893087
34,587.645,360.56223,581.5631,361.10706,-6.081909,0.5448303,6.106264
34,539.8859,288.10767,534.4422,288.25073,-5.4437256,0.1430664,5.4456053
34,599.43243,384.25552,593.12775,384.8036,-6.3046875,0.5480652,6.3284645
34,547.61743,397.73108,541.4784,398.34668,-6.139038,0.6156006,6.169826
34,525.6897,380.56747,519.34155,381.05554,-6.3481445,0.48806763,6.366879
34,487.22946,366.78574,481.20325,367.13083,-6.0262146,0.34509277,6.036087
34,527.0108,260.16367,521.53094,260.58997,-5.4798584,0.42630005,5.496415
34,345.4401,477.23163,338.4623,477.43085,-6.977783,0.19921875,6.9806266
34,583.637,238.89322,578.6108,239.63615,-5.026245,0.7429352,5.0808554
34,578.13586,412.2919,571.85645,412.78735,-6.279419,0.49545288,6.2989345
34,565.3634,394.84366,558.86273,395.57053,-6.5006714,0.7268677,6.541182
34,487.7747,309.75238,481.81296,309.8342,-5.961731,0.08181763,5.9622927
34,440.55777,62.390778,440.15955,62.33661,-0.39822388,-0.0541687,0.40189117
34,486.3492,335.40567,480.2973,335.4568,-6.0519104,0.051116943,6.052126
34,499.78845,272.67242,494.20398,272.72623,-5.5844727,0.05380249,5.584732
34,605.3214,290.05414,599.6327,290.76035,-5.6887207,0.7062073,5.732388
34,499.94275,392.6846,493.68826,392.9233,-6.254486,0.2387085,6.2590394
35,533.86273,343.74344,527.5928,343.8762,-6.2699585,0.13275146,6.2713637
35,516.87585,343.35007,510.54422,343.46362,-6.3316345,0.11355591,6.3326526
35,504.42346,363.18744,498.02362,363.3407,-6.3998413,0.15325928,6.401676
35,627.00287,328.44913,621.05786,328.78143,-5.9450073,0.3323059,5.9542875
35,305.7577,144.83115,305.78427,144.95734,0.02658081,0.12619019,0.12895931
35,561.1851,242.54613,555.0207,242.67027,-6.1644287,0.12414551,6.165679
35,493.92245,235.80673,487.8873,235.80531,-6.0351562,-0.0014190674,6.0351567
35,596.02374,263.47003,589.87585,263.72406,-6.147888,0.25402832,6.153134
35,453.71585,256.47217,447.43768,256.45828,-6.2781677,-0.013885498,6.278183
35,288.362,206.39145,288.40558,206.31702,0.0435791,-0.07443237,0.08625147
35,302.96454,232.44675,302.92694,232.36801,-0.037597656,-0.07873535,0.08725159
35,329.57556,152.37787,329.69427,152.37556,0.11871338,-0.0023040771,0.11873574
35,623.558,390.1077,617.2541,390.36917,-6.303894,0.2614746,6.3093147
35,1187.6188,436.52438,1187.8969,436.2038,0.27807617,-0.32058716,0.42438483
35,613.39215,314.88635,607.24,315.2197,-6.1521606,0.3333435,6.161185
35,1249.353,72.12996,1249.3916,71.75605,0.03857422,-0.373909,0.37589347
35,561.70325,446.16785,555.3751,446.51846,-6.328125,0.35061646,6.3378305
35,572.71716,302.06662,566.44073,302.24622,-6.276428,0.17959595,6.278997
35,587.1279,436.10474,580.8147,436.4553,-6.3132324,0.35055542,6.3229575
35,429.52008,276.85812,423.21283,276.593,-6.307251,-0.26513672,6.3128214
35,570.07184,327.56604,563.9441,327.79263,-6.1277466,0.22659302,6.1319346
35,468.46988,309.08914,462.23288,309.13873,-6.2369995,0.049591064,6.2371964
35,577.0908,264.18408,571.17487,264.5558,-5.9159546,0.3717041,5.9276204
35,634.7533,353.847,628.4888,353.83624,-6.2645264,-0.0107421875,6.2645354
35,612.3958,282.34692,606.34644,282.58075,-6.0493774,0.23382568,6.053895
35,1151.5277,65.411575,1151.7124,65.11,0.18469238,-0.3015747,0.35363623
35,318.5313,233.67006,318.70355,233.56897,0.17224121,-0.10108948,0.1997151
35,1251.3706,88.61973,1251.4932,88.106445,0.122558594,-0.5132828,0.52771187
35,608.10345,350.2076,601.79425,350.64456,-6.309204,0.43695068,6.324317
35,560.1869,299.5884,554.0429,299.77335,-6.143982,0.18493652,6.1467648
35,511.19983,233.88603,505.1103,233.92632,-6.0895386,0.040283203,6.0896716
35,598.91614,317.81885,592.7165,317.9629,-6.199646,0.14404297,6.201319
35,581.5631,361.10706,575.3376,361.5172,-6.225525,0.41015625,6.2390213
35,534.4422,288.25073,527.8419,288.305,-6.600281,0.054260254,6.600504
35,593.12775,384.8036,587.06274,385.19183,-6.0650024,0.38824463,6.0774164
35,541.4784,398.34668,535.24725,398.3291,-6.23114,-0.017578125,6.231165
35,519.34155,381.05554,513.0226,381.21066,-6.3189697,0.15512085,6.3208733
35,481.20325,367.13083,474.54514,367.168,-6.6581116,0.03717041,6.658215
35,521.53094,260.58997,515.0294,260.61682,-6.501526,0.026855469,6.5015817
35,338.4623,477.43085,331.7342,477.50784,-6.728119,0.07699585,6.7285595
35,578.6108,239.63615,572.5091,239.8459,-6.1016846,0.20974731,6.105289
35,571.85645,412.78735,565.6979,413.04276,-6.1585693,0.2554016,6.1638627
35,558.86273,395.57053,552.59174,395.73593,-6.270996,0.16540527,6.273177
35,481.81296,309.8342,475.45425,309.76526,-6.3587036,-0.06893921,6.3590775
35,440.15955,62.33661,439.9269,62.255196,-0.2326355,-0.08141327,0.24646986
35,480.2973,335.4568,473.96576,335.45502,-6.331543,-0.0017700195,6.3315434
35,494.20398,272.72623,488.18576,272.67276,-6.018219,-0.053466797,6.0184565
35,599.6327,290.76035,593.474,290.96582,-6.1586914,0.20547485,6.1621184
35,493.68826,392.9233,487.2081,393.0812,-6.4801636,0.15789795,6.482087
36,527.5928,343.8762,521.1544,343.95422,-6.4383545,0.07803345,6.438827
36,510.54422,343.46362,504.09814,343.47684,-6.4460754,0.013214111,6.446089
36,498.02362,363.3407,491.65204,363.36542,-6.371582,0.024719238,6.3716297
36,621.05786,328.78143,614.4971,328.80875,-6.560791,0.027313232,6.560848
36,305.78427,144.95734,305.78534,144.9578,0.0010681152,0.00045776367,0.0011620747
36,555.0207,242.67027,548.52686,242.68158,-6.4938354,0.011306763,6.4938455
36,487.8873,235.80531,481.2537,235.78613,-6.633606,-0.019180298,6.6336336
36,589.87585,263.72406,583.3995,263.77338,-6.4763794,0.049316406,6.4765673
36,447.43768,256.45828,440.81934,256.43472,-6.618347,-0.02355957,6.618389
36,288.40558,206.31702,288.4083,206.35226,0.0027160645,0.035247803,0.035352293
36,302.92694,232.36801,302.91467,232.36105,-0.012268066,-0.006958008,0.014103876
36,329.69427,152.37556,329.68964,152.37315,-0.004638672,-0.0024108887,0.0052277776
36,617.2541,390.36917,610.86206,390.5797,-6.392029,0.21054077,6.3954954
36,1187.8969,436.2038,1188.3381,435.83145,0.44128418,-0.37234497,0.5773842
36,607.24,315.2197,600.64124,315.25745,-6.598755,0.037750244,6.598863
36,1249.3916,71.75605,1249.8236,71.35123,0.43200684,-0.4048233,0.59204036
36,555.3751,446.51846,549.09015,446.64664,-6.284973,0.12817383,6.28628
36,566.44073,302.24622,559.8424,302.2595,-6.5983276,0.0132751465,6.598341
36,580.8147,436.4553,574.81744,436.44907,-5.9972534,-0.006225586,5.9972568
36,423.21283,276.593,416.68765,276.58234,-6.525177,-0.010650635,6.5251856
36,563.9441,327.79263,557.5264,327.79764,-6.4176636,0.005004883,6.4176655
36,462.23288,309.13873,455.6613,309.15314,-6.571594,0.014404297,6.57161
36,571.17487,264.5558,564.5441,264.4314,-6.6307373,-0.12438965,6.631904
36,628.4888,353.83624,622.0018,353.8113,-6.4869995,-0.024932861,6.487047
36,606.34644,282.58075,599.9005,282.58615,-6.445923,0.0054016113,6.445925
36,1151.7124,65.11,1151.8364,64.6991,0.12402344,-0.41090393,0.42921308
36,318.70355,233.56897,318.80573,233.503,0.10217285,-0.065963745,0.12161623
36,1251.4932,88.106445,1251.9772,87.90729,0.4840088,-0.19915771,0.5233816
36,601.79425,350.64456,595.5023,350.59152,-6.291931,-0.05303955,6.292155
36,554.0429,299.77335,547.5601,299.8549,-6.482788,0.08154297,6.483301
36,505.1103,233.92632,498.56516,233.94727,-6.5451355,0.020950317,6.545169
36,592.7165,317.9629,586.37366,318.2049,-6.3428345,0.2420044,6.3474493
36,575.3376,361.5172,568.96063,361.5807,-6.376953,0.06347656,6.377269
36,527.8419,288.305,521.6427,288.304,-6.1992188,-0.0010070801,6.1992188
36,587.06274,385.19183,580.7801,385.26343,-6.282654,0.07159424,6.283062
36,535.24725,398.3291,528.77185,398.43307,-6.475403,0.10397339,6.476238
36,513.0226,381.21066,506.5301,381.30917,-6.4924927,0.09851074,6.49324
36,474.54514,367.168,468.02234,367.1648,-6.5227966,-0.0032043457,6.5227976
36,515.0294,260.61682,508.415,260.64124,-6.6144104,0.024414062,6.614455
36,331.7342,477.50784,325.3457,477.26813,-6.388489,-0.23971558,6.392985
36,572.5091,239.8459,566.51746,240.149,-5.991638,0.3031006,5.9992995
36,565.6979,413.04276,559.37054,413.1283,-6.3273315,0.08554077,6.32791
36,552.59174,395.73593,546.3791,395.6917,-6.2126465,-0.04421997,6.212804
36,475.45425,309.76526,468.9537,309.85962,-6.5005493,0.09436035,6.501234
36,439.9269,62.255196,440.35046,62.251076,0.42355347,-0.004119873,0.4235735
36,473.96576,335.45502,467.48798,335.64124,-6.477783,0.18621826,6.480459
36,488.18576,272.67276,481.72772,272.62125,-6.4580383,-0.051513672,6.458244
36,593.474,290.96582,587.04877,290.92725,-6.425232,-0.03857422,6.425348
36,487.2081,393.0812,480.9703,393.1999,-6.237793,0.11868286,6.2389216
37,521.1544,343.95422,514.5869,344.01303,-6.567505,0.058807373,6.5677686
37,504.09814,343.47684,497.5312,343.6207,-6.5669556,0.14385986,6.568531
37,491.65204,363.36542,485.156,363.53555,-6.4960327,0.1701355,6.4982605
37,614.4971,328.80875,608.0496,328.60663,-6.4474487,-0.20211792,6.450616
37,305.78534,144.9578,306.31442,144.95988,0.52908325,0.002090454,0.5290874
37,548.52686,242.68158,541.5239,242.6491,-7.0029297,-0.032485962,7.003005
37,481.2537,235.78613,474.2955,235.85051,-6.958191,0.06437683,6.9584885
37,583.3995,263.77338,576.7884,263.72955,-6.611084,-0.043823242,6.611229
37,440.81934,256.43472,433.9104,256.43707,-6.9089355,0.0023498535,6.908936
37,288.4083,206.35226,288.40607,206.35295,-0.0022277832,0.0006866455,0.0023312015
37,302.91467,232.36105,303.43826,232.40125,0.5235901,0.04019165,0.52513045
37,329.68964,152.37315,330.26007,152.27774,0.5704346,-0.09541321,0.5783591
37,610.86206,390.5797,604.5634,390.3263,-6.298645,-0.25341797,6.303741
37,1188.3381,435.83145,1188.5145,435.6465,0.1763916,-0.18493652,0.255569
37,600.64124,315.25745,594.0217,315.2496,-6.619507,-0.007843018,6.6195116
37,1249.8236,71.35123,1250.2656,71.20047,0.4420166,-0.15075684,0.4670185
37,549.09015,446.64664,543.237,446.66873,-5.8531494,0.022094727,5.853191
37,559.8424,302.2595,553.18036,302.16473,-6.6620483,-0.09475708,6.662722
37,574.81744,436.44907,568.762,436.49496,-6.05542,0.045898438,6.055594
37,416.68765,276.58234,409.82205,276.72882,-6.8656006,0.14648438,6.867163
37,557.5264,327.79764,551.1269,327.67346,-6.399536,-0.124176025,6.4007406
37,455.6613,309.15314,448.65454,309.36005,-7.0067444,0.20690918,7.009799
37,564.5441,264.4314,557.57764,264.34918,-6.9664917,-0.082214355,6.9669766
37,622.0018,353.8113,615.57074,353.8064,-6.4310303,-0.00491333,6.431032
37,599.9005,282.58615,593.16626,282.43958,-6.734253,-0.14657593,6.735848
37,1151.8364,64.6991,1152.5062,64.69508,0.6697998,-0.0040130615,0.66981184
37,318.80573,233.503,319.2219,233.57448,0.4161682,0.07147217,0.42226088
37,1251.9772,87.90729,1252.2045,87.49864,0.22729492,-0.40864563,0.4676048
37,595.5023,350.59152,589.01044,350.58832,-6.4918823,-0.0032043457,6.4918833
37,547.5601,299.8549,540.6709,299.70633,-6.889221,-0.14855957,6.890823
37,498.56516,233.94727,491.8248,233.98296,-6.7403564,0.035690308,6.740451
37,586.37366,318.2049,579.8768,318.14615,-6.496887,-0.058746338,6.497153
37,568.96063,361.5807,562.53217,361.58853,-6.428467,0.007843018,6.4284716
37,521.6427,288.304,514.6517,288.28415,-6.991028,-0.019836426,6.991056
37,580.7801,385.26343,574.2651,385.28165,-6.5150146,0.018218994,6.51504
37,528.77185,398.43307,522.4967,398.48755,-6.2751465,0.054473877,6.275383
37,506.5301,381.30917,499.95236,381.3827,-6.5777283,0.073516846,6.5781393
37,468.02234,367.1648,461.2871,367.4614,-6.7352295,0.29660034,6.741757
37,508.415,260.64124,501.43536,260.8346,-6.979645,0.19335938,6.9823227
37,325.3457,477.26813,318.57242,477.42313,-6.773285,0.15499878,6.7750583
37,566.51746,240.149,559.3864,240.00037,-7.1310425,-0.14863586,7.1325912
37,559.37054,413.1283,553.08746,413.29102,-6.283081,0.16271973,6.2851877
37,546.3791,395.6917,539.75665,395.783,-6.6224365,0.091278076,6.6230655
37,468.9537,309.85962,461.92004,310.3515,-7.033661,0.49188232,7.050839
37,440.35046,62.251076,440.26346,62.24602,-0.087005615,-0.005054474,0.08715231
37,467.48798,335.64124,460.8003,335.7163,-6.687683,0.07507324,6.688104
37,481.72772,272.62125,474.66415,272.45282,-7.063568,-0.16842651,7.0655756
37,587.04877,290.92725,580.2069,290.83353,-6.841858,-0.09371948,6.8424997
37,480.9703,393.1999,474.20386,393.38568,-6.766449,0.18579102,6.768999
38,514.5869,344.01303,507.69153,344.07083,-6.8953857,0.057800293,6.895628
38,497.5312,343.6207,490.61057,343.74567,-6.920624,0.12496948,6.921752
38,485.156,363.53555,478.22366,363.79565,-6.9323425,0.26010132,6.9372206
38,608.0496,328.60663,601.0478,328.204,-7.001831,-0.4026184,7.013397
38,306.31442,144.95988,306.32693,145.03203,0.012512207,0.072143555,0.07322054
38,541.5239,242.6491,534.1347,242.54971,-7.389221,-0.09938049,7.3898892
38,474.2955,235.85051,466.7079,236.14154,-7.587616,0.29103088,7.593195
38,576.7884,263.72955,569.3277,263.36752,-7.4606934,-0.36203003,7.469472
38,433.9104,256.43707,426.6965,256.6538,-7.2138977,0.21673584,7.217153
38,288.40607,206.35295,288.83438,206.64441,0.4283142,0.29145813,0.5180742
38,303.43826,232.40125,303.87177,232.6391,0.4335022,0.237854,0.4944681
38,330.26007,152.27774,330.67532,152.63232,0.4152527,0.35458374,0.54604435
38,604.5634,390.3263,598.02563,389.88953,-6.537781,-0.43676758,6.552354
38,1188.5145,435.6465,1188.9408,435.6132,0.42626953,-0.033325195,0.4275702
38,594.0217,315.2496,586.7723,314.87335,-7.2494507,-0.37625122,7.2592077
38,1250.2656,71.20047,1250.7081,71.06438,0.44250488,-0.13609314,0.46295995
38,543.237,446.66873,536.56,446.8612,-6.677002,0.19247437,6.679775
38,553.18036,302.16473,546.1,302.16544,-7.0803833,0.0007019043,7.0803833
38,568.762,436.49496,562.28973,436.47177,-6.47229,-0.02319336,6.4723315
38,409.82205,276.72882,402.52795,276.8632,-7.294098,0.1343689,7.2953353
38,551.1269,327.67346,544.2006,327.62512,-6.9262695,-0.048339844,6.9264383
38,448.65454,309.36005,441.65555,309.78094,-6.998993,0.42089844,7.011637
38,557.57764,264.34918,550.3569,264.22626,-7.220764,-0.122924805,7.2218103
38,615.57074,353.8064,608.7366,353.58484,-6.8341675,-0.22155762,6.837758
38,593.16626,282.43958,586.05975,282.14563,-7.1065063,-0.2939453,7.112583
38,1152.5062,64.69508,1152.6406,64.42737,0.13439941,-0.26771545,0.29955763
38,319.2219,233.57448,319.6575,233.8183,0.4356079,0.24382019,0.4992019
38,1252.2045,87.49864,1252.7146,87.11479,0.51013184,-0.3838501,0.6384163
38,589.01044,350.58832,582.0383,350.11682,-6.972107,-0.47149658,6.9880314
38,540.6709,299.70633,533.6732,299.87823,-6.9976807,0.17190552,6.9997916
38,491.8248,233.98296,484.57892,234.15831,-7.24588,0.175354,7.2480016
38,579.8768,318.14615,572.8368,317.6307,-7.039978,-0.5154419,7.058822
38,562.53217,361.58853,555.5542,361.48996,-6.9779663,-0.09857178,6.9786625
38,514.6517,288.28415,507.26242,288.38153,-7.3892517,0.09738159,7.3898935
38,574.2651,385.28165,567.92554,385.07513,-6.3395386,-0.20651245,6.342901
38,522.4967,398.48755,516.1526,398.65698,-6.344116,0.1694336,6.3463783
38,499.95236,381.3827,493.58627,381.50592,-6.366089,0.12322998,6.3672814
38,461.2871,367.4614,454.4168,367.77026,-6.8703003,0.3088684,6.8772397
38,501.43536,260.8346,493.8729,260.80463,-7.5624695,-0.029968262,7.5625286
38,318.57242,477.42313,312.1925,477.31628,-6.3799133,-0.10684204,6.380808
38,559.3864,240.00037,552.394,239.99857,-6.9924316,-0.0018005371,6.992432
38,553.08746,413.29102,546.9448,413.2597,-6.142639,-0.031311035,6.1427193
38,539.75665,395.783,533.2087,395.74814,-6.5479736,-0.034851074,6.548066
38,461.92004,310.3515,454.9526,310.47388,-6.9674377,0.12237549,6.9685125
38,440.26346,62.24602,440.6629,62.324413,0.39944458,0.07839203,0.40706423
38,460.8003,335.7163,454.19528,336.15952,-6.605011,0.4432068,6.6198645
38,474.66415,272.45282,467.07684,272.59943,-7.587311,0.14660645,7.588727
38,580.2069,290.83353,572.75366,290.46567,-7.453247,-0.3678589,7.4623194
38,474.20386,393.38568,467.60785,393.84946,-6.5960083,0.46377563,6.6122923
39,507.69153,344.07083,500.691,344.09506,-7.000519,0.024230957,7.0005608
39,490.61057,343.74567,483.6246,343.82623,-6.985962,0.080566406,6.986427
39,478.22366,363.79565,471.4312,363.9091,-6.79245,0.11343384,6.793397
39,601.0478,328.204,593.90173,327.63278,-7.146057,-0.571228,7.1688514
39,306.32693,145.03203,307.34082,145.49458,1.0138855,0.46255493,1.114415
39,534.1347,242.54971,526.55884,242.34933,-7.5758667,-0.20037842,7.578516
39,466.7079,236.14154,458.89853,236.2433,-7.8093567,0.101760864,7.81002
39,569.3277,263.36752,561.865,262.9941,-7.4627075,-0.3734131,7.472044
39,426.6965,256.6538,418.92374,256.89832,-7.772766,0.24450684,7.776611
39,288.83438,206.64441,289.40475,206.6065,0.57037354,-0.037902832,0.5716315
39,303.87177,232.6391,304.19385,232.61595,0.32208252,-0.023147583,0.32291323
39,330.67532,152.63232,330.89914,152.62042,0.22381592,-0.0119018555,0.22413215
39,598.02563,389.88953,591.46716,389.6344,-6.5584717,-0.25512695,6.563432
39,1188.9408,435.6132,1189.3909,435.37854,0.45007324,-0.23464966,0.5075691
39,586.7723,314.87335,579.73315,314.46323,-7.0391235,-0.41012573,7.051061
39,1250.7081,71.06438,1250.9124,70.966934,0.20422363,-0.09744263,0.22627938
39,536.56,446.8612,530.4875,446.83615,-6.07251,-0.025054932,6.0725617
39,546.1,302.16544,538.71747,301.78314,-7.3825073,-0.3822937,7.392399
39,562.28973,436.47177,555.99133,436.24365,-6.298401,-0.2281189,6.302531
39,402.52795,276.8632,394.85184,277.55264,-7.676117,0.6894531,7.7070174
39,544.2006,327.62512,537.1671,327.1633,-7.0335083,-0.4618225,7.0486536
39,441.65555,309.78094,434.41364,310.3285,-7.241913,0.5475464,7.262583
39,550.3569,264.22626,542.534,263.84155,-7.822876,-0.3847046,7.8323298
39,608.7366,353.58484,601.8394,353.11948,-6.897156,-0.46536255,6.9128375
39,586.05975,282.14563,578.56433,281.58203,-7.4954224,-0.56359863,7.5165815
39,1152.6406,64.42737,1152.8696,64.40125,0.2290039,-0.026115417,0.23048818
39,319.6575,233.8183,320.19876,233.76816,0.54125977,-0.05014038,0.5435772
39,1252.7146,87.11479,1252.939,86.957695,0.22436523,-0.15709686,0.2738963
39,582.0383,350.11682,575.17365,349.68027,-6.864685,-0.43655396,6.878552
39,533.6732,299.87823,526.4519,299.42972,-7.2213135,-0.44851685,7.235229
39,484.57892,234.15831,476.8394,234.195,-7.7395325,0.036697388,7.7396197
39,572.8368,317.6307,565.8517,317.52835,-6.9851074,-0.10235596,6.985857
39,555.5542,361.48996,549.00226,361.20407,-6.551941,-0.28588867,6.558175
39,507.26242,288.38153,499.79385,288.47363,-7.468567,0.09210205,7.469135
39,567.92554,385.07513,561.45105,384.90912,-6.4744873,-0.16601562,6.4766154
39,516.1526,398.65698,509.79053,398.65073,-6.3620605,-0.0062561035,6.3620634
39,493.58627,381.50592,486.5279,381.5807,-7.05838,0.07476807,7.058776
39,454.4168,367.77026,447.6342,368.08508,-6.7826233,0.31481934,6.7899256
39,493.8729,260.80463,486.18982,260.72168,-7.683075,-0.08294678,7.6835227
39,312.1925,477.31628,305.71017,477.29358,-6.4823303,-0.022705078,6.48237
39,552.394,239.99857,544.99365,239.6779,-7.4003296,-0.32066345,7.407274
39,546.9448,413.2597,540.39984,412.99622,-6.544983,-0.26348877,6.5502844
39,533.2087,395.74814,526.6381,395.4847,-6.5705566,-0.26342773,6.575835
39,454.9526,310.47388,447.51953,310.51904,-7.433075,0.045166016,7.4332123
39,440.6629,62.324413,440.83273,62.293957,0.16983032,-0.030456543,0.17253967
39,454.19528,336.15952,447.02664,336.6273,-7.16864,0.46777344,7.1838856
39,467.07684,272.59943,459.55084,272.93365,-7.526001,0.33422852,7.5334187
39,572.75366,290.46567,565.4694,289.97003,-7.2842407,-0.495636,7.301083
39,467.60785,393.84946,461.12164,394.24347,-6.486206,0.39401245,6.4981627
40,500.691,344.09506,493.6775,344.14633,-7.0135193,0.05126953,7.0137067
40,483.6246,343.82623,476.55734,344.1864,-7.0672607,0.36016846,7.0764327
40,471.4312,363.9091,464.4341,364.31052,-6.997101,0.40142822,7.0086064
40,593.90173,327.63278,586.84,326.8295,-7.0617065,-0.8032837,7.1072474
40,307.34082,145.49458,307.33173,145.47523,-0.009094238,-0.019348145,0.021378865
40,526.55884,242.34933,518.6094,242.2785,-7.949463,-0.0708313,7.9497786
40,458.89853,236.2433,450.69403,236.57631,-8.204498,0.3330078,8.211253
40,561.865,262.9941,553.9876,262.53564,-7.8773804,-0.45846558,7.8907104
40,418.92374,256.89832,410.7529,257.4969,-8.170837,0.5985718,8.192733
40,289.40475,206.6065,289.90018,206.68234,0.49542236,0.07583618,0.50119305
40,304.19385,232.61595,304.63474,232.69727,0.44088745,0.08131409,0.44832322
40,330.89914,152.62042,331.2302,152.5929,0.3310547,-0.027526855,0.33219713
40,591.46716,389.6344,585.0226,388.77008,-6.44458,-0.86431885,6.502281
40,1189.3909,435.37854,1189.5466,435.34326,0.15576172,-0.03527832,0.15970683
40,579.73315,314.46323,572.1262,313.9899,-7.6069336,-0.47332764,7.6216455
40,1250.9124,70.966934,1250.9714,70.88318,0.05908203,-0.08375549,0.10249717
40,530.4875,446.83615,524.7081,446.85284,-5.779358,0.016693115,5.779382
40,538.71747,301.78314,530.9039,301.38223,-7.8135986,-0.40090942,7.823877
40,555.99133,436.24365,549.74084,436.12665,-6.2504883,-0.117004395,6.2515836
40,394.85184,277.55264,387.0817,278.27713,-7.7701416,0.7244873,7.803844
40,537.1671,327.1633,529.9569,327.107,-7.210205,-0.05630493,7.210425
40,434.41364,310.3285,426.86307,310.9813,-7.5505676,0.6528015,7.578735
40,542.534,263.84155,534.7462,263.60736,-7.787781,-0.2341919,7.7913013
40,601.8394,353.11948,595.1128,352.31964,-6.7266235,-0.7998352,6.774009
40,578.56433,281.58203,570.8722,280.9745,-7.6921387,-0.60754395,7.716094
40,1152.8696,64.40125,1152.8604,64.38898,-0.009277344,-0.012275696,0.015387067
40,320.19876,233.76816,320.26096,233.81305,0.062194824,0.044891357,0.07670352
40,1252.939,86.957695,1253.0702,87.04858,0.13122559,0.09088135,0.15962322
40,575.17365,349.68027,568.48584,349.3487,-6.687805,-0.3315735,6.6960196
40,526.4519,299.42972,518.9297,299.31232,-7.522217,-0.11740112,7.523133
40,476.8394,234.195,468.80756,234.37228,-8.03183,0.17727661,8.033786
40,565.8517,317.52835,558.57477,317.0853,-7.2769165,-0.4430542,7.2903914
40,549.00226,361.20407,541.98145,360.76575,-7.020813,-0.43832397,7.0344825
40,499.79385,288.47363,491.83447,288.37225,-7.959381,-0.101379395,7.9600267
40,561.45105,384.90912,554.6304,384.3948,-6.8206787,-0.51431274,6.840042
40,509.79053,398.65073,503.13028,399.03308,-6.660248,0.38235474,6.671214
40,486.5279,381.5807,479.8645,381.78467,-6.663391,0.20397949,6.6665125
40,447.6342,368.08508,440.60852,368.6039,-7.0256653,0.51882935,7.0447965
40,486.18982,260.72168,478.15552,260.7918,-8.034302,0.070129395,8.034608
40,305.71017,477.29358,299.00708,477.27167,-6.7030945,-0.021911621,6.7031302
40,544.99365,239.6779,537.2232,239.59361,-7.770447,-0.08428955,7.770904
40,540.39984,412.99622,534.19763,412.77393,-6.2022095,-0.22229004,6.2061915
40,526.6381,395.4847,520.18115,395.52444,-6.45697,0.039733887,6.4570923
40,447.51953,310.51904,439.93094,311.2396,-7.5885925,0.72055054,7.6227245
40,440.83273,62.293957,440.60385,62.337,-0.22888184,0.043045044,0.23289433
40,447.02664,336.6273,439.61237,337.13324,-7.414276,0.5059509,7.431519
40,459.55084,272.93365,451.49133,273.02612,-8.059509,0.09246826,8.0600395
40,565.4694,289.97003,557.68286,289.46097,-7.78656,-0.5090637,7.803183
40,461.12164,394.24347,454.19308,394.64865,-6.9285583,0.40518188,6.940396
41,493.6775,344.14633,486.28558,344.3446,-7.3919067,0.1982727,7.394565
41,476.55734,344.1864,469.1841,344.5289,-7.37323,0.34249878,7.381181
41,464.4341,364.31052,457.3948,364.68143,-7.0393066,0.37091064,7.049072
41,586.84,326.8295,579.4789,326.33206,-7.361145,-0.49743652,7.377933
41,307.33173,145.47523,307.7969,145.95534,0.46517944,0.48010254,0.6684986
41,518.6094,242.2785,510.39392,242.1602,-8.215454,-0.11830139,8.216306
41,450.69403,236.57631,442.36722,237.04817,-8.326813,0.4718628,8.340172
41,553.9876,262.53564,545.9313,262.12936,-8.056335,-0.40628052,8.066573
41,410.7529,257.4969,402.68198,257.86133,-8.070923,0.36444092,8.079146
41,289.90018,206.68234,289.90033,206.679,0.00015258789,-0.0033416748,0.0033451568
41,304.63474,232.69727,304.8714,232.80708,0.23666382,0.109817505,0.2609016
41,331.2302,152.5929,331.67065,152.85182,0.4404602,0.2589264,0.51092863
41,585.0226,388.77008,578.1983,388.4402,-6.82428,-0.32989502,6.8322487
41,1189.5466,435.34326,1189.9747,435.37244,0.4281006,0.029174805,0.42909357
41,572.1262,313.9899,564.27655,313.61188,-7.8496704,-0.37802124,7.8587675
41,1250.9714,70.88318,1251.4443,70.858696,0.4729004,-0.024482727,0.47353372
41,524.7081,446.85284,518.4112,446.98718,-6.296936,0.13433838,6.298369
41,530.9039,301.38223,523.1013,301.38275,-7.8025513,0.0005187988,7.8025513
41,549.74084,436.12665,543.64777,435.87912,-6.0930786,-0.24752808,6.0981045
41,387.0817,278.27713,378.409,279.21558,-8.672699,0.93844604,8.723325
41,529.9569,327.107,522.8319,327.02145,-7.125,-0.08554077,7.1255136
41,426.86307,310.9813,418.95615,311.77695,-7.9069214,0.7956543,7.9468527
41,534.7462,263.60736,526.6431,263.09686,-8.103088,-0.51049805,8.119153
41,595.1128,352.31964,587.98315,351.788,-7.1296387,-0.5316467,7.1494336
41,570.8722,280.9745,562.9486,280.38156,-7.923584,-0.592926,7.945738
41,1152.8604,64.38898,1153.359,64.33294,0.49865723,-0.056037903,0.50179607
41,320.26096,233.81305,320.52625,233.75635,0.2652893,-0.05670166,0.2712812
41,1253.0702,87.04858,1253.4783,86.88804,0.40808105,-0.16053772,0.4385231
41,568.48584,349.3487,561.3461,348.85522,-7.1397095,-0.49346924,7.1567426
41,518.9297,299.31232,511.37314,299.3234,-7.556549,0.011077881,7.556557
41,468.80756,234.37228,460.47815,234.63771,-8.329407,0.26542664,8.333634
41,558.57477,317.0853,551.17596,316.68478,-7.3988037,-0.4005127,7.4096365
41,541.98145,360.76575,534.9757,360.70752,-7.0057373,-0.05822754,7.0059795
41,491.83447,288.37225,483.85,288.37332,-7.9844666,0.0010681152,7.9844666
41,554.6304,384.3948,547.67334,384.2697,-6.9570312,-0.12509155,6.9581556
41,503.13028,399.03308,496.68713,399.03888,-6.4431458,0.00579834,6.443148
41,479.8645,381.78467,472.75128,381.9962,-7.11322,0.21151733,7.116364
41,440.60852,368.6039,433.47992,369.18594,-7.128601,0.58203125,7.1523223
41,478.15552,260.7918,469.97165,260.76404,-8.183868,-0.027770996,8.183915
41,299.00708,477.27167,292.751,477.14,-6.256073,-0.13165283,6.257458
41,537.2232,239.59361,529.1319,239.38554,-8.091309,-0.20806885,8.093984
41,534.19763,412.77393,527.4433,412.74863,-6.7543335,-0.025299072,6.754381
41,520.18115,395.52444,513.5285,395.59265,-6.652649,0.06820679,6.6529984
41,439.93094,311.2396,431.96533,311.66907,-7.9656067,0.42947388,7.977176
41,440.60385,62.337,441.03305,62.65575,0.42919922,0.31874847,0.5346144
41,439.61237,337.13324,432.45258,337.7559,-7.15979,0.62265015,7.1868134
41,451.49133,273.02612,443.5111,273.33664,-7.9802246,0.31051636,7.9862638
41,557.68286,289.46097,549.8947,288.97195,-7.788147,-0.48901367,7.8034844
41,454.19308,394.64865,447.3269,395.25626,-6.8661804,0.607605,6.893012
42,486.28558,344.3446,478.83374,344.45193,-7.4518433,0.10733032,7.452616
42,469.1841,344.5289,461.66458,344.7387,-7.5195312,0.20980835,7.5224576
42,457.3948,364.68143,449.85828,365.1512,-7.5365295,0.4697876,7.5511575
42,579.4789,326.33206,571.80096,325.4215,-7.6779175,-0.910553,7.731722
42,307.7969,145.95534,307.79483,145.93802,-0.0020751953,-0.017318726,0.017442612
42,510.39392,242.1602,501.97037,241.95978,-8.423553,-0.2004242,8.425938
42,442.36722,237.04817,433.66876,237.38904,-8.698456,0.3408661,8.705132
42,545.9313,262.12936,537.6099,261.62048,-8.32135,-0.5088806,8.336895
42,402.68198,257.86133,394.25873,258.55487,-8.423248,0.6935425,8.451752
42,289.90033,206.679,290.40186,207.14009,0.5015259,0.4610901,0.68127257
42,304.8714,232.80708,304.86298,232.87996,-0.008422852,0.07287598,0.073361106
42,331.67065,152.85182,331.82474,153.07169,0.15408325,0.21986389,0.26848048
42,578.1983,388.4402,571.4341,387.65448,-6.764221,-0.78570557,6.8097005
42,1189.9747,435.37244,1190.4701,435.43335,0.49536133,0.060913086,0.49909243
42,564.27655,313.61188,556.3582,312.9213,-7.918335,-0.6905823,7.9483914
42,1251.4443,70.858696,1251.6761,70.89052,0.23181152,0.031822205,0.23398554
42,518.4112,446.98718,512.08685,446.9827,-6.324341,-0.004486084,6.3243423
42,523.1013,301.38275,515.127,301.07318,-7.974304,-0.3095703,7.980311
42,543.64777,435.87912,537.09406,435.87045,-6.553711,-0.008666992,6.5537167
42,378.409,279.21558,370.38727,280.05255,-8.0217285,0.8369751,8.065275
42,522.8319,327.02145,515.13684,326.71674,-7.6950684,-0.30471802,7.7010994
42,418.95615,311.77695,411.01346,312.636,-7.942688,0.8590393,7.9890075
42,526.6431,263.09686,518.3365,262.86255,-8.306641,-0.23431396,8.309945
42,587.98315,351.788,580.56116,351.06213,-7.421997,-0.7258606,7.4574065
42,562.9486,280.38156,555.0678,279.90167,-7.8807983,-0.47988892,7.8953958
42,1153.359,64.33294,1153.5924,64.341034,0.23339844,0.008094788,0.23353876
42,320.52625,233.75635,320.89066,233.98154,0.3644104,0.22518921,0.42837498
42,1253.4783,86.88804,1253.906,86.92005,0.42773438,0.03201294,0.42893067
42,561.3461,348.85522,553.8851,348.37875,-7.4610596,-0.47647095,7.4762583
42,511.37314,299.3234,503.50198,299.09503,-7.871155,-0.22836304,7.874467
42,460.47815,234.63771,452.2789,234.79729,-8.199249,0.15957642,8.200802
42,551.17596,316.68478,543.38745,316.42798,-7.788513,-0.25680542,7.7927456
42,534.9757,360.70752,527.64795,360.67874,-7.327759,-0.028778076,7.327815
42,483.85,288.37332,475.75806,288.22498,-8.091949,-0.14834595,8.093308
42,547.67334,384.2697,540.7025,383.9834,-6.970825,-0.28631592,6.9767027
42,496.68713,399.03888,489.72327,399.22894,-6.963867,0.19006348,6.96646
42,472.75128,381.9962,465.65384,382.26102,-7.0974426,0.26483154,7.1023817
42,433.47992,369.18594,426.0798,369.72968,-7.400116,0.5437317,7.4200644
42,469.97165,260.76404,461.42612,261.10126,-8.545532,0.33721924,8.552183
42,292.751,477.14,285.888,477.22797,-6.8630066,0.08795166,6.86357
42,529.1319,239.38554,521.13025,239.31874,-8.001648,-0.06680298,8.001926
42,527.4433,412.74863,520.82104,412.7648,-6.6222534,0.016174316,6.6222734
42,513.5285,395.59265,506.52423,395.5988,-7.0042725,0.006134033,7.0042753
42,431.96533,311.66907,424.17648,312.02957,-7.788849,0.36050415,7.7971873
42,441.03305,62.65575,441.01746,62.69256,-0.015594482,0.036808014,0.039975215
42,432.45258,337.7559,424.46045,338.35016,-7.9921265,0.5942688,8.01419
42,443.5111,273.33664,435.4047,273.45517,-8.106415,0.11853027,8.107281
42,549.8947,288.97195,541.9156,288.58923,-7.979126,-0.38272095,7.9882994
42,447.3269,395.25626,440.19043,395.77148,-7.1364746,0.5152283,7.1550493
43,478.83374,344.45193,471.30142,344.60416,-7.532318,0.15222168,7.533856
43,461.66458,344.7387,454.14233,345.16748,-7.5222473,0.42877197,7.5344577
43,449.85828,365.1512,442.3931,365.5638,-7.4651794,0.41259766,7.476573
43,571.80096,325.4215,564.2092,324.84555,-7.591736,-0.57595825,7.613552
43,307.79483,145.93802,307.91953,145.97917,0.124694824,0.041152954,0.13131018
43,501.97037,241.95978,493.4653,241.94499,-8.505066,-0.014785767,8.505078
43,433.66876,237.38904,424.98212,237.78105,-8.6866455,0.39201355,8.695486
43,537.6099,261.62048,529.5634,261.52063,-8.046509,-0.099853516,8.047129
43,394.25873,258.55487,385.83493,259.10254,-8.423798,0.54766846,8.441582
43,290.40186,207.14009,290.8345,207.33362,0.4326477,0.19352722,0.47395867
43,304.86298,232.87996,305.47275,233.23663,0.6097717,0.3566742,0.70642626
43,331.82474,153.07169,332.1671,153.17128,0.3423767,0.099594116,0.35656807
43,571.4341,387.65448,564.3446,387.28583,-7.0894775,-0.36865234,7.0990562
43,1190.4701,435.43335,1190.6139,435.43527,0.14379883,0.0019226074,0.14381167
43,556.3582,312.9213,548.7146,312.67767,-7.6436157,-0.24362183,7.647497
43,1251.6761,70.89052,1252.1392,70.80348,0.4630127,-0.08703613,0.47112212
43,512.08685,446.9827,505.2002,447.18854,-6.8866577,0.20584106,6.8897333
43,515.127,301.07318,507.16656,301.04083,-7.960449,-0.032348633,7.960515
43,537.09406,435.87045,530.66296,435.54556,-6.4310913,-0.32489014,6.4392924
43,370.38727,280.05255,361.79016,281.07703,-8.597107,1.0244751,8.657933
43,515.13684,326.71674,507.5532,326.68625,-7.5836487,-0.03048706,7.58371
43,411.01346,312.636,403.12576,313.2002,-7.8876953,0.564209,7.9078484
43,518.3365,262.86255,510.3495,262.53003,-7.9869995,-0.33251953,7.9939184
43,580.56116,351.06213,573.1267,350.54752,-7.4344482,-0.5146179,7.452238
43,555.0678,279.90167,547.04126,279.47595,-8.02655,-0.4257202,8.037832
43,1153.5924,64.341034,1153.913,64.32231,0.32055664,-0.018722534,0.32110295
43,320.89066,233.98154,321.19974,234.25967,0.30908203,0.2781372,0.41580284
43,1253.906,86.92005,1254.3654,86.88805,0.4593506,-0.03200531,0.4604642
43,553.8851,348.37875,546.49945,348.15973,-7.38562,-0.21902466,7.3888674
43,503.50198,299.09503,495.61484,299.13712,-7.887146,0.04208374,7.887258
43,452.2789,234.79729,444.1706,235.11052,-8.108307,0.31323242,8.114355
43,543.38745,316.42798,535.6971,316.0103,-7.6903687,-0.41766357,7.7017016
43,527.64795,360.67874,520.2201,360.5571,-7.4278564,-0.12164307,7.4288526
43,475.75806,288.22498,467.7242,288.2804,-8.033844,0.055419922,8.034036
43,540.7025,383.9834,533.5919,383.6296,-7.1105957,-0.35379028,7.1193914
43,489.72327,399.22894,482.82593,399.4367,-6.897339,0.20776367,6.9004674
43,465.65384,382.26102,458.564,382.7736,-7.0898438,0.51257324,7.1083484
43,426.0798,369.72968,418.4419,370.5492,-7.637909,0.81951904,7.681749
43,461.42612,261.10126,452.97794,261.02625,-8.448181,-0.07501221,8.448514
43,285.888,477.22797,278.9202,477.6003,-6.967804,0.37234497,6.9777455
43,521.13025,239.31874,512.8413,239.2358,-8.28894,-0.08294678,8.289355
43,520.82104,412.7648,513.9424,412.66263,-6.878662,-0.10217285,6.879421
43,506.52423,395.5988,499.42874,395.6359,-7.0954895,0.037109375,7.0955863
43,424.17648,312.02957,416.34503,312.54825,-7.8314514,0.51867676,7.8486085
43,441.01746,62.69256,441.54303,62.77198,0.52557373,0.079422,0.53154075
43,424.46045,338.35016,417.03812,339.1364,-7.422333,0.7862549,7.463861
43,435.4047,273.45517,427.1536,273.75952,-8.251099,0.3043518,8.25671
43,541.9156,288.58923,533.6745,288.0398,-8.241089,-0.5494385,8.259384
43,440.19043,395.77148,433.12402,396.2306,-7.0664062,0.45910645,7.0813046
44,471.30142,344.60416,463.67874,344.82278,-7.6226807,0.21862793,7.6258154
44,454.14233,345.16748,446.41183,345.48016,-7.7304993,0.3126831,7.73682
44,442.3931,365.5638,434.845,365.90042,-7.5480957,0.3366089,7.5555973
44,564.2092,324.84555,556.50854,324.32254,-7.7006836,-0.52301025,7.718424
44,307.91953,145.97917,308.41617,146.47943,0.49664307,0.5002594,0.7049211
44,493.4653,241.94499,485.0081,241.95782,-8.457214,0.012832642,8.457224
44,424.98212,237.78105,416.76917,238.06715,-8.212952,0.2861023,8.217934
44,529.5634,261.52063,521.3479,261.21283,-8.215515,-0.3078003,8.221279
44,385.83493,259.10254,377.39148,259.72125,-8.443451,0.6187134,8.466089
44,290.8345,207.33362,291.08722,207.54794,0.25271606,0.21432495,0.3313617
44,305.47275,233.23663,305.79556,233.17343,0.32281494,-0.063201904,0.32894373
44,332.1671,153.17128,332.38818,153.29684,0.22106934,0.12556458,0.25424027
44,564.3446,387.28583,557.1934,387.0805,-7.151184,-0.20532227,7.154131
44,1190.6139,435.43527,1191.0099,435.4319,0.3959961,-0.0033874512,0.39601058
44,548.7146,312.67767,540.7031,312.1789,-8.011475,-0.4987793,8.026986
44,1252.1392,70.80348,1252.1495,70.81718,0.010375977,0.013694763,0.017181601
44,505.2002,447.18854,498.79382,447.3213,-6.406372,0.13275146,6.4077473
44,507.16656,301.04083,499.13864,301.04016,-8.027924,-0.0006713867,8.027924
44,530.66296,435.54556,523.6585,435.60583,-7.0044556,0.060272217,7.004715
44,361.79016,281.07703,353.35776,282.2065,-8.432404,1.1294861,8.507712
44,507.5532,326.68625,499.61215,326.67987,-7.94104,-0.006378174,7.9410424
44,403.12576,313.2002,395.063,314.1019,-8.062775,0.9017029,8.113039
44,510.3495,262.53003,501.81302,262.44064,-8.5364685,-0.08938599,8.536936
44,573.1267,350.54752,565.7612,350.16852,-7.3654785,-0.3789978,7.375223
44,547.04126,279.47595,538.9971,279.11505,-8.044189,-0.36090088,8.052281
44,1153.913,64.32231,1154.0974,64.3728,0.18444824,0.050491333,0.19123423
44,321.19974,234.25967,321.69537,234.2541,0.495636,-0.005569458,0.49566728
44,1254.3654,86.88805,1254.4137,86.92673,0.048339844,0.03868103,0.061910924
44,546.49945,348.15973,538.63416,347.79578,-7.8652954,-0.36395264,7.8737116
44,495.61484,299.13712,487.64035,299.2766,-7.9744873,0.13949585,7.9757075
44,444.1706,235.11052,436.2719,235.26462,-7.8986816,0.15409851,7.9001846
44,535.6971,316.0103,527.9653,315.66583,-7.7318115,-0.34448242,7.739482
44,520.2201,360.5571,512.6549,360.44052,-7.5651855,-0.11657715,7.566084
44,467.7242,288.2804,459.36322,288.29318,-8.360992,0.012786865,8.361002
44,533.5919,383.6296,526.3757,383.66968,-7.2162476,0.04006958,7.216359
44,482.82593,399.4367,475.57016,399.5654,-7.255768,0.12869263,7.2569094
44,458.564,382.7736,450.92618,382.93597,-7.6378174,0.16238403,7.639543
44,418.4419,370.5492,410.8474,371.10156,-7.5944824,0.55236816,7.6145434
44,452.97794,261.02625,444.67224,261.16705,-8.305695,0.1408081,8.306889
44,278.9202,477.6003,271.5595,477.9268,-7.3606873,0.32647705,7.367924
44,512.8413,239.2358,504.55167,239.1746,-8.289642,-0.061187744,8.289868
44,513.9424,412.66263,506.8576,412.6124,-7.084778,-0.050231934,7.0849557
44,499.42874,395.6359,492.00836,395.6311,-7.4203796,-0.0047912598,7.420381
44,416.34503,312.54825,408.2531,312.62637,-8.091919,0.078125,8.092296
44,441.54303,62.77198,441.50732,63.273697,-0.035705566,0.5017166,0.50298554
44,417.03812,339.1364,409.521,339.72525,-7.5171204,0.58883667,7.540148
44,427.1536,273.75952,419.1533,274.07205,-8.000305,0.31253052,8.006407
44,533.6745,288.0398,525.65204,287.91116,-8.022461,-0.12863159,8.023492
44,433.12402,396.2306,425.5588,396.8382,-7.565216,0.607605,7.5895767
45,463.67874,344.82278,455.81573,345.21637,-7.8630066,0.3935852,7.872851
45,446.41183,345.48016,438.6341,345.8017,-7.7777405,0.3215332,7.784384
45,434.845,365.90042,427.00836,366.40234,-7.8366394,0.5019226,7.8526964
45,556.50854,324.32254,548.6614,324.0922,-7.847168,-0.23034668,7.850548
45,308.41617,146.47943,309.156,146.46252,0.73983765,-0.016906738,0.7400308
45,485.0081,241.95782,476.89413,242.02603,-8.113953,0.06820679,8.11424
45,416.76917,238.06715,407.9578,238.55804,-8.811371,0.4908905,8.825034
45,521.3479,261.21283,513.3423,261.2038,-8.005615,-0.009033203,8.00562
45,377.39148,259.72125,368.877,260.21973,-8.514465,0.49847412,8.529044
45,291.08722,207.54794,291.46582,207.87625,0.37860107,0.3283081,0.5011237
45,305.79556,233.17343,306.1304,233.36752,0.33483887,0.1940918,0.38702545
45,332.38818,153.29684,332.79114,153.70238,0.4029541,0.40553284,0.5716895
45,557.1934,387.0805,550.0362,386.6955,-7.1572266,-0.38500977,7.1675744
45,1191.0099,435.4319,1191.2817,435.40955,0.2718506,-0.022338867,0.27276686
45,540.7031,312.1789,532.672,312.13223,-8.031128,-0.046661377,8.031263
45,1252.1495,70.81718,1252.4304,70.89293,0.2808838,0.07575226,0.29091942
45,498.79382,447.3213,491.2682,447.78958,-7.525635,0.46829224,7.5401907
45,499.13864,301.04016,491.1365,301.02795,-8.002136,-0.012207031,8.002146
45,523.6585,435.60583,516.5065,435.76553,-7.1520386,0.15969849,7.1538215
45,353.35776,282.2065,344.59955,282.89197,-8.758209,0.6854553,8.784991
45,499.61215,326.67987,491.71655,326.8037,-7.8955994,0.12384033,7.89657
45,395.063,314.1019,386.9476,314.52496,-8.115387,0.4230652,8.126407
45,501.81302,262.44064,493.69476,262.3806,-8.118256,-0.060028076,8.118478
45,565.7612,350.16852,558.2971,350.17545,-7.4641113,0.0069274902,7.4641147
45,538.9971,279.11505,530.93677,278.9515,-8.060303,-0.1635437,8.061962
45,1154.0974,64.3728,1154.6106,64.41166,0.5131836,0.038856506,0.5146525
45,321.69537,234.2541,321.89642,234.17293,0.2010498,-0.08117676,0.21681948
45,1254.4137,86.92673,1254.8558,86.954094,0.44213867,0.027366638,0.44298482
45,538.63416,347.79578,531.1235,347.77786,-7.510681,-0.017913818,7.5107026
45,487.64035,299.2766,479.69843,299.37234,-7.941925,0.09573364,7.942502
45,436.2719,235.26462,427.68936,235.61897,-8.58255,0.35435486,8.589862
45,527.9653,315.66583,520.04736,315.61044,-7.9179077,-0.055389404,7.9181013
45,512.6549,360.44052,505.1914,360.45593,-7.463501,0.015411377,7.4635167
45,459.36322,288.29318,451.32666,288.2637,-8.03656,-0.02947998,8.036614
45,526.3757,383.66968,518.95056,383.56882,-7.42511,-0.100860596,7.425795
45,475.57016,399.5654,468.42297,400.09912,-7.1471863,0.5337219,7.1670866
45,450.92618,382.93597,443.41974,383.39224,-7.506439,0.4562683,7.520293
45,410.8474,371.10156,403.18146,371.5889,-7.6659546,0.4873352,7.6814294
45,444.67224,261.16705,436.49307,261.19028,-8.179169,0.023223877,8.179202
45,271.5595,477.9268,263.9594,478.12964,-7.6000977,0.20285034,7.6028047
45,504.55167,239.1746,496.656,239.29184,-7.8956604,0.11723328,7.8965306
45,506.8576,412.6124,499.64706,412.63553,-7.210541,0.023132324,7.210578
45,492.00836,395.6311,484.602,395.93015,-7.406372,0.29904175,7.4124064
45,408.2531,312.62637,400.05814,313.26172,-8.194977,0.63534546,8.219568
45,441.50732,63.273697,441.9154,63.294693,0.40808105,0.020996094,0.40862083
45,409.521,339.72525,401.54324,340.2285,-7.9777527,0.50323486,7.993609
45,419.1533,274.07205,410.8873,274.23895,-8.265991,0.16690063,8.267676
45,525.65204,287.91116,517.7704,287.69852,-7.881653,-0.21264648,7.884521
45,425.5588,396.8382,418.05554,397.5543,-7.5032654,0.716095,7.537359
46,455.81573,345.21637,446.942,345.36526,-8.873749,0.14889526,8.874998
46,438.6341,345.8017,429.62366,346.13953,-9.010437,0.3378296,9.0167675
46,427.00836,366.40234,417.87744,366.9147,-9.13092,0.5123596,9.145285
46,548.6614,324.0922,540.42883,324.017,-8.232544,-0.07519531,8.232887
46,309.156,146.46252,308.59857,145.95493,-0.5574341,-0.5075989,0.753916
46,476.89413,242.02603,467.13052,241.29756,-9.763611,-0.72846985,9.790749
46,407.9578,238.55804,398.3373,238.14153,-9.620483,-0.41651917,9.629496
46,513.3423,261.2038,504.51404,260.65076,-8.828247,-0.55303955,8.845552
46,368.877,260.21973,358.71426,259.92816,-10.16275,-0.29156494,10.166932
46,291.46582,207.87625,290.54596,207.28497,-0.91986084,-0.5912781,1.0935053
46,306.1304,233.36752,305.14908,232.73495,-0.98132324,-0.63256836,1.167535
46,332.79114,153.70238,332.21143,153.12042,-0.5797119,-0.58195496,0.82142407
46,550.0362,386.6955,541.6132,387.05066,-8.422974,0.35516357,8.430459
46,1191.2817,435.40955,1193.8009,435.8692,2.519165,0.45965576,2.560757
46,532.672,312.13223,524.3693,311.6891,-8.302673,-0.44314575,8.314491
46,1252.4304,70.89293,1255.2416,70.28198,2.8111572,-0.61094666,2.8767796
46,491.2682,447.78958,483.2328,448.66208,-8.0354,0.87249756,8.08263
46,491.1365,301.02795,482.4229,300.43124,-8.713593,-0.5967102,8.734
46,516.5065,435.76553,508.4733,436.49057,-8.033173,0.7250366,8.065825
46,344.59955,282.89197,334.5676,282.79666,-10.031952,-0.0953064,10.032405
46,491.71655,326.8037,483.1398,326.8257,-8.576752,0.022003174,8.576779
46,386.9476,314.52496,377.18445,314.57883,-9.763153,0.053863525,9.763302
46,493.69476,262.3806,484.55856,261.86484,-9.1362,-0.5157776,9.150747
46,558.2971,350.17545,549.9398,349.72906,-8.3573,-0.44638062,8.369212
46,530.93677,278.9515,522.1996,278.43927,-8.737183,-0.51223755,8.752186
46,1154.6106,64.41166,1156.64,63.609177,2.029419,-0.8024826,2.1823199
46,321.89642,234.17293,321.75015,233.60255,-0.14627075,-0.57037354,0.5888303
46,1254.8558,86.954094,1257.3999,86.39577,2.5440674,-0.5583267,2.6046128
46,531.1235,347.77786,522.69934,347.75006,-8.424133,-0.027801514,8.424179
46,479.69843,299.37234,470.4212,299.35446,-9.277222,-0.0178833,9.277239
46,427.68936,235.61897,418.5331,235.09781,-9.15625,-0.52116394,9.17107
46,520.04736,315.61044,511.4734,315.49542,-8.573975,-0.11502075,8.574746
46,505.1914,360.45593,496.5409,360.36206,-8.650513,-0.09387207,8.651022
46,451.32666,288.2637,442.3759,287.59204,-8.950775,-0.6716614,8.975941
46,518.95056,383.56882,510.49637,383.92264,-8.454193,0.3538208,8.461594
46,468.42297,400.09912,459.6761,400.5856,-8.746887,0.4864807,8.760406
46,443.41974,383.39224,434.68048,384.00427,-8.739258,0.61203,8.760662
46,403.18146,371.5889,394.0612,372.12982,-9.12027,0.5409241,9.136297
46,436.49307,261.19028,427.75305,260.68854,-8.740021,-0.5017395,8.754411
46,263.9594,478.12964,254.16602,479.0832,-9.793396,0.95355225,9.839709
46,496.656,239.29184,487.73535,238.70201,-8.920654,-0.5898285,8.940133
46,499.64706,412.63553,491.49582,413.06677,-8.151245,0.4312439,8.162644
46,484.602,395.93015,476.23843,396.34512,-8.363556,0.41497803,8.373844
46,400.05814,313.26172,390.6636,313.00375,-9.394531,-0.2579651,9.398072
46,441.9154,63.294693,441.3913,62.737663,-0.5241089,-0.5570297,0.7648348
46,401.54324,340.2285,392.1064,340.68658,-9.436829,0.45809937,9.447941
46,410.8873,274.23895,401.99,273.60608,-8.897308,-0.63287354,8.919788
46,517.7704,287.69852,509.10892,287.1496,-8.6614685,-0.5489197,8.678845
46,418.05554,397.5543,409.0848,398.2831,-8.970734,0.7288208,9.000291
47,446.942,345.36526,439.02234,345.73163,-7.919647,0.36636353,7.928117
47,429.62366,346.13953,421.66846,346.48492,-7.9552,0.34539795,7.962695
47,417.87744,366.9147,410.0267,367.30646,-7.8507385,0.39175415,7.860507
47,540.42883,324.017,532.5781,324.1203,-7.850708,0.103302,7.8513875
47,308.59857,145.95493,308.51248,146.18599,-0.08609009,0.23106384,0.24658062
47,467.13052,241.29756,458.40628,241.4198,-8.724243,0.12223816,8.7251
47,398.3373,238.14153,389.78058,238.42891,-8.556732,0.28738403,8.561557
47,504.51404,260.65076,496.2607,260.67395,-8.253326,0.02319336,8.253359
47,358.71426,259.92816,349.71725,260.4164,-8.997009,0.48825073,9.010247
47,290.54596,207.28497,290.3158,207.39543,-0.23016357,0.110458374,0.25529653
47,305.14908,232.73495,305.07245,233.05579,-0.07662964,0.3208313,0.32985577
47,332.21143,153.12042,332.13623,153.09583,-0.07519531,-0.024597168,0.07911609
47,541.6132,387.05066,533.9942,387.4123,-7.6190186,0.3616333,7.627596
47,1193.8009,435.8692,1194.5447,436.11258,0.7437744,0.24337769,0.78258103
47,524.3693,311.6891,516.54895,311.81168,-7.8203735,0.12258911,7.8213344
47,1255.2416,70.28198,1255.3743,70.2496,0.13269043,-0.03237915,0.1365839
47,483.2328,448.66208,475.39038,449.2562,-7.842407,0.5941162,7.864879
47,482.4229,300.43124,474.4622,300.33017,-7.960724,-0.10107422,7.961365
47,508.4733,436.49057,500.70584,436.99985,-7.767456,0.50927734,7.784134
47,334.5676,282.79666,325.93542,283.58606,-8.632172,0.7893982,8.668191
47,483.1398,326.8257,475.31076,326.9297,-7.8290405,0.10397339,7.829731
47,377.18445,314.57883,369.06674,315.19202,-8.117706,0.6131897,8.140833
47,484.55856,261.86484,476.12683,262.1613,-8.431732,0.29644775,8.436942
47,549.9398,349.72906,542.1571,349.8765,-7.782715,0.14743042,7.7841115
47,522.1996,278.43927,514.26965,278.55228,-7.9299316,0.11300659,7.930737
47,1156.64,63.609177,1156.7303,63.58075,0.09033203,-0.028427124,0.094699405
47,321.75015,233.60255,322.07843,233.50731,0.3282776,-0.09524536,0.34181553
47,1257.3999,86.39577,1257.6176,86.64366,0.21765137,0.24789429,0.32988435
47,522.69934,347.75006,515.12726,347.89465,-7.5720825,0.14459229,7.573463
47,470.4212,299.35446,462.17545,299.6878,-8.245758,0.3333435,8.252493
47,418.5331,235.09781,410.41812,235.40388,-8.11499,0.30607605,8.12076
47,511.4734,315.49542,503.70154,315.8501,-7.7718506,0.3546753,7.779939
47,496.5409,360.36206,488.89944,360.91434,-7.641449,0.5522766,7.6613803
47,442.3759,287.59204,434.62424,287.91312,-7.751648,0.32107544,7.7582946
47,510.49637,383.92264,502.8882,384.37283,-7.6081543,0.4501953,7.6214623
47,459.6761,400.5856,451.71155,401.07755,-7.9645386,0.49194336,7.9797173
47,434.68048,384.00427,426.57697,384.27142,-8.103516,0.26715088,8.107918
47,394.0612,372.12982,385.92096,372.6998,-8.140228,0.5699768,8.160158
47,427.75305,260.68854,419.58838,260.7858,-8.164673,0.09725952,8.165252
47,254.16602,479.0832,245.82687,479.4214,-8.339142,0.3381958,8.345997
47,487.73535,238.70201,479.30826,238.93639,-8.4270935,0.234375,8.430352
47,491.49582,413.06677,483.71,413.59833,-7.7858276,0.5315552,7.8039517
47,476.23843,396.34512,468.2876,396.7181,-7.950836,0.37298584,7.95958
47,390.6636,313.00375,382.38248,313.6259,-8.281128,0.62213135,8.304464
47,441.3913,62.737663,441.5679,62.74365,0.17660522,0.00598526,0.17670661
47,392.1064,340.68658,384.05338,341.05457,-8.05304,0.36798096,8.061442
47,401.99,273.60608,393.526,273.6929,-8.463989,0.08682251,8.464435
47,509.10892,287.1496,500.87534,287.44476,-8.233582,0.29516602,8.238871
47,409.0848,398.2831,401.1235,398.75604,-7.9613037,0.4729309,7.9753385
48,439.02234,345.73163,430.91003,346.0601,-8.112305,0.3284607,8.118952
48,421.66846,346.48492,413.5013,346.85306,-8.167145,0.36813354,8.175437
48,410.0267,367.30646,401.76508,367.72638,-8.261627,0.41992188,8.272292
48,532.5781,324.1203,524.55096,324.1206,-8.027161,0.00030517578,8.027161
48,308.51248,146.18599,308.5263,146.19371,0.013824463,0.0077209473,0.015834419
48,458.40628,241.4198,450.13757,241.54767,-8.268707,0.12786865,8.269696
48,389.78058,238.42891,381.29623,238.51495,-8.4843445,0.08604431,8.48478
48,496.2607,260.67395,488.32858,260.91476,-7.932129,0.24081421,7.9357834
48,349.71725,260.4164,340.96518,260.74103,-8.752075,0.32461548,8.758094
48,290.3158,207.39543,290.40726,207.26729,0.09146118,-0.12814331,0.15743524
48,305.07245,233.05579,304.77295,232.7468,-0.2994995,-0.30899048,0.43031973
48,332.13623,153.09583,332.1429,153.08083,0.0066833496,-0.01499939,0.016420988
48,533.9942,387.4123,526.2648,387.48685,-7.729431,0.07455444,7.7297907
48,1194.5447,436.11258,1194.666,436.14478,0.12133789,0.032196045,0.12553672
48,516.54895,311.81168,508.25363,311.7983,-8.295319,-0.013366699,8.295329
48,1255.3743,70.2496,1255.7031,70.17709,0.32885742,-0.072509766,0.3367564
48,475.39038,449.2562,467.57822,449.69196,-7.8121643,0.4357605,7.8243084
48,474.4622,300.33017,466.51114,300.3806,-7.95105,0.050445557,7.9512095
48,500.70584,436.99985,493.01526,437.38358,-7.6905823,0.38372803,7.7001495
48,325.93542,283.58606,317.14233,284.19196,-8.793091,0.605896,8.813941
48,475.31076,326.9297,467.40814,327.23907,-7.9026184,0.3093872,7.9086723
48,369.06674,315.19202,360.8224,315.59613,-8.244354,0.40411377,8.254252
48,476.12683,262.1613,468.0403,262.55432,-8.086517,0.3930359,8.096064
48,542.1571,349.8765,534.2064,350.4138,-7.9506836,0.5372925,7.9688177
48,514.26965,278.55228,506.20633,278.63406,-8.063324,0.08178711,8.063739
48,1156.7303,63.58075,1156.7699,63.5978,0.03955078,0.017051697,0.043069996
48,322.07843,233.50731,321.8282,232.89034,-0.25024414,-0.6169739,0.6657919
48,1257.6176,86.64366,1257.7152,86.54112,0.09765625,-0.10253906,0.14160156
48,515.12726,347.89465,507.1374,348.07968,-7.989868,0.18502808,7.9920106
48,462.17545,299.6878,453.99924,299.98215,-8.1762085,0.29434204,8.181505
48,410.41812,235.40388,402.305,235.70839,-8.113129,0.3045044,8.11884
48,503.70154,315.8501,495.47086,315.93005,-8.230682,0.079956055,8.2310705
48,488.89944,360.91434,480.87912,361.0233,-8.020325,0.108947754,8.021065
48,434.62424,287.91312,426.35007,287.717,-8.27417,-0.19610596,8.276494
48,502.8882,384.37283,494.94156,384.54306,-7.9466553,0.17022705,7.948478
48,451.71155,401.07755,443.80334,401.70694,-7.908203,0.62939453,7.9332094
48,426.57697,384.27142,418.4003,384.82092,-8.176666,0.5494995,8.195109
48,385.92096,372.6998,377.49112,373.26138,-8.42984,0.5615845,8.448525
48,419.58838,260.7858,411.48047,260.70514,-8.10791,-0.08065796,8.108312
48,245.82687,479.4214,238.07738,479.61465,-7.7494965,0.19326782,7.751906
48,479.30826,238.93639,471.40417,239.31155,-7.9040833,0.37516785,7.912982
48,483.71,413.59833,475.93143,414.18906,-7.7785645,0.59072876,7.800963
48,468.2876,396.7181,460.33948,397.2419,-7.94812,0.5238037,7.9653616
48,382.38248,313.6259,374.0118,313.6441,-8.3706665,0.018218994,8.370687
48,441.5679,62.74365,441.7191,62.64127,0.15118408,-0.102378845,0.18258712
48,384.05338,341.05457,375.60513,341.23938,-8.448242,0.18481445,8.450263
48,393.526,273.6929,385.3375,274.03635,-8.188507,0.34344482,8.195706
48,500.87534,287.44476,492.7668,287.3621,-8.1085205,-0.08267212,8.108942
48,401.1235,398.75604,392.72073,399.31143,-8.402771,0.5553894,8.421105
49,430.91003,346.0601,423.05493,346.47363,-7.8551025,0.4135437,7.8659806
49,413.5013,346.85306,405.66235,347.29944,-7.8389587,0.44638062,7.851658
49,401.76508,367.72638,393.991,368.22748,-7.7740784,0.50109863,7.790211
49,524.55096,324.1206,516.8329,324.3699,-7.7180786,0.2492981,7.7221036
49,308.5263,146.19371,309.02582,146.21712,0.49951172,0.023406982,0.50005984
49,450.13757,241.54767,442.09406,241.85791,-8.043518,0.3102417,8.049499
49,381.29623,238.51495,373.4422,238.89632,-7.8540344,0.38136292,7.863288
49,488.32858,260.91476,480.21918,261.1357,-8.1094055,0.22094727,8.112415
49,340.96518,260.74103,332.6293,261.50375,-8.335876,0.76272583,8.370698
49,290.40726,207.26729,290.2433,207.49461,-0.16397095,0.22732544,0.2802915
49,304.77295,232.7468,304.50528,233.13066,-0.26766968,0.38386536,0.46797398
49,332.1429,153.08083,332.54504,153.61023,0.40213013,0.5294037,0.66481346
49,526.2648,387.48685,518.6179,387.68332,-7.6468506,0.19647217,7.649374
49,1194.666,436.14478,1194.5985,435.97412,-0.06750488,-0.1706543,0.18352057
49,508.25363,311.7983,500.63937,312.1942,-7.614258,0.39590454,7.6245437
49,1255.7031,70.17709,1255.1514,70.48649,-0.5517578,0.30939484,0.6325835
49,467.57822,449.69196,459.88058,450.16953,-7.697632,0.47756958,7.712432
49,466.51114,300.3806,458.52826,300.89532,-7.9828796,0.5147095,7.999456
49,493.01526,437.38358,485.40228,437.71982,-7.612976,0.33624268,7.620398
49,317.14233,284.19196,308.50204,285.2386,-8.640289,1.0466309,8.70345
49,467.40814,327.23907,459.43384,327.6265,-7.974304,0.38742065,7.98371
49,360.8224,315.59613,353.015,315.80103,-7.807373,0.20489502,7.810061
49,468.0403,262.55432,460.16327,262.84723,-7.8770447,0.2929077,7.8824887
49,534.2064,350.4138,526.53705,350.42365,-7.6693726,0.009857178,7.6693788
49,506.20633,278.63406,498.25107,279.08627,-7.955261,0.45220947,7.968104
49,1156.7699,63.5978,1156.6553,63.87199,-0.11462402,0.274189,0.2971839
49,321.8282,232.89034,322.29526,232.3907,0.46707153,-0.4996338,0.68395156
49,1257.7152,86.54112,1257.4055,86.59266,-0.30969238,0.05153656,0.31395125
49,507.1374,348.07968,499.65652,348.3369,-7.4808655,0.25723267,7.4852867
49,453.99924,299.98215,446.27744,300.2224,-7.7218018,0.2402649,7.7255387
49,402.305,235.70839,395.0069,235.98053,-7.2980957,0.2721405,7.303168
49,495.47086,315.93005,487.94446,316.3447,-7.5263977,0.41464233,7.537811
49,480.87912,361.0233,473.00214,361.51126,-7.8769836,0.48797607,7.892084
49,426.35007,287.717,419.01492,287.9467,-7.335144,0.2296753,7.338739
49,494.94156,384.54306,487.36035,384.8579,-7.5812073,0.31484985,7.5877423
49,443.80334,401.70694,436.3362,401.80206,-7.4671326,0.09512329,7.467738
49,418.4003,384.82092,410.69244,385.18295,-7.707855,0.36203003,7.7163525
49,377.49112,373.26138,369.55316,373.6326,-7.937958,0.37121582,7.946633
49,411.48047,260.70514,403.66266,260.87628,-7.81781,0.17114258,7.819683
49,238.07738,479.61465,230.69865,479.44476,-7.378723,-0.16989136,7.3806787
49,471.40417,239.31155,463.271,239.63113,-8.133179,0.31958008,8.139455
49,475.93143,414.18906,468.30356,414.2865,-7.6278687,0.09744263,7.628491
49,460.33948,397.2419,452.6351,397.51288,-7.704376,0.27096558,7.70914
49,374.0118,313.6441,365.99664,314.55856,-8.015167,0.9144592,8.067164
49,441.7191,62.64127,441.23428,63.06582,-0.48480225,0.4245491,0.6444185
49,375.60513,341.23938,368.31937,341.98654,-7.2857666,0.74716187,7.3239775
49,385.3375,274.03635,376.98196,274.34213,-8.35553,0.30578613,8.361123
49,492.7668,287.3621,485.18362,287.82104,-7.583191,0.45895386,7.597067
49,392.72073,399.31143,384.76764,399.88605,-7.9530945,0.5746155,7.9738255
50,423.05493,346.47363,415.00513,346.6963,-8.049805,0.22265625,8.052883
50,405.66235,347.29944,397.51044,347.46738,-8.1519165,0.16793823,8.153646
50,393.991,368.22748,385.92572,368.38406,-8.065277,0.1565857,8.066797
50,516.8329,324.3699,508.8428,324.49347,-7.990082,0.123565674,7.9910374
50,309.02582,146.21712,309.0789,146.20045,0.05307007,-0.016662598,0.055624403
50,442.09406,241.85791,433.6502,241.895,-8.443848,0.037094116,8.443929
50,373.4422,238.89632,365.3201,238.86267,-8.122101,-0.03364563,8.12217
50,480.21918,261.1357,472.0807,261.2791,-8.138489,0.1434021,8.139752
50,332.6293,261.50375,324.0462,261.53778,-8.583099,0.0340271,8.583167
50,290.2433,207.49461,290.685,207.33517,0.44171143,-0.15943909,0.469606
50,304.50528,233.13066,304.72812,233.06285,0.22283936,-0.06781006,0.23292828
50,332.54504,153.61023,332.50714,153.46767,-0.037902832,-0.14256287,0.1475154
50,518.6179,387.68332,510.55103,388.1094,-8.066895,0.42608643,8.078139
50,1194.5985,435.97412,1194.6255,435.92303,0.026977539,-0.051086426,0.057772055
50,500.63937,312.1942,492.66785,312.23837,-7.971527,0.044158936,7.9716496
50,1255.1514,70.48649,1255.1622,70.45387,0.010864258,-0.03261566,0.034377515
50,459.88058,450.16953,452.59116,450.42346,-7.2894287,0.25393677,7.2938504
50,458.52826,300.89532,450.61615,300.905,-7.9121094,0.009674072,7.9121156
50,485.40228,437.71982,477.62024,437.99588,-7.7820435,0.276062,7.786938
50,308.50204,285.2386,299.73633,285.51398,-8.765717,0.27539062,8.770041
50,459.43384,327.6265,451.55942,327.73157,-7.87442,0.10507202,7.875121
50,353.015,315.80103,344.73364,316.08966,-8.281372,0.28863525,8.286401
50,460.16327,262.84723,452.10834,263.07983,-8.054932,0.23260498,8.05829
50,526.53705,350.42365,518.5858,350.68918,-7.951233,0.26553345,7.955665
50,498.25107,279.08627,490.2718,279.13144,-7.9792786,0.045166016,7.9794064
50,1156.6553,63.87199,1156.6606,63.87415,0.0053710938,0.0021591187,0.0057888203
50,322.29526,232.3907,314.37112,229.71674,-7.9241333,-2.6739655,8.363132
50,1257.4055,86.59266,1257.4136,86.581154,0.008056641,-0.011505127,0.014045548
50,499.65652,348.3369,491.52496,348.3546,-8.131561,0.017700195,8.13158
50,446.27744,300.2224,438.36887,300.51065,-7.9085693,0.28823853,7.9138203
50,395.0069,235.98053,387.0313,236.04099,-7.975586,0.060455322,7.975815
50,487.94446,316.3447,479.74667,316.3964,-8.197784,0.051696777,8.1979475
50,473.00214,361.51126,465.35602,361.98483,-7.646118,0.47357178,7.66077
50,419.01492,287.9467,410.9416,287.9676,-8.073334,0.020904541,8.07336
50,487.36035,384.8579,479.37238,385.26147,-7.987976,0.40356445,7.998164
50,436.3362,401.80206,428.11746,402.1208,-8.21875,0.3187256,8.224928
50,410.69244,385.18295,402.50113,385.61237,-8.191315,0.42941284,8.202562
50,369.55316,373.6326,360.96664,374.01852,-8.586517,0.3859253,8.595186
50,403.66266,260.87628,395.5041,260.86005,-8.158569,-0.016235352,8.158586
50,230.69865,479.44476,222.73499,479.71933,-7.963669,0.27456665,7.9684005
50,463.271,239.63113,455.57227,240.00922,-7.6987305,0.37808228,7.7080083
50,468.30356,414.2865,460.33765,414.62476,-7.965912,0.33825684,7.9730906
50,452.6351,397.51288,444.58652,397.68854,-8.048584,0.17565918,8.0505
50,365.99664,314.55856,357.58914,314.63052,-8.407501,0.07196045,8.407809
50,441.23428,63.06582,441.69034,63.10865,0.4560547,0.04283142,0.45806158
50,368.31937,341.98654,360.2115,342.16702,-8.10788,0.18048096,8.109888
50,376.98196,274.34213,368.4883,274.37665,-8.493652,0.03451538,8.493722
50,485.18362,287.82104,476.83566,287.75943,-8.347961,-0.06161499,8.348189
50,384.76764,399.88605,376.813,400.29266,-7.954651,0.4066162,7.9650364
51,415.00513,346.6963,407.33878,346.82715,-7.6663513,0.13085938,7.667468
51,397.51044,347.46738,389.86163,347.65485,-7.6488037,0.18746948,7.651101
51,385.92572,368.38406,378.31497,368.56146,-7.6107483,0.17739868,7.6128154
51,508.8428,324.49347,501.26297,324.70804,-7.579834,0.21456909,7.5828705
51,309.0789,146.20045,310.06903,146.71474,0.9901428,0.5142822,1.115737
51,433.6502,241.895,425.71942,242.18521,-7.930786,0.2902069,7.9360943
51,365.3201,238.86267,357.89355,238.89214,-7.426544,0.029464722,7.426603
51,472.0807,261.2791,464.38412,261.5334,-7.6965637,0.25427246,7.7007627
51,324.0462,261.53778,315.88232,262.2027,-8.163879,0.664917,8.190912
51,290.685,207.33517,291.312,207.76735,0.62701416,0.43217468,0.7615259
51,304.72812,233.06285,304.19507,232.99596,-0.53305054,-0.06689453,0.53723156
51,332.50714,153.46767,333.019,153.49562,0.51187134,0.027954102,0.5126341
51,510.55103,388.1094,503.2093,387.9444,-7.341736,-0.16500854,7.34359
51,1194.6255,435.92303,1194.4321,435.81003,-0.19335938,-0.11300659,0.22396056
51,492.66785,312.23837,484.9564,312.73865,-7.7114563,0.50027466,7.7276664
51,1255.1622,70.45387,1255.0923,70.592705,-0.06994629,0.13883209,0.15545686
51,452.59116,450.42346,445.12924,450.5061,-7.461914,0.0826416,7.4623713
51,450.61615,300.905,442.92923,301.1148,-7.68692,0.20980835,7.6897826
51,477.62024,437.99588,469.92752,438.22385,-7.6927185,0.22796631,7.6960955
51,299.73633,285.51398,291.29037,286.10547,-8.445953,0.5914917,8.4666395
51,451.55942,327.73157,443.9693,327.83057,-7.5901184,0.09899902,7.590764
51,344.73364,316.08966,337.12875,316.09335,-7.604889,0.003692627,7.60489
51,452.10834,263.07983,443.83752,263.47195,-8.270813,0.39212036,8.280103
51,518.5858,350.68918,511.1251,350.9839,-7.460724,0.29470825,7.4665422
51,490.2718,279.13144,482.4778,279.26785,-7.793976,0.13641357,7.7951694
51,1156.6606,63.87415,1156.3425,64.36471,-0.31811523,0.49055862,0.5846752
51,314.37112,229.71674,314.53403,229.37013,0.16290283,-0.3466034,0.38297683
51,1257.4136,86.581154,1257.3793,86.705475,-0.034301758,0.124320984,0.12896635
51,491.52496,348.3546,483.88724,348.90073,-7.637726,0.54611206,7.6572247
51,438.36887,300.51065,430.61234,300.9678,-7.756531,0.45715332,7.769991
51,387.0313,236.04099,379.8084,236.22751,-7.2229004,0.18652344,7.2253084
51,479.74667,316.3964,472.0265,316.55798,-7.7201843,0.16159058,7.721875
51,465.35602,361.98483,457.77866,362.1477,-7.577362,0.16287231,7.5791125
51,410.9416,287.9676,403.0584,288.26447,-7.8831787,0.296875,7.888767
51,479.37238,385.26147,472.0736,385.26617,-7.298767,0.004699707,7.2987685
51,428.11746,402.1208,420.86722,402.22037,-7.250244,0.09957886,7.250928
51,402.50113,385.61237,394.76712,385.48627,-7.734009,-0.12609863,7.735037
51,360.96664,374.01852,353.03525,374.41846,-7.9313965,0.39993286,7.9414735
51,395.5041,260.86005,387.49585,261.4287,-8.00824,0.56866455,8.028405
51,222.73499,479.71933,215.70038,479.5038,-7.034607,-0.21551514,7.0379076
51,455.57227,240.00922,447.85815,240.30318,-7.7141113,0.29396057,7.7197104
51,460.33765,414.62476,452.85135,414.76633,-7.4862976,0.14157104,7.487636
51,444.58652,397.68854,437.17886,397.94205,-7.407654,0.25350952,7.4119906
51,357.58914,314.63052,349.6349,315.20633,-7.954254,0.57580566,7.975068
51,441.69034,63.10865,442.0609,63.492306,0.37057495,0.38365555,0.5334017
51,360.2115,342.16702,352.8102,342.3021,-7.4012756,0.1350708,7.4025083
51,368.4883,274.37665,360.3804,274.6365,-8.10791,0.25985718,8.112073
51,476.83566,287.75943,469.25775,287.91016,-7.5779114,0.15072632,7.57941
51,376.813,400.29266,369.02997,400.66763,-7.78302,0.37496948,7.7920475
52,407.33878,346.82715,399.2921,347.163,-8.046661,0.33584595,8.053667
52,389.86163,347.65485,381.8784,347.89322,-7.983246,0.2383728,7.986804
52,378.31497,368.56146,370.37695,368.7545,-7.938019,0.19302368,7.9403653
52,501.26297,324.70804,493.4635,324.8072,-7.799469,0.09915161,7.8000994
52,310.06903,146.71474,310.34094,146.77048,0.27191162,0.055740356,0.27756605
52,425.71942,242.18521,417.6655,242.36409,-8.053925,0.17887878,8.055911
52,357.89355,238.89214,350.03738,238.83937,-7.8561707,-0.052764893,7.856348
52,464.38412,261.5334,456.60165,261.73395,-7.7824707,0.20056152,7.7850547
52,315.88232,262.2027,307.40265,262.50323,-8.479675,0.3005371,8.485
52,291.312,207.76735,292.1607,208.32172,0.84869385,0.55436707,1.0137081
52,304.19507,232.99596,301.27985,232.37209,-2.9152222,-0.62387085,2.9812303
52,333.019,153.49562,333.31967,153.73187,0.30065918,0.23625183,0.3823753
52,503.2093,387.9444,495.35455,388.25452,-7.8547363,0.31011963,7.860856
52,1194.4321,435.81003,1194.4481,435.80524,0.015991211,-0.0047912598,0.016693562
52,484.9564,312.73865,477.13123,312.581,-7.825165,-0.15765381,7.8267527
52,1255.0923,70.592705,1255.1066,70.645584,0.014282227,0.052879333,0.054774135
52,445.12924,450.5061,436.92288,450.89526,-8.20636,0.38916016,8.215582
52,442.92923,301.1148,434.9261,301.2107,-8.003143,0.09588623,8.003717
52,469.92752,438.22385,462.46295,438.30664,-7.464569,0.08279419,7.4650283
52,291.29037,286.10547,282.65726,286.2552,-8.633118,0.14971924,8.634416
52,443.9693,327.83057,436.0143,328.05978,-7.9549866,0.22921753,7.958288
52,337.12875,316.09335,329.09824,316.05875,-8.030518,-0.034606934,8.030592
52,443.83752,263.47195,435.7168,263.45383,-8.120728,-0.018127441,8.120748
52,511.1251,350.9839,503.21832,351.07837,-7.906769,0.09448242,7.9073334
52,482.4778,279.26785,474.53125,279.34637,-7.9465637,0.07852173,7.946952
52,1156.3425,64.36471,1156.3425,64.36429,0.0,-0.0004196167,0.0004196167
52,314.53403,229.37013,310.6339,227.98311,-3.900116,-1.3870239,4.139413
52,1257.3793,86.705475,1257.3677,86.72548,-0.01159668,0.020004272,0.023122584
52,483.88724,348.90073,476.0074,348.92465,-7.8798523,0.023925781,7.8798885
52,430.61234,300.9678,422.3713,301.3191,-8.241028,0.35128784,8.248512
52,379.8084,236.22751,371.73828,236.33215,-8.070129,0.104644775,8.070807
52,472.0265,316.55798,464.39368,316.93698,-7.6328125,0.3789978,7.642216
52,457.77866,362.1477,450.07306,362.2521,-7.705597,0.104400635,7.706304
52,403.0584,288.26447,395.06137,288.29202,-7.99704,0.027557373,7.997087
52,472.0736,385.26617,464.09396,385.6039,-7.979645,0.33773804,7.986789
52,420.86722,402.22037,412.99637,402.60623,-7.8708496,0.38586426,7.8803024
52,394.76712,385.48627,386.69672,385.8368,-8.070404,0.3505249,8.078013
52,353.03525,374.41846,344.7561,374.67276,-8.279144,0.25430298,8.283049
52,387.49585,261.4287,379.44028,261.3454,-8.0555725,-0.08331299,8.056004
52,215.70038,479.5038,208.29527,479.43817,-7.4051056,-0.06564331,7.405397
52,447.85815,240.30318,439.73264,240.41307,-8.125519,0.1098938,8.126262
52,452.85135,414.76633,444.9605,415.04584,-7.8908386,0.2795105,7.8957877
52,437.17886,397.94205,428.96063,398.41446,-8.218231,0.4724121,8.231798
52,349.6349,315.20633,341.16888,315.46927,-8.466003,0.26293945,8.470085
52,442.0609,63.492306,442.0721,63.558517,0.011199951,0.0662117,0.06715228
52,352.8102,342.3021,344.8174,342.82996,-7.992798,0.52786255,8.01021
52,360.3804,274.6365,352.17712,275.33725,-8.203278,0.7007446,8.233152
52,469.25775,287.91016,461.24698,287.91714,-8.010773,0.0069885254,8.010776
52,369.02997,400.66763,360.74023,400.88425,-8.289734,0.21661377,8.292563
53,399.2921,347.163,391.81708,347.17487,-7.4750366,0.011871338,7.475046
53,381.8784,347.89322,374.61993,347.92657,-7.2584534,0.033355713,7.25853
53,370.37695,368.7545,363.1877,368.73056,-7.1892395,-0.023925781,7.1892796
53,493.4635,324.8072,485.99326,324.87698,-7.4702454,0.0697937,7.4705715
53,310.34094,146.77048,311.3456,147.758,1.0046692,0.9875183,1.4087415
53,417.6655,242.36409,409.89752,242.42249,-7.767975,0.058395386,7.7681947
53,350.03738,238.83937,342.84647,238.92366,-7.190918,0.08428955,7.191412
53,456.60165,261.73395,449.26764,261.89514,-7.334015,0.16119385,7.335786
53,307.40265,262.50323,299.9059,262.66138,-7.4967346,0.15814209,7.4984026
53,292.1607,208.32172,292.08908,208.56894,-0.071624756,0.2472229,0.25738934
53,301.27985,232.37209,300.27753,232.6391,-1.0023193,0.26701355,1.0372754
53,333.31967,153.73187,334.55795,154.51974,1.2382812,0.7878723,1.4676795
53,495.35455,388.25452,488.04004,388.33923,-7.314514,0.0847168,7.315005
53,1194.4481,435.80524,1193.498,435.72348,-0.95007324,-0.08175659,0.95358443
53,477.13123,312.581,469.51932,312.847,-7.611908,0.2659912,7.616554
53,1255.1066,70.645584,1254.751,71.19598,-0.35559082,0.55039215,0.65526813
53,436.92288,450.89526,429.73047,450.81424,-7.1924133,-0.08102417,7.1928697
53,434.9261,301.2107,427.82516,301.433,-7.1009216,0.22232056,7.104401
53,462.46295,438.30664,455.36972,438.33997,-7.093231,0.033325195,7.0933094
53,282.65726,286.2552,274.98047,286.51895,-7.6767883,0.26376343,7.6813183
53,436.0143,328.05978,428.85764,328.10553,-7.1566772,0.04574585,7.1568236
53,329.09824,316.05875,322.12772,315.84262,-6.97052,-0.21612549,6.97387
53,435.7168,263.45383,428.28763,263.96997,-7.4291687,0.5161438,7.447077
53,503.21832,351.07837,495.98785,351.12524,-7.2304688,0.046875,7.230621
53,474.53125,279.34637,467.3485,279.69437,-7.1827393,0.34799194,7.191164
53,1156.3425,64.36429,1156.4286,64.82766,0.08605957,0.46337128,0.47129524
53,310.6339,227.98311,309.24237,227.62854,-1.3915405,-0.35456848,1.4360027
53,1257.3677,86.72548,1256.9714,87.06927,-0.39624023,0.34378815,0.52459186
53,476.0074,348.92465,469.01938,349.11975,-6.9880066,0.19509888,6.99073
53,422.3713,301.3191,415.14526,301.26993,-7.2260437,-0.04916382,7.226211
53,371.73828,236.33215,365.2285,236.43921,-6.509796,0.107055664,6.5106764
53,464.39368,316.93698,456.85565,316.96915,-7.538025,0.032165527,7.5380936
53,450.07306,362.2521,442.68555,362.35205,-7.387512,0.09994507,7.3881884
53,395.06137,288.29202,387.49084,288.5315,-7.570526,0.23947144,7.5743127
53,464.09396,385.6039,457.08923,385.59158,-7.00473,-0.012329102,7.004741
53,412.99637,402.60623,405.8635,402.4915,-7.1328735,-0.114746094,7.1337967
53,386.69672,385.8368,379.3296,385.89993,-7.3671265,0.06314087,7.367397
53,344.7561,374.67276,337.28653,374.73474,-7.469574,0.0619812,7.469831
53,379.44028,261.3454,371.7845,261.67606,-7.655792,0.33065796,7.6629295
53,208.29527,479.43817,202.1081,479.2546,-6.1871796,-0.18356323,6.1899023
53,439.73264,240.41307,432.4423,240.67485,-7.290344,0.2617798,7.2950425
53,444.9605,415.04584,437.72812,415.25003,-7.2323914,0.20419312,7.2352734
53,428.96063,398.41446,421.7214,398.3867,-7.2392273,-0.027770996,7.23928
53,341.16888,315.46927,333.80084,316.00085,-7.368042,0.5315857,7.3871937
53,442.0721,63.558517,443.06454,64.572975,0.99243164,1.0144577,1.4191705
53,344.8174,342.82996,337.7227,342.55698,-7.0947266,-0.27297974,7.099976
53,352.17712,275.33725,344.2298,275.39175,-7.9473267,0.054504395,7.9475136
53,461.24698,287.91714,453.96036,288.17593,-7.286621,0.25878906,7.2912154
53,360.74023,400.88425,353.31247,401.07077,-7.427765,0.18652344,7.4301066
54,391.81708,347.17487,384.49942,346.95804,-7.3176575,-0.2168274,7.320869
54,374.61993,347.92657,367.15753,347.8039,-7.4624023,-0.122680664,7.463411
54,363.1877,368.73056,355.88602,368.50754,-7.301697,-0.22302246,7.3051023
54,485.99326,324.87698,478.72037,324.85092,-7.272888,-0.026062012,7.272935
54,311.3456,147.758,311.79233,147.77121,0.4467163,0.013214111,0.4469117
54,409.89752,242.42249,402.6353,242.27972,-7.262207,-0.14276123,7.2636104
54,342.84647,238.92366,335.09015,238.83075,-7.756317,-0.09291077,7.7568736
54,449.26764,261.89514,441.60577,261.80035,-7.661865,-0.0947876,7.6624513
54,299.9059,262.66138,292.26868,262.51505,-7.6372375,-0.14633179,7.638639
54,292.08908,208.56894,291.35648,208.5212,-0.732605,-0.04774475,0.7341592
54,300.27753,232.6391,296.26526,233.07321,-4.012268,0.43411255,4.0356846
54,334.55795,154.51974,335.3181,154.7933,0.76016235,0.27355957,0.80788714
54,488.04004,388.33923,480.85995,388.2079,-7.180084,-0.13134766,7.1812854
54,1193.498,435.72348,1193.8425,435.72375,0.34448242,0.0002746582,0.34448254
54,469.51932,312.847,462.15936,312.84894,-7.359955,0.001953125,7.359955
54,1254.751,71.19598,1255.1985,71.18959,0.44750977,-0.006385803,0.44755533
54,429.73047,450.81424,422.47025,450.53287,-7.2602234,-0.28137207,7.2656736
54,427.82516,301.433,420.60016,301.35614,-7.225006,-0.07687378,7.225415
54,455.36972,438.33997,448.11063,438.13037,-7.259094,-0.20959473,7.26212
54,274.98047,286.51895,267.0653,286.65192,-7.915161,0.13296509,7.916278
54,428.85764,328.10553,421.22034,328.10028,-7.6372986,-0.0052490234,7.6373005
54,322.12772,315.84262,314.7209,315.812,-7.40683,-0.03060913,7.4068933
54,428.28763,263.96997,420.54214,264.0556,-7.7454834,0.085632324,7.7459564
54,495.98785,351.12524,488.53717,351.45062,-7.4506836,0.32537842,7.457785
54,467.3485,279.69437,459.92053,279.6593,-7.4279785,-0.035064697,7.4280615
54,1156.4286,64.82766,1156.4846,64.81659,0.056030273,-0.011070251,0.057113413
54,309.24237,227.62854,305.93665,226.78497,-3.305725,-0.8435669,3.41166
54,1256.9714,87.06927,1257.2083,87.26213,0.2368164,0.19286346,0.305415
54,469.01938,349.11975,461.53864,349.12576,-7.4807434,0.006011963,7.480746
54,415.14526,301.26993,407.74026,301.40063,-7.404999,0.13070679,7.4061522
54,365.2285,236.43921,357.0686,236.33554,-8.159882,-0.10366821,8.16054
54,456.85565,316.96915,449.31845,316.9102,-7.537201,-0.05895996,7.5374317
54,442.68555,362.35205,435.36255,362.13727,-7.322998,-0.21478271,7.326147
54,387.49084,288.5315,379.88147,288.48532,-7.609375,-0.046173096,7.609515
54,457.08923,385.59158,449.73633,385.54504,-7.3529053,-0.046539307,7.3530526
54,405.8635,402.4915,398.7963,402.2201,-7.0671997,-0.27139282,7.0724087
54,379.3296,385.89993,371.92416,385.59418,-7.405426,-0.30575562,7.4117355
54,337.28653,374.73474,330.00183,374.26434,-7.2846985,-0.47039795,7.2998705
54,371.7845,261.67606,363.56433,261.72992,-8.220154,0.053863525,8.22033
54,202.1081,479.2546,194.99986,479.23456,-7.1082306,-0.020050049,7.1082587
54,432.4423,240.67485,425.44806,240.64717,-6.994232,-0.027679443,6.994287
54,437.72812,415.25003,430.67596,414.9556,-7.0521545,-0.2944336,7.0582986
54,421.7214,398.3867,414.47433,398.1772,-7.2470703,-0.20950317,7.2500978
54,333.80084,316.00085,326.07742,315.8933,-7.723419,-0.107543945,7.724168
54,443.06454,64.572975,443.24652,64.60812,0.18197632,0.03514862,0.1853397
54,337.7227,342.55698,330.2932,342.5694,-7.429474,0.012420654,7.4294844
54,344.2298,275.39175,336.4847,275.76584,-7.7450867,0.37408447,7.754115
54,453.96036,288.17593,446.49023,288.1282,-7.4701233,-0.047729492,7.470276
54,353.31247,401.07077,346.1769,400.7057,-7.135559,-0.3650818,7.144892
55,384.49942,346.95804,377.9979,346.6268,-6.501526,-0.3312378,6.5099583
55,367.15753,347.8039,360.76477,347.34836,-6.392761,-0.4555359,6.408971
55,355.88602,368.50754,349.62643,367.86203,-6.2595825,-0.6455078,6.292778
55,478.72037,324.85092,472.08185,324.88504,-6.6385193,0.034118652,6.638607
55,311.79233,147.77121,312.68262,148.36584,0.8902893,0.594635,1.07061
55,402.6353,242.27972,396.1806,242.13295,-6.454712,-0.14677429,6.4563804
55,335.09015,238.83075,328.8841,238.54639,-6.2060547,-0.2843628,6.212566
55,441.60577,261.80035,435.28415,261.80267,-6.3216248,0.002319336,6.321625
55,292.26868,262.51505,285.64493,262.40286,-6.623749,-0.11218262,6.6246986
55,291.35648,208.5212,291.6635,208.69366,0.30703735,0.1724701,0.3521617
55,296.26526,233.07321,293.43372,232.89186,-2.831543,-0.18135071,2.8373444
55,335.3181,154.7933,336.29645,155.45853,0.9783325,0.66522217,1.1830702
55,480.85995,388.2079,474.19107,388.34494,-6.6688843,0.13705444,6.6702924
55,1193.8425,435.72375,1193.8313,435.70615,-0.011230469,-0.017608643,0.020885108
55,462.15936,312.84894,455.2602,312.91586,-6.89917,0.06692505,6.8994946
55,1255.1985,71.18959,1254.8164,72.16077,-0.38208008,0.97117615,1.0436323
55,422.47025,450.53287,416.43625,449.57156,-6.0339966,-0.9613037,6.1100917
55,420.60016,301.35614,413.70602,301.30035,-6.8941345,-0.055786133,6.89436
55,448.11063,438.13037,441.94037,437.28757,-6.1702576,-0.84280396,6.2275515
55,267.0653,286.65192,260.39215,286.43353,-6.6731567,-0.21838379,6.676729
55,421.22034,328.10028,414.66525,327.95825,-6.555084,-0.14202881,6.5566225
55,314.7209,315.812,308.56714,315.47382,-6.1537476,-0.3381958,6.163034
55,420.54214,264.0556,413.61627,264.0809,-6.925873,0.025299072,6.925919
55,488.53717,351.45062,481.95337,351.14813,-6.5838013,-0.30249023,6.5907464
55,459.92053,279.6593,453.25775,279.60507,-6.662781,-0.054229736,6.6630015
55,1156.4846,64.81659,1156.4445,65.76752,-0.040161133,0.95092773,0.95177543
55,305.93665,226.78497,304.2933,225.65494,-1.6433411,-1.1300354,1.9943796
55,1257.2083,87.26213,1256.9332,88.37107,-0.2750244,1.1089401,1.1425352
55,461.53864,349.12576,454.94705,349.20663,-6.5915833,0.08087158,6.592079
55,407.74026,301.40063,401.10883,301.35062,-6.631439,-0.05001831,6.631628
55,357.0686,236.33554,351.28693,236.07791,-5.7816772,-0.2576294,5.787414
55,449.31845,316.9102,442.58655,317.05667,-6.731903,0.14648438,6.7334967
55,435.36255,362.13727,428.8566,362.08047,-6.505951,-0.056793213,6.506199
55,379.88147,288.48532,373.16815,288.34396,-6.713318,-0.14135742,6.714806
55,449.73633,385.54504,443.20193,385.0492,-6.5343933,-0.4958496,6.5531797
55,398.7963,402.2201,392.2752,401.52737,-6.5210876,-0.6927185,6.5577774
55,371.92416,385.59418,365.53418,384.99463,-6.389984,-0.59954834,6.4180493
55,330.00183,374.26434,323.85712,373.5771,-6.1447144,-0.68725586,6.183028
55,363.56433,261.72992,356.8409,261.73544,-6.723419,0.0055236816,6.7234216
55,194.99986,479.23456,189.35457,478.89786,-5.645294,-0.33670044,5.6553264
55,425.44806,240.64717,419.28403,240.55167,-6.164032,-0.09550476,6.1647716
55,430.67596,414.9556,424.3404,414.30054,-6.3355713,-0.6550598,6.369346
55,414.47433,398.1772,408.035,397.66107,-6.439331,-0.5161133,6.4599814
55,326.07742,315.8933,319.95047,315.8368,-6.126953,-0.056518555,6.1272135
55,443.24652,64.60812,444.50064,65.418526,1.2541199,0.8104019,1.4931738
55,330.2932,342.5694,324.281,341.95557,-6.012207,-0.61383057,6.0434613
55,336.4847,275.76584,329.7355,275.9859,-6.7492065,0.22006226,6.7527933
55,446.49023,288.1282,439.59167,288.15314,-6.8985596,0.024932861,6.898605
55,346.1769,400.7057,339.89548,400.14044,-6.281433,-0.5652466,6.306814
56,377.9979,346.6268,371.59656,346.09256,-6.4013367,-0.5342407,6.423591
56,360.76477,347.34836,354.34525,346.65955,-6.419525,-0.68881226,6.456374
56,349.62643,367.86203,343.50937,366.93826,-6.1170654,-0.9237671,6.1864233
56,472.08185,324.88504,465.65317,325.16574,-6.4286804,0.28070068,6.4348054
56,312.68262,148.36584,313.09332,148.41452,0.41070557,0.048675537,0.41357994
56,396.1806,242.13295,389.8506,241.60532,-6.330017,-0.52763367,6.3519692
56,328.8841,238.54639,322.7718,237.94737,-6.1123047,-0.5990143,6.141587
56,435.28415,261.80267,429.2078,261.67432,-6.076355,-0.12835693,6.0777106
56,285.64493,262.40286,279.0458,261.93646,-6.599121,-0.46640015,6.6155825
56,291.6635,208.69366,291.36554,208.56891,-0.29797363,-0.12475586,0.32303607
56,293.43372,232.89186,289.74677,232.26321,-3.6869507,-0.62864685,3.7401607
56,336.29645,155.45853,336.56537,155.50473,0.2689209,0.046203613,0.27286118
56,474.19107,388.34494,467.56183,387.9807,-6.629242,-0.3642273,6.6392403
56,1193.8313,435.70615,1193.8973,435.74033,0.06604004,0.034179688,0.07436086
56,455.2602,312.91586,448.7107,312.96735,-6.5494995,0.051483154,6.5497017
56,1254.8164,72.16077,1254.9211,72.06962,0.10473633,-0.09114838,0.13884425
56,416.43625,449.57156,409.8474,448.6664,-6.5888367,-0.90515137,6.650719
56,413.70602,301.30035,407.14655,301.17072,-6.5594788,-0.12963867,6.5607595
56,441.94037,437.28757,434.8659,437.02692,-7.074463,-0.26065063,7.079263
56,260.39215,286.43353,253.66362,285.29623,-6.728531,-1.1372986,6.823971
56,414.66525,327.95825,408.1214,327.47412,-6.5438538,-0.48413086,6.561738
56,308.56714,315.47382,302.04718,314.42853,-6.5199585,-1.0452881,6.6032176
56,413.61627,264.0809,406.99606,264.19812,-6.6202087,0.11721802,6.6212463
56,481.95337,351.14813,475.31973,351.33347,-6.6336365,0.18533325,6.636225
56,453.25775,279.60507,447.11066,279.81662,-6.1470947,0.21154785,6.150734
56,1156.4445,65.76752,1156.3953,65.7108,-0.049194336,-0.05671692,0.07507923
56,304.2933,225.65494,301.59387,224.97562,-2.6994324,-0.6793213,2.783597
56,1256.9332,88.37107,1257.0251,88.27927,0.091918945,-0.091804504,0.12991212
56,454.94705,349.20663,448.08975,349.06305,-6.8573,-0.1435852,6.858803
56,401.10883,301.35062,394.32468,300.97726,-6.784149,-0.37335205,6.794415
56,351.28693,236.07791,345.30594,235.44829,-5.9809875,-0.6296234,6.014037
56,442.58655,317.05667,435.92133,316.98685,-6.665222,-0.06982422,6.665588
56,428.8566,362.08047,422.30692,361.73834,-6.5496826,-0.34213257,6.5586123
56,373.16815,288.34396,366.46713,288.2934,-6.7010193,-0.050567627,6.70121
56,443.20193,385.0492,436.6006,384.8056,-6.601349,-0.24359131,6.6058416
56,392.2752,401.52737,385.80554,400.568,-6.4696655,-0.9593811,6.5404115
56,365.53418,384.99463,359.19415,384.19485,-6.340027,-0.79977417,6.390272
56,323.85712,373.5771,317.8225,372.5927,-6.034607,-0.984375,6.114366
56,356.8409,261.73544,350.207,261.95,-6.633911,0.21456909,6.63738
56,189.35457,478.89786,181.89241,478.8791,-7.462158,-0.01876831,7.4621816
56,419.28403,240.55167,413.12067,240.03546,-6.1633606,-0.51620483,6.18494
56,424.3404,414.30054,417.71216,413.76968,-6.628235,-0.5308533,6.649459
56,408.035,397.66107,401.91318,397.13333,-6.121826,-0.5277405,6.1445317
56,319.95047,315.8368,313.27228,315.27698,-6.678192,-0.55981445,6.701615
56,444.50064,65.418526,444.29904,65.34268,-0.20159912,-0.07584381,0.2153938
56,324.281,341.95557,317.6492,340.95685,-6.6318054,-0.99871826,6.706585
56,329.7355,275.9859,323.48978,275.66095,-6.2457275,-0.32495117,6.254175
56,439.59167,288.15314,433.0141,288.53842,-6.5775757,0.38528442,6.5888505
56,339.89548,400.14044,333.7237,398.84512,-6.1717834,-1.2953186,6.3062477
57,371.59656,346.09256,366.0208,345.35278,-5.5757446,-0.7397766,5.6246066
57,354.34525,346.65955,349.04675,345.70447,-5.2984924,-0.9550781,5.383883
57,343.50937,366.93826,338.32916,365.80582,-5.1802063,-1.1324463,5.302544
57,465.65317,325.16574,460.09604,325.5567,-5.557129,0.3909607,5.5708647
57,313.09332,148.41452,314.17267,149.19144,1.0793457,0.7769165,1.3298821
57,389.8506,241.60532,384.8886,241.29346,-4.961975,-0.31185913,4.9717655
57,322.7718,237.94737,317.65076,237.51552,-5.1210327,-0.43185425,5.1392093
57,429.2078,261.67432,424.1893,261.7014,-5.0184937,0.027069092,5.0185666
57,279.0458,261.93646,274.27792,261.16397,-4.7678833,-0.77249146,4.8300576
57,291.36554,208.56891,292.23828,208.59409,0.8727417,0.025177002,0.8731048
57,289.74677,232.26321,285.61206,232.77498,-4.1347046,0.5117645,4.1662555
57,336.56537,155.50473,337.88766,155.94913,1.3222961,0.44439697,1.3949752
57,467.56183,387.9807,461.60114,387.9047,-5.9606934,-0.07601929,5.9611783
57,1193.8973,435.74033,1193.3586,435.70703,-0.5386963,-0.033294678,0.5397242
57,448.7107,312.96735,442.82892,313.28476,-5.881775,0.31741333,5.890333
57,1254.9211,72.06962,1254.809,72.398705,-0.11218262,0.3290863,0.34768194
57,409.8474,448.6664,404.84933,447.01294,-4.9980774,-1.6534729,5.26448
57,407.14655,301.17072,401.61124,301.137,-5.535309,-0.033721924,5.5354114
57,434.8659,437.02692,429.3977,435.76178,-5.4682007,-1.2651367,5.6126456
57,253.66362,285.29623,248.28125,284.39972,-5.38237,-0.8965149,5.4565234
57,408.1214,327.47412,402.4321,327.45294,-5.6893005,-0.0211792,5.68934
57,302.04718,314.42853,297.25394,313.12878,-4.7932434,-1.2997437,4.966338
57,406.99606,264.19812,401.35635,264.15417,-5.6397095,-0.043945312,5.6398807
57,475.31973,351.33347,469.51382,351.91006,-5.805908,0.5765991,5.8344693
57,447.11066,279.81662,441.70493,279.85526,-5.405731,0.038635254,5.4058695
57,1156.3953,65.7108,1156.171,66.08481,-0.22424316,0.37400818,0.43608156
57,301.59387,224.97562,297.6489,226.10742,-3.9449768,1.1318054,4.104123
57,1257.0251,88.27927,1256.8639,88.333694,-0.16125488,0.0544281,0.1701927
57,448.08975,349.06305,442.24326,348.86658,-5.8464966,-0.19647217,5.849797
57,394.32468,300.97726,388.8371,301.04898,-5.4875793,0.07171631,5.488048
57,345.30594,235.44829,340.21512,234.81639,-5.0908203,-0.631897,5.1298876
57,435.92133,316.98685,430.1668,317.11902,-5.7545166,0.13217163,5.756034
57,422.30692,361.73834,416.65274,361.28308,-5.654175,-0.45526123,5.6724734
57,366.46713,288.2934,361.02618,288.26895,-5.4409485,-0.02444458,5.4410033
57,436.6006,384.8056,430.47394,384.40707,-6.126648,-0.39852905,6.139596
57,385.80554,400.568,380.4455,399.42932,-5.3600464,-1.1386719,5.4796596
57,359.19415,384.19485,353.9723,383.01266,-5.221863,-1.18219,5.35401
57,317.8225,372.5927,312.64993,371.23706,-5.172577,-1.3556519,5.3472743
57,350.207,261.95,344.5698,261.84753,-5.637207,-0.10247803,5.6381383
57,181.89241,478.8791,176.80441,478.49265,-5.0879974,-0.3864441,5.102652
57,413.12067,240.03546,408.43396,239.82574,-4.6867065,-0.2097168,4.691396
57,417.71216,413.76968,412.00806,412.95813,-5.7041016,-0.81155396,5.761544
57,401.91318,397.13333,396.0966,396.10938,-5.8165894,-1.0239563,5.90603
57,313.27228,315.27698,308.35193,314.3548,-4.920349,-0.9221802,5.0060215
57,444.29904,65.34268,445.64642,66.024086,1.3473816,0.6814041,1.5098836
57,317.6492,340.95685,312.59918,339.77853,-5.0500183,-1.1783142,5.1856637
57,323.48978,275.66095,318.1277,275.44672,-5.362091,-0.2142334,5.3663692
57,433.0141,288.53842,427.40598,288.6552,-5.608124,0.11679077,5.6093397
57,333.7237,398.84512,328.66895,397.0962,-5.0547485,-1.7489319,5.348761
58,366.0208,345.35278,360.56113,344.83478,-5.4596863,-0.5180054,5.484205
58,349.04675,345.70447,343.62906,345.05603,-5.417694,-0.6484375,5.4563613
58,338.32916,365.80582,332.95053,364.89316,-5.3786316,-0.9126587,5.4555135
58,460.09604,325.5567,454.46393,326.08676,-5.6321106,0.5300598,5.6569986
58,314.17267,149.19144,314.28708,149.25006,0.1144104,0.058624268,0.12855561
58,384.8886,241.29346,380.0749,240.88358,-4.8137207,-0.4098816,4.8311396
58,317.65076,237.51552,312.72964,236.96223,-4.921112,-0.5532837,4.9521174
58,424.1893,261.7014,419.3412,261.84125,-4.848114,0.13986206,4.850131
58,274.27792,261.16397,269.26978,260.2909,-5.008148,-0.8730774,5.083681
58,292.23828,208.59409,291.70233,208.25597,-0.5359497,-0.3381195,0.63369304
58,285.61206,232.77498,281.96542,231.09056,-3.646637,-1.6844177,4.016867
58,337.88766,155.94913,338.00833,156.01598,0.120666504,0.066848755,0.13794622
58,461.60114,387.9047,455.61896,388.3423,-5.9821777,0.43759155,5.998161
58,1193.3586,435.70703,1193.4331,435.80212,0.07446289,0.09509277,0.120778136
58,442.82892,313.28476,437.332,313.83374,-5.4969177,0.5489807,5.5242634
58,1254.809,72.398705,1254.9493,72.41023,0.14038086,0.011528015,0.1408534
58,404.84933,447.01294,399.36847,446.21622,-5.4808655,-0.7967224,5.5384703
58,401.61124,301.137,396.01276,301.31384,-5.59848,0.17684937,5.6012726
58,429.3977,435.76178,423.2415,435.4965,-6.1562195,-0.2652893,6.161933
58,248.28125,284.39972,243.18388,283.17807,-5.0973663,-1.2216492,5.2417145
58,402.4321,327.45294,396.8117,327.44684,-5.620392,-0.0061035156,5.620395
58,297.25394,313.12878,292.20117,312.2308,-5.052765,-0.89797974,5.1319394
58,401.35635,264.15417,395.7149,264.57446,-5.641449,0.4202881,5.657083
58,469.51382,351.91006,463.9718,352.79718,-5.5420227,0.8871155,5.612574
58,441.70493,279.85526,436.63083,280.16556,-5.0740967,0.31030273,5.083576
58,1156.171,66.08481,1156.2079,66.03876,0.036865234,-0.046051025,0.058989342
58,297.6489,226.10742,293.9347,225.26001,-3.714203,-0.8474121,3.809647
58,1256.8639,88.333694,1257.0166,88.754654,0.15270996,0.42095947,0.44780263
58,442.24326,348.86658,436.49988,349.03885,-5.7433777,0.17227173,5.7459607
58,388.8371,301.04898,383.28732,300.80273,-5.549774,-0.24624634,5.5552344
58,340.21512,234.81639,335.25845,234.31398,-4.956665,-0.5024109,4.9820623
58,430.1668,317.11902,424.53998,317.31738,-5.626831,0.19836426,5.6303267
58,416.65274,361.28308,410.95444,361.2505,-5.698303,-0.032592773,5.698396
58,361.02618,288.26895,355.5892,287.9643,-5.436981,-0.30465698,5.44551
58,430.47394,384.40707,424.8165,384.31778,-5.65744,-0.08929443,5.658145
58,380.4455,399.42932,374.93216,398.91086,-5.513336,-0.51846313,5.53766
58,353.9723,383.01266,348.51993,382.26733,-5.452362,-0.7453308,5.503069
58,312.64993,371.23706,307.7847,369.8333,-4.8652344,-1.4037476,5.0636954
58,344.5698,261.84753,339.25757,261.9096,-5.3122253,0.062072754,5.3125877
58,176.80441,478.49265,171.38432,478.6936,-5.4200897,0.20095825,5.423814
58,408.43396,239.82574,403.373,239.46777,-5.060974,-0.3579712,5.0736184
58,412.00806,412.95813,406.23276,412.53513,-5.775299,-0.42300415,5.7907696
58,396.0966,396.10938,390.5298,395.53757,-5.566803,-0.57180786,5.596093
58,308.35193,314.3548,303.37885,313.72678,-4.9730835,-0.62802124,5.0125813
58,445.64642,66.024086,445.99313,66.04906,0.3467102,0.024971008,0.3476083
58,312.59918,339.77853,307.15753,338.54462,-5.4416504,-1.2339172,5.579795
58,318.1277,275.44672,312.62296,275.34512,-5.50473,-0.10159302,5.5056677
58,427.40598,288.6552,421.86346,289.08398,-5.542511,0.42877197,5.559071
58,328.66895,397.0962,323.6147,396.08066,-5.0542603,-1.0155334,5.1552744
59,360.56113,344.83478,356.65463,345.0397,-3.9064941,0.20492554,3.9118652
59,343.62906,345.05603,339.68457,345.15128,-3.9444885,0.09524536,3.9456382
59,332.95053,364.89316,328.98517,364.96942,-3.9653625,0.07626343,3.966096
59,454.46393,326.08676,450.222,326.54413,-4.2419434,0.45736694,4.2665286
59,314.28708,149.25006,315.5663,149.82661,1.2792358,0.57655334,1.4031601
59,380.0749,240.88358,376.18082,241.32988,-3.8940735,0.44630432,3.9195657
59,312.72964,236.96223,308.6948,237.33226,-4.034851,0.37002563,4.0517826
59,419.3412,261.84125,415.3582,262.23352,-3.9830017,0.39227295,4.002272
59,269.26978,260.2909,265.33008,260.4708,-3.9396973,0.17990112,3.9438026
59,291.70233,208.25597,292.31445,208.80994,0.6121216,0.55397034,0.8255761
59,281.96542,231.09056,278.05426,231.07658,-3.9111633,-0.013977051,3.9111884
59,338.00833,156.01598,339.04282,156.72809,1.0344849,0.7121124,1.2558913
59,455.61896,388.3423,451.40726,388.5622,-4.2117004,0.21990967,4.2174377
59,1193.4331,435.80212,1192.8505,435.79517,-0.5826416,-0.006958008,0.58268315
59,437.332,313.83374,433.24316,314.21573,-4.0888367,0.38198853,4.1066413
59,1254.9493,72.41023,1254.5946,73.19142,-0.35473633,0.78118896,0.8579592
59,399.36847,446.21622,394.68784,446.3176,-4.6806335,0.101379395,4.6817317
59,396.01276,301.31384,392.12668,301.57443,-3.886078,0.2605896,3.8948054
59,423.2415,435.4965,419.1534,435.4728,-4.0880737,-0.02368164,4.0881424
59,243.18388,283.17807,239.38641,283.44327,-3.79747,0.26519775,3.8067188
59,396.8117,327.44684,392.86673,327.62012,-3.9449768,0.17327881,3.9487805
59,292.20117,312.2308,288.2735,312.2575,-3.9276733,0.02670288,3.9277642
59,395.7149,264.57446,391.70816,264.86594,-4.0067444,0.2914734,4.017332
59,463.9718,352.79718,459.88702,353.36716,-4.084778,0.5699768,4.1243525
59,436.63083,280.16556,432.55084,280.7276,-4.0799866,0.56204224,4.118517
59,1156.2079,66.03876,1155.4014,66.90883,-0.80651855,0.8700714,1.1863796
59,293.9347,225.26001,289.38977,225.74956,-4.544922,0.48954773,4.5712113
59,1257.0166,88.754654,1256.6135,89.50885,-0.40307617,0.75419617,0.8551504
59,436.49988,349.03885,432.40515,349.28555,-4.0947266,0.2467041,4.102152
59,383.28732,300.80273,379.2791,301.02783,-4.008209,0.22509766,4.014525
59,335.25845,234.31398,331.3746,234.61354,-3.88385,0.29956055,3.8953855
59,424.53998,317.31738,420.37582,317.7669,-4.164154,0.44952393,4.1883473
59,410.95444,361.2505,406.68445,361.23282,-4.269989,-0.017669678,4.2700257
59,355.5892,287.9643,351.51218,288.54092,-4.0770264,0.57662964,4.117602
59,424.8165,384.31778,420.57043,384.51562,-4.246063,0.19784546,4.25067
59,374.93216,398.91086,370.71118,398.94717,-4.220978,0.036315918,4.221134
59,348.51993,382.26733,344.6609,382.342,-3.8590393,0.07467651,3.8597617
59,307.7847,369.8333,303.88684,369.83078,-3.8978577,-0.002532959,3.8978586
59,339.25757,261.9096,335.2085,262.1501,-4.0490723,0.24047852,4.056207
59,171.38432,478.6936,169.98767,478.42862,-1.3966522,-0.26498413,1.4215674
59,403.373,239.46777,399.57385,239.87878,-3.7991333,0.41101074,3.8213012
59,406.23276,412.53513,402.30365,412.59656,-3.9291077,0.061431885,3.9295878
59,390.5298,395.53757,386.62445,395.6453,-3.9053345,0.10772705,3.90682
59,303.37885,313.72678,299.3141,313.77322,-4.0647583,0.046447754,4.065024
59,445.99313,66.04906,446.527,66.91736,0.5338745,0.8683014,1.0192984
59,307.15753,338.54462,303.27832,338.61392,-3.8792114,0.06930542,3.8798306
59,312.62296,275.34512,308.81754,275.67694,-3.80542,0.33181763,3.819859
59,421.86346,289.08398,417.9278,289.32114,-3.935669,0.2371521,3.9428077
59,323.6147,396.08066,319.44736,395.9299,-4.167328,-0.15075684,4.170054
60,356.65463,345.0397,354.18338,345.09485,-2.4712524,0.055145264,2.4718676
60,339.68457,345.15128,337.1432,345.26178,-2.5413818,0.11050415,2.5437832
60,328.98517,364.96942,326.3187,365.07422,-2.6664734,0.10479736,2.668532
60,450.222,326.54413,447.565,326.80225,-2.6569824,0.25811768,2.6694906
60,315.5663,149.82661,294.549,149.0856,-21.017303,-0.7410126,21.030363
60,376.18082,241.32988,373.22305,241.34352,-2.9577637,0.013641357,2.9577951
60,308.6948,237.33226,306.2533,237.44891,-2.4414978,0.11665344,2.444283
60,415.3582,262.23352,412.57452,262.17984,-2.783661,-0.05368042,2.7841785
60,265.33008,260.4708,262.74884,260.76514,-2.5812378,0.29434204,2.5979657
60,292.31445,208.80994,291.6569,208.4467,-0.65756226,-0.36323547,0.7512178
60,278.05426,231.07658,274.3169,231.65909,-3.7373657,0.5825043,3.7824879
60,339.04282,156.72809,329.17426,154.32338,-9.868561,-2.4047089,10.157318
60,451.40726,388.5622,448.90356,388.6289,-2.5036926,0.066711426,2.5045812
60,1192.8505,435.79517,1192.9685,435.95862,0.11804199,0.16345215,0.20161973
60,433.24316,314.21573,430.8344,314.11426,-2.4087524,-0.10147095,2.4108887
60,1254.5946,73.19142,1254.5991,73.30664,0.0045166016,0.115219116,0.11530761
60,394.68784,446.3176,392.35538,446.36542,-2.3324585,0.047821045,2.3329487
60,392.12668,301.57443,389.59338,301.6128,-2.5332947,0.038360596,2.533585
60,419.1534,435.4728,416.79987,435.5277,-2.3535461,0.054901123,2.3541863
60,239.38641,283.44327,237.31854,283.41235,-2.067871,-0.030914307,2.0681021
60,392.86673,327.62012,390.1552,328.01865,-2.7115173,0.39852905,2.740648
60,288.2735,312.2575,285.59256,312.32837,-2.6809387,0.07086182,2.681875
60,391.70816,264.86594,388.99905,265.25504,-2.7091064,0.38909912,2.7369063
60,459.88702,353.36716,457.3266,353.21155,-2.5604248,-0.15560913,2.565149
60,432.55084,280.7276,429.83624,280.7354,-2.7145996,0.0078125,2.7146108
60,1155.4014,66.90883,1155.3136,67.201355,-0.087768555,0.29252625,0.30540943
60,289.38977,225.74956,285.92072,226.12065,-3.4690552,0.37109375,3.488847
60,1256.6135,89.50885,1256.6324,89.26599,0.018920898,-0.24285889,0.24359483
60,432.40515,349.28555,429.81024,349.38483,-2.5949097,0.09927368,2.596808
60,379.2791,301.02783,376.39026,301.2131,-2.888855,0.18527222,2.89479
60,331.3746,234.61354,328.99463,234.7171,-2.3799744,0.1035614,2.3822265
60,420.37582,317.7669,417.66623,317.894,-2.7095947,0.12710571,2.7125742
60,406.68445,361.23282,403.95602,361.3154,-2.728424,0.08258057,2.7296736
60,351.51218,288.54092,348.93518,288.5765,-2.5769958,0.035583496,2.5772414
60,420.57043,384.51562,418.0011,384.5014,-2.569336,-0.014221191,2.5693753
60,370.71118,398.94717,368.1983,399.04196,-2.5128784,0.0947876,2.5146656
60,344.6609,382.342,342.2427,382.44397,-2.4181824,0.10195923,2.420331
60,303.88684,369.83078,301.3833,369.94647,-2.50354,0.11569214,2.5062118
60,335.2085,262.1501,332.59457,262.13593,-2.613922,-0.014160156,2.6139605
60,169.98767,478.42862,168.02174,478.81503,-1.9659271,0.38641357,2.0035431
60,399.57385,239.87878,397.11655,240.01988,-2.457306,0.14109802,2.4613535
60,402.30365,412.59656,399.8809,412.5723,-2.42276,-0.024261475,2.4228814
60,386.62445,395.6453,384.07224,395.71002,-2.5522156,0.06472778,2.5530362
60,299.3141,313.77322,296.78198,313.40475,-2.5321045,-0.36846924,2.5587738
60,446.527,66.91736,446.52563,67.44558,-0.001373291,0.52822113,0.5282229
60,303.27832,338.61392,300.62323,338.76205,-2.6550903,0.14813232,2.6592195
60,308.81754,275.67694,306.2965,275.58487,-2.5210266,-0.09207153,2.5227072
60,417.9278,289.32114,415.4517,289.19315,-2.4761047,-0.12799072,2.4794104
60,319.44736,395.9299,317.18515,395.9497,-2.262207,0.019805908,2.2622938
61,354.18338,345.09485,353.8054,345.11792,-0.37799072,0.023071289,0.37869415
61,337.1432,345.26178,336.69467,345.36063,-0.44851685,0.098846436,0.45927984
61,326.3187,365.07422,325.90347,365.2875,-0.41522217,0.21328735,0.4667986
61,447.565,326.80225,447.09283,326.76385,-0.47216797,-0.038391113,0.47372615
61,373.22305,241.34352,372.41638,241.29617,-0.80667114,-0.047348022,0.8080595
61,306.2533,237.44891,305.65353,237.60608,-0.59976196,0.15716553,0.62001246
61,412.57452,262.17984,411.83917,262.03668,-0.73535156,-0.14315796,0.74915695
61,262.74884,260.76514,262.41437,260.80377,-0.33447266,0.038635254,0.33669665
61,291.6569,208.4467,291.34854,208.09311,-0.3083496,-0.35359192,0.46915534
61,274.3169,231.65909,272.1587,230.98872,-2.1582031,-0.6703644,2.259918
61,329.17426,154.32338,317.4898,149.11568,-11.684448,-5.2077026,12.792439
61,448.90356,388.6289,448.59528,388.50626,-0.30828857,-0.12265015,0.33179045
61,1192.9685,435.95862,1193.3777,436.0982,0.4091797,0.1395874,0.43233398
61,430.8344,314.11426,430.661,313.77222,-0.17340088,-0.34204102,0.38348392
61,1254.5991,73.30664,1255.0781,73.54384,0.4790039,0.23719788,0.5345162
61,392.35538,446.36542,391.8054,446.4489,-0.5499878,0.083496094,0.5562896
61,389.59338,301.6128,389.44336,301.28873,-0.15002441,-0.32406616,0.3571081
61,416.79987,435.5277,416.56412,435.49042,-0.23574829,-0.03729248,0.23867968
61,237.31854,283.41235,237.8268,283.32687,0.508255,-0.08547974,0.515393
61,390.1552,328.01865,389.3736,328.01883,-0.7816162,0.00018310547,0.7816162
61,285.59256,312.32837,285.05576,312.5546,-0.5368042,0.2262268,0.5825267
61,388.99905,265.25504,388.2839,265.51917,-0.7151489,0.26412964,0.7623664
61,457.3266,353.21155,456.98648,353.25455,-0.3401184,0.042999268,0.3428257
61,429.83624,280.7354,429.18872,280.60785,-0.647522,-0.12756348,0.65996754
61,1155.3136,67.201355,1155.4556,67.56785,0.14196777,0.36649323,0.39302942
61,285.92072,226.12065,282.94867,226.62247,-2.972046,0.5018158,3.0141127
61,1256.6324,89.26599,1257.1384,88.53883,0.50598145,-0.7271576,0.88587546
61,429.81024,349.38483,429.14304,349.21478,-0.6672058,-0.17004395,0.6885336
61,376.39026,301.2131,375.61816,301.43622,-0.7720947,0.22311401,0.80368537
61,328.99463,234.7171,328.46964,234.85666,-0.5249939,0.13955688,0.5432262
61,417.66623,317.894,417.07077,317.7038,-0.595459,-0.19021606,0.6251028
61,403.95602,361.3154,403.28287,361.11707,-0.67315674,-0.19833374,0.70176655
61,348.93518,288.5765,348.76657,288.3456,-0.16860962,-0.230896,0.28590587
61,418.0011,384.5014,417.5772,384.45178,-0.42388916,-0.049621582,0.42678368
61,368.1983,399.04196,367.715,399.12692,-0.48330688,0.08496094,0.49071774
61,342.2427,382.44397,342.14282,382.43652,-0.09988403,-0.007446289,0.10016121
61,301.3833,369.94647,301.32892,369.98883,-0.054382324,0.0423584,0.06893237
61,332.59457,262.13593,332.07117,261.96277,-0.523407,-0.17315674,0.55130583
61,168.02174,478.81503,167.1212,479.40915,-0.9005432,0.5941162,1.0788661
61,397.11655,240.01988,396.57797,240.05597,-0.5385742,0.036087036,0.53978187
61,399.8809,412.5723,399.49472,412.70218,-0.38616943,0.12988281,0.40742654
61,384.07224,395.71002,384.03903,395.68692,-0.033203125,-0.023101807,0.04044924
61,296.78198,313.40475,296.31168,313.09152,-0.4703064,-0.31323242,0.5650687
61,446.52563,67.44558,441.03528,67.592224,-5.4903564,0.14664459,5.492315
61,300.62323,338.76205,299.9581,338.694,-0.6651306,-0.0680542,0.6686031
61,306.2965,275.58487,305.89352,275.6063,-0.40298462,0.02142334,0.40355366
61,415.4517,289.19315,415.21237,288.91602,-0.23931885,-0.27713013,0.366162
61,317.18515,395.9497,317.08023,396.01782,-0.10491943,0.068115234,0.12509106
62,353.8054,345.11792,352.83432,345.21628,-0.97106934,0.098358154,0.97603786
62,336.69467,345.36063,335.60638,345.36804,-1.0882874,0.0074157715,1.0883126
62,325.90347,365.2875,324.64417,365.40216,-1.2593079,0.11465454,1.2645165
62,447.09283,326.76385,446.51157,326.9171,-0.5812683,0.15325928,0.60113335
62,372.41638,241.29617,371.1876,240.7902,-1.2287903,-0.5059662,1.328882
62,305.65353,237.60608,303.99722,237.36172,-1.656311,-0.24435425,1.6742387
62,411.83917,262.03668,410.94083,261.5741,-0.89834595,-0.46258545,1.0104507
62,262.41437,260.80377,261.18936,260.46094,-1.2250061,-0.34283447,1.2720752
62,291.34854,208.09311,289.48465,207.16827,-1.8638916,-0.9248352,2.080724
62,272.1587,230.98872,268.80548,228.39088,-3.3532104,-2.5978394,4.241791
62,317.4898,149.11568,303.0691,147.98636,-14.420715,-1.1293182,14.464868
62,448.59528,388.50626,447.8428,388.507,-0.7524719,0.0007324219,0.7524723
62,1193.3777,436.0982,1195.1805,437.10828,1.8028564,1.0100708,2.0665271
62,430.661,313.77222,430.32983,313.42596,-0.33117676,-0.34625244,0.4791334
62,1255.0781,73.54384,1256.9314,73.004776,1.8532715,-0.5390625,1.9300786
62,391.8054,446.4489,390.82657,447.004,-0.9788208,0.5550842,1.1252594
62,389.44336,301.28873,388.90826,300.91055,-0.5350952,-0.37817383,0.6552422
62,416.56412,435.49042,416.0527,435.71988,-0.5114136,0.22946167,0.56053233
62,237.8268,283.32687,237.46771,282.99353,-0.35908508,-0.3333435,0.48995918
62,389.3736,328.01883,388.27676,328.20404,-1.0968323,0.18521118,1.1123598
62,285.05576,312.5546,283.48965,312.513,-1.5661011,-0.04159546,1.5666534
62,388.2839,265.51917,387.01193,265.43152,-1.2719727,-0.087646484,1.2749888
62,456.98648,353.25455,456.3623,353.43774,-0.624176,0.18319702,0.65050507
62,429.18872,280.60785,428.23825,280.11963,-0.95047,-0.4882202,1.068528
62,1155.4556,67.56785,1156.525,67.21481,1.069458,-0.35303497,1.1262212
62,282.94867,226.62247,275.26797,229.23717,-7.6806946,2.6147003,8.113552
62,1257.1384,88.53883,1258.832,87.950356,1.6936035,-0.5884781,1.7929304
62,429.14304,349.21478,428.2812,349.23676,-0.8618469,0.021972656,0.862127
62,375.61816,301.43622,374.419,301.49484,-1.1991577,0.058624268,1.2005899
62,328.46964,234.85666,326.3997,234.51253,-2.0699463,-0.34413147,2.0983574
62,417.07077,317.7038,416.00058,317.58594,-1.0701904,-0.11785889,1.0766608
62,403.28287,361.11707,402.47592,361.21417,-0.8069458,0.09710693,0.8127677
62,348.76657,288.3456,347.7387,287.68054,-1.0278625,-0.6650696,1.2242626
62,417.5772,384.45178,416.41547,384.68045,-1.1617432,0.22866821,1.1840339
62,367.715,399.12692,366.35867,399.538,-1.3563232,0.41107178,1.4172482
62,342.14282,382.43652,341.44974,382.6362,-0.6930847,0.19967651,0.7212747
62,301.32892,369.98883,300.27832,370.20895,-1.0505981,0.22012329,1.0734107
62,332.07117,261.96277,330.9597,261.44467,-1.1114807,-0.5180969,1.2263008
62,167.1212,479.40915,164.99055,480.30435,-2.1306458,0.89520264,2.3110688
62,396.57797,240.05597,395.76114,239.63329,-0.8168335,-0.42268372,0.91971654
62,399.49472,412.70218,398.81158,413.12158,-0.683136,0.41940308,0.80160695
62,384.03903,395.68692,383.3019,395.8848,-0.7371216,0.19787598,0.76321894
62,296.31168,313.09152,295.14203,312.46698,-1.1696472,-0.62454224,1.3259441
62,441.03528,67.592224,436.6008,66.970085,-4.4344788,-0.622139,4.4779077
62,299.9581,338.694,298.30255,338.82916,-1.6555481,0.13516235,1.6610564
62,305.89352,275.6063,304.97043,274.8769,-0.9230957,-0.72940063,1.1764909
62,415.21237,288.91602,414.78784,288.36438,-0.42453003,-0.55163574,0.69608027
62,317.08023,396.01782,316.13474,396.06555,-0.9454956,0.047729492,0.94669956
63,352.83432,345.21628,353.29956,345.21365,0.46524048,-0.0026245117,0.46524787
63,335.60638,345.36804,335.9004,345.41122,0.29400635,0.043182373,0.29716063
63,324.64417,365.40216,324.91483,365.48337,0.2706604,0.081207275,0.28258038
63,446.51157,326.9171,446.55624,327.02426,0.044677734,0.10714722,0.116088875
63,371.1876,240.7902,370.99475,240.75937,-0.19284058,-0.030838013,0.19529073
63,303.99722,237.36172,304.24545,237.43658,0.24822998,0.07485962,0.25927222
63,410.94083,261.5741,410.80685,261.49792,-0.13397217,-0.076171875,0.1541126
63,261.18936,260.46094,261.76282,260.46863,0.5734558,0.0076904297,0.57350737
63,289.48465,207.16827,287.89667,206.52815,-1.5879822,-0.64012146,1.7121457
63,268.80548,228.39088,266.29037,228.29012,-2.5151062,-0.10076904,2.5171242
63,447.8428,388.507,448.12366,388.56152,0.28085327,0.054534912,0.28609896
63,1195.1805,437.10828,1195.0936,437.0395,-0.08691406,-0.06878662,0.11084067
63,430.32983,313.42596,430.80594,313.27988,0.47610474,-0.14608765,0.49801338
63,1256.9314,73.004776,1256.9843,73.1517,0.052856445,0.14692688,0.15614516
63,390.82657,447.004,391.05035,447.00137,0.2237854,-0.0026245117,0.2238008
63,388.90826,300.91055,389.167,300.72852,0.25872803,-0.18203735,0.31635073
63,416.0527,435.71988,416.0954,435.70746,0.04269409,-0.012420654,0.044464123
63,237.46771,282.99353,238.35652,282.74988,0.8888092,-0.24365234,0.92160094
63,388.27676,328.20404,388.1579,328.15784,-0.11886597,-0.046203613,0.12752996
63,283.48965,312.513,283.46454,312.54333,-0.025115967,0.030334473,0.039382637
63,387.01193,265.43152,387.09494,265.61743,0.08300781,0.18591309,0.2036025
63,456.3623,353.43774,456.51425,353.3331,0.15194702,-0.104644775,0.18449506
63,428.23825,280.11963,428.27908,280.09427,0.04083252,-0.025360107,0.04806693
63,1156.525,67.21481,1156.3396,67.59906,-0.1854248,0.38424683,0.42664737
63,275.26797,229.23717,272.9292,230.26514,-2.3387756,1.0279694,2.5547197
63,1258.832,87.950356,1258.8229,87.69061,-0.009155273,-0.25974274,0.25990403
63,428.2812,349.23676,428.1469,349.15668,-0.13427734,-0.080078125,0.15634228
63,374.419,301.49484,374.3671,301.71005,-0.0519104,0.21520996,0.22138205
63,326.3997,234.51253,326.89606,234.57474,0.4963684,0.062210083,0.5002516
63,416.00058,317.58594,415.8302,317.6662,-0.17037964,0.08026123,0.18833768
63,402.47592,361.21417,402.46048,361.09442,-0.0154418945,-0.11975098,0.120742485
63,347.7387,287.68054,347.9956,287.52264,0.25689697,-0.15789795,0.3015424
63,416.41547,384.68045,416.62045,384.44885,0.20498657,-0.2315979,0.30928478
63,366.35867,399.538,366.33563,399.51688,-0.023040771,-0.021118164,0.031254664
63,341.44974,382.6362,342.1344,382.52902,0.68466187,-0.107177734,0.69299996
63,300.27832,370.20895,300.71332,370.13043,0.43499756,-0.07852173,0.44202775
63,330.9597,261.44467,331.54288,261.26385,0.5831909,-0.18081665,0.61057866
63,164.99055,480.30435,164.71945,480.92505,-0.2711029,0.620697,0.6773194
63,395.76114,239.63329,395.79703,239.61687,0.035888672,-0.016418457,0.039465968
63,398.81158,413.12158,398.92758,413.10474,0.115997314,-0.016845703,0.11721414
63,383.3019,395.8848,383.51108,395.85672,0.20916748,-0.028076172,0.21104337
63,295.14203,312.46698,295.449,312.24112,0.30697632,-0.2258606,0.38111344
63,436.6008,66.970085,430.05652,67.18753,-6.544281,0.21744537,6.5478926
63,298.30255,338.82916,298.166,338.93347,-0.13656616,0.10430908,0.17184499
63,304.97043,274.8769,305.4776,274.7329,0.50717163,-0.14398193,0.5272133
63,414.78784,288.36438,415.31653,288.31653,0.5286865,-0.047851562,0.5308476
63,316.13474,396.06555,316.64462,395.85526,0.5098877,-0.21029663,0.5515525
64,353.29956,345.21365,353.56384,345.2206,0.26428223,0.006958008,0.2643738
64,335.9004,345.41122,336.21057,345.44168,0.31018066,0.030456543,0.31167233
64,324.91483,365.48337,325.1093,365.59686,0.19448853,0.11349487,0.22518186
64,446.55624,327.02426,446.79807,327.33392,0.24182129,0.30966187,0.39289695
64,370.99475,240.75937,370.8872,240.71326,-0.107543945,-0.04611206,0.11701292
64,304.24545,237.43658,304.32336,237.5135,0.07791138,0.076919556,0.10948425
64,410.80685,261.49792,410.6492,261.34888,-0.15765381,-0.14904785,0.21695618
64,261.76282,260.46863,262.1767,260.45032,0.4138794,-0.018310547,0.41428423
64,287.89667,206.52815,289.26163,200.95782,1.3649597,-5.5703278,5.7351255
64,266.29037,228.29012,262.39722,227.8453,-3.893158,-0.44480896,3.918486
64,448.12366,388.56152,448.26306,388.60507,0.1394043,0.043548584,0.14604805
64,1195.0936,437.0395,1194.93,437.1532,-0.16357422,0.113708496,0.19921382
64,430.80594,313.27988,431.11017,313.18298,0.30422974,-0.09689331,0.31928676
64,1256.9843,73.1517,1256.9895,73.351166,0.0052490234,0.19946289,0.19953194
64,391.05035,447.00137,391.34268,447.0796,0.29232788,0.07821655,0.302611
64,389.167,300.72852,389.52985,300.54373,0.362854,-0.18478394,0.40719545
64,416.0954,435.70746,416.2161,435.84787,0.12069702,0.14041138,0.18515703
64,238.35652,282.74988,239.26582,282.58337,0.90930176,-0.1665039,0.9244205
64,388.1579,328.15784,388.18048,328.31976,0.022583008,0.16192627,0.16349345
64,283.46454,312.54333,283.5816,312.5983,0.11706543,0.05496216,0.12932576
64,387.09494,265.61743,387.13745,265.83417,0.042510986,0.21673584,0.22086559
64,456.51425,353.3331,456.80667,353.27982,0.29241943,-0.05328369,0.2972344
64,428.27908,280.09427,428.32623,280.04453,0.04714966,-0.049743652,0.068538465
64,1156.3396,67.59906,1156.0339,67.95148,-0.30566406,0.352417,0.46650645
64,272.9292,230.26514,272.41064,228.58087,-0.5185547,-1.6842651,1.7622849
64,1258.8229,87.69061,1258.7445,87.397896,-0.07836914,-0.29271698,0.30302632
64,428.1469,349.15668,428.2204,349.15244,0.07348633,-0.0042419434,0.07360866
64,374.3671,301.71005,374.41907,301.8626,0.051971436,0.15255737,0.16116695
64,326.89606,234.57474,326.81506,234.60423,-0.08099365,0.02949524,0.0861971
64,415.8302,317.6662,415.7003,317.68643,-0.12991333,0.020233154,0.13147947
64,402.46048,361.09442,402.44882,360.94373,-0.011657715,-0.1506958,0.15114604
64,347.9956,287.52264,348.4046,287.16367,0.40899658,-0.35897827,0.54419076
64,416.62045,384.44885,416.6683,384.46414,0.047851562,0.015289307,0.0502348
64,366.33563,399.51688,366.3997,399.5557,0.0640564,0.03881836,0.074900515
64,342.1344,382.52902,342.4953,382.65906,0.36090088,0.1300354,0.38361263
64,300.71332,370.13043,301.26617,370.1238,0.55285645,-0.0066223145,0.5528961
64,331.54288,261.26385,331.8016,261.04752,0.25872803,-0.21633911,0.33725777
64,164.71945,480.92505,164.90436,481.5461,0.184906,0.62106323,0.6480045
64,395.79703,239.61687,395.97678,239.55504,0.17974854,-0.061828613,0.19008501
64,398.92758,413.10474,399.23227,413.1372,0.3046875,0.032470703,0.30641282
64,383.51108,395.85672,383.76035,395.85925,0.24926758,0.002532959,0.24928045
64,295.449,312.24112,295.86688,311.84436,0.4178772,-0.39675903,0.5762283
64,430.05652,67.18753,424.3426,67.73357,-5.713928,0.54603577,5.7399592
64,298.166,338.93347,298.21503,338.989,0.049041748,0.055541992,0.07409457
64,305.4776,274.7329,305.7361,274.48816,0.2585144,-0.24475098,0.35599542
64,415.31653,288.31653,415.63556,288.16815,0.31903076,-0.14837646,0.35184684
64,316.64462,395.85526,317.15607,395.72964,0.5114441,-0.12561035,0.5266432
65,353.56384,345.2206,354.09518,345.29684,0.53134155,0.07623291,0.5367823
65,336.21057,345.44168,336.53226,345.50742,0.3216858,0.06573486,0.3283334
65,325.1093,365.59686,325.52118,365.71967,0.41186523,0.122802734,0.42978308
65,446.79807,327.33392,447.01874,327.46698,0.2206726,0.13305664,0.2576829
65,370.8872,240.71326,370.85272,240.64268,-0.034484863,-0.0705719,0.07854679
65,304.32336,237.5135,304.8069,237.58884,0.4835205,0.07533264,0.48935375
65,410.6492,261.34888,410.62537,261.15332,-0.023834229,-0.19555664,0.19700372
65,262.1767,260.45032,262.76483,260.55313,0.58813477,0.10281372,0.59705377
65,289.26163,200.95782,288.4889,200.38809,-0.7727356,-0.56973267,0.96006024
65,262.39722,227.8453,258.63232,226.73929,-3.7648926,-1.1060181,3.9239893
65,448.26306,388.60507,448.53986,388.80667,0.27679443,0.20159912,0.34242862
65,1194.93,437.1532,1194.9575,437.39203,0.02746582,0.23883057,0.24040468
65,431.11017,313.18298,431.6739,313.18655,0.5637207,0.0035705566,0.563732
65,1256.9895,73.351166,1256.9822,73.50377,-0.0073242188,0.15260315,0.1527788
65,391.34268,447.0796,391.64267,447.13382,0.2999878,0.054229736,0.30485
65,389.52985,300.54373,390.32822,300.4623,0.79837036,-0.0814209,0.80251145
65,416.2161,435.84787,416.42282,435.97577,0.20672607,0.12789917,0.2430923
65,239.26582,282.58337,239.9693,282.3897,0.70347595,-0.19366455,0.72964674
65,388.18048,328.31976,388.43304,328.361,0.25256348,0.041229248,0.25590655
65,283.5816,312.5983,283.7197,312.6177,0.13809204,0.01940918,0.13944937
65,387.13745,265.83417,387.24304,266.08542,0.10559082,0.25125122,0.27253732
65,456.80667,353.27982,457.15527,353.45444,0.3486023,0.17462158,0.3898926
65,428.32623,280.04453,428.54657,280.00897,0.22033691,-0.03555298,0.22318685
65,1156.0339,67.95148,1155.5536,68.09793,-0.48034668,0.14645386,0.5021769
65,272.41064,228.58087,270.09558,228.16672,-2.3150635,-0.41415405,2.351817
65,1258.7445,87.397896,1258.6442,86.94087,-0.1003418,-0.45702362,0.46790925
65,428.2204,349.15244,428.46973,349.12646,0.24932861,-0.025970459,0.25067753
65,374.41907,301.8626,374.5971,302.13907,0.17803955,0.27645874,0.3288275
65,326.81506,234.60423,326.7978,234.7075,-0.01727295,0.103271484,0.104706034
65,415.7003,317.68643,415.88406,317.75085,0.18377686,0.06442261,0.19474138
65,402.44882,360.94373,402.6777,360.92175,0.22888184,-0.021972656,0.22993411
65,348.4046,287.16367,348.88458,287.0571,0.47998047,-0.10656738,0.49166843
65,416.6683,384.46414,416.90973,384.55896,0.24142456,0.094818115,0.25937673
65,366.3997,399.5557,366.74432,399.70862,0.344635,0.15292358,0.37703967
65,342.4953,382.65906,343.1619,382.75616,0.66659546,0.09710693,0.67363137
65,301.26617,370.1238,302.10175,370.17294,0.8355713,0.0491333,0.8370146
65,331.8016,261.04752,332.42087,260.85013,0.6192627,-0.1973877,0.6499601
65,164.90436,481.5461,165.41249,482.00525,0.50813293,0.45913696,0.68484
65,395.97678,239.55504,396.1376,239.53963,0.16082764,-0.015411377,0.16156435
65,399.23227,413.1372,399.6596,413.30356,0.42733765,0.16635132,0.45857412
65,383.76035,395.85925,384.4076,395.88602,0.6472473,0.026763916,0.64780045
65,295.86688,311.84436,296.4694,311.68655,0.60250854,-0.1578064,0.62283176
65,424.3426,67.73357,419.17902,68.267654,-5.163574,0.53408813,5.191122
65,298.21503,338.989,298.27838,339.08136,0.06335449,0.09234619,0.111989334
65,305.7361,274.48816,306.3949,274.3363,0.65878296,-0.15185547,0.6760585
65,415.63556,288.16815,416.10803,288.09207,0.47247314,-0.07608032,0.4785594
65,317.15607,395.72964,317.79034,395.82434,0.63427734,0.094696045,0.64130735
66,354.09518,345.29684,354.4971,345.3094,0.4019165,0.012542725,0.4021122
66,336.53226,345.50742,336.7314,345.54846,0.19915771,0.041046143,0.2033435
66,325.52118,365.71967,325.67014,365.73886,0.1489563,0.019195557,0.15018804
66,447.01874,327.46698,447.3862,327.70657,0.36746216,0.2395935,0.4386724
66,370.85272,240.64268,370.93445,240.64445,0.081726074,0.0017700195,0.08174524
66,304.8069,237.58884,305.1015,237.69772,0.2946167,0.10888672,0.31409442
66,410.62537,261.15332,410.82504,261.10895,0.19967651,-0.04437256,0.20454739
66,262.76483,260.55313,263.5982,260.54834,0.833374,-0.0047912598,0.8333878
66,288.4889,200.38809,294.97195,193.11093,6.4830627,-7.2771606,9.746136
66,258.63232,226.73929,257.69858,221.93507,-0.93374634,-4.8042145,4.8941145
66,448.53986,388.80667,448.73102,388.7085,0.19116211,-0.09817505,0.21489833
66,1194.9575,437.39203,1195.1682,437.39798,0.21069336,0.0059509277,0.21077739
66,431.6739,313.18655,432.2548,313.0773,0.5809021,-0.10925293,0.5910867
66,1256.9822,73.50377,1257.1782,73.878944,0.19604492,0.37517548,0.4233087
66,391.64267,447.13382,391.88437,447.1826,0.24169922,0.04876709,0.24656995
66,390.32822,300.4623,390.98367,300.3315,0.65545654,-0.13079834,0.6683797
66,416.42282,435.97577,417.01953,435.80063,0.5967102,-0.17514038,0.621882
66,239.9693,282.3897,240.77026,282.05673,0.80096436,-0.3329773,0.8674202
66,388.43304,328.361,388.70312,328.38516,0.27008057,0.024169922,0.27115992
66,283.7197,312.6177,283.84155,312.57727,0.12185669,-0.04043579,0.12839045
66,387.24304,266.08542,387.47055,266.15634,0.22750854,0.07092285,0.23830692
66,457.15527,353.45444,457.4131,353.14514,0.2578125,-0.30929565,0.40265504
66,428.54657,280.00897,428.7799,280.06506,0.2333374,0.05609131,0.23998454
66,1155.5536,68.09793,1155.6501,68.602036,0.09655762,0.5041046,0.51326877
66,270.09558,228.16672,266.89005,228.60016,-3.205536,0.43344116,3.2347074
66,1258.6442,86.94087,1258.7238,86.84347,0.079589844,-0.09740448,0.12578623
66,428.46973,349.12646,428.78632,348.94992,0.31658936,-0.17654419,0.36248678
66,374.5971,302.13907,374.87756,302.221,0.28045654,0.0819397,0.29218143
66,326.7978,234.7075,327.10416,234.78609,0.30636597,0.07858276,0.31628367
66,415.88406,317.75085,416.10577,317.69247,0.2217102,-0.058380127,0.22926764
66,402.6777,360.92175,403.14227,360.8499,0.4645691,-0.07183838,0.47009063
66,348.88458,287.0571,349.6273,286.78424,0.7427063,-0.27285767,0.79124206
66,416.90973,384.55896,417.2516,384.48828,0.3418579,-0.07067871,0.34908783
66,366.74432,399.70862,367.01743,399.6423,0.2731018,-0.0663147,0.28103778
66,343.1619,382.75616,343.82504,382.7218,0.663147,-0.034362793,0.6640367
66,302.10175,370.17294,302.7524,370.12607,0.6506653,-0.046875,0.65235156
66,332.42087,260.85013,332.9167,260.794,0.4958191,-0.056121826,0.4989852
66,165.41249,482.00525,166.24773,482.68915,0.8352356,0.6838989,1.0795075
66,396.1376,239.53963,396.5943,239.60233,0.45669556,0.062698364,0.4609793
66,399.6596,413.30356,400.32437,413.29794,0.6647644,-0.0056152344,0.6647881
66,384.4076,395.88602,384.92618,395.88962,0.5185852,0.0036010742,0.5185977
66,296.4694,311.68655,296.8616,311.157,0.3922119,-0.529541,0.65897185
66,419.17902,68.267654,407.4456,68.51228,-11.733429,0.2446289,11.735979
66,298.27838,339.08136,298.40887,339.08136,0.13049316,0.0,0.13049316
66,306.3949,274.3363,307.18765,274.0253,0.7927551,-0.31100464,0.8515777
66,416.10803,288.09207,416.66986,287.96106,0.5618286,-0.13101196,0.5769017
66,317.79034,395.82434,318.50854,395.59198,0.7182007,-0.23236084,0.7548535
67,354.4971,345.3094,354.66058,345.37598,0.16348267,0.066589355,0.176524
67,336.7314,345.54846,337.071,345.5818,0.3395996,0.033325195,0.3412308
67,325.67014,365.73886,325.7778,365.8459,0.107666016,0.10702515,0.15181024
67,447.3862,327.70657,447.45627,327.8986,0.07006836,0.1920166,0.20440145
67,370.93445,240.64445,370.8224,240.68625,-0.11206055,0.041793823,0.11960054
67,305.1015,237.69772,305.05884,237.9789,-0.042663574,0.2811737,0.28439206
67,410.82504,261.10895,410.79367,261.089,-0.03137207,-0.019958496,0.037182637
67,263.5982,260.54834,263.89557,260.66528,0.29736328,0.11694336,0.31953195
67,294.97195,193.11093,292.57773,191.11555,-2.394226,-1.9953766,3.1167045
67,257.69858,221.93507,257.66013,216.18764,-0.03845215,-5.7474365,5.7475653
67,448.73102,388.7085,448.81992,388.82956,0.088897705,0.12106323,0.1501969
67,1195.1682,437.39798,1194.6296,437.51328,-0.5385742,0.11529541,0.5507769
67,432.2548,313.0773,432.37073,312.9938,0.11593628,-0.083496094,0.14287344
67,1257.1782,73.878944,1257.0939,74.26054,-0.084350586,0.3815918,0.39080343
67,391.88437,447.1826,391.84235,447.30576,-0.042022705,0.123168945,0.13014029
67,390.98367,300.3315,391.30545,300.22144,0.32177734,-0.110076904,0.34008467
67,417.01953,435.80063,416.87906,435.8664,-0.14047241,0.06576538,0.15510507
67,240.77026,282.05673,241.61824,282.22842,0.8479767,0.1716919,0.8651836
67,388.70312,328.38516,388.5575,328.51984,-0.14562988,0.13467407,0.19835617
67,283.84155,312.57727,283.8591,312.71088,0.017547607,0.13360596,0.13475336
67,387.47055,266.15634,387.18387,266.35843,-0.28668213,0.2020874,0.35075057
67,457.4131,353.14514,457.51843,353.2555,0.10534668,0.11035156,0.15256274
67,428.7799,280.06506,428.74524,280.07248,-0.03466797,0.0074157715,0.035452247
67,1155.6501,68.602036,1154.7323,69.09271,-0.9178467,0.49067688,1.040772
67,266.89005,228.60016,260.55353,231.24805,-6.3365173,2.6478882,6.867515
67,1258.7238,86.84347,1258.5375,86.11953,-0.1862793,-0.723938,0.74752
67,428.78632,348.94992,428.67273,348.99548,-0.113586426,0.045562744,0.12238398
67,374.87756,302.221,374.70294,302.56528,-0.17462158,0.3442688,0.38602293
67,327.10416,234.78609,327.33722,234.96968,0.23306274,0.18359375,0.29668993
67,416.10577,317.69247,415.85574,317.80124,-0.25003052,0.10876465,0.27266282
67,403.14227,360.8499,402.95837,360.89294,-0.18389893,0.043029785,0.18886603
67,349.6273,286.78424,349.73557,286.71378,0.10827637,-0.07046509,0.1291863
67,417.2516,384.48828,417.14392,384.56055,-0.107666016,0.072265625,0.12966993
67,367.01743,399.6423,366.85672,399.95056,-0.16070557,0.30825806,0.34763387
67,343.82504,382.7218,344.06287,382.71564,0.23782349,-0.006164551,0.23790337
67,302.7524,370.12607,303.02588,370.25266,0.27346802,0.12658691,0.30134532
67,332.9167,260.794,333.15668,260.83972,0.23999023,0.045715332,0.24430555
67,166.24773,482.68915,168.26286,483.03372,2.0151367,0.34457397,2.0443842
67,396.5943,239.60233,396.6077,239.59973,0.013397217,-0.0025939941,0.013646034
67,400.32437,413.29794,400.24243,413.37833,-0.0819397,0.0803833,0.11478497
67,384.92618,395.88962,384.96478,395.96774,0.038604736,0.078125,0.08714265
67,296.8616,311.157,297.2787,311.06284,0.41708374,-0.094177246,0.42758414
67,407.4456,68.51228,402.63773,68.99141,-4.8078613,0.47912598,4.831676
67,298.40887,339.08136,298.16547,339.1464,-0.2434082,0.06503296,0.2519461
67,307.18765,274.0253,307.3488,273.97827,0.16113281,-0.047027588,0.16785522
67,416.66986,287.96106,416.93097,287.8998,0.2611084,-0.06124878,0.26819584
67,318.50854,395.59198,318.7067,395.6201,0.19815063,0.02810669,0.2001341
68,354.66058,345.37598,354.93094,345.38144,0.27035522,0.0054626465,0.2704104
68,337.071,345.5818,337.22525,345.61313,0.15423584,0.031341553,0.15738802
68,325.7778,365.8459,325.93622,365.94763,0.15841675,0.101745605,0.18827648
68,447.45627,327.8986,447.61536,328.004,0.15908813,0.105407715,0.19083978
68,370.8224,240.68625,370.63736,240.70651,-0.18502808,0.020263672,0.18613437
68,305.05884,237.9789,305.23523,238.0769,0.1763916,0.0980072,0.20179051
68,410.79367,261.089,410.70813,261.02377,-0.08554077,-0.065216064,0.107565604
68,263.89557,260.66528,264.3708,260.62552,0.47521973,-0.039764404,0.4768805
68,292.57773,191.11555,290.59097,186.33519,-1.9867554,-4.780365,5.1767836
68,257.66013,216.18764,253.98961,215.64888,-3.670517,-0.5387573,3.7098455
68,448.81992,388.82956,448.99948,388.9384,0.17956543,0.10882568,0.2099685
68,1194.6296,437.51328,1194.3535,437.71707,-0.27612305,0.20379639,0.34318638
68,432.37073,312.9938,432.72195,313.04837,0.3512268,0.05456543,0.35544008
68,1257.0939,74.26054,1257.1521,74.575,0.05822754,0.31446075,0.31980622
68,391.84235,447.30576,391.8657,447.30176,0.023345947,-0.0039978027,0.02368577
68,391.30545,300.22144,391.57684,300.15042,0.27139282,-0.071014404,0.28053004
68,416.87906,435.8664,416.9318,435.897,0.052734375,0.03060913,0.060974035
68,241.61824,282.22842,241.98544,282.06894,0.36720276,-0.15948486,0.40034145
68,388.5575,328.51984,388.58307,328.60165,0.02557373,0.08181763,0.08572129
68,283.8591,312.71088,283.7401,312.74225,-0.11898804,0.03137207,0.123054296
68,387.18387,266.35843,387.05258,266.4995,-0.13128662,0.14108276,0.19271876
68,457.51843,353.2555,457.6869,353.5046,0.16845703,0.24911499,0.30072588
68,428.74524,280.07248,428.75824,280.1212,0.013000488,0.048706055,0.05041123
68,1154.7323,69.09271,1154.1675,69.68267,-0.56481934,0.5899582,0.81674445
68,260.55353,231.24805,258.70526,228.40213,-1.8482666,-2.8459167,3.3934247
68,1258.5375,86.11953,1258.5167,86.186295,-0.020751953,0.06676483,0.06991556
68,428.67273,348.99548,428.72717,348.96722,0.05444336,-0.028259277,0.061340574
68,374.70294,302.56528,374.7065,302.69595,0.0035705566,0.13067627,0.13072504
68,327.33722,234.96968,327.24216,235.05867,-0.095062256,0.08898926,0.1302149
68,415.85574,317.80124,415.8977,317.89554,0.04196167,0.09429932,0.10321406
68,402.95837,360.89294,402.9937,360.8958,0.035339355,0.0028686523,0.035455596
68,349.73557,286.71378,350.04022,286.6208,0.30465698,-0.09298706,0.31853175
68,417.14392,384.56055,417.1993,384.52078,0.055389404,-0.039764404,0.068185
68,366.85672,399.95056,366.85956,400.12512,0.0028381348,0.17456055,0.17458361
68,344.06287,382.71564,344.3674,382.76685,0.3045349,0.051208496,0.30881035
68,303.02588,370.25266,303.39316,370.21002,0.36727905,-0.042633057,0.36974517
68,333.15668,260.83972,333.7207,260.82,0.5640259,-0.019714355,0.56437033
68,168.26286,483.03372,170.31026,483.68356,2.0473938,0.6498413,2.148049
68,396.6077,239.59973,396.60394,239.60577,-0.003753662,0.0060424805,0.0071134767
68,400.24243,413.37833,400.42377,413.4127,0.18133545,0.034362793,0.18456258
68,384.96478,395.96774,385.11734,395.92395,0.15255737,-0.043792725,0.15871848
68,297.2787,311.06284,297.57697,310.73575,0.2982788,-0.3270874,0.44266963
68,402.63773,68.99141,397.9887,69.155304,-4.6490173,0.16389465,4.651905
68,298.16547,339.1464,298.04498,339.22134,-0.1204834,0.07495117,0.14189407
68,307.3488,273.97827,307.67938,273.8329,0.33059692,-0.14538574,0.3611528
68,416.93097,287.8998,417.1552,287.86127,0.22424316,-0.0385437,0.22753157
68,318.7067,395.6201,319.03473,395.58163,0.32803345,-0.03845215,0.33027944
69,354.93094,345.38144,355.426,345.42267,0.49505615,0.041229248,0.49677
69,337.22525,345.61313,337.5633,345.66443,0.3380432,0.05130005,0.34191358
69,325.93622,365.94763,326.23587,366.04004,0.2996521,0.09240723,0.3135769
69,447.61536,328.004,447.86002,328.2847,0.24465942,0.28070068,0.37235883
69,370.63736,240.70651,370.59906,240.6897,-0.03829956,-0.016815186,0.0418283
69,305.23523,238.0769,305.33447,238.22661,0.099243164,0.14970398,0.17961204
69,410.70813,261.02377,410.83948,260.90866,0.13134766,-0.115112305,0.17465122
69,264.3708,260.62552,265.08975,260.60278,0.7189636,-0.022735596,0.71932304
69,290.59097,186.33519,281.7538,186.44331,-8.837158,0.10812378,8.83782
69,253.98961,215.64888,250.73859,214.50761,-3.2510223,-1.1412659,3.4455237
69,448.99948,388.9384,449.1321,389.05228,0.1326294,0.1138916,0.17481948
69,1194.3535,437.71707,1194.1794,438.17728,-0.17407227,0.46020508,0.4920263
69,432.72195,313.04837,433.00516,312.98953,0.28320312,-0.05883789,0.28925058
69,1257.1521,74.575,1257.0919,75.012,-0.060180664,0.4370041,0.44112843
69,391.8657,447.30176,392.16028,447.38184,0.29458618,0.080078125,0.30527616
69,391.57684,300.15042,392.13824,299.9416,0.56140137,-0.20883179,0.5989843
69,416.9318,435.897,417.19717,435.93954,0.26538086,0.042541504,0.268769
69,241.98544,282.06894,242.53882,281.79834,0.55337524,-0.27059937,0.6159937
69,388.58307,328.60165,388.94138,328.81702,0.35830688,0.21536255,0.41804886
69,283.7401,312.74225,283.68832,312.8049,-0.05178833,0.06265259,0.08128578
69,387.05258,266.4995,387.0023,266.69095,-0.05029297,0.19143677,0.19793285
69,457.6869,353.5046,457.9442,353.81046,0.25732422,0.30584717,0.3996977
69,428.75824,280.1212,428.9731,280.1022,0.21487427,-0.018981934,0.21571107
69,1154.1675,69.68267,1153.5085,70.4127,-0.65893555,0.73002625,0.9834299
69,258.70526,228.40213,255.78629,226.06638,-2.9189758,-2.3357544,3.7384715
69,1258.5167,86.186295,1258.4176,86.25423,-0.099121094,0.06793213,0.12016557
69,428.72717,348.96722,428.8762,349.01303,0.14901733,0.045806885,0.1558988
69,374.7065,302.69595,374.7385,302.93912,0.031982422,0.24316406,0.2452583
69,327.24216,235.05867,327.24548,235.16776,0.003326416,0.10908508,0.109135784
69,415.8977,317.89554,415.9515,317.86816,0.05380249,-0.027374268,0.06036604
69,402.9937,360.8958,403.236,360.89493,0.24227905,-0.00088500977,0.24228066
69,350.04022,286.6208,350.39633,286.50665,0.35610962,-0.11413574,0.37395325
69,417.1993,384.52078,417.3333,384.4351,0.13400269,-0.08569336,0.15905997
69,366.85956,400.12512,366.91565,400.123,0.05609131,-0.0021362305,0.056131974
69,344.3674,382.76685,344.84918,382.84442,0.481781,0.07757568,0.4879866
69,303.39316,370.21002,303.92578,370.17725,0.5326233,-0.03277588,0.5336308
69,333.7207,260.82,334.0509,260.68646,0.3302002,-0.13354492,0.3561831
69,170.31026,483.68356,172.33412,484.25888,2.0238647,0.5753174,2.1040483
69,396.60394,239.60577,396.9544,239.65102,0.35046387,0.04524231,0.35337204
69,400.42377,413.4127,400.78122,413.41153,0.3574524,-0.001159668,0.35745427
69,385.11734,395.92395,385.46368,395.9,0.346344,-0.023956299,0.34717152
69,297.57697,310.73575,297.8685,310.3036,0.29153442,-0.43215942,0.5213004
69,397.9887,69.155304,391.14746,69.26729,-6.8412476,0.11198425,6.842164
69,298.04498,339.22134,298.03644,339.15686,-0.008544922,-0.06448364,0.06504734
69,307.67938,273.8329,308.21667,273.6471,0.5372925,-0.18579102,0.56850815
69,417.1552,287.86127,417.5495,287.8894,0.3942871,0.028137207,0.3952898
69,319.03473,395.58163,319.47214,395.52603,0.43740845,-0.055603027,0.4409284
70,355.426,345.42267,355.61392,345.48523,0.18792725,0.062561035,0.198067
70,337.5633,345.66443,337.86865,345.75534,0.3053589,0.090911865,0.3186048
70,326.23587,366.04004,326.57147,366.13068,0.3356018,0.09063721,0.34762576
70,447.86002,328.2847,448.2707,328.4266,0.41067505,0.14190674,0.43450144
70,370.59906,240.6897,370.9784,240.7109,0.3793335,0.021209717,0.37992597
70,305.33447,238.22661,305.58853,238.32393,0.25405884,0.09732056,0.272061
70,410.83948,260.90866,411.20593,260.97174,0.36645508,0.063079834,0.3718446
70,265.08975,260.60278,265.90002,260.47888,0.8102722,-0.12390137,0.8196905
70,281.7538,186.44331,275.07892,185.0658,-6.6748962,-1.3775177,6.8155556
70,250.73859,214.50761,239.40941,223.48553,-11.329178,8.977921,14.455218
70,449.1321,389.05228,449.74982,389.1968,0.6177063,0.14453125,0.63438976
70,1194.1794,438.17728,1194.6034,438.2205,0.4239502,0.04321289,0.42614684
70,433.00516,312.98953,433.50864,313.3028,0.503479,0.31326294,0.5929796
70,1257.0919,75.012,1257.1415,75.18056,0.049560547,0.16855621,0.17569134
70,392.16028,447.38184,392.9313,447.3678,0.7710266,-0.014038086,0.7711544
70,392.13824,299.9416,392.37195,299.90002,0.23370361,-0.04156494,0.23737107
70,417.19717,435.93954,417.79175,436.05698,0.594574,0.11743164,0.60605973
70,242.53882,281.79834,243.41982,281.20108,0.8809967,-0.5972595,1.0643656
70,388.94138,328.81702,389.2847,328.9558,0.34332275,0.13879395,0.37031645
70,283.68832,312.8049,283.9041,313.15604,0.2157898,0.35113525,0.41214222
70,387.0023,266.69095,387.38943,266.71365,0.387146,0.022705078,0.3878112
70,457.9442,353.81046,458.36517,353.30698,0.42095947,-0.503479,0.65627587
70,428.9731,280.1022,429.3373,280.2131,0.36419678,0.11090088,0.38070762
70,1153.5085,70.4127,1153.8079,71.1166,0.2993164,0.7039032,0.7648987
70,255.78629,226.06638,251.78816,224.91641,-3.9981232,-1.1499634,4.160217
70,1258.4176,86.25423,1258.4575,86.566475,0.039916992,0.31224823,0.31478932
70,428.8762,349.01303,429.26926,349.02643,0.3930664,0.013397217,0.39329466
70,374.7385,302.93912,375.1789,303.0565,0.44039917,0.117370605,0.4557711
70,327.24548,235.16776,327.645,235.24132,0.39950562,0.07356262,0.40622187
70,415.9515,317.86816,416.10608,318.0875,0.15457153,0.21932983,0.26832432
70,403.236,360.89493,403.60623,360.89157,0.37023926,-0.0033569336,0.37025446
70,350.39633,286.50665,351.05334,286.41135,0.65701294,-0.0953064,0.6638895
70,417.3333,384.4351,417.7206,384.4775,0.38729858,0.042419434,0.3896147
70,366.91565,400.123,367.46756,400.2177,0.5519104,0.09472656,0.5599806
70,344.84918,382.84442,345.28433,382.81253,0.43515015,-0.03189087,0.43631718
70,303.92578,370.17725,304.48413,370.3094,0.5583496,0.13214111,0.5737731
70,334.0509,260.68646,334.4888,260.68015,0.43789673,-0.0063171387,0.4379423
70,172.33412,484.25888,175.31108,484.2421,2.9769592,-0.016784668,2.9770064
70,396.9544,239.65102,397.32233,239.67824,0.36791992,0.02722168,0.3689256
70,400.78122,413.41153,401.09067,413.42386,0.30944824,0.012329102,0.30969375
70,385.46368,395.9,385.8995,396.0154,0.43582153,0.11541748,0.45084542
70,297.8685,310.3036,298.61166,310.1937,0.74316406,-0.1098938,0.7512453
70,391.14746,69.26729,386.39432,69.369736,-4.7531433,0.10244751,4.754247
70,298.03644,339.15686,298.48917,339.1961,0.45272827,0.039245605,0.45442614
70,308.21667,273.6471,308.78113,273.58194,0.5644531,-0.06515503,0.5682011
70,417.5495,287.8894,418.11285,287.92868,0.5633545,0.039276123,0.564722
70,319.47214,395.52603,319.8357,395.5303,0.3635559,0.004272461,0.363581
71,355.61392,345.48523,356.1652,345.51135,0.55126953,0.026123047,0.5518881
71,337.86865,345.75534,338.1721,345.78107,0.30343628,0.025726318,0.3045249
71,326.57147,366.13068,326.84778,366.1993,0.27630615,0.06863403,0.28470287
71,448.2707,328.4266,448.6395,328.68817,0.36880493,0.26156616,0.45214373
71,370.9784,240.7109,371.16,240.77548,0.1816101,0.064575195,0.19274902
71,305.58853,238.32393,305.9079,238.40929,0.31936646,0.085357666,0.33057657
71,411.20593,260.97174,411.44016,260.9246,0.23422241,-0.04714966,0.23892096
71,265.90002,260.47888,266.6116,260.5769,0.71157837,0.09802246,0.7182981
71,275.07892,185.0658,268.19012,179.96387,-6.888794,-5.1019287,8.572349
71,239.40941,223.48553,241.60663,213.27872,2.1972198,-10.206818,10.440637
71,449.74982,389.1968,449.9311,389.1667,0.18127441,-0.03012085,0.18375984
71,1194.6034,438.2205,1194.545,438.43933,-0.05834961,0.21884155,0.22648686
71,433.50864,313.3028,433.9839,313.17737,0.47525024,-0.12542725,0.49152294
71,1257.1415,75.18056,1257.2947,75.67824,0.15319824,0.49768066,0.52072614
71,392.9313,447.3678,393.09354,447.41418,0.16223145,0.04638672,0.16873284
71,392.37195,299.90002,393.10007,299.97092,0.7281189,0.070892334,0.73156196
71,417.79175,436.05698,418.00824,436.17758,0.2164917,0.12060547,0.24781916
71,243.41982,281.20108,244.29892,281.18765,0.8791046,-0.013427734,0.8792072
71,389.2847,328.9558,389.51648,329.00775,0.231781,0.051940918,0.23752956
71,283.9041,313.15604,284.25095,312.9665,0.34683228,-0.18954468,0.3952465
71,387.38943,266.71365,387.63043,266.82812,0.24099731,0.114471436,0.2668022
71,458.36517,353.30698,458.658,353.56073,0.29281616,0.25375366,0.387469
71,429.3373,280.2131,429.5143,280.13693,0.17700195,-0.076171875,0.19269626
71,1153.8079,71.1166,1153.213,72.09039,-0.59484863,0.973793,1.1411037
71,251.78816,224.91641,250.97191,218.64134,-0.81625366,-6.27507,6.327936
71,1258.4575,86.566475,1258.3741,86.7723,-0.08337402,0.2058258,0.22207092
71,429.26926,349.02643,429.56445,349.12366,0.29519653,0.097229004,0.3107965
71,375.1789,303.0565,375.47867,303.3134,0.29977417,0.25689697,0.39479184
71,327.645,235.24132,327.90546,235.33252,0.26046753,0.09120178,0.27597302
71,416.10608,318.0875,416.44678,318.09036,0.34069824,0.0028686523,0.3407103
71,403.60623,360.89157,403.95743,360.9635,0.3511963,0.07192993,0.35848677
71,351.05334,286.41135,351.5447,286.33044,0.49136353,-0.0809021,0.4979792
71,417.7206,384.4775,418.0477,384.5568,0.3270874,0.07928467,0.33655939
71,367.46756,400.2177,367.78223,400.4009,0.31466675,0.18319702,0.36411032
71,345.28433,382.81253,345.99716,382.80823,0.7128296,-0.0043029785,0.7128426
71,304.48413,370.3094,305.12662,370.34555,0.6424866,0.03616333,0.6435035
71,334.4888,260.68015,335.2699,260.5296,0.7810974,-0.15054321,0.79547244
71,175.31108,484.2421,178.55505,484.705,3.2439728,0.46289062,3.2768319
71,397.32233,239.67824,397.826,239.83397,0.5036621,0.1557312,0.52718854
71,401.09067,413.42386,401.60187,413.50052,0.51119995,0.076660156,0.51691604
71,385.8995,396.0154,386.3246,396.00186,0.42507935,-0.013549805,0.42529523
71,298.61166,310.1937,299.28864,310.06168,0.67697144,-0.13201904,0.68972415
71,386.39432,69.369736,379.12723,69.55682,-7.26709,0.18708801,7.269498
71,298.48917,339.1961,298.79654,339.11856,0.30737305,-0.077545166,0.31700385
71,308.78113,273.58194,309.562,273.38242,0.7808838,-0.19952393,0.805971
71,418.11285,287.92868,418.56946,287.81107,0.456604,-0.117614746,0.47150868
71,319.8357,395.5303,320.34387,395.4797,0.5081787,-0.050598145,0.51069146
72,356.1652,345.51135,356.39835,345.5046,0.2331543,-0.0067443848,0.23325182
72,338.1721,345.78107,338.54892,345.75095,0.37683105,-0.03012085,0.37803295
72,326.84778,366.1993,327.1171,366.23624,0.26931763,0.03692627,0.27183732
72,448.6395,328.68817,448.80695,328.7703,0.16744995,0.0821228,0.18650374
72,371.16,240.77548,371.11517,240.72751,-0.044830322,-0.047973633,0.06565993
72,305.9079,238.40929,305.934,238.43958,0.02609253,0.030288696,0.039977808
72,411.44016,260.9246,411.5152,260.82303,0.075042725,-0.1015625,0.12627886
72,266.6116,260.5769,267.24246,260.5056,0.6308594,-0.07128906,0.6348745
72,268.19012,179.96387,260.531,172.55792,-7.6591187,-7.405945,10.654113
72,241.60663,213.27872,235.48601,215.02113,-6.1206207,1.7424164,6.363805
72,449.9311,389.1667,450.03732,389.34705,0.10623169,0.18035889,0.20931913
72,1194.545,438.43933,1194.1366,438.52216,-0.40844727,0.08282471,0.41676024
72,433.9839,313.17737,434.28217,312.90662,0.2982788,-0.27075195,0.40283602
72,1257.2947,75.67824,1257.2552,76.07814,-0.03942871,0.39990234,0.4018414
72,393.09354,447.41418,393.00516,447.39005,-0.088378906,-0.024139404,0.09161627
72,393.10007,299.97092,393.75354,299.84625,0.6534729,-0.12466431,0.6652579
72,418.00824,436.17758,418.2758,435.903,0.2675476,-0.27456665,0.3833648
72,244.29892,281.18765,245.27295,280.58136,0.97402954,-0.6062927,1.1473118
72,389.51648,329.00775,389.69345,329.13327,0.17697144,0.1255188,0.21696511
72,284.25095,312.9665,284.27524,313.22437,0.024291992,0.25787354,0.25901517
72,387.63043,266.82812,387.74594,266.97113,0.11550903,0.14300537,0.18382838
72,458.658,353.56073,458.82816,353.77148,0.17016602,0.2107544,0.27087614
72,429.5143,280.13693,429.66675,280.08414,0.1524353,-0.05279541,0.16131918
72,1153.213,72.09039,1152.3737,72.89761,-0.83935547,0.80722046,1.1645267
72,250.97191,218.64134,245.5713,221.67404,-5.4006042,3.0326996,6.193851
72,1258.3741,86.7723,1258.2493,86.344124,-0.12487793,-0.42817688,0.44601563
72,429.56445,349.12366,429.54257,348.97403,-0.021881104,-0.14962769,0.15121914
72,375.47867,303.3134,375.49326,303.3342,0.014587402,0.020812988,0.025415994
72,327.90546,235.33252,328.02118,235.36842,0.115722656,0.03590393,0.121164456
72,416.44678,318.09036,416.49796,318.0988,0.05117798,0.008422852,0.05186646
72,403.95743,360.9635,404.0376,360.84415,0.08016968,-0.11935425,0.14377974
72,351.5447,286.33044,352.01492,286.3024,0.47021484,-0.028045654,0.47105047
72,418.0477,384.5568,418.11932,384.4615,0.071624756,-0.0953064,0.119220026
72,367.78223,400.4009,367.86377,400.29196,0.08154297,-0.108947754,0.13608405
72,345.99716,382.80823,346.42575,382.74823,0.42858887,-0.05999756,0.432768
72,305.12662,370.34555,305.5311,370.1884,0.40447998,-0.15716553,0.4339413
72,335.2699,260.5296,335.54733,260.4186,0.2774353,-0.11099243,0.29881376
72,178.55505,484.705,181.6911,485.37354,3.1360474,0.6685486,3.206517
72,397.826,239.83397,398.23065,239.86024,0.4046631,0.026275635,0.40551525
72,401.60187,413.50052,401.68793,413.37442,0.08605957,-0.12609863,0.15266667
72,386.3246,396.00186,386.55975,395.8447,0.23516846,-0.15716553,0.2828519
72,299.28864,310.06168,299.63455,309.64932,0.34591675,-0.41235352,0.53823215
72,379.12723,69.55682,369.94043,69.566345,-9.186798,0.009521484,9.186803
72,298.79654,339.11856,298.83182,339.15146,0.03527832,0.03289795,0.04823728
72,309.562,273.38242,309.99127,273.266,0.42926025,-0.11642456,0.44476852
72,418.56946,287.81107,418.9946,287.86414,0.42514038,0.05307007,0.42843994
72,320.34387,395.4797,320.75873,395.38022,0.41485596,-0.099487305,0.4266183
73,356.39835,345.5046,356.79236,345.5173,0.39401245,0.0126953125,0.39421692
73,338.54892,345.75095,338.64166,345.80167,0.09274292,0.050720215,0.10570615
73,327.1171,366.23624,327.1162,366.31287,-0.00088500977,0.07662964,0.07663475
73,448.80695,328.7703,448.97516,329.01218,0.16821289,0.24188232,0.29462287
73,371.11517,240.72751,370.91934,240.69168,-0.1958313,-0.035827637,0.19908169
73,305.934,238.43958,306.05807,238.63582,0.12408447,0.19624329,0.23218179
73,411.5152,260.82303,411.48755,260.79724,-0.027648926,-0.025787354,0.037808076
73,267.24246,260.5056,267.75046,260.5065,0.5079956,0.00088500977,0.5079964
73,235.48601,215.02113,235.37822,208.33992,-0.107788086,-6.6812134,6.6820827
73,450.03732,389.34705,450.18134,389.38406,0.14401245,0.037017822,0.148694
73,1194.1366,438.52216,1193.5844,439.0992,-0.5522461,0.5770569,0.7987305
73,434.28217,312.90662,434.44708,312.93213,0.16491699,0.025512695,0.16687873
73,1257.2552,76.07814,1257.0043,76.59297,-0.25097656,0.51483154,0.5727484
73,393.00516,447.39005,393.28802,447.4321,0.28286743,0.042053223,0.28597632
73,393.75354,299.84625,394.03055,299.7783,0.27700806,-0.06796265,0.2852234
73,418.2758,435.903,418.3256,436.10367,0.049804688,0.20065308,0.20674178
73,245.27295,280.58136,245.64197,280.2963,0.36901855,-0.2850647,0.46630096
73,389.69345,329.13327,389.7115,329.1701,0.018035889,0.036834717,0.041013286
73,284.27524,313.22437,284.01913,313.14532,-0.25610352,-0.07904053,0.26802316
73,387.74594,266.97113,387.52765,267.0233,-0.21829224,0.05215454,0.22443616
73,458.82816,353.77148,459.00842,353.7336,0.18026733,-0.037872314,0.18420267
73,429.66675,280.08414,429.55704,280.06946,-0.10971069,-0.014678955,0.110688336
73,1152.3737,72.89761,1151.9917,73.62674,-0.381958,0.729126,0.823114
73,245.5713,221.67404,245.59872,216.48726,0.027420044,-5.186783,5.1868553
73,1258.2493,86.344124,1257.9677,86.5464,-0.2816162,0.20227814,0.3467335
73,429.54257,348.97403,429.6881,349.07428,0.14553833,0.100250244,0.1767244
73,375.49326,303.3342,375.47092,303.51862,-0.022338867,0.18441772,0.18576577
73,328.02118,235.36842,328.03275,235.43195,0.011566162,0.06352234,0.06456674
73,416.49796,318.0988,416.4985,318.29007,0.0005493164,0.19128418,0.19128497
73,404.0376,360.84415,404.07346,360.81674,0.035858154,-0.027404785,0.045131247
73,352.01492,286.3024,352.2115,285.92957,0.19656372,-0.37283325,0.4214759
73,418.11932,384.4615,418.38354,384.55228,0.2642212,0.090789795,0.27938437
73,367.86377,400.29196,367.80658,400.3705,-0.05718994,0.078552246,0.097165555
73,346.42575,382.74823,346.65384,382.8008,0.22808838,0.052581787,0.23407082
73,305.5311,370.1884,305.88095,370.2236,0.34985352,0.035217285,0.35162157
73,335.54733,260.4186,335.99026,260.29547,0.44293213,-0.12313843,0.4597303
73,181.6911,485.37354,184.09781,485.72775,2.4067078,0.35421753,2.4326348
73,398.23065,239.86024,398.2107,239.80922,-0.019958496,-0.05102539,0.05478989
73,401.68793,413.37442,401.77466,413.3672,0.08673096,-0.007232666,0.087032005
73,386.55975,395.8447,386.9194,396.1336,0.35964966,0.2889099,0.46132073
73,299.63455,309.64932,300.0234,309.48273,0.38885498,-0.16659546,0.4230393
73,369.94043,69.566345,357.87003,69.41774,-12.070404,-0.14860535,12.071319
73,298.83182,339.15146,298.73315,339.24185,-0.09866333,0.09039307,0.13381091
73,309.99127,273.266,310.43826,273.06064,0.44699097,-0.20535278,0.49190515
73,418.9946,287.86414,419.21835,287.8442,0.22375488,-0.019927979,0.22464053
73,320.75873,395.38022,321.08298,395.34555,0.32424927,-0.03466797,0.3260973
74,356.79236,345.5173,356.91718,345.4842,0.124816895,-0.033111572,0.12913416
74,338.64166,345.80167,338.75345,345.78754,0.11178589,-0.014129639,0.11267534
74,327.1162,366.31287,327.12994,366.33478,0.01373291,0.021911621,0.025859466
74,448.97516,329.01218,449.09705,329.33206,0.12188721,0.31988525,0.3423201
74,370.91934,240.69168,370.788,240.66626,-0.13134766,-0.025421143,0.13378505
74,306.05807,238.63582,305.99503,238.70428,-0.06304932,0.06846619,0.09307435
74,411.48755,260.79724,411.3689,260.71054,-0.118652344,-0.08670044,0.14695354
74,267.75046,260.5065,268.38773,260.32175,0.63726807,-0.18475342,0.6635092
74,235.37822,208.33992,225.2426,201.60555,-10.13562,-6.734375,12.16892
74,450.18134,389.38406,450.208,389.3399,0.026672363,-0.044158936,0.051589016
74,1193.5844,439.0992,1193.165,439.32007,-0.41931152,0.22085571,0.47391918
74,434.44708,312.93213,434.59625,312.8065,0.14916992,-0.12564087,0.19503152
74,1257.0043,76.59297,1257.0302,76.973724,0.025878906,0.38075256,0.38163102
74,393.28802,447.4321,393.1556,447.4497,-0.13241577,0.017608643,0.13358143
74,394.03055,299.7783,394.261,299.69302,0.23043823,-0.08526611,0.24570732
74,418.3256,436.10367,418.30533,436.08502,-0.020263672,-0.01864624,0.027537223
74,245.64197,280.2963,246.31544,279.96695,0.6734772,-0.3293457,0.74969333
74,389.7115,329.1701,389.76962,329.05902,0.058135986,-0.111083984,0.12537721
74,284.01913,313.14532,283.90942,313.0927,-0.10971069,-0.052612305,0.1216737
74,387.52765,267.0233,387.4288,267.07193,-0.098846436,0.04864502,0.11016785
74,459.00842,353.7336,459.08,353.85187,0.07156372,0.118255615,0.13822357
74,429.55704,280.06946,429.60825,280.14563,0.051208496,0.076171875,0.09178488
74,1151.9917,73.62674,1151.2006,74.76632,-0.7911377,1.1395798,1.3872782
74,245.59872,216.48726,245.44513,210.67163,-0.15359497,-5.815628,5.817656
74,1257.9677,86.5464,1257.8328,86.50908,-0.1348877,-0.037322998,0.13995604
74,429.6881,349.07428,429.81525,348.98834,0.12713623,-0.0859375,0.15345642
74,375.47092,303.51862,375.45206,303.66055,-0.018859863,0.14193726,0.14318477
74,328.03275,235.43195,328.11035,235.45456,0.0776062,0.022613525,0.08083374
74,416.4985,318.29007,416.39243,318.27786,-0.1060791,-0.012207031,0.10677915
74,404.07346,360.81674,404.11484,360.6871,0.041381836,-0.12963867,0.13608322
74,352.2115,285.92957,352.41727,285.7481,0.20578003,-0.18145752,0.2743579
74,418.38354,384.55228,418.37076,384.52322,-0.012786865,-0.029052734,0.03174217
74,367.80658,400.3705,367.8597,400.2734,0.053131104,-0.09710693,0.110691786
74,346.65384,382.8008,346.95773,382.71323,0.30389404,-0.08758545,0.31626382
74,305.88095,370.2236,306.08398,370.14978,0.20303345,-0.07382202,0.21603766
74,335.99026,260.29547,336.24576,260.2191,0.25549316,-0.0763855,0.2666674
74,184.09781,485.72775,186.97766,486.6501,2.8798523,0.92233276,3.0239456
74,398.2107,239.80922,398.34827,239.87477,0.13757324,0.06555176,0.15239236
74,401.77466,413.3672,402.01178,413.37833,0.23712158,0.011138916,0.23738307
74,386.9194,396.1336,387.07764,396.08972,0.15823364,-0.043884277,0.16420631
74,300.0234,309.48273,300.43927,309.03513,0.41586304,-0.44760132,0.61097383
74,357.87003,69.41774,333.02454,69.66298,-24.84549,0.24523926,24.846699
74,298.73315,339.24185,298.9304,339.07288,0.1972351,-0.16897583,0.2597201
74,310.43826,273.06064,310.7122,272.94547,0.27392578,-0.11517334,0.29715353
74,419.21835,287.8442,419.4066,287.66254,0.18823242,-0.18167114,0.26160246
74,321.08298,395.34555,321.2742,395.24466,0.19122314,-0.10089111,0.21620663
75,356.91718,345.4842,357.00262,345.48242,0.08544922,-0.0017700195,0.08546755
75,338.75345,345.78754,338.7648,345.7856,0.011352539,-0.0019226074,0.01151419
75,327.12994,366.33478,327.05215,366.37372,-0.07778931,0.03894043,0.08699157
75,449.09705,329.33206,449.08163,329.55457,-0.015411377,0.22250366,0.22303674
75,370.788,240.66626,370.59628,240.67923,-0.19171143,0.012969971,0.19214965
75,305.99503,238.70428,305.82224,238.78859,-0.17279053,0.08430481,0.1922599
75,411.3689,260.71054,411.33334,260.7284,-0.03555298,0.017852783,0.039783616
75,268.38773,260.32175,268.8804,260.1845,0.49267578,-0.13723755,0.5114329
75,450.208,389.3399,450.2562,389.15347,0.048187256,-0.18643188,0.1925587
75,1193.165,439.32007,1192.3582,439.5824,-0.80688477,0.2623291,0.84845716
75,434.59625,312.8065,434.8631,312.92517,0.2668457,0.11868286,0.29204836
75,1257.0302,76.973724,1256.5964,77.461296,-0.43371582,0.48757172,0.65256083
75,393.1556,447.4497,393.07608,447.42673,-0.07952881,-0.022979736,0.082782246
75,394.261,299.69302,394.27188,299.59558,0.010894775,-0.09744263,0.09804979
75,418.30533,436.08502,418.14468,436.13922,-0.16064453,0.05419922,0.16954121
75,246.31544,279.96695,246.51677,279.85043,0.20132446,-0.11651611,0.23261029
75,389.76962,329.05902,389.75873,329.07742,-0.010894775,0.0184021,0.021385355
75,283.90942,313.0927,283.64154,313.17496,-0.2678833,0.08224487,0.28022432
75,387.4288,267.07193,387.22998,267.11548,-0.19882202,0.043548584,0.20353544
75,459.08,353.85187,459.05768,353.8264,-0.02230835,-0.025482178,0.033867445
75,429.60825,280.14563,429.4757,280.12845,-0.13253784,-0.017181396,0.13364686
75,1151.2006,74.76632,1150.0682,75.717445,-1.1323242,0.9511261,1.478783
75,245.44513,210.67163,239.34248,215.27441,-6.102646,4.602783,7.6438146
75,1257.8328,86.50908,1257.3529,86.72879,-0.4798584,0.2197113,0.52776617
75,429.81525,348.98834,429.68173,348.9868,-0.1335144,-0.0015563965,0.13352348
75,375.45206,303.66055,375.44064,303.7117,-0.011413574,0.05114746,0.05240546
75,328.11035,235.45456,327.90067,235.51465,-0.20968628,0.06008911,0.2181262
75,416.39243,318.27786,416.34668,318.29224,-0.04574585,0.014373779,0.047950894
75,404.11484,360.6871,404.03082,360.71835,-0.08401489,0.03125,0.089638524
75,352.41727,285.7481,352.35223,285.69766,-0.06503296,-0.050445557,0.08230456
75,418.37076,384.52322,418.3078,384.5548,-0.06295776,0.031585693,0.07043675
75,367.8597,400.2734,367.76016,400.324,-0.09954834,0.050598145,0.111669354
75,346.95773,382.71323,347.0601,382.71515,0.10235596,0.0019226074,0.10237401
75,306.08398,370.14978,306.20477,370.0614,0.120788574,-0.088378906,0.14966866
75,336.24576,260.2191,336.43643,260.1834,0.19067383,-0.03567505,0.19398251
75,186.97766,486.6501,191.44626,487.17868,4.4685974,0.528595,4.499753
75,398.34827,239.87477,398.2551,239.81845,-0.093170166,-0.05632019,0.10886984
75,402.01178,413.37833,402.02914,413.44836,0.017364502,0.07003784,0.07215834
75,387.07764,396.08972,387.2106,396.05472,0.13296509,-0.035003662,0.13749534
75,300.43927,309.03513,300.51263,308.83755,0.07336426,-0.1975708,0.21075231
75,333.02454,69.66298,324.41278,69.90959,-8.611755,0.24661255,8.615286
75,298.9304,339.07288,298.73352,339.0994,-0.1968689,0.026519775,0.19864707
75,310.7122,272.94547,310.85486,272.81308,0.14266968,-0.13238525,0.19462912
75,419.4066,287.66254,419.5118,287.65247,0.10522461,-0.010070801,0.10570544
75,321.2742,395.24466,321.37784,395.1368,0.103637695,-0.10784912,0.14957342
76,357.00262,345.48242,357.10315,345.45786,0.1005249,-0.02456665,0.103483215
76,338.7648,345.7856,338.8111,345.74677,0.046295166,-0.038848877,0.06043573
76,327.05215,366.37372,326.988,366.39563,-0.06414795,0.021911621,0.06778701
76,449.08163,329.55457,449.06442,329.69882,-0.017211914,0.14425659,0.14527978
76,370.59628,240.67923,370.46503,240.6568,-0.1312561,-0.02243042,0.13315889
76,305.82224,238.78859,305.7345,238.83183,-0.08773804,0.04324341,0.09781592
76,411.33334,260.7284,411.2064,260.65628,-0.12695312,-0.07211304,0.14600474
76,268.8804,260.1845,269.32248,260.13873,0.44207764,-0.045776367,0.44444135
76,450.2562,389.15347,450.24146,389.12543,-0.01473999,-0.028045654,0.031683214
76,1192.3582,439.5824,1191.4065,439.95657,-0.95166016,0.37417603,1.0225775
76,434.8631,312.92517,434.9737,312.8882,0.1105957,-0.036956787,0.11660709
76,1256.5964,77.461296,1256.3373,77.99035,-0.25915527,0.52905273,0.5891165
76,393.07608,447.42673,393.07953,447.3534,0.0034484863,-0.07333374,0.07341478
76,394.27188,299.59558,394.48535,299.52716,0.21347046,-0.06842041,0.22416732
76,418.14468,436.13922,418.17603,436.00604,0.031341553,-0.13317871,0.13681689
76,246.51677,279.85043,246.95325,279.67548,0.43647766,-0.17495728,0.47023696
76,389.75873,329.07742,389.83475,329.08646,0.07601929,0.009033203,0.076554105
76,283.64154,313.17496,283.5087,313.05896,-0.13284302,-0.115997314,0.17635942
76,387.22998,267.11548,387.03528,267.21277,-0.19470215,0.09729004,0.21765633
76,459.05768,353.8264,459.08167,353.7468,0.023986816,-0.079589844,0.083125874
76,429.4757,280.12845,429.40457,280.16013,-0.071136475,0.031677246,0.0778707
76,1150.0682,75.717445,1148.7136,77.22583,-1.3546143,1.5083847,2.0273638
76,239.34248,215.27441,236.05713,212.1013,-3.2853546,-3.173111,4.5675144
76,1257.3529,86.72879,1256.9468,86.85094,-0.40612793,0.12214661,0.42409867
76,429.68173,348.9868,429.6973,348.95575,0.015563965,-0.031036377,0.03472022
76,375.44064,303.7117,375.3171,303.81067,-0.123535156,0.098968506,0.15828992
76,327.90067,235.51465,327.83685,235.53943,-0.063812256,0.024780273,0.06845485
76,416.34668,318.29224,416.37146,318.2956,0.024780273,0.0033569336,0.025006618
76,404.03082,360.71835,404.15048,360.6591,0.119659424,-0.059265137,0.13353176
76,352.35223,285.69766,352.8329,285.6242,0.48065186,-0.07345581,0.4862324
76,418.3078,384.5548,418.29913,384.43445,-0.008666992,-0.12036133,0.12067297
76,367.76016,400.324,367.93057,400.2982,0.17041016,-0.025817871,0.17235482
76,347.0601,382.71515,347.27332,382.6599,0.21322632,-0.055236816,0.22026476
76,306.20477,370.0614,306.38504,370.03598,0.18026733,-0.025421143,0.18205094
76,336.43643,260.1834,336.53552,260.10815,0.099090576,-0.07525635,0.12442853
76,191.44626,487.17868,195.21355,487.9073,3.7672882,0.7286072,3.837099
76,398.2551,239.81845,398.22928,239.80602,-0.025817871,-0.012435913,0.028656838
76,402.02914,413.44836,401.909,413.3905,-0.120147705,-0.057861328,0.13335443
76,387.2106,396.05472,387.3319,395.96042,0.12130737,-0.09429932,0.15364842
76,300.51263,308.83755,300.57587,308.57117,0.06323242,-0.26638794,0.27378982
76,298.73352,339.0994,298.6606,339.0516,-0.072906494,-0.047790527,0.08717392
76,310.85486,272.81308,311.21008,272.72208,0.3552246,-0.09100342,0.36669624
76,419.5118,287.65247,419.7053,287.65063,0.19348145,-0.0018310547,0.1934901
76,321.37784,395.1368,321.4337,395.0579,0.055847168,-0.07891846,0.09668004
77,357.10315,345.45786,357.32138,345.4354,0.2182312,-0.022460938,0.21938403
77,338.8111,345.74677,338.85413,345.74576,0.043029785,-0.0010070801,0.04304157
77,326.988,366.39563,327.10104,366.4325,0.11303711,0.036865234,0.11889674
77,449.06442,329.69882,449.1655,330.04907,0.10107422,0.35025024,0.3645425
77,370.46503,240.6568,370.1972,240.71611,-0.26782227,0.059310913,0.27431104
77,305.7345,238.83183,305.62967,239.0619,-0.10482788,0.23007202,0.25282803
77,411.2064,260.65628,411.39563,260.8783,0.1892395,0.22201538,0.2917232
77,269.32248,260.13873,269.65625,260.15176,0.33377075,0.013031006,0.33402503
77,450.24146,389.12543,450.18912,389.19116,-0.052337646,0.06573486,0.0840256
77,1191.4065,439.95657,1189.9988,440.6853,-1.4077148,0.72872925,1.5851521
77,434.9737,312.8882,435.00058,312.87564,0.026885986,-0.012573242,0.029680679
77,1256.3373,77.99035,1256.0865,78.823395,-0.25073242,0.83304596,0.8699611
77,393.07953,447.3534,392.9729,447.4343,-0.10662842,0.0809021,0.13384606
77,394.48535,299.52716,394.62735,299.53497,0.14199829,0.0078125,0.14221305
77,418.17603,436.00604,418.22296,435.9647,0.046936035,-0.04135132,0.06255336
77,246.95325,279.67548,247.32666,279.60773,0.3734131,-0.06774902,0.37950924
77,389.83475,329.08646,389.8717,329.24194,0.036956787,0.15548706,0.15981874
77,283.5087,313.05896,283.3788,313.08066,-0.12988281,0.021697998,0.13168275
77,387.03528,267.21277,387.07883,267.39563,0.043548584,0.18286133,0.18797538
77,459.08167,353.7468,459.1026,353.84656,0.020935059,0.09976196,0.10193491
77,429.40457,280.16013,429.37677,280.3243,-0.027801514,0.16418457,0.16652176
77,1148.7136,77.22583,1147.0613,78.417595,-1.6523438,1.1917648,2.0372882
77,236.05713,212.1013,230.82507,206.87662,-5.2320557,-5.2246857,7.3940344
77,1256.9468,86.85094,1256.585,86.98045,-0.3618164,0.1295166,0.38429892
77,429.6973,348.95575,429.70023,348.90765,0.0029296875,-0.048095703,0.04818485
77,375.3171,303.81067,375.2732,303.90536,-0.043914795,0.094696045,0.104383186
77,327.83685,235.53943,328.31137,235.6221,0.47451782,0.08267212,0.4816657
77,416.37146,318.2956,416.25977,318.27957,-0.111694336,-0.016021729,0.11283758
77,404.15048,360.6591,404.17142,360.6581,0.020935059,-0.0009765625,0.020957824
77,352.8329,285.6242,352.88248,285.54025,0.049591064,-0.08395386,0.09750653
77,418.29913,384.43445,418.31973,384.3258,0.020599365,-0.10864258,0.110578224
77,367.93057,400.2982,368.0082,400.44482,0.07763672,0.14663696,0.16592124
77,347.27332,382.6599,347.56985,382.78918,0.2965393,0.12927246,0.32349178
77,306.38504,370.03598,306.76944,370.1186,0.3843994,0.082611084,0.39317617
77,336.53552,260.10815,336.74234,260.0863,0.20681763,-0.021850586,0.2079687
77,195.21355,487.9073,199.6829,488.5066,4.4693604,0.5993042,4.509362
77,398.22928,239.80602,398.30447,239.8588,0.07519531,0.05278015,0.091869906
77,401.909,413.3905,402.2292,413.415,0.32019043,0.024505615,0.32112682
77,387.3319,395.96042,387.50806,395.97485,0.17614746,0.014434814,0.17673792
77,300.57587,308.57117,301.00168,308.62888,0.42581177,0.05770874,0.42970452
77,298.6606,339.0516,298.50375,339.0397,-0.15686035,-0.0119018555,0.15731123
77,311.21008,272.72208,311.39914,272.75424,0.1890564,0.032165527,0.19177315
77,419.7053,287.65063,419.91028,287.77493,0.20498657,0.124298096,0.23972799
77,321.4337,395.0579,321.7457,395.04498,0.31201172,-0.012908936,0.31227866
78,357.32138,345.4354,357.38135,345.4336,0.05996704,-0.0018005371,0.059994064
78,338.85413,345.74576,338.8087,345.72,-0.045440674,-0.025756836,0.05223284
78,327.10104,366.4325,326.98294,366.48907,-0.11810303,0.05657959,0.13095638
78,449.1655,330.04907,449.08884,330.3094,-0.076660156,0.26031494,0.2713681
78,370.1972,240.71611,370.05502,240.69618,-0.1421814,-0.019927979,0.14357114
78,305.62967,239.0619,305.55673,239.13156,-0.07293701,0.06965637,0.10085543
78,411.39563,260.8783,411.2779,260.86026,-0.11773682,-0.018035889,0.11911025
78,269.65625,260.15176,270.06815,260.00665,0.41189575,-0.14511108,0.43670967
78,450.18912,389.19116,450.07547,389.1199,-0.11364746,-0.071258545,0.13413994
78,1189.9988,440.6853,1188.279,440.94226,-1.7197266,0.256958,1.7388177
78,435.00058,312.87564,435.13614,312.79257,0.13555908,-0.08306885,0.15898648
78,1256.0865,78.823395,1255.5398,79.12366,-0.5467529,0.30026245,0.62377584
78,392.9729,447.4343,392.9811,447.3448,0.0082092285,-0.08950806,0.08988372
78,394.62735,299.53497,394.73828,299.42142,0.1109314,-0.11355591,0.15874735
78,418.22296,435.9647,418.2507,435.87222,0.027740479,-0.09246826,0.0965397
78,247.32666,279.60773,248.01881,279.43524,0.69215393,-0.17248535,0.713322
78,389.8717,329.24194,389.8537,329.23746,-0.018005371,-0.004486084,0.018555816
78,283.3788,313.08066,283.12347,313.04,-0.25534058,-0.040649414,0.25855595
78,387.07883,267.39563,386.9124,267.4059,-0.16641235,0.010284424,0.16672984
78,459.1026,353.84656,459.00836,353.87125,-0.09423828,0.02468872,0.097418614
78,429.37677,280.3243,429.23438,280.36212,-0.14239502,0.03781128,0.14732967
78,1147.0613,78.417595,1148.8743,79.87575,1.8129883,1.4581528,2.3266146
78,230.82507,206.87662,184.41304,200.5163,-46.412033,-6.360321,46.845818
78,1256.585,86.98045,1255.9113,86.85468,-0.67370605,-0.12577057,0.68534523
78,429.70023,348.90765,429.69058,348.88693,-0.009643555,-0.020721436,0.022855546
78,375.2732,303.90536,375.25742,303.92844,-0.015777588,0.023071289,0.027950253
78,328.31137,235.6221,328.09787,235.66394,-0.21350098,0.0418396,0.21756199
78,416.25977,318.27957,416.1791,318.32913,-0.08065796,0.049560547,0.0946676
78,404.17142,360.6581,403.99774,360.69666,-0.17367554,0.0385437,0.17790112
78,352.88248,285.54025,352.94934,285.38943,0.06686401,-0.15081787,0.16497523
78,418.31973,384.3258,418.14258,384.3995,-0.17715454,0.07369995,0.19187343
78,368.0082,400.44482,367.90457,400.4461,-0.103637695,0.0012817383,0.10364562
78,347.56985,382.78918,347.69073,382.74973,0.12088013,-0.03945923,0.12715752
78,306.76944,370.1186,306.9407,370.05307,0.17126465,-0.06552124,0.18337014
78,336.74234,260.0863,337.00702,260.03058,0.26467896,-0.055725098,0.27048147
78,199.6829,488.5066,203.87138,489.0797,4.1884766,0.5731201,4.227505
78,398.30447,239.8588,398.2327,239.84343,-0.071777344,-0.015365601,0.0734036
78,402.2292,413.415,402.27594,413.42767,0.04675293,0.012664795,0.048437934
78,387.50806,395.97485,387.48758,395.91864,-0.020477295,-0.05621338,0.059826948
78,301.00168,308.62888,301.34775,308.44067,0.34606934,-0.1882019,0.39393392
78,298.50375,339.0397,298.38672,339.0743,-0.11703491,0.034606934,0.122044295
78,311.39914,272.75424,311.6546,272.5771,0.25546265,-0.17715454,0.31087762
78,419.91028,287.77493,420.0532,287.8177,0.14291382,0.042755127,0.14917225
78,321.7457,395.04498,321.8533,394.91342,0.10760498,-0.13156128,0.16996235
79,357.38135,345.4336,357.356,345.46237,-0.025360107,0.028778076,0.038357694
79,338.8087,345.72,338.66443,345.73938,-0.14425659,0.019378662,0.14555238
79,326.98294,366.48907,326.85034,366.5864,-0.13259888,0.09732056,0.16448025
79,449.08884,330.3094,448.79288,330.65012,-0.29595947,0.34072876,0.45131817
79,370.05502,240.69618,369.78632,240.68239,-0.26870728,-0.013793945,0.2690611
79,305.55673,239.13156,305.27216,239.21857,-0.28457642,0.087005615,0.29757977
79,411.2779,260.86026,411.05124,260.88147,-0.22665405,0.021209717,0.22764426
79,270.06815,260.00665,270.0451,260.07587,-0.023040771,0.06921387,0.07294818
79,450.07547,389.1199,449.7021,389.26935,-0.37338257,0.14944458,0.40217936
79,1188.279,440.94226,1187.5139,441.4974,-0.7651367,0.55514526,0.945315
79,435.13614,312.79257,435.13834,312.84717,0.0021972656,0.054595947,0.054640144
79,1255.5398,79.12366,1255.1158,79.82401,-0.4239502,0.7003555,0.81867677
79,392.9811,447.3448,392.77255,447.42627,-0.20855713,0.08148193,0.22390932
79,394.73828,299.42142,394.73477,299.50452,-0.0035095215,0.083099365,0.08317344
79,418.2507,435.87222,418.2105,435.82242,-0.04019165,-0.049804688,0.06399903
79,248.01881,279.43524,248.07362,279.40594,0.05480957,-0.029296875,0.062148176
79,389.8537,329.23746,389.62042,329.43094,-0.23327637,0.19348145,0.30307248
79,283.12347,313.04,282.81732,313.011,-0.30615234,-0.029022217,0.30752486
79,386.9124,267.4059,386.49503,267.51434,-0.41738892,0.108428955,0.4312428
79,459.00836,353.87125,458.85822,353.68558,-0.15014648,-0.18566895,0.23878217
79,429.23438,280.36212,428.92404,280.36838,-0.31033325,0.0062561035,0.3103963
79,1148.8743,79.87575,1147.3999,81.337524,-1.4743652,1.4617767,2.076185
79,1255.9113,86.85468,1255.3823,87.33213,-0.52893066,0.4774475,0.71254736
79,429.69058,348.88693,429.49075,348.92743,-0.1998291,0.040496826,0.20389129
79,375.25742,303.92844,374.95706,304.0812,-0.300354,0.152771,0.33697405
79,328.09787,235.66394,327.90347,235.71184,-0.19439697,0.04789734,0.20021074
79,416.1791,318.32913,415.9751,318.33618,-0.20401001,0.0070495605,0.20413177
79,403.99774,360.69666,403.94403,360.63602,-0.053710938,-0.060638428,0.081005454
79,352.94934,285.38943,352.81354,285.44525,-0.13580322,0.05581665,0.14682648
79,418.14258,384.3995,418.0939,384.4906,-0.048675537,0.09109497,0.10328408
79,367.90457,400.4461,367.67688,400.501,-0.22769165,0.054901123,0.23421703
79,347.69073,382.74973,347.6439,382.72653,-0.046844482,-0.02319336,0.052271765
79,306.9407,370.05307,307.01953,370.09137,0.078826904,0.03829956,0.087638676
79,337.00702,260.03058,336.94302,260.02368,-0.06399536,-0.0068969727,0.064365946
79,203.87138,489.0797,207.69833,490.06635,3.82695,0.9866333,3.952087
79,398.2327,239.84343,398.03415,239.87979,-0.19854736,0.036361694,0.20184952
79,402.27594,413.42767,402.3955,413.63895,0.11956787,0.2112732,0.24276087
79,387.48758,395.91864,387.49698,395.85733,0.009399414,-0.061309814,0.062026143
79,301.34775,308.44067,301.35675,308.37527,0.009002686,-0.06539917,0.06601591
79,298.38672,339.0743,298.18326,339.07767,-0.2034607,0.0033569336,0.20348838
79,311.6546,272.5771,311.84088,272.49765,0.1862793,-0.079437256,0.20250988
79,420.0532,287.8177,420.12054,287.83868,0.067352295,0.020996094,0.07054904
79,321.8533,394.91342,321.9331,394.91754,0.07980347,0.004119873,0.07990974
80,357.356,345.46237,357.1939,345.4304,-0.16207886,-0.031982422,0.16520421
80,338.66443,345.73938,338.2577,345.72534,-0.40673828,-0.014038086,0.40698045
80,326.85034,366.5864,326.30957,366.60037,-0.5407715,0.013977051,0.5409521
80,448.79288,330.65012,448.55573,330.88025,-0.2371521,0.23013306,0.33045778
80,369.78632,240.68239,369.57175,240.73929,-0.21456909,0.056900024,0.22198537
80,305.27216,239.21857,304.82397,239.35182,-0.44818115,0.133255,0.46757165
80,411.05124,260.88147,410.57092,260.80228,-0.48031616,-0.079193115,0.48680097
80,270.0451,260.07587,269.96634,260.0404,-0.07876587,-0.035461426,0.08638041
80,449.7021,389.26935,449.49768,389.17258,-0.20440674,-0.09677124,0.22615655
80,1187.5139,441.4974,1186.034,441.7899,-1.4798584,0.29248047,1.5084846
80,435.13834,312.84717,434.94318,312.88736,-0.19515991,0.04019165,0.19925551
80,1255.1158,79.82401,1254.3977,80.27152,-0.71813965,0.44750977,0.84616166
80,392.77255,447.42627,392.65576,447.32675,-0.11679077,-0.09951782,0.15344016
80,394.73477,299.50452,394.5421,299.43753,-0.19265747,-0.066986084,0.20397067
80,418.2105,435.82242,418.01538,435.79242,-0.1951294,-0.02999878,0.1974219
80,248.07362,279.40594,248.0268,279.1389,-0.046829224,-0.26705933,0.27113402
80,389.62042,329.43094,389.42975,329.50574,-0.19067383,0.074798584,0.20482025
80,282.81732,313.011,282.3595,313.37653,-0.4578247,0.36553955,0.585852
80,386.49503,267.51434,386.2343,267.58102,-0.26071167,0.06668091,0.2691039
80,458.85822,353.68558,458.51086,353.62015,-0.34735107,-0.06542969,0.35345978
80,428.92404,280.36838,428.57953,280.3228,-0.34451294,-0.045562744,0.34751278
80,1255.3823,87.33213,1254.6744,87.30472,-0.70788574,-0.027412415,0.7084163
80,429.49075,348.92743,429.42096,348.8871,-0.0697937,-0.04034424,0.080615245
80,374.95706,304.0812,374.67538,304.08722,-0.28167725,0.006011963,0.2817414
80,327.90347,235.71184,327.3245,235.7603,-0.5789795,0.048461914,0.58100414
80,415.9751,318.33618,415.62787,318.35925,-0.347229,0.023071289,0.34799463
80,403.94403,360.63602,403.75842,360.6235,-0.18560791,-0.012512207,0.18602917
80,352.81354,285.44525,352.696,285.37646,-0.11752319,-0.06878662,0.13617378
80,418.0939,384.4906,417.723,384.4547,-0.37091064,-0.035888672,0.37264284
80,367.67688,400.501,367.3782,400.60144,-0.29867554,0.10043335,0.3151094
80,347.6439,382.72653,347.56696,382.70316,-0.076934814,-0.023376465,0.080407865
80,307.01953,370.09137,306.68027,370.15497,-0.33926392,0.06359863,0.34517357
80,336.94302,260.02368,336.84396,259.9283,-0.09906006,-0.09536743,0.13750578
80,207.69833,490.06635,210.88216,490.87442,3.1838226,0.80807495,3.2847698
80,398.03415,239.87979,398.0004,240.04173,-0.03375244,0.16194153,0.16542155
80,402.3955,413.63895,402.03775,413.56497,-0.35775757,-0.07397461,0.3653255
80,387.49698,395.85733,387.19794,396.0405,-0.29904175,0.1831665,0.35067925
80,301.35675,308.37527,301.25757,308.10034,-0.09918213,-0.27493286,0.29227585
80,298.18326,339.07767,297.8254,339.34854,-0.35784912,0.27087402,0.4488081
80,311.84088,272.49765,311.81018,272.34024,-0.030700684,-0.15740967,0.16037561
80,420.12054,287.83868,420.00214,287.8982,-0.1184082,0.059509277,0.13252115
80,321.9331,394.91754,321.74893,394.90106,-0.18417358,-0.016479492,0.18490939
81,357.1939,345.4304,356.73706,345.41183,-0.45684814,-0.018554688,0.4572248
81,338.2577,345.72534,337.82144,345.69788,-0.43624878,-0.02746582,0.43711254
81,326.30957,366.60037,325.78214,366.74066,-0.5274353,0.1402893,0.54577386
81,448.55573,330.88025,448.13055,330.85727,-0.4251709,-0.022979736,0.42579144
81,369.57175,240.73929,369.26932,240.73874,-0.3024292,-0.0005493164,0.3024297
81,304.82397,239.35182,304.30716,239.41002,-0.5168152,0.05819702,0.5200816
81,410.57092,260.80228,410.08075,260.81335,-0.49017334,0.011077881,0.4902985
81,269.96634,260.0404,269.80084,259.88287,-0.16549683,-0.15753174,0.2284851
81,449.49768,389.17258,449.09662,388.89685,-0.401062,-0.27572632,0.48669884
81,1186.034,441.7899,1184.5732,442.30154,-1.4608154,0.5116577,1.5478293
81,434.94318,312.88736,434.59705,312.7444,-0.34613037,-0.14297485,0.37449706
81,1254.3977,80.27152,1253.9174,80.95084,-0.48034668,0.6793213,0.8319918
81,392.65576,447.32675,392.60123,447.22525,-0.054534912,-0.101501465,0.115224145
81,394.5421,299.43753,394.34564,299.389,-0.19647217,-0.04852295,0.20237537
81,418.01538,435.79242,417.04712,436.0598,-0.9682617,0.26739502,1.0045053
81,248.0268,279.1389,247.81529,279.18988,-0.21150208,0.050994873,0.21756288
81,389.42975,329.50574,388.97314,329.60168,-0.456604,0.095947266,0.46657592
81,282.3595,313.37653,281.80298,313.2733,-0.55651855,-0.10324097,0.56601375
81,386.2343,267.58102,385.82513,267.77423,-0.4091797,0.19320679,0.4525007
81,458.51086,353.62015,458.0516,353.38702,-0.45925903,-0.23312378,0.5150394
81,428.57953,280.3228,427.8608,280.4966,-0.7187195,0.1737976,0.7394344
81,1254.6744,87.30472,1253.9885,87.79683,-0.6859131,0.4921112,0.8441861
81,429.42096,348.8871,429.07672,348.8305,-0.34423828,-0.05657959,0.34885705
81,374.67538,304.08722,374.32715,304.13226,-0.34823608,0.045043945,0.3511372
81,327.3245,235.7603,327.03925,235.81497,-0.2852478,0.05467224,0.29043993
81,415.62787,318.35925,415.05038,318.42752,-0.57748413,0.06826782,0.5815053
81,403.75842,360.6235,403.39435,360.62225,-0.3640747,-0.0012512207,0.36407685
81,352.696,285.37646,352.1162,285.18356,-0.57980347,-0.19290161,0.61105084
81,417.723,384.4547,417.46548,384.4752,-0.25750732,0.020477295,0.2583202
81,367.3782,400.60144,366.854,400.24307,-0.52420044,-0.35836792,0.6349911
81,347.56696,382.70316,347.1554,382.54865,-0.41156006,-0.1545105,0.43960798
81,306.68027,370.15497,306.41922,370.01807,-0.26104736,-0.13690186,0.29476744
81,336.84396,259.9283,336.753,259.93994,-0.0909729,0.011627197,0.09171292
81,210.88216,490.87442,213.1007,491.93893,2.2185364,1.0645142,2.46071
81,398.0004,240.04173,397.5836,239.91869,-0.41680908,-0.123046875,0.43459216
81,402.03775,413.56497,401.779,413.5592,-0.25875854,-0.0057678223,0.25882283
81,387.19794,396.0405,387.10486,395.82437,-0.09307861,-0.21612549,0.2353165
81,301.25757,308.10034,300.89682,307.79886,-0.3607483,-0.30148315,0.4701398
81,297.8254,339.34854,297.41104,339.04822,-0.41436768,-0.3003235,0.51175654
81,311.81018,272.34024,311.542,271.94562,-0.26818848,-0.3946228,0.47712913
81,420.00214,287.8982,419.64374,288.0598,-0.35839844,0.1616211,0.39315495
81,321.74893,394.90106,321.39938,394.76303,-0.34954834,-0.138031,0.3758146
82,356.73706,345.41183,356.62247,345.409,-0.114593506,-0.0028381348,0.11462864
82,337.82144,345.69788,337.39047,345.68716,-0.43096924,-0.01071167,0.43110234
82,325.78214,366.74066,325.1215,366.78296,-0.66064453,0.042297363,0.6619972
82,448.13055,330.85727,447.57648,331.25595,-0.55407715,0.39868164,0.68260425
82,369.26932,240.73874,368.49377,240.79921,-0.7755432,0.06047058,0.7778971
82,304.30716,239.41002,303.63986,239.57208,-0.66729736,0.1620636,0.6866953
82,410.08075,260.81335,409.25137,260.6923,-0.8293762,-0.12106323,0.8381654
82,269.80084,259.88287,269.5269,260.00836,-0.2739563,0.12548828,0.3013293
82,449.09662,388.89685,448.45935,388.9556,-0.63726807,0.058746338,0.6399701
82,1184.5732,442.30154,1182.3654,442.75754,-2.2078857,0.45599365,2.254482
82,434.59705,312.7444,434.34097,312.81696,-0.256073,0.0725708,0.26615766
82,1253.9174,80.95084,1252.9414,81.548546,-0.97595215,0.597702,1.1444345
82,392.60123,447.22525,392.04706,447.20547,-0.5541687,-0.01977539,0.55452144
82,394.34564,299.389,393.51166,299.3332,-0.8339844,-0.05581665,0.8358501
82,417.04712,436.0598,417.10703,435.76575,0.059906006,-0.29406738,0.30010724
82,247.81529,279.18988,247.75183,279.14862,-0.0634613,-0.041259766,0.075694814
82,388.97314,329.60168,388.30328,329.54282,-0.66986084,-0.05886841,0.6724426
82,281.80298,313.2733,281.09442,313.16107,-0.7085571,-0.112213135,0.7173876
82,385.82513,267.77423,384.90863,267.76865,-0.9165039,-0.005584717,0.9165209
82,458.0516,353.38702,457.5096,353.54843,-0.5419922,0.16140747,0.56551564
82,427.8608,280.4966,427.20554,280.49832,-0.65527344,0.0017089844,0.65527564
82,1253.9885,87.79683,1252.7233,88.303955,-1.2652588,0.50712585,1.3631054
82,429.07672,348.8305,428.40805,349.0484,-0.66867065,0.21789551,0.7032773
82,374.32715,304.13226,373.56778,304.08145,-0.7593689,-0.050811768,0.761067
82,327.03925,235.81497,326.0807,235.86769,-0.9585571,0.052719116,0.96000576
82,415.05038,318.42752,414.46915,318.63068,-0.5812378,0.20315552,0.6157187
82,403.39435,360.62225,402.89087,360.78622,-0.503479,0.16397095,0.5295069
82,352.1162,285.18356,352.01297,285.14267,-0.10324097,-0.040893555,0.11104494
82,417.46548,384.4752,416.94397,384.41074,-0.5215149,-0.064453125,0.5254826
82,366.854,400.24307,366.45374,400.3468,-0.40026855,0.10372925,0.41349083
82,347.1554,382.54865,346.7941,382.55832,-0.3612976,0.009674072,0.3614271
82,306.41922,370.01807,305.8618,370.14615,-0.5574341,0.12808228,0.5719596
82,336.753,259.93994,336.30838,259.82724,-0.4446106,-0.112701416,0.4586722
82,213.1007,491.93893,215.48843,493.35654,2.387741,1.4176025,2.7768514
82,397.5836,239.91869,396.88998,239.9304,-0.6936035,0.01171875,0.6937025
82,401.779,413.5592,401.1688,413.39362,-0.610199,-0.16558838,0.6322676
82,387.10486,395.82437,386.53745,395.9561,-0.56741333,0.13171387,0.58250016
82,300.89682,307.79886,300.71957,307.88202,-0.1772461,0.0831604,0.19578516
82,297.41104,339.04822,296.75467,339.13266,-0.6563721,0.08444214,0.6617815
82,311.542,271.94562,311.0141,271.91006,-0.52789307,-0.03555298,0.5290889
82,419.64374,288.0598,419.18167,287.8946,-0.46206665,-0.16522217,0.4907178
82,321.39938,394.76303,321.08374,394.758,-0.3156433,-0.0050354004,0.31568348
83,356.62247,345.409,356.07452,345.49448,-0.5479431,0.08547974,0.5545705
83,337.39047,345.68716,336.97803,345.7921,-0.41244507,0.10494995,0.42558834
83,325.1215,366.78296,324.42587,366.96948,-0.6956177,0.18652344,0.72019094
83,447.57648,331.25595,447.09888,331.59482,-0.4776001,0.3388672,0.58560467
83,368.49377,240.79921,367.8763,240.93384,-0.61746216,0.1346283,0.6319686
83,303.63986,239.57208,302.6706,239.73758,-0.9692688,0.16549683,0.9832961
83,409.25137,260.6923,408.83838,260.8493,-0.41299438,0.15701294,0.44183415
83,269.5269,260.00836,269.08356,260.00824,-0.44332886,-0.00012207031,0.4433289
83,448.45935,388.9556,447.889,389.04962,-0.570343,0.09402466,0.5780414
83,1182.3654,442.75754,1180.0247,443.11133,-2.3406982,0.35379028,2.3672845
83,434.34097,312.81696,433.71652,312.94714,-0.6244507,0.13018799,0.6378774
83,1252.9414,81.548546,1251.1198,81.958275,-1.8216553,0.409729,1.8671652
83,392.04706,447.20547,391.46338,447.179,-0.5836792,-0.026489258,0.58427995
83,393.51166,299.3332,393.16104,299.3185,-0.35061646,-0.014678955,0.3509236
83,417.10703,435.76575,416.45325,435.78036,-0.6537781,0.01461792,0.65394145
83,247.75183,279.14862,247.78625,279.05334,0.034423828,-0.09527588,0.101303965
83,388.30328,329.54282,387.93973,329.68524,-0.3635559,0.14242554,0.3904586
83,281.09442,313.16107,280.52203,313.21173,-0.5723877,0.05065918,0.57462513
83,384.90863,267.76865,384.26767,267.8731,-0.6409607,0.10446167,0.64941734
83,457.5096,353.54843,457.07538,353.5524,-0.43423462,0.003967285,0.43425274
83,427.20554,280.49832,426.5132,280.5077,-0.6923218,0.0093688965,0.69238514
83,1252.7233,88.303955,1249.9725,88.73977,-2.7507324,0.4358139,2.7850428
83,428.40805,349.0484,427.7699,349.12924,-0.6381531,0.080841064,0.64325315
83,373.56778,304.08145,373.04782,304.44534,-0.5199585,0.3638916,0.6346447
83,326.0807,235.86769,326.03918,235.9762,-0.041503906,0.10850525,0.11617213
83,414.46915,318.63068,413.65753,318.8393,-0.811615,0.20861816,0.83799785
83,402.89087,360.78622,402.18045,360.8354,-0.7104187,0.04916382,0.71211785
83,352.01297,285.14267,351.68256,285.16733,-0.33041382,0.024658203,0.33133262
83,416.94397,384.41074,416.27448,384.62796,-0.6694946,0.21722412,0.70385325
83,366.45374,400.3468,365.7903,400.84,-0.66342163,0.49319458,0.82666147
83,346.7941,382.55832,346.1069,382.6596,-0.6871948,0.10128784,0.6946193
83,305.8618,370.14615,305.61282,370.1671,-0.2489624,0.020965576,0.24984361
83,336.30838,259.82724,335.89136,260.03296,-0.4170227,0.205719,0.4650035
83,215.48843,493.35654,216.98663,493.94028,1.4981995,0.58374023,1.6079037
83,396.88998,239.9304,396.20078,239.85701,-0.689209,-0.073394775,0.69310594
83,401.1688,413.39362,400.70334,413.89764,-0.4654541,0.5040283,0.68607
83,386.53745,395.9561,385.92984,395.993,-0.607605,0.03692627,0.608726
83,300.71957,307.88202,300.20096,307.7637,-0.5186157,-0.11831665,0.5319409
83,296.75467,339.13266,296.1132,339.29047,-0.6414795,0.1578064,0.6606049
83,311.0141,271.91006,310.56815,271.89682,-0.44595337,-0.013244629,0.44615
83,419.18167,287.8946,418.63586,287.97446,-0.5458069,0.0798645,0.551619
83,321.08374,394.758,320.5874,394.76428,-0.4963379,0.006286621,0.4963777
84,356.07452,345.49448,355.6696,345.46393,-0.40493774,-0.030548096,0.40608838
84,336.97803,345.7921,336.50415,345.77756,-0.47387695,-0.014556885,0.4741005
84,324.42587,366.96948,323.82867,366.99622,-0.5971985,0.026733398,0.59779656
84,447.09888,331.59482,446.68173,331.64728,-0.41714478,0.052459717,0.42043048
84,367.8763,240.93384,367.29758,241.00937,-0.57873535,0.075531006,0.5836434
84,302.6706,239.73758,302.12842,239.79332,-0.5421753,0.055740356,0.54503304
84,408.83838,260.8493,408.09973,260.77557,-0.73864746,-0.07373047,0.74231815
84,269.08356,260.00824,268.83612,259.99847,-0.24743652,-0.009765625,0.24762917
84,447.889,389.04962,447.46982,388.9323,-0.41918945,-0.11730957,0.43529454
84,1180.0247,443.11133,1176.9048,443.46213,-3.119873,0.35079956,3.139533
84,433.71652,312.94714,433.44864,312.847,-0.2678833,-0.10015869,0.28599513
84,1251.1198,81.958275,1249.4146,82.57716,-1.7052002,0.61888885,1.8140372
84,391.46338,447.179,390.8756,447.2311,-0.58776855,0.052124023,0.5900752
84,393.16104,299.3185,392.81137,299.52652,-0.3496704,0.20800781,0.40686193
84,416.45325,435.78036,416.3225,435.52893,-0.1307373,-0.25143433,0.28339276
84,247.78625,279.05334,247.83609,278.9705,0.049835205,-0.082855225,0.09668782
84,387.93973,329.68524,387.2399,329.5919,-0.6998291,-0.09335327,0.70602804
84,280.52203,313.21173,279.66,313.1817,-0.86203,-0.030029297,0.8625529
84,384.26767,267.8731,383.65048,268.02597,-0.6171875,0.15286255,0.63583595
84,457.07538,353.5524,456.6727,353.2096,-0.40267944,-0.34280396,0.5288339
84,426.5132,280.5077,426.0679,280.782,-0.4453125,0.2743225,0.5230259
84,1249.9725,88.73977,1242.9291,89.94135,-7.043457,1.2015839,7.1452146
84,427.7699,349.12924,427.37167,349.03796,-0.39822388,-0.091278076,0.40855104
84,373.04782,304.44534,372.52286,304.31305,-0.5249634,-0.1322937,0.5413762
84,326.03918,235.9762,324.96957,236.04242,-1.0696106,0.066223145,1.0716586
84,413.65753,318.8393,413.2072,318.70895,-0.45031738,-0.13034058,0.46880102
84,402.18045,360.8354,401.66354,360.8007,-0.51690674,-0.034698486,0.51807004
84,351.68256,285.16733,351.12384,285.15625,-0.5587158,-0.011077881,0.5588256
84,416.27448,384.62796,415.81686,384.53772,-0.45761108,-0.09024048,0.4664239
84,365.7903,400.84,365.28418,400.76517,-0.50613403,-0.0748291,0.5116357
84,346.1069,382.6596,345.95663,382.57248,-0.15026855,-0.087127686,0.17370053
84,305.61282,370.1671,305.18555,370.0055,-0.4272766,-0.1616211,0.45682237
84,335.89136,260.03296,335.8427,259.91028,-0.04864502,-0.122680664,0.13197304
84,216.98663,493.94028,218.28523,495.92972,1.2985992,1.9894409,2.3757598
84,396.20078,239.85701,395.65152,239.91727,-0.5492554,0.060256958,0.5525508
84,400.70334,413.89764,400.00925,413.6346,-0.6940918,-0.263031,0.7422592
84,385.92984,395.993,385.64908,395.90836,-0.28076172,-0.08465576,0.2932469
84,300.20096,307.7637,300.1217,307.41544,-0.07925415,-0.3482666,0.3571706
84,296.1132,339.29047,295.39288,339.3413,-0.7203064,0.050842285,0.7220985
84,310.56815,271.89682,310.49515,271.7028,-0.07299805,-0.19403076,0.20730811
84,418.63586,287.97446,418.2285,288.1762,-0.40737915,0.20175171,0.4546004
84,320.5874,394.76428,320.22208,394.7907,-0.36532593,0.026428223,0.36628062
85,355.6696,345.46393,355.36118,345.47885,-0.30841064,0.014923096,0.30877146
85,336.50415,345.77756,336.0536,345.77383,-0.45056152,-0.0037231445,0.4505769
85,323.82867,366.99622,323.26123,367.16238,-0.56744385,0.16616821,0.59127355
85,446.68173,331.64728,446.3076,331.99146,-0.3741455,0.34417725,0.5083727
85,367.29758,241.00937,366.9368,240.97981,-0.3607788,-0.029556274,0.36198747
85,302.12842,239.79332,301.39264,239.91685,-0.7357788,0.123535156,0.74607736
85,408.09973,260.77557,407.42505,260.78693,-0.6746826,0.011352539,0.6747781
85,268.83612,259.99847,268.41562,259.95148,-0.4205017,-0.04699707,0.42311987
85,447.46982,388.9323,446.73822,389.02722,-0.7315979,0.09490967,0.7377285
85,1176.9048,443.46213,1170.9329,443.59344,-5.971924,0.13131714,5.973367
85,433.44864,312.847,432.8731,312.80588,-0.575531,-0.041107178,0.57699716
85,1249.4146,82.57716,1245.6072,83.13236,-3.807373,0.55519867,3.8476403
85,390.8756,447.2311,390.65167,447.2779,-0.22393799,0.046783447,0.22877263
85,392.81137,299.52652,392.427,299.38873,-0.3843689,-0.13778687,0.40831932
85,416.3225,435.52893,415.6442,435.49896,-0.6783142,-0.029968262,0.6789759
85,247.83609,278.9705,247.57083,278.65973,-0.2652588,-0.3107605,0.40857595
85,387.2399,329.5919,386.63757,329.56323,-0.60232544,-0.028656006,0.6030067
85,279.66,313.1817,279.13614,312.84732,-0.52386475,-0.3343811,0.6214861
85,383.65048,268.02597,383.04144,268.09018,-0.6090393,0.064208984,0.61241466
85,456.6727,353.2096,456.0379,353.2004,-0.63479614,-0.009185791,0.6348626
85,426.0679,280.782,425.29373,280.78354,-0.7741699,0.0015258789,0.7741714
85,427.37167,349.03796,426.7363,349.13986,-0.635376,0.10189819,0.643495
85,372.52286,304.31305,371.84616,304.2543,-0.6766968,-0.058746338,0.67924196
85,324.96957,236.04242,324.7786,236.0988,-0.190979,0.056381226,0.19912766
85,413.2072,318.70895,412.70306,318.78235,-0.5041504,0.073394775,0.50946486
85,401.66354,360.8007,401.1607,360.9313,-0.50283813,0.13061523,0.5195253
85,351.12384,285.15625,350.82553,285.10242,-0.29830933,-0.053833008,0.30312777
85,415.81686,384.53772,415.35043,384.43393,-0.46643066,-0.10379028,0.47783887
85,365.28418,400.76517,364.66574,400.91248,-0.6184387,0.14730835,0.6357407
85,345.95663,382.57248,345.5719,382.47937,-0.3847351,-0.09310913,0.39584142
85,305.18555,370.0055,304.72064,370.04822,-0.4649048,0.04272461,0.46686384
85,335.8427,259.91028,335.46677,259.81058,-0.37594604,-0.09970093,0.3889418
85,218.28523,495.92972,218.9223,497.1522,0.6370697,1.2224731,1.3785131
85,395.65152,239.91727,395.21,239.7991,-0.44152832,-0.11816406,0.45706674
85,400.00925,413.6346,399.66272,413.76157,-0.3465271,0.12695312,0.36905032
85,385.64908,395.90836,385.29456,395.96964,-0.3545227,0.061279297,0.3597798
85,300.1217,307.41544,299.51282,307.34204,-0.6088867,-0.073394775,0.61329424
85,295.39288,339.3413,294.70737,339.204,-0.68551636,-0.13729858,0.6991306
85,310.49515,271.7028,310.09488,271.77234,-0.40026855,0.06954956,0.406266
85,418.2285,288.1762,417.83075,288.13272,-0.3977356,-0.04348755,0.40010595
85,320.22208,394.7907,319.8631,394.8914,-0.35897827,0.10067749,0.37282887
86,355.36118,345.47885,354.97534,345.4401,-0.38583374,-0.038757324,0.38777545
86,336.0536,345.77383,335.57773,345.77322,-0.4758606,-0.00061035156,0.47586098
86,323.26123,367.16238,322.54315,367.3107,-0.7180786,0.14831543,0.73323554
86,446.3076,331.99146,445.73914,332.1226,-0.5684509,0.13113403,0.58338034
86,366.9368,240.97981,366.20517,241.07085,-0.7316284,0.091033936,0.73727024
86,301.39264,239.91685,300.72983,240.07182,-0.6628113,0.15496826,0.6806864
86,407.42505,260.78693,406.75647,260.77158,-0.6685791,-0.015350342,0.6687553
86,268.41562,259.95148,268.06488,259.9784,-0.35073853,0.026916504,0.35176983
86,446.73822,389.02722,446.18427,389.12784,-0.5539551,0.100616455,0.56301856
86,432.8731,312.80588,432.52982,312.90817,-0.34329224,0.10229492,0.35820916
86,390.65167,447.2779,389.52405,447.45584,-1.1276245,0.177948,1.1415789
86,392.427,299.38873,392.19797,299.26495,-0.22903442,-0.1237793,0.26034224
86,415.6442,435.49896,415.43307,435.33984,-0.2111206,-0.15911865,0.2643684
86,247.57083,278.65973,247.63527,278.55045,0.064437866,-0.10928345,0.1268665
86,386.63757,329.56323,385.99493,329.63574,-0.64263916,0.072509766,0.6467169
86,279.13614,312.84732,278.4711,312.70425,-0.66503906,-0.1430664,0.68025357
86,383.04144,268.09018,382.52237,268.16196,-0.5190735,0.071777344,0.5240127
86,456.0379,353.2004,455.489,353.19675,-0.54888916,-0.0036621094,0.5489014
86,425.29373,280.78354,424.6299,280.71365,-0.66381836,-0.069885254,0.6674869
86,426.7363,349.13986,426.0473,349.28714,-0.68899536,0.14727783,0.7045604
86,371.84616,304.2543,371.37344,304.30457,-0.4727173,0.05026245,0.47538188
86,324.7786,236.0988,323.91043,236.17607,-0.86816406,0.07727051,0.871596
86,412.70306,318.78235,412.05472,318.69446,-0.64834595,-0.087890625,0.65427613
86,401.1607,360.9313,400.3053,360.7755,-0.8554077,-0.15579224,0.86947894
86,350.82553,285.10242,350.58832,285.13962,-0.23721313,0.037200928,0.24011242
86,415.35043,384.43393,414.59134,384.45273,-0.75909424,0.018798828,0.759327
86,364.66574,400.91248,364.1378,400.89267,-0.5279541,-0.019805908,0.5283255
86,345.5719,382.47937,345.20312,382.51694,-0.3687744,0.03756714,0.37068295
86,304.72064,370.04822,304.3265,370.01462,-0.39413452,-0.033599854,0.39556414
86,335.46677,259.81058,335.1084,259.71973,-0.35836792,-0.09085083,0.3697045
86,218.9223,497.1522,219.43306,499.43796,0.51075745,2.2857666,2.3421364
86,395.21,239.7991,394.5344,239.77547,-0.67559814,-0.023635864,0.67601144
86,399.66272,413.76157,399.14615,413.87485,-0.51657104,0.11328125,0.5288462
86,385.29456,395.96964,384.72006,396.1548,-0.5744934,0.18515015,0.603592
86,299.51282,307.34204,299.33627,307.08588,-0.17654419,-0.25616455,0.3111079
86,294.70737,339.204,294.4152,339.15646,-0.2921753,-0.047546387,0.29601866
86,310.09488,271.77234,309.54315,271.61862,-0.5517273,-0.15371704,0.57274073
86,417.83075,288.13272,417.35608,288.0531,-0.4746704,-0.07962036,0.48130178
86,319.8631,394.8914,319.23853,394.61374,-0.62457275,-0.27764893,0.6835057
87,354.97534,345.4401,354.76575,345.60617,-0.20959473,0.16607666,0.26741615
87,335.57773,345.77322,335.36285,345.79623,-0.21487427,0.023010254,0.21610281
87,322.54315,367.3107,322.07712,367.4583,-0.46603394,0.14761353,0.48885313
87,445.73914,332.1226,445.44217,332.3018,-0.29696655,0.17919922,0.34684506
87,366.20517,241.07085,365.70294,241.164,-0.5022278,0.09315491,0.5107941
87,300.72983,240.07182,300.4133,240.20703,-0.31652832,0.13520813,0.34419677
87,406.75647,260.77158,406.31342,260.9209,-0.4430542,0.14932251,0.46754062
87,268.06488,259.9784,267.93716,260.17996,-0.12771606,0.2015686,0.23862375
87,446.18427,389.12784,445.76172,389.1953,-0.4225464,0.067474365,0.4278998
87,432.52982,312.90817,432.10873,312.9033,-0.42108154,-0.0048828125,0.42110986
87,389.52405,447.45584,389.0774,447.40326,-0.44665527,-0.052581787,0.4497397
87,392.19797,299.26495,391.80496,299.25848,-0.39300537,-0.0064697266,0.39305863
87,415.43307,435.33984,414.902,435.3168,-0.5310669,-0.023040771,0.53156644
87,247.63527,278.55045,247.72408,278.55685,0.08880615,0.0064086914,0.08903709
87,385.99493,329.63574,385.75388,329.68045,-0.24105835,0.044708252,0.24516924
87,278.4711,312.70425,277.8348,313.1893,-0.6362915,0.4850464,0.80008554
87,382.52237,268.16196,382.0326,268.29764,-0.4897766,0.13568115,0.5082229
87,455.489,353.19675,455.19235,353.22537,-0.29666138,0.028625488,0.29803923
87,424.6299,280.71365,424.00684,280.85782,-0.6230774,0.14416504,0.6395381
87,426.0473,349.28714,425.7926,349.1548,-0.2546997,-0.13235474,0.2870361
87,371.37344,304.30457,370.9134,304.35297,-0.4600525,0.04840088,0.46259156
87,323.91043,236.17607,323.7764,236.28876,-0.1340332,0.11268616,0.17510873
87,412.05472,318.69446,411.55508,318.8401,-0.4996338,0.14562988,0.5204248
87,400.3053,360.7755,400.14133,360.77484,-0.16397095,-0.0006713867,0.16397232
87,350.58832,285.13962,350.2664,285.02402,-0.32192993,-0.115600586,0.3420561
87,414.59134,384.45273,414.32962,384.40552,-0.26171875,-0.047210693,0.26594275
87,364.1378,400.89267,363.74356,401.12616,-0.39422607,0.23348999,0.4581831
87,345.20312,382.51694,345.131,382.53088,-0.07211304,0.013946533,0.07344928
87,304.3265,370.01462,304.01205,369.8662,-0.31445312,-0.14840698,0.34771454
87,335.1084,259.71973,334.81763,259.7627,-0.29077148,0.04296875,0.2939292
87,219.43306,499.43796,220.34154,501.5182,0.9084778,2.0802307,2.269954
87,394.5344,239.77547,394.64374,240.1371,0.10934448,0.3616333,0.37780267
87,399.14615,413.87485,398.97134,413.8843,-0.17480469,0.009460449,0.1750605
87,384.72006,396.1548,384.80237,395.80307,0.08230591,-0.3517151,0.36121708
87,299.33627,307.08588,298.95416,306.92645,-0.3821106,-0.15942383,0.41403437
87,294.4152,339.15646,294.1172,339.01547,-0.29800415,-0.14099121,0.32967407
87,309.54315,271.61862,309.51398,271.66602,-0.029174805,0.0473938,0.055653762
87,417.35608,288.0531,416.8323,287.97327,-0.5237732,-0.079833984,0.52982247
87,319.23853,394.61374,319.24646,394.45325,0.00793457,-0.16049194,0.16068797
88,354.76575,345.60617,354.4173,345.38666,-0.3484497,-0.21951294,0.411829
88,335.36285,345.79623,334.85257,345.79028,-0.5102844,-0.0059509277,0.5103191
88,322.07712,367.4583,321.317,367.54446,-0.76013184,0.08615112,0.7649983
88,445.44217,332.3018,444.8807,332.54813,-0.5614624,0.24633789,0.6131251
88,365.70294,241.164,365.07135,241.22298,-0.6315918,0.05897522,0.6343393
88,300.4133,240.20703,299.7706,240.35884,-0.6427002,0.15180969,0.660386
88,406.31342,260.9209,405.82257,260.97208,-0.49084473,0.05117798,0.49350557
88,267.93716,260.17996,267.74652,260.07965,-0.19064331,-0.10031128,0.21542336
88,445.76172,389.1953,445.3215,388.77252,-0.44021606,-0.42279053,0.61036223
88,432.10873,312.9033,431.8592,312.78772,-0.24954224,-0.11557007,0.27500504
88,389.0774,447.40326,388.95987,447.15756,-0.11752319,-0.24569702,0.2723577
88,391.80496,299.25848,391.52795,299.16937,-0.27700806,-0.08911133,0.29098848
88,414.902,435.3168,413.93445,435.54004,-0.9675598,0.22323608,0.9929785
88,247.72408,278.55685,247.97806,278.43497,0.25398254,-0.12188721,0.2817155
88,385.75388,329.68045,385.43622,329.74313,-0.31765747,0.062683105,0.323783
88,277.8348,313.1893,277.40936,312.8541,-0.42544556,-0.33520508,0.54163307
88,382.0326,268.29764,381.45227,268.36636,-0.58032227,0.068725586,0.5843775
88,455.19235,353.22537,454.7308,352.74304,-0.46154785,-0.48233032,0.6675844
88,424.00684,280.85782,423.44058,280.86923,-0.56625366,0.011413574,0.5663687
88,425.7926,349.1548,425.3861,349.17612,-0.40649414,0.021331787,0.40705347
88,370.9134,304.35297,370.3632,304.47745,-0.5502014,0.1244812,0.5641074
88,323.7764,236.28876,323.48962,236.37715,-0.28677368,0.088394165,0.30008778
88,411.55508,318.8401,410.83337,318.72968,-0.7217102,-0.1104126,0.73010725
88,400.14133,360.77484,399.56622,360.65057,-0.57510376,-0.12426758,0.5883764
88,350.2664,285.02402,349.87927,284.887,-0.38711548,-0.13702393,0.41065064
88,414.32962,384.40552,413.98096,384.34747,-0.34866333,-0.058044434,0.35346183
88,363.74356,401.12616,363.06924,400.7635,-0.6743164,-0.3626709,0.7656584
88,345.131,382.53088,344.665,382.3436,-0.46600342,-0.18728638,0.5022304
88,304.01205,369.8662,303.6294,369.8357,-0.3826599,-0.030517578,0.3838749
88,334.81763,259.7627,334.38947,259.63348,-0.42816162,-0.12921143,0.44723368
88,220.34154,501.5182,222.24805,503.3012,1.9065094,1.78302,2.610352
88,394.64374,240.1371,393.97546,240.12701,-0.6682739,-0.01008606,0.66835004
88,398.97134,413.8843,398.7112,413.76077,-0.26013184,-0.123535156,0.28797483
88,384.80237,395.80307,384.35907,395.7799,-0.44329834,-0.023162842,0.44390306
88,298.95416,306.92645,298.87637,306.78586,-0.07778931,-0.14059448,0.16067976
88,294.1172,339.01547,293.52896,339.04736,-0.5882263,0.03189087,0.58909017
88,309.51398,271.66602,309.33023,271.62106,-0.18374634,-0.044952393,0.1891651
88,416.8323,287.97327,416.518,288.00754,-0.31430054,0.03427124,0.31616348
88,319.24646,394.45325,318.84927,394.4347,-0.39718628,-0.018554688,0.39761943
89,354.4173,345.38666,354.44766,345.37122,0.03036499,-0.0154418945,0.034065887
89,334.85257,345.79028,334.54108,345.73932,-0.31149292,-0.050964355,0.3156346
89,321.317,367.54446,320.8542,367.5681,-0.46279907,0.023651123,0.46340302
89,444.8807,332.54813,444.6809,332.52396,-0.19979858,-0.024169922,0.2012552
89,365.07135,241.22298,364.7271,241.26561,-0.34423828,0.042633057,0.34686825
89,299.7706,240.35884,299.2755,240.53096,-0.49508667,0.17211914,0.52415246
89,405.82257,260.97208,405.21158,260.8608,-0.61099243,-0.11126709,0.6210412
89,267.74652,260.07965,267.5721,260.15167,-0.17440796,0.072021484,0.18869348
89,445.3215,388.77252,444.77628,388.88455,-0.54522705,0.11203003,0.55661774
89,431.8592,312.78772,431.5875,312.833,-0.271698,0.045288086,0.27544656
89,388.95987,447.15756,388.39026,447.1101,-0.5696106,-0.047454834,0.5715839
89,391.52795,299.16937,391.28583,299.11865,-0.24212646,-0.050720215,0.24738182
89,413.93445,435.54004,414.23456,435.06717,0.30010986,-0.47286987,0.56006414
89,247.97806,278.43497,248.19994,278.3203,0.22187805,-0.11465454,0.24975094
89,385.43622,329.74313,385.146,329.7984,-0.29022217,0.055267334,0.2954376
89,277.40936,312.8541,276.98282,312.7443,-0.4265442,-0.109802246,0.4404503
89,381.45227,268.36636,380.90674,268.47568,-0.5455322,0.109313965,0.55637664
89,454.7308,352.74304,454.37366,352.72958,-0.35714722,-0.013458252,0.3574007
89,423.44058,280.86923,423.0038,281.12643,-0.43676758,0.25720215,0.50687164
89,425.3861,349.17612,425.13617,349.20483,-0.24993896,0.028717041,0.2515833
89,370.3632,304.47745,369.9392,304.44794,-0.4239807,-0.029510498,0.4250065
89,323.48962,236.37715,323.25476,236.43564,-0.23486328,0.05848694,0.24203612
89,410.83337,318.72968,410.5555,319.02515,-0.27786255,0.2954712,0.40559933
89,399.56622,360.65057,399.29794,360.55753,-0.26828003,-0.093048096,0.28395796
89,349.87927,284.887,349.85104,284.82358,-0.02822876,-0.06341553,0.06941464
89,413.98096,384.34747,413.39566,384.57254,-0.58529663,0.22506714,0.6270784
89,363.06924,400.7635,362.613,400.84152,-0.4562378,0.07803345,0.462863
89,344.665,382.3436,344.46866,382.24118,-0.1963501,-0.10241699,0.22145565
89,303.6294,369.8357,303.79688,369.91974,0.16748047,0.08404541,0.18738553
89,334.38947,259.63348,334.3053,259.67548,-0.08416748,0.041992188,0.094061196
89,222.24805,503.3012,223.96797,505.60205,1.7199249,2.3008423,2.8726325
89,393.97546,240.12701,393.64465,240.00266,-0.33081055,-0.12435913,0.35341308
89,398.7112,413.76077,398.34335,413.7955,-0.3678589,0.034729004,0.3694946
89,384.35907,395.7799,383.88254,395.919,-0.47653198,0.13909912,0.49641848
89,298.87637,306.78586,298.6322,306.46948,-0.24417114,-0.31637573,0.39964128
89,293.52896,339.04736,293.18076,339.0285,-0.34820557,-0.018859863,0.34871596
89,309.33023,271.62106,308.95197,271.4811,-0.37826538,-0.13995361,0.40332583
89,416.518,288.00754,416.20154,288.08713,-0.3164673,0.079589844,0.32632205
89,318.84927,394.4347,318.63266,394.29312,-0.21661377,-0.14157104,0.2587738
90,354.44766,345.37122,354.0215,345.396,-0.42614746,0.024780273,0.42686734
90,334.54108,345.73932,334.29193,345.80338,-0.24914551,0.0640564,0.25724834
90,320.8542,367.5681,320.43924,367.6497,-0.4149475,0.08157349,0.42288968
90,444.6809,332.52396,444.21838,332.78244,-0.4625244,0.2584839,0.5298516
90,364.7271,241.26561,364.46024,241.32109,-0.26687622,0.055480957,0.27258217
90,299.2755,240.53096,298.89838,240.59906,-0.37713623,0.068099976,0.38323534
90,405.21158,260.8608,405.1085,261.0852,-0.10308838,0.22439575,0.24694264
90,267.5721,260.15167,267.37277,260.2667,-0.19934082,0.11502075,0.23014459
90,444.77628,388.88455,444.7161,388.82233,-0.060180664,-0.06222534,0.086566195
90,431.5875,312.833,431.0748,312.93106,-0.5126953,0.09805298,0.52198744
90,388.39026,447.1101,388.2731,447.10455,-0.11715698,-0.005554199,0.11728857
90,391.28583,299.11865,390.9856,299.1013,-0.30023193,-0.017364502,0.3007337
90,414.23456,435.06717,413.69913,435.2905,-0.5354309,0.22332764,0.5801392
90,248.19994,278.3203,247.87732,278.64038,-0.32261658,0.32006836,0.45445046
90,385.146,329.7984,384.9899,329.81973,-0.15609741,0.021331787,0.15754825
90,276.98282,312.7443,276.91388,312.9623,-0.06893921,0.21801758,0.22865756
90,380.90674,268.47568,380.84134,268.58414,-0.06539917,0.10845947,0.12665112
90,454.37366,352.72958,453.82977,353.0103,-0.5438843,0.2807312,0.61206216
90,423.0038,281.12643,422.9718,281.30478,-0.03201294,0.17834473,0.18119511
90,425.13617,349.20483,424.96667,349.36536,-0.16949463,0.16052246,0.23344354
90,369.9392,304.44794,369.91483,304.81613,-0.024383545,0.36819458,0.3690011
90,323.25476,236.43564,323.17184,236.47101,-0.08291626,0.035369873,0.090145074
90,410.5555,319.02515,410.26727,319.17514,-0.28823853,0.1499939,0.32493016
90,399.29794,360.55753,398.9326,360.8376,-0.36535645,0.2800598,0.46034643
90,349.85104,284.82358,349.50766,284.96246,-0.3433838,0.1388855,0.37040734
90,413.39566,384.57254,413.1605,384.4185,-0.23516846,-0.15405273,0.28113422
90,362.613,400.84152,362.4897,400.8261,-0.12332153,-0.015411377,0.12428077
90,344.46866,382.24118,344.09644,382.21353,-0.3722229,-0.027648926,0.37324837
90,303.79688,369.91974,303.3205,369.99048,-0.4763794,0.070739746,0.48160297
90,334.3053,259.67548,334.16,259.6958,-0.14529419,0.020324707,0.14670888
90,223.96797,505.60205,226.14076,506.1562,2.1727905,0.5541382,2.2423398
90,393.64465,240.00266,393.1732,240.07472,-0.47146606,0.07206726,0.4769423
90,398.34335,413.7955,398.24335,413.80267,-0.1000061,0.007171631,0.10026292
90,383.88254,395.919,383.64804,395.77524,-0.23449707,-0.14376831,0.27506036
90,298.6322,306.46948,298.1426,306.5264,-0.4895935,0.056915283,0.49289063
90,293.18076,339.0285,292.9682,339.17194,-0.21255493,0.14343262,0.25642252
90,308.95197,271.4811,308.92505,271.67184,-0.026916504,0.19073486,0.19262473
90,416.20154,288.08713,416.2368,288.3109,0.035247803,0.2237854,0.22654428
90,318.63266,394.29312,318.28082,394.45807,-0.35183716,0.16494751,0.38858342
91,354.0215,345.396,353.77768,345.4312,-0.24383545,0.035217285,0.24636555
91,334.29193,345.80338,333.9534,345.79315,-0.3385315,-0.010223389,0.3386858
91,320.43924,367.6497,320.35458,367.5704,-0.08465576,-0.07928467,0.11598559
91,444.21838,332.78244,443.79565,332.63858,-0.4227295,-0.14385986,0.44653764
91,364.46024,241.32109,364.26074,241.33868,-0.19949341,0.017593384,0.20026769
91,298.89838,240.59906,298.8624,240.52989,-0.035980225,-0.06916809,0.07796667
91,405.1085,261.0852,404.81537,261.10632,-0.29312134,0.021118164,0.2938811
91,267.37277,260.2667,267.00906,260.05096,-0.3637085,-0.21572876,0.4228744
91,444.7161,388.82233,444.25064,388.7913,-0.4654541,-0.031036377,0.4664877
91,431.0748,312.93106,430.74417,312.9312,-0.33062744,0.00015258789,0.33062747
91,388.2731,447.10455,388.03546,446.9153,-0.23764038,-0.1892395,0.3037837
91,390.9856,299.1013,390.49725,299.07822,-0.4883423,-0.023071289,0.48888698
91,413.69913,435.2905,413.14456,435.5749,-0.5545654,0.2843933,0.6232354
91,247.87732,278.64038,247.56802,278.19946,-0.30929565,-0.44091797,0.53858376
91,384.9899,329.81973,384.66928,329.69788,-0.32061768,-0.12185669,0.3429938
91,276.91388,312.9623,276.4101,312.70935,-0.5037842,-0.2529602,0.5637263
91,380.84134,268.58414,380.60483,268.2379,-0.23651123,-0.34622192,0.41929367
91,453.82977,353.0103,453.6707,353.08136,-0.15908813,0.07104492,0.17423092
91,422.9718,281.30478,422.6704,281.45148,-0.3013916,0.146698,0.33519724
91,424.96667,349.36536,424.5901,348.9137,-0.3765869,-0.45166016,0.58806
91,369.91483,304.81613,369.9777,304.789,0.06286621,-0.027130127,0.06847046
91,323.17184,236.47101,322.65088,236.50337,-0.5209656,0.03236389,0.5219699
91,410.26727,319.17514,410.21912,319.175,-0.04815674,-0.00015258789,0.04815698
91,398.9326,360.8376,398.68637,360.74384,-0.24621582,-0.09375,0.26346022
91,349.50766,284.96246,349.53595,285.17276,0.028289795,0.21029663,0.21219091
91,413.1605,384.4185,413.07352,384.39343,-0.0869751,-0.025054932,0.09051197
91,362.4897,400.8261,361.95453,400.89716,-0.53515625,0.07104492,0.5398514
91,344.09644,382.21353,343.74832,382.07132,-0.348114,-0.14221191,0.376042
91,303.3205,369.99048,303.21082,369.93326,-0.109680176,-0.05722046,0.12370902
91,334.16,259.6958,333.75375,259.72208,-0.40625,0.026275635,0.40709886
91,226.14076,506.1562,228.16093,505.5623,2.020172,-0.5939026,2.1056628
91,393.1732,240.07472,392.962,240.1867,-0.21118164,0.11198425,0.23903589
91,398.24335,413.80267,397.6984,414.02258,-0.5449524,0.21990967,0.5876507
91,383.64804,395.77524,383.62833,395.7977,-0.019714355,0.022460938,0.029885607
91,298.1426,306.5264,298.02356,306.58112,-0.11904907,0.054718018,0.13102192
91,292.9682,339.17194,292.62323,339.15814,-0.3449707,-0.013793945,0.34524637
91,308.92505,271.67184,308.45538,271.60324,-0.46966553,-0.068603516,0.4746495
91,416.2368,288.3109,415.76382,288.38675,-0.47296143,0.07583618,0.47900274
91,318.28082,394.45807,317.89655,394.43536,-0.38427734,-0.022705078,0.38494754
92,353.77768,345.4312,353.35043,345.46793,-0.4272461,0.036712646,0.42882052
92,333.9534,345.79315,333.66974,345.8473,-0.2836609,0.054138184,0.28878096
92,320.35458,367.5704,319.79898,367.65366,-0.555603,0.08325195,0.56180567
92,443.79565,332.63858,443.45825,332.85025,-0.33740234,0.21166992,0.39830202
92,364.26074,241.33868,363.64935,241.38226,-0.61138916,0.0435791,0.6129403
92,298.8624,240.52989,298.58682,240.66936,-0.27557373,0.13946533,0.3088551
92,404.81537,261.10632,404.34695,261.16742,-0.4684143,0.06109619,0.47238195
92,267.00906,260.05096,266.76135,260.28668,-0.24771118,0.23571777,0.34194106
92,444.25064,388.7913,444.12305,388.69223,-0.127594,-0.09906006,0.16153365
92,430.74417,312.9312,430.60056,313.30368,-0.14361572,0.37246704,0.39919567
92,388.03546,446.9153,387.63266,447.10248,-0.4028015,0.1871643,0.44416162
92,390.49725,299.07822,390.49588,299.2925,-0.001373291,0.21429443,0.21429883
92,413.14456,435.5749,412.70117,435.54333,-0.4433899,-0.031555176,0.44451132
92,247.56802,278.19946,247.36256,278.4309,-0.2054596,0.23144531,0.3094844
92,384.66928,329.69788,384.283,330.04352,-0.3862915,0.3456421,0.51835275
92,276.4101,312.70935,276.44476,312.8225,0.03466797,0.11315918,0.11835062
92,380.60483,268.2379,380.39597,268.48245,-0.2088623,0.24453735,0.32159287
92,453.6707,353.08136,453.29413,352.9348,-0.3765564,-0.14654541,0.40406716
92,422.6704,281.45148,422.22946,281.2241,-0.4409485,-0.22738647,0.49612516
92,424.5901,348.9137,423.9069,349.4158,-0.683197,0.5021057,0.84786105
92,369.9777,304.789,369.34302,304.84375,-0.6346741,0.054748535,0.6370311
92,322.65088,236.50337,322.58774,236.60666,-0.06314087,0.10328674,0.12105751
92,410.21912,319.175,409.53104,319.18024,-0.68807983,0.0052490234,0.68809986
92,398.68637,360.74384,398.36618,360.90427,-0.32019043,0.16043091,0.35813403
92,349.53595,285.17276,349.03262,285.05237,-0.5033264,-0.120391846,0.5175246
92,413.07352,384.39343,412.62134,384.49704,-0.45217896,0.10360718,0.4638968
92,361.95453,400.89716,361.92786,401.2218,-0.026672363,0.324646,0.32573983
92,343.74832,382.07132,343.3145,382.33466,-0.43380737,0.26333618,0.50747883
92,303.21082,369.93326,302.6371,369.93155,-0.57373047,-0.0017089844,0.57373303
92,333.75375,259.72208,333.4483,259.67847,-0.30545044,-0.04360962,0.30854782
92,228.16093,505.5623,229.86258,506.019,1.7016449,0.45672607,1.7618723
92,392.962,240.1867,392.92484,240.28203,-0.03717041,0.095321655,0.10231255
92,397.6984,414.02258,397.47916,414.16473,-0.21923828,0.14215088,0.2612897
92,383.62833,395.7977,383.39056,395.9892,-0.23776245,0.1914978,0.30529067
92,298.02356,306.58112,297.74155,306.49548,-0.28201294,-0.085632324,0.29472733
92,292.62323,339.15814,292.53647,339.10898,-0.086761475,-0.04916382,0.09972279
92,308.45538,271.60324,308.24344,271.57248,-0.21194458,-0.030761719,0.21416533
92,415.76382,288.38675,415.35074,288.14536,-0.41308594,-0.24139404,0.4784465
92,317.89655,394.43536,317.93616,394.56503,0.039611816,0.12966919,0.13558464
93,353.35043,345.46793,353.21863,345.63864,-0.13180542,0.17071533,0.21567659
93,333.66974,345.8473,333.6073,345.90332,-0.062438965,0.056030273,0.08389288
93,319.79898,367.65366,319.81448,367.6891,0.01550293,0.03543091,0.038674153
93,443.45825,332.85025,443.4243,332.94934,-0.033966064,0.099090576,0.10475035
93,363.64935,241.38226,363.91373,241.65085,0.26437378,0.2685852,0.37687066
93,298.58682,240.66936,298.71814,240.7606,0.13131714,0.09124756,0.15990718
93,404.34695,261.16742,404.4764,261.50153,0.12945557,0.33410645,0.35830972
93,266.76135,260.28668,266.8073,260.4886,0.045959473,0.2019043,0.20706911
93,444.12305,388.69223,443.78052,388.88748,-0.3425293,0.19525146,0.39427078
93,430.60056,313.30368,430.57608,313.4785,-0.024475098,0.17480469,0.1765098
93,387.63266,447.10248,387.4219,447.21802,-0.2107544,0.11553955,0.24034725
93,390.49588,299.2925,390.5416,299.66473,0.045715332,0.3722229,0.3750197
93,412.70117,435.54333,412.6254,435.5599,-0.07577515,0.016571045,0.07756592
93,247.36256,278.4309,247.32399,278.44858,-0.03857422,0.017669678,0.04242862
93,384.283,330.04352,384.0345,330.04468,-0.24850464,0.001159668,0.24850734
93,276.44476,312.8225,276.22192,313.2596,-0.22283936,0.43710327,0.49062884
93,380.39597,268.48245,380.20828,268.774,-0.1876831,0.29153442,0.34672362
93,453.29413,352.9348,453.27377,353.1521,-0.020355225,0.21728516,0.2182365
93,422.22946,281.2241,421.97385,281.3041,-0.25561523,0.08001709,0.26784673
93,423.9069,349.4158,423.93472,349.41745,0.027832031,0.0016479492,0.027880777
93,369.34302,304.84375,369.29828,305.21472,-0.04473877,0.37097168,0.37365967
93,322.58774,236.60666,322.42902,236.84099,-0.15872192,0.23432922,0.28302443
93,409.53104,319.18024,409.5498,319.58682,0.01876831,0.4065857,0.40701866
93,398.36618,360.90427,398.14163,360.95303,-0.22454834,0.04876709,0.22978291
93,349.03262,285.05237,348.78217,285.68884,-0.25045776,0.6364746,0.6839803
93,412.62134,384.49704,412.59305,384.4948,-0.028289795,-0.0022277832,0.028377376
93,361.92786,401.2218,361.9354,401.2319,0.007537842,0.010101318,0.012603797
93,343.3145,382.33466,343.31564,382.33337,0.0011291504,-0.0012817383,0.0017081668
93,302.6371,369.93155,302.6408,369.93195,0.0037231445,0.00039672852,0.003744222
93,333.4483,259.67847,333.42725,260.02853,-0.021057129,0.35006714,0.35069987
93,229.86258,506.019,232.75351,505.98816,2.8909302,-0.030853271,2.8910947
93,392.92484,240.28203,392.7718,240.51163,-0.15304565,0.229599,0.27593237
93,397.47916,414.16473,397.327,414.3625,-0.15216064,0.1977539,0.24951847
93,383.39056,395.9892,383.20615,396.10498,-0.18441772,0.11578369,0.2177516
93,297.74155,306.49548,297.6186,306.92203,-0.12295532,0.4265442,0.44391212
93,292.53647,339.10898,292.42624,339.48642,-0.11022949,0.3774414,0.39320803
93,308.24344,271.57248,308.19745,271.9288,-0.04598999,0.35632324,0.35927892
93,415.35074,288.14536,415.14386,288.32248,-0.20687866,0.17712402,0.27234483
93,317.93616,394.56503,317.9369,394.56442,0.0007324219,-0.00061035156,0.00095339963
94,353.21863,345.63864,353.26324,345.76212,0.0446167,0.12347412,0.13128789
94,333.6073,345.90332,333.4752,346.05197,-0.1321106,0.14865112,0.19887275
94,319.81448,367.6891,319.83612,367.70618,0.021636963,0.017089844,0.027572105
94,443.4243,332.94934,443.2777,333.2117,-0.14657593,0.26235962,0.300528
94,363.91373,241.65085,363.55676,241.73003,-0.3569641,0.07917786,0.36563987
94,298.71814,240.7606,298.55823,240.93088,-0.15991211,0.17027283,0.23359092
94,404.4764,261.50153,404.27615,261.62787,-0.20025635,0.12634277,0.2367807
94,266.8073,260.4886,266.69952,260.4806,-0.107788086,-0.0079956055,0.10808423
94,443.78052,388.88748,443.547,389.13242,-0.23352051,0.24493408,0.33841473
94,430.57608,313.4785,430.35544,313.52307,-0.22064209,0.04458618,0.22510189
94,387.4219,447.21802,387.3874,447.2323,-0.03451538,0.014282227,0.037353627
94,390.5416,299.66473,390.21295,299.67834,-0.3286438,0.01361084,0.32892552
94,412.6254,435.5599,412.3686,435.49023,-0.25680542,-0.06967163,0.26608863
94,247.32399,278.44858,247.19566,278.59634,-0.12832642,0.14776611,0.19571023
94,384.0345,330.04468,384.04666,330.03574,0.012176514,-0.00894165,0.015106971
94,276.22192,313.2596,276.1495,313.12512,-0.07241821,-0.13449097,0.15274887
94,380.20828,268.774,380.13422,268.9182,-0.07406616,0.14422607,0.16213253
94,453.27377,353.1521,452.9171,353.41565,-0.35665894,0.2635498,0.44346824
94,421.97385,281.3041,421.86206,281.69104,-0.11178589,0.38693237,0.40275642
94,423.93472,349.41745,423.93146,349.42267,-0.0032653809,0.005218506,0.0061559333
94,369.29828,305.21472,369.0268,305.1813,-0.27148438,-0.033416748,0.27353325
94,322.42902,236.84099,322.3582,236.92181,-0.0708313,0.080825806,0.107470386
94,409.5498,319.58682,409.378,319.44635,-0.17181396,-0.14047241,0.22192912
94,398.14163,360.95303,398.16772,361.2543,0.02609253,0.30126953,0.30239734
94,348.78217,285.68884,348.56506,285.5708,-0.21710205,-0.11804199,0.24711782
94,412.59305,384.4948,412.2316,384.55792,-0.3614502,0.06311035,0.36691847
94,361.9354,401.2319,361.58218,401.29263,-0.35321045,0.06072998,0.35839328
94,343.31564,382.33337,343.2837,382.50125,-0.031951904,0.1678772,0.17089082
94,302.6408,369.93195,302.62048,370.0419,-0.020324707,0.109954834,0.111817524
94,333.42725,260.02853,333.19086,260.23517,-0.23638916,0.20663452,0.3139708
94,232.75351,505.98816,235.45267,506.3761,2.6991577,0.38793945,2.7268937
94,392.7718,240.51163,392.47302,240.5697,-0.2987671,0.05807495,0.3043591
94,397.327,414.3625,397.33206,414.3558,0.005065918,-0.0066833496,0.008386339
94,383.20615,396.10498,383.2047,396.10428,-0.0014343262,-0.0007019043,0.0015968598
94,297.6186,306.92203,297.48587,306.9933,-0.13272095,0.071258545,0.15064074
94,292.42624,339.48642,292.01584,339.44067,-0.4104004,-0.04574585,0.41294208
94,308.19745,271.9288,308.1606,272.14713,-0.036834717,0.21832275,0.22140826
94,415.14386,288.32248,415.06543,288.68414,-0.078430176,0.36166382,0.37007028
94,317.9369,394.56442,317.86096,394.54718,-0.075927734,-0.017242432,0.077860914
95,353.26324,345.76212,353.1284,345.73038,-0.13485718,-0.03173828,0.13854161
95,333.4752,346.05197,333.43985,346.16568,-0.035339355,0.113708496,0.11907347
95,319.83612,367.70618,319.84647,367.85104,0.010345459,0.14486694,0.14523587
95,443.2777,333.2117,443.1921,333.42557,-0.08560181,0.21386719,0.23036242
95,363.55676,241.73003,363.7939,242.01674,0.2371521,0.28671265,0.37208232
95,298.55823,240.93088,298.4478,241.19814,-0.1104126,0.2672577,0.2891671
95,404.27615,261.62787,404.21634,261.78284,-0.059814453,0.15496826,0.1661112
95,266.69952,260.4806,266.80185,260.60864,0.10232544,0.12805176,0.16391385
95,443.547,389.13242,443.35315,389.29935,-0.19384766,0.16693115,0.25581813
95,430.35544,313.52307,430.21295,313.66315,-0.14248657,0.14007568,0.19980896
95,387.3874,447.2323,387.23074,447.13373,-0.15664673,-0.09857178,0.18507996
95,390.21295,299.67834,390.0183,299.77255,-0.19464111,0.09420776,0.21624123
95,412.3686,435.49023,411.92642,435.70023,-0.4421692,0.20999146,0.48949975
95,247.19566,278.59634,247.3132,278.55334,0.11753845,-0.042999268,0.12515679
95,384.04666,330.03574,383.76028,330.2707,-0.28637695,0.23495483,0.37042615
95,276.1495,313.12512,276.25662,313.29288,0.1071167,0.16775513,0.1990371
95,380.13422,268.9182,379.9594,269.2646,-0.17480469,0.3463745,0.3879845
95,452.9171,353.41565,452.77316,353.3068,-0.14395142,-0.1088562,0.18047628
95,421.86206,281.69104,421.80246,281.7693,-0.05960083,0.07824707,0.09836088
95,423.93146,349.42267,423.34586,349.52655,-0.5856018,0.103881836,0.5947444
95,369.0268,305.1813,369.2123,305.2153,0.18551636,0.033996582,0.18860564
95,322.3582,236.92181,322.07285,237.23804,-0.28533936,0.31622314,0.42592913
95,409.378,319.44635,409.18433,319.552,-0.19366455,0.105651855,0.22060888
95,398.16772,361.2543,397.82166,361.12527,-0.34606934,-0.12902832,0.36934036
95,348.56506,285.5708,348.50586,285.71497,-0.0592041,0.14416504,0.15584828
95,412.2316,384.55792,412.00992,384.91757,-0.22167969,0.35964966,0.4224805
95,361.58218,401.29263,361.6154,401.1854,0.033203125,-0.10723877,0.11226131
95,343.2837,382.50125,343.36066,382.4862,0.07696533,-0.015045166,0.07842206
95,302.62048,370.0419,302.5404,370.34067,-0.080078125,0.2987671,0.30931258
95,333.19086,260.23517,333.2189,260.31415,0.028045654,0.07897949,0.08381121
95,235.45267,506.3761,238.437,506.1242,2.9843292,-0.2518921,2.994941
95,392.47302,240.5697,392.30966,240.7504,-0.1633606,0.18069458,0.2435923
95,397.33206,414.3558,397.17154,414.54666,-0.16052246,0.19085693,0.2493869
95,383.2047,396.10428,382.77246,396.14655,-0.43225098,0.042266846,0.43431255
95,297.48587,306.9933,297.74734,307.02774,0.2614746,0.034454346,0.26373485
95,292.01584,339.44067,292.3212,339.3269,0.3053589,-0.11376953,0.32586432
95,308.1606,272.14713,308.09833,272.1326,-0.062286377,-0.014526367,0.06395786
95,415.06543,288.68414,415.04892,288.87946,-0.01651001,0.1953125,0.19600905
95,317.86096,394.54718,317.56882,394.54248,-0.29214478,-0.004699707,0.29218256
96,353.1284,345.73038,353.1337,345.71167,0.0053100586,-0.018707275,0.019446308
96,333.43985,346.16568,333.41333,346.14737,-0.026519775,-0.018310547,0.032226924
96,319.84647,367.85104,319.84586,367.84995,-0.00061035156,-0.0010986328,0.0012567908
96,443.1921,333.42557,442.93344,333.20486,-0.258667,-0.22070312,0.34002718
96,363.7939,242.01674,363.7932,242.01682,-0.0007019043,7.6293945e-05,0.00070603855
96,298.4478,241.19814,298.42627,241.1693,-0.02154541,-0.028839111,0.035998598
96,404.21634,261.78284,404.21808,261.78204,0.001739502,-0.00079345703,0.0019119208
96,266.80185,260.60864,266.80118,260.60962,-0.0006713867,0.0009765625,0.0011850884
96,443.35315,389.29935,443.2673,389.27426,-0.08584595,-0.02508545,0.08943605
96,430.21295,313.66315,430.07306,313.82632,-0.13989258,0.16317749,0.21493447
96,387.23074,447.13373,387.10696,447.0261,-0.1237793,-0.1076355,0.16403267
96,390.0183,299.77255,389.7204,299.755,-0.2979126,-0.017547607,0.29842892
96,411.92642,435.70023,412.34598,435.211,0.41955566,-0.4892273,0.64449227
96,247.3132,278.55334,247.26727,278.57388,-0.045928955,0.02053833,0.050311945
96,383.76028,330.2707,383.65085,330.191,-0.109436035,-0.0796814,0.13537122
96,276.25662,313.29288,276.2593,313.27982,0.0026855469,-0.013061523,0.01333475
96,379.9594,269.2646,379.95935,269.26804,-6.1035156e-05,0.0034484863,0.0034490265
96,452.77316,353.3068,452.75592,353.20178,-0.017242432,-0.10501099,0.10641714
96,421.80246,281.7693,421.7724,281.74484,-0.030059814,-0.02444458,0.03874442
96,423.34586,349.52655,423.20996,349.48007,-0.13589478,-0.04647827,0.14362317
96,369.2123,305.2153,368.91727,305.611,-0.29504395,0.39569092,0.49358103
96,322.07285,237.23804,321.59872,237.23756,-0.4741211,-0.00047302246,0.47412133
96,409.18433,319.552,409.4274,319.56174,0.24307251,0.009735107,0.24326737
96,397.82166,361.12527,397.90198,361.04153,0.080322266,-0.083740234,0.11603488
96,348.50586,285.71497,348.54333,285.5485,0.037475586,-0.16647339,0.17063941
96,412.00992,384.91757,412.0105,384.91837,0.000579834,0.00079345703,0.0009827418
96,361.6154,401.1854,361.60458,401.26285,-0.010803223,0.07745361,0.0782034
96,343.36066,382.4862,343.3422,382.4827,-0.018463135,-0.0035095215,0.018793724
96,302.5404,370.34067,302.54025,370.3417,-0.00015258789,0.0010375977,0.0010487573
96,333.2189,260.31415,333.33542,260.32068,0.11651611,0.0065307617,0.116698995
96,238.437,506.1242,240.6929,506.01352,2.2559052,-0.110687256,2.258619
96,392.30966,240.7504,392.48175,240.8469,0.17208862,0.09649658,0.19729695
96,397.17154,414.54666,397.19635,414.57748,0.024810791,0.030822754,0.039567884
96,382.77246,396.14655,382.81873,396.0784,0.04626465,-0.06814575,0.08236663
96,297.74734,307.02774,297.8159,307.10794,0.06854248,0.080200195,0.10549949
96,292.3212,339.3269,292.33133,339.44412,0.010131836,0.11721802,0.117655076
96,308.09833,272.1326,307.9334,272.0756,-0.16491699,-0.057006836,0.17449182
96,415.04892,288.87946,414.98846,288.85696,-0.060455322,-0.022491455,0.06450358
96,317.56882,394.54248,317.71793,394.5445,0.14910889,0.0020141602,0.14912249
97,353.1337,345.71167,353.0632,345.6052,-0.070495605,-0.10647583,0.12769781
97,333.41333,346.14737,333.1419,346.04688,-0.27142334,-0.100494385,0.28943002
97,319.84586,367.84995,319.79968,367.5852,-0.046173096,-0.26474,0.26873633
97,442.93344,333.20486,442.86423,332.97363,-0.06921387,-0.23123169,0.2413683
97,363.7932,242.01682,363.8111,241.8893,0.0178833,-0.1275177,0.12876558
97,298.42627,241.1693,298.0662,241.11563,-0.3600769,-0.05366516,0.36405402
97,404.21808,261.78204,403.7938,261.41415,-0.4242859,-0.3678894,0.5615702
97,266.80118,260.60962,266.48428,260.41455,-0.31689453,-0.19506836,0.37212068
97,443.2673,389.27426,443.23926,388.7916,-0.028045654,-0.48266602,0.48348013
97,430.07306,313.82632,429.81058,313.43893,-0.2624817,-0.38739014,0.4679399
97,387.10696,447.0261,386.81805,446.83704,-0.2889099,-0.1890564,0.34526983
97,389.7204,299.755,389.6828,299.4909,-0.037597656,-0.26409912,0.26676193
97,412.34598,435.211,411.98477,435.20435,-0.36120605,-0.006652832,0.3612673
97,247.26727,278.57388,247.015,278.38513,-0.25227356,-0.18875122,0.3150698
97,383.65085,330.191,383.65405,330.26093,0.0032043457,0.06991577,0.06998916
97,276.2593,313.27982,275.9597,313.23843,-0.29962158,-0.041381836,0.30246577
97,379.95935,269.26804,379.9062,268.71176,-0.05316162,-0.5562744,0.55880886
97,452.75592,353.20178,452.5516,353.12354,-0.20431519,-0.07824707,0.21878597
97,421.7724,281.74484,421.52292,281.49265,-0.2494812,-0.25219727,0.35474545
97,423.20996,349.48007,423.22815,349.44254,0.018188477,-0.03753662,0.041711133
97,368.91727,305.611,368.9243,305.17868,0.007019043,-0.432312,0.432369
97,321.59872,237.23756,321.28027,237.1907,-0.31845093,-0.04685974,0.32188013
97,409.4274,319.56174,408.99823,319.3694,-0.4291687,-0.1923523,0.4703033
97,397.90198,361.04153,397.66696,360.87637,-0.23501587,-0.16516113,0.28724667
97,348.54333,285.5485,348.224,285.37885,-0.31933594,-0.16964722,0.36160147
97,412.0105,384.91837,411.9664,384.85693,-0.0440979,-0.061431885,0.07562077
97,361.60458,401.26285,361.28207,400.96014,-0.32250977,-0.30270386,0.44231457
97,343.3422,382.4827,343.04294,382.46982,-0.29925537,-0.012878418,0.29953235
97,302.54025,370.3417,302.5898,369.9338,0.049560547,-0.40789795,0.41089776
97,333.33542,260.32068,333.14072,260.42578,-0.19470215,0.10510254,0.22125883
97,240.6929,506.01352,242.44832,505.6241,1.7554169,-0.3894043,1.798089
97,392.48175,240.8469,392.37424,240.7437,-0.10751343,-0.10319519,0.14902478
97,397.19635,414.57748,396.9112,414.31357,-0.28515625,-0.26391602,0.3885431
97,382.81873,396.0784,382.6671,395.77533,-0.15161133,-0.30307007,0.33887675
97,297.8159,307.10794,297.74933,306.73013,-0.06655884,-0.37780762,0.38362572
97,292.33133,339.44412,291.93588,339.0658,-0.39544678,-0.37832642,0.5472742
97,307.9334,272.0756,307.65256,271.91095,-0.28085327,-0.16464233,0.32555437
97,414.98846,288.85696,414.6043,288.57642,-0.38415527,-0.2805481,0.47569162
97,317.71793,394.5445,317.53625,394.07294,-0.18167114,-0.47155762,0.5053424
98,353.0632,345.6052,352.9431,345.29333,-0.12008667,-0.31185913,0.33418098
98,333.1419,346.04688,333.25467,345.82675,0.11276245,-0.22012329,0.24732496
98,319.79968,367.5852,319.73413,367.43018,-0.06555176,-0.1550293,0.1683185
98,442.86423,332.97363,442.70667,332.5379,-0.15756226,-0.43572998,0.46334273
98,363.8111,241.8893,363.45218,241.72932,-0.35891724,-0.15997314,0.39295417
98,298.0662,241.11563,297.93796,241.03574,-0.12823486,-0.07989502,0.15108737
98,403.7938,261.41415,403.79755,261.38605,0.003753662,-0.02810669,0.028356234
98,266.48428,260.41455,266.48456,260.4147,0.0002746582,0.00015258789,0.0003141977
98,443.23926,388.7916,443.27463,388.69342,0.035369873,-0.09817505,0.10435214
98,429.81058,313.43893,429.57843,312.9368,-0.23214722,-0.50213623,0.5532026
98,386.81805,446.83704,386.72284,446.6598,-0.095214844,-0.1772461,0.2012015
98,389.6828,299.4909,389.7908,299.2986,0.10800171,-0.19229126,0.22054546
98,411.98477,435.20435,411.78284,435.2471,-0.20193481,0.042755127,0.2064114
98,247.015,278.38513,247.01604,278.383,0.0010375977,-0.0021362305,0.0023748872
98,383.65405,330.26093,383.4836,329.96457,-0.17044067,-0.2963562,0.3418728
98,275.9597,313.23843,276.06573,313.2198,0.106048584,-0.01864624,0.107675366
98,379.9062,268.71176,379.90598,268.711,-0.00021362305,-0.00076293945,0.0007922824
98,452.5516,353.12354,452.58835,352.66458,0.036743164,-0.45895386,0.4604223
98,421.52292,281.49265,421.51913,281.39066,-0.0037841797,-0.101989746,0.10205992
98,423.22815,349.44254,423.11673,348.8246,-0.11141968,-0.61795044,0.6279149
98,368.9243,305.17868,368.7266,305.07773,-0.19769287,-0.10095215,0.22197704
98,321.28027,237.1907,321.17657,237.09192,-0.10369873,-0.0987854,0.14322004
98,408.99823,319.3694,409.09198,319.10034,0.09375,-0.26904297,0.28490907
98,397.66696,360.87637,397.9043,360.749,0.2373352,-0.12738037,0.26935804
98,348.224,285.37885,348.2789,285.31644,0.054901123,-0.062408447,0.08312008
98,411.9664,384.85693,411.8874,384.42477,-0.07901001,-0.43215942,0.43932262
98,361.28207,400.96014,361.52362,400.89737,0.24154663,-0.06277466,0.24957049
98,343.04294,382.46982,343.01535,381.91873,-0.02758789,-0.5510864,0.5517765
98,302.5898,369.9338,302.41794,369.812,-0.171875,-0.121795654,0.21065421
98,333.14072,260.42578,333.02203,259.9931,-0.11868286,-0.43267822,0.44866028
98,242.44832,505.6241,245.54639,505.73053,3.0980682,0.106414795,3.0998952
98,392.37424,240.7437,392.47897,240.58537,0.10473633,-0.1583252,0.189833
98,396.9112,414.31357,396.9184,414.2181,0.0072021484,-0.095458984,0.09573029
98,382.6671,395.77533,382.72278,395.68854,0.055664062,-0.08679199,0.103108376
98,297.74933,306.73013,297.62656,306.8796,-0.12277222,0.1494751,0.19343169
98,291.93588,339.0658,291.93768,339.06418,0.0018005371,-0.0016174316,0.0024203344
98,307.65256,271.91095,307.68512,271.68597,0.032562256,-0.22497559,0.22731985
98,414.6043,288.57642,414.6624,288.45596,0.05810547,-0.12045288,0.13373534
98,317.53625,394.07294,317.53784,394.07324,0.0015869141,0.00030517578,0.0016159915
99,352.9431,345.29333,353.37234,345.2126,0.42922974,-0.08074951,0.43675926
99,333.25467,345.82675,333.65,345.66586,0.3953247,-0.16088867,0.42681
99,319.73413,367.43018,320.224,367.3344,0.48986816,-0.09576416,0.49914086
99,442.70667,332.5379,442.9011,331.85123,0.19442749,-0.686676,0.71367085
99,363.45218,241.72932,363.58026,241.50195,0.12808228,-0.22737122,0.26096502
99,297.93796,241.03574,298.04425,240.93196,0.106292725,-0.103775024,0.14855099
99,403.79755,261.38605,404.10724,261.18707,0.30969238,-0.19897461,0.36810362
99,266.48456,260.4147,266.31686,260.62344,-0.16769409,0.20874023,0.26775697
99,443.27463,388.69342,443.5491,388.0963,0.2744751,-0.59710693,0.65717065
99,429.57843,312.9368,429.55518,312.42456,-0.023254395,-0.51223755,0.5127651
99,386.72284,446.6598,386.98013,446.41174,0.2572937,-0.24804688,0.35738957
99,389.7908,299.2986,389.7889,298.72095,-0.0018920898,-0.57766724,0.57767034
99,411.78284,435.2471,412.21948,434.8005,0.4366455,-0.44659424,0.62458444
99,247.01604,278.383,246.99658,278.72342,-0.019454956,0.34042358,0.34097904
99,383.4836,329.96457,383.62695,329.68222,0.14334106,-0.28234863,0.3166503
99,276.06573,313.2198,276.26547,312.97772,0.19973755,-0.24206543,0.31383237
99,379.90598,268.711,379.78992,268.30164,-0.11605835,-0.4093628,0.4254967
99,452.58835,352.66458,452.87744,352.36624,0.28909302,-0.29833984,0.4154292
99,421.51913,281.39066,421.38712,280.35107,-0.13201904,-1.0395813,1.0479305
99,423.11673,348.8246,423.37885,348.28793,0.26211548,-0.5366516,0.59724325
99,368.7266,305.07773,368.84705,304.7592,0.12045288,-0.31854248,0.34055573
99,321.17657,237.09192,320.84003,236.9213,-0.33654785,-0.17062378,0.37732866
99,409.09198,319.10034,409.17926,318.59998,0.08728027,-0.5003662,0.5079214
99,397.9043,360.749,398.09003,360.3256,0.18572998,-0.42340088,0.4623461
99,348.2789,285.31644,348.29276,285.08142,0.0138549805,-0.23501587,0.23542391
99,411.8874,384.42477,412.2584,383.97284,0.3710022,-0.4519348,0.5847117
99,361.52362,400.89737,361.9653,400.29013,0.4416809,-0.60723877,0.7508801
99,343.01535,381.91873,343.2148,381.893,0.19946289,-0.025726318,0.20111512
99,302.41794,369.812,302.7632,369.78967,0.34527588,-0.022338867,0.34599775
99,333.02203,259.9931,333.05872,259.94128,0.03668213,-0.051818848,0.06348836
99,245.54639,505.73053,247.34703,505.83374,1.8006439,0.10321045,1.8035995
99,392.47897,240.58537,392.37994,240.3031,-0.09902954,-0.28227234,0.29913962
99,396.9184,414.2181,397.5793,413.6583,0.6609192,-0.55981445,0.86614454
99,382.72278,395.68854,383.21982,395.2278,0.4970398,-0.46072388,0.6777279
99,297.62656,306.8796,297.83878,306.63483,0.21221924,-0.2447815,0.32396758
99,291.93768,339.06418,292.30817,339.08807,0.3704834,0.023895264,0.3712532
99,307.68512,271.68597,307.85596,271.73093,0.1708374,0.044952393,0.17665258
99,414.6624,288.45596,414.5392,287.64255,-0.12319946,-0.8134155,0.82269245
99,317.53784,394.07324,318.0036,394.08856,0.46575928,0.015319824,0.46601117
100,353.37234,345.2126,353.48996,344.857,0.117614746,-0.35559082,0.3745371
100,333.65,345.66586,333.80878,345.5386,0.15878296,-0.1272583,0.20348637
100,320.224,367.3344,320.48883,367.3499,0.26483154,0.01550293,0.2652849
100,442.9011,331.85123,442.98648,330.9854,0.08538818,-0.8658142,0.8700146
100,363.58026,241.50195,363.352,241.20203,-0.22827148,-0.29992676,0.3769137
100,298.04425,240.93196,297.65918,240.91315,-0.3850708,-0.018814087,0.38553014
100,404.10724,261.18707,403.45755,260.36572,-0.6496887,-0.8213501,1.0472399
100,266.31686,260.62344,266.23767,260.56348,-0.079193115,-0.05996704,0.099335775
100,443.5491,388.0963,444.24747,387.02106,0.69836426,-1.0752563,1.2821423
100,429.55518,312.42456,429.82877,311.7866,0.2735901,-0.63797,0.6941594
100,386.98013,446.41174,387.77475,446.09036,0.7946167,-0.32138062,0.85714716
100,389.7889,298.72095,389.4736,298.1614,-0.31530762,-0.5595398,0.6422645
100,412.21948,434.8005,413.27777,434.0184,1.0582886,-0.7821045,1.3159263
100,246.99658,278.72342,246.96906,278.7969,-0.027526855,0.07348633,0.078472726
100,383.62695,329.68222,383.81293,329.18796,0.18597412,-0.4942627,0.5280928
100,276.26547,312.97772,276.39514,313.2163,0.12966919,0.23858643,0.27154666
100,379.78992,268.30164,379.55737,267.90268,-0.23254395,-0.3989563,0.46178222
100,452.87744,352.36624,453.14023,351.37567,0.26278687,-0.99057007,1.0248346
100,421.38712,280.35107,421.4107,279.9454,0.023590088,-0.40567017,0.4063555
100,423.37885,348.28793,423.4735,347.6874,0.09466553,-0.6005249,0.60794055
100,368.84705,304.7592,368.75885,304.41772,-0.0881958,-0.34146118,0.35266733
100,320.84003,236.9213,320.9593,236.69232,0.119262695,-0.22897339,0.25817126
100,409.17926,318.59998,409.2331,318.0518,0.053833008,-0.54818726,0.55082417
100,398.09003,360.3256,398.4437,359.80353,0.3536682,-0.5220642,0.6305809
100,348.29276,285.08142,348.28845,284.68756,-0.0043029785,-0.39385986,0.39388338
100,412.2584,383.97284,412.44424,383.13422,0.18585205,-0.83862305,0.8589701
100,361.9653,400.29013,362.4967,399.8577,0.5314026,-0.43243408,0.6851189
100,343.2148,381.893,343.86118,381.8411,0.6463623,-0.0519104,0.64844346
100,302.7632,369.78967,303.13788,369.7904,0.3746643,0.0007324219,0.37466502
100,333.05872,259.94128,332.45532,259.87183,-0.60339355,-0.06945801,0.6073781
100,247.34703,505.83374,249.48862,504.67657,2.1415863,-1.1571655,2.4342194
100,392.37994,240.3031,392.20187,239.89764,-0.17807007,-0.40545654,0.44283625
100,397.5793,413.6583,398.40173,412.80472,0.8224182,-0.85357666,1.1853122
100,383.21982,395.2278,383.56952,394.55725,0.34970093,-0.67056274,0.7562705
100,297.83878,306.63483,297.7398,306.66818,-0.098968506,0.033355713,0.10443835
100,292.30817,339.08807,292.53754,339.1257,0.22937012,0.037628174,0.23243608
100,307.85596,271.73093,307.4652,271.75342,-0.39074707,0.022491455,0.39139384
100,414.5392,287.64255,414.43405,286.9754,-0.105163574,-0.6671448,0.6753825
100,318.0036,394.08856,318.52203,393.811,0.5184326,-0.27755737,0.5880565
101,353.48996,344.857,353.55597,344.4603,0.06600952,-0.396698,0.40215242
101,333.80878,345.5386,334.00296,345.41354,0.19418335,-0.12506104,0.23097064
101,320.48883,367.3499,320.88428,367.24335,0.39544678,-0.10656738,0.40955433
101,442.98648,330.9854,443.04092,330.16327,0.05444336,-0.82214355,0.8239442
101,363.352,241.20203,362.86618,240.82246,-0.48580933,-0.37956238,0.6165049
101,297.65918,240.91315,297.32452,240.8979,-0.33465576,-0.01524353,0.33500275
101,403.45755,260.36572,403.1062,259.83728,-0.35134888,-0.5284424,0.6345844
101,266.23767,260.56348,266.10294,260.63763,-0.1347351,0.074157715,0.15379505
101,444.24747,387.02106,444.54364,386.67825,0.2961731,-0.34280396,0.45302653
101,429.82877,311.7866,429.73758,311.05804,-0.09118652,-0.72854614,0.7342305
101,387.77475,446.09036,388.44925,445.69034,0.6744995,-0.4000244,0.78419966
101,389.4736,298.1614,389.47974,297.73386,0.006134033,-0.42755127,0.42759526
101,413.27777,434.0184,413.70093,433.81638,0.42315674,-0.20202637,0.46890965
101,246.96906,278.7969,246.82962,278.98953,-0.13943481,0.19262695,0.23779657
101,383.81293,329.18796,383.6237,328.89706,-0.1892395,-0.29089355,0.3470312
101,276.39514,313.2163,276.39532,313.21606,0.00018310547,-0.00024414062,0.00030517578
101,379.55737,267.90268,379.2939,267.27148,-0.26345825,-0.63119507,0.6839718
101,453.14023,351.37567,453.34378,350.60098,0.20355225,-0.7746887,0.80098444
101,421.4107,279.9454,421.19965,279.2579,-0.21105957,-0.6875,0.7191678
101,423.4735,347.6874,423.66522,347.0586,0.19171143,-0.6288147,0.6573897
101,368.75885,304.41772,368.82803,303.75146,0.06918335,-0.66625977,0.66984206
101,320.9593,236.69232,320.54547,236.66211,-0.41381836,-0.030212402,0.41491976
101,409.2331,318.0518,409.13245,317.6026,-0.10064697,-0.44918823,0.46032584
101,398.4437,359.80353,398.43787,359.30225,-0.0058288574,-0.50128174,0.5013156
101,348.28845,284.68756,347.76096,284.47476,-0.52749634,-0.21279907,0.5688021
101,412.44424,383.13422,412.88376,382.7199,0.43951416,-0.41430664,0.6040055
101,362.4967,399.8577,363.12128,399.88867,0.62457275,0.030975342,0.6253404
101,343.86118,381.8411,344.04318,381.3591,0.18200684,-0.48199463,0.51521385
101,303.13788,369.7904,303.59256,369.56418,0.4546814,-0.2262268,0.5078521
101,332.45532,259.87183,332.13104,259.56604,-0.3242798,-0.30578613,0.44571576
101,249.48862,504.67657,251.2682,505.27322,1.7795868,0.59664917,1.8769442
101,392.20187,239.89764,392.1259,239.60724,-0.07598877,-0.29040527,0.30018246
101,398.40173,412.80472,398.7103,412.49612,0.30856323,-0.30859375,0.43639588
101,383.56952,394.55725,384.1105,394.40036,0.5409851,-0.15689087,0.5632758
101,297.7398,306.66818,297.6882,306.6251,-0.051605225,-0.04309082,0.06723034
101,292.53754,339.1257,292.5455,339.15076,0.007965088,0.025054932,0.026290534
101,307.4652,271.75342,307.0252,271.7118,-0.44000244,-0.041625977,0.44196704
101,414.43405,286.9754,414.20926,286.36426,-0.22479248,-0.611145,0.6511758
101,318.52203,393.811,318.77203,393.9561,0.25,0.14508057,0.28904733
102,353.55597,344.4603,353.5205,344.41312,-0.035461426,-0.047180176,0.059021026
102,334.00296,345.41354,333.9746,345.1622,-0.02835083,-0.25134277,0.25293666
102,320.88428,367.24335,320.8113,367.14755,-0.07296753,-0.09579468,0.1204196
102,443.04092,330.16327,442.97482,329.90115,-0.066101074,-0.26211548,0.27032182
102,362.86618,240.82246,362.39233,240.65724,-0.47384644,-0.16522217,0.5018255
102,297.32452,240.8979,296.9326,240.83983,-0.39193726,-0.05807495,0.3962165
102,403.1062,259.83728,403.0831,259.70105,-0.023101807,-0.13623047,0.13817537
102,266.10294,260.63763,265.65692,260.7126,-0.4460144,0.07495117,0.4522682
102,444.54364,386.67825,444.4674,386.26364,-0.07623291,-0.41461182,0.42156187
102,429.73758,311.05804,429.54074,310.89996,-0.19683838,-0.15808105,0.25245786
102,388.44925,445.69034,388.47287,445.5127,0.023620605,-0.17764282,0.17920631
102,389.47974,297.73386,389.3953,297.70825,-0.08444214,-0.025604248,0.08823861
102,413.70093,433.81638,413.7981,433.46277,0.09716797,-0.35360718,0.3667147
102,246.82962,278.98953,246.79156,279.01102,-0.03805542,0.021484375,0.043701183
102,383.6237,328.89706,383.74905,328.53745,0.12536621,-0.35961914,0.3808446
102,276.39532,313.21606,276.51184,313.25037,0.11651611,0.034301758,0.12146034
102,379.2939,267.27148,379.0635,267.19437,-0.23040771,-0.07711792,0.24297096
102,453.34378,350.60098,453.28162,350.4088,-0.062164307,-0.19216919,0.20197375
102,421.19965,279.2579,421.09024,279.11963,-0.10940552,-0.13827515,0.17632239
102,423.66522,347.0586,423.66516,346.86362,-6.1035156e-05,-0.1949768,0.1949768
102,368.82803,303.75146,368.74915,303.7113,-0.07888794,-0.040161133,0.08852245
102,320.54547,236.66211,319.9208,236.63422,-0.6246643,-0.027893066,0.62528676
102,409.13245,317.6026,409.1602,317.3284,0.027740479,-0.27420044,0.2756001
102,398.43787,359.30225,398.53876,358.93298,0.10089111,-0.3692627,0.38279754
102,347.76096,284.47476,347.50238,284.2583,-0.25857544,-0.21646118,0.33721906
102,412.88376,382.7199,412.75632,382.55548,-0.1274414,-0.16442871,0.20803392
102,363.12128,399.88867,363.18756,399.61963,0.06628418,-0.26904297,0.27708793
102,344.04318,381.3591,344.4329,381.3978,0.38970947,0.03869629,0.39162594
102,303.59256,369.56418,303.59735,369.56216,0.0047912598,-0.0020141602,0.0051974044
102,332.13104,259.56604,331.6349,259.23718,-0.4961548,-0.32885742,0.5952451
102,251.2682,505.27322,252.4945,504.44214,1.2263031,-0.8310852,1.4813919
102,392.1259,239.60724,391.74435,239.29323,-0.38153076,-0.31401062,0.49413398
102,398.7103,412.49612,398.92676,412.38852,0.21646118,-0.10760498,0.24173182
102,384.1105,394.40036,384.11777,394.29092,0.0072631836,-0.109436035,0.10967679
102,297.6882,306.6251,297.5898,306.52194,-0.09838867,-0.103149414,0.1425487
102,292.5455,339.15076,292.55252,339.2281,0.007019043,0.07733154,0.07764944
102,307.0252,271.7118,306.88828,271.55676,-0.13693237,-0.1550293,0.20684429
102,414.20926,286.36426,414.05606,286.3221,-0.15319824,-0.042144775,0.15888953
102,318.77203,393.9561,319.01593,393.57095,0.24389648,-0.38513184,0.45586404
103,353.5205,344.41312,353.50742,344.30563,-0.013092041,-0.10748291,0.10827732
103,333.9746,345.1622,333.71457,345.0934,-0.26004028,-0.06878662,0.2689843
103,320.8113,367.14755,320.55286,366.88345,-0.25845337,-0.26409912,0.36952198
103,442.97482,329.90115,442.70734,329.88275,-0.26748657,-0.0184021,0.26811883
103,362.39233,240.65724,362.20523,240.56194,-0.18710327,-0.0953064,0.20997843
103,296.9326,240.83983,296.4871,240.79692,-0.4454956,-0.042907715,0.44755715
103,403.0831,259.70105,402.54068,259.3788,-0.54241943,-0.3222351,0.63091546
103,265.65692,260.7126,265.205,260.71857,-0.4519348,0.0059814453,0.4519744
103,444.4674,386.26364,444.4971,386.1496,0.029693604,-0.11404419,0.11784646
103,429.54074,310.89996,429.1051,310.77585,-0.43563843,-0.12411499,0.45297393
103,388.47287,445.5127,387.86374,445.30698,-0.60913086,-0.205719,0.64293134
103,389.3953,297.70825,389.05377,297.5315,-0.34152222,-0.17675781,0.38455266
103,413.7981,433.46277,413.49792,433.3651,-0.3001709,-0.09765625,0.31565696
103,246.79156,279.01102,246.51978,278.9465,-0.27178955,-0.06451416,0.27934143
103,383.74905,328.53745,383.55502,328.41605,-0.19403076,-0.121398926,0.22887908
103,276.51184,313.25037,276.1856,313.26215,-0.3262329,0.011779785,0.3264455
103,379.0635,267.19437,378.27542,266.8345,-0.78808594,-0.35986328,0.8663608
103,453.28162,350.4088,452.968,350.34045,-0.31362915,-0.068359375,0.3209926
103,421.09024,279.11963,420.6596,279.03012,-0.43063354,-0.08950806,0.4398374
103,423.66516,346.86362,423.6659,346.86374,0.0007324219,0.00012207031,0.00074252475
103,368.74915,303.7113,368.4085,303.56177,-0.3406372,-0.14953613,0.37201446
103,319.9208,236.63422,319.58624,236.51036,-0.3345642,-0.12385559,0.356754
103,409.1602,317.3284,408.89166,317.24863,-0.26852417,-0.07977295,0.28012308
103,398.53876,358.93298,398.4993,358.92947,-0.03945923,-0.0035095215,0.03961499
103,347.50238,284.2583,347.05777,284.2726,-0.4446106,0.014312744,0.4448409
103,412.75632,382.55548,412.72958,382.3825,-0.026733398,-0.17297363,0.1750273
103,363.18756,399.61963,363.12277,399.3508,-0.06478882,-0.26882935,0.27652633
103,344.4329,381.3978,344.17984,381.3573,-0.25305176,-0.040496826,0.2562717
103,303.59735,369.56216,303.571,369.43213,-0.02633667,-0.1300354,0.13267563
103,331.6349,259.23718,331.3626,259.04156,-0.27227783,-0.19561768,0.3352633
103,252.4945,504.44214,253.61397,503.8802,1.119461,-0.5619507,1.25259
103,391.74435,239.29323,391.63702,239.2383,-0.10733032,-0.05493164,0.12057066
103,398.92676,412.38852,398.7926,412.1538,-0.13415527,-0.2347107,0.2703456
103,384.11777,394.29092,383.86148,393.9212,-0.25628662,-0.36972046,0.44986227
103,297.5898,306.52194,297.35492,306.5329,-0.2348938,0.010955811,0.23514916
103,292.55252,339.2281,292.38373,339.05457,-0.16879272,-0.17352295,0.24207684
103,306.88828,271.55676,306.59793,271.2623,-0.29034424,-0.2944641,0.4135322
103,414.05606,286.3221,413.49954,286.20172,-0.55651855,-0.120391846,0.56939185
103,319.01593,393.57095,319.01593,393.5701,0.0,-0.0008544922,0.0008544922
104,353.50742,344.30563,352.97058,344.17398,-0.5368347,-0.13165283,0.55274224
104,333.71457,345.0934,333.2601,344.9351,-0.45446777,-0.1583252,0.4812565
104,320.55286,366.88345,319.98132,366.78223,-0.5715332,-0.10122681,0.58042836
104,442.70734,329.88275,442.3082,329.78622,-0.3991394,-0.0965271,0.4106455
104,362.20523,240.56194,362.0136,240.40456,-0.19161987,-0.15737915,0.24796446
104,296.4871,240.79692,296.07556,240.61641,-0.41152954,-0.18051147,0.4493784
104,402.54068,259.3788,402.3053,259.31818,-0.23538208,-0.060638428,0.24306735
104,265.205,260.71857,264.88678,260.46167,-0.3182068,-0.25689697,0.40896407
104,444.4971,386.1496,443.77612,386.03827,-0.7209778,-0.111328125,0.7295224
104,429.1051,310.77585,428.7099,310.3103,-0.39520264,-0.46554565,0.61067003
104,387.86374,445.30698,387.53717,445.1012,-0.3265686,-0.20578003,0.38599545
104,389.05377,297.5315,388.56866,297.12808,-0.48510742,-0.40341187,0.63092816
104,413.49792,433.3651,413.1668,433.16064,-0.33111572,-0.20446777,0.38915896
104,246.51978,278.9465,246.0115,278.93048,-0.50827026,-0.016021729,0.5085227
104,383.55502,328.41605,383.1438,328.00317,-0.41122437,-0.4128723,0.5827255
104,276.1856,313.26215,275.72403,312.7254,-0.46157837,-0.53674316,0.707918
104,378.27542,266.8345,378.22372,266.71927,-0.051696777,-0.115234375,0.12629932
104,452.968,350.34045,452.54102,349.80756,-0.42697144,-0.53289795,0.6828505
104,420.6596,279.03012,420.44574,278.9655,-0.21386719,-0.06460571,0.22341233
104,423.6659,346.86374,423.16962,346.07785,-0.49627686,-0.7858887,0.9294685
104,368.4085,303.56177,368.1106,303.31,-0.2979126,-0.25177002,0.39005134
104,319.58624,236.51036,318.84723,236.35458,-0.7390137,-0.15577698,0.7552534
104,408.89166,317.24863,408.6327,317.17227,-0.25897217,-0.07635498,0.2699938
104,398.4993,358.92947,397.892,358.709,-0.6072998,-0.22045898,0.6460768
104,347.05777,284.2726,346.5744,284.03506,-0.48336792,-0.23754883,0.5385852
104,412.72958,382.3825,412.49353,381.86246,-0.23605347,-0.52005005,0.57111585
104,363.12277,399.3508,362.71933,399.35983,-0.40344238,0.009033203,0.4035435
104,344.17984,381.3573,344.1642,380.89474,-0.015625,-0.46255493,0.46281877
104,303.571,369.43213,302.8836,369.14853,-0.68740845,-0.28359985,0.7436123
104,331.3626,259.04156,330.9688,258.901,-0.39379883,-0.14056396,0.41813365
104,253.61397,503.8802,254.6183,504.21854,1.0043335,0.3383484,1.059795
104,391.63702,239.2383,391.31055,239.13365,-0.32647705,-0.104644775,0.34283784
104,398.7926,412.1538,398.39075,411.9593,-0.40185547,-0.19451904,0.44645882
104,383.86148,393.9212,383.63962,393.8027,-0.2218628,-0.118499756,0.25152594
104,297.35492,306.5329,296.8704,306.50464,-0.4845276,-0.028259277,0.48535097
104,292.38373,339.05457,291.9606,338.74042,-0.42312622,-0.31414795,0.52699596
104,306.59793,271.2623,305.80505,271.1351,-0.7928772,-0.12719727,0.8030152
104,413.49954,286.20172,413.23477,285.92822,-0.2647705,-0.27349854,0.38066372
104,319.01593,393.5701,318.69998,393.3942,-0.3159485,-0.17590332,0.36161503
105,352.97058,344.17398,352.86386,343.70425,-0.10671997,-0.46972656,0.4816972
105,333.2601,344.9351,333.1688,344.73083,-0.091308594,-0.20425415,0.22373426
105,319.98132,366.78223,319.85333,366.6214,-0.12799072,-0.16082764,0.20554112
105,442.3082,329.78622,442.19363,329.45865,-0.11456299,-0.32757568,0.347031
105,362.0136,240.40456,361.47437,240.26718,-0.5392456,-0.13737488,0.5564689
105,296.07556,240.61641,295.59555,240.59187,-0.480011,-0.024536133,0.48063767
105,402.3053,259.31818,402.13507,259.2093,-0.17022705,-0.10888672,0.20207317
105,264.88678,260.46167,264.30682,260.491,-0.57995605,0.029327393,0.58069706
105,443.77612,386.03827,443.56128,385.49567,-0.21484375,-0.54260254,0.58358836
105,428.7099,310.3103,428.61093,309.94836,-0.098968506,-0.36193848,0.37522557
105,387.53717,445.1012,387.37427,445.04114,-0.16290283,-0.060058594,0.17362133
105,388.56866,297.12808,387.94464,297.13495,-0.62402344,0.006866455,0.6240612
105,413.1668,433.16064,413.4214,432.69574,0.25457764,-0.4649048,0.5300436
105,246.0115,278.93048,245.66333,278.95386,-0.34817505,0.023376465,0.3489589
105,383.1438,328.00317,382.78198,327.6431,-0.3618164,-0.3600769,0.5104571
105,275.72403,312.7254,275.5698,312.7179,-0.15423584,-0.007507324,0.15441844
105,378.22372,266.71927,377.74075,266.7418,-0.4829712,0.022521973,0.483496
105,452.54102,349.80756,452.45712,349.56836,-0.08389282,-0.23919678,0.25348195
105,420.44574,278.9655,420.0282,278.56555,-0.4175415,-0.39996338,0.5781969
105,423.16962,346.07785,422.96445,345.96213,-0.20516968,-0.115722656,0.23555537
105,368.1106,303.31,367.7331,303.21262,-0.37750244,-0.09738159,0.38986057
105,318.84723,236.35458,318.34708,236.31673,-0.5001526,-0.037857056,0.5015833
105,408.6327,317.17227,408.08304,316.61823,-0.5496521,-0.55404663,0.780439
105,397.892,358.709,397.76376,358.35254,-0.12823486,-0.35647583,0.37883928
105,346.5744,284.03506,346.18973,284.00082,-0.38467407,-0.034240723,0.386195
105,412.49353,381.86246,412.13153,381.75598,-0.3619995,-0.10647583,0.37733373
105,362.71933,399.35983,362.54736,399.04715,-0.17196655,-0.3126831,0.3568518
105,344.1642,380.89474,343.6572,380.78104,-0.50701904,-0.113708496,0.51961327
105,302.8836,369.14853,302.92453,369.1342,0.040924072,-0.014343262,0.043364834
105,330.9688,258.901,330.5189,258.92065,-0.44992065,0.01965332,0.4503497
105,254.6183,504.21854,256.28082,504.1856,1.6625214,-0.032928467,1.6628474
105,391.31055,239.13365,391.0278,238.97302,-0.28274536,-0.16062927,0.32518718
105,398.39075,411.9593,398.37366,411.82312,-0.017089844,-0.13616943,0.13723767
105,383.63962,393.8027,383.14038,393.32104,-0.49923706,-0.48165894,0.69370955
105,296.8704,306.50464,296.56134,306.2615,-0.3090515,-0.24313354,0.3932261
105,291.9606,338.74042,291.93912,338.6866,-0.021484375,-0.05380249,0.057933465
105,305.80505,271.1351,305.46536,271.22052,-0.33969116,0.0854187,0.35026625
105,413.23477,285.92822,413.00626,285.68118,-0.22851562,-0.2470398,0.33652347
105,318.69998,393.3942,318.67868,393.39813,-0.02130127,0.0039367676,0.021661999
106,352.86386,343.70425,352.93378,343.62433,0.06991577,-0.07992554,0.10618996
106,333.1688,344.73083,333.3182,344.58237,0.14941406,-0.14846802,0.2106355
106,319.85333,366.6214,320.2453,366.56937,0.39196777,-0.05203247,0.39540628
106,442.19363,329.45865,442.1284,328.52155,-0.06524658,-0.9371033,0.939372
106,361.47437,240.26718,361.37338,239.86467,-0.100982666,-0.4025116,0.41498566
106,295.59555,240.59187,295.47052,240.52829,-0.12503052,-0.063583374,0.1402693
106,402.13507,259.2093,401.60397,258.48035,-0.5310974,-0.7289429,0.9018992
106,264.30682,260.491,264.11908,260.7326,-0.18774414,0.24160767,0.3059773
106,443.56128,385.49567,443.87207,385.00104,0.31079102,-0.4946289,0.58416504
106,428.61093,309.94836,428.3674,309.22092,-0.24353027,-0.7274475,0.76712894
106,387.37427,445.04114,388.13226,444.45648,0.7579956,-0.58465576,0.95727724
106,387.94464,297.13495,388.08127,296.60388,0.1366272,-0.5310669,0.5483603
106,413.4214,432.69574,413.85858,432.33124,0.43719482,-0.36450195,0.5692108
106,245.66333,278.95386,245.63031,278.9692,-0.03302002,0.015350342,0.036413662
106,382.78198,327.6431,382.7693,327.4256,-0.0126953125,-0.21749878,0.21786897
106,275.5698,312.7179,275.40674,312.83884,-0.16305542,0.12094116,0.2030119
106,377.74075,266.7418,377.66498,266.28516,-0.07577515,-0.45663452,0.462879
106,452.45712,349.56836,452.51453,349.1271,0.057403564,-0.44125366,0.4449719
106,420.0282,278.56555,419.8796,277.8743,-0.14859009,-0.69125366,0.7070436
106,422.96445,345.96213,422.9418,345.41235,-0.022644043,-0.54977417,0.5502403
106,367.7331,303.21262,367.678,302.723,-0.05508423,-0.48962402,0.49271286
106,318.34708,236.31673,318.10638,236.07202,-0.24069214,-0.2447052,0.3432395
106,408.08304,316.61823,408.13757,315.92612,0.054534912,-0.69210815,0.6942534
106,397.76376,358.35254,397.88422,357.732,0.12045288,-0.62054443,0.6321268
106,346.18973,284.00082,346.165,283.52264,-0.024719238,-0.47817993,0.47881845
106,412.13153,381.75598,412.09207,380.96518,-0.03945923,-0.790802,0.7917859
106,362.54736,399.04715,362.87402,398.70844,0.32666016,-0.3387146,0.4705682
106,343.6572,380.78104,343.7076,380.349,0.05041504,-0.43203735,0.43496892
106,302.92453,369.1342,303.06506,369.10388,0.14053345,-0.030303955,0.14376362
106,330.5189,258.92065,330.54407,258.59186,0.025177002,-0.3287964,0.3297589
106,256.28082,504.1856,258.19672,504.45013,1.9158936,0.26452637,1.9340688
106,391.0278,238.97302,391.1402,238.69278,0.11239624,-0.28024292,0.30194205
106,398.37366,411.82312,398.57785,411.32623,0.20419312,-0.4968872,0.5372073
106,383.14038,393.32104,383.26178,393.16684,0.121398926,-0.15420532,0.19625743
106,296.56134,306.2615,296.46008,306.07278,-0.101257324,-0.1887207,0.21416944
106,291.93912,338.6866,291.9281,338.71735,-0.011016846,0.030731201,0.03264625
106,305.46536,271.22052,305.43616,270.9929,-0.029205322,-0.22763062,0.22949651
106,413.00626,285.68118,412.70096,284.88168,-0.30529785,-0.7994995,0.85580736
106,318.67868,393.39813,318.65683,393.13675,-0.021850586,-0.26138306,0.26229477
107,352.93378,343.62433,353.61234,343.39523,0.67855835,-0.22909546,0.7161886
107,333.3182,344.58237,334.12106,344.48843,0.80285645,-0.093933105,0.8083328
107,320.2453,366.56937,321.1975,366.617,0.9522095,0.04763794,0.9534004
107,442.1284,328.52155,442.45316,327.3381,0.32476807,-1.1834412,1.2271949
107,361.37338,239.86467,360.8993,239.5328,-0.47409058,-0.3318634,0.5787013
107,295.47052,240.52829,295.18643,240.60182,-0.28408813,0.073532104,0.29345024
107,401.60397,258.48035,401.43414,257.73804,-0.16983032,-0.7423096,0.7614892
107,264.11908,260.7326,264.17926,261.18,0.060180664,0.4473877,0.45141718
107,443.87207,385.00104,445.3379,383.62088,1.4658203,-1.3801575,2.0133216
107,428.3674,309.22092,428.66138,308.18332,0.29397583,-1.0375977,1.078439
107,388.13226,444.45648,390.48486,443.9954,2.3526,-0.4610901,2.3973591
107,388.08127,296.60388,387.8828,295.77597,-0.19845581,-0.8279114,0.8513648
107,413.85858,432.33124,415.70578,431.54288,1.8471985,-0.7883606,2.0083961
107,245.63031,278.9692,245.47453,279.94254,-0.15577698,0.97332764,0.98571455
107,382.7693,327.4256,383.15622,327.08527,0.38693237,-0.34033203,0.5153082
107,275.40674,312.83884,275.8768,313.677,0.47006226,0.8381653,0.96097845
107,377.66498,266.28516,377.3455,265.6494,-0.31948853,-0.6357422,0.7115062
107,452.51453,349.1271,453.32886,348.0379,0.81433105,-1.0892029,1.3599625
107,419.8796,277.8743,419.67853,276.77563,-0.20108032,-1.0986633,1.116913
107,422.9418,345.41235,423.53616,344.3324,0.59436035,-1.079956,1.2327081
107,367.678,302.723,367.79297,302.25757,0.11495972,-0.46542358,0.47941095
107,318.10638,236.07202,318.18527,236.03384,0.07888794,-0.03817749,0.08764033
107,408.13757,315.92612,408.56696,315.38828,0.42938232,-0.5378418,0.6882172
107,397.88422,357.732,398.21146,356.96283,0.32724,-0.76916504,0.83588326
107,346.165,283.52264,346.02573,283.18054,-0.13928223,-0.34210205,0.36936888
107,412.09207,380.96518,413.27698,380.47195,1.184906,-0.4932251,1.2834615
107,362.87402,398.70844,364.43527,398.48096,1.5612488,-0.22747803,1.5777339
107,343.7076,380.349,345.11713,380.44467,1.4095154,0.09567261,1.4127586
107,303.06506,369.10388,304.33392,369.52408,1.2688599,0.42019653,1.3366265
107,330.54407,258.59186,329.80524,258.3679,-0.73883057,-0.2239685,0.7720314
107,258.19672,504.45013,260.61658,504.077,2.4198608,-0.37313843,2.4484606
107,391.1402,238.69278,390.3682,237.84952,-0.7720032,-0.8432617,1.1432757
107,398.57785,411.32623,400.11063,410.28564,1.5327759,-1.0405884,1.8526268
107,383.26178,393.16684,384.86026,392.38568,1.5984802,-0.78115845,1.7791424
107,296.46008,306.07278,296.7074,306.36282,0.24731445,0.29003906,0.38116544
107,291.9281,338.71735,292.77383,339.3727,0.84573364,0.655365,1.0699387
107,305.43616,270.9929,305.2982,270.93262,-0.13796997,-0.060272217,0.15056047
107,412.70096,284.88168,412.56873,283.89737,-0.13223267,-0.98431396,0.9931563
107,318.65683,393.13675,320.21484,393.24493,1.5580139,0.108184814,1.5617654
108,353.61234,343.39523,355.11633,343.08896,1.5039978,-0.3062744,1.534866
108,334.12106,344.48843,335.37704,344.54413,1.2559814,0.05569458,1.2572157
108,321.1975,366.617,322.5572,366.86554,1.3596802,0.24853516,1.3822083
108,442.45316,327.3381,443.43466,325.8016,0.98150635,-1.536499,1.8232344
108,360.8993,239.5328,360.71878,239.28021,-0.18051147,-0.252594,0.31046435
108,295.18643,240.60182,294.77454,241.18423,-0.41189575,0.5824127,0.7133461
108,401.43414,257.73804,401.4329,256.87457,-0.0012512207,-0.86346436,0.86346525
108,264.17926,261.18,264.16626,262.2004,-0.013000488,1.0204163,1.0204991
108,445.3379,383.62088,447.1662,382.25223,1.8283081,-1.3686523,2.2838387
108,428.66138,308.18332,429.10837,306.65198,0.44699097,-1.5313416,1.5952454
108,390.48486,443.9954,392.718,443.45618,2.2331238,-0.5392151,2.2973015
108,387.8828,295.77597,388.43668,295.28253,0.5538635,-0.49343872,0.74178606
108,415.70578,431.54288,418.0107,430.6676,2.3049316,-0.87527466,2.4655254
108,245.47453,279.94254,246.09322,281.3281,0.61868286,1.3855591,1.517413
108,383.15622,327.08527,384.4853,326.45193,1.329071,-0.6333313,1.4722562
108,275.8768,313.677,276.93185,314.46365,1.0550537,0.7866516,1.3160392
108,377.3455,265.6494,377.2614,265.14636,-0.08407593,-0.50305176,0.51002926
108,453.32886,348.0379,454.6734,346.46936,1.3445435,-1.5685425,2.0659435
108,419.67853,276.77563,419.9903,275.68842,0.31176758,-1.0872192,1.131037
108,423.53616,344.3324,424.5452,342.9181,1.0090332,-1.4143066,1.7373575
108,367.79297,302.25757,368.44104,302.0361,0.6480713,-0.22146606,0.68486756
108,318.18527,236.03384,318.84525,236.10582,0.65997314,0.07197571,0.6638863
108,408.56696,315.38828,409.10855,314.02905,0.54159546,-1.3592224,1.4631511
108,398.21146,356.96283,399.81494,356.25317,1.6034851,-0.70965576,1.7535039
108,346.02573,283.18054,346.451,283.1338,0.42526245,-0.04675293,0.4278247
108,413.27698,380.47195,415.02356,379.33853,1.746582,-1.1334229,2.0821133
108,364.43527,398.48096,366.37366,398.2404,1.938385,-0.24057007,1.9532564
108,345.11713,380.44467,347.06174,380.42612,1.9446106,-0.018554688,1.9446992
108,304.33392,369.52408,305.85153,369.9708,1.5176086,0.4467163,1.5819898
108,329.80524,258.3679,329.86032,258.46487,0.05508423,0.09698486,0.11153626
108,260.61658,504.077,263.7983,503.6239,3.1817322,-0.45309448,3.2138317
108,390.3682,237.84952,390.72006,237.38506,0.35186768,-0.46446228,0.5826972
108,400.11063,410.28564,402.43353,409.70883,2.3229065,-0.57681274,2.393451
108,384.86026,392.38568,387.03436,392.18832,2.1741028,-0.19735718,2.183042
108,296.7074,306.36282,297.2878,306.87576,0.5804138,0.51293945,0.77458835
108,292.77383,339.3727,294.2547,339.9323,1.4808655,0.55960083,1.5830716
108,305.2982,270.93262,305.30035,271.59,0.002166748,0.65737915,0.6573827
108,412.56873,283.89737,412.9491,282.73117,0.3803711,-1.1661987,1.2266628
108,320.21484,393.24493,321.95248,393.62717,1.7376404,0.38223267,1.7791841
109,355.11633,343.08896,357.0958,343.05923,1.9794617,-0.029724121,1.9796848
109,335.37704,344.54413,337.60312,344.74896,2.2260742,0.20483398,2.2354782
109,322.5572,366.86554,325.11517,367.36627,2.5579834,0.5007324,2.6065326
109,443.43466,325.8016,444.89114,323.39893,1.4564819,-2.4026794,2.8096633
109,360.71878,239.28021,360.9711,238.91243,0.25231934,-0.3677826,0.44601467
109,294.77454,241.18423,294.82187,242.13898,0.047332764,0.95474243,0.95591503
109,401.4329,256.87457,401.55426,255.67494,0.12136841,-1.1996307,1.2057546
109,264.16626,262.2004,264.50574,263.67834,0.33947754,1.4779358,1.5164232
109,447.1662,382.25223,449.9411,380.31754,2.7749023,-1.9346924,3.3827677
109,429.10837,306.65198,430.2025,304.72583,1.0941467,-1.9261475,2.2152205
109,392.718,443.45618,396.53336,442.73077,3.8153687,-0.72540283,3.8837156
109,388.43668,295.28253,389.04453,294.12454,0.6078491,-1.1579895,1.3078303
109,418.0107,430.6676,421.64633,429.59143,3.63562,-1.0761719,3.7915537
109,246.09322,281.3281,246.7687,283.04166,0.67549133,1.713562,1.8418967
109,384.4853,326.45193,385.97787,325.74792,1.4925842,-0.70401,1.6502842
109,276.93185,314.46365,278.6682,316.1202,1.7363586,1.6565552,2.3998158
109,377.2614,265.14636,377.35114,264.36993,0.08972168,-0.7764282,0.781595
109,454.6734,346.46936,456.67847,343.80347,2.005066,-2.6658936,3.3357575
109,419.9903,275.68842,420.33514,274.04272,0.34484863,-1.6456909,1.6814337
109,424.5452,342.9181,426.5639,341.28134,2.0187073,-1.6367493,2.5988705
109,368.44104,302.0361,369.80914,301.45975,1.368103,-0.576355,1.4845508
109,318.84525,236.10582,318.1961,236.66168,-0.6491394,0.5558624,0.85461396
109,409.10855,314.02905,410.60165,312.57904,1.493103,-1.4500122,2.0813198
109,399.81494,356.25317,402.13788,355.45618,2.322937,-0.7969971,2.4558585
109,346.451,283.1338,346.62927,282.64157,0.17828369,-0.49221802,0.5235109
109,415.02356,379.33853,417.78687,377.92532,2.7633057,-1.413208,3.10371
109,366.37366,398.2404,369.9244,397.86246,3.5507507,-0.3779297,3.570807
109,347.06174,380.42612,349.5274,380.24237,2.4656677,-0.18374634,2.4725049
109,305.85153,369.9708,308.61124,370.78915,2.7597046,0.8183594,2.878486
109,329.86032,258.46487,329.7007,258.36554,-0.15960693,-0.09933472,0.18799403
109,263.7983,503.6239,268.423,503.9153,4.624695,0.29141235,4.633867
109,390.72006,237.38506,390.33148,236.43143,-0.38858032,-0.95362854,1.0297582
109,402.43353,409.70883,405.7873,408.72485,3.3537598,-0.9839783,3.4951277
109,387.03436,392.18832,389.77914,391.17978,2.7447815,-1.0085449,2.9242072
109,297.2878,306.87576,298.7545,307.4383,1.4666748,0.5625305,1.5708518
109,294.2547,339.9323,296.19513,341.04745,1.9404297,1.1151428,2.2380373
109,305.30035,271.59,305.65817,272.13623,0.3578186,0.54623413,0.6529976
109,412.9491,282.73117,413.13287,281.03015,0.18377686,-1.7010193,1.7109181
109,321.95248,393.62717,325.3328,394.02527,3.38031,0.3981018,3.4036717
110,357.0958,343.05923,360.0649,342.54144,2.9691162,-0.51779175,3.0139275
110,337.60312,344.74896,340.60278,344.8188,2.9996643,0.06982422,3.0004768
110,325.11517,367.36627,328.69858,367.67963,3.5834045,0.3133545,3.5970793
110,444.89114,323.39893,447.13977,320.51102,2.2486267,-2.887909,3.6601012
110,360.9711,238.91243,360.77393,238.34447,-0.19717407,-0.56796265,0.60121477
110,294.82187,242.13898,294.87042,243.1626,0.048553467,1.0236206,1.0247715
110,401.55426,255.67494,401.61743,253.69716,0.06317139,-1.9777832,1.9787918
110,264.50574,263.67834,265.0058,265.72046,0.50006104,2.0421143,2.102449
110,449.9411,380.31754,453.94528,377.48776,4.004181,-2.829773,4.9031706
110,430.2025,304.72583,431.5036,302.2316,1.3010864,-2.4942322,2.813187
110,396.53336,442.73077,402.63766,441.46445,6.104309,-1.2663269,6.234274
110,389.04453,294.12454,390.23615,292.57443,1.1916199,-1.5501099,1.9551978
110,421.64633,429.59143,427.20575,427.69913,5.5594177,-1.8923035,5.872643
110,246.7687,283.04166,248.04509,285.54544,1.2763824,2.5037842,2.8103535
110,385.97787,325.74792,388.4984,324.42657,2.5205383,-1.3213501,2.8458884
110,278.6682,316.1202,280.9004,317.6292,2.2321777,1.5090027,2.6943843
110,377.35114,264.36993,377.70312,262.9948,0.35198975,-1.3751221,1.4194567
110,456.67847,343.80347,459.6311,340.9139,2.9526367,-2.889557,4.1312957
110,420.33514,274.04272,420.89496,271.671,0.55981445,-2.3717346,2.4369073
110,426.5639,341.28134,429.0437,339.212,2.4797974,-2.069336,3.2297904
110,369.80914,301.45975,371.44305,300.54688,1.6339111,-0.9128723,1.8716307
110,318.1961,236.66168,318.46255,237.09032,0.26644897,0.42863464,0.5047006
110,410.60165,312.57904,412.63245,310.8061,2.0307922,-1.7729492,2.6958237
110,402.13788,355.45618,405.13394,353.47458,2.9960632,-1.9815979,3.592092
110,346.62927,282.64157,347.90506,282.26212,1.2757874,-0.37945557,1.3310221
110,417.78687,377.92532,421.62115,376.14175,3.8342896,-1.7835693,4.2288175
110,369.9244,397.86246,374.76935,397.18448,4.84494,-0.6779785,4.892147
110,349.5274,380.24237,353.76343,380.08426,4.236023,-0.15811157,4.2389727
110,308.61124,370.78915,312.34125,371.4847,3.730011,0.69555664,3.7943091
110,329.7007,258.36554,329.83624,258.4225,0.13552856,0.0569458,0.14700618
110,268.423,503.9153,274.25494,504.07452,5.8319397,0.1592102,5.8341126
110,390.33148,236.43143,390.64203,235.29138,0.31054688,-1.1400452,1.1815847
110,405.7873,408.72485,410.58478,407.23666,4.7974854,-1.4881897,5.0230045
110,389.77914,391.17978,393.76645,389.93845,3.9873047,-1.241333,4.1760635
110,298.7545,307.4383,300.76996,308.45773,2.0154724,1.0194397,2.2586248
110,296.19513,341.04745,299.49066,342.43793,3.2955322,1.3904724,3.5768626
110,305.65817,272.13623,306.5614,272.78995,0.90322876,0.65371704,1.1149745
110,413.13287,281.03015,413.84573,278.74594,0.7128601,-2.2842102,2.3928614
110,325.3328,394.02527,329.67645,394.40955,4.3436584,0.38427734,4.3606234
111,360.0649,342.54144,363.74045,341.82175,3.675537,-0.71969604,3.745335
111,340.60278,344.8188,344.65195,344.83752,4.049164,0.018737793,4.049207
111,328.69858,367.67963,333.19083,368.11554,4.4922485,0.4359131,4.5133486
111,447.13977,320.51102,449.80527,316.4648,2.6654968,-4.0462036,4.8452697
111,360.77393,238.34447,360.7348,237.50435,-0.039123535,-0.8401184,0.84102887
111,294.87042,243.1626,295.13922,244.6044,0.26879883,1.441803,1.4666454
111,401.61743,253.69716,402.21036,251.49637,0.592926,-2.2007904,2.2792628
111,265.0058,265.72046,266.016,268.11795,1.0101929,2.3974915,2.6016254
111,453.94528,377.48776,458.92032,373.34363,4.9750366,-4.1441345,6.47494
111,431.5036,302.2316,433.26004,298.8073,1.7564392,-3.424286,3.848482
111,402.63766,441.46445,409.8672,439.6294,7.2295227,-1.8350525,7.4587812
111,390.23615,292.57443,391.76617,290.5628,1.5300293,-2.0116272,2.527377
111,427.20575,427.69913,434.20963,424.89777,7.0038757,-2.801361,7.543335
111,248.04509,285.54544,250.1884,288.3711,2.1433105,2.825653,3.546561
111,388.4984,324.42657,391.70212,322.82156,3.2037048,-1.605011,3.5832646
111,280.9004,317.6292,284.45505,319.2998,3.554657,1.6705933,3.9276543
111,377.70312,262.9948,378.43015,261.36566,0.72702026,-1.6291504,1.7840093
111,459.6311,340.9139,463.14575,337.04736,3.5146484,-3.8665466,5.225221
111,420.89496,271.671,421.89682,268.6558,1.0018616,-3.0151978,3.1772857
111,429.0437,339.212,432.52002,336.1632,3.4763184,-3.0487976,4.6238465
111,371.44305,300.54688,373.58472,299.41754,2.1416626,-1.1293335,2.42118
111,318.46255,237.09032,319.54678,237.42183,1.0842285,0.33151245,1.1337777
111,412.63245,310.8061,415.09253,308.39136,2.460083,-2.414734,3.4471653
111,405.13394,353.47458,409.1162,351.25458,3.9822693,-2.2200012,4.5592628
111,347.90506,282.26212,349.0671,281.57175,1.1620483,-0.69036865,1.3516527
111,421.62115,376.14175,426.32516,373.43423,4.70401,-2.7075195,5.4275565
111,374.76935,397.18448,380.72726,396.34393,5.9579163,-0.84054565,6.0169163
111,353.76343,380.08426,359.1176,379.3228,5.354187,-0.7614441,5.40806
111,312.34125,371.4847,317.24698,372.36383,4.905731,0.8791199,4.983879
111,329.83624,258.4225,330.30414,258.32385,0.4678955,-0.09863281,0.47817847
111,274.25494,504.07452,281.21512,504.40582,6.9601746,0.33129883,6.9680552
111,390.64203,235.29138,390.61496,233.4603,-0.027069092,-1.8310852,1.8312852
111,410.58478,407.23666,416.79834,404.50012,6.213562,-2.7365417,6.7894783
111,393.76645,389.93845,399.4201,388.07837,5.653656,-1.8600769,5.951782
111,300.76996,308.45773,303.3278,309.5673,2.5578308,1.1095581,2.7881207
111,299.49066,342.43793,303.62076,343.67267,4.1300964,1.2347412,4.310717
111,306.5614,272.78995,307.69537,273.79813,1.1339722,1.0081787,1.5173389
111,413.84573,278.74594,414.79745,275.73758,0.9517212,-3.0083618,3.1553152
111,329.67645,394.40955,335.487,394.59674,5.810547,0.18719482,5.8135614
112,363.74045,341.82175,368.82523,341.10498,5.084778,-0.71676636,5.135048
112,344.65195,344.83752,349.58868,345.23822,4.936737,0.4006958,4.952972
112,333.19083,368.11554,339.06107,368.7353,5.8702393,0.619751,5.9028635
112,449.80527,316.4648,452.7385,311.77454,2.9332275,-4.690277,5.531955
112,360.7348,237.50435,360.76468,236.98473,0.029876709,-0.5196228,0.520481
112,295.13922,244.6044,295.91556,246.62825,0.77633667,2.0238495,2.1676404
112,402.21036,251.49637,402.5596,248.99968,0.34924316,-2.4966888,2.520997
112,266.016,268.11795,267.63318,271.38367,1.6171875,3.2657166,3.6442008
112,458.92032,373.34363,464.8729,368.8346,5.9525757,-4.509033,7.467566
112,433.26004,298.8073,435.45926,294.8642,2.1992188,-3.9431152,4.514944
112,409.8672,439.6294,418.94858,437.63467,9.08139,-1.9947205,9.297879
112,391.76617,290.5628,393.60785,288.27527,1.8416748,-2.2875366,2.9367652
112,434.20963,424.89777,442.6745,421.92154,8.464874,-2.9762268,8.972849
112,250.1884,288.3711,253.459,292.19604,3.2705994,3.8249512,5.032601
112,391.70212,322.82156,395.58035,321.02258,3.8782349,-1.7989807,4.275165
112,284.45505,319.2998,288.66125,321.9474,4.2062073,2.647583,4.970098
112,378.43015,261.36566,379.4426,259.58463,1.0124512,-1.7810364,2.0486941
112,463.14575,337.04736,467.36392,331.58035,4.21817,-5.4670105,6.9051547
112,421.89682,268.6558,423.0424,265.25372,1.1455688,-3.402069,3.5897634
112,432.52002,336.1632,436.72174,332.42606,4.201721,-3.737152,5.6232343
112,373.58472,299.41754,376.6268,298.26614,3.0420837,-1.1513977,3.2526896
112,319.54678,237.42183,320.4728,238.29723,0.9260254,0.8753967,1.2743008
112,415.09253,308.39136,417.83093,305.3066,2.7384033,-3.0847473,4.124866
112,409.1162,351.25458,413.7904,348.78854,4.6741943,-2.466034,5.284829
112,349.0671,281.57175,350.90024,281.3033,1.8331299,-0.26843262,1.8526795
112,426.32516,373.43423,432.4154,370.03247,6.0902405,-3.401764,6.975889
112,380.72726,396.34393,388.41025,395.30783,7.6829834,-1.0361023,7.7525315
112,359.1176,379.3228,365.50302,378.88876,6.3854065,-0.4340515,6.4001417
112,317.24698,372.36383,323.51816,373.49188,6.271179,1.1280518,6.3718276
112,330.30414,258.32385,330.96185,258.58997,0.65771484,0.26611328,0.70951045
112,281.21512,504.40582,290.52234,504.97293,9.30722,0.56710815,9.324482
112,390.61496,233.4603,390.5385,231.63364,-0.07644653,-1.8266602,1.8282591
112,416.79834,404.50012,424.44946,401.7536,7.651123,-2.746521,8.1291485
112,399.4201,388.07837,406.0602,385.91348,6.640106,-2.1648865,6.9841065
112,303.3278,309.5673,306.8431,311.1113,3.5153198,1.5440063,3.8394568
112,303.62076,343.67267,309.10376,345.9484,5.4830017,2.2757263,5.9365172
112,307.69537,273.79813,309.27948,275.1446,1.5841064,1.3464661,2.0790296
112,414.79745,275.73758,415.86243,272.37317,1.0649719,-3.3644104,3.5289407
112,335.487,394.59674,343.11987,395.03625,7.6328735,0.43951416,7.645517
113,368.82523,341.10498,374.9067,340.3336,6.081482,-0.7713928,6.1302094
113,349.58868,345.23822,356.0268,345.45264,6.4381104,0.2144165,6.44168
113,339.06107,368.7353,346.2403,369.4768,7.1792297,0.7415161,7.2174225
113,452.7385,311.77454,456.5884,306.31604,3.8499146,-5.458496,6.6795974
113,360.76468,236.98473,361.32172,236.72151,0.55703735,-0.2632141,0.61609435
113,295.91556,246.62825,297.20932,249.19002,1.2937622,2.5617676,2.8699257
113,402.5596,248.99968,402.9314,246.47025,0.37179565,-2.5294342,2.556613
113,267.63318,271.38367,269.97623,275.77905,2.343048,4.3953857,4.9808927
113,464.8729,368.8346,471.76395,363.46698,6.8910522,-5.3676147,8.734866
113,435.45926,294.8642,437.64713,290.47684,2.1878662,-4.3873596,4.90262
113,418.94858,437.63467,429.37375,434.9994,10.425171,-2.6352844,10.753089
113,393.60785,288.27527,396.05695,285.95993,2.4490967,-2.3153381,3.3702917
113,442.6745,421.92154,451.7865,418.86038,9.1119995,-3.0611572,9.612451
113,253.459,292.19604,257.40552,296.8641,3.946518,4.6680603,6.1127563
113,395.58035,321.02258,399.85678,318.83405,4.276428,-2.1885376,4.8039083
113,288.66125,321.9474,294.3106,325.5894,5.649353,3.6419983,6.721558
113,379.4426,259.58463,380.4077,258.21967,0.9651184,-1.3649597,1.6716963
113,467.36392,331.58035,472.41718,325.5213,5.053253,-6.0590515,7.889707
113,423.0424,265.25372,424.06332,261.38565,1.020935,-3.8680725,4.0005364
113,436.72174,332.42606,441.20242,328.5209,4.4806824,-3.9051514,5.943629
113,376.6268,298.26614,379.679,297.23972,3.052185,-1.0264282,3.2201536
113,320.4728,238.29723,321.9192,239.57198,1.4463806,1.2747498,1.9279532
113,417.83093,305.3066,421.51578,301.8616,3.684845,-3.4450073,5.0444183
113,413.7904,348.78854,419.59995,345.72745,5.80954,-3.0610962,6.566663
113,350.90024,281.3033,352.89,281.1082,1.9897766,-0.1951294,1.9993215
113,432.4154,370.03247,439.2042,366.1272,6.788788,-3.9052734,7.831909
113,388.41025,395.30783,397.19577,393.61084,8.785522,-1.696991,8.947915
113,365.50302,378.88876,373.4216,378.33505,7.918579,-0.55371094,7.937915
113,323.51816,373.49188,331.5711,374.95386,8.052948,1.4619751,8.18458
113,330.96185,258.58997,331.86334,259.43265,0.90148926,0.8426819,1.2340161
113,290.52234,504.97293,301.52438,505.7945,11.002045,0.8215637,11.032677
113,390.5385,231.63364,390.9986,229.9808,0.460083,-1.652832,1.7156719
113,424.44946,401.7536,433.44263,398.4137,8.993164,-3.3399048,9.593329
113,406.0602,385.91348,413.86926,383.18378,7.8090515,-2.7297058,8.272399
113,306.8431,311.1113,311.46808,313.0284,4.6249695,1.9171143,5.0065627
113,309.10376,345.9484,315.74194,348.70502,6.6381836,2.7566223,7.187799
113,309.27948,275.1446,311.19315,277.24136,1.9136658,2.0967712,2.8387613
113,415.86243,272.37317,416.97156,268.4288,1.1091309,-3.9443665,4.09734
113,343.11987,395.03625,352.069,395.4942,8.949127,0.45794678,8.960836
114,374.9067,340.3336,381.42584,339.5164,6.5191345,-0.8171997,6.5701547
114,356.0268,345.45264,363.06885,345.52124,7.042053,0.068603516,7.0423875
114,346.2403,369.4768,354.44543,370.39377,8.205139,0.91696167,8.256218
114,456.5884,306.31604,460.2566,300.16248,3.6681824,-6.1535645,7.163932
114,361.32172,236.72151,361.29575,236.54703,-0.025970459,-0.17448425,0.1764064
114,297.20932,249.19002,298.6731,252.46904,1.4637756,3.2790222,3.5909088
114,402.9314,246.47025,402.80667,243.55783,-0.12472534,-2.9124146,2.9150841
114,269.97623,275.77905,272.96973,280.73816,2.9934998,4.9591064,5.7925625
114,471.76395,363.46698,479.50406,356.6699,7.7401123,-6.7970886,10.300959
114,437.64713,290.47684,440.44583,285.2549,2.798706,-5.221924,5.92463
114,429.37375,434.9994,440.71042,431.6342,11.33667,-3.3652039,11.825594
114,396.05695,285.95993,398.29547,283.1534,2.2385254,-2.8065186,3.5899224
114,451.7865,418.86038,462.442,414.62656,10.655487,-4.2338257,11.465805
114,257.40552,296.8641,262.51736,301.49545,5.111847,4.6313477,6.897852
114,399.85678,318.83405,404.83914,316.46646,4.982361,-2.3675842,5.5162826
114,294.3106,325.5894,300.8679,329.52597,6.5572815,3.9365845,7.6481786
114,380.4077,258.21967,381.40292,256.47705,0.99520874,-1.7426147,2.0067751
114,472.41718,325.5213,477.81775,319.18686,5.4005737,-6.334442,8.324142
114,424.06332,261.38565,424.98227,257.3401,0.9189453,-4.0455627,4.1486187
114,441.20242,328.5209,446.241,323.4771,5.038574,-5.0437927,7.1293106
114,379.679,297.23972,383.61774,295.77704,3.9387512,-1.462677,4.2015696
114,321.9192,239.57198,323.60965,241.08853,1.6904602,1.5165558,2.2710345
114,421.51578,301.8616,425.3996,298.158,3.8838196,-3.7036133,5.366638
114,419.59995,345.72745,425.77097,341.97916,6.1710205,-3.748291,7.2201924
114,352.89,281.1082,355.45932,280.79306,2.5693054,-0.3151245,2.5885582
114,439.2042,366.1272,447.04092,361.63336,7.836731,-4.4938354,9.033765
114,397.19577,393.61084,407.25525,391.78757,10.059479,-1.8232727,10.223377
114,373.4216,378.33505,382.36716,377.36505,8.945557,-0.9700012,8.997993
114,331.5711,374.95386,340.30746,376.22736,8.736359,1.2734985,8.82869
114,331.86334,259.43265,332.85672,260.55792,0.9933777,1.1252747,1.5010138
114,301.52438,505.7945,315.0563,508.6556,13.531921,2.8611145,13.831083
114,390.9986,229.9808,391.2979,228.26758,0.2993164,-1.7132263,1.7391765
114,433.44263,398.4137,443.6666,394.1134,10.2239685,-4.300293,11.091531
114,413.86926,383.18378,422.64557,380.07492,8.776306,-3.1088562,9.310668
114,311.46808,313.0284,316.72745,315.1428,5.259369,2.11438,5.6684713
114,315.74194,348.70502,323.27518,351.1079,7.5332336,2.402893,7.907181
114,311.19315,277.24136,313.958,279.52322,2.764862,2.2818604,3.5848777
114,416.97156,268.4288,417.9145,264.48462,0.9429321,-3.9441833,4.0553303
114,352.069,395.4942,362.06778,395.81882,9.998779,0.32461548,10.004047
115,381.42584,339.5164,388.6126,338.6806,7.1867676,-0.8357849,7.2352033
115,363.06885,345.52124,370.68796,346.08337,7.61911,0.5621338,7.6398187
115,354.44543,370.39377,363.2013,371.41382,8.755859,1.02005,8.815077
115,460.2566,300.16248,463.48492,293.55453,3.2283325,-6.6079407,7.3543873
115,361.29575,236.54703,361.2883,236.98302,-0.007446289,0.43598938,0.43605295
115,298.6731,252.46904,300.12048,256.61935,1.4473877,4.1503143,4.395457
115,402.80667,243.55783,403.10745,241.33362,0.30078125,-2.2242126,2.244458
115,272.96973,280.73816,276.79025,286.1627,3.8205261,5.42453,6.6349034
115,479.50406,356.6699,487.35416,349.20627,7.8500977,-7.463623,10.831883
115,440.44583,285.2549,442.67047,280.05087,2.22464,-5.2040405,5.659599
115,440.71042,431.6342,454.75958,427.2812,14.049164,-4.352997,14.708078
115,398.29547,283.1534,400.7014,280.7796,2.4059143,-2.3738098,3.3798516
115,462.442,414.62656,474.4637,409.02805,12.0217285,-5.5985107,13.261421
115,262.51736,301.49545,268.4997,307.28308,5.9823303,5.787628,8.323756
115,404.83914,316.46646,410.66312,313.909,5.8239746,-2.5574646,6.360763
115,300.8679,329.52597,307.7571,333.93094,6.889221,4.4049683,8.177109
115,381.40292,256.47705,382.49576,255.8099,1.0928345,-0.6671448,1.2803786
115,477.81775,319.18686,483.11713,311.64996,5.2993774,-7.5368958,9.213479
115,424.98227,257.3401,426.31537,253.5305,1.3330994,-3.8095856,4.036099
115,446.241,323.4771,451.5213,318.49268,5.280304,-4.984436,7.2612815
115,383.61774,295.77704,387.6068,294.6382,3.9890747,-1.1388245,4.1484504
115,323.60965,241.08853,324.31696,243.78505,0.7073059,2.696518,2.7877395
115,425.3996,298.158,429.22693,294.38434,3.8273315,-3.7736511,5.3748403
115,425.77097,341.97916,432.52905,338.2713,6.758087,-3.7078552,7.708432
115,355.45932,280.79306,358.20026,281.09787,2.7409363,0.30480957,2.7578325
115,447.04092,361.63336,455.02402,356.646,7.9830933,-4.9873657,9.412948
115,407.25525,391.78757,417.98743,389.551,10.732178,-2.2365723,10.96275
115,382.36716,377.36505,391.942,376.7802,9.574829,-0.58483887,9.592673
115,340.30746,376.22736,350.21628,377.95407,9.908813,1.7267151,10.058138
115,332.85672,260.55792,334.2121,262.26453,1.3553772,1.706604,2.179345
115,315.0563,508.6556,328.57205,510.8041,13.515747,2.1484985,13.685447
115,391.2979,228.26758,392.1082,227.02174,0.8102722,-1.2458344,1.4861509
115,443.6666,394.1134,454.2083,389.17603,10.541718,-4.937378,11.640683
115,422.64557,380.07492,432.192,376.1304,9.546417,-3.944519,10.329246
115,316.72745,315.1428,322.68018,318.30466,5.9527283,3.1618652,6.7403536
115,323.27518,351.1079,332.36124,354.2019,9.08606,3.0939941,9.5984
115,313.958,279.52322,316.95306,282.53833,2.9950562,3.0151062,4.2498503
115,417.9145,264.48462,419.11343,260.71185,1.1989441,-3.772766,3.9586904
115,362.06778,395.81882,373.56128,396.31625,11.4935,0.49743652,11.504259
116,388.6126,338.6806,395.9955,337.58154,7.382904,-1.09906,7.4642615
116,370.68796,346.08337,378.38657,346.3553,7.6986084,0.27191162,7.7034087
116,363.2013,371.41382,372.45508,372.28122,9.253784,0.8674011,9.294349
116,463.48492,293.55453,466.7323,286.66992,3.2473755,-6.884613,7.6120524
116,361.2883,236.98302,361.70294,237.56651,0.41464233,0.5834961,0.7158184
116,300.12048,256.61935,302.22324,261.21948,2.1027527,4.600128,5.057939
116,403.10745,241.33362,402.75186,239.28973,-0.35559082,-2.0438843,2.0745862
116,276.79025,286.1627,281.18616,291.84555,4.3959045,5.6828613,7.1846285
116,487.35416,349.20627,494.6032,340.85687,7.249054,-8.349396,11.0571785
116,442.67047,280.05087,444.29706,274.7231,1.6265869,-5.327759,5.5705295
116,454.75958,427.2812,467.37488,422.61026,12.615295,-4.670929,13.452258
116,400.7014,280.7796,402.9321,278.34024,2.230713,-2.4393616,3.3055356
116,474.4637,409.02805,485.5169,403.53363,11.053192,-5.4944153,12.343487
116,268.4997,307.28308,274.8722,313.04764,6.3724976,5.764557,8.592953
116,410.66312,313.909,415.7967,311.7603,5.1335754,-2.1486816,5.5651083
116,307.7571,333.93094,316.36078,338.14612,8.603668,4.2151794,9.580754
116,382.49576,255.8099,383.3853,254.75311,0.8895569,-1.0567932,1.3813484
116,483.11713,311.64996,487.72226,304.53308,4.605133,-7.1168823,8.476867
116,426.31537,253.5305,426.7794,249.51352,0.46401978,-4.016983,4.043695
116,451.5213,318.49268,456.3397,313.32318,4.81839,-5.1694946,7.066863
116,387.6068,294.6382,391.18442,293.58386,3.5776062,-1.0543518,3.7297351
116,324.31696,243.78505,326.81955,246.15276,2.502594,2.3677063,3.445143
116,429.22693,294.38434,432.39758,290.44348,3.1706543,-3.940857,5.058004
116,432.52905,338.2713,439.06622,334.5227,6.5371704,-3.7485962,7.5356865
116,358.20026,281.09787,360.64948,281.65347,2.4492188,0.555603,2.5114472
116,455.02402,356.646,462.5701,350.96402,7.5460815,-5.6819763,9.446068
116,417.98743,389.551,429.01996,387.0258,11.032532,-2.5252075,11.317837
116,391.942,376.7802,401.72723,375.21777,9.785248,-1.562439,9.909203
116,350.21628,377.95407,360.21,379.3986,9.993713,1.444519,10.09757
116,334.2121,262.26453,335.5849,264.2466,1.3728027,1.9820862,2.411069
116,328.57205,510.8041,346.33884,518.8891,17.766785,8.084991,19.51988
116,392.1082,227.02174,392.1505,225.92857,0.04232788,-1.0931702,1.0939894
116,454.2083,389.17603,464.67194,384.08487,10.463623,-5.091156,11.636463
116,432.192,376.1304,441.3128,372.3056,9.120819,-3.8247986,9.89032
116,322.68018,318.30466,328.76422,321.1541,6.0840454,2.8494568,6.71826
116,332.36124,354.2019,340.92035,356.912,8.559113,2.710083,8.977915
116,316.95306,282.53833,319.93042,285.8599,2.977356,3.3215637,4.460654
116,419.11343,260.71185,419.55722,256.83295,0.44378662,-3.8789062,3.9042106
116,373.56128,396.31625,384.90726,395.95874,11.345978,-0.35751343,11.351609
117,395.9955,337.58154,403.3725,336.91147,7.3769836,-0.67007446,7.407354
117,378.38657,346.3553,386.57315,346.5448,8.186584,0.18951416,8.188778
117,372.45508,372.28122,382.19223,373.15472,9.737152,0.87350464,9.776254
117,466.7323,286.66992,469.62018,280.1357,2.8878784,-6.53421,7.1439304
117,361.70294,237.56651,361.49557,239.10527,-0.20736694,1.5387573,1.552667
117,302.22324,261.21948,304.88425,266.50836,2.6610107,5.2888794,5.920576
117,402.75186,239.28973,402.3769,237.76262,-0.37496948,-1.5271149,1.5724764
117,281.18616,291.84555,285.7943,298.20416,4.6081543,6.358612,7.8528357
117,494.6032,340.85687,501.62863,333.4024,7.025421,-7.454468,10.243321
117,444.29706,274.7231,445.9089,269.88727,1.6118469,-4.835846,5.0973973
117,467.37488,422.61026,480.49615,417.46857,13.121277,-5.141693,14.092726
117,402.9321,278.34024,405.05237,276.3353,2.1202698,-2.0049438,2.918106
117,485.5169,403.53363,497.1167,397.22348,11.5997925,-6.31015,13.205044
117,274.8722,313.04764,281.47754,319.59335,6.6053467,6.5457153,9.2993
117,415.7967,311.7603,420.78183,309.22214,4.985138,-2.5381775,5.594099
117,316.36078,338.14612,324.62115,342.98428,8.260376,4.8381653,9.572965
117,383.3853,254.75311,384.22583,254.46158,0.84051514,-0.29153442,0.88963926
117,487.72226,304.53308,491.67654,296.2725,3.9542847,-8.26059,9.158259
117,426.7794,249.51352,426.9237,246.09236,0.14431763,-3.4211578,3.4242003
117,456.3397,313.32318,461.15244,307.9674,4.812744,-5.355774,7.200474
117,391.18442,293.58386,395.14606,293.04712,3.9616394,-0.53674316,3.9978344
117,326.81955,246.15276,333.38242,247.53098,6.562866,1.3782196,6.70602
117,432.39758,290.44348,435.71185,287.22162,3.31427,-3.2218628,4.6222057
117,439.06622,334.5227,445.59735,330.4252,6.531128,-4.0975037,7.710069
117,360.64948,281.65347,363.59644,282.60864,2.9469604,0.9551697,3.0978904
117,462.5701,350.96402,470.3729,345.4147,7.8027954,-5.5493164,9.57489
117,429.01996,387.0258,439.9002,383.7476,10.880249,-3.2781982,11.3633795
117,401.72723,375.21777,411.48532,373.93744,9.758087,-1.2803345,9.841723
117,360.21,379.3986,370.97662,380.75574,10.766632,1.3571472,10.8518305
117,335.5849,264.2466,337.62567,267.20346,2.0407715,2.9568481,3.5927286
117,346.33884,518.8891,362.60425,519.2136,16.265411,0.32452393,16.268648
117,392.1505,225.92857,391.91525,225.50833,-0.23526001,-0.4202423,0.4816128
117,464.67194,384.08487,475.0418,377.99677,10.369873,-6.0881042,12.024943
117,441.3128,372.3056,450.76968,368.1497,9.456879,-4.1559143,10.329771
117,328.76422,321.1541,335.33798,324.55463,6.573761,3.4005127,7.401204
117,340.92035,356.912,350.6749,359.8471,9.754547,2.9351196,10.186565
117,319.93042,285.8599,323.3166,289.40033,3.3861694,3.5404358,4.899064
117,419.55722,256.83295,419.911,253.32518,0.35379028,-3.5077667,3.525563
117,384.90726,395.95874,396.5855,396.0777,11.678253,0.11895752,11.678859
118,403.3725,336.91147,410.41476,336.0281,7.042267,-0.8833618,7.0974536
118,386.57315,346.5448,394.33606,346.93472,7.762909,0.3899231,7.7726955
118,382.19223,373.15472,391.55252,373.58862,9.360291,0.43389893,9.370342
118,469.62018,280.1357,471.69342,274.2812,2.0732422,-5.8545227,6.210778
118,361.49557,239.10527,362.0052,240.75684,0.50961304,1.6515656,1.7284023
118,304.88425,266.50836,307.53445,272.33096,2.6502075,5.8226013,6.3973656
118,402.3769,237.76262,403.05377,237.14714,0.6768799,-0.6154785,0.9148662
118,285.7943,298.20416,291.1109,304.23532,5.3165894,6.0311584,8.039963
118,501.62863,333.4024,507.80643,325.4274,6.1777954,-7.975006,10.087908
118,445.9089,269.88727,446.90015,265.2356,0.99124146,-4.6516724,4.7561135
118,480.49615,417.46857,492.1389,412.4149,11.642731,-5.0536804,12.692236
118,405.05237,276.3353,406.96234,275.06244,1.9099731,-1.2728577,2.2952483
118,497.1167,397.22348,507.37994,390.42654,10.263245,-6.796936,12.309855
118,281.47754,319.59335,288.6773,325.2216,7.199768,5.628235,9.138582
118,420.78183,309.22214,425.48593,307.21863,4.7041016,-2.0035095,5.1129856
118,324.62115,342.98428,333.07602,347.82248,8.4548645,4.838196,9.741297
118,384.22583,254.46158,385.2845,254.74165,1.0586548,0.28007507,1.0950763
118,491.67654,296.2725,495.2275,289.4121,3.5509644,-6.860382,7.724907
118,426.9237,246.09236,427.3699,243.6236,0.4461975,-2.4687653,2.5087636
118,461.15244,307.9674,464.89172,303.67758,3.7392883,-4.2898254,5.6907716
118,395.14606,293.04712,399.29297,292.79364,4.1469116,-0.253479,4.154651
118,333.38242,247.53098,337.4799,249.7219,4.097473,2.190918,4.64644
118,435.71185,287.22162,438.6683,284.1152,2.9564514,-3.1064148,4.2884054
118,445.59735,330.4252,451.3852,327.14023,5.787842,-3.2849731,6.6550856
118,363.59644,282.60864,366.47482,284.29016,2.8783875,1.6815186,3.3335595
118,470.3729,345.4147,476.99063,340.1422,6.617737,-5.2724915,8.461301
118,439.9002,383.7476,450.0454,380.8928,10.145203,-2.8547974,10.539212
118,411.48532,373.93744,420.45856,372.1798,8.973236,-1.7576294,9.143754
118,370.97662,380.75574,381.11935,381.57593,10.142731,0.8201904,10.175839
118,337.62567,267.20346,339.3209,270.02728,1.695221,2.823822,3.2935915
118,362.60425,519.2136,379.32874,519.114,16.724487,-0.099609375,16.724783
118,391.91525,225.50833,393.66724,225.39671,1.7519836,-0.11161804,1.7555356
118,475.0418,377.99677,484.34625,372.36758,9.304443,-5.629181,10.874757
118,450.76968,368.1497,459.42313,363.93503,8.653442,-4.2146606,9.62525
118,335.33798,324.55463,342.04425,328.04794,6.7062683,3.4933167,7.561567
118,350.6749,359.8471,359.5609,362.6361,8.886017,2.7890015,9.313421
118,323.3166,289.40033,327.30957,293.1901,3.992981,3.7897644,5.505108
118,419.911,253.32518,420.01425,250.79875,0.10324097,-2.5264282,2.5285368
118,396.5855,396.0777,407.71832,395.60526,11.1328125,-0.47244263,11.142833
119,410.41476,336.0281,416.7693,335.19815,6.3545227,-0.82995605,6.4084935
119,394.33606,346.93472,401.5842,347.04123,7.2481384,0.10650635,7.248921
119,391.55252,373.58862,400.6937,374.15073,9.141174,0.5621033,9.158441
119,471.69342,274.2812,473.2744,268.8352,1.5809937,-5.445984,5.6708274
119,362.0052,240.75684,362.14102,242.79921,0.13583374,2.0423737,2.0468855
119,307.53445,272.33096,310.5942,277.997,3.0597534,5.666046,6.439423
119,403.05377,237.14714,402.34158,236.75189,-0.7121887,-0.3952484,0.81451464
119,291.1109,304.23532,296.29596,309.9717,5.1850586,5.736389,7.7324634
119,507.80643,325.4274,513.2925,317.92007,5.4860535,-7.507324,9.298209
119,446.90015,265.2356,447.87808,261.73648,0.9779358,-3.499115,3.633203
119,492.1389,412.4149,503.2378,406.83292,11.098907,-5.58197,12.423532
119,406.96234,275.06244,408.64734,273.79608,1.6849976,-1.2663574,2.1078136
119,507.37994,390.42654,517.01587,383.98196,9.635925,-6.44458,11.592397
119,288.6773,325.2216,295.28638,331.98785,6.60907,6.766266,9.458444
119,425.48593,307.21863,429.64844,305.33096,4.162506,-1.8876648,4.570529
119,333.07602,347.82248,341.35828,352.32758,8.282257,4.5050964,9.428238
119,385.2845,254.74165,386.13516,255.38477,0.8506775,0.6431122,1.0664171
119,495.2275,289.4121,498.14383,282.46957,2.9163208,-6.9425354,7.5301876
119,427.3699,243.6236,427.22534,241.38393,-0.14456177,-2.2396698,2.2443304
119,464.89172,303.67758,468.4655,299.21652,3.5737915,-4.4610596,5.7160335
119,399.29297,292.79364,402.5961,292.2237,3.303131,-0.5699463,3.3519418
119,337.4799,249.7219,337.98505,253.42598,0.5051575,3.7040863,3.7383738
119,438.6683,284.1152,441.25647,281.11832,2.5881653,-2.9968872,3.9597893
119,451.3852,327.14023,456.70703,323.9258,5.3218384,-3.2144165,6.2172694
119,366.47482,284.29016,369.3417,285.71103,2.8668823,1.4208679,3.1996686
119,476.99063,340.1422,483.2152,335.07333,6.224579,-5.068878,8.027385
119,450.0454,380.8928,459.96655,377.53943,9.921143,-3.353363,10.472541
119,420.45856,372.1798,429.459,370.63974,9.000458,-1.5400696,9.131268
119,381.11935,381.57593,391.2868,382.55026,10.16745,0.9743347,10.214027
119,339.3209,270.02728,341.45566,273.1868,2.1347656,3.1595154,3.813104
119,379.32874,519.114,396.93893,526.60364,17.610199,7.489624,19.136707
119,393.66724,225.39671,394.09805,225.4811,0.43081665,0.0843811,0.43900248
119,484.34625,372.36758,493.24753,366.56955,8.901276,-5.7980347,10.623084
119,459.42313,363.93503,467.0686,359.9012,7.6454773,-4.0338135,8.644361
119,342.04425,328.04794,348.3415,330.8968,6.297241,2.8488464,6.9116693
119,359.5609,362.6361,368.49545,365.2415,8.93454,2.6053772,9.306664
119,327.30957,293.1901,331.23276,296.96567,3.9231873,3.7755737,5.4448466
119,420.01425,250.79875,419.73596,248.45773,-0.2782898,-2.3410187,2.3575015
119,407.71832,395.60526,417.8309,394.8289,10.112579,-0.7763672,10.142337
120,416.7693,335.19815,423.22696,334.03705,6.457672,-1.1611023,6.5612264
120,401.5842,347.04123,409.01422,346.9138,7.430023,-0.1274414,7.431116
120,400.6937,374.15073,409.07138,374.1602,8.377686,0.009460449,8.377691
120,473.2744,268.8352,474.97787,263.997,1.7034607,-4.838196,5.129319
120,362.14102,242.79921,362.91425,244.99088,0.7732239,2.1916656,2.324064
120,310.5942,277.997,314.90234,283.04816,4.308136,5.0511475,6.638835
120,402.34158,236.75189,402.72754,236.67143,0.3859558,-0.080459595,0.39425325
120,296.29596,309.9717,302.20688,315.20648,5.910919,5.2347717,7.8956823
120,513.2925,317.92007,518.02625,310.8334,4.7337646,-7.08667,8.522289
120,447.87808,261.73648,448.9621,258.4713,1.0840149,-3.2651672,3.4404078
120,503.2378,406.83292,512.705,402.1798,9.467224,-4.6531067,10.548922
120,408.64734,273.79608,410.80283,273.19415,2.155487,-0.6019287,2.2379549
120,517.01587,383.98196,525.2396,377.7944,8.223755,-6.187561,10.291553
120,295.28638,331.98785,302.32736,337.43958,7.040985,5.451721,8.904872
120,429.64844,305.33096,434.01105,303.93372,4.36261,-1.3972473,4.580902
120,341.35828,352.32758,349.85406,355.84534,8.495789,3.5177612,9.195274
120,386.13516,255.38477,387.585,256.028,1.4498291,0.6432495,1.5861193
120,498.14383,282.46957,500.76685,277.04037,2.6230164,-5.429199,6.0296283
120,427.22534,241.38393,427.6054,239.81517,0.38006592,-1.5687561,1.6141393
120,468.4655,299.21652,471.58548,294.93823,3.1199646,-4.27829,5.295087
120,402.5961,292.2237,406.54663,292.21756,3.950531,-0.006134033,3.9505358
120,337.98505,253.42598,339.93646,256.21527,1.951416,2.7892914,3.4041402
120,441.25647,281.11832,443.9836,278.7071,2.7271423,-2.4112244,3.6402347
120,456.70703,323.9258,461.6651,320.74197,4.958069,-3.183838,5.892306
120,369.3417,285.71103,372.37866,287.1281,3.0369568,1.4170837,3.351303
120,483.2152,335.07333,488.9757,330.56158,5.760498,-4.5117493,7.31705
120,459.96655,377.53943,468.59323,373.6209,8.626678,-3.918518,9.474934
120,429.459,370.63974,437.62643,368.71918,8.167419,-1.9205627,8.390191
120,391.2868,382.55026,400.46802,382.74542,9.181213,0.19515991,9.183288
120,341.45566,273.1868,343.82968,276.4223,2.3740234,3.2355042,4.0130377
120,396.93893,526.60364,412.37125,527.134,15.432312,0.5303345,15.4414215
120,394.09805,225.4811,396.30743,225.5733,2.209381,0.09220886,2.2113044
120,493.24753,366.56955,501.14716,360.87726,7.8996277,-5.6922913,9.736853
120,467.0686,359.9012,474.1091,355.661,7.040497,-4.240204,8.218755
120,348.3415,330.8968,355.2043,333.6262,6.8628235,2.7294006,7.38566
120,368.49545,365.2415,377.2258,366.85583,8.730347,1.6143494,8.878349
120,331.23276,296.96567,336.12067,300.40002,4.887909,3.4343567,5.9738145
120,419.73596,248.45773,419.92508,246.91557,0.18911743,-1.54216,1.5537126
120,417.8309,394.8289,427.93918,393.39023,10.108276,-1.4386597,10.210142
121,423.22696,334.03705,428.6252,332.9678,5.3982544,-1.0692444,5.5031295
121,409.01422,346.9138,414.99408,346.32526,5.9798584,-0.5885315,6.00875
121,409.07138,374.1602,416.56964,373.87796,7.4982605,-0.28222656,7.50357
121,474.97787,263.997,475.74,259.2741,0.7621155,-4.7229004,4.783995
121,362.91425,244.99088,363.7225,246.71796,0.80825806,1.7270813,1.9068537
121,314.90234,283.04816,318.36337,287.66382,3.461029,4.6156616,5.769147
121,402.72754,236.67143,403.05405,236.44408,0.32650757,-0.22735596,0.39786673
121,302.20688,315.20648,307.07623,320.05756,4.8693542,4.851074,6.873393
121,518.02625,310.8334,521.7793,304.36984,3.7530518,-6.463562,7.4741573
121,448.9621,258.4713,449.09854,255.11952,0.13644409,-3.3517914,3.3545673
121,512.705,402.1798,521.4993,396.13943,8.794312,-6.0403748,10.668928
121,410.80283,273.19415,412.1883,272.3377,1.3854675,-0.8564453,1.6288091
121,525.2396,377.7944,532.59814,371.85956,7.3585205,-5.934845,9.453582
121,302.32736,337.43958,309.49,342.7897,7.162628,5.350128,8.940196
121,434.01105,303.93372,437.58127,301.9109,3.570221,-2.0228271,4.103451
121,349.85406,355.84534,356.85553,358.62628,7.001465,2.7809448,7.533536
121,387.585,256.028,388.58173,256.47177,0.9967346,0.4437561,1.0910543
121,500.76685,277.04037,502.35388,271.2631,1.5870361,-5.7772827,5.9913
121,427.6054,239.81517,427.71152,238.09294,0.10610962,-1.722229,1.7254947
121,471.58548,294.93823,474.17636,291.24185,2.5908813,-3.6963806,4.513967
121,406.54663,292.21756,409.46378,291.8319,2.9171448,-0.38565063,2.942526
121,339.93646,256.21527,341.0039,258.95944,1.0674438,2.7441711,2.9444714
121,443.9836,278.7071,445.6968,276.07068,1.7131958,-2.6364136,3.144156
121,461.6651,320.74197,465.64722,317.52148,3.9821167,-3.2204895,5.1214066
121,372.37866,287.1281,374.9736,287.97955,2.5949402,0.8514404,2.7310557
121,488.9757,330.56158,493.73254,325.67078,4.756836,-4.890808,6.822572
121,468.59323,373.6209,476.1872,370.1549,7.5939636,-3.4660034,8.347543
121,437.62643,368.71918,444.90604,366.4444,7.279602,-2.2747803,7.6267447
121,400.46802,382.74542,408.55917,382.7017,8.091156,-0.04373169,8.091274
121,343.82968,276.4223,346.04153,278.97482,2.211853,2.5525208,3.3775222
121,412.37125,527.134,427.63663,528.1948,15.265381,1.060852,15.302198
121,396.30743,225.5733,397.07538,225.49004,0.76794434,-0.08326721,0.77244544
121,501.14716,360.87726,508.10077,355.409,6.9536133,-5.4682617,8.846165
121,474.1091,355.661,480.42096,351.45996,6.311859,-4.20105,7.5821095
121,355.2043,333.6262,361.12512,335.58145,5.920807,1.9552612,6.235303
121,377.2258,366.85583,384.85928,368.09125,7.633484,1.2354126,7.732808
121,336.12067,300.40002,339.6842,303.39658,3.5635376,2.9965515,4.655977
121,419.92508,246.91557,420.07312,245.38626,0.14804077,-1.5293121,1.5364608
121,427.93918,393.39023,436.25436,391.68814,8.315186,-1.7020874,8.487603
122,428.6252,332.9678,433.68805,331.46237,5.0628357,-1.5054321,5.2819157
122,414.99408,346.32526,420.65057,345.5369,5.656494,-0.7883606,5.711168
122,416.56964,373.87796,423.7059,372.7864,7.136261,-1.0915527,7.2192593
122,475.74,259.2741,476.3153,254.76099,0.5753174,-4.5131226,4.5496445
122,363.7225,246.71796,364.309,248.30527,0.5864868,1.5873108,1.6921945
122,318.36337,287.66382,321.5696,292.27142,3.2062378,4.607605,5.6133757
122,403.05405,236.44408,402.5861,236.19312,-0.46795654,-0.2509613,0.53100365
122,307.07623,320.05756,312.02756,323.97668,4.9513245,3.9191284,6.31468
122,521.7793,304.36984,525.0348,297.7445,3.2554932,-6.6253357,7.3819585
122,449.09854,255.11952,449.14203,252.01102,0.04348755,-3.1085052,3.1088095
122,521.4993,396.13943,529.36,390.16052,7.8606567,-5.9789124,9.876099
122,412.1883,272.3377,413.291,270.80533,1.1026917,-1.5323792,1.8878863
122,532.59814,371.85956,539.04333,365.63013,6.4451904,-6.229431,8.96361
122,309.49,342.7897,314.97678,346.18756,5.486786,3.3978577,6.453701
122,437.58127,301.9109,440.48032,299.63495,2.8990479,-2.27594,3.6856995
122,356.85553,358.62628,363.6579,360.64236,6.802368,2.0160828,7.0948434
122,388.58173,256.47177,389.4742,257.0253,0.8924866,0.55352783,1.0502025
122,502.35388,271.2631,503.60748,265.4085,1.2536011,-5.8545837,5.987292
122,427.71152,238.09294,427.40414,236.5359,-0.30737305,-1.5570374,1.5870864
122,474.17636,291.24185,476.13702,287.37653,1.9606628,-3.865326,4.33416
122,409.46378,291.8319,412.14053,291.26556,2.6767578,-0.5663452,2.7360153
122,341.0039,258.95944,341.93542,261.67358,0.93151855,2.7141418,2.8695457
122,445.6968,276.07068,447.30038,273.69742,1.6035767,-2.3732605,2.8642316
122,465.64722,317.52148,469.2044,314.1225,3.55719,-3.3989868,4.9200315
122,374.9736,287.97955,377.42236,289.0753,2.448761,1.0957336,2.6827343
122,493.73254,325.67078,497.69748,320.952,3.9649353,-4.7187805,6.1634083
122,476.1872,370.1549,482.9951,366.5678,6.807892,-3.5870972,7.6951065
122,444.90604,366.4444,451.11862,364.0546,6.2125854,-2.389801,6.656378
122,408.55917,382.7017,416.21323,381.84775,7.6540527,-0.8539429,7.7015414
122,346.04153,278.97482,348.0176,281.17105,1.9760742,2.196228,2.9543674
122,427.63663,528.1948,439.7507,527.20593,12.114075,-0.9888916,12.15437
122,397.07538,225.49004,396.7118,225.3831,-0.36358643,-0.106933594,0.37898532
122,508.10077,355.409,513.4701,349.70456,5.3693237,-5.7044373,7.833916
122,480.42096,351.45996,485.97815,347.31363,5.55719,-4.146332,6.933573
122,361.12512,335.58145,366.6944,337.4896,5.569275,1.9081421,5.88709
122,384.85928,368.09125,392.43387,368.67935,7.574585,0.58810425,7.597381
122,339.6842,303.39658,342.94623,305.65402,3.262024,2.2574463,3.9669716
122,420.07312,245.38626,419.39774,243.7251,-0.6753845,-1.6611633,1.7932116
122,436.25436,391.68814,444.2934,389.75195,8.039032,-1.9361877,8.268909
123,433.68805,331.46237,437.78845,329.6478,4.100403,-1.8145752,4.4839697
123,420.65057,345.5369,425.5605,344.48193,4.909912,-1.0549622,5.02197
123,423.7059,372.7864,429.64282,372.0783,5.93692,-0.70809937,5.9789987
123,476.3153,254.76099,476.07098,250.07314,-0.24432373,-4.687851,4.6942134
123,364.309,248.30527,364.398,249.55266,0.089019775,1.2473907,1.2505631
123,321.5696,292.27142,324.1117,295.7291,2.5420837,3.457672,4.291583
123,402.5861,236.19312,401.57666,235.49554,-1.0094299,-0.6975708,1.2270101
123,312.02756,323.97668,316.2982,328.09213,4.27063,4.115448,5.9308677
123,525.0348,297.7445,527.2936,290.94168,2.258789,-6.802826,7.168024
123,449.14203,252.01102,448.6137,248.50218,-0.5283203,-3.5088348,3.548386
123,529.36,390.16052,536.26483,384.3569,6.904846,-5.8036194,9.019917
123,413.291,270.80533,413.96204,269.48517,0.671051,-1.3201599,1.4809226
123,539.04333,365.63013,544.48456,358.58755,5.441223,-7.042572,8.899704
123,314.97678,346.18756,320.0445,351.41745,5.0677185,5.229889,7.282411
123,440.48032,299.63495,442.84045,297.69165,2.360138,-1.9432983,3.0572307
123,363.6579,360.64236,370.01477,362.52017,6.3568726,1.8778076,6.6284227
123,389.4742,257.0253,389.52853,257.00916,0.05432129,-0.016143799,0.056669433
123,503.60748,265.4085,504.4161,259.9875,0.80862427,-5.4210205,5.4809976
123,427.40414,236.5359,426.45706,234.67488,-0.9470825,-1.861023,2.0881503
123,476.13702,287.37653,477.3714,283.28763,1.234375,-4.0888977,4.271155
123,412.14053,291.26556,414.11398,290.305,1.9734497,-0.9605713,2.1948123
123,341.93542,261.67358,342.4711,263.66553,0.53567505,1.9919434,2.0627131
123,447.30038,273.69742,448.27933,270.74756,0.9789429,-2.9498596,3.1080542
123,469.2044,314.1225,471.9341,310.56213,2.7297058,-3.5603638,4.4863663
123,377.42236,289.0753,378.99692,288.9822,1.5745544,-0.09307861,1.5773032
123,497.69748,320.952,500.99127,315.89124,3.2937927,-5.0607605,6.0382423
123,482.9951,366.5678,488.9126,362.99692,5.917511,-3.5708923,6.911455
123,451.11862,364.0546,456.97064,361.46634,5.8520203,-2.5882568,6.3988447
123,416.21323,381.84775,422.6213,381.23157,6.408081,-0.6161804,6.437638
123,348.0176,281.17105,349.09033,283.01172,1.0727234,1.8406677,2.1304443
123,439.7507,527.20593,452.33118,528.31244,12.580475,1.1065063,12.629042
123,396.7118,225.3831,396.0272,224.83025,-0.68460083,-0.55285645,0.8799594
123,513.4701,349.70456,518.6317,343.41034,5.161621,-6.29422,8.139997
123,485.97815,347.31363,490.61536,342.79276,4.637207,-4.520874,6.4762635
123,366.6944,337.4896,371.59082,339.05365,4.8964233,1.5640564,5.140159
123,392.43387,368.67935,398.4581,369.18445,6.024231,0.50509644,6.0453687
123,342.94623,305.65402,346.0855,307.52267,3.1392822,1.8686523,3.6533484
123,419.39774,243.7251,418.5554,241.78806,-0.8423462,-1.9370422,2.112269
123,444.2934,389.75195,451.3905,387.67764,7.097107,-2.0743103,7.394031
124,437.78845,329.6478,442.23944,327.81802,4.450989,-1.829773,4.812418
124,425.5605,344.48193,430.5516,343.3159,4.9911194,-1.1660461,5.125518
124,429.64282,372.0783,435.9919,370.75864,6.3490906,-1.3196716,6.4847884
124,476.07098,250.07314,476.1912,245.94191,0.12020874,-4.1312256,4.132974
124,364.398,249.55266,364.99963,251.00218,0.60162354,1.4495239,1.5694172
124,324.1117,295.7291,327.43622,299.18353,3.324524,3.4544373,4.7943296
124,401.57666,235.49554,401.17975,235.22127,-0.39691162,-0.27427673,0.4824589
124,316.2982,328.09213,320.56107,331.65186,4.2628784,3.559723,5.5537157
124,527.2936,290.94168,529.517,284.7916,2.2234497,-6.1500854,6.53967
124,448.6137,248.50218,448.22516,245.75781,-0.3885498,-2.7443695,2.7717385
124,536.26483,384.3569,542.45386,378.75262,6.189026,-5.6042786,8.34937
124,413.96204,269.48517,414.72488,268.17377,0.7628479,-1.3114014,1.5171388
124,544.48456,358.58755,549.77954,352.11566,5.294983,-6.4718933,8.361953
124,320.0445,351.41745,326.43353,355.29227,6.389038,3.874817,7.472216
124,442.84045,297.69165,445.58978,295.5224,2.7493286,-2.1692505,3.5020645
124,370.01477,362.52017,376.64633,363.73062,6.6315613,1.2104492,6.741127
124,389.52853,257.00916,389.79874,257.20593,0.27020264,0.19677734,0.33426154
124,504.4161,259.9875,504.9598,254.6435,0.5437012,-5.343994,5.371581
124,426.45706,234.67488,426.02017,233.29291,-0.43688965,-1.3819733,1.4493871
124,477.3714,283.28763,478.57446,279.3103,1.203064,-3.9773254,4.1552954
124,414.11398,290.305,416.56107,289.6577,2.4470825,-0.64727783,2.5312412
124,342.4711,263.66553,343.8412,265.91327,1.3700867,2.2477417,2.6323907
124,448.27933,270.74756,449.52744,268.37305,1.2481079,-2.3745117,2.682551
124,471.9341,310.56213,474.5848,307.13016,2.6506958,-3.4319763,4.336433
124,378.99692,288.9822,381.05823,289.9057,2.0613098,0.92349243,2.2587245
124,500.99127,315.89124,504.13034,311.21625,3.1390686,-4.674988,5.631098
124,488.9126,362.99692,494.9437,358.92783,6.0310974,-4.069092,7.275414
124,456.97064,361.46634,462.8218,358.6676,5.851166,-2.7987366,6.4860673
124,422.6213,381.23157,429.69357,380.08145,7.0722656,-1.150116,7.165173
124,349.09033,283.01172,351.4307,285.18918,2.3403625,2.1774597,3.1966588
124,452.33118,528.31244,465.312,529.35065,12.980835,1.038208,13.022287
124,396.0272,224.83025,395.8582,224.61864,-0.16900635,-0.21160889,0.2708163
124,518.6317,343.41034,523.29846,337.70844,4.666748,-5.7019043,7.3681917
124,490.61536,342.79276,495.19666,338.10184,4.581299,-4.690918,6.5569057
124,371.59082,339.05365,376.71533,340.17023,5.1245117,1.1165771,5.244746
124,398.4581,369.18445,405.24722,369.5056,6.7891235,0.321167,6.7967157
124,346.0855,307.52267,349.7318,310.0725,3.6463013,2.5498352,4.4494014
124,418.5554,241.78806,417.8035,240.2247,-0.7518921,-1.5633545,1.7347677
124,451.3905,387.67764,458.50012,385.64175,7.109619,-2.0358887,7.395372
125,442.23944,327.81802,446.0898,325.85965,3.8503723,-1.958374,4.319791
125,430.5516,343.3159,435.20682,342.18375,4.6552124,-1.1321411,4.7909026
125,435.9919,370.75864,441.8528,369.18137,5.860901,-1.5772705,6.0694265
125,476.1912,245.94191,475.479,241.74828,-0.7121887,-4.193634,4.2536783
125,364.99963,251.00218,365.18002,252.3747,0.1803894,1.3725128,1.3843163
125,327.43622,299.18353,330.58298,303.1786,3.146759,3.9950562,5.085525
125,401.17975,235.22127,400.5951,234.68666,-0.58465576,-0.53460693,0.79222906
125,320.56107,331.65186,325.0457,335.51807,4.484619,3.866211,5.9210973
125,529.517,284.7916,530.87866,278.08112,1.3616333,-6.7104797,6.847232
125,448.22516,245.75781,447.40613,242.79735,-0.81903076,-2.9604645,3.0716708
125,542.45386,378.75262,548.581,372.50906,6.127136,-6.243561,8.747791
125,414.72488,268.17377,415.43414,267.42508,0.70925903,-0.74868774,1.031301
125,549.77954,352.11566,554.4153,345.26672,4.635742,-6.848938,8.270311
125,326.43353,355.29227,332.51425,360.03415,6.080719,4.7418823,7.7110696
125,445.58978,295.5224,447.56473,293.32584,1.9749451,-2.1965637,2.953862
125,376.64633,363.73062,382.6221,365.2278,5.975769,1.4971924,6.160471
125,389.79874,257.20593,390.3557,257.5398,0.5569763,0.3338623,0.64937407
125,504.9598,254.6435,504.7872,249.18054,-0.17260742,-5.4629517,5.4656777
125,426.02017,233.29291,425.1671,231.86565,-0.85305786,-1.4272614,1.6627636
125,478.57446,279.3103,479.6043,275.31158,1.0298462,-3.9987183,4.1292048
125,416.56107,289.6577,418.49792,288.78345,1.9368591,-0.8742676,2.1250334
125,343.8412,265.91327,344.27646,268.73288,0.43527222,2.8196106,2.85301
125,449.52744,268.37305,449.81363,265.73315,0.28619385,-2.6398926,2.6553605
125,474.5848,307.13016,477.50372,303.93085,2.9189148,-3.1993103,4.3307796
125,381.05823,289.9057,382.89767,290.26794,1.839447,0.36224365,1.8747762
125,504.13034,311.21625,506.57156,306.14426,2.4412231,-5.071991,5.628913
125,494.9437,358.92783,500.4889,354.55536,5.5451965,-4.372467,7.0617046
125,462.8218,358.6676,468.03662,355.74542,5.214813,-2.9221802,5.977743
125,429.69357,380.08145,436.32224,378.72437,6.628662,-1.3570862,6.7661543
125,351.4307,285.18918,353.24823,286.9131,1.8175354,1.7239075,2.5050533
125,465.312,529.35065,477.6884,531.54974,12.376373,2.1990967,12.570229
125,395.8582,224.61864,395.21228,224.35771,-0.64590454,-0.2609253,0.6966166
125,523.29846,337.70844,527.5342,331.37955,4.235718,-6.328888,7.6155186
125,495.19666,338.10184,499.13687,333.7262,3.940216,-4.375641,5.888254
125,376.71533,340.17023,381.26868,341.64398,4.5533447,1.4737549,4.7859063
125,405.24722,369.5056,411.7881,369.35834,6.540863,-0.14727783,6.542521
125,349.7318,310.0725,352.9488,311.9247,3.21698,1.8522034,3.7120907
125,417.8035,240.2247,416.9809,238.96127,-0.8226013,-1.2634277,1.5076215
125,458.50012,385.64175,465.0863,383.2268,6.5861816,-2.4149475,7.014967
126,446.0898,325.85965,450.15933,324.0591,4.069519,-1.8005371,4.450047
126,435.20682,342.18375,440.1882,340.68613,4.9813843,-1.4976196,5.2016397
126,441.8528,369.18137,448.17447,367.70193,6.3216553,-1.4794312,6.4924603
126,475.479,241.74828,475.2072,238.00726,-0.27178955,-3.7410126,3.7508726
126,365.18002,252.3747,365.65326,254.35292,0.47323608,1.9782257,2.0340426
126,330.58298,303.1786,334.43835,306.4882,3.8553772,3.3096008,5.0810814
126,400.5951,234.68666,400.4695,234.64236,-0.12557983,-0.044296265,0.13316326
126,325.0457,335.51807,330.07715,339.10916,5.0314636,3.591095,6.1815524
126,530.87866,278.08112,532.5174,271.95944,1.6387329,-6.1216736,6.337218
126,447.40613,242.79735,446.86908,240.34177,-0.53704834,-2.4555817,2.5136232
126,548.581,372.50906,554.338,365.64102,5.757019,-6.868042,8.961767
126,415.43414,267.42508,416.12222,266.4958,0.68807983,-0.9292908,1.1563023
126,554.4153,345.26672,559.05786,338.3182,4.642578,-6.948517,8.356759
126,332.51425,360.03415,339.17444,362.8846,6.660187,2.8504639,7.244531
126,447.56473,293.32584,450.08038,291.3567,2.5156555,-1.9691467,3.1946926
126,382.6221,365.2278,389.53,366.58118,6.907898,1.353363,7.0392222
126,390.3557,257.5398,391.20834,258.48627,0.8526306,0.94647217,1.2738872
126,504.7872,249.18054,505.08252,244.44836,0.2953186,-4.7321777,4.741384
126,425.1671,231.86565,424.86172,230.9622,-0.3053894,-0.9034424,0.9536618
126,479.6043,275.31158,480.74258,271.44806,1.1382751,-3.8635254,4.027716
126,418.49792,288.78345,420.68674,288.32602,2.1888123,-0.45742798,2.2360992
126,344.27646,268.73288,345.93985,271.8036,1.6633911,3.0707092,3.492295
126,449.81363,265.73315,450.76907,263.67493,0.95544434,-2.0582275,2.269179
126,477.50372,303.93085,479.87704,300.19482,2.3733215,-3.736023,4.4261184
126,382.89767,290.26794,385.25232,291.23608,2.3546448,0.96813965,2.5459077
126,506.57156,306.14426,509.7097,301.57666,3.1381226,-4.5675964,5.541728
126,500.4889,354.55536,505.8071,350.10355,5.318207,-4.4518127,6.9355574
126,468.03662,355.74542,473.09274,352.802,5.056122,-2.9434204,5.850478
126,436.32224,378.72437,443.49228,377.50406,7.170044,-1.2203064,7.2731476
126,353.24823,286.9131,355.80988,289.46255,2.5616455,2.549469,3.614114
126,477.6884,531.54974,489.61707,532.34467,11.92868,0.7949219,11.955137
126,395.21228,224.35771,395.7985,224.26964,0.58621216,-0.08807373,0.59279144
126,527.5342,331.37955,531.80914,325.60907,4.2749634,-5.7704773,7.1814847
126,499.13687,333.7262,503.36493,329.25134,4.228058,-4.4748535,6.1563616
126,381.26868,341.64398,386.5337,342.55063,5.2650146,0.9066467,5.3425074
126,411.7881,369.35834,417.97922,369.41287,6.1911316,0.054534912,6.191372
126,352.9488,311.9247,356.60953,314.2169,3.660736,2.2921753,4.31915
126,416.9809,238.96127,416.5022,238.05989,-0.47869873,-0.90138245,1.020609
126,465.0863,383.2268,472.0965,380.2107,7.010193,-3.0161133,7.631497
127,450.15933,324.0591,454.00815,322.22855,3.848816,-1.8305664,4.261966
127,440.1882,340.68613,444.66864,339.6184,4.480438,-1.0677185,4.6059036
127,448.17447,367.70193,453.9218,366.49997,5.747345,-1.2019653,5.871686
127,475.2072,238.00726,474.50006,234.31073,-0.7071533,-3.6965332,3.7635653
127,365.65326,254.35292,366.0832,256.33902,0.42993164,1.9860992,2.0321002
127,334.43835,306.4882,337.78372,310.54404,3.3453674,4.055847,5.257507
127,400.4695,234.64236,399.6105,234.93623,-0.8590088,0.29386902,0.90788496
127,330.07715,339.10916,335.35315,343.3381,5.276001,4.228943,6.7616673
127,532.5174,271.95944,533.6328,265.95828,1.1154175,-6.0011597,6.103939
127,446.86908,240.34177,445.84863,238.21736,-1.0204468,-2.124405,2.356779
127,554.338,365.64102,559.83545,359.27655,5.4974365,-6.3644714,8.410012
127,416.12222,266.4958,416.98923,266.04782,0.8670044,-0.44796753,0.9758952
127,559.05786,338.3182,563.37726,331.65826,4.319397,-6.6599426,7.938011
127,339.17444,362.8846,345.03802,366.06213,5.8635864,3.1775208,6.669204
127,450.08038,291.3567,452.06595,289.50745,1.9855652,-1.8492432,2.7133317
127,389.53,366.58118,396.13275,367.60928,6.6027527,1.0281067,6.682316
127,391.20834,258.48627,391.44803,258.9903,0.23968506,0.5040283,0.55811596
127,505.08252,244.44836,504.65543,239.56866,-0.4270935,-4.8796997,4.8983545
127,424.86172,230.9622,424.2025,230.189,-0.6592102,-0.7732086,1.0160756
127,480.74258,271.44806,481.5733,267.86563,0.830719,-3.582428,3.6774833
127,420.68674,288.32602,422.98193,287.803,2.2951965,-0.52301025,2.354032
127,345.93985,271.8036,347.27664,274.05646,1.336792,2.2528687,2.619624
127,450.76907,263.67493,451.7104,261.64246,0.9413147,-2.0324707,2.2398684
127,479.87704,300.19482,482.08344,297.0069,2.2063904,-3.1879272,3.8769884
127,385.25232,291.23608,387.46866,291.80838,2.216339,0.57229614,2.289035
127,509.7097,301.57666,511.80444,296.6526,2.094757,-4.9240723,5.351121
127,505.8071,350.10355,511.26346,345.66644,5.45636,-4.4371033,7.0327625
127,473.09274,352.802,478.12216,349.7672,5.029419,-3.03479,5.874096
127,443.49228,377.50406,449.53946,376.28702,6.04718,-1.217041,6.168434
127,355.80988,289.46255,357.34592,291.2436,1.5360413,1.7810364,2.351917
127,489.61707,532.34467,499.3267,532.69403,9.709625,0.34936523,9.715909
127,395.7985,224.26964,396.17203,224.34552,0.37353516,0.07588196,0.3811648
127,531.80914,325.60907,535.6443,319.77646,3.835144,-5.832611,6.9805217
127,503.36493,329.25134,507.0859,324.8819,3.7209778,-4.369446,5.7391405
127,386.5337,342.55063,391.73056,343.65884,5.196869,1.1082153,5.313717
127,417.97922,369.41287,424.3081,369.1035,6.328888,-0.3093872,6.336446
127,356.60953,314.2169,360.42145,316.4653,3.8119202,2.248413,4.425618
127,416.5022,238.05989,415.34152,237.4631,-1.160675,-0.5967865,1.3051133
127,472.0965,380.2107,478.35828,377.89178,6.26178,-2.3189087,6.6773663
128,454.00815,322.22855,458.11316,320.66663,4.105011,-1.5619202,4.392119
128,444.66864,339.6184,449.60535,338.591,4.9367065,-1.0274048,5.042483
128,453.9218,366.49997,459.99173,365.04608,6.069916,-1.4538879,6.2416077
128,474.50006,234.31073,474.0225,231.51756,-0.47756958,-2.793167,2.8337
128,366.0832,256.33902,367.12912,258.88367,1.045929,2.5446472,2.7512174
128,337.78372,310.54404,341.8411,314.61304,4.057373,4.0690002,5.7462196
128,399.6105,234.93623,399.5992,235.60684,-0.011291504,0.6706085,0.6707036
128,335.35315,343.3381,340.94626,347.2506,5.593109,3.912506,6.825729
128,533.6328,265.95828,534.58014,260.5356,0.94732666,-5.4226685,5.5047946
128,445.84863,238.21736,445.6181,236.81444,-0.23052979,-1.4029236,1.4217379
128,559.83545,359.27655,565.34314,352.778,5.5076904,-6.498535,8.518545
128,416.98923,266.04782,418.0325,265.89722,1.0432739,-0.15060425,1.0540882
128,563.37726,331.65826,567.3067,325.78946,3.9294434,-5.868805,7.062818
128,345.03802,366.06213,351.51767,368.99686,6.479645,2.934723,7.113255
128,452.06595,289.50745,454.6071,288.0503,2.5411377,-1.4571533,2.9292793
128,396.13275,367.60928,402.39227,368.66046,6.2595215,1.051178,6.347172
128,391.44803,258.9903,392.533,260.18805,1.0849609,1.1977539,1.6160924
128,504.65543,239.56866,504.4264,235.51895,-0.22903442,-4.049713,4.0561843
128,424.2025,230.189,423.84723,230.09718,-0.35528564,-0.091812134,0.3669569
128,481.5733,267.86563,482.16714,265.2027,0.59384155,-2.6629333,2.7283442
128,422.98193,287.803,425.3829,287.90732,2.4009705,0.10430908,2.4032352
128,347.27664,274.05646,349.7224,277.15955,2.4457703,3.1030884,3.9510694
128,451.7104,261.64246,452.64307,260.1798,0.9326782,-1.4626465,1.7347113
128,482.08344,297.0069,484.20236,294.23566,2.118927,-2.7712402,3.488499
128,387.46866,291.80838,389.96747,293.17114,2.4988098,1.3627625,2.8462558
128,511.80444,296.6526,514.2761,292.75568,2.4716797,-3.8969116,4.6146636
128,511.26346,345.66644,516.1041,341.75854,4.8406677,-3.907898,6.2212324
128,478.12216,349.7672,483.15994,346.90924,5.037781,-2.8579712,5.7919974
128,449.53946,376.28702,455.8825,374.81152,6.343048,-1.4754944,6.512399
128,357.34592,291.2436,360.26016,293.76816,2.9142456,2.5245667,3.8556795
128,499.3267,532.69403,511.24237,532.55255,11.91568,-0.14147949,11.91652
128,396.17203,224.34552,397.10043,224.82965,0.92840576,0.48413086,1.047053
128,535.6443,319.77646,539.4934,314.49414,3.849121,-5.282318,6.5359483
128,507.0859,324.8819,510.784,321.02213,3.6980896,-3.8597717,5.3454375
128,391.73056,343.65884,396.77658,345.03705,5.0460205,1.3782043,5.230848
128,424.3081,369.1035,431.2847,369.1459,6.976593,0.042419434,6.9767222
128,360.42145,316.4653,364.6023,318.80017,4.180847,2.3348694,4.7886424
128,415.34152,237.4631,415.09985,237.28459,-0.2416687,-0.17851257,0.3004505
128,478.35828,377.89178,484.91068,374.9991,6.5523987,-2.8926697,7.162504
129,458.11316,320.66663,461.42435,319.3303,3.3111877,-1.3363342,3.5706797
129,449.60535,338.591,453.86298,337.5865,4.2576294,-1.0045166,4.374524
129,459.99173,365.04608,465.2472,363.76193,5.2554626,-1.2841492,5.4100766
129,474.0225,231.51756,473.18097,228.70229,-0.8415222,-2.815277,2.9383574
129,367.12912,258.88367,368.11734,261.47028,0.9882202,2.586609,2.7689574
129,341.8411,314.61304,345.22485,318.23782,3.3837585,3.6247864,4.9587193
129,399.5992,235.60684,399.20712,236.32758,-0.39208984,0.72073364,0.82048243
129,340.94626,347.2506,345.7962,350.9936,4.849945,3.742981,6.1263266
129,534.58014,260.5356,535.5623,255.67607,0.98217773,-4.859543,4.957805
129,445.6181,236.81444,444.65454,235.21245,-0.963562,-1.6019897,1.8694446
129,565.34314,352.778,569.7155,347.63977,4.3723755,-5.1382446,6.7467937
129,418.0325,265.89722,418.53983,265.6518,0.5073242,-0.24542236,0.563569
129,567.3067,325.78946,570.8747,320.1158,3.5679932,-5.673645,6.7022996
129,351.51767,368.99686,357.74612,372.49417,6.2284546,3.4973145,7.1431684
129,454.6071,288.0503,456.6479,287.03577,2.040802,-1.0145264,2.279065
129,402.39227,368.66046,408.52145,370.02072,6.129181,1.36026,6.2783093
129,392.533,260.18805,393.5211,261.6017,0.98809814,1.4136658,1.7247577
129,504.4264,235.51895,503.96,231.65474,-0.46640015,-3.864212,3.892257
129,423.84723,230.09718,423.55984,229.83432,-0.28738403,-0.26286316,0.38946968
129,482.16714,265.2027,483.13513,262.26373,0.96798706,-2.9389648,3.0942712
129,425.3829,287.90732,427.27148,287.8641,1.8885803,-0.04321289,1.8890747
129,349.7224,277.15955,351.66495,279.6861,1.9425354,2.5265503,3.1869893
129,452.64307,260.1798,453.20938,258.61462,0.5663147,-1.5651855,1.6644874
129,484.20236,294.23566,486.03677,291.62027,1.8344116,-2.615387,3.1945758
129,389.96747,293.17114,391.91925,294.16052,1.9517822,0.9893799,2.1882246
129,514.2761,292.75568,516.14685,288.9867,1.8707275,-3.768982,4.2077127
129,516.1041,341.75854,520.5503,337.84744,4.446167,-3.9111023,5.921581
129,483.15994,346.90924,487.6505,344.49414,4.49057,-2.4151,5.0988164
129,455.8825,374.81152,461.83606,373.64026,5.9535522,-1.1712646,6.0676723
129,360.26016,293.76816,362.70447,296.18527,2.4443054,2.4171143,3.4375966
129,511.24237,532.55255,523.11566,532.51855,11.873291,-0.033996582,11.87334
129,397.10043,224.82965,397.48364,225.31554,0.38320923,0.48588562,0.61881673
129,539.4934,314.49414,542.546,309.43137,3.0526123,-5.0627747,5.9118633
129,510.784,321.02213,514.05334,316.99393,3.2693481,-4.0281982,5.1879687
129,396.77658,345.03705,401.35526,346.23303,4.5786743,1.1959839,4.732297
129,431.2847,369.1459,436.67,369.05627,5.385315,-0.08963013,5.3860607
129,364.6023,318.80017,368.3346,321.35117,3.7322998,2.5509949,4.5208006
129,415.09985,237.28459,414.5427,237.32648,-0.5571594,0.041885376,0.5587316
129,484.91068,374.9991,490.5668,372.54156,5.656128,-2.45755,6.166955
130,461.42435,319.3303,465.1225,318.16803,3.6981506,-1.162262,3.8764896
130,453.86298,337.5865,458.20276,336.9387,4.3397827,-0.64779663,4.387864
130,465.2472,363.76193,470.49957,362.78625,5.2523804,-0.9756775,5.342232
130,473.18097,228.70229,472.67227,226.92609,-0.5086975,-1.7761993,1.8476084
130,368.11734,261.47028,369.649,263.96356,1.5316467,2.4932861,2.926161
130,345.22485,318.23782,349.22293,321.29434,3.9980774,3.0565186,5.0325866
130,399.20712,236.32758,399.34146,237.77217,0.13433838,1.4445953,1.4508282
130,345.7962,350.9936,351.0909,354.65973,5.2947083,3.6661377,6.44007
130,535.5623,255.67607,535.8356,251.22255,0.2732544,-4.4535217,4.461897
130,444.65454,235.21245,444.30508,234.74715,-0.3494568,-0.4653015,0.58191544
130,569.7155,347.63977,573.85803,342.22348,4.142517,-5.4162903,6.8188453
130,418.53983,265.6518,419.49213,266.20386,0.952301,0.552063,1.1007501
130,570.8747,320.1158,574.14435,314.70914,3.2696533,-5.4066772,6.3184485
130,357.74612,372.49417,364.2389,376.0623,6.4927673,3.5681152,7.408608
130,456.6479,287.03577,458.48267,286.06393,1.8347778,-0.9718323,2.076263
130,408.52145,370.02072,414.67255,371.61417,6.1510925,1.5934448,6.3541327
130,393.5211,261.6017,394.91962,263.22055,1.398529,1.6188354,2.1392782
130,503.96,231.65474,503.31073,228.85515,-0.6492615,-2.799591,2.873891
130,423.55984,229.83432,423.18063,230.44928,-0.37921143,0.6149597,0.7224796
130,483.13513,262.26373,483.37317,260.31604,0.23803711,-1.9476929,1.9621848
130,427.27148,287.8641,429.40878,288.16446,2.1372986,0.300354,2.1582997
130,351.66495,279.6861,354.17545,282.88132,2.510498,3.195221,4.0635004
130,453.20938,258.61462,453.63083,258.11267,0.42144775,-0.5019531,0.6554198
130,486.03677,291.62027,488.17648,289.69794,2.1397095,-1.9223328,2.8764074
130,391.91925,294.16052,394.54248,295.80872,2.62323,1.6481934,3.0980442
130,516.14685,288.9867,517.92554,285.9164,1.7786865,-3.070282,3.5482893
130,520.5503,337.84744,524.82587,334.45068,4.2755737,-3.396759,5.460632
130,487.6505,344.49414,492.12814,342.3989,4.4776306,-2.0952454,4.943605
130,461.83606,373.64026,467.6216,372.75385,5.785553,-0.8864136,5.853063
130,362.70447,296.18527,365.6423,298.63528,2.9378357,2.4500122,3.8253677
130,523.11566,532.51855,533.1751,531.7271,10.059448,-0.7914429,10.090534
130,397.48364,225.31554,397.67725,226.66725,0.19360352,1.3517151,1.3655094
130,542.546,309.43137,545.76666,304.8539,3.220642,-4.5774536,5.596929
130,514.05334,316.99393,516.8353,313.914,2.7819824,-3.0799255,4.1503453
130,401.35526,346.23303,406.52692,347.61255,5.1716614,1.3795166,5.35249
130,436.67,369.05627,442.60922,369.34387,5.939209,0.28759766,5.9461684
130,368.3346,321.35117,372.45474,323.97226,4.1201477,2.6210938,4.883211
130,414.5427,237.32648,414.40448,237.85269,-0.13821411,0.5262146,0.5440634
130,490.5668,372.54156,496.12265,370.43896,5.555847,-2.1026,5.940401
131,465.1225,318.16803,467.9947,317.4729,2.8721924,-0.6951294,2.9551132
131,458.20276,336.9387,461.91656,336.42297,3.7138062,-0.51571655,3.7494426
131,470.49957,362.78625,475.19913,361.92197,4.6995544,-0.86428833,4.7783685
131,472.67227,226.92609,471.47104,225.31137,-1.2012329,-1.6147156,2.0125275
131,369.649,263.96356,370.51974,267.0688,0.87075806,3.1052246,3.2250023
131,349.22293,321.29434,353.29865,325.58896,4.075714,4.2946167,5.9207416
131,399.34146,237.77217,398.69226,239.38504,-0.64920044,1.6128693,1.7386225
131,351.0909,354.65973,355.6025,358.5116,4.5115967,3.8518677,5.9322333
131,535.8356,251.22255,535.8399,246.99084,0.004333496,-4.2317047,4.2317066
131,444.30508,234.74715,443.35245,233.89784,-0.9526367,-0.8493042,1.276258
131,573.85803,342.22348,577.62024,337.53366,3.762207,-4.6898193,6.012371
131,419.49213,266.20386,419.95908,266.6442,0.46694946,0.44033813,0.64182514
131,574.14435,314.70914,576.75916,310.05563,2.6148071,-4.6535034,5.3378186
131,364.2389,376.0623,369.6381,379.10724,5.3992004,3.0449524,6.198637
131,458.48267,286.06393,459.98508,285.3535,1.5024109,-0.7104492,1.6619195
131,414.67255,371.61417,419.9655,372.88553,5.2929688,1.2713623,5.443517
131,394.91962,263.22055,395.31766,264.9533,0.39804077,1.7327576,1.777888
131,503.31073,228.85515,502.22382,225.94211,-1.0869141,-2.9130402,3.1092098
131,423.18063,230.44928,422.263,230.90654,-0.91763306,0.45726013,1.0252498
131,483.37317,260.31604,483.7099,258.55072,0.33673096,-1.7653198,1.7971482
131,429.40878,288.16446,431.24915,288.63013,1.8403625,0.46566772,1.8983626
131,354.17545,282.88132,356.59933,285.65106,2.4238892,2.7697449,3.6805878
131,453.63083,258.11267,454.106,257.61365,0.4751587,-0.49902344,0.68905747
131,488.17648,289.69794,489.49387,287.8232,1.3173828,-1.8747253,2.291308
131,394.54248,295.80872,396.62134,297.2216,2.0788574,1.4128723,2.5135345
131,517.92554,285.9164,519.28906,282.74173,1.3635254,-3.1746826,3.4551136
131,524.82587,334.45068,528.54047,331.09854,3.7145996,-3.3521423,5.0035095
131,492.12814,342.3989,496.02835,340.57938,3.9002075,-1.819519,4.3037505
131,467.6216,372.75385,472.79523,371.69016,5.1736145,-1.0636902,5.28183
131,365.6423,298.63528,367.98215,301.505,2.3398438,2.8697205,3.702724
131,533.1751,531.7271,543.11633,531.0711,9.941223,-0.65600586,9.962844
131,397.67725,226.66725,397.6758,228.02092,-0.0014343262,1.3536682,1.3536689
131,545.76666,304.8539,547.877,300.63858,2.1103516,-4.215332,4.714086
131,516.8353,313.914,519.32477,310.72968,2.489441,-3.1843262,4.0419364
131,406.52692,347.61255,410.8396,348.98825,4.312683,1.3757019,4.526786
131,442.60922,369.34387,448.03174,369.318,5.422516,-0.025878906,5.422578
131,372.45474,323.97226,376.09256,326.50473,3.6378174,2.5324707,4.4325075
131,414.40448,237.85269,413.4992,238.87558,-0.90527344,1.0228882,1.3659503
131,496.12265,370.43896,501.16843,368.68472,5.0457764,-1.754242,5.3420243
132,467.9947,317.4729,471.2865,316.9844,3.291809,-0.48849487,3.3278573
132,461.91656,336.42297,465.8727,336.32086,3.9561462,-0.10211182,3.9574637
132,475.19913,361.92197,479.97318,361.48132,4.774048,-0.4406433,4.79434
132,471.47104,225.31137,471.0464,224.32307,-0.4246521,-0.9882965,1.075667
132,370.51974,267.0688,371.98206,270.2868,1.4623108,3.2180176,3.534684
132,353.29865,325.58896,357.0857,329.09586,3.7870483,3.506897,5.161401
132,398.69226,239.38504,399.2209,241.3837,0.5286255,1.9986572,2.0673838
132,355.6025,358.5116,360.90195,361.93304,5.2994385,3.4214478,6.3079596
132,535.8399,246.99084,536.4018,243.83208,0.56188965,-3.1587677,3.2083538
132,443.35245,233.89784,442.8533,234.1816,-0.4991455,0.28375244,0.5741617
132,577.62024,337.53366,581.17914,332.97137,3.558899,-4.5622864,5.786209
132,419.95908,266.6442,421.3868,267.8173,1.4277344,1.1730957,1.847858
132,576.75916,310.05563,579.488,305.58795,2.7288208,-4.467682,5.2351356
132,369.6381,379.10724,375.46802,382.70428,5.8299255,3.597046,6.8503118
132,459.98508,285.3535,461.71402,285.1073,1.7289429,-0.2461853,1.7463821
132,419.9655,372.88553,425.54086,374.31506,5.575348,1.4295349,5.755699
132,395.31766,264.9533,396.87067,267.32587,1.553009,2.3725586,2.8356428
132,502.22382,225.94211,502.64297,224.47992,0.41915894,-1.4621887,1.5210819
132,422.263,230.90654,422.40558,232.10999,0.14257812,1.2034454,1.211862
132,483.7099,258.55072,484.17453,257.63953,0.46463013,-0.91119385,1.0228174
132,431.24915,288.63013,433.24313,289.41867,1.993988,0.7885437,2.1442456
132,356.59933,285.65106,359.00674,289.2599,2.4074097,3.6088257,4.338115
132,454.106,257.61365,455.2257,257.5229,1.1197205,-0.09075928,1.1233927
132,489.49387,287.8232,491.02884,286.52817,1.5349731,-1.295044,2.0083032
132,396.62134,297.2216,399.4775,299.17877,2.8561707,1.9571838,3.4624095
132,519.28906,282.74173,520.61884,280.3545,1.329773,-2.3872375,2.7326176
132,528.54047,331.09854,532.3097,328.40808,3.769226,-2.6904602,4.630944
132,496.02835,340.57938,499.79123,338.75482,3.7628784,-1.8245544,4.1818957
132,472.79523,371.69016,477.84732,371.12164,5.0520935,-0.56851196,5.08398
132,367.98215,301.505,370.69382,304.1554,2.71167,2.6503906,3.791797
132,543.11633,531.0711,551.12146,531.1478,8.005127,0.07672119,8.005495
132,397.6758,228.02092,398.39154,229.62953,0.71572876,1.6086121,1.7606534
132,547.877,300.63858,550.59357,296.77042,2.7165527,-3.868164,4.72677
132,519.32477,310.72968,522.0512,308.46793,2.7264404,-2.2617493,3.542455
132,410.8396,348.98825,415.8359,350.7727,4.9963074,1.7844543,5.305409
132,448.03174,369.318,453.5265,369.8446,5.494751,0.5266113,5.519928
132,376.09256,326.50473,379.94498,329.3712,3.852417,2.866455,4.8018417
132,413.4992,238.87558,413.65845,239.98132,0.15924072,1.1057434,1.1171509
132,501.16843,368.68472,506.3027,366.54172,5.1342773,-2.1430054,5.5635667
133,471.2865,316.9844,474.0753,316.49976,2.7887878,-0.48464966,2.8305871
133,465.8727,336.32086,469.3622,336.1089,3.489502,-0.2119751,3.4959345
133,479.97318,361.48132,484.1508,361.00818,4.1776123,-0.47314453,4.2043204
133,471.0464,224.32307,470.42722,223.70131,-0.61917114,-0.62176514,0.8774764
133,371.98206,270.2868,373.2582,273.87622,1.2761536,3.5894165,3.8095248
133,357.0857,329.09586,360.16135,333.346,3.075653,4.2501526,5.2462783
133,399.2209,241.3837,399.1848,243.15968,-0.036071777,1.7759857,1.776352
133,360.90195,361.93304,365.38754,365.61755,4.4855957,3.6845093,5.804841
133,536.4018,243.83208,536.3058,240.8598,-0.0960083,-2.9722748,2.973825
133,442.8533,234.1816,442.39767,234.4836,-0.45562744,0.30200195,0.5466274
133,581.17914,332.97137,584.5057,328.9694,3.326538,-4.0019836,5.204011
133,421.3868,267.8173,421.76337,269.32,0.3765564,1.5027161,1.5491773
133,579.488,305.58795,581.721,301.68127,2.2330322,-3.9066772,4.49984
133,375.46802,382.70428,381.5638,385.8177,6.0957947,3.1134033,6.8448515
133,461.71402,285.1073,463.41248,285.20157,1.6984558,0.0942688,1.7010698
133,425.54086,374.31506,430.49615,375.57248,4.9552917,1.2574158,5.112339
133,396.87067,267.32587,397.70786,269.47827,0.8371887,2.1524048,2.309487
133,502.64297,224.47992,502.45987,222.8872,-0.18310547,-1.5927124,1.6032032
133,422.40558,232.10999,421.98425,233.4962,-0.42132568,1.3862152,1.4488299
133,484.17453,257.63953,484.4934,256.67026,0.31887817,-0.9692688,1.0203751
133,433.24313,289.41867,435.02933,290.4055,1.7861938,0.9868164,2.0406604
133,359.00674,289.2599,361.16425,292.51788,2.1575012,3.2579956,3.907601
133,455.2257,257.5229,455.38025,257.47522,0.15454102,-0.047668457,0.16172571
133,491.02884,286.52817,492.60828,285.28537,1.5794373,-1.2427979,2.0097682
133,399.4775,299.17877,401.42,301.1077,1.9425049,1.9289246,2.7375307
133,520.61884,280.3545,521.8235,278.05862,1.2046509,-2.295868,2.5927193
133,532.3097,328.40808,535.6746,326.19565,3.3649292,-2.2124329,4.027109
133,499.79123,338.75482,503.16837,337.37936,3.3771362,-1.3754578,3.646496
133,477.84732,371.12164,482.29892,370.64856,4.451599,-0.4730835,4.4766665
133,370.69382,304.1554,373.3299,307.12164,2.636078,2.9662476,3.968316
133,551.12146,531.1478,559.5722,530.61847,8.450745,-0.5293579,8.467308
133,398.39154,229.62953,398.5418,231.10092,0.15026855,1.4713898,1.4790431
133,550.59357,296.77042,552.82196,293.5705,2.2283936,-3.1999207,3.8993886
133,522.0512,308.46793,524.19354,306.10608,2.142334,-2.361847,3.188717
133,415.8359,350.7727,419.66406,352.1225,3.8281555,1.3497925,4.059152
133,453.5265,369.8446,457.84515,370.16025,4.3186646,0.3156433,4.330184
133,379.94498,329.3712,383.5929,331.77567,3.6479187,2.40448,4.369077
133,413.65845,239.98132,413.3322,241.46951,-0.3262329,1.4881897,1.5235276
133,506.3027,366.54172,510.6173,365.17963,4.3146057,-1.3620911,4.5245013
134,474.0753,316.49976,476.81476,316.83292,2.7394714,0.3331604,2.7596557
134,469.3622,336.1089,472.65552,336.52365,3.2933044,0.4147644,3.3193197
134,484.1508,361.00818,488.2636,360.97723,4.1128235,-0.030944824,4.11294
134,470.42722,223.70131,469.9758,223.49992,-0.45141602,-0.2013855,0.49430004
134,373.2582,273.87622,375.0087,277.3476,1.7504883,3.4713745,3.8877563
134,360.16135,333.346,363.62238,336.2895,3.461029,2.9434814,4.5434356
134,399.1848,243.15968,399.7228,245.45908,0.5379944,2.2993927,2.361492
134,365.38754,365.61755,370.55508,368.901,5.1675415,3.2834473,6.12246
134,536.3058,240.8598,536.0166,238.49911,-0.28918457,-2.3606873,2.3783338
134,442.39767,234.4836,442.36346,235.16505,-0.034210205,0.6814575,0.6823157
134,584.5057,328.9694,587.4165,326.3978,2.9108276,-2.5715942,3.8840718
134,421.76337,269.32,422.957,270.4081,1.193634,1.0881042,1.6151574
134,581.721,301.68127,584.00775,299.0721,2.2867432,-2.6091614,3.469426
134,381.5638,385.8177,387.14868,388.66214,5.5848694,2.844452,6.2675095
134,463.41248,285.20157,464.8773,285.33203,1.4648132,0.13046265,1.4706116
134,430.49615,375.57248,436.01727,377.27,5.521118,1.6975098,5.7761827
134,397.70786,269.47827,399.02853,271.8508,1.3206787,2.372528,2.7153418
134,502.45987,222.8872,501.41226,222.05267,-1.0476074,-0.8345337,1.3393759
134,421.98425,233.4962,422.24783,235.09276,0.26358032,1.5965576,1.618169
134,484.4934,256.67026,484.76578,256.24826,0.27236938,-0.42199707,0.5022615
134,435.02933,290.4055,436.86664,291.46295,1.8373108,1.0574646,2.1198921
134,361.16425,292.51788,363.9145,295.3765,2.7502441,2.858612,3.9668005
134,455.38025,257.47522,456.0748,258.02954,0.69454956,0.5543213,0.88863444
134,492.60828,285.28537,494.12604,284.95892,1.5177612,-0.32644653,1.552471
134,401.42,301.1077,403.90378,303.38464,2.4837646,2.276947,3.3695066
134,521.8235,278.05862,523.2071,276.31097,1.383606,-1.7476501,2.229046
134,535.6746,326.19565,538.68896,324.22693,3.0143433,-1.9687195,3.6002946
134,503.16837,337.37936,506.45056,336.187,3.282196,-1.1923523,3.4920647
134,482.29892,370.64856,486.70084,370.32697,4.4019165,-0.32159424,4.413648
134,373.3299,307.12164,376.03366,310.1378,2.7037659,3.0161438,4.050614
134,559.5722,530.61847,567.2546,530.3191,7.682373,-0.29937744,7.6882043
134,398.5418,231.10092,399.30685,233.09016,0.76504517,1.9892426,2.131286
134,552.82196,293.5705,554.1965,291.05753,1.3745117,-2.51297,2.864315
134,524.19354,306.10608,526.3429,304.5729,2.149353,-1.5331726,2.6401396
134,419.66406,352.1225,423.79956,353.98648,4.135498,1.8639832,4.5361633
134,457.84515,370.16025,462.8843,370.45972,5.039154,0.299469,5.0480447
134,383.5929,331.77567,387.3641,334.59665,3.7712097,2.820984,4.709562
134,413.3322,241.46951,413.67276,243.34962,0.34054565,1.8801117,1.9107044
134,510.6173,365.17963,514.7018,363.98456,4.0844727,-1.1950684,4.2557144
135,476.81476,316.83292,479.57568,316.95612,2.7609253,0.12319946,2.7636726
135,472.65552,336.52365,476.03003,336.72583,3.3745117,0.20217896,3.3805628
135,488.2636,360.97723,492.33157,360.9181,4.0679626,-0.059143066,4.0683928
135,469.9758,223.49992,469.437,223.91333,-0.53878784,0.41340637,0.679115
135,375.0087,277.3476,377.0347,280.61008,2.026001,3.2624817,3.8403733
135,363.62238,336.2895,367.38174,340.20663,3.759369,3.9171448,5.429261
135,399.7228,245.45908,400.09674,248.02081,0.37393188,2.561737,2.588884
135,370.55508,368.901,375.04947,371.8405,4.494385,2.9395142,5.370311
135,536.0166,238.49911,536.1585,237.10048,0.14190674,-1.3986359,1.4058164
135,442.36346,235.16505,441.9686,236.49841,-0.39486694,1.3333588,1.390599
135,587.4165,326.3978,589.97095,323.54037,2.5544434,-2.8574219,3.832759
135,422.957,270.4081,423.82532,272.11722,0.86831665,1.7091064,1.9170338
135,584.00775,299.0721,585.6587,295.71317,1.65094,-3.3589478,3.742744
135,387.14868,388.66214,391.75693,391.00528,4.608246,2.3431396,5.169742
135,464.8773,285.33203,466.26968,285.75693,1.392395,0.42489624,1.4557818
135,436.01727,377.27,440.57275,378.68927,4.555481,1.419281,4.7714534
135,399.02853,271.8508,400.7769,274.5554,1.748352,2.7045898,3.2204876
135,501.41226,222.05267,500.5708,221.33287,-0.8414612,-0.71980286,1.107327
135,422.24783,235.09276,422.4466,237.00829,0.19876099,1.9155273,1.9258118
135,484.76578,256.24826,484.96683,256.34155,0.2010498,0.09329224,0.2216404
135,436.86664,291.46295,438.99338,293.3126,2.1267395,1.8496399,2.8185437
135,363.9145,295.3765,366.0569,298.81638,2.142395,3.4398804,4.052485
135,456.0748,258.02954,457.01535,258.59296,0.94055176,0.5634155,1.0963917
135,494.12604,284.95892,495.36752,284.71994,1.2414856,-0.23898315,1.2642782
135,403.90378,303.38464,406.2216,305.57373,2.31781,2.189087,3.1881568
135,523.2071,276.31097,524.13525,275.5779,0.9281616,-0.73306274,1.1827363
135,538.68896,324.22693,541.4248,322.88797,2.7358398,-1.3389587,3.0459201
135,506.45056,336.187,509.66455,335.83728,3.2139893,-0.34973145,3.2329614
135,486.70084,370.32697,490.95016,370.25464,4.2493286,-0.07232666,4.249944
135,376.03366,310.1378,378.86545,313.0051,2.831787,2.8673096,4.029948
135,567.2546,530.3191,570.20306,520.9222,2.9484863,-9.396912,9.848631
135,399.30685,233.09016,399.96585,235.1042,0.6589966,2.014038,2.1191096
135,554.1965,291.05753,555.85284,288.97665,1.6563721,-2.0808716,2.6596231
135,526.3429,304.5729,528.383,303.18973,2.0401,-1.3831787,2.4647903
135,423.79956,353.98648,427.8989,355.56985,4.0993347,1.583374,4.394499
135,462.8843,370.45972,467.55884,371.66638,4.67453,1.206665,4.8277607
135,387.3641,334.59665,390.73645,337.66104,3.372345,3.064392,4.5566664
135,413.67276,243.34962,413.74707,245.43173,0.0743103,2.0821075,2.0834332
135,514.7018,363.98456,518.6904,362.96967,3.9886475,-1.0148926,4.11574
136,479.57568,316.95612,482.87955,317.68985,3.3038635,0.73373413,3.384358
136,476.03003,336.72583,479.9041,337.53394,3.8740845,0.80810547,3.9574695
136,492.33157,360.9181,496.82846,360.8995,4.496887,-0.018585205,4.4969254
136,469.437,223.91333,469.6673,225.05458,0.23028564,1.1412506,1.1642528
136,377.0347,280.61008,379.96564,284.53207,2.9309387,3.921997,4.896168
136,367.38174,340.20663,372.65115,344.38644,5.269409,4.1798096,6.7258816
136,400.09674,248.02081,401.76788,251.3072,1.6711426,3.2863922,3.686881
136,375.04947,371.8405,381.06195,375.79517,6.0124817,3.9546509,7.196471
136,536.1585,237.10048,536.5217,236.2808,0.3632202,-0.81967163,0.8965436
136,441.9686,236.49841,442.98682,238.49367,1.018219,1.9952545,2.240047
136,589.97095,323.54037,592.757,321.30032,2.7860718,-2.2400513,3.5749161
136,423.82532,272.11722,426.05975,274.95718,2.234436,2.8399658,3.6136007
136,585.6587,295.71317,587.73956,293.41074,2.0808716,-2.3024292,3.1034186
136,391.75693,391.00528,398.68237,393.78366,6.9254456,2.7783813,7.4619837
136,466.26968,285.75693,469.06747,287.04004,2.7977905,1.2831116,3.0779877
136,440.57275,378.68927,446.37207,379.83987,5.7993164,1.1506042,5.912357
136,400.7769,274.5554,403.1441,278.0565,2.367218,3.5010986,4.2262764
136,500.5708,221.33287,501.16614,221.89546,0.5953369,0.56259155,0.8191064
136,422.4466,237.00829,423.91132,239.67694,1.4647217,2.6686554,3.0441964
136,484.96683,256.34155,486.33026,256.65427,1.3634338,0.31271362,1.3988358
136,438.99338,293.3126,442.07205,295.2954,3.0786743,1.9828186,3.66194
136,366.0569,298.81638,369.58356,302.67712,3.5266724,3.8607483,5.229034
136,457.01535,258.59296,458.50607,260.60886,1.4907227,2.0158997,2.5072107
136,495.36752,284.71994,497.46564,284.94623,2.098114,0.22628784,2.1102817
136,406.2216,305.57373,409.5505,308.30573,3.3289185,2.7319946,4.306448
136,524.13525,275.5779,525.6548,274.81985,1.5195312,-0.75805664,1.6981239
136,541.4248,322.88797,544.7195,321.61945,3.2946777,-1.2685242,3.5304468
136,509.66455,335.83728,513.1677,335.48334,3.5031738,-0.35394287,3.5210087
136,490.95016,370.25464,495.94525,370.19763,4.9950867,-0.057006836,4.995412
136,378.86545,313.0051,382.76926,316.49652,3.9038086,3.4914246,5.237344
136,570.20306,520.9222,578.3911,521.697,8.188049,0.7748413,8.224629
136,399.96585,235.1042,401.8876,237.78577,1.9217529,2.6815643,3.299079
136,555.85284,288.97665,557.6863,287.1049,1.833435,-1.8717651,2.6201124
136,528.383,303.18973,530.49756,302.42993,2.114563,-0.75979614,2.2469237
136,427.8989,355.56985,432.53003,357.68796,4.631134,2.118103,5.09252
136,467.55884,371.66638,472.85577,372.6732,5.296936,1.0068054,5.3917704
136,390.73645,337.66104,395.26712,341.13095,4.53067,3.4699097,5.706772
136,413.74707,245.43173,415.25287,248.1885,1.5057983,2.756775,3.1412158
136,518.6904,362.96967,522.9181,362.41937,4.227661,-0.55029297,4.263325
137,482.87955,317.68985,485.69574,318.1415,2.8161926,0.45166016,2.8521812
137,479.9041,337.53394,483.41864,338.06152,3.5145264,0.5275879,3.5539055
137,496.82846,360.8995,500.82596,360.9588,3.9974976,0.059295654,3.9979374
137,469.6673,225.05458,469.52295,225.9554,-0.14434814,0.9008179,0.9123098
137,379.96564,284.53207,382.21072,288.19708,2.2450867,3.6650085,4.297988
137,372.65115,344.38644,376.8282,348.26062,4.1770325,3.874176,5.6970906
137,401.76788,251.3072,402.30167,254.56589,0.53378296,3.2586823,3.3021107
137,381.06195,375.79517,386.49414,379.17245,5.43219,3.3772888,6.3964653
137,536.5217,236.2808,536.4907,234.80113,-0.03100586,-1.4796753,1.4800001
137,442.98682,238.49367,442.7868,240.20407,-0.2000122,1.7104034,1.7220583
137,592.757,321.30032,595.4797,318.8488,2.7226562,-2.451538,3.663727
137,426.05975,274.95718,427.5543,276.77216,1.4945374,1.8149719,2.35112
137,587.73956,293.41074,589.6523,290.2824,1.9127197,-3.1283264,3.666732
137,398.68237,393.78366,404.61465,396.89417,5.9322815,3.1105042,6.698298
137,469.06747,287.04004,470.9282,288.11856,1.8607178,1.0785217,2.150693
137,446.37207,379.83987,451.6086,381.73154,5.2365417,1.8916626,5.567743
137,403.1441,278.0565,404.93768,281.16263,1.7935791,3.1061401,3.5867858
137,501.16614,221.89546,500.8876,221.83093,-0.27853394,-0.06452942,0.28591117
137,423.91132,239.67694,424.4124,241.88905,0.50109863,2.2121124,2.268158
137,486.33026,256.65427,486.9094,257.0218,0.5791321,0.3675232,0.6859062
137,442.07205,295.2954,444.08224,296.63165,2.0101929,1.3362427,2.4137979
137,369.58356,302.67712,372.5202,305.91052,2.9366455,3.2333984,4.3679233
137,458.50607,260.60886,459.55634,261.60516,1.0502625,0.9963074,1.4476461
137,497.46564,284.94623,498.9335,284.89093,1.467865,-0.05529785,1.4689063
137,409.5505,308.30573,412.1765,311.07446,2.626007,2.7687378,3.8159955
137,525.6548,274.81985,526.837,273.92493,1.18219,-0.894928,1.4827236
137,544.7195,321.61945,547.5582,319.99722,2.838745,-1.6222229,3.269569
137,513.1677,335.48334,516.3667,334.7172,3.1989746,-0.7661438,3.28944
137,495.94525,370.19763,500.053,370.2526,4.1077576,0.05496216,4.108125
137,382.76926,316.49652,385.82578,320.0752,3.0565186,3.5786743,4.7062955
137,578.3911,521.697,586.7045,522.78314,8.313416,1.0861206,8.384065
137,401.8876,237.78577,402.3719,240.48273,0.48428345,2.6969604,2.740096
137,557.6863,287.1049,559.3649,284.97974,1.6786499,-2.1251526,2.7081616
137,530.49756,302.42993,532.6309,301.44617,2.1333618,-0.98376465,2.3492608
137,432.53003,357.68796,437.21503,359.66458,4.6849976,1.9766235,5.0849032
137,472.85577,372.6732,477.82532,373.38757,4.9695435,0.714386,5.0206285
137,395.26712,341.13095,399.48776,344.00632,4.220642,2.8753662,5.10701
137,415.25287,248.1885,415.4788,250.71646,0.22592163,2.527954,2.5380292
137,522.9181,362.41937,527.16425,361.2818,4.246155,-1.1375732,4.3958964
138,485.69574,318.1415,488.80963,318.42798,3.1138916,0.2864685,3.1270409
138,483.41864,338.06152,487.2392,338.4953,3.8205566,0.43377686,3.8451028
138,500.82596,360.9588,505.40128,360.99622,4.5753174,0.03741455,4.5754704
138,469.52295,225.9554,469.2654,226.721,-0.25753784,0.7655945,0.80775034
138,382.21072,288.19708,384.75638,292.11746,2.5456543,3.9203796,4.67437
138,376.8282,348.26062,381.66925,352.2689,4.8410645,4.0082703,6.2850723
138,402.30167,254.56589,403.52966,257.61115,1.2279968,3.0452576,3.2835302
138,386.49414,379.17245,392.1431,382.44827,5.6489563,3.2758179,6.5300603
138,536.4907,234.80113,536.4288,233.18094,-0.061950684,-1.6201935,1.6213775
138,442.7868,240.20407,443.00336,241.69533,0.21655273,1.4912567,1.506898
138,595.4797,318.8488,598.45917,316.0804,2.9794922,-2.7683716,4.0670943
138,427.5543,276.77216,428.85455,279.0749,1.3002625,2.3027344,2.6444788
138,589.6523,290.2824,591.3918,286.90833,1.739502,-3.3740845,3.7960918
138,404.61465,396.89417,411.13092,399.38452,6.516266,2.4903564,6.9759297
138,470.9282,288.11856,472.62827,288.91342,1.7000732,0.79486084,1.8767133
138,451.6086,381.73154,457.12387,383.20264,5.515259,1.4710999,5.708083
138,404.93768,281.16263,406.8899,284.0922,1.9522095,2.9295654,3.5204368
138,500.8876,221.83093,500.4377,221.61835,-0.44989014,-0.21258545,0.4975879
138,424.4124,241.88905,424.7053,244.35834,0.2928772,2.469284,2.4865923
138,486.9094,257.0218,487.57834,257.4167,0.6689453,0.39489746,0.77680874
138,444.08224,296.63165,446.50742,298.61993,2.425171,1.9882812,3.1360352
138,372.5202,305.91052,375.61786,309.00137,3.0976562,3.0908508,4.375938
138,459.55634,261.60516,460.45508,262.79077,0.8987427,1.1856079,1.4877516
138,498.9335,284.89093,500.15656,284.69995,1.223053,-0.190979,1.2378738
138,412.1765,311.07446,415.13733,313.50107,2.9608154,2.4266052,3.828164
138,526.837,273.92493,527.8438,272.7856,1.0068359,-1.1393127,1.5204448
138,547.5582,319.99722,550.70746,318.06882,3.149231,-1.9284058,3.6927502
138,516.3667,334.7172,519.84204,334.0271,3.4753418,-0.690094,3.543195
138,500.053,370.2526,504.89075,370.167,4.837738,-0.08560181,4.8384953
138,385.82578,320.0752,389.44852,322.95068,3.6227417,2.8754883,4.625223
138,586.7045,522.78314,592.5673,523.14374,5.862793,0.3605957,5.873872
138,402.3719,240.48273,403.52414,242.76286,1.1522522,2.280136,2.5547419
138,559.3649,284.97974,561.053,282.69147,1.6880493,-2.288269,2.843534
138,532.6309,301.44617,534.73175,299.69467,2.10083,-1.7514954,2.7351825
138,437.21503,359.66458,441.9808,361.64563,4.7657776,1.9810486,5.161123
138,477.82532,373.38757,482.91864,373.65552,5.0933228,0.26794434,5.1003656
138,399.48776,344.00632,404.03827,347.42175,4.5505066,3.4154358,5.689667
138,415.4788,250.71646,416.19818,253.4174,0.71939087,2.700943,2.7951057
138,527.16425,361.2818,531.9291,360.2053,4.7648315,-1.0765076,4.8849244
139,488.80963,318.42798,492.15268,318.7199,3.343048,0.29193115,3.3557703
139,487.2392,338.4953,491.2954,338.94107,4.0562134,0.44577026,4.0806346
139,505.40128,360.99622,509.95337,360.60568,4.5520935,-0.39053345,4.568815
139,469.2654,226.721,468.735,227.71017,-0.530426,0.9891815,1.1224223
139,384.75638,292.11746,387.54068,297.00842,2.7843018,4.8909607,5.627951
139,381.66925,352.2689,386.78772,356.73505,5.118469,4.466156,6.7930317
139,403.52966,257.61115,404.38437,261.5728,0.8547058,3.96167,4.05282
139,392.1431,382.44827,398.2809,386.42798,6.1378174,3.9797058,7.3151116
139,536.4288,233.18094,535.8693,231.58784,-0.55944824,-1.5930939,1.6884699
139,443.00336,241.69533,443.04367,243.78667,0.04031372,2.091339,2.0917275
139,598.45917,316.0804,601.64374,313.16306,3.1845703,-2.9173584,4.31885
139,428.85455,279.0749,430.77438,281.26364,1.9198303,2.1887512,2.9114225
139,591.3918,286.90833,593.4834,283.47964,2.0916138,-3.4286804,4.016304
139,411.13092,399.38452,417.8833,402.51102,6.7523804,3.1264954,7.4410763
139,472.62827,288.91342,474.9219,289.7156,2.2936401,0.80218506,2.4298737
139,457.12387,383.20264,463.1336,384.5923,6.009735,1.3896484,6.168309
139,406.8899,284.0922,409.0381,287.6216,2.1481934,3.529419,4.131771
139,500.4377,221.61835,500.7816,221.68365,0.34387207,0.06530762,0.35001868
139,424.7053,244.35834,425.35736,247.26997,0.6520691,2.9116364,2.9837594
139,487.57834,257.4167,487.98874,257.7137,0.4104004,0.2970276,0.50661016
139,446.50742,298.61993,448.9,300.49872,2.3925781,1.8787842,3.0420816
139,375.61786,309.00137,378.66217,312.95767,3.0443115,3.9562988,4.992007
139,460.45508,262.79077,461.4576,264.56976,1.002533,1.7789917,2.0420294
139,500.15656,284.69995,502.16547,284.60406,2.0089111,-0.09588623,2.0111983
139,415.13733,313.50107,418.7708,316.43314,3.633484,2.9320679,4.6689644
139,527.8438,272.7856,529.00244,271.82202,1.1586304,-0.9635925,1.5069622
139,550.70746,318.06882,553.6617,316.31265,2.9542236,-1.7561646,3.4367938
139,519.84204,334.0271,523.52264,332.83725,3.680603,-1.1898499,3.8681498
139,504.89075,370.167,509.87177,369.77512,4.981018,-0.39187622,4.9964094
139,389.44852,322.95068,393.41324,327.31363,3.9647217,4.3629456,5.8952785
139,592.5673,523.14374,602.47894,522.52576,9.911621,-0.61798096,9.930867
139,403.52414,242.76286,404.194,246.37044,0.66986084,3.6075745,3.6692379
139,561.053,282.69147,562.8744,280.22076,1.8214111,-2.4707031,3.0695133
139,534.73175,299.69467,536.78534,298.23584,2.0535889,-1.4588318,2.5190113
139,441.9808,361.64563,446.94147,363.6491,4.960663,2.003479,5.3499627
139,482.91864,373.65552,488.4365,374.53647,5.517853,0.8809509,5.587734
139,404.03827,347.42175,408.8449,350.74747,4.8066406,3.325714,5.845012
139,416.19818,253.4174,416.78485,256.66675,0.5866699,3.2493439,3.3018808
139,531.9291,360.2053,536.27893,358.81412,4.3498535,-1.3911743,4.5669017
140,492.15268,318.7199,495.90668,318.82098,3.7539978,0.10107422,3.7553582
140,491.2954,338.94107,495.7939,339.24792,4.4985046,0.30685425,4.5089583
140,509.95337,360.60568,515.32544,360.25552,5.3720703,-0.3501587,5.38347
140,468.735,227.71017,468.8661,228.86671,0.13110352,1.1565399,1.1639471
140,387.54068,297.00842,390.8982,301.6161,3.3575134,4.607666,5.7011824
140,386.78772,356.73505,392.95688,361.674,6.169159,4.938965,7.9026513
140,404.38437,261.5728,406.08734,265.43103,1.7029724,3.8582153,4.217338
140,398.2809,386.42798,405.09192,390.12997,6.8110046,3.7019958,7.752068
140,535.8693,231.58784,535.4965,229.71574,-0.37280273,-1.8721008,1.9088591
140,443.04367,243.78667,443.5386,245.568,0.49493408,1.7813263,1.8488059
140,601.64374,313.16306,604.83496,309.52,3.1912231,-3.6430664,4.8431225
140,430.77438,281.26364,432.76627,284.0131,1.9918823,2.7494507,3.3951547
140,593.4834,283.47964,595.6457,279.71518,2.1622925,-3.7644653,4.3412795
140,417.8833,402.51102,425.45724,405.75836,7.573944,3.247345,8.240745
140,474.9219,289.7156,477.38562,290.68607,2.4637146,0.970459,2.6479578
140,463.1336,384.5923,470.082,386.1041,6.948395,1.5118103,7.1109605
140,409.0381,287.6216,411.8768,290.84692,2.8387146,3.2253113,4.296619
140,500.7816,221.68365,500.30338,221.61552,-0.47821045,-0.06813049,0.48303935
140,425.35736,247.26997,426.02072,250.22931,0.6633606,2.9593353,3.032773
140,487.98874,257.7137,488.63907,258.0348,0.6503296,0.32107544,0.725271
140,448.9,300.49872,452.12717,302.43768,3.2271729,1.9389648,3.7648678
140,378.66217,312.95767,382.48227,316.59708,3.8200989,3.6394043,5.2762127
140,461.4576,264.56976,462.8316,265.79315,1.3739929,1.2233887,1.839711
140,502.16547,284.60406,504.21188,284.4048,2.0464172,-0.19927979,2.0560973
140,418.7708,316.43314,422.3603,319.21774,3.5894775,2.784607,4.542949
140,529.00244,271.82202,530.3472,270.42896,1.3447876,-1.3930664,1.9362562
140,553.6617,316.31265,557.3857,313.9348,3.723999,-2.3778381,4.4184027
140,523.52264,332.83725,527.7232,331.9238,4.2005615,-0.91345215,4.2987337
140,509.87177,369.77512,515.5516,368.91296,5.6798096,-0.8621521,5.744871
140,393.41324,327.31363,397.8314,330.94525,4.418152,3.6316223,5.7191563
140,602.47894,522.52576,611.4817,523.05884,9.002747,0.53308105,9.018516
140,404.194,246.37044,405.4655,249.17482,1.2715149,2.8043823,3.0791736
140,562.8744,280.22076,564.98553,277.13864,2.111145,-3.0821228,3.7358286
140,536.78534,298.23584,539.3451,296.4277,2.5597534,-1.808136,3.133958
140,446.94147,363.6491,452.93488,365.66006,5.993408,2.0109558,6.3217783
140,488.4365,374.53647,494.53806,375.0073,6.1015625,0.4708252,6.119701
140,408.8449,350.74747,414.12375,354.44586,5.278839,3.6983948,6.445484
140,416.78485,256.66675,417.80447,259.69092,1.0196228,3.02417,3.1914315
140,536.27893,358.81412,541.4867,357.22824,5.2077637,-1.5858765,5.443878
141,495.90668,318.82098,499.7915,319.0914,3.8848267,0.27041626,3.8942268
141,495.7939,339.24792,500.6091,339.33853,4.8151855,0.09060669,4.816038
141,515.32544,360.25552,520.76086,359.8523,5.435425,-0.40322876,5.4503613
141,468.8661,228.86671,468.91168,230.18431,0.04559326,1.3175964,1.318385
141,390.8982,301.6161,394.36493,306.57355,3.4667358,4.9574585,6.049351
141,392.95688,361.674,398.86844,365.5092,5.91156,3.8351746,7.046638
141,406.08734,265.43103,407.93796,269.52567,1.8506165,4.094635,4.493419
141,405.09192,390.12997,412.81747,393.7557,7.7255554,3.6257324,8.534058
141,535.4965,229.71574,535.16516,227.9341,-0.33135986,-1.7816467,1.8121988
141,443.5386,245.568,444.0498,248.01869,0.51119995,2.4506989,2.5034475
141,604.83496,309.52,608.18646,305.74722,3.3515015,-3.772766,5.046417
141,432.76627,284.0131,435.1248,286.3306,2.3585205,2.317505,3.3065765
141,595.6457,279.71518,597.4635,275.79904,1.81781,-3.9161377,4.3174725
141,425.45724,405.75836,433.6387,408.22562,8.1814575,2.4672546,8.545384
141,477.38562,290.68607,480.13898,291.57742,2.753357,0.8913574,2.8940444
141,470.082,386.1041,477.30664,387.45752,7.22464,1.3534241,7.3503184
141,411.8768,290.84692,414.8703,294.29575,2.9934998,3.448822,4.566773
141,500.30338,221.61552,499.96356,221.65495,-0.33981323,0.03942871,0.34209305
141,426.02072,250.22931,427.2594,253.26608,1.238678,3.0367737,3.2796824
141,488.63907,258.0348,489.47293,258.7323,0.8338623,0.69750977,1.0871274
141,452.12717,302.43768,455.4726,304.53317,3.3454285,2.0954895,3.9475267
141,382.48227,316.59708,386.32217,320.64175,3.8399048,4.0446777,5.5771217
141,462.8316,265.79315,464.24756,267.3685,1.4159546,1.5753479,2.118171
141,504.21188,284.4048,505.9581,284.22974,1.7462158,-0.17504883,1.7549677
141,422.3603,319.21774,426.61487,321.96805,4.2545776,2.7503052,5.0661235
141,530.3472,270.42896,531.8844,269.14398,1.5371704,-1.2849731,2.003509
141,557.3857,313.9348,561.1014,311.49997,3.7156982,-2.434845,4.442396
141,527.7232,331.9238,531.75116,330.54062,4.027954,-1.3831787,4.258826
141,515.5516,368.91296,521.2123,368.47272,5.6607056,-0.44024658,5.677799
141,397.8314,330.94525,402.60437,335.03683,4.7729797,4.0915833,6.2866836
141,611.4817,523.05884,621.10944,522.54004,9.627747,-0.5187988,9.641714
141,405.4655,249.17482,406.693,252.8915,1.227478,3.7166748,3.914125
141,564.98553,277.13864,566.54144,274.0943,1.5559082,-3.044342,3.4188988
141,539.3451,296.4277,541.3899,294.97366,2.0447998,-1.4540405,2.5090716
141,452.93488,365.66006,458.943,367.1029,6.0081177,1.4428406,6.1789374
141,494.53806,375.0073,500.69678,375.28036,6.158722,0.2730713,6.164773
141,414.12375,354.44586,419.72443,358.08374,5.6006775,3.6378784,6.678454
141,417.80447,259.69092,419.03674,262.87286,1.2322693,3.1819458,3.412223
141,541.4867,357.22824,546.67975,355.1811,5.193054,-2.0471497,5.581992
142,499.7915,319.0914,503.6844,318.97552,3.8928833,-0.115875244,3.8946073
142,500.6091,339.33853,505.1923,339.31262,4.583191,-0.025909424,4.583264
142,520.76086,359.8523,526.07214,359.02774,5.3112793,-0.82455444,5.3749027
142,468.91168,230.18431,469.06802,231.31538,0.15634155,1.131073,1.141827
142,394.36493,306.57355,398.1131,311.20566,3.748169,4.6321106,5.958626
142,398.86844,365.5092,406.02023,369.49432,7.1517944,3.985138,8.187154
142,407.93796,269.52567,409.89487,273.37344,1.9569092,3.8477783,4.316815
142,412.81747,393.7557,419.88837,396.74554,7.0708923,2.9898376,7.6770205
142,535.16516,227.9341,534.81885,226.30882,-0.34631348,-1.6252747,1.6617614
142,444.0498,248.01869,444.53885,249.98837,0.4890442,1.9696808,2.0294843
142,608.18646,305.74722,611.12384,300.5636,2.937378,-5.1836243,5.9580326
142,435.1248,286.3306,437.54688,288.82504,2.4220886,2.4944458,3.4768913
142,597.4635,275.79904,599.4878,271.95438,2.024292,-3.8446655,4.3450212
142,433.6387,408.22562,441.04587,410.25818,7.4071655,2.0325623,7.6809773
142,480.13898,291.57742,482.70996,292.16196,2.570984,0.5845337,2.636596
142,477.30664,387.45752,484.3224,388.47894,7.015747,1.0214233,7.0897117
142,414.8703,294.29575,417.78735,297.87347,2.9170532,3.5777283,4.616204
142,499.96356,221.65495,499.6339,221.61253,-0.32965088,-0.042419434,0.33236894
142,427.2594,253.26608,428.3987,256.42233,1.1393127,3.15625,3.3555846
142,489.47293,258.7323,490.62222,258.9537,1.149292,0.22140503,1.170424
142,455.4726,304.53317,458.75537,306.04684,3.2827759,1.5136719,3.614944
142,386.32217,320.64175,390.2559,324.46606,3.9337158,3.8243103,5.486298
142,464.24756,267.3685,465.8998,268.67178,1.6522522,1.3032837,2.1043968
142,505.9581,284.22974,507.71707,283.65427,1.7589722,-0.57547,1.8507158
142,426.61487,321.96805,430.66528,324.6274,4.050415,2.6593628,4.845418
142,531.8844,269.14398,532.8927,267.89755,1.0083008,-1.2464294,1.603202
142,561.1014,311.49997,564.3955,309.06903,3.2941284,-2.4309387,4.093989
142,531.75116,330.54062,535.8008,329.06305,4.0496216,-1.4775696,4.3107595
142,521.2123,368.47272,526.77386,367.47052,5.5615845,-1.0021973,5.6511607
142,402.60437,335.03683,407.78275,338.5496,5.1783752,3.5127563,6.257398
142,621.10944,522.54004,630.2716,523.5604,9.16217,1.0203857,9.218815
142,406.693,252.8915,408.1022,256.03192,1.4092102,3.1404266,3.4421146
142,566.54144,274.0943,568.18176,270.8952,1.6403198,-3.1990967,3.5951173
142,541.3899,294.97366,543.96954,292.96817,2.5796509,-2.0054932,3.2675068
142,458.943,367.1029,465.10037,368.76254,6.157379,1.6596375,6.3771243
142,500.69678,375.28036,507.58188,375.16238,6.8851013,-0.11798096,6.886112
142,419.72443,358.08374,425.7682,361.05783,6.043762,2.9740906,6.7358947
142,419.03674,262.87286,420.3623,265.88104,1.3255615,3.0081787,3.2872865
142,546.67975,355.1811,551.7223,353.09863,5.0425415,-2.0824585,5.4556265
143,503.6844,318.97552,507.55954,318.77112,3.8751526,-0.20440674,3.88054
143,505.1923,339.31262,509.93903,339.0945,4.7467346,-0.21810913,4.751743
143,526.07214,359.02774,531.16064,358.01962,5.088501,-1.0081177,5.1874022
143,469.06802,231.31538,469.05713,232.40475,-0.010894775,1.0893707,1.0894252
143,398.1131,311.20566,402.23505,315.42545,4.1219482,4.2197876,5.898904
143,406.02023,369.49432,412.7611,373.3695,6.7408752,3.875183,7.7753744
143,409.89487,273.37344,412.20892,277.21222,2.3140564,3.8387756,4.4823046
143,419.88837,396.74554,427.9024,399.96323,8.014038,3.217682,8.635872
143,534.81885,226.30882,534.7772,224.72137,-0.041625977,-1.5874481,1.5879939
143,444.53885,249.98837,445.3882,251.96329,0.84936523,1.9749146,2.149816
143,611.12384,300.5636,613.8814,295.51642,2.7575684,-5.04718,5.7513657
143,437.54688,288.82504,439.9497,291.04993,2.402832,2.224884,3.2747078
143,599.4878,271.95438,600.98425,267.4223,1.49646,-4.532074,4.772744
143,441.04587,410.25818,449.7472,412.5515,8.701324,2.293335,8.998468
143,482.70996,292.16196,485.33374,293.06924,2.6237793,0.9072876,2.7762184
143,484.3224,388.47894,491.47205,389.24673,7.149658,0.76779175,7.190766
143,417.78735,297.87347,421.07867,301.03244,3.2913208,3.158966,4.5620017
143,499.6339,221.61253,499.37393,221.6609,-0.25997925,0.04837036,0.26444072
143,428.3987,256.42233,429.82495,259.55048,1.426239,3.1281433,3.4379408
143,490.62222,258.9537,491.57916,259.21802,0.9569397,0.26431274,0.99277127
143,458.75537,306.04684,462.30652,307.9698,3.5511475,1.9229431,4.038361
143,390.2559,324.46606,394.5743,327.7426,4.3184204,3.2765503,5.4207506
143,465.8998,268.67178,467.67172,270.35913,1.7719116,1.6873474,2.4467962
143,507.71707,283.65427,510.06134,283.69992,2.3442688,0.045654297,2.3447134
143,430.66528,324.6274,434.83008,327.53265,4.164795,2.905243,5.077987
143,532.8927,267.89755,534.2755,266.2538,1.3828125,-1.6437378,2.1480327
143,564.3955,309.06903,567.7679,306.3497,3.3723755,-2.7193298,4.332167
143,535.8008,329.06305,539.4646,327.5854,3.6638184,-1.4776611,3.9505756
143,526.77386,367.47052,532.4289,366.07892,5.6550293,-1.3916016,5.823737
143,407.78275,338.5496,412.94516,342.48178,5.1624146,3.93219,6.489425
143,630.2716,523.5604,639.6796,524.3446,9.40802,0.7841797,9.440645
143,408.1022,256.03192,409.4053,258.99268,1.3031006,2.9607544,3.234832
143,568.18176,270.8952,569.75714,267.83945,1.5753784,-3.0557556,3.4379442
143,543.96954,292.96817,546.3901,291.03903,2.4205322,-1.9291382,3.0952463
143,465.10037,368.76254,471.0853,370.01877,5.9849243,1.2562256,6.115343
143,507.58188,375.16238,513.73224,375.17624,6.15036,0.0138549805,6.150376
143,425.7682,361.05783,431.5833,363.764,5.8151245,2.7061768,6.4139743
143,420.3623,265.88104,421.75403,268.88705,1.3917236,3.006012,3.3125522
143,551.7223,353.09863,556.6043,351.0044,4.882019,-2.0942383,5.312245
144,507.55954,318.77112,511.3761,318.5548,3.8165588,-0.2163086,3.8226836
144,509.93903,339.0945,514.4398,338.80893,4.5007935,-0.2855835,4.509845
144,531.16064,358.01962,536.1947,357.09552,5.0340576,-0.9241028,5.1181736
144,469.05713,232.40475,468.9711,233.78578,-0.08602905,1.3810272,1.3837042
144,402.23505,315.42545,406.2746,319.58475,4.039551,4.1593018,5.7980824
144,412.7611,373.3695,419.51633,377.12357,6.7552185,3.7540588,7.7282553
144,412.20892,277.21222,414.91205,280.90744,2.703125,3.695221,4.5783777
144,427.9024,399.96323,434.9265,402.16592,7.024109,2.2026978,7.3613844
144,534.7772,224.72137,534.5886,223.39877,-0.18859863,-1.3226013,1.3359804
144,445.3882,251.96329,446.06384,254.26776,0.67562866,2.3044739,2.4014733
144,613.8814,295.51642,616.4713,291.08218,2.5899048,-4.4342346,5.135177
144,439.9497,291.04993,442.38223,293.15884,2.4325256,2.1089172,3.2194273
144,600.98425,267.4223,602.4699,263.23947,1.4856567,-4.182831,4.438834
144,449.7472,412.5515,457.63254,414.11493,7.8853455,1.5634155,8.038839
144,485.33374,293.06924,487.84244,293.48853,2.5086975,0.419281,2.5434937
144,491.47205,389.24673,498.64578,389.52664,7.1737366,0.27990723,7.1791954
144,421.07867,301.03244,424.40552,304.58896,3.3268433,3.5565186,4.869981
144,499.37393,221.6609,499.18518,221.79613,-0.18875122,0.13522339,0.23219042
144,429.82495,259.55048,431.68002,262.50046,1.855072,2.9499817,3.484779
144,491.57916,259.21802,492.59372,259.60938,1.0145569,0.39135742,1.0874219
144,462.30652,307.9698,465.9738,309.5099,3.6672668,1.5401001,3.9775312
144,394.5743,327.7426,398.7325,331.34787,4.158203,3.6052551,5.5035005
144,467.67172,270.35913,469.49298,271.74927,1.8212585,1.3901367,2.2911706
144,510.06134,283.69992,511.84042,283.4182,1.7790833,-0.28170776,1.8012487
144,434.83008,327.53265,439.35007,329.89728,4.519989,2.364624,5.1011515
144,534.2755,266.2538,535.75366,264.9549,1.4781494,-1.2989197,1.9677699
144,567.7679,306.3497,570.8947,303.81363,3.126831,-2.5360718,4.026007
144,539.4646,327.5854,543.235,325.9042,3.7703857,-1.6811829,4.128218
144,532.4289,366.07892,537.7558,364.93613,5.3269043,-1.1427917,5.448108
144,412.94516,342.48178,417.81763,345.92142,4.872467,3.4396362,5.9642296
144,639.6796,524.3446,649.5146,525.0922,9.834961,0.7476196,9.863336
144,409.4053,258.99268,411.52283,261.57108,2.1175232,2.5783997,3.3364725
144,569.75714,267.83945,571.14404,265.03558,1.3869019,-2.8038635,3.1281219
144,546.3901,291.03903,548.83325,288.8614,2.4431763,-2.1776428,3.2728028
144,471.0853,370.01877,477.21405,371.2435,6.1287537,1.2247314,6.249927
144,513.73224,375.17624,519.9541,374.50366,6.221863,-0.6725769,6.2581096
144,431.5833,363.764,437.71515,366.7653,6.131836,3.0012817,6.8269396
144,421.75403,268.88705,423.7603,271.95908,2.0062866,3.0720215,3.6691282
144,556.6043,351.0044,561.62616,348.4861,5.0218506,-2.51828,5.6178927
145,511.3761,318.5548,515.5079,318.4868,4.131775,-0.06802368,4.1323347
145,514.4398,338.80893,519.3644,338.68484,4.9245605,-0.12408447,4.9261236
145,536.1947,357.09552,541.80975,356.09927,5.6150513,-0.99624634,5.702746
145,468.9711,233.78578,469.0033,235.57664,0.032196045,1.790863,1.7911525
145,406.2746,319.58475,410.8067,323.89142,4.5321045,4.306671,6.251991
145,419.51633,377.12357,426.96875,381.2355,7.452423,4.1119385,8.5115595
145,414.91205,280.90744,417.70755,285.32758,2.7955017,4.4201355,5.2299547
145,434.9265,402.16592,443.22943,405.48288,8.3029175,3.3169556,8.940952
145,534.5886,223.39877,534.02673,222.27335,-0.56188965,-1.1254272,1.2578976
145,446.06384,254.26776,447.11237,256.61166,1.048523,2.3439026,2.5677383
145,616.4713,291.08218,618.9675,286.0826,2.4962158,-4.9995728,5.5880966
145,442.38223,293.15884,445.22763,295.9643,2.845398,2.8054504,3.995853
145,602.4699,263.23947,603.80554,259.31598,1.3356323,-3.9234924,4.1446
145,457.63254,414.11493,466.06375,415.91876,8.431213,1.803833,8.622017
145,487.84244,293.48853,490.85013,294.56427,3.0076904,1.0757446,3.1942806
145,498.64578,389.52664,505.9832,390.1647,7.3374023,0.6380615,7.365093
145,424.40552,304.58896,428.1003,308.10254,3.6947937,3.5135803,5.0987005
145,499.18518,221.79613,499.41992,222.2274,0.23474121,0.4312744,0.4910204
145,431.68002,262.50046,433.42606,265.90115,1.7460327,3.4006958,3.8227427
145,492.59372,259.60938,493.376,260.15332,0.7822876,0.5439453,0.95281184
145,465.9738,309.5099,469.47037,311.48105,3.496582,1.9711609,4.013921
145,398.7325,331.34787,403.24747,334.86295,4.5149536,3.5150757,5.721937
145,469.49298,271.74927,471.22888,273.68405,1.7359009,1.9347839,2.599373
145,511.84042,283.4182,513.8397,283.5176,1.9992981,0.09939575,2.0017674
145,439.35007,329.89728,444.08237,332.89352,4.7323,2.9962463,5.601085
145,535.75366,264.9549,536.69324,264.0345,0.9395752,-0.92041016,1.315278
145,570.8947,303.81363,574.0058,301.07767,3.111084,-2.735962,4.142986
145,543.235,325.9042,547.4737,324.44333,4.2387085,-1.4608765,4.4833927
145,537.7558,364.93613,543.7183,363.71542,5.9625244,-1.2207031,6.0861983
145,417.81763,345.92142,423.03296,350.03104,5.215332,4.109619,6.639929
145,649.5146,525.0922,659.5723,524.56464,10.057739,-0.5275879,10.071568
145,411.52283,261.57108,413.12683,265.3313,1.6040039,3.7602234,4.0880446
145,571.14404,265.03558,572.6774,262.08685,1.5333862,-2.9487305,3.323595
145,548.83325,288.8614,550.8236,287.30435,1.9903564,-1.5570374,2.5270307
145,477.21405,371.2435,483.57498,372.59082,6.3609314,1.3473206,6.502055
145,519.9541,374.50366,526.44275,374.0068,6.4886475,-0.4968567,6.5076427
145,437.71515,366.7653,444.10516,369.8035,6.3900146,3.038208,7.075521
145,423.7603,271.95908,425.35782,275.3836,1.5975037,3.42453,3.7788124
145,561.62616,348.4861,566.22015,346.45544,4.593994,-2.0306702,5.0227885
146,515.5079,318.4868,519.7837,318.52246,4.275818,0.03567505,4.2759666
146,519.3644,338.68484,524.46173,338.5758,5.097351,-0.10903931,5.0985174
146,541.80975,356.09927,547.57153,355.04022,5.76178,-1.0590515,5.858301
146,469.0033,235.57664,469.51965,237.5451,0.5163574,1.9684601,2.0350578
146,410.8067,323.89142,416.31128,328.51965,5.5045776,4.628235,7.1917267
146,426.96875,381.2355,434.4813,385.18872,7.5125427,3.9532166,8.489182
146,417.70755,285.32758,420.89908,289.17734,3.1915283,3.849762,5.000652
146,443.22943,405.48288,451.9722,408.37082,8.742767,2.8879395,9.207397
146,534.02673,222.27335,533.5256,221.45604,-0.50115967,-0.8173065,0.9587236
146,447.11237,256.61166,448.21835,259.51746,1.1059875,2.9057922,3.1091537
146,618.9675,286.0826,621.5051,281.8016,2.5375977,-4.281006,4.9765863
146,445.22763,295.9643,448.47067,298.527,3.243042,2.5627136,4.133379
146,603.80554,259.31598,605.4366,255.6752,1.6310425,-3.6407776,3.9894311
146,466.06375,415.91876,474.66025,417.87482,8.596497,1.9560547,8.816229
146,490.85013,294.56427,494.24994,295.7247,3.3998108,1.1604309,3.5923965
146,505.9832,390.1647,513.64374,391.0699,7.660553,0.9051819,7.713846
146,428.1003,308.10254,432.49817,311.492,4.3978577,3.3894653,5.5524435
146,499.41992,222.2274,499.4163,223.15924,-0.0036315918,0.931839,0.9318461
146,433.42606,265.90115,435.38278,270.1434,1.9567261,4.2422485,4.6717715
146,493.376,260.15332,494.6617,261.41037,1.2857056,1.2570496,1.7981136
146,469.47037,311.48105,473.6624,313.7981,4.192047,2.317047,4.7897773
146,403.24747,334.86295,408.6701,339.25537,5.422638,4.3924255,6.978424
146,471.22888,273.68405,473.3598,275.34918,2.1309204,1.6651306,2.704345
146,513.8397,283.5176,516.273,283.56046,2.4332886,0.04284668,2.4336658
146,444.08237,332.89352,449.1977,335.90283,5.115326,3.0093079,5.934854
146,536.69324,264.0345,537.7032,263.01883,1.0099487,-1.0156555,1.4323242
146,574.0058,301.07767,577.52905,298.10812,3.5232544,-2.9695435,4.607766
146,547.4737,324.44333,551.64325,322.8014,4.1695557,-1.6419373,4.4811997
146,543.7183,363.71542,549.68427,362.33673,5.9659424,-1.3786926,6.123174
146,423.03296,350.03104,429.37213,353.58743,6.3391724,3.5563965,7.2686353
146,659.5723,524.56464,669.39606,524.4625,9.82373,-0.10211182,9.824262
146,413.12683,265.3313,415.89005,268.62576,2.763214,3.294464,4.2998657
146,572.6774,262.08685,574.0867,259.3793,1.4092407,-2.70755,3.0523412
146,550.8236,287.30435,553.0846,285.42612,2.2609863,-1.8782349,2.939358
146,483.57498,372.59082,490.75656,373.85748,7.1815796,1.2666626,7.292429
146,526.44275,374.0068,533.4954,373.9674,7.0526733,-0.039398193,7.0527835
146,444.10516,369.8035,450.54422,372.7526,6.4390564,2.9490967,7.082275
146,425.35782,275.3836,427.76132,279.384,2.4035034,4.0003967,4.666905
146,566.22015,346.45544,571.5371,344.29993,5.3169556,-2.1555176,5.7372704
147,519.7837,318.52246,524.0296,318.72537,4.2459106,0.20291138,4.2507567
147,524.46173,338.5758,529.8584,338.49063,5.3966675,-0.08517456,5.39734
147,547.57153,355.04022,553.04913,354.04053,5.4776,-0.9996948,5.568078
147,469.51965,237.5451,470.1138,239.7923,0.5941467,2.2471924,2.3244104
147,416.31128,328.51965,421.64816,333.3723,5.3368835,4.852661,7.2132273
147,434.4813,385.18872,443.06952,388.94376,8.588226,3.7550354,9.373256
147,420.89908,289.17734,424.7276,293.75784,3.8285217,4.5805054,5.969808
147,451.9722,408.37082,460.7281,410.87683,8.75589,2.506012,9.107453
147,533.5256,221.45604,533.1541,220.92577,-0.37145996,-0.53027344,0.64743525
147,448.21835,259.51746,449.78964,262.73682,1.5712891,3.2193604,3.5823498
147,621.5051,281.8016,623.93066,276.91534,2.425537,-4.886261,5.4551606
147,448.47067,298.527,452.3568,301.90216,3.886139,3.3751526,5.1472063
147,605.4366,255.6752,606.60126,251.79112,1.1646729,-3.884079,4.0549393
147,474.66025,417.87482,484.0538,419.62314,9.393555,1.7483215,9.554868
147,494.24994,295.7247,497.27386,296.82974,3.0239258,1.1050415,3.2195098
147,513.64374,391.0699,521.55115,391.02115,7.9074097,-0.048736572,7.90756
147,432.49817,311.492,436.73843,315.78265,4.240265,4.2906494,6.0323725
147,499.4163,223.15924,499.89224,224.2204,0.47595215,1.0611572,1.1630069
147,435.38278,270.1434,437.5486,274.25583,2.1658325,4.1124268,4.64789
147,494.6617,261.41037,496.40637,262.48557,1.7446594,1.0751953,2.0493612
147,473.6624,313.7981,478.23672,316.14865,4.5743103,2.3505554,5.1429005
147,408.6701,339.25537,414.12125,343.96176,5.4511414,4.7063904,7.2017393
147,473.3598,275.34918,476.04028,277.8484,2.680481,2.4992065,3.6648345
147,516.273,283.56046,518.8767,283.802,2.6036987,0.24154663,2.614879
147,449.1977,335.90283,454.73065,339.04224,5.532959,3.1394043,6.361564
147,537.7032,263.01883,538.94324,262.64166,1.2400513,-0.37716675,1.2961411
147,577.52905,298.10812,581.2766,295.673,3.7475586,-2.4351196,4.4692283
147,551.64325,322.8014,555.8786,321.45413,4.2353516,-1.3472595,4.4444695
147,549.68427,362.33673,555.55444,361.30017,5.870178,-1.03656,5.960994
147,429.37213,353.58743,436.04752,358.27466,6.6753845,4.6872253,8.156644
147,669.39606,524.4625,680.08453,524.63104,10.688477,0.16851807,10.689805
147,415.89005,268.62576,418.83948,272.0904,2.9494324,3.4646301,4.5500345
147,574.0867,259.3793,575.4978,256.7,1.4111328,-2.6792908,3.0281835
147,553.0846,285.42612,555.44214,284.02597,2.357544,-1.4001465,2.7419744
147,490.75656,373.85748,497.53192,375.27475,6.77536,1.4172668,6.9220047
147,533.4954,373.9674,540.4584,373.19284,6.9629517,-0.77456665,7.005901
147,450.54422,372.7526,458.1365,375.60416,7.592285,2.8515625,8.110129
147,427.76132,279.384,430.40216,283.41245,2.6408386,4.0284424,4.8168845
147,571.5371,344.29993,576.78186,342.0187,5.244751,-2.2812195,5.7193856
148,524.0296,318.72537,528.82733,318.92554,4.7977295,0.2001648,4.8019032
148,529.8584,338.49063,535.3506,338.4323,5.4921875,-0.05831909,5.492497
148,553.04913,354.04053,559.0601,352.94458,6.0109863,-1.0959473,6.1100783
148,470.1138,239.7923,471.27762,242.4025,1.1638184,2.610199,2.8579035
148,421.64816,333.3723,427.5368,338.2858,5.8886414,4.9134827,7.6693163
148,443.06952,388.94376,451.28192,392.84015,8.212402,3.8963928,9.089853
148,424.7276,293.75784,428.4857,298.44745,3.7580872,4.6896057,6.0096273
148,460.7281,410.87683,470.15988,413.64737,9.431793,2.7705383,9.83029
148,533.1541,220.92577,533.2602,220.61818,0.1060791,-0.30758667,0.32536492
148,449.78964,262.73682,451.994,266.14703,2.2043457,3.4102173,4.060631
148,623.93066,276.91534,625.78845,272.16055,1.8577881,-4.7547913,5.104842
148,452.3568,301.90216,456.1393,305.30066,3.7825012,3.3984985,5.0849886
148,606.60126,251.79112,607.39777,247.9023,0.7965088,-3.8888245,3.9695568
148,484.0538,419.62314,494.10626,421.4212,10.05246,1.7980652,10.212002
148,497.27386,296.82974,501.13135,298.58127,3.857483,1.7515259,4.23651
148,521.55115,391.02115,530.08105,391.40927,8.529907,0.38812256,8.538733
148,436.73843,315.78265,441.61368,319.87772,4.875244,4.0950623,6.36691
148,499.89224,224.2204,500.43643,225.6435,0.54418945,1.4230957,1.5235956
148,437.5486,274.25583,440.55362,278.42133,3.005005,4.165497,5.1362844
148,496.40637,262.48557,498.2054,263.80188,1.7990417,1.3163147,2.2291782
148,478.23672,316.14865,482.50134,318.29495,4.264618,2.1463013,4.774262
148,414.12125,343.96176,420.05484,348.90067,5.9335938,4.938904,7.7201233
148,476.04028,277.8484,478.9472,280.4198,2.9069214,2.5714111,3.8810241
148,518.8767,283.802,521.2404,284.32837,2.3637085,0.5263672,2.421607
148,454.73065,339.04224,460.48007,342.4318,5.74942,3.389557,6.6741986
148,538.94324,262.64166,540.71246,262.062,1.7692261,-0.5796509,1.8617616
148,581.2766,295.673,584.5579,293.44247,3.281311,-2.2305298,3.9676523
148,555.8786,321.45413,560.5952,319.9827,4.716614,-1.4714355,4.9408064
148,555.55444,361.30017,561.59735,359.9534,6.0429077,-1.3467712,6.1911654
148,436.04752,358.27466,442.82547,362.20145,6.777954,3.9267883,7.8332834
148,680.08453,524.63104,689.40546,523.608,9.320923,-1.0230713,9.376902
148,418.83948,272.0904,421.91336,275.63113,3.073883,3.540741,4.688881
148,575.4978,256.7,576.7961,254.39307,1.2982788,-2.3069458,2.6471734
148,555.44214,284.02597,558.25024,282.57812,2.8081055,-1.4478455,3.1593847
148,497.53192,375.27475,505.24643,376.43402,7.714508,1.1592712,7.8011246
148,540.4584,373.19284,547.98206,372.7146,7.5236816,-0.47824097,7.538866
148,458.1365,375.60416,465.566,379.12247,7.4295044,3.5183105,8.220466
148,430.40216,283.41245,433.40524,287.62448,3.0030823,4.212036,5.1729827
148,576.78186,342.0187,582.2698,339.5094,5.487915,-2.5093079,6.034388
149,528.82733,318.92554,534.0723,319.42303,5.244995,0.49749756,5.2685366
149,535.3506,338.4323,541.39954,338.43213,6.04895,-0.00018310547,6.04895
149,559.0601,352.94458,565.61,351.93353,6.5498657,-1.0110474,6.62744
149,471.27762,242.4025,472.80658,245.35321,1.5289612,2.950714,3.323317
149,427.5368,338.2858,434.49454,343.90457,6.957733,5.6187744,8.943192
149,451.28192,392.84015,461.0563,396.92773,9.774384,4.0875854,10.594666
149,428.4857,298.44745,433.47473,303.38953,4.989044,4.9420776,7.0224423
149,470.15988,413.64737,479.76904,416.35446,9.609161,2.7070923,9.983202
149,533.2602,220.61818,533.53033,220.86917,0.2701416,0.25099182,0.36874568
149,451.994,266.14703,454.36777,269.99863,2.3737793,3.851593,4.524334
149,625.78845,272.16055,628.40643,267.86176,2.617981,-4.2987976,5.033238
149,456.1393,305.30066,460.7016,308.90863,4.5622864,3.6079712,5.8165207
149,607.39777,247.9023,609.2844,244.78984,1.8866577,-3.1124573,3.6396248
149,494.10626,421.4212,504.3667,423.11414,10.260437,1.6929321,10.399162
149,501.13135,298.58127,505.74243,300.30222,4.611084,1.7209473,4.9217634
149,530.08105,391.40927,538.9903,391.99457,8.909241,0.58529663,8.928446
149,441.61368,319.87772,447.42816,324.6472,5.8144836,4.76947,7.5203767
149,500.43643,225.6435,501.66376,227.4809,1.2273254,1.8374023,2.2096097
149,440.55362,278.42133,444.0192,283.42807,3.4655762,5.0067444,6.0891466
149,498.2054,263.80188,500.26233,266.0246,2.0569153,2.2227173,3.0284274
149,482.50134,318.29495,488.10138,321.07877,5.6000366,2.7838135,6.253801
149,420.05484,348.90067,426.7708,353.95697,6.715973,5.056305,8.406576
149,478.9472,280.4198,482.52783,282.91495,3.5806274,2.4951477,4.3642473
149,521.2404,284.32837,524.67847,285.22803,3.4380493,0.8996582,3.5538104
149,460.48007,342.4318,467.163,345.74564,6.6829224,3.3138428,7.459424
149,540.71246,262.062,542.8667,261.94617,2.1542358,-0.11584473,2.1573484
149,584.5579,293.44247,588.35333,291.20398,3.7954102,-2.2384949,4.4063587
149,560.5952,319.9827,564.8979,318.82294,4.3026733,-1.1597595,4.456236
149,561.59735,359.9534,568.3855,358.8819,6.788147,-1.0715027,6.8721943
149,442.82547,362.20145,450.39114,366.12372,7.565674,3.9222717,8.52195
149,689.40546,523.608,699.5861,521.5443,10.180664,-2.0636597,10.387714
149,421.91336,275.63113,425.83728,280.21475,3.9239197,4.583618,6.0337963
149,576.7961,254.39307,578.5736,252.44852,1.7775269,-1.9445496,2.634554
149,558.25024,282.57812,560.9337,281.36197,2.6834717,-1.216156,2.9461935
149,505.24643,376.43402,513.2354,377.99466,7.988983,1.5606384,8.139991
149,547.98206,372.7146,555.92596,372.48923,7.9439087,-0.22537231,7.947105
149,465.566,379.12247,474.3664,382.22235,8.8003845,3.099884,9.330383
149,433.40524,287.62448,437.19833,292.45996,3.7930908,4.8354797,6.1456814
149,582.2698,339.5094,588.1674,337.29388,5.897644,-2.2155151,6.3000565
150,534.0723,319.42303,540.1592,320.3086,6.086853,0.8855591,6.150934
150,541.39954,338.43213,548.1923,338.8474,6.7927856,0.4152832,6.805468
150,565.61,351.93353,572.05597,351.04254,6.445984,-0.8909912,6.507271
150,472.80658,245.35321,475.1203,248.67352,2.3137207,3.3203125,4.046947
150,434.49454,343.90457,442.17975,349.54694,7.685211,5.6423645,9.534083
150,461.0563,396.92773,470.91165,400.87656,9.855347,3.948822,10.617017
150,433.47473,303.38953,438.98224,308.97998,5.5075073,5.590454,7.847663
150,479.76904,416.35446,490.28827,419.49118,10.519226,3.1367188,10.976935
150,533.53033,220.86917,534.167,221.63275,0.6366577,0.7635803,0.99417704
150,454.36777,269.99863,457.7546,274.93347,3.3868408,4.934845,5.9852643
150,628.40643,267.86176,632.28674,264.35156,3.88031,-3.5101929,5.2324243
150,460.7016,308.90863,466.1866,313.11694,5.485016,4.208313,6.913414
150,609.2844,244.78984,610.95233,241.58519,1.6679077,-3.2046509,3.612714
150,504.3667,423.11414,513.7062,424.6393,9.339478,1.525177,9.463192
150,505.74243,300.30222,510.58932,302.31018,4.8468933,2.007965,5.2463603
150,538.9903,391.99457,548.74554,392.38287,9.755249,0.38830566,9.762974
150,447.42816,324.6472,453.96432,329.30902,6.5361633,4.6618347,8.028333
150,501.66376,227.4809,504.09845,229.27815,2.4346924,1.7972565,3.0261953
150,444.0192,283.42807,449.20367,288.2969,5.1844788,4.8688354,7.11227
150,500.26233,266.0246,503.88034,268.49637,3.6180115,2.4717712,4.3817415
150,488.10138,321.07877,494.3255,323.77533,6.224121,2.6965637,6.783151
150,426.7708,353.95697,434.65182,360.64703,7.881012,6.6900635,10.337664
150,482.52783,282.91495,486.83505,286.04843,4.3072205,3.133484,5.3264313
150,524.67847,285.22803,528.63495,286.70102,3.956482,1.472992,4.221783
150,467.163,345.74564,473.9167,349.71185,6.7536926,3.966217,7.832193
150,542.8667,261.94617,546.2895,262.47357,3.4227905,0.5274048,3.463185
150,588.35333,291.20398,592.95264,289.11304,4.599304,-2.0909424,5.0522904
150,564.8979,318.82294,570.1192,318.37054,5.2213135,-0.45239258,5.2408752
150,568.3855,358.8819,575.3932,357.92496,7.0076904,-0.9569397,7.0727267
150,450.39114,366.12372,458.42682,370.927,8.035675,4.8032837,9.361816
150,699.5861,521.5443,712.9232,525.51636,13.337097,3.972046,13.916009
150,425.83728,280.21475,430.25528,285.64642,4.4179993,5.431671,7.0015545
150,578.5736,252.44852,581.3248,249.61703,2.7512207,-2.831482,3.947975
150,560.9337,281.36197,564.4069,281.135,3.4732056,-0.22695923,3.4806132
150,513.2354,377.99466,522.01544,379.40134,8.780029,1.4066772,8.891999
150,555.92596,372.48923,564.5117,371.81342,8.585754,-0.67581177,8.61231
150,474.3664,382.22235,483.4157,385.68466,9.049316,3.4623108,9.689052
150,437.19833,292.45996,441.94043,297.38998,4.742096,4.930023,6.840512
150,588.1674,337.29388,594.2306,335.46103,6.0631714,-1.8328552,6.334146
151,540.1592,320.3086,547.196,321.7397,7.036804,1.4310913,7.180852
151,548.1923,338.8474,555.6408,339.73166,7.4484863,0.8842468,7.500789
151,572.05597,351.04254,579.0075,350.7483,6.951538,-0.2942505,6.9577627
151,475.1203,248.67352,479.24304,252.36205,4.1227417,3.6885223,5.531925
151,442.17975,349.54694,450.7832,354.87814,8.603455,5.3312073,10.121324
151,470.91165,400.87656,481.2897,404.94308,10.378052,4.0665283,11.146327
151,438.98224,308.97998,445.67053,315.17383,6.6882935,6.1938477,9.115756
151,490.28827,419.49118,501.5363,422.63766,11.248016,3.1464844,11.679822
151,534.167,221.63275,536.4606,223.13667,2.293579,1.5039215,2.7426784
151,457.7546,274.93347,462.63458,279.51727,4.8799744,4.5838013,6.695176
151,632.28674,264.35156,637.1004,261.63974,4.8136597,-2.7118225,5.5249705
151,466.1866,313.11694,472.68005,317.3084,6.4934387,4.1914673,7.728722
151,610.95233,241.58519,614.3921,239.81511,3.4397583,-1.7700806,3.868478
151,513.7062,424.6393,523.34766,426.5023,9.6414795,1.8629761,9.819818
151,510.58932,302.31018,516.5708,304.64603,5.981476,2.335846,6.4213886
151,548.74554,392.38287,558.5619,392.43942,9.816345,0.056549072,9.816508
151,453.96432,329.30902,461.53848,334.325,7.5741577,5.015991,9.084494
151,504.09845,229.27815,508.31744,231.30266,4.218994,2.0245056,4.679587
151,449.20367,288.2969,455.53763,293.20425,6.333954,4.9073486,8.012555
151,503.88034,268.49637,508.37476,271.80594,4.4944153,3.3095703,5.581489
151,494.3255,323.77533,501.87012,326.8387,7.5446167,3.063385,8.142823
151,434.65182,360.64703,443.78235,366.87305,9.130524,6.226013,11.05123
151,486.83505,286.04843,492.2984,289.7978,5.4633484,3.7493591,6.62615
151,528.63495,286.70102,534.1633,289.57986,5.5283813,2.8788452,6.233037
151,473.9167,349.71185,481.99237,353.4847,8.075684,3.7728577,8.913536
151,546.2895,262.47357,551.16754,263.82727,4.8780518,1.3536987,5.0623994
151,592.95264,289.11304,598.7912,287.4694,5.838562,-1.6436462,6.0655074
151,570.1192,318.37054,576.0671,318.4385,5.947876,0.06796265,5.948264
151,575.3932,357.92496,582.63293,357.65637,7.239746,-0.2685852,7.2447267
151,458.42682,370.927,467.66364,375.26614,9.236816,4.339142,10.20524
151,712.9232,525.51636,724.8647,527.3738,11.941467,1.8574219,12.085059
151,430.25528,285.64642,435.40982,291.61655,5.154541,5.9701233,7.8874373
151,581.3248,249.61703,584.3,248.39635,2.9751587,-1.2206879,3.2158432
151,564.4069,281.135,568.5992,281.71442,4.1922607,0.57940674,4.232111
151,522.01544,379.40134,531.0483,381.6252,9.032837,2.223877,9.3025675
151,564.5117,371.81342,573.40717,372.0801,8.895447,0.26669312,8.899444
151,483.4157,385.68466,492.83417,389.4746,9.418457,3.7899475,10.1523905
151,441.94043,297.38998,447.60925,302.84564,5.6688232,5.455658,7.86764
151,594.2306,335.46103,600.9803,334.8485,6.749695,-0.6125183,6.77743
152,547.196,321.7397,555.27277,324.03384,8.076782,2.294159,8.396284
152,555.6408,339.73166,563.8937,341.51178,8.252869,1.7801208,8.44267
152,579.0075,350.7483,587.12,351.48047,8.112488,0.73217773,8.145462
152,479.24304,252.36205,484.77045,256.7751,5.527405,4.41304,7.072986
152,450.7832,354.87814,460.44995,359.83817,9.666748,4.960022,10.864982
152,481.2897,404.94308,491.90198,409.2913,10.612274,4.3482056,11.4685335
152,445.67053,315.17383,454.01224,321.17978,8.341705,6.005951,10.278886
152,501.5363,422.63766,513.1898,426.36588,11.653534,3.7282104,12.235375
152,536.4606,223.13667,540.65753,225.59024,4.1969604,2.4535675,4.86153
152,462.63458,279.51727,468.9523,284.78287,6.3177185,5.2655945,8.224358
152,637.1004,261.63974,643.74695,261.32526,6.6465454,-0.31448364,6.653981
152,472.68005,317.3084,480.12808,322.25604,7.4480286,4.947632,8.941599
152,614.3921,239.81511,619.44135,239.6189,5.0492554,-0.19621277,5.0530663
152,523.34766,426.5023,533.6676,429.2734,10.319946,2.7711182,10.685522
152,516.5708,304.64603,524.23083,307.95438,7.660034,3.3083496,8.343938
152,558.5619,392.43942,568.87177,394.0818,10.3098755,1.6423645,10.439871
152,461.53848,334.325,470.34756,339.36588,8.809082,5.040863,10.149396
152,508.31744,231.30266,513.2263,234.58359,4.9088745,3.2809296,5.904367
152,455.53763,293.20425,462.92587,298.4314,7.3882446,5.2271423,9.050369
152,508.37476,271.80594,514.9286,275.76205,6.553833,3.9561157,7.6552978
152,501.87012,326.8387,509.77472,330.56366,7.904602,3.724945,8.738303
152,443.78235,366.87305,453.77924,373.8101,9.996887,6.937042,12.168003
152,492.2984,289.7978,499.9994,293.72745,7.700989,3.929657,8.64566
152,534.1633,289.57986,541.00385,293.09467,6.840515,3.514801,7.690675
152,481.99237,353.4847,490.35208,357.86734,8.359711,4.3826294,9.438867
152,551.16754,263.82727,557.14526,265.94177,5.977722,2.114502,6.3406844
152,598.7912,287.4694,605.3558,287.01166,6.564575,-0.45773315,6.580514
152,576.0671,318.4385,582.74304,319.6609,6.6759644,1.2223816,6.786952
152,582.63293,357.65637,591.04425,358.36026,8.411316,0.70388794,8.440717
152,467.66364,375.26614,476.91522,380.17715,9.251587,4.9110107,10.474249
152,724.8647,527.3738,737.96747,530.6753,13.102783,3.3015137,13.512324
152,435.40982,291.61655,442.5495,297.32172,7.139679,5.7051697,9.139145
152,584.3,248.39635,588.801,247.84015,4.5010376,-0.5561981,4.5352726
152,568.5992,281.71442,574.3265,282.93338,5.727295,1.2189636,5.855577
152,531.0483,381.6252,540.89655,384.12384,9.848267,2.4986267,10.16029
152,573.40717,372.0801,583.3269,372.88162,9.919739,0.8015137,9.952067
152,492.83417,389.4746,502.94852,393.35602,10.114349,3.8814087,10.833531
152,447.60925,302.84564,454.8054,308.52625,7.1961365,5.680603,9.1680765
152,600.9803,334.8485,608.58575,335.21292,7.6054688,0.3644104,7.614194
153,555.27277,324.03384,564.2599,327.18228,8.987122,3.1484375,9.522658
153,563.8937,341.51178,572.9641,344.34042,9.070435,2.8286438,9.501264
153,587.12,351.48047,595.4965,353.4746,8.376526,1.9941406,8.61062
153,484.77045,256.7751,491.76605,261.63855,6.9956055,4.8634644,8.5200815
153,460.44995,359.83817,470.85443,365.72864,10.40448,5.8904724,11.956206
153,491.90198,409.2913,503.10696,413.98215,11.204987,4.690857,12.147258
153,454.01224,321.17978,462.8681,327.0264,8.8558655,5.8466187,10.6117525
153,513.1898,426.36588,523.91626,429.93643,10.72644,3.5705566,11.305105
153,540.65753,225.59024,547.205,228.88368,6.5474854,3.2934418,7.329142
153,468.9523,284.78287,476.78903,290.23392,7.836731,5.45105,9.546114
153,643.74695,261.32526,651.69904,262.35168,7.9520874,1.0264282,8.018058
153,480.12808,322.25604,488.67944,327.22488,8.551361,4.9688416,9.890155
153,619.44135,239.6189,625.7143,240.8653,6.272949,1.2463989,6.3955765
153,533.6676,429.2734,545.0194,432.70847,11.351807,3.4350586,11.860148
153,524.23083,307.95438,533.1754,311.55783,8.94458,3.6034546,9.643153
153,568.87177,394.0818,579.4629,396.7647,10.5911255,2.6829224,10.925658
153,470.34756,339.36588,479.55,345.05057,9.202423,5.6846924,10.8166685
153,513.2263,234.58359,522.29333,237.13959,9.067017,2.5559998,9.4204
153,462.92587,298.4314,472.00488,303.92374,9.07901,5.49234,10.611043
153,514.9286,275.76205,522.8771,280.54953,7.9484863,4.7874756,9.27892
153,509.77472,330.56366,519.0952,334.92273,9.320496,4.35907,10.289467
153,453.77924,373.8101,464.8794,381.76605,11.100159,7.955963,13.6568985
153,499.9994,293.72745,507.98492,298.29678,7.9855347,4.569336,9.200413
153,541.00385,293.09467,549.8205,298.07397,8.81665,4.979309,10.125554
153,490.35208,357.86734,499.9874,362.27396,9.635315,4.406616,10.595167
153,557.14526,265.94177,565.6052,269.0167,8.459961,3.0749207,9.001449
153,605.3558,287.01166,613.33655,288.13385,7.980774,1.1221924,8.059285
153,582.74304,319.6609,590.9201,322.4819,8.177063,2.8210144,8.649999
153,591.04425,358.36026,599.5219,360.4501,8.477661,2.0898438,8.731448
153,476.91522,380.17715,487.1217,384.94492,10.206482,4.767761,11.26516
153,737.96747,530.6753,751.31445,536.8403,13.346985,6.164978,14.702005
153,442.5495,297.32172,450.55066,303.28232,8.00116,5.960602,9.977341
153,588.801,247.84015,595.39166,248.43727,6.590637,0.5971222,6.6176324
153,574.3265,282.93338,580.9515,286.15552,6.625,3.2221375,7.3670073
153,540.89655,384.12384,550.4006,387.37265,9.504028,3.2488098,10.043969
153,583.3269,372.88162,593.3738,374.90707,10.046875,2.0254517,10.249007
153,502.94852,393.35602,513.8117,397.67593,10.86319,4.319916,11.6906185
153,454.8054,308.52625,463.19666,313.94043,8.391266,5.4141846,9.986327
153,608.58575,335.21292,616.86774,337.32733,8.281982,2.1144104,8.547629
154,564.2599,327.18228,574.05286,331.31372,9.792969,4.131439,10.628783
154,572.9641,344.34042,582.57825,347.88995,9.614136,3.54953,10.248451
154,595.4965,353.4746,605.0634,356.7857,9.566895,3.3110962,10.123676
154,491.76605,261.63855,500.7311,266.93808,8.965057,5.29953,10.414282
154,470.85443,365.72864,480.89566,370.922,10.041229,5.1933594,11.304746
154,503.10696,413.98215,514.1931,419.04413,11.086151,5.061981,12.18714
154,462.8681,327.0264,472.90536,333.3681,10.037262,6.3417053,11.87282
154,523.91626,429.93643,534.7285,434.33127,10.812256,4.3948364,11.671309
154,547.205,228.88368,554.3574,233.15152,7.152405,4.2678375,8.328945
154,476.78903,290.23392,485.7494,295.98312,8.960358,5.7492065,10.646191
154,651.69904,262.35168,661.11633,265.1681,9.417297,2.8164062,9.829427
154,488.67944,327.22488,498.12405,332.44965,9.444611,5.224762,10.793462
154,625.7143,240.8653,633.8543,243.80795,8.140015,2.9426575,8.6555805
154,545.0194,432.70847,555.7332,437.05103,10.713806,4.34256,11.560427
154,533.1754,311.55783,542.21857,316.24332,9.043152,4.685486,10.184909
154,579.4629,396.7647,589.9808,399.94196,10.517883,3.177246,10.9873
154,479.55,345.05057,489.6556,349.8827,10.105621,4.832123,11.201472
154,522.29333,237.13959,532.7474,240.00615,10.454041,2.866562,10.839932
154,472.00488,303.92374,482.00104,309.84384,9.996155,5.920105,11.617691
154,522.8771,280.54953,532.8596,285.676,9.982544,5.126465,11.221935
154,519.0952,334.92273,528.761,339.43762,9.6657715,4.5148926,10.668242
154,464.8794,381.76605,474.94644,387.82297,10.067047,6.0569153,11.748688
154,507.98492,298.29678,517.75183,303.08722,9.766907,4.790436,10.878453
154,549.8205,298.07397,559.5312,303.4624,9.710693,5.3884277,11.105527
154,499.9874,362.27396,509.45825,366.83618,9.470856,4.5622253,10.512422
154,565.6052,269.0167,574.9305,273.24313,9.325256,4.2264404,10.23832
154,613.33655,288.13385,621.9899,290.65076,8.653381,2.5169067,9.011983
154,590.9201,322.4819,599.3113,326.3485,8.391174,3.8666077,9.239181
154,599.5219,360.4501,609.1698,363.76675,9.647888,3.3166504,10.202055
154,487.1217,384.94492,496.9805,389.97525,9.858795,5.0303345,11.067977
154,751.31445,536.8403,765.25916,544.1741,13.944702,7.3338013,15.755613
154,450.55066,303.28232,459.59686,308.99008,9.046204,5.7077637,10.696372
154,595.39166,248.43727,602.2519,250.12595,6.8602295,1.6886749,7.0650105
154,580.9515,286.15552,588.66614,290.4217,7.7146606,4.2661743,8.815681
154,550.4006,387.37265,560.56976,391.28217,10.169189,3.9095154,10.894803
154,593.3738,374.90707,603.53485,377.91385,10.161072,3.006775,10.596607
154,513.8117,397.67593,524.3123,402.33105,10.50061,4.655121,11.486208
154,463.19666,313.94043,472.5274,319.89053,9.3307495,5.9501038,11.066464
154,616.86774,337.32733,626.2638,340.9197,9.396057,3.5923767,10.059377
155,574.05286,331.31372,584.18695,336.0371,10.134094,4.7233887,11.1807995
155,582.57825,347.88995,592.49634,352.42776,9.918091,4.5378113,10.90689
155,605.0634,356.7857,614.58514,360.74744,9.5217285,3.961731,10.313032
155,500.7311,266.93808,510.2555,272.3072,9.524384,5.36911,10.933491
155,480.89566,370.922,491.33603,376.23798,10.440369,5.315979,11.71584
155,514.1931,419.04413,525.08295,424.2003,10.889832,5.1561584,12.048834
155,472.90536,333.3681,483.12253,339.30652,10.217163,5.9384155,11.81758
155,534.7285,434.33127,545.4166,439.01425,10.68811,4.6829834,11.66902
155,554.3574,233.15152,563.25397,237.89598,8.896545,4.744461,10.082581
155,485.7494,295.98312,495.38434,301.44318,9.634949,5.4600525,11.074493
155,661.11633,265.1681,671.19244,269.82797,10.076111,4.6598816,11.101464
155,498.12405,332.44965,507.97504,337.8496,9.850983,5.3999634,11.233943
155,633.8543,243.80795,643.5324,248.24646,9.678101,4.438507,10.6473465
155,555.7332,437.05103,566.1802,441.471,10.44696,4.419983,11.343511
155,542.21857,316.24332,552.60675,320.97763,10.388184,4.734314,11.416133
155,589.9808,399.94196,600.4157,403.93967,10.434937,3.9977112,11.174506
155,489.6556,349.8827,500.04077,355.50497,10.385162,5.622284,11.809389
155,532.7474,240.00615,544.125,243.76837,11.3776245,3.7622223,11.983516
155,482.00104,309.84384,492.2608,314.90854,10.259766,5.0646973,11.441764
155,532.8596,285.676,543.39404,291.45523,10.534424,5.779236,12.015559
155,528.761,339.43762,538.83594,344.54544,10.074951,5.1078186,11.295772
155,474.94644,387.82297,485.83752,394.43704,10.891083,6.6140747,12.742122
155,517.75183,303.08722,527.6386,307.8683,9.88678,4.781067,10.982122
155,559.5312,303.4624,569.6796,309.22626,10.1484375,5.763855,11.671024
155,509.45825,366.83618,518.97375,372.19373,9.515503,5.357544,10.920076
155,574.9305,273.24313,585.464,278.32413,10.533508,5.0809937,11.694925
155,621.9899,290.65076,631.9061,294.3496,9.916199,3.6988525,10.583596
155,599.3113,326.3485,608.72253,331.01337,9.411255,4.664856,10.503932
155,609.1698,363.76675,618.7834,367.84137,9.613586,4.0746155,10.441434
155,496.9805,389.97525,507.17166,394.9368,10.191162,4.961548,11.334759
155,765.25916,544.1741,806.05133,605.4299,40.792175,61.2558,73.595345
155,459.59686,308.99008,469.4204,315.20367,9.823547,6.2135925,11.623717
155,602.2519,250.12595,611.0286,253.12303,8.776733,2.9970856,9.27435
155,588.66614,290.4217,597.1929,295.5207,8.526733,5.098999,9.935038
155,560.56976,391.28217,570.81903,395.9784,10.249268,4.696228,11.273954
155,603.53485,377.91385,613.7499,382.0781,10.215027,4.1642456,11.031216
155,524.3123,402.33105,534.45026,407.27615,10.137939,4.945099,11.279708
155,472.5274,319.89053,482.49695,325.54984,9.969543,5.6593018,11.463834
155,626.2638,340.9197,635.6099,345.57404,9.34613,4.6543274,10.440925
156,584.18695,336.0371,594.14014,341.1338,9.953186,5.0966797,11.18222
156,592.49634,352.42776,602.37915,357.3744,9.8828125,4.9466248,11.051655
156,614.58514,360.74744,623.79486,365.30267,9.209717,4.555237,10.274681
156,510.2555,272.3072,520.0781,277.67566,9.822632,5.368469,11.193952
156,491.33603,376.23798,501.71524,381.47302,10.379211,5.2350464,11.624704
156,525.08295,424.2003,535.0251,428.893,9.942139,4.6927185,10.993986
156,483.12253,339.30652,493.94946,344.68677,10.826935,5.380249,12.090062
156,545.4166,439.01425,554.699,443.57294,9.282349,4.5586853,10.341354
156,563.25397,237.89598,572.7772,243.06439,9.523254,5.1684113,10.835352
156,495.38434,301.44318,505.18195,307.31302,9.797607,5.8698425,11.421391
156,671.19244,269.82797,681.15106,274.76575,9.958618,4.9377747,11.115561
156,507.97504,337.8496,517.6857,343.30554,9.710693,5.4559326,11.138436
156,643.5324,248.24646,653.1063,253.13452,9.573914,4.8880615,10.749557
156,566.1802,441.471,576.0283,446.15283,9.848145,4.6818237,10.904376
156,552.60675,320.97763,562.3475,326.00778,9.740723,5.0301514,10.962851
156,600.4157,403.93967,609.67395,408.2153,9.25824,4.275635,10.197845
156,500.04077,355.50497,510.04333,359.88647,10.002563,4.3815002,10.920111
156,544.125,243.76837,554.2638,248.19499,10.138794,4.4266205,11.063006
156,492.2608,314.90854,503.3756,320.48065,11.114807,5.572113,12.433317
156,543.39404,291.45523,554.7057,297.4866,11.3116455,6.031372,12.819157
156,538.83594,344.54544,549.1343,349.73047,10.29834,5.185028,11.529975
156,485.83752,394.43704,496.33337,400.75342,10.49585,6.3163757,12.249876
156,527.6386,307.8683,537.73987,312.68896,10.101257,4.8206787,11.192602
156,569.6796,309.22626,579.34247,315.47293,9.662842,6.2466736,11.506148
156,518.97375,372.19373,528.18317,376.72287,9.209412,4.5291443,10.262865
156,585.464,278.32413,596.4336,283.25974,10.9696045,4.935608,12.028817
156,631.9061,294.3496,641.7356,299.33795,9.829468,4.9883423,11.022795
156,608.72253,331.01337,618.3301,336.11288,9.607544,5.099518,10.877039
156,618.7834,367.84137,627.9864,372.56335,9.203003,4.721985,10.343714
156,507.17166,394.9368,516.76135,399.74124,9.589691,4.8044434,10.725896
156,469.4204,315.20367,479.18414,320.8654,9.763733,5.6617126,11.286517
156,611.0286,253.12303,620.0807,256.52112,9.052063,3.3980865,9.668859
156,597.1929,295.5207,606.0596,300.66058,8.866699,5.1398926,10.248749
156,570.81903,395.9784,580.535,400.83447,9.715942,4.856079,10.861908
156,613.7499,382.0781,623.2792,386.51385,9.529297,4.4357605,10.511111
156,534.45026,407.27615,544.0037,412.1822,9.553467,4.9060364,10.73955
156,482.49695,325.54984,492.4748,330.85825,9.977844,5.3084106,11.302061
156,635.6099,345.57404,645.0043,350.7955,9.394348,5.221466,10.747906
157,594.14014,341.1338,602.94196,341.96384,8.801819,0.8300476,8.840871
157,602.37915,357.3744,610.4687,358.06,8.089539,0.6856079,8.11854
157,623.79486,365.30267,631.70496,366.2263,7.910095,0.9236145,7.9638352
157,520.0781,277.67566,529.4683,277.1695,9.390198,-0.50616455,9.40383
157,501.71524,381.47302,509.75565,381.09332,8.040405,-0.3796997,8.049366
157,535.0251,428.893,541.6827,429.25204,6.657593,0.3590393,6.667267
157,493.94946,344.68677,502.45007,344.74252,8.50061,0.055755615,8.5007925
157,554.699,443.57294,561.50665,444.12393,6.807678,0.5509949,6.82994
157,572.7772,243.06439,581.83966,243.49426,9.062439,0.4298706,9.072629
157,505.18195,307.31302,514.0691,307.4895,8.887146,0.17648315,8.888898
157,681.15106,274.76575,690.8955,276.32712,9.744446,1.5613708,9.868744
157,517.6857,343.30554,525.9669,343.2558,8.281189,-0.049743652,8.281339
157,653.1063,253.13452,663.0121,254.27017,9.905762,1.1356506,9.970648
157,576.0283,446.15283,582.5594,446.97662,6.531067,0.8237915,6.582816
157,562.3475,326.00778,571.3462,326.35956,8.998718,0.35177612,9.005591
157,609.67395,408.2153,617.1733,409.09998,7.4993286,0.8846741,7.5513296
157,510.04333,359.88647,518.22675,359.56525,8.183411,-0.32122803,8.189713
157,554.2638,248.19499,561.73706,248.59618,7.4732666,0.40118408,7.484027
157,503.3756,320.48065,512.7195,319.92773,9.343872,-0.5529175,9.360217
157,554.7057,297.4866,564.593,298.1855,9.887329,0.69888306,9.911999
157,549.1343,349.73047,557.5586,349.54764,8.424316,-0.18283081,8.4263
157,496.33337,400.75342,504.2385,402.01044,7.905121,1.257019,8.004438
157,537.73987,312.68896,547.5001,312.48383,9.760254,-0.20513916,9.762409
157,579.34247,315.47293,588.6509,317.0554,9.308411,1.5824585,9.441964
157,528.18317,376.72287,535.4067,376.70117,7.2235107,-0.021697998,7.223543
157,596.4336,283.25974,606.6755,283.41083,10.241882,0.15109253,10.242997
157,641.7356,299.33795,650.86487,300.18506,9.129272,0.84710693,9.168489
157,618.3301,336.11288,626.14325,337.92157,7.8131714,1.8086853,8.019787
157,627.9864,372.56335,635.84863,373.50015,7.8622437,0.9367981,7.9178576
157,516.76135,399.74124,524.0035,399.7757,7.2421265,0.034454346,7.2422085
157,479.18414,320.8654,487.7258,321.93906,8.5416565,1.0736694,8.6088705
157,620.0807,256.52112,630.2563,256.33167,10.175598,-0.18945312,10.1773615
157,606.0596,300.66058,613.8697,301.75858,7.8101196,1.097992,7.886923
157,580.535,400.83447,587.54126,402.04874,7.0062866,1.2142639,7.1107306
157,623.2792,386.51385,631.4308,387.4087,8.151611,0.8948364,8.20058
157,544.0037,412.1822,551.51776,412.58533,7.514038,0.4031372,7.524845
157,492.4748,330.85825,501.24432,330.91556,8.769531,0.05731201,8.769719
157,645.0043,350.7955,653.2681,352.53918,8.263855,1.7436829,8.445811
158,602.94196,341.96384,610.8072,341.9914,7.8652344,0.027557373,7.8652825
158,610.4687,358.06,617.91473,357.96732,7.446045,-0.092681885,7.446622
158,631.70496,366.2263,638.6316,366.09085,6.9266357,-0.13543701,6.92796
158,529.4683,277.1695,537.841,276.29788,8.372681,-0.87161255,8.417927
158,509.75565,381.09332,516.86395,379.86624,7.108307,-1.2270813,7.213443
158,541.6827,429.25204,548.1592,428.77182,6.4765015,-0.4802246,6.4942813
158,502.45007,344.74252,510.45718,343.78287,8.007111,-0.95965576,8.064413
158,561.50665,444.12393,567.0981,443.43985,5.5914307,-0.68408203,5.633122
158,581.83966,243.49426,590.4247,243.18982,8.585022,-0.30444336,8.590419
158,514.0691,307.4895,521.8871,307.1896,7.817993,-0.29989624,7.8237433
158,690.8955,276.32712,699.9838,277.3033,9.088318,0.9761963,9.1405945
158,525.9669,343.2558,533.3501,342.50067,7.3831787,-0.75512695,7.4216943
158,663.0121,254.27017,671.6269,254.63013,8.614807,0.35995483,8.622324
158,582.5594,446.97662,589.03,446.75082,6.470642,-0.22579956,6.474581
158,571.3462,326.35956,579.51025,326.00198,8.1640625,-0.35757446,8.171889
158,617.1733,409.09998,623.6418,408.92282,6.468506,-0.17715454,6.470931
158,518.22675,359.56525,525.7342,358.21472,7.5074463,-1.3505249,7.627953
158,561.73706,248.59618,570.5046,248.02367,8.767517,-0.57250977,8.786189
158,512.7195,319.92773,522.4053,319.33017,9.685791,-0.5975647,9.704206
158,564.593,298.1855,573.28735,298.87543,8.694336,0.6899414,8.721668
158,557.5586,349.54764,565.2311,348.70255,7.6724854,-0.8450928,7.718887
158,504.2385,402.01044,512.5632,402.72922,8.3246765,0.7187805,8.35565
158,547.5001,312.48383,555.9442,311.62393,8.444092,-0.8598938,8.487762
158,588.6509,317.0554,597.4509,318.09177,8.800049,1.036377,8.860866
158,535.4067,376.70117,541.9071,376.31366,6.5004272,-0.3875122,6.5119677
158,606.6755,283.41083,616.0799,283.1805,9.404419,-0.23031616,9.407239
158,650.86487,300.18506,659.29486,300.3883,8.429993,0.20324707,8.432443
158,626.14325,337.92157,633.17755,338.4963,7.0343018,0.57473755,7.057742
158,635.84863,373.50015,642.6519,373.54626,6.8032837,0.04611206,6.8034396
158,524.0035,399.7757,530.3154,399.22748,6.3119507,-0.5482178,6.3357134
158,487.7258,321.93906,495.22693,321.60947,7.501129,-0.32958984,7.5083666
158,630.2563,256.33167,640.0022,255.37755,9.745911,-0.9541168,9.792502
158,613.8697,301.75858,621.52795,302.3393,7.658264,0.580719,7.68025
158,587.54126,402.04874,594.3506,401.67096,6.809326,-0.3777771,6.8197975
158,631.4308,387.4087,638.3886,387.30423,6.9578247,-0.10446167,6.958609
158,551.51776,412.58533,558.21985,412.02426,6.7020874,-0.5610657,6.7255316
158,501.24432,330.91556,509.20468,330.1278,7.9603577,-0.78775024,7.9992404
158,653.2681,352.53918,660.0674,353.6186,6.7992554,1.0794067,6.8844023
159,610.8072,341.9914,618.56854,343.17752,7.7613525,1.1861267,7.8514643
159,617.91473,357.96732,625.2747,359.04395,7.3599854,1.0766296,7.438314
159,638.6316,366.09085,645.71674,367.38092,7.085144,1.2900696,7.201635
159,537.841,276.29788,546.00134,276.83823,8.160339,0.54034424,8.178209
159,516.86395,379.86624,524.03436,380.6649,7.17041,0.798645,7.21475
159,548.1592,428.77182,554.8391,429.57587,6.6799316,0.80404663,6.7281485
159,510.45718,343.78287,518.4826,345.04935,8.025421,1.2664795,8.124738
159,567.0981,443.43985,573.6443,444.284,6.5462036,0.8441467,6.6004066
159,590.4247,243.18982,598.50726,244.25333,8.082581,1.0635071,8.152248
159,521.8871,307.1896,529.06256,308.4363,7.175476,1.2467041,7.282975
159,699.9838,277.3033,708.7109,279.22513,8.727051,1.921814,8.936151
159,533.3501,342.50067,540.6863,343.46414,7.3361816,0.96347046,7.399178
159,671.6269,254.63013,680.1188,256.2333,8.491882,1.6031799,8.64189
159,589.03,446.75082,594.9267,447.79388,5.8966675,1.0430603,5.98821
159,579.51025,326.00198,587.259,327.04364,7.7487183,1.0416565,7.8184195
159,623.6418,408.92282,630.4084,409.67938,6.7666016,0.7565613,6.808765
159,525.7342,358.21472,533.3693,358.69113,7.635132,0.4764099,7.6499805
159,570.5046,248.02367,579.111,248.6176,8.606445,0.5939331,8.626915
159,522.4053,319.33017,530.53864,320.02472,8.133362,0.69454956,8.162964
159,573.28735,298.87543,581.81323,300.3324,8.525879,1.4569702,8.649472
159,565.2311,348.70255,572.64276,349.4236,7.411682,0.72106934,7.4466753
159,512.5632,402.72922,522.6726,407.9851,10.109436,5.25589,11.39408
159,555.9442,311.62393,564.0573,312.47507,8.113098,0.85113525,8.157622
159,597.4509,318.09177,604.818,319.97067,7.3670654,1.8789062,7.6028905
159,541.9071,376.31366,548.3277,376.77808,6.4205933,0.4644165,6.4373674
159,616.0799,283.1805,624.95245,283.8801,8.872559,0.69958496,8.900096
159,659.29486,300.3883,667.2659,301.63562,7.9710693,1.2473145,8.0680685
159,633.17755,338.4963,640.24646,340.26517,7.0689087,1.7688599,7.2868605
159,642.6519,373.54626,649.73175,374.7922,7.079834,1.2459412,7.188631
159,530.3154,399.22748,536.71606,399.99066,6.400635,0.7631836,6.4459734
159,495.22693,321.60947,503.10614,322.92087,7.8792114,1.3114014,7.9875994
159,640.0022,255.37755,648.1685,255.98177,8.166321,0.6042175,8.188643
159,621.52795,302.3393,628.36566,303.6165,6.8377075,1.2771912,6.955966
159,594.3506,401.67096,601.3141,402.78156,6.963501,1.1105957,7.051508
159,638.3886,387.30423,645.6194,388.1674,7.230774,0.8631592,7.2821107
159,558.21985,412.02426,564.97217,412.85703,6.7523193,0.8327637,6.803478
159,509.20468,330.1278,516.97314,331.03513,7.768463,0.9073181,7.8212686
159,660.0674,353.6186,667.4759,355.373,7.4085083,1.7543945,7.6134024
160,618.56854,343.17752,625.7623,343.4169,7.1937866,0.23937988,7.197768
160,625.2747,359.04395,632.2515,359.3141,6.9768066,0.2701416,6.9820347
160,645.71674,367.38092,652.344,367.5665,6.6272583,0.1855774,6.629856
160,546.00134,276.83823,553.26404,276.48984,7.2626953,-0.34838867,7.2710466
160,524.03436,380.6649,530.8633,380.1066,6.8289185,-0.5582886,6.8517017
160,554.8391,429.57587,561.17175,429.69302,6.3326416,0.11715698,6.333725
160,518.4826,345.04935,525.6046,344.12064,7.1220093,-0.92871094,7.182306
160,573.6443,444.284,579.8119,444.31265,6.1676025,0.028656006,6.1676693
160,598.50726,244.25333,606.0123,244.3467,7.505066,0.09336853,7.5056467
160,529.06256,308.4363,536.26886,308.5266,7.206299,0.09030151,7.206865
160,708.7109,279.22513,717.1094,280.74283,8.398499,1.5177002,8.534529
160,540.6863,343.46414,547.28925,343.43503,6.6029663,-0.02911377,6.60303
160,680.1188,256.2333,687.91516,256.76508,7.7963867,0.5317688,7.814501
160,594.9267,447.79388,600.581,448.02823,5.654297,0.23434448,5.659151
160,587.259,327.04364,594.7973,327.2029,7.53833,0.15927124,7.5400124
160,630.4084,409.67938,636.6894,410.1745,6.281006,0.4951172,6.30049
160,533.3693,358.69113,540.2375,358.17557,6.868164,-0.51556396,6.8874874
160,579.111,248.6176,587.15643,248.35239,8.04541,-0.265213,8.04978
160,530.53864,320.02472,538.8825,319.90924,8.343872,-0.115478516,8.344671
160,581.81323,300.3324,588.85834,301.2901,7.045105,0.95770264,7.1099014
160,572.64276,349.4236,579.89905,348.96738,7.2562866,-0.4562378,7.270615
160,522.6726,407.9851,531.4514,415.1671,8.778809,7.182007,11.342341
160,564.0573,312.47507,571.903,312.09225,7.845703,-0.3828125,7.8550367
160,604.818,319.97067,612.4179,321.02133,7.5999146,1.0506592,7.672196
160,548.3277,376.77808,554.1209,376.7212,5.793213,-0.056884766,5.7934923
160,624.95245,283.8801,633.5518,283.4045,8.599365,-0.47558594,8.612506
160,667.2659,301.63562,675.02844,302.16266,7.762512,0.5270386,7.7803836
160,640.24646,340.26517,647.0629,341.0974,6.8164673,0.8322449,6.867085
160,649.73175,374.7922,656.15826,375.11942,6.4265137,0.32720947,6.4348383
160,536.71606,399.99066,542.6775,399.82123,5.961426,-0.1694336,5.9638333
160,503.10614,322.92087,510.02856,323.56674,6.9224243,0.645874,6.95249
160,648.1685,255.98177,656.2413,255.74626,8.072754,-0.23550415,8.076189
160,628.36566,303.6165,635.097,303.83197,6.7313232,0.21548462,6.7347713
160,601.3141,402.78156,607.53314,402.9456,6.219055,0.16403198,6.221218
160,645.6194,388.1674,651.97424,387.90854,6.3548584,-0.2588501,6.360128
160,564.97217,412.85703,571.0265,413.07208,6.0543213,0.21505737,6.05814
160,516.97314,331.03513,524.0924,330.96747,7.1192627,-0.06765747,7.119584
160,667.4759,355.373,673.87994,356.22906,6.4040527,0.8560791,6.4610186
161,625.7623,343.4169,632.4581,343.7794,6.695801,0.3624878,6.7056055
161,632.2515,359.3141,638.74426,359.67593,6.492737,0.36184692,6.502812
161,652.344,367.5665,659.0314,368.10883,6.687378,0.5423279,6.7093325
161,553.26404,276.48984,560.2238,276.6529,6.959778,0.16305542,6.9616876
161,530.8633,380.1066,537.3851,380.12265,6.5217896,0.016052246,6.521809
161,561.17175,429.69302,567.17377,429.4924,6.002014,-0.20062256,6.0053663
161,525.6046,344.12064,532.05035,344.15604,6.4457397,0.03540039,6.445837
161,579.8119,444.31265,585.8633,444.45856,6.0513916,0.14590454,6.05315
161,606.0123,244.3467,612.6949,244.71217,6.682556,0.36547852,6.692543
161,536.26886,308.5266,542.9594,308.8086,6.6905518,0.28198242,6.6964912
161,717.1094,280.74283,724.0135,281.49258,6.904114,0.74975586,6.9447045
161,547.28925,343.43503,553.69,343.67715,6.400757,0.24212646,6.4053345
161,687.91516,256.76508,695.24414,257.4014,7.3289795,0.636322,7.356551
161,600.581,448.02823,606.5274,447.99725,5.946411,-0.030975342,5.946492
161,594.7973,327.2029,601.5069,327.29138,6.7095947,0.08847046,6.710178
161,636.6894,410.1745,643.0336,410.42017,6.3442383,0.2456665,6.348993
161,540.2375,358.17557,546.79364,358.18875,6.5561523,0.013183594,6.5561657
161,587.15643,248.35239,594.69214,248.32721,7.5357056,-0.025177002,7.5357475
161,538.8825,319.90924,545.9184,319.95767,7.0358887,0.048431396,7.0360556
161,588.85834,301.2901,596.0461,302.06424,7.187744,0.7741394,7.2293124
161,579.89905,348.96738,586.4151,349.5248,6.5160522,0.5574341,6.5398526
161,531.4514,415.1671,536.34,412.0919,4.888611,-3.0752258,5.7754245
161,571.903,312.09225,579.01526,312.2933,7.1122437,0.2010498,7.1150846
161,612.4179,321.02133,618.8891,321.93164,6.4711914,0.91030884,6.534905
161,554.1209,376.7212,560.717,376.69135,6.5960693,-0.029846191,6.596137
161,633.5518,283.4045,641.0693,283.4637,7.517456,0.0592041,7.517689
161,675.02844,302.16266,681.63727,302.2999,6.6088257,0.13723755,6.6102505
161,647.0629,341.0974,653.86017,341.5809,6.797241,0.48349,6.814415
161,656.15826,375.11942,662.93396,375.65826,6.775696,0.5388489,6.7970886
161,542.6775,399.82123,548.94586,399.81772,6.2683716,-0.0035095215,6.2683725
161,510.02856,323.56674,517.01306,323.39075,6.984497,-0.17599487,6.9867144
161,656.2413,255.74626,663.76514,256.0925,7.5238647,0.34623718,7.531827
161,635.097,303.83197,641.0938,304.32227,5.996826,0.4902954,6.016836
161,607.53314,402.9456,613.91254,403.15848,6.3793945,0.21289062,6.3829455
161,651.97424,387.90854,658.3434,388.45245,6.3691406,0.5439148,6.3923235
161,571.0265,413.07208,577.40015,413.21167,6.373657,0.1395874,6.3751855
161,524.0924,330.96747,530.97107,331.24783,6.878662,0.280365,6.8843737
161,673.87994,356.22906,680.1461,356.93677,6.2661743,0.70770264,6.3060117
162,632.4581,343.7794,638.94855,343.98532,6.4904175,0.20593262,6.493684
162,638.74426,359.67593,645.00977,359.76947,6.265503,0.09353638,6.266201
162,659.0314,368.10883,665.1215,368.21387,6.090149,0.105041504,6.0910544
162,560.2238,276.6529,566.5841,276.5639,6.3602905,-0.08898926,6.3609133
162,537.3851,380.12265,543.4947,380.06918,6.109619,-0.053466797,6.109853
162,567.17377,429.4924,572.93536,429.70102,5.7615967,0.20861816,5.7653723
162,532.05035,344.15604,538.56195,344.49487,6.5115967,0.33883667,6.5204067
162,585.8633,444.45856,591.7311,444.69073,5.867798,0.23217773,5.8723893
162,612.6949,244.71217,618.87445,244.91777,6.1795654,0.20559692,6.182985
162,542.9594,308.8086,548.89594,309.26318,5.9365234,0.45458984,5.953903
162,724.0135,281.49258,730.65906,281.61655,6.645569,0.1239624,6.6467247
162,553.69,343.67715,559.6757,343.94977,5.985718,0.27261353,5.9919224
162,695.24414,257.4014,701.76685,257.53296,6.522705,0.13156128,6.5240316
162,606.5274,447.99725,612.1518,448.17395,5.6243896,0.17669678,5.6271644
162,601.5069,327.29138,608.21686,327.3714,6.709961,0.08001709,6.710438
162,643.0336,410.42017,648.844,410.41693,5.810364,-0.0032348633,5.8103647
162,546.79364,358.18875,553.2162,358.0979,6.4225464,-0.09085083,6.423189
162,594.69214,248.32721,601.33563,248.33638,6.6434937,0.009170532,6.6435
162,545.9184,319.95767,552.9705,320.6287,7.052124,0.6710205,7.0839763
162,596.0461,302.06424,602.3647,303.058,6.3186035,0.9937744,6.3962755
162,586.4151,349.5248,592.86926,349.32806,6.4541626,-0.19674683,6.4571605
162,536.34,412.0919,542.61316,414.51886,6.2731323,2.4269714,6.7262454
162,579.01526,312.2933,586.5051,312.25754,7.489868,-0.0357666,7.4899535
162,618.8891,321.93164,625.18286,322.74585,6.293762,0.814209,6.34621
162,560.717,376.69135,565.86096,376.85605,5.143982,0.16470337,5.146618
162,641.0693,283.4637,648.39667,283.1506,7.3273926,-0.31311035,7.3340793
162,681.63727,302.2999,688.2418,302.42886,6.604553,0.12896729,6.6058125
162,653.86017,341.5809,659.9619,342.12253,6.1017456,0.541626,6.125737
162,662.93396,375.65826,668.9442,375.7937,6.010254,0.13543701,6.01178
162,548.94586,399.81772,554.1342,399.6832,5.1883545,-0.13452148,5.1900983
162,517.01306,323.39075,523.20294,324.43848,6.1898804,1.0477295,6.277926
162,663.76514,256.0925,671.46313,255.93114,7.697998,-0.1613617,7.6996894
162,641.0938,304.32227,647.1288,304.5168,6.034973,0.19454956,6.0381083
162,613.91254,403.15848,619.71045,403.49423,5.7979126,0.3357544,5.8076262
162,658.3434,388.45245,664.7035,388.33255,6.3601074,-0.119903564,6.3612375
162,577.40015,413.21167,583.28424,413.2733,5.884094,0.06161499,5.884417
162,530.97107,331.24783,537.18756,331.96555,6.2164917,0.7177124,6.2577853
162,680.1461,356.93677,686.40607,357.23907,6.2599487,0.30230713,6.267244
163,638.94855,343.98532,645.03357,344.25684,6.085022,0.2715149,6.0910764
163,645.00977,359.76947,651.01404,359.94843,6.0042725,0.17895508,6.006939
163,665.1215,368.21387,670.9003,368.2411,5.7788086,0.02722168,5.778873
163,566.5841,276.5639,572.5647,276.72925,5.980591,0.16534424,5.9828763
163,543.4947,380.06918,549.68066,380.60687,6.185974,0.5376892,6.209298
163,572.93536,429.70102,579.05597,430.27942,6.1206055,0.57839966,6.1478744
163,538.56195,344.49487,544.7832,344.35098,6.2212524,-0.14389038,6.2229166
163,591.7311,444.69073,597.4451,444.9619,5.7140503,0.2711792,5.720482
163,618.87445,244.91777,624.5557,245.08495,5.6812744,0.1671753,5.6837335
163,548.89594,309.26318,554.3025,309.59543,5.406555,0.33224487,5.4167542
163,730.65906,281.61655,737.06696,281.86484,6.407898,0.24829102,6.412707
163,559.6757,343.94977,565.1769,344.677,5.5011597,0.7272339,5.5490203
163,701.76685,257.53296,707.7868,257.51575,6.0199585,-0.017211914,6.0199833
163,612.1518,448.17395,618.02527,448.64706,5.873474,0.473114,5.892498
163,608.21686,327.3714,614.541,327.67526,6.3241577,0.30386353,6.331454
163,648.844,410.41693,654.79614,410.41852,5.9521484,0.0015869141,5.952149
163,553.2162,358.0979,559.05414,358.0743,5.8379517,-0.023590088,5.8379993
163,601.33563,248.33638,608.0237,248.21045,6.6880493,-0.12593079,6.6892347
163,552.9705,320.6287,559.9091,321.17584,6.9385986,0.54714966,6.9601383
163,602.3647,303.058,607.9708,304.28943,5.60614,1.2314148,5.73979
163,592.86926,349.32806,599.0906,349.2298,6.2213135,-0.0982666,6.2220893
163,542.61316,414.51886,552.4429,420.51456,9.829712,5.995697,11.513975
163,586.5051,312.25754,593.1581,312.57462,6.652954,0.31707764,6.660506
163,625.18286,322.74585,630.72406,323.92502,5.5411987,1.1791687,5.665273
163,565.86096,376.85605,571.3698,377.31155,5.50885,0.45550537,5.52765
163,648.39667,283.1506,655.1164,282.8839,6.7197266,-0.26669312,6.7250166
163,688.2418,302.42886,694.3961,302.31744,6.154297,-0.11141968,6.1553054
163,659.9619,342.12253,665.6182,342.49985,5.656311,0.37731934,5.668882
163,668.9442,375.7937,674.70135,375.8021,5.757141,0.008392334,5.757147
163,554.1342,399.6832,559.59924,400.27957,5.465027,0.5963745,5.4974704
163,523.20294,324.43848,528.95544,326.33145,5.7525024,1.8929749,6.055959
163,671.46313,255.93114,677.64575,255.55544,6.182617,-0.3757019,6.1940217
163,647.1288,304.5168,652.5776,304.5638,5.4487915,0.04699707,5.448994
163,619.71045,403.49423,625.54034,403.85858,5.829895,0.36434937,5.841269
163,664.7035,388.33255,670.602,388.17032,5.8984985,-0.16223145,5.900729
163,583.28424,413.2733,589.2672,413.63757,5.982971,0.36428833,5.994051
163,537.18756,331.96555,543.1122,332.6687,5.9246216,0.7031555,5.966202
163,686.40607,357.23907,691.73773,357.58408,5.331665,0.34500122,5.342816
164,645.03357,344.25684,651.0021,344.59576,5.968506,0.33892822,5.9781213
164,651.01404,359.94843,656.75616,360.15286,5.7421265,0.20443726,5.7457643
164,670.9003,368.2411,676.4694,368.41,5.569092,0.1689148,5.571653
164,572.5647,276.72925,578.09216,277.141,5.527466,0.41174316,5.5427804
164,549.68066,380.60687,555.52985,380.63556,5.849182,0.028686523,5.8492527
164,579.05597,430.27942,585.0641,430.8683,6.0081177,0.5888672,6.0369067
164,544.7832,344.35098,550.8619,345.2544,6.0786743,0.90341187,6.1454406
164,597.4451,444.9619,602.9556,445.31616,5.510498,0.35424805,5.521873
164,624.5557,245.08495,629.77856,245.43808,5.2228394,0.35313416,5.234764
164,554.3025,309.59543,559.30945,310.02524,5.006958,0.42980957,5.025372
164,737.06696,281.86484,743.10376,281.64386,6.036804,-0.22097778,6.0408473
164,565.1769,344.677,570.51965,345.1391,5.3427734,0.46209717,5.3627195
164,707.7868,257.51575,713.5224,257.50363,5.7355957,-0.0121154785,5.735608
164,618.02527,448.64706,624.2313,449.17087,6.2060547,0.5238037,6.228121
164,614.541,327.67526,620.4578,327.9886,5.916809,0.31332397,5.9250994
164,654.79614,410.41852,660.6982,410.64215,5.9020386,0.22363281,5.906274
164,559.05414,358.0743,565.1016,358.5495,6.0474854,0.4751892,6.066126
164,608.0237,248.21045,614.33954,248.22717,6.315857,0.016723633,6.315879
164,559.9091,321.17584,566.2432,321.51138,6.3341064,0.33554077,6.3429875
164,607.9708,304.28943,613.6853,305.41748,5.7144775,1.1280518,5.8247533
164,599.0906,349.2298,604.9727,349.4461,5.882141,0.2163086,5.886117
164,552.4429,420.51456,558.40326,422.2784,5.960388,1.763855,6.2159
164,593.1581,312.57462,599.67596,312.89447,6.5178833,0.31985474,6.525727
164,630.72406,323.92502,636.11896,325.242,5.3948975,1.3169861,5.553321
164,571.3698,377.31155,576.4174,377.87042,5.0476074,0.5588684,5.078452
164,655.1164,282.8839,661.28937,282.70364,6.1729736,-0.18026733,6.1756053
164,694.3961,302.31744,700.1684,302.1281,5.772278,-0.18933105,5.775382
164,665.6182,342.49985,671.0807,342.8432,5.4624634,0.34335327,5.4732437
164,674.70135,375.8021,680.2253,376.0106,5.523926,0.2084961,5.527859
164,559.59924,400.27957,564.6185,400.56863,5.019287,0.2890625,5.0276036
164,528.95544,326.33145,534.5971,327.516,5.6416626,1.1845398,5.764676
164,677.64575,255.55544,683.62396,255.01915,5.9782104,-0.5362854,6.0022163
164,652.5776,304.5638,657.53235,304.7569,4.954773,0.19308472,4.958534
164,625.54034,403.85858,631.1271,404.29092,5.586731,0.43234253,5.603435
164,670.602,388.17032,676.446,388.08148,5.843994,-0.08883667,5.8446693
164,589.2672,413.63757,594.9339,414.39853,5.666687,0.7609558,5.7175517
164,543.1122,332.6687,548.7765,333.58896,5.6643066,0.92025757,5.738575
164,691.73773,357.58408,697.13403,357.67343,5.3963013,0.08935547,5.397041
165,651.0021,344.59576,656.7175,345.01328,5.715454,0.417511,5.7306833
165,656.75616,360.15286,662.42633,360.52405,5.670166,0.3711853,5.6823025
165,676.4694,368.41,681.94867,368.46613,5.479248,0.056121826,5.4795356
165,578.09216,277.141,583.46136,277.52,5.3692017,0.3789978,5.382561
165,555.52985,380.63556,561.35724,381.17267,5.8273926,0.5371094,5.8520927
165,585.0641,430.8683,590.6209,431.42212,5.5568237,0.553833,5.584355
165,550.8619,345.2544,556.50244,345.61075,5.640564,0.35635376,5.651809
165,602.9556,445.31616,608.6561,445.8871,5.7005005,0.57092285,5.729019
165,629.77856,245.43808,635.1341,245.69524,5.35553,0.25715637,5.3617
165,559.30945,310.02524,564.2505,310.7169,4.94104,0.6916504,4.989214
165,743.10376,281.64386,749.2414,282.10297,6.1376343,0.45910645,6.1547813
165,570.51965,345.1391,575.6491,345.87244,5.1294556,0.7333374,5.1816115
165,713.5224,257.50363,719.2785,257.67682,5.7561035,0.17318726,5.7587085
165,624.2313,449.17087,630.2174,449.98624,5.986084,0.81536865,6.04136
165,620.4578,327.9886,626.34875,328.40964,5.89093,0.42105103,5.905958
165,660.6982,410.64215,666.2042,410.6546,5.5060425,0.012451172,5.5060563
165,565.1016,358.5495,570.64825,358.55988,5.546631,0.010375977,5.5466404
165,614.33954,248.22717,620.76245,248.20416,6.4229126,-0.023010254,6.422954
165,566.2432,321.51138,572.4283,322.54056,6.1850586,1.0291748,6.2700996
165,613.6853,305.41748,618.7737,306.71164,5.088379,1.2941589,5.2503757
165,604.9727,349.4461,610.88635,349.9097,5.9136353,0.46359253,5.9317784
165,558.40326,422.2784,566.1121,424.43445,7.7088623,2.1560364,8.004689
165,599.67596,312.89447,605.9543,313.4909,6.2783203,0.59643555,6.306587
165,636.11896,325.242,641.6449,327.60492,5.52594,2.362915,6.00994
165,576.4174,377.87042,581.6028,378.45523,5.185364,0.58480835,5.218237
165,661.28937,282.70364,667.25507,282.62296,5.9656982,-0.08068848,5.9662437
165,700.1684,302.1281,705.9199,302.3108,5.751526,0.18267822,5.7544265
165,671.0807,342.8432,676.3524,343.22626,5.2717285,0.38305664,5.2856274
165,680.2253,376.0106,685.6805,376.09946,5.4552,0.08886719,5.455924
165,564.6185,400.56863,569.57446,401.14407,4.9559326,0.57543945,4.9892282
165,534.5971,327.516,540.0095,329.16824,5.4124146,1.6522522,5.6589904
165,683.62396,255.01915,689.3973,254.78305,5.7733154,-0.23609924,5.7781415
165,657.53235,304.7569,662.6376,304.89496,5.1052246,0.13806152,5.107091
165,631.1271,404.29092,636.53265,404.55728,5.4055786,0.26635742,5.412137
165,676.446,388.08148,682.07947,388.31512,5.633484,0.23364258,5.6383266
165,594.9339,414.39853,600.6048,414.867,5.6708984,0.46847534,5.690216
165,548.7765,333.58896,554.2163,334.51367,5.4398193,0.92471313,5.5178556
165,697.13403,357.67343,702.16,358.05234,5.02594,0.37890625,5.0402026
166,656.7175,345.01328,662.36487,345.46802,5.647339,0.45474243,5.665618
166,662.42633,360.52405,667.912,360.82764,5.4856567,0.30358887,5.494051
166,681.94867,368.46613,687.18945,368.70847,5.2407837,0.24234009,5.2463837
166,583.46136,277.52,588.5554,277.95013,5.094055,0.43014526,5.1121836
166,561.35724,381.17267,567.0994,381.8828,5.7421875,0.71014404,5.785933
166,590.6209,431.42212,596.2143,431.99503,5.593384,0.5729065,5.6226473
166,556.50244,345.61075,562.2236,345.80975,5.7211304,0.19900513,5.7245903
166,608.6561,445.8871,614.03033,446.38403,5.3742065,0.49694824,5.397134
166,635.1341,245.69524,640.1026,246.06273,4.968506,0.36749268,4.982078
166,564.2505,310.7169,569.0086,311.04645,4.7581177,0.32955933,4.7695174
166,749.2414,282.10297,754.94183,282.111,5.7004395,0.008026123,5.700445
166,575.6491,345.87244,580.4236,346.38678,4.774475,0.51434326,4.8020997
166,719.2785,257.67682,724.7451,257.7458,5.466614,0.06896973,5.4670486
166,630.2174,449.98624,635.9095,450.45676,5.6920776,0.47052002,5.7114916
166,626.34875,328.40964,632.23737,328.9811,5.888611,0.57147217,5.916276
166,666.2042,410.6546,671.6034,410.99228,5.39917,0.337677,5.409719
166,570.64825,358.55988,576.1548,358.7065,5.506531,0.14663696,5.508483
166,620.76245,248.20416,626.67944,248.31688,5.916992,0.112716675,5.9180655
166,572.4283,322.54056,578.33405,323.03326,5.9057617,0.4927063,5.926279
166,618.7737,306.71164,623.84485,307.83948,5.071167,1.1278381,5.19507
166,610.88635,349.9097,616.5317,350.14252,5.6453247,0.2328186,5.6501236
166,566.1121,424.43445,571.76764,425.70218,5.6555176,1.2677307,5.795862
166,605.9543,313.4909,611.9967,313.99365,6.0424194,0.5027466,6.063298
166,641.6449,327.60492,646.92334,328.1603,5.2784424,0.5553894,5.3075805
166,581.6028,378.45523,586.556,379.05676,4.953247,0.601532,4.989639
166,667.25507,282.62296,673.105,282.38693,5.8499146,-0.23602295,5.854674
166,705.9199,302.3108,711.3518,302.3272,5.431885,0.016418457,5.4319096
166,676.3524,343.22626,681.6596,343.6639,5.30719,0.4376526,5.325205
166,685.6805,376.09946,690.89685,376.3293,5.2163696,0.2298584,5.2214317
166,569.57446,401.14407,574.5711,401.95282,4.996643,0.80874634,5.061671
166,540.0095,329.16824,545.07947,330.00833,5.0699463,0.8400879,5.139076
166,689.3973,254.78305,695.043,254.61911,5.645752,-0.16394043,5.648132
166,662.6376,304.89496,667.58264,305.12622,4.9450684,0.2312622,4.950473
166,636.53265,404.55728,641.5621,405.2433,5.029419,0.68600464,5.0759883
166,682.07947,388.31512,687.3461,388.25595,5.2666626,-0.059173584,5.266995
166,600.6048,414.867,605.79047,415.5478,5.185669,0.68078613,5.2301655
166,554.2163,334.51367,559.4171,335.2996,5.2008057,0.7859192,5.2598524
166,702.16,358.05234,707.16235,358.52527,5.0023804,0.4729309,5.0246863
167,662.36487,345.46802,667.8793,345.93216,5.5144043,0.46414185,5.533903
167,667.912,360.82764,673.2719,361.22757,5.3599243,0.39993286,5.374824
167,687.18945,368.70847,692.48816,369.05927,5.298706,0.35079956,5.3103056
167,588.5554,277.95013,593.82837,278.16098,5.272949,0.21084595,5.277163
167,567.0994,381.8828,572.52246,382.35822,5.4230347,0.47540283,5.4438324
167,596.2143,431.99503,601.57104,432.57935,5.3567505,0.58432007,5.3885255
167,562.2236,345.80975,567.8024,346.13904,5.5788574,0.32928467,5.588567
167,614.03033,446.38403,618.97205,446.92487,4.9417114,0.5408325,4.971218
167,640.1026,246.06273,644.8676,246.47751,4.7650146,0.41477966,4.7830334
167,569.0086,311.04645,573.76215,311.47363,4.75354,0.42718506,4.7726965
167,754.94183,282.111,760.3225,282.13184,5.3806763,0.020843506,5.380717
167,580.4236,346.38678,585.53845,346.90247,5.114868,0.51568604,5.1407986
167,724.7451,257.7458,730.16724,257.89624,5.422119,0.15045166,5.4242063
167,635.9095,450.45676,640.9306,451.21384,5.021118,0.7570801,5.077873
167,632.23737,328.9811,637.9626,329.30066,5.7252197,0.31954956,5.7341304
167,671.6034,410.99228,677.041,411.2868,5.437622,0.29452515,5.4455924
167,576.1548,358.7065,581.5147,358.9399,5.3599243,0.23339844,5.3650036
167,626.67944,248.31688,631.8775,248.65219,5.198059,0.3353119,5.208863
167,578.33405,323.03326,583.95795,323.35446,5.6239014,0.3211975,5.633066
167,623.84485,307.83948,629.0494,308.96912,5.204529,1.1296387,5.3257117
167,616.5317,350.14252,622.21277,350.19168,5.6810913,0.04916382,5.6813045
167,571.76764,425.70218,577.16125,426.6232,5.3936157,0.9210205,5.471688
167,611.9967,313.99365,617.8847,314.28864,5.8880005,0.2949829,5.895385
167,646.92334,328.1603,652.7975,328.85013,5.8741455,0.68981934,5.9145103
167,586.556,379.05676,591.2021,379.58292,4.646057,0.52615356,4.675755
167,673.105,282.38693,678.9638,282.35208,5.8588257,-0.034851074,5.858929
167,711.3518,302.3272,716.67487,302.3729,5.323059,0.045684814,5.323255
167,681.6596,343.6639,686.637,344.02023,4.977417,0.35632324,4.9901547
167,690.89685,376.3293,696.1328,376.66214,5.235962,0.3328247,5.246529
167,574.5711,401.95282,578.91547,402.48123,4.3443604,0.52841187,4.376378
167,545.07947,330.00833,550.45135,332.67816,5.371887,2.6698303,5.9987636
167,695.043,254.61911,700.9229,254.6277,5.879883,0.008590698,5.879889
167,667.58264,305.12622,672.38226,305.33078,4.7996216,0.20455933,4.803979
167,641.5621,405.2433,646.46246,405.8272,4.9003906,0.58392334,4.9350576
167,687.3461,388.25595,692.7739,388.66513,5.4277954,0.4091797,5.443197
167,605.79047,415.5478,611.3208,415.98843,5.5303345,0.4406433,5.547861
167,559.4171,335.2996,564.6145,335.87573,5.1973877,0.57614136,5.2292233
167,707.16235,358.52527,712.36646,358.72327,5.2041016,0.19799805,5.2078667
168,667.8793,345.93216,673.2176,346.4083,5.338318,0.47613525,5.3595095
168,673.2719,361.22757,678.5554,361.62268,5.2835083,0.39511108,5.298261
168,692.48816,369.05927,697.6015,369.4576,5.1133423,0.39834595,5.128835
168,593.82837,278.16098,598.90137,278.51294,5.072998,0.35195923,5.0851927
168,572.52246,382.35822,577.7954,382.54172,5.272949,0.1835022,5.276141
168,601.57104,432.57935,606.62994,433.1643,5.058899,0.58496094,5.092606
168,567.8024,346.13904,573.3382,346.19632,5.5357666,0.057281494,5.536063
168,618.97205,446.92487,623.9567,447.40988,4.98468,0.48501587,5.008221
168,644.8676,246.47751,650.06757,246.772,5.199951,0.29449463,5.208284
168,573.76215,311.47363,578.42017,311.7608,4.65802,0.2871704,4.666864
168,760.3225,282.13184,766.10425,282.65543,5.7817383,0.5235901,5.805398
168,585.53845,346.90247,590.2643,347.31296,4.72583,0.41049194,4.743624
168,730.16724,257.89624,735.41895,258.16043,5.251709,0.26419067,5.25835
168,640.9306,451.21384,646.6556,452.01154,5.7249756,0.797699,5.7802825
168,637.9626,329.30066,643.67053,329.80008,5.707947,0.49942017,5.729754
168,677.041,411.2868,681.72894,411.26425,4.6879272,-0.02255249,4.6879816
168,581.5147,358.9399,586.8836,358.9995,5.3688965,0.05960083,5.3692274
168,631.8775,248.65219,637.9533,248.68597,6.0758057,0.03378296,6.0758996
168,583.95795,323.35446,589.7507,323.74875,5.7927246,0.3942871,5.806128
168,629.0494,308.96912,633.91486,309.75513,4.8654785,0.78601074,4.9285593
168,622.21277,350.19168,627.5866,350.51318,5.3738403,0.3215027,5.383449
168,577.16125,426.6232,582.21484,427.3384,5.053589,0.71520996,5.103948
168,617.8847,314.28864,624.1087,314.82956,6.223999,0.5409241,6.2474604
168,652.7975,328.85013,657.3897,329.30167,4.592224,0.4515381,4.61437
168,591.2021,379.58292,596.00073,380.09583,4.798645,0.51290894,4.8259788
168,678.9638,282.35208,684.71466,282.21765,5.7508545,-0.13442993,5.752425
168,716.67487,302.3729,721.9288,302.45312,5.2539062,0.08023071,5.254519
168,686.637,344.02023,691.7718,344.5899,5.1347656,0.56967163,5.16627
168,696.1328,376.66214,701.23254,377.01965,5.0997314,0.35751343,5.1122475
168,578.91547,402.48123,583.2941,403.16165,4.378662,0.6804199,4.4312134
168,550.45135,332.67816,555.54645,335.3335,5.095093,2.6553345,5.7455
168,700.9229,254.6277,705.58014,254.41226,4.6572266,-0.21543884,4.6622066
168,672.38226,305.33078,677.259,305.55136,4.876709,0.22058105,4.8816953
168,646.46246,405.8272,651.18304,406.43036,4.720581,0.6031494,4.7589574
168,692.7739,388.66513,697.8235,388.71475,5.0495605,0.049621582,5.049804
168,611.3208,415.98843,616.29626,416.48386,4.975464,0.49542236,5.0000687
168,564.6145,335.87573,569.6467,336.5028,5.0322266,0.6270752,5.0711465
168,712.36646,358.72327,717.0621,359.33627,4.6956177,0.6130066,4.735462
169,673.2176,346.4083,678.5136,346.7527,5.2960205,0.34439087,5.307206
169,678.5554,361.62268,683.66565,361.9304,5.1102295,0.30770874,5.1194854
169,697.6015,369.4576,702.5282,369.7111,4.926697,0.253479,4.933213
169,598.90137,278.51294,604.14233,278.61646,5.240967,0.103515625,5.241989
169,577.7954,382.54172,583.20667,382.6675,5.411255,0.12579346,5.412717
169,606.62994,433.1643,611.8791,433.77322,5.2491455,0.60891724,5.2843456
169,573.3382,346.19632,578.79816,346.313,5.459961,0.1166687,5.461207
169,623.9567,447.40988,628.5375,447.74146,4.5807495,0.3315735,4.5927343
169,650.06757,246.772,655.19464,247.03397,5.127075,0.2619629,5.1337633
169,578.42017,311.7608,583.1926,311.68753,4.772461,-0.073272705,4.773023
169,766.10425,282.65543,771.8381,283.14258,5.7338257,0.4871521,5.754483
169,590.2643,347.31296,594.8328,347.449,4.5685425,0.13604736,4.5705676
169,735.41895,258.16043,741.0497,258.43848,5.6307373,0.27804565,5.637598
169,646.6556,452.01154,651.494,452.59167,4.83844,0.58013916,4.873096
169,643.67053,329.80008,649.4439,330.10193,5.7733765,0.30184937,5.781262
169,681.72894,411.26425,686.78235,411.6939,5.053406,0.42965698,5.071638
169,586.8836,358.9995,592.14453,359.03384,5.2609253,0.034332275,5.2610373
169,637.9533,248.68597,643.799,248.69394,5.845703,0.007965088,5.845709
169,589.7507,323.74875,595.283,324.08182,5.5323486,0.33306885,5.5423656
169,633.91486,309.75513,639.0273,310.5808,5.1124268,0.8256836,5.1786737
169,627.5866,350.51318,633.0982,350.49976,5.5115967,-0.013427734,5.5116134
169,582.21484,427.3384,588.0131,428.4094,5.798279,1.0709839,5.8963585
169,624.1087,314.82956,629.7761,315.06516,5.6674194,0.2355957,5.672314
169,657.3897,329.30167,662.7931,329.47482,5.4033813,0.17315674,5.406155
169,596.00073,380.09583,600.51227,380.586,4.5115356,0.49017334,4.538086
169,684.71466,282.21765,690.5503,282.339,5.8356323,0.12133789,5.8368936
169,721.9288,302.45312,727.18195,302.63254,5.253174,0.17941284,5.2562366
169,691.7718,344.5899,696.78345,345.0822,5.0116577,0.49230957,5.03578
169,701.23254,377.01965,706.1383,377.32867,4.9057617,0.309021,4.915485
169,583.2941,403.16165,587.67267,403.59055,4.37854,0.42889404,4.399496
169,555.54645,335.3335,560.81384,335.19983,5.267395,-0.13366699,5.2690907
169,705.58014,254.41226,710.5654,254.13745,4.9852905,-0.2748108,4.9928594
169,677.259,305.55136,682.22003,305.64835,4.9610596,0.09698486,4.9620075
169,651.18304,406.43036,655.68646,406.8587,4.503418,0.42834473,4.523743
169,697.8235,388.71475,702.8703,389.1144,5.046814,0.3996582,5.062614
169,616.29626,416.48386,621.3462,416.8678,5.0499268,0.38394165,5.0645013
169,569.6467,336.5028,574.84406,336.79593,5.1973267,0.29312134,5.205586
169,717.0621,359.33627,721.9353,359.6383,4.87323,0.30203247,4.8825808
170,678.5136,346.7527,683.84955,346.93552,5.3359375,0.18283081,5.339069
170,683.66565,361.9304,688.784,362.0385,5.118347,0.10812378,5.119489
170,702.5282,369.7111,707.5445,369.7953,5.0162964,0.084198,5.017003
170,604.14233,278.61646,609.33954,278.44547,5.1972046,-0.17098999,5.2000165
170,583.20667,382.6675,588.3779,382.5903,5.1712646,-0.07720947,5.1718407
170,611.8791,433.77322,616.4317,433.7538,4.5526123,-0.01940918,4.552654
170,578.79816,346.313,584.28687,346.14493,5.4887085,-0.1680603,5.491281
170,628.5375,447.74146,633.1036,447.93298,4.566101,0.19152832,4.5701165
170,655.19464,247.03397,660.3217,247.11331,5.127075,0.0793457,5.127689
170,583.1926,311.68753,587.8459,311.40878,4.6532593,-0.27874756,4.6616006
170,771.8381,283.14258,777.21204,283.04422,5.3739624,-0.098358154,5.3748627
170,594.8328,347.449,599.4481,347.3932,4.6152954,-0.05581665,4.6156325
170,741.0497,258.43848,746.6466,258.60892,5.596924,0.17044067,5.5995183
170,651.494,452.59167,656.2334,452.78534,4.73938,0.19366455,4.7433352
170,649.4439,330.10193,654.93274,330.14584,5.4888306,0.043914795,5.489006
170,686.78235,411.6939,691.47626,411.47394,4.6939087,-0.2199707,4.6990604
170,592.14453,359.03384,597.27985,358.73727,5.135315,-0.29656982,5.1438713
170,643.799,248.69394,649.06586,248.71805,5.2668457,0.024108887,5.266901
170,595.283,324.08182,600.7267,324.1295,5.4436646,0.047668457,5.4438734
170,639.0273,310.5808,643.1829,311.21048,4.1556396,0.6296692,4.203073
170,633.0982,350.49976,638.61395,350.2795,5.515747,-0.22024536,5.5201426
170,588.0131,428.4094,593.48865,429.0556,5.475525,0.6462097,5.513525
170,629.7761,315.06516,636.0245,314.8788,6.248352,-0.18634033,6.25113
170,662.7931,329.47482,667.9373,329.63187,5.144226,0.15704346,5.1466227
170,600.51227,380.586,605.0125,380.68616,4.500244,0.10015869,4.5013585
170,690.5503,282.339,696.5726,282.16037,6.022278,-0.17861938,6.024926
170,727.18195,302.63254,732.5137,302.64944,5.331726,0.016906738,5.331753
170,696.78345,345.0822,701.7874,345.40335,5.0039673,0.32113647,5.0142612
170,706.1383,377.32867,711.1068,377.40326,4.968506,0.07458496,4.9690657
170,587.67267,403.59055,591.7214,403.6361,4.048706,0.045562744,4.0489626
170,560.81384,335.19983,566.1624,335.67053,5.348572,0.47070312,5.369244
170,710.5654,254.13745,716.2326,253.78444,5.6671753,-0.35301208,5.678159
170,682.22003,305.64835,687.14545,305.83234,4.925415,0.18399048,4.92885
170,655.68646,406.8587,659.9882,406.98984,4.301758,0.13113403,4.303756
170,702.8703,389.1144,707.8978,389.13202,5.027527,0.017608643,5.027558
170,621.3462,416.8678,626.1714,417.0223,4.8251953,0.1545105,4.8276687
170,574.84406,336.79593,580.0841,337.05408,5.2400513,0.2581482,5.246406
170,721.9353,359.6383,726.6396,359.74588,4.7042847,0.10757446,4.7055144
171,683.84955,346.93552,689.15546,347.12515,5.305908,0.18963623,5.309296
171,688.784,362.0385,693.8677,362.181,5.083679,0.14248657,5.0856757
171,707.5445,369.7953,712.5321,369.99634,4.98761,0.2010498,4.99166
171,609.33954,278.44547,614.5811,278.30737,5.241577,-0.13809204,5.243396
171,588.3779,382.5903,593.4876,382.30878,5.10968,-0.28152466,5.1174297
171,616.4317,433.7538,621.2095,433.63434,4.777771,-0.11947632,4.7792645
171,584.28687,346.14493,589.8536,345.56036,5.5667114,-0.5845642,5.59732
171,633.1036,447.93298,637.5512,447.88425,4.447632,-0.048736572,4.447899
171,660.3217,247.11331,665.69586,247.11046,5.3741455,-0.0028533936,5.374146
171,587.8459,311.40878,592.5562,311.08377,4.710327,-0.3250122,4.7215266
171,777.21204,283.04422,782.70905,283.19037,5.4970093,0.14614868,5.498952
171,599.4481,347.3932,603.90204,347.04337,4.4539185,-0.349823,4.467635
171,746.6466,258.60892,752.238,258.82074,5.5913696,0.21182251,5.5953803
171,656.2334,452.78534,660.89325,452.97437,4.659851,0.18902588,4.6636834
171,654.93274,330.14584,660.8447,330.23047,5.9119873,0.084625244,5.912593
171,691.47626,411.47394,696.2389,411.51776,4.7626343,0.043823242,4.762836
171,597.27985,358.73727,602.27325,358.2342,4.993408,-0.5030823,5.018687
171,649.06586,248.71805,654.83997,248.58046,5.774109,-0.1375885,5.775748
171,600.7267,324.1295,606.5901,323.94595,5.8634033,-0.18353271,5.866275
171,643.1829,311.21048,648.54065,311.67532,5.357727,0.46484375,5.3778543
171,638.61395,350.2795,644.2115,350.112,5.597534,-0.16751099,5.60004
171,593.48865,429.0556,598.21594,428.95508,4.727295,-0.1005249,4.7283635
171,636.0245,314.8788,641.86615,314.84253,5.841675,-0.0362854,5.8417873
171,667.9373,329.63187,673.0773,329.7723,5.1399536,0.1404419,5.141872
171,605.0125,380.68616,609.3805,380.77814,4.367981,0.09197998,4.3689494
171,696.5726,282.16037,702.6762,281.75934,6.1036377,-0.4010315,6.1167984
171,732.5137,302.64944,737.8538,302.69757,5.340149,0.04812622,5.340366
171,701.7874,345.40335,706.6591,345.42548,4.871704,0.022125244,4.8717546
171,711.1068,377.40326,716.0373,377.61926,4.930481,0.21600342,4.93521
171,591.7214,403.6361,596.0773,403.58862,4.355896,-0.04748535,4.356155
171,566.1624,335.67053,571.11957,335.25677,4.9571533,-0.41375732,4.974391
171,716.2326,253.78444,721.965,253.60086,5.732422,-0.18357849,5.7353606
171,687.14545,305.83234,691.9651,305.58255,4.819641,-0.24978638,4.8261094
171,659.9882,406.98984,664.23334,407.06546,4.245117,0.07562256,4.245791
171,707.8978,389.13202,712.6295,389.05994,4.7316895,-0.07208252,4.7322383
171,626.1714,417.0223,630.86273,417.02286,4.691345,0.0005493164,4.691345
171,580.0841,337.05408,584.9444,337.13678,4.8602905,0.08270264,4.860994
171,726.6396,359.74588,731.1565,360.0235,4.5169067,0.2776184,4.52543
172,689.15546,347.12515,694.22205,347.37094,5.0665894,0.24578857,5.0725474
172,693.8677,362.181,698.83264,362.49005,4.964966,0.3090515,4.974575
172,712.5321,369.99634,717.3995,370.36118,4.8673706,0.36483765,4.881025
172,614.5811,278.30737,619.73645,278.1358,5.1553345,-0.17156982,5.1581883
172,593.4876,382.30878,598.23474,381.99387,4.7471313,-0.3149109,4.757565
172,621.2095,433.63434,625.5281,433.6793,4.3186035,0.044952393,4.3188376
172,589.8536,345.56036,595.44305,345.35098,5.5894775,-0.2093811,5.593398
172,637.5512,447.88425,641.66705,447.8821,4.1158447,-0.0021362305,4.115845
172,665.69586,247.11046,670.92303,247.21085,5.227173,0.10038757,5.2281365
172,592.5562,311.08377,597.32263,310.70816,4.7664185,-0.37561035,4.781195
172,782.70905,283.19037,788.22363,283.89136,5.5145874,0.70098877,5.558962
172,603.90204,347.04337,608.71545,346.7809,4.8134155,-0.26245117,4.820565
172,752.238,258.82074,757.6839,259.15906,5.445923,0.33831787,5.4564214
172,660.89325,452.97437,664.9638,453.187,4.0705566,0.21264648,4.0761075
172,660.8447,330.23047,666.4947,330.39795,5.6499634,0.16748047,5.6524453
172,696.2389,411.51776,700.5147,411.6535,4.275818,0.13574219,4.277972
172,602.27325,358.2342,607.28253,357.74176,5.0092773,-0.49243164,5.033423
172,654.83997,248.58046,660.295,248.5508,5.455017,-0.029663086,5.4550977
172,606.5901,323.94595,611.90375,323.64673,5.3136597,-0.29922485,5.322078
172,648.54065,311.67532,653.9582,312.83743,5.4175415,1.1621094,5.540781
172,644.2115,350.112,649.3801,349.97946,5.16864,-0.13253784,5.170339
172,598.21594,428.95508,603.5469,429.67468,5.3309326,0.7196045,5.3792815
172,641.86615,314.84253,647.51556,314.96362,5.649414,0.12109375,5.6507115
172,673.0773,329.7723,678.1642,329.80423,5.086914,0.031921387,5.087014
172,609.3805,380.77814,613.58984,380.9633,4.2093506,0.18515015,4.2134204
172,702.6762,281.75934,708.3796,281.40152,5.703369,-0.3578186,5.7145824
172,737.8538,302.69757,743.15375,302.74988,5.2999268,0.05230713,5.3001847
172,706.6591,345.42548,711.57794,345.89786,4.9188232,0.4723816,4.941454
172,716.0373,377.61926,720.87134,377.95456,4.8340454,0.33529663,4.8456597
172,596.0773,403.58862,600.0697,403.84637,3.9924316,0.25775146,4.0007434
172,571.11957,335.25677,576.1171,334.63583,4.9975586,-0.62094116,5.0359864
172,721.965,253.60086,727.24835,253.4888,5.283325,-0.11206055,5.2845135
172,691.9651,305.58255,697.01904,305.76376,5.053955,0.18121338,5.057203
172,664.23334,407.06546,668.43475,407.41132,4.201416,0.3458557,4.215627
172,712.6295,389.05994,717.2436,389.19867,4.6140747,0.13873291,4.61616
172,630.86273,417.02286,635.3524,417.22717,4.489685,0.20431519,4.494332
172,584.9444,337.13678,589.88324,336.86133,4.938843,-0.27545166,4.9465184
172,731.1565,360.0235,735.7594,360.43585,4.6029053,0.41235352,4.621339
173,694.22205,347.37094,699.2798,347.7904,5.0577393,0.4194641,5.0751038
173,698.83264,362.49005,703.6717,362.79312,4.8390503,0.30307007,4.8485317
173,717.3995,370.36118,721.9765,370.61243,4.5770264,0.25125122,4.5839176
173,619.73645,278.1358,624.946,278.0191,5.2095337,-0.11669922,5.2108407
173,598.23474,381.99387,603.4046,382.18015,5.169861,0.1862793,5.173216
173,625.5281,433.6793,629.87616,433.925,4.3480835,0.24569702,4.35502
173,595.44305,345.35098,600.70276,345.20142,5.2597046,-0.14956665,5.261831
173,641.66705,447.8821,645.65955,448.06775,3.9924927,0.18563843,3.9968061
173,670.92303,247.21085,675.99677,247.36813,5.0737305,0.1572876,5.076168
173,597.32263,310.70816,601.8335,310.29904,4.5108643,-0.40911865,4.529379
173,788.22363,283.89136,793.76184,284.29916,5.538208,0.4078064,5.553202
173,608.71545,346.7809,612.9635,346.6248,4.248047,-0.15612793,4.250915
173,757.6839,259.15906,763.1693,259.59183,5.4854126,0.43276978,5.5024576
173,664.9638,453.187,669.3855,453.7131,4.421692,0.5260925,4.452879
173,666.4947,330.39795,671.80804,330.62296,5.3133545,0.2250061,5.3181167
173,700.5147,411.6535,704.9653,411.7892,4.4505615,0.13571167,4.45263
173,607.28253,357.74176,612.11615,357.45346,4.833618,-0.28829956,4.8422084
173,660.295,248.5508,665.6462,248.60284,5.3511963,0.05204773,5.3514495
173,611.90375,323.64673,616.7735,323.65662,4.869751,0.009887695,4.869761
173,653.9582,312.83743,659.31506,316.79697,5.3568726,3.9595337,6.6613803
173,649.3801,349.97946,654.5275,349.87497,5.1474,-0.10449219,5.1484604
173,603.5469,429.67468,608.2519,430.49673,4.705017,0.822052,4.776291
173,647.51556,314.96362,653.0634,315.02002,5.5478516,0.056396484,5.548138
173,678.1642,329.80423,683.0137,330.01358,4.8494873,0.20935059,4.854004
173,613.58984,380.9633,617.88947,381.1026,4.2996216,0.13931274,4.301878
173,708.3796,281.40152,714.424,281.2624,6.0444336,-0.13912964,6.046035
173,743.15375,302.74988,747.9382,303.10916,4.784424,0.35928345,4.797895
173,711.57794,345.89786,716.3222,346.28653,4.7442627,0.38867188,4.760157
173,720.87134,377.95456,725.42114,378.31915,4.5498047,0.3645935,4.564389
173,600.0697,403.84637,603.9426,404.00076,3.8729248,0.15438843,3.876001
173,576.1171,334.63583,581.1372,334.34836,5.0200806,-0.2874756,5.028305
173,727.24835,253.4888,731.9297,253.37158,4.6813354,-0.11721802,4.6828027
173,697.01904,305.76376,701.8659,306.1559,4.846863,0.39215088,4.862701
173,668.43475,407.41132,672.50226,407.65274,4.067505,0.24142456,4.0746636
173,717.2436,389.19867,721.7906,389.56058,4.546997,0.36190796,4.561377
173,635.3524,417.22717,639.8147,417.32947,4.4622803,0.10229492,4.463453
173,589.88324,336.86133,594.629,337.0234,4.7457886,0.16207886,4.748555
173,735.7594,360.43585,740.1608,360.75278,4.401428,0.31692505,4.4128237
174,699.2798,347.7904,704.2339,348.20456,4.9541016,0.41415405,4.9713826
174,703.6717,362.79312,708.5104,363.1937,4.838684,0.40057373,4.8552365
174,721.9765,370.61243,726.76105,371.04147,4.784546,0.42904663,4.8037443
174,624.946,278.0191,629.9792,277.97766,5.033203,-0.04144287,5.033374
174,603.4046,382.18015,608.17944,382.12592,4.7748413,-0.054229736,4.7751493
174,629.87616,433.925,634.37225,434.16037,4.4960938,0.23538208,4.502251
174,600.70276,345.20142,605.89044,345.29108,5.187683,0.089660645,5.188458
174,645.65955,448.06775,649.913,448.39343,4.253479,0.3256836,4.265929
174,675.99677,247.36813,681.4091,247.53996,5.4123535,0.17182922,5.4150805
174,601.8335,310.29904,606.55835,310.09494,4.7248535,-0.20410156,4.72926
174,793.76184,284.29916,799.1873,285.08173,5.425476,0.78256226,5.481623
174,612.9635,346.6248,617.19214,346.62592,4.2286377,0.0011291504,4.2286377
174,763.1693,259.59183,768.6392,260.12598,5.4699097,0.53414917,5.4959283
174,669.3855,453.7131,673.7302,454.26764,4.3447266,0.5545349,4.379972
174,671.80804,330.62296,677.4527,330.8629,5.6446533,0.23995972,5.6497517
174,704.9653,411.7892,709.171,411.90936,4.2057495,0.120147705,4.207465
174,612.11615,357.45346,617.0493,357.3546,4.9331665,-0.098846436,4.934157
174,665.6462,248.60284,671.0697,248.74025,5.423523,0.1374054,5.4252634
174,616.7735,323.65662,622.09247,323.648,5.3189697,-0.008605957,5.318977
174,659.31506,316.79697,663.86456,316.55768,4.5494995,-0.23928833,4.555788
174,654.5275,349.87497,659.8406,349.9307,5.3130493,0.055725098,5.3133416
174,608.2519,430.49673,613.69495,431.3367,5.443054,0.8399658,5.5074844
174,653.0634,315.02002,658.6179,315.0498,5.5545044,0.029785156,5.5545845
174,683.0137,330.01358,688.1547,330.4292,5.1410522,0.4156189,5.157825
174,617.88947,381.1026,622.0771,381.5031,4.187622,0.4005127,4.2067313
174,714.424,281.2624,735.6863,258.4103,21.262268,-22.852081,31.213806
174,747.9382,303.10916,753.00305,303.35385,5.0648804,0.24468994,5.0707874
174,716.3222,346.28653,720.9027,346.63876,4.5805054,0.3522339,4.5940285
174,725.42114,378.31915,730.2111,378.63666,4.789978,0.31750488,4.8004894
174,603.9426,404.00076,608.052,404.03152,4.109375,0.030761719,4.10949
174,581.1372,334.34836,585.77734,334.1107,4.6401367,-0.2376709,4.6462197
174,731.9297,253.37158,737.2137,253.50896,5.2839966,0.13737488,5.285782
174,701.8659,306.1559,706.7733,306.11072,4.9074097,-0.045196533,4.907618
174,672.50226,407.65274,676.4367,408.28397,3.9344482,0.6312256,3.9847622
174,721.7906,389.56058,726.32916,389.69897,4.538574,0.13839722,4.5406837
174,639.8147,417.32947,644.24384,417.5651,4.429138,0.23562622,4.4354014
174,594.629,337.0234,599.3944,337.02014,4.765381,-0.0032653809,4.7653823
174,740.1608,360.75278,744.76587,361.23328,4.6050415,0.48049927,4.6300416
175,704.2339,348.20456,708.98096,348.42468,4.7470703,0.22012329,4.752171
175,708.5104,363.1937,713.11,363.4044,4.5996094,0.21069336,4.6044326
175,726.76105,371.04147,731.23755,371.44537,4.4765015,0.40390015,4.494686
175,629.9792,277.97766,634.77545,277.84653,4.7962646,-0.13113403,4.798057
175,608.17944,382.12592,613.0274,381.6651,4.8479614,-0.46081543,4.869813
175,634.37225,434.16037,638.3624,434.1144,3.9901733,-0.045959473,3.990438
175,605.89044,345.29108,610.93884,345.2497,5.048401,-0.041381836,5.0485706
175,649.913,448.39343,653.6211,448.40616,3.7080688,0.01272583,3.7080908
175,681.4091,247.53996,686.3724,247.63284,4.963257,0.09288025,4.964126
175,606.55835,310.09494,611.15533,309.73788,4.596985,-0.35705566,4.6108303
175,799.1873,285.08173,804.43646,285.59103,5.2491455,0.50930786,5.2737956
175,617.19214,346.62592,621.5542,346.39822,4.3620605,-0.22769165,4.367999
175,768.6392,260.12598,773.6969,260.5042,5.057678,0.37823486,5.071801
175,673.7302,454.26764,677.5495,454.48065,3.819275,0.2130127,3.8252106
175,677.4527,330.8629,682.7517,330.9838,5.299011,0.12088013,5.30039
175,709.171,411.90936,713.2159,412.0086,4.044861,0.099243164,4.046078
175,617.0493,357.3546,621.55743,357.01108,4.5081177,-0.34353638,4.5211883
175,671.0697,248.74025,676.2642,248.77066,5.194519,0.030410767,5.194608
175,622.09247,323.648,627.01263,323.5172,4.920166,-0.13079834,4.9219046
175,663.86456,316.55768,669.07904,316.38025,5.2144775,-0.1774292,5.2174954
175,659.8406,349.9307,664.7589,349.939,4.918335,0.008300781,4.918342
175,613.69495,431.3367,618.25385,431.79605,4.558899,0.4593506,4.581982
175,658.6179,315.0498,663.9892,315.03662,5.371277,-0.013183594,5.371293
175,688.1547,330.4292,692.9671,330.55902,4.812378,0.12982178,4.814129
175,622.0771,381.5031,626.1078,381.3633,4.0307007,-0.13980103,4.0331244
175,735.6863,258.4103,741.4851,258.20367,5.798828,-0.20663452,5.8025084
175,753.00305,303.35385,757.96173,303.5937,4.958679,0.23983765,4.964476
175,720.9027,346.63876,725.52576,347.10867,4.623047,0.46990967,4.6468678
175,730.2111,378.63666,734.6587,379.05237,4.447571,0.41571045,4.4669566
175,608.052,404.03152,611.9834,404.47647,3.9313965,0.4449463,3.9564953
175,585.77734,334.1107,590.43243,334.0366,4.6550903,-0.07409668,4.65568
175,737.2137,253.50896,741.9088,253.49796,4.6951294,-0.011001587,4.6951423
175,706.7733,306.11072,711.2734,306.224,4.500061,0.11328125,4.501487
175,676.4367,408.28397,680.4054,408.5701,3.968689,0.2861328,3.9789903
175,726.32916,389.69897,730.6101,389.7431,4.280945,0.044128418,4.2811723
175,644.24384,417.5651,648.3305,417.91885,4.08667,0.35375977,4.101953
175,599.3944,337.02014,603.94324,336.97397,4.548828,-0.046173096,4.5490627
175,744.76587,361.23328,749.11993,361.6987,4.354065,0.46542358,4.37887
176,708.98096,348.42468,713.53345,348.70004,4.55249,0.2753601,4.5608106
176,713.11,363.4044,717.5399,363.66684,4.4299316,0.26245117,4.4376993
176,731.23755,371.44537,735.54645,371.65652,4.308899,0.21115112,4.3140693
176,634.77545,277.84653,639.4775,277.7682,4.7020264,-0.07833862,4.702679
176,613.0274,381.6651,617.63385,381.6072,4.6064453,-0.057891846,4.606809
176,638.3624,434.1144,642.39624,434.3531,4.0338135,0.23867798,4.0408683
176,610.93884,345.2497,615.81354,344.71457,4.874695,-0.53512573,4.903979
176,653.6211,448.40616,657.5893,448.67972,3.9682007,0.27355957,3.9776187
176,686.3724,247.63284,691.13104,247.79167,4.758667,0.15882874,4.761317
176,611.15533,309.73788,615.47736,309.50275,4.3220215,-0.23513794,4.328413
176,804.43646,285.59103,809.0785,285.71704,4.642029,0.12600708,4.6437387
176,621.5542,346.39822,625.516,346.01202,3.961792,-0.38619995,3.9805713
176,773.6969,260.5042,778.7625,260.887,5.065613,0.38278198,5.0800548
176,677.5495,454.48065,681.80786,454.95468,4.258362,0.47402954,4.2846646
176,682.7517,330.9838,687.734,331.15732,4.9823,0.17352295,4.9853206
176,713.2159,412.0086,717.3605,412.1442,4.1445923,0.1355896,4.1468096
176,621.55743,357.01108,626.04016,356.56848,4.482727,-0.44259644,4.5045238
176,676.2642,248.77066,681.46063,248.8053,5.196411,0.03463745,5.1965265
176,627.01263,323.5172,631.7344,323.56467,4.7217407,0.047454834,4.721979
176,669.07904,316.38025,673.4584,316.14743,4.3793335,-0.2328186,4.385518
176,664.7589,349.939,669.73944,350.06555,4.98053,0.1265564,4.982137
176,618.25385,431.79605,622.34875,432.23163,4.0949097,0.4355774,4.118011
176,663.9892,315.03662,669.18164,314.7513,5.192444,-0.28530884,5.2002764
176,692.9671,330.55902,697.48175,330.61374,4.5146484,0.054718018,4.51498
176,626.1078,381.3633,630.0152,381.54407,3.9074097,0.18075562,3.9115882
176,741.4851,258.20367,746.52136,258.21185,5.036255,0.008178711,5.0362616
176,757.96173,303.5937,762.61847,303.63217,4.6567383,0.038482666,4.656897
176,725.52576,347.10867,729.8289,347.38495,4.3031616,0.27627563,4.3120213
176,734.6587,379.05237,738.95764,379.35953,4.29895,0.30715942,4.3099093
176,611.9834,404.47647,615.5383,404.9384,3.5549316,0.46191406,3.5848157
176,590.43243,334.0366,594.9689,333.1662,4.536438,-0.87039185,4.619183
176,741.9088,253.49796,746.21967,253.49785,4.310852,-0.00010681152,4.310852
176,711.2734,306.224,715.5079,306.5081,4.234497,0.28408813,4.2440157
176,680.4054,408.5701,684.0026,409.127,3.597229,0.5569153,3.640084
176,730.6101,389.7431,734.8178,389.95114,4.2077026,0.20803833,4.2128425
176,648.3305,417.91885,652.26263,418.0653,3.932129,0.14645386,3.9348555
176,603.94324,336.97397,608.49084,336.95792,4.5476074,-0.016052246,4.5476356
176,749.11993,361.6987,753.2043,362.14563,4.0843506,0.44692993,4.1087303
177,713.53345,348.70004,718.02997,348.94992,4.496521,0.24987793,4.5034585
177,717.5399,363.66684,721.9009,363.95517,4.360962,0.28833008,4.370483
177,735.54645,371.65652,739.72595,371.9166,4.1795044,0.2600708,4.187588
177,639.4775,277.7682,644.03033,277.5877,4.5528564,-0.18048096,4.5564322
177,617.63385,381.6072,622.2086,381.48914,4.574768,-0.11807251,4.5762916
177,642.39624,434.3531,646.28723,434.3338,3.8909912,-0.01928711,3.891039
177,615.81354,344.71457,620.6685,344.5669,4.8549805,-0.14767456,4.857226
177,657.5893,448.67972,661.0698,448.6264,3.4805298,-0.05331421,3.4809382
177,691.13104,247.79167,695.89465,247.83342,4.763611,0.041748047,4.763794
177,615.47736,309.50275,619.76385,309.10028,4.286499,-0.40246582,4.3053517
177,809.0785,285.71704,814.1242,286.22476,5.0457153,0.50772095,5.0711956
177,625.516,346.01202,629.4875,345.65735,3.9714966,-0.3546753,3.9873023
177,778.7625,260.887,783.7044,261.24066,4.9418945,0.3536682,4.9545336
177,681.80786,454.95468,685.8126,455.32455,4.0047607,0.36987305,4.021805
177,687.734,331.15732,692.71277,331.411,4.97876,0.25369263,4.985219
177,717.3605,412.1442,721.42096,412.29984,4.060486,0.15563965,4.0634675
177,626.04016,356.56848,630.31866,356.14563,4.2785034,-0.42285156,4.299348
177,681.46063,248.8053,686.33325,248.75417,4.8726196,-0.051132202,4.872888
177,631.7344,323.56467,636.28937,323.21677,4.5549927,-0.3479004,4.5682592
177,673.4584,316.14743,677.94165,315.86948,4.4832764,-0.2779541,4.4918847
177,669.73944,350.06555,674.45966,350.07895,4.720215,0.013397217,4.720234
177,622.34875,432.23163,627.07886,432.9738,4.7301025,0.742157,4.787971
177,669.18164,314.7513,674.3169,314.67072,5.135254,-0.080596924,5.135886
177,697.48175,330.61374,702.0086,330.85944,4.5268555,0.24569702,4.5335183
177,630.0152,381.54407,633.8616,381.89404,3.8463745,0.3499756,3.8622637
177,746.52136,258.21185,770.4782,262.41217,23.956848,4.2003174,24.322279
177,762.61847,303.63217,767.2293,304.06393,4.61084,0.4317627,4.631011
177,729.8289,347.38495,734.03674,347.65503,4.2078247,0.27008057,4.2164836
177,738.95764,379.35953,743.0941,379.5432,4.1364746,0.1836853,4.140551
177,615.5383,404.9384,619.2485,405.33475,3.710144,0.3963623,3.7312562
177,594.9689,333.1662,599.39307,333.02744,4.4241943,-0.13876343,4.42637
177,746.21967,253.49785,751.83044,253.76706,5.610779,0.26921082,5.6172333
177,715.5079,306.5081,719.89185,306.51566,4.383972,0.0075683594,4.383979
177,684.0026,409.127,687.67755,409.42276,3.6749268,0.29574585,3.6868079
177,734.8178,389.95114,738.8038,390.1956,3.985962,0.2444458,3.9934504
177,652.26263,418.0653,656.4069,418.28458,4.144287,0.2192688,4.1500835
177,608.49084,336.95792,612.7448,336.9406,4.2539673,-0.017303467,4.2540026
177,753.2043,362.14563,757.3124,362.32715,4.1080933,0.18151855,4.1121016
178,718.02997,348.94992,722.32556,349.18576,4.2955933,0.23583984,4.3020625
178,721.9009,363.95517,725.9987,364.083,4.0978394,0.12783813,4.099833
178,739.72595,371.9166,743.8162,372.13794,4.090271,0.221344,4.096256
178,644.03033,277.5877,648.23914,277.42923,4.2088013,-0.15847778,4.211784
178,622.2086,381.48914,626.51276,381.08066,4.304138,-0.40847778,4.3234777
178,646.28723,434.3338,650.08075,434.32828,3.793518,-0.0055236816,3.7935221
178,620.6685,344.5669,624.8514,344.35263,4.1828613,-0.21426392,4.1883454
178,661.0698,448.6264,664.74115,448.74738,3.6713257,0.12097168,3.6733181
178,695.89465,247.83342,700.01984,247.90543,4.125183,0.072006226,4.1258116
178,619.76385,309.10028,623.7154,308.59253,3.951538,-0.50775146,3.9840262
178,814.1242,286.22476,818.8098,286.85666,4.685608,0.631897,4.7280245
178,629.4875,345.65735,633.22845,345.39786,3.7409668,-0.25949097,3.7499557
178,783.7044,261.24066,788.2472,261.41455,4.5427856,0.17388916,4.5461125
178,685.8126,455.32455,689.3129,455.43164,3.5003052,0.10708618,3.5019429
178,692.71277,331.411,697.53595,331.51376,4.823181,0.102752686,4.8242755
178,721.42096,412.29984,725.1554,412.22665,3.734436,-0.07318115,3.735153
178,630.31866,356.14563,634.44025,355.789,4.121582,-0.35662842,4.1369824
178,686.33325,248.75417,690.917,248.68062,4.58374,-0.07354736,4.5843306
178,636.28937,323.21677,640.68854,322.8686,4.39917,-0.34817505,4.4129267
178,677.94165,315.86948,682.41516,315.72757,4.4735107,-0.14190674,4.475761
178,674.45966,350.07895,679.0767,349.93552,4.6170654,-0.14343262,4.6192927
178,627.07886,432.9738,631.1722,433.30963,4.0933228,0.33584595,4.107077
178,674.3169,314.67072,678.7833,314.63202,4.4664307,-0.03869629,4.4665985
178,702.0086,330.85944,706.8106,330.80328,4.802002,-0.056152344,4.8023305
178,633.8616,381.89404,637.2912,381.52896,3.4296265,-0.3650818,3.449003
178,770.4782,262.41217,775.00726,262.5505,4.5290527,0.13833618,4.531165
178,767.2293,304.06393,771.64465,304.098,4.415344,0.034057617,4.4154754
178,734.03674,347.65503,737.9727,347.77295,3.9359741,0.11791992,3.93774
178,743.0941,379.5432,747.21313,379.74335,4.1190186,0.20013428,4.123878
178,619.2485,405.33475,622.86676,405.93207,3.6182861,0.59732056,3.6672585
178,599.39307,333.02744,603.54346,332.47208,4.1503906,-0.5553589,4.1873817
178,751.83044,253.76706,756.45807,253.78825,4.6276245,0.021194458,4.627673
178,719.89185,306.51566,722.4967,306.32587,2.6048584,-0.18978882,2.6117632
178,687.67755,409.42276,690.99896,409.5585,3.3214111,0.13574219,3.3241837
178,738.8038,390.1956,742.7488,390.0995,3.9450073,-0.09609985,3.9461777
178,656.4069,418.28458,660.13666,418.21796,3.7297363,-0.06661987,3.7303314
178,612.7448,336.9406,616.7133,336.79477,3.9685059,-0.1458435,3.971185
178,757.3124,362.32715,761.13513,362.5216,3.822754,0.19445801,3.8276966
179,722.32556,349.18576,726.3714,349.35034,4.0458374,0.1645813,4.0491834
179,725.9987,364.083,729.90283,364.20462,3.9041138,0.12161255,3.9060075
179,743.8162,372.13794,747.6025,372.2767,3.786255,0.13876343,3.788797
179,648.23914,277.42923,652.43964,277.27475,4.2005005,-0.15447998,4.2033405
179,626.51276,381.08066,630.7127,380.92883,4.199951,-0.15182495,4.2026944
179,650.08075,434.32828,653.74866,434.2935,3.6679077,-0.03479004,3.6680727
179,624.8514,344.35263,629.2175,344.2591,4.36615,-0.09353638,4.3671517
179,664.74115,448.74738,668.1319,448.57202,3.390747,-0.175354,3.3952785
179,700.01984,247.90543,704.0823,248.10352,4.062439,0.1980896,4.0672655
179,623.7154,308.59253,627.5623,308.15375,3.8469238,-0.43878174,3.871867
179,818.8098,286.85666,823.06635,287.1213,4.256531,0.26464844,4.26475
179,633.22845,345.39786,636.92163,345.2445,3.6931763,-0.15335083,3.6963587
179,788.2472,261.41455,792.573,261.68176,4.3258057,0.2672119,4.3340507
179,689.3129,455.43164,692.951,455.51797,3.6380615,0.08633423,3.6390858
179,697.53595,331.51376,701.96814,331.40234,4.43219,-0.11141968,4.4335904
179,725.1554,412.22665,728.60455,411.98553,3.4491577,-0.24111938,3.4575756
179,634.44025,355.789,638.3441,355.45584,3.9038696,-0.3331604,3.91806
179,690.917,248.68062,695.44446,248.69157,4.527466,0.010955811,4.527479
179,640.68854,322.8686,644.7561,322.7927,4.067566,-0.07589722,4.068274
179,682.41516,315.72757,686.8806,315.41003,4.465454,-0.3175354,4.47673
179,679.0767,349.93552,683.27216,349.84305,4.1954346,-0.09246826,4.1964536
179,631.1722,433.30963,635.17,433.69934,3.9978027,0.38970947,4.0167522
179,678.7833,314.63202,683.3664,314.55942,4.583069,-0.07260132,4.583644
179,706.8106,330.80328,710.6359,330.9956,3.8253174,0.19232178,3.830149
179,637.2912,381.52896,640.88074,381.35867,3.5895386,-0.17028809,3.5935757
179,775.00726,262.5505,779.5038,262.78024,4.496521,0.22973633,4.502386
179,771.64465,304.098,775.6285,304.25006,3.9838257,0.15206909,3.986727
179,737.9727,347.77295,741.90686,348.0514,3.934143,0.27844238,3.9439843
179,747.21313,379.74335,750.94305,379.89975,3.7299194,0.15640259,3.7331972
179,622.86676,405.93207,626.064,406.01834,3.1972656,0.08627319,3.1984293
179,603.54346,332.47208,607.7223,332.27982,4.178833,-0.19226074,4.1832533
179,756.45807,253.78825,760.9845,253.93321,4.526428,0.1449585,4.528749
179,722.4967,306.32587,729.6844,307.0829,7.187683,0.75701904,7.2274384
179,690.99896,409.5585,694.31396,409.69794,3.3150024,0.13943481,3.3179336
179,742.7488,390.0995,746.2932,389.93137,3.5444336,-0.16812134,3.5484185
179,660.13666,418.21796,663.78174,418.1842,3.6450806,-0.03375244,3.645237
179,616.7133,336.79477,620.83984,336.66434,4.126526,-0.13043213,4.128587
179,761.13513,362.5216,764.7784,362.69156,3.6432495,0.1699524,3.6472113
180,726.3714,349.35034,730.2494,349.3453,3.8779907,-0.0050354004,3.877994
180,729.90283,364.20462,733.68976,364.2403,3.7869263,0.03567505,3.7870944
180,747.6025,372.2767,751.3703,372.36996,3.7678223,0.09326172,3.7689762
180,652.43964,277.27475,656.5264,277.22562,4.086792,-0.0491333,4.087087
180,630.7127,380.92883,634.42035,380.60587,3.7076416,-0.32296753,3.7216816
180,653.74866,434.2935,657.0766,433.91187,3.327942,-0.3816223,3.3497512
180,629.2175,344.2591,632.9566,343.61636,3.7390747,-0.6427307,3.7939138
180,668.1319,448.57202,671.33813,448.32404,3.2062378,-0.24798584,3.2158136
180,704.0823,248.10352,708.5712,248.08261,4.4889526,-0.020904541,4.4890013
180,627.5623,308.15375,631.7562,307.86365,4.1939087,-0.2901001,4.2039304
180,823.06635,287.1213,827.07184,287.2424,4.005493,0.12109375,4.0073233
180,636.92163,345.2445,640.58344,344.73422,3.6618042,-0.5102844,3.6971881
180,792.573,261.68176,796.6317,261.83563,4.058716,0.15386963,4.0616317
180,692.951,455.51797,696.43726,455.48187,3.486267,-0.036102295,3.486454
180,701.96814,331.40234,705.8633,331.33926,3.8951416,-0.063079834,3.8956523
180,728.60455,411.98553,732.1352,412.02936,3.5306396,0.043823242,3.5309117
180,638.3441,355.45584,642.1644,354.94507,3.8203125,-0.5107727,3.8543062
180,695.44446,248.69157,699.6291,248.73138,4.1846313,0.03981018,4.1848207
180,644.7561,322.7927,648.8053,322.5197,4.0491943,-0.27297974,4.0583854
180,686.8806,315.41003,690.72064,315.3741,3.8400269,-0.03591919,3.840195
180,683.27216,349.84305,687.1853,349.85208,3.913147,0.009033203,3.9131575
180,635.17,433.69934,638.6193,433.50598,3.4493408,-0.19335938,3.454756
180,683.3664,314.55942,687.3384,314.48956,3.9719849,-0.06985474,3.972599
180,710.6359,330.9956,714.63495,331.02005,3.9990234,0.02444458,3.9990983
180,640.88074,381.35867,644.41156,381.0875,3.5308228,-0.2711792,3.5412211
180,779.5038,262.78024,783.5197,262.91757,4.01593,0.1373291,4.0182776
180,775.6285,304.25006,779.7997,304.56448,4.1712036,0.3144226,4.1830373
180,741.90686,348.0514,745.7165,348.1619,3.8096313,0.11050415,3.8112338
180,750.94305,379.89975,754.7001,380.00253,3.757019,0.1027832,3.7584248
180,626.064,406.01834,629.61615,406.0507,3.552124,0.032348633,3.5522714
180,607.7223,332.27982,611.7074,331.6791,3.9851074,-0.600708,4.030128
180,760.9845,253.93321,764.5342,253.95251,3.5496826,0.019302368,3.549735
180,729.6844,307.0829,733.82135,307.08652,4.136963,0.0036315918,4.1369643
180,694.31396,409.69794,697.84686,409.7656,3.532898,0.06765747,3.5335457
180,746.2932,389.93137,749.9543,390.2458,3.6610718,0.3144226,3.6745486
180,663.78174,418.1842,667.45435,417.96194,3.6726074,-0.22225952,3.6793268
180,620.83984,336.66434,624.825,336.2927,3.9851685,-0.37164307,4.00246
180,764.7784,362.69156,768.6038,362.77814,3.8254395,0.08657837,3.826419
181,730.2494,349.3453,733.9478,349.36316,3.6984253,0.017852783,3.6984684
181,733.68976,364.2403,737.4242,364.32483,3.734436,0.08453369,3.7353926
181,751.3703,372.36996,755.0408,372.45972,3.6704712,0.0897522,3.6715684
181,656.5264,277.22562,660.6725,276.7817,4.146057,-0.4439087,4.1697536
181,634.42035,380.60587,638.06775,380.0706,3.6474,-0.5352783,3.6864684
181,657.0766,433.91187,660.6095,433.8908,3.532898,-0.021057129,3.5329607
181,632.9566,343.61636,636.9001,343.3902,3.9434814,-0.22616577,3.9499617
181,671.33813,448.32404,674.82495,448.3976,3.4868164,0.07357788,3.4875927
181,708.5712,248.08261,712.62946,248.07095,4.0582275,-0.011657715,4.058244
181,631.7562,307.86365,635.69666,307.47916,3.9404297,-0.38449097,3.9591436
181,827.07184,287.2424,831.189,287.55484,4.1171875,0.31243896,4.1290255
181,640.58344,344.73422,644.51624,344.47037,3.9328003,-0.26385498,3.9416413
181,796.6317,261.83563,800.711,261.9886,4.0792847,0.1529541,4.0821514
181,696.43726,455.48187,699.73846,455.6293,3.3012085,0.14743042,3.3044991
181,705.8633,331.33926,709.81946,331.35065,3.9561768,0.011383057,3.9561932
181,732.1352,412.02936,735.7979,412.3525,3.6627197,0.32315063,3.6769474
181,642.1644,354.94507,645.98193,354.6587,3.817505,-0.28637695,3.8282313
181,699.6291,248.73138,703.6562,248.72693,4.0270996,-0.0044555664,4.027102
181,648.8053,322.5197,652.6953,322.1507,3.8900146,-0.36901855,3.9074786
181,690.72064,315.3741,694.5073,315.0737,3.7866821,-0.30041504,3.7985802
181,687.1853,349.85208,690.81726,349.5805,3.631958,-0.27157593,3.6420972
181,638.6193,433.50598,642.3437,433.73203,3.7243652,0.2260437,3.7312186
181,687.3384,314.48956,691.29,314.19608,3.9515991,-0.29348755,3.962483
181,714.63495,331.02005,718.5993,330.92642,3.9643555,-0.09362793,3.965461
181,644.41156,381.0875,648.0878,380.80383,3.6762695,-0.2836609,3.687197
181,783.5197,262.91757,787.72327,263.073,4.2035522,0.15542603,4.2064247
181,779.7997,304.56448,783.7838,304.76663,3.9841309,0.20214844,3.989256
181,745.7165,348.1619,749.6427,348.35852,3.9262085,0.19662476,3.931129
181,754.7001,380.00253,758.41235,380.16403,3.7122803,0.16149902,3.7157915
181,629.61615,406.0507,633.596,405.56866,3.9798584,-0.48202515,4.0089426
181,611.7074,331.6791,615.39307,331.17184,3.685669,-0.5072632,3.7204127
181,764.5342,253.95251,768.45056,254.0018,3.9163818,0.04928589,3.916692
181,733.82135,307.08652,737.8132,307.2577,3.9918213,0.1711731,3.9954896
181,697.84686,409.7656,701.54974,409.79617,3.7028809,0.030578613,3.703007
181,749.9543,390.2458,753.5725,390.28058,3.618225,0.03479004,3.6183922
181,667.45435,417.96194,670.9379,417.92416,3.4835815,-0.03778076,3.4837866
181,624.825,336.2927,628.5704,335.92133,3.7453613,-0.3713684,3.7637277
181,768.6038,362.77814,772.45026,363.11783,3.8464355,0.33969116,3.861406
182,733.9478,349.36316,737.6984,349.46454,3.7506104,0.101379395,3.7519803
182,737.4242,364.32483,741.033,364.40997,3.6088257,0.08514404,3.60983
182,755.0408,372.45972,758.7066,372.64215,3.6658325,0.18243408,3.6703691
182,660.6725,276.7817,664.67456,276.59753,4.002075,-0.18417358,4.006311
182,638.06775,380.0706,641.686,379.764,3.618225,-0.3065796,3.6311905
182,660.6095,433.8908,663.803,433.62436,3.1934814,-0.26644897,3.204578
182,636.9001,343.3902,640.6401,343.15143,3.7399902,-0.23876953,3.7476041
182,674.82495,448.3976,678.0334,448.36453,3.208435,-0.033081055,3.2086058
182,712.62946,248.07095,716.74567,248.02666,4.116211,-0.044296265,4.1164494
182,635.69666,307.47916,639.52795,307.08313,3.8312988,-0.3960266,3.8517125
182,831.189,287.55484,835.25006,287.99622,4.061035,0.44137573,4.0849504
182,644.51624,344.47037,648.0248,344.2358,3.508545,-0.2345581,3.5163767
182,800.711,261.9886,804.8976,262.33545,4.1865845,0.3468628,4.2009287
182,699.73846,455.6293,702.81635,455.598,3.0778809,-0.031311035,3.0780401
182,709.81946,331.35065,713.5,331.16824,3.680542,-0.18240356,3.685059
182,735.7979,412.3525,739.2518,412.5641,3.4538574,0.21157837,3.460332
182,645.98193,354.6587,649.41547,354.40506,3.4335327,-0.2536316,3.4428878
182,703.6562,248.72693,707.9388,248.64044,4.282593,-0.08648682,4.283466
182,652.6953,322.1507,656.44104,322.14865,3.7457275,-0.0020446777,3.745728
182,694.5073,315.0737,698.1665,314.89774,3.6591797,-0.17596436,3.6634083
182,690.81726,349.5805,694.5918,349.48273,3.7745361,-0.09777832,3.7758024
182,642.3437,433.73203,645.6272,433.4345,3.2835083,-0.29751587,3.2969594
182,691.29,314.19608,694.953,314.0511,3.663025,-0.14498901,3.6658933
182,718.5993,330.92642,722.36456,330.87216,3.7652588,-0.054260254,3.7656498
182,648.0878,380.80383,651.5331,380.6355,3.4452515,-0.16833496,3.4493613
182,787.72327,263.073,791.83875,263.26846,4.1154785,0.19546509,4.1201177
182,783.7838,304.76663,787.59436,305.0357,3.8105469,0.2690735,3.820035
182,749.6427,348.35852,753.3782,348.44882,3.7354736,0.09030151,3.7365649
182,758.41235,380.16403,762.07465,380.3588,3.6622925,0.19476318,3.6674676
182,633.596,405.56866,636.7309,405.28116,3.1348877,-0.2875061,3.148044
182,615.39307,331.17184,619.12054,330.4912,3.727478,-0.68063354,3.78911
182,768.45056,254.0018,772.54926,254.15556,4.098694,0.15376282,4.1015773
182,737.8132,307.2577,741.83185,307.30035,4.0186768,0.042663574,4.0189033
182,701.54974,409.79617,705.04974,409.80176,3.5,0.005584717,3.5000045
182,753.5725,390.28058,757.1739,390.35355,3.6013794,0.07296753,3.6021185
182,670.9379,417.92416,674.25366,417.88754,3.3157349,-0.036621094,3.315937
182,628.5704,335.92133,632.3582,335.57346,3.7878418,-0.34786987,3.8037822
182,772.45026,363.11783,776.04755,363.25726,3.59729,0.13943481,3.5999913
183,737.6984,349.46454,741.198,349.48492,3.4995728,0.020385742,3.4996321
183,741.033,364.40997,744.5382,364.49835,3.505188,0.088378906,3.5063019
183,758.7066,372.64215,762.2442,372.8346,3.5375977,0.19244385,3.5428283
183,664.67456,276.59753,668.56757,276.2376,3.8930054,-0.35992432,3.9096081
183,641.686,379.764,644.9124,379.36993,3.2264404,-0.3940735,3.250417
183,663.803,433.62436,667.0088,433.5696,3.2058105,-0.054748535,3.206278
183,640.6401,343.15143,644.27136,342.89648,3.6312866,-0.25494385,3.6402252
183,678.0334,448.36453,681.0791,448.32202,3.0457153,-0.042510986,3.046012
183,716.74567,248.02666,720.72363,248.0071,3.9779663,-0.019561768,3.9780145
183,639.52795,307.08313,643.2397,306.6673,3.711731,-0.41583252,3.7349515
183,835.25006,287.99622,839.25903,288.1794,4.008972,0.18319702,4.013156
183,648.0248,344.2358,651.4231,343.8709,3.3983154,-0.36489868,3.41785
183,804.8976,262.33545,808.6798,262.44012,3.7822266,0.10467529,3.7836747
183,702.81635,455.598,705.9782,455.82098,3.1618652,0.22299194,3.1697187
183,713.5,331.16824,717.13776,331.15076,3.6377563,-0.017486572,3.6377985
183,739.2518,412.5641,742.3865,412.53967,3.1347046,-0.024414062,3.1347997
183,649.41547,354.40506,652.87555,353.96042,3.460083,-0.4446411,3.4885354
183,707.9388,248.64044,711.93616,248.60378,3.9973755,-0.03666687,3.9975436
183,656.44104,322.14865,659.934,321.6168,3.492981,-0.53186035,3.5332408
183,698.1665,314.89774,701.5585,314.9444,3.3919678,0.046661377,3.3922887
183,694.5918,349.48273,698.0505,349.485,3.4586792,0.0022583008,3.45868
183,645.6272,433.4345,648.69324,433.27173,3.06604,-0.16278076,3.0703583
183,694.953,314.0511,698.6018,313.99734,3.6488037,-0.053741455,3.6491995
183,722.36456,330.87216,725.9107,330.84778,3.5461426,-0.024383545,3.5462265
183,651.5331,380.6355,655.03577,380.7189,3.5026855,0.08340454,3.5036783
183,791.83875,263.26846,795.7856,263.3837,3.9468384,0.115234375,3.9485202
183,787.59436,305.0357,791.5756,305.38974,3.9812622,0.35403442,3.9969726
183,753.3782,348.44882,756.8469,348.4814,3.46875,0.032592773,3.468903
183,762.07465,380.3588,765.6213,380.59302,3.5466309,0.23422241,3.5543566
183,636.7309,405.28116,639.96747,405.5168,3.2365723,0.23565674,3.24514
183,619.12054,330.4912,622.58356,330.1731,3.4630127,-0.31811523,3.4775932
183,772.54926,254.15556,776.26654,254.19412,3.7172852,0.03855896,3.7174852
183,741.83185,307.30035,745.3958,307.2865,3.5639648,-0.0138549805,3.5639918
183,705.04974,409.80176,707.97754,409.82703,2.9277954,0.025268555,2.9279046
183,757.1739,390.35355,760.60846,390.7475,3.4345703,0.39395142,3.45709
183,674.25366,417.88754,677.4489,417.69385,3.1952515,-0.19369507,3.2011168
183,632.3582,335.57346,635.8183,335.30157,3.460083,-0.2718811,3.4707484
183,776.04755,363.25726,779.51355,363.59753,3.4660034,0.340271,3.4826663
184,741.198,349.48492,744.5615,349.5819,3.3635254,0.09698486,3.3649232
184,744.5382,364.49835,747.8207,364.61957,3.2824707,0.12121582,3.2847083
184,762.2442,372.8346,765.5856,373.1333,3.3413696,0.29870605,3.3546948
184,668.56757,276.2376,672.3695,275.85083,3.801941,-0.3867798,3.8215642
184,644.9124,379.36993,648.2925,379.03644,3.380066,-0.3334961,3.3964784
184,667.0088,433.5696,669.96356,433.4675,2.954773,-0.10211182,2.9565368
184,644.27136,342.89648,647.56946,342.6377,3.2980957,-0.25878906,3.3082333
184,681.0791,448.32202,684.0732,448.3299,2.9940796,0.007873535,2.99409
184,720.72363,248.0071,724.47375,247.95036,3.750122,-0.056732178,3.7505512
184,643.2397,306.6673,646.70276,306.1964,3.4630737,-0.47088623,3.4949412
184,839.25903,288.1794,842.9877,288.74213,3.7286377,0.5627136,3.7708602
184,651.4231,343.8709,654.9968,343.61334,3.5737305,-0.25756836,3.5830002
184,808.6798,262.44012,812.4266,262.60852,3.7467651,0.168396,3.7505474
184,705.9782,455.82098,708.70276,455.90378,2.7245483,0.08279419,2.725806
184,717.13776,331.15076,720.64417,331.0459,3.5064087,-0.1048584,3.507976
184,742.3865,412.53967,745.4102,412.65012,3.0237427,0.110443115,3.025759
184,652.87555,353.96042,656.23236,353.75623,3.3568115,-0.20419312,3.3630164
184,711.93616,248.60378,715.641,248.57718,3.704834,-0.02659607,3.7049296
184,659.934,321.6168,663.4607,321.23172,3.5266724,-0.3850708,3.5476327
184,701.5585,314.9444,705.2166,314.8311,3.658142,-0.11331177,3.6598966
184,698.0505,349.485,701.5312,349.2791,3.480713,-0.20587158,3.486796
184,648.69324,433.27173,651.68384,433.25058,2.9906006,-0.021148682,2.9906754
184,698.6018,313.99734,702.108,313.89932,3.5061646,-0.09802246,3.5075345
184,725.9107,330.84778,729.2126,330.9318,3.30188,0.08401489,3.3029485
184,655.03577,380.7189,658.39276,380.22488,3.3569946,-0.49401855,3.39315
184,795.7856,263.3837,799.6152,263.56647,3.8295898,0.18276978,3.8339486
184,791.5756,305.38974,795.18036,305.82007,3.6047363,0.43032837,3.6303315
184,756.8469,348.4814,760.3577,348.80167,3.5108032,0.32025146,3.5253794
184,765.6213,380.59302,769.00726,380.93488,3.3859863,0.3418579,3.4032001
184,639.96747,405.5168,642.9514,404.82986,2.9839478,-0.6869507,3.0620003
184,622.58356,330.1731,626.10913,329.65204,3.5255737,-0.5210571,3.5638702
184,776.26654,254.19412,779.6426,254.3489,3.3760376,0.15478516,3.379584
184,745.3958,307.2865,749.44037,307.3791,4.0445557,0.09259033,4.0456157
184,707.97754,409.82703,711.31506,409.91464,3.3375244,0.08761597,3.3386743
184,760.60846,390.7475,763.74725,390.7236,3.138794,-0.023895264,3.138885
184,677.4489,417.69385,680.5848,417.64966,3.1358643,-0.044189453,3.1361756
184,635.8183,335.30157,639.2796,334.91864,3.4613037,-0.38293457,3.4824219
184,779.51355,363.59753,782.9225,363.8761,3.4089355,0.27856445,3.4202983
185,744.5615,349.5819,747.5808,349.56635,3.019287,-0.015563965,3.0193272
185,747.8207,364.61957,750.86426,364.6703,3.043579,0.050720215,3.0440018
185,765.5856,373.1333,768.61414,373.22568,3.0285645,0.09237671,3.029973
185,672.3695,275.85083,675.51227,275.73102,3.1427612,-0.11981201,3.145044
185,648.2925,379.03644,651.3063,378.65506,3.013794,-0.38137817,3.037829
185,669.96356,433.4675,672.6234,433.35608,2.659851,-0.11141968,2.6621838
185,647.56946,342.6377,650.21484,342.27872,2.6453857,-0.35897827,2.6696312
185,684.0732,448.3299,686.7922,448.4079,2.7189941,0.07800293,2.7201128
185,724.47375,247.95036,728.033,247.85806,3.5592651,-0.092300415,3.5604618
185,646.70276,306.1964,649.89575,305.74295,3.1929932,-0.4534607,3.225032
185,842.9877,288.74213,846.53735,288.82715,3.5496826,0.08502197,3.5507007
185,654.9968,343.61334,658.06537,343.3031,3.0685425,-0.3102417,3.0841858
185,812.4266,262.60852,815.83014,262.74207,3.4035645,0.13354492,3.4061835
185,708.70276,455.90378,711.40765,456.02194,2.704895,0.11816406,2.707475
185,720.64417,331.0459,723.80853,330.95514,3.1643677,-0.09075928,3.165669
185,745.4102,412.65012,748.24927,413.039,2.8390503,0.3888855,2.8655608
185,656.23236,353.75623,659.2662,353.40005,3.0338135,-0.35617065,3.0546494
185,715.641,248.57718,718.9483,248.55797,3.307312,-0.019210815,3.3073678
185,663.4607,321.23172,666.4957,321.16257,3.0350342,-0.06915283,3.035822
185,705.2166,314.8311,708.5718,314.67587,3.3551636,-0.1552124,3.3587518
185,701.5312,349.2791,704.5676,349.0919,3.036438,-0.18722534,3.0422046
185,651.68384,433.25058,654.27203,433.00095,2.5881958,-0.24963379,2.6002066
185,702.108,313.89932,705.47064,313.7487,3.362671,-0.15063477,3.366043
185,729.2126,330.9318,732.1734,331.02847,2.9608154,0.09667969,2.9623935
185,658.39276,380.22488,661.3603,379.57257,2.9675293,-0.65231323,3.0383782
185,799.6152,263.56647,803.21027,263.6629,3.5950928,0.09643555,3.596386
185,795.18036,305.82007,798.6088,305.8545,3.4284668,0.034423828,3.4286397
185,760.3577,348.80167,763.42957,348.80038,3.0718384,-0.0012817383,3.0718386
185,769.00726,380.93488,771.9913,381.0218,2.9840088,0.08691406,2.9852743
185,642.9514,404.82986,645.75397,404.6601,2.8025513,-0.16976929,2.8076887
185,626.10913,329.65204,629.26166,329.18814,3.1525269,-0.4638977,3.1864758
185,779.6426,254.3489,782.93835,254.31393,3.2957764,-0.034973145,3.2959619
185,749.44037,307.3791,752.66156,307.41818,3.2211914,0.039093018,3.2214286
185,711.31506,409.91464,714.2152,409.89352,2.9001465,-0.021118164,2.9002235
185,763.74725,390.7236,766.57837,391.04166,2.8311157,0.3180542,2.848925
185,680.5848,417.64966,683.319,417.68872,2.734192,0.0390625,2.7344708
185,639.2796,334.91864,642.3873,334.73425,3.107727,-0.1843872,3.1131923
185,782.9225,363.8761,786.0053,364.06332,3.0828247,0.18722534,3.0885048
186,747.5808,349.56635,750.5545,349.59647,2.9736938,0.03012085,2.9738464
186,750.86426,364.6703,753.77856,364.76645,2.9143066,0.09616089,2.9158926
186,768.61414,373.22568,771.5252,373.4299,2.9110718,0.20422363,2.9182265
186,675.51227,275.73102,678.8289,275.3504,3.3166504,-0.38061523,3.3384185
186,651.3063,378.65506,653.83344,378.28296,2.5271606,-0.37210083,2.554408
186,672.6234,433.35608,675.0987,433.268,2.4752808,-0.08807373,2.4768472
186,650.21484,342.27872,653.22864,342.1221,3.013794,-0.15661621,3.0178607
186,686.7922,448.4079,689.3603,448.42657,2.5681152,0.018676758,2.5681832
186,728.033,247.85806,731.51465,247.74976,3.4816284,-0.108306885,3.4833126
186,649.89575,305.74295,652.83276,305.52994,2.9370117,-0.2130127,2.9447262
186,846.53735,288.82715,849.75464,289.23837,3.2172852,0.41122437,3.2434595
186,658.06537,343.3031,660.79987,343.10587,2.734497,-0.1972351,2.741601
186,815.83014,262.74207,818.9664,262.8014,3.1362305,0.059326172,3.1367915
186,711.40765,456.02194,714.0305,456.17554,2.6228638,0.15359497,2.6273572
186,723.80853,330.95514,726.74164,330.85767,2.9331055,-0.097473145,2.9347246
186,748.24927,413.039,751.26654,413.11536,3.017273,0.07635498,3.0182388
186,659.2662,353.40005,661.91205,353.18857,2.645874,-0.21148682,2.6543128
186,718.9483,248.55797,722.4821,248.45578,3.5338135,-0.10218811,3.5352907
186,666.4957,321.16257,669.5099,320.86246,3.0141602,-0.30010986,3.0290637
186,708.5718,314.67587,711.486,314.52682,2.9142456,-0.14904785,2.9180546
186,704.5676,349.0919,707.42316,349.00024,2.8555298,-0.09164429,2.857
186,654.27203,433.00095,656.77966,432.7367,2.5076294,-0.2642517,2.5215142
186,705.47064,313.7487,708.42474,313.46173,2.9541016,-0.2869568,2.9680061
186,732.1734,331.02847,735.2135,330.94678,3.0401,-0.08169556,3.0411975
186,661.3603,379.57257,663.9317,379.39218,2.5714111,-0.1803894,2.5777307
186,803.21027,263.6629,806.2949,263.6724,3.0846558,0.009490967,3.0846703
186,798.6088,305.8545,801.7423,306.01108,3.133484,0.1565857,3.1373937
186,763.42957,348.80038,766.43713,348.96936,3.0075684,0.16897583,3.0123115
186,771.9913,381.0218,774.9137,381.2967,2.9224243,0.27490234,2.9353254
186,645.75397,404.6601,648.5837,404.58862,2.829712,-0.07147217,2.8306143
186,629.26166,329.18814,632.1983,328.8926,2.9366455,-0.29553223,2.9514787
186,782.93835,254.31393,786.0538,254.3386,3.1154175,0.024658203,3.115515
186,752.66156,307.41818,755.85516,307.53928,3.1936035,0.12109375,3.1958985
186,714.2152,409.89352,716.5948,409.95258,2.3795776,0.059051514,2.3803103
186,766.57837,391.04166,769.5144,391.30038,2.9360352,0.25872803,2.947413
186,683.319,417.68872,686.00757,417.5033,2.6885986,-0.1854248,2.6949852
186,642.3873,334.73425,645.3347,334.25735,2.9473877,-0.4768982,2.9857204
186,786.0053,364.06332,788.9014,364.28436,2.8961182,0.22103882,2.904541
187,750.5545,349.59647,753.13727,349.6286,2.5827637,0.03213501,2.5829637
187,753.77856,364.76645,756.3646,364.82846,2.5860596,0.06201172,2.586803
187,771.5252,373.4299,774.02905,373.46103,2.5038452,0.03112793,2.5040388
187,678.8289,275.3504,681.6252,275.1301,2.7962646,-0.2203064,2.8049297
187,653.83344,378.28296,656.36005,378.24026,2.5266113,-0.04269409,2.526972
187,675.0987,433.268,677.5751,433.2453,2.4763794,-0.022705078,2.4764833
187,653.22864,342.1221,655.9196,341.75638,2.690979,-0.36572266,2.7157173
187,689.3603,448.42657,691.5497,448.43234,2.189392,0.0057678223,2.1893997
187,731.51465,247.74976,734.4155,247.67677,2.900879,-0.07298279,2.9017968
187,652.83276,305.52994,655.6396,305.13586,2.8068237,-0.3940735,2.8343523
187,849.75464,289.23837,852.625,289.13428,2.8703613,-0.10409546,2.8722482
187,660.79987,343.10587,663.3011,342.78473,2.5012207,-0.32113647,2.521752
187,818.9664,262.8014,821.9839,262.90387,3.017517,0.10247803,3.0192568
187,714.0305,456.17554,716.32306,456.3186,2.2925415,0.1430664,2.2970011
187,726.74164,330.85767,729.69086,330.7121,2.9492188,-0.14556885,2.952809
187,751.26654,413.11536,753.456,413.0566,2.1894531,-0.058746338,2.190241
187,661.91205,353.18857,664.606,352.86227,2.6939697,-0.32629395,2.713658
187,722.4821,248.45578,725.1124,248.44293,2.63031,-0.0128479,2.6303413
187,669.5099,320.86246,672.32025,320.7019,2.8103638,-0.16055298,2.8149462
187,711.486,314.52682,714.24316,314.41113,2.757141,-0.11569214,2.7595673
187,707.42316,349.00024,710.0071,348.94418,2.5839233,-0.05606079,2.5845315
187,656.77966,432.7367,659.2825,432.78595,2.5028076,0.04925537,2.5032923
187,708.42474,313.46173,711.1202,313.4609,2.6954346,-0.0008239746,2.6954346
187,735.2135,330.94678,737.87146,330.9036,2.657959,-0.043182373,2.6583097
187,663.9317,379.39218,666.40295,379.29004,2.4712524,-0.102142334,2.4733624
187,806.2949,263.6724,809.34814,263.766,3.0532227,0.09359741,3.054657
187,801.7423,306.01108,804.5997,306.24384,2.8573608,0.23275757,2.8668253
187,766.43713,348.96936,768.97034,349.0021,2.5332031,0.03274536,2.5334148
187,774.9137,381.2967,777.45337,381.35815,2.5396729,0.061462402,2.5404165
187,648.5837,404.58862,650.9095,404.0849,2.3258057,-0.50372314,2.3797288
187,632.1983,328.8926,634.7084,328.35397,2.5100708,-0.53863525,2.567213
187,786.0538,254.3386,788.7967,254.413,2.74292,0.074401855,2.743929
187,755.85516,307.53928,758.78876,307.55118,2.9335938,0.0119018555,2.933618
187,716.5948,409.95258,719.0738,410.0524,2.479004,0.099823,2.4810128
187,769.5144,391.30038,771.95465,391.34436,2.4402466,0.04397583,2.4406428
187,686.00757,417.5033,688.47424,417.54556,2.4666748,0.042266846,2.467037
187,645.3347,334.25735,647.9189,333.8526,2.5841675,-0.40475464,2.6156735
187,788.9014,364.28436,791.4539,364.4499,2.5524902,0.16552734,2.5578518
188,753.13727,349.6286,755.63617,349.75916,2.4989014,0.1305542,2.5023096
188,756.3646,364.82846,758.8152,365.03522,2.4505615,0.20675659,2.4592683
188,774.02905,373.46103,776.51996,373.81598,2.4909058,0.35494995,2.5160685
188,681.6252,275.1301,684.3893,274.96133,2.7640991,-0.1687622,2.769246
188,656.36005,378.24026,658.8512,377.90616,2.49115,-0.33410645,2.5134547
188,677.5751,433.2453,679.6494,433.11142,2.0743408,-0.13388062,2.0786567
188,655.9196,341.75638,658.52203,341.49542,2.602417,-0.2609558,2.615468
188,691.5497,448.43234,693.68353,448.50037,2.13385,0.06802368,2.134934
188,734.4155,247.67677,737.43933,247.70546,3.0238037,0.028686523,3.0239398
188,655.6396,305.13586,658.1809,304.69067,2.5413208,-0.44519043,2.5800207
188,852.625,289.13428,855.544,289.71393,2.9190063,0.5796509,2.976003
188,663.3011,342.78473,665.98987,342.49396,2.6887817,-0.29077148,2.7044585
188,821.9839,262.90387,824.9246,263.25522,2.9407349,0.35134888,2.9616497
188,716.32306,456.3186,718.591,456.49323,2.2679443,0.17462158,2.274657
188,729.69086,330.7121,732.0384,330.74872,2.3475342,0.036621094,2.3478198
188,753.456,413.0566,755.7826,413.37924,2.3265991,0.32263184,2.3488624
188,664.606,352.86227,667.063,352.5263,2.4569702,-0.33596802,2.479834
188,725.1124,248.44293,728.46027,248.42952,3.3478394,-0.013412476,3.3478663
188,672.32025,320.7019,674.80743,320.52148,2.4871826,-0.18041992,2.493718
188,714.24316,314.41113,716.5924,314.39694,2.3492432,-0.014190674,2.349286
188,710.0071,348.94418,712.6236,348.9578,2.616516,0.01361084,2.6165516
188,659.2825,432.78595,661.40076,432.53418,2.1182861,-0.25177002,2.1331959
188,711.1202,313.4609,713.6267,313.4389,2.5065308,-0.022003174,2.5066273
188,737.87146,330.9036,740.28107,330.88934,2.409607,-0.014251709,2.4096491
188,666.40295,379.29004,668.90137,379.16605,2.498413,-0.12399292,2.501488
188,809.34814,263.766,812.42194,264.08112,3.0737915,0.3151245,3.0899026
188,804.5997,306.24384,807.33685,306.39288,2.7371826,0.14904785,2.7412376
188,768.97034,349.0021,771.6877,349.3981,2.7173462,0.3959961,2.7460487
188,777.45337,381.35815,779.95874,381.7958,2.505371,0.4376526,2.5433097
188,650.9095,404.0849,653.0875,403.98474,2.1780396,-0.10015869,2.1803412
188,634.7084,328.35397,637.2048,328.29657,2.496399,-0.057403564,2.4970589
188,788.7967,254.413,791.64105,254.50684,2.8443604,0.09384155,2.845908
188,758.78876,307.55118,761.42816,307.72537,2.6394043,0.17419434,2.6451461
188,719.0738,410.0524,721.4871,410.15616,2.41333,0.103759766,2.4155595
188,771.95465,391.34436,774.39105,391.75583,2.4364014,0.4114685,2.4709022
188,688.47424,417.54556,690.5372,417.47278,2.0629272,-0.072784424,2.064211
188,647.9189,333.8526,650.4434,333.56607,2.5245361,-0.28652954,2.5407443
188,791.4539,364.4499,793.97076,364.9038,2.5168457,0.45391846,2.5574508
189,755.63617,349.75916,757.9028,349.92215,2.2666016,0.16299438,2.2724545
189,758.8152,365.03522,761.1095,365.302,2.2943115,0.26678467,2.3097706
189,776.51996,373.81598,778.79877,374.07538,2.2788086,0.2593994,2.293525
189,684.3893,274.96133,686.9593,274.75128,2.5700073,-0.21005249,2.578577
189,658.8512,377.90616,660.88416,377.68,2.032959,-0.22616577,2.0455008
189,679.6494,433.11142,681.7575,433.0428,2.1080933,-0.06863403,2.1092103
189,658.52203,341.49542,660.914,341.44672,2.3919678,-0.048706055,2.3924637
189,693.68353,448.50037,695.69824,448.53497,2.0147095,0.034606934,2.0150068
189,737.43933,247.70546,739.9518,247.73985,2.5124512,0.03439331,2.5126865
189,658.1809,304.69067,660.5482,304.4009,2.3673096,-0.2897644,2.3849776
189,855.544,289.71393,858.3843,290.45496,2.840271,0.74102783,2.9353468
189,665.98987,342.49396,668.0561,342.39246,2.0662231,-0.101501465,2.0687146
189,824.9246,263.25522,827.6905,263.52167,2.7658691,0.26644897,2.7786736
189,718.591,456.49323,720.382,456.59454,1.7910156,0.10131836,1.7938792
189,732.0384,330.74872,734.4847,330.77652,2.446289,0.027801514,2.4464471
189,755.7826,413.37924,758.00354,413.76782,2.2209473,0.38858032,2.2546844
189,667.063,352.5263,669.2166,352.4657,2.1536255,-0.06060791,2.154478
189,728.46027,248.42952,731.1817,248.44923,2.7214355,0.019714355,2.7215068
189,674.80743,320.52148,677.2207,320.0875,2.413269,-0.43399048,2.4519818
189,716.5924,314.39694,719.0362,314.32504,2.4437866,-0.071899414,2.444844
189,712.6236,348.9578,714.9414,348.9242,2.31781,-0.033599854,2.3180537
189,661.40076,432.53418,663.4388,432.36078,2.038025,-0.17340088,2.0453882
189,713.6267,313.4389,716.1839,313.33664,2.55719,-0.102264404,2.559234
189,740.28107,330.88934,742.6907,331.10464,2.409607,0.21530151,2.4192066
189,668.90137,379.16605,670.9785,379.21964,2.0771484,0.053588867,2.0778396
189,812.42194,264.08112,815.0433,264.32635,2.621338,0.24523926,2.6327846
189,807.33685,306.39288,809.8013,306.88705,2.4644165,0.49417114,2.5134745
189,771.6877,349.3981,773.7754,349.47086,2.0877075,0.072753906,2.088975
189,779.95874,381.7958,782.2618,382.07358,2.3030396,0.277771,2.31973
189,653.0875,403.98474,655.43256,403.59167,2.3450317,-0.3930664,2.3777459
189,637.2048,328.29657,639.69104,327.77692,2.486267,-0.5196533,2.5399928
189,791.64105,254.50684,793.9707,254.55113,2.3296509,0.044296265,2.330072
189,761.42816,307.72537,763.8871,307.89597,2.4589233,0.17059326,2.464834
189,721.4871,410.15616,723.5133,410.4351,2.026184,0.27893066,2.045293
189,774.39105,391.75583,776.6695,391.85574,2.2784424,0.09991455,2.2806323
189,690.5372,417.47278,692.7488,417.40652,2.211609,-0.06625366,2.2126012
189,650.4434,333.56607,652.84753,333.46,2.4041138,-0.1060791,2.406453
189,793.97076,364.9038,796.3966,365.25305,2.4258423,0.34924316,2.450853
190,757.9028,349.92215,760.27997,350.014,2.3771973,0.09185791,2.3789713
190,761.1095,365.302,763.3868,365.43378,2.2772827,0.1317749,2.2810922
190,778.79877,374.07538,781.0614,374.31378,2.2626343,0.23840332,2.2751594
190,686.9593,274.75128,689.4564,274.3933,2.4971313,-0.3579712,2.522659
190,660.88416,377.68,663.26874,377.31567,2.3845825,-0.36431885,2.4122524
190,681.7575,433.0428,683.81287,433.05826,2.055359,0.015472412,2.055417
190,660.914,341.44672,662.9446,341.32477,2.0305786,-0.12194824,2.0342371
190,695.69824,448.53497,697.7598,448.6563,2.0615845,0.12133789,2.0651522
190,739.9518,247.73985,742.5808,247.69438,2.6290283,-0.04547119,2.6294215
190,660.5482,304.4009,662.9701,304.02045,2.421875,-0.38046265,2.4515772
190,858.3843,290.45496,860.86804,290.6071,2.4837646,0.15213013,2.4884193
190,668.0561,342.39246,670.33405,342.0916,2.277954,-0.3008423,2.2977338
190,827.6905,263.52167,830.16113,263.4569,2.470642,-0.0647583,2.4714906
190,720.382,456.59454,722.5626,457.0523,2.180603,0.45776367,2.2281332
190,734.4847,330.77652,736.71625,330.74152,2.2315674,-0.035003662,2.231842
190,758.00354,413.76782,759.9673,413.8613,1.9637451,0.09347534,1.9659686
190,669.2166,352.4657,671.4652,352.16245,2.2485962,-0.30325317,2.2689528
190,731.1817,248.44923,733.6406,248.42212,2.4589233,-0.027114868,2.4590728
190,677.2207,320.0875,679.45703,319.7357,2.2363281,-0.35180664,2.2638311
190,719.0362,314.32504,721.17535,314.24847,2.1391602,-0.0765686,2.14053
190,714.9414,348.9242,717.1025,348.7753,2.1610718,-0.14889526,2.1661952
190,663.4388,432.36078,665.4724,432.34778,2.0336304,-0.013000488,2.0336719
190,716.1839,313.33664,718.4871,313.25888,2.3032227,-0.07775879,2.304535
190,742.6907,331.10464,744.7339,331.03812,2.043213,-0.06652832,2.0442958
190,670.9785,379.21964,673.3081,379.23642,2.3295898,0.016784668,2.3296502
190,815.0433,264.32635,817.52966,264.26813,2.4863892,-0.05822754,2.4870708
190,809.8013,306.88705,812.25275,306.92725,2.451477,0.04019165,2.4518065
190,773.7754,349.47086,776.21466,349.73465,2.43927,0.26379395,2.4534926
190,782.2618,382.07358,784.4327,382.3305,2.1708984,0.2569275,2.1860495
190,655.43256,403.59167,657.5019,403.32483,2.069336,-0.2668457,2.0864701
190,639.69104,327.77692,641.9884,327.16626,2.2973633,-0.61065674,2.3771367
190,793.9707,254.55113,796.45807,254.5748,2.4873657,0.023666382,2.4874783
190,763.8871,307.89597,766.26044,307.83127,2.373352,-0.064697266,2.3742337
190,723.5133,410.4351,725.8202,410.44757,2.3068848,0.012481689,2.3069186
190,776.6695,391.85574,778.7647,392.3703,2.0952148,0.5145569,2.1574738
190,692.7488,417.40652,694.8327,417.4499,2.0839233,0.04336548,2.0843747
190,652.84753,333.46,655.1324,332.90735,2.284851,-0.5526428,2.3507357
190,796.3966,365.25305,798.5509,365.39386,2.1542969,0.1408081,2.1588936
191,760.27997,350.014,762.5654,349.86572,2.2854614,-0.14828491,2.2902668
191,763.3868,365.43378,765.6701,365.37018,2.2833252,-0.06359863,2.2842107
191,781.0614,374.31378,783.39984,374.35495,2.33844,0.041168213,2.3388023
191,689.4564,274.3933,692.0006,273.81012,2.5441895,-0.5831909,2.6101747
191,663.26874,377.31567,665.6026,376.97488,2.3338623,-0.3407898,2.358612
191,683.81287,433.05826,685.95575,432.9082,2.1428833,-0.15005493,2.1481307
191,662.9446,341.32477,665.3459,341.1141,2.4013062,-0.21066284,2.410529
191,697.7598,448.6563,699.75275,448.68695,1.9929199,0.030639648,1.9931555
191,742.5808,247.69438,745.306,247.43431,2.7252197,-0.2600708,2.737601
191,662.9701,304.02045,665.50214,303.38354,2.5320435,-0.63690186,2.610917
191,860.86804,290.6071,863.68256,290.7994,2.8145142,0.19232178,2.8210773
191,670.33405,342.0916,672.7835,341.6447,2.449463,-0.4468994,2.489897
191,830.16113,263.4569,832.7542,263.32153,2.5930786,-0.13537598,2.59661
191,722.5626,457.0523,724.55096,457.22055,1.9883423,0.16824341,1.9954475
191,736.71625,330.74152,739.10443,330.40213,2.3881836,-0.339386,2.4121783
191,759.9673,413.8613,762.3159,414.12027,2.3486328,0.25897217,2.3628676
191,671.4652,352.16245,673.8238,351.66055,2.3585815,-0.5018921,2.41139
191,733.6406,248.42212,737.038,247.93314,3.3974,-0.48898315,3.4324088
191,679.45703,319.7357,681.6105,319.332,2.1534424,-0.40368652,2.1909535
191,721.17535,314.24847,723.75226,313.88165,2.5769043,-0.3668213,2.6028817
191,717.1025,348.7753,719.48505,348.45767,2.3825684,-0.31762695,2.403647
191,665.4724,432.34778,667.7183,432.24084,2.2459106,-0.106933594,2.248455
191,718.4871,313.25888,720.72864,312.8956,2.241516,-0.36328125,2.2707636
191,744.7339,331.03812,747.47076,330.67728,2.7368774,-0.36083984,2.7605622
191,673.3081,379.23642,675.49,378.39505,2.1818848,-0.8413696,2.3384876
191,817.52966,264.26813,820.0811,263.97852,2.5514526,-0.28961182,2.5678368
191,812.25275,306.92725,814.63544,306.79758,2.3826904,-0.12966919,2.3862162
191,776.21466,349.73465,778.63055,349.6997,2.4158936,-0.034942627,2.4161463
191,784.4327,382.3305,786.76666,382.3854,2.3339844,0.054901123,2.33463
191,657.5019,403.32483,659.57947,403.2782,2.0775757,-0.04663086,2.078099
191,641.9884,327.16626,644.2475,326.94485,2.2590942,-0.22140503,2.2699177
191,796.45807,254.5748,799.0592,254.51863,2.6011353,-0.056167603,2.6017416
191,766.26044,307.83127,768.8372,307.6747,2.5767822,-0.15655518,2.5815337
191,725.8202,410.44757,727.5516,410.5751,1.7313843,0.12753296,1.7360749
191,778.7647,392.3703,781.08167,392.3686,2.3169556,-0.0017089844,2.3169563
191,694.8327,417.4499,697.0035,417.35492,2.1707764,-0.0949707,2.172853
191,655.1324,332.90735,657.4875,332.4178,2.3551025,-0.489563,2.405448
191,798.5509,365.39386,800.91486,365.55795,2.3639526,0.16409302,2.369641
192,762.5654,349.86572,765.05133,349.85294,2.4859009,-0.012786865,2.4859338
192,765.6701,365.37018,768.1542,365.4175,2.4840698,0.047332764,2.4845207
192,783.39984,374.35495,785.8558,374.4335,2.4559326,0.078552246,2.4571886
192,692.0006,273.81012,694.5334,273.42603,2.5327759,-0.38409424,2.5617342
192,665.6026,376.97488,667.9914,376.68985,2.388794,-0.28503418,2.405739
192,685.95575,432.9082,688.2731,432.77252,2.3173218,-0.13568115,2.3212905
192,665.3459,341.1141,667.84235,340.347,2.49646,-0.76712036,2.6116633
192,699.75275,448.68695,701.9761,448.76184,2.2233276,0.07489014,2.2245886
192,745.306,247.43431,747.9441,247.25073,2.6380615,-0.18357849,2.6444414
192,665.50214,303.38354,667.9168,302.93045,2.4146729,-0.45309448,2.456815
192,863.68256,290.7994,866.3861,290.6997,2.7035522,-0.09970093,2.70539
192,672.7835,341.6447,675.289,341.19086,2.5054932,-0.45385742,2.5462682
192,832.7542,263.32153,835.49615,263.23492,2.7419434,-0.08660889,2.743311
192,724.55096,457.22055,726.648,457.39737,2.097046,0.17681885,2.1044872
192,739.10443,330.40213,741.7857,330.234,2.6812744,-0.16812134,2.6865401
192,762.3159,414.12027,764.6706,414.21704,2.3546753,0.09677124,2.356663
192,673.8238,351.66055,676.3545,351.19275,2.5307007,-0.46780396,2.5735748
192,737.038,247.93314,739.68243,247.77798,2.6444092,-0.15515137,2.6489568
192,681.6105,319.332,684.2152,318.84418,2.6047363,-0.4878235,2.6500232
192,723.75226,313.88165,725.9041,313.50055,2.1518555,-0.38110352,2.1853426
192,719.48505,348.45767,722.03107,348.26218,2.5460205,-0.1954956,2.553515
192,667.7183,432.24084,669.8863,432.0452,2.1679688,-0.1956482,2.176779
192,720.72864,312.8956,723.22864,312.41577,2.5,-0.47982788,2.5456305
192,747.47076,330.67728,749.8132,330.66602,2.3424072,-0.011260986,2.3424344
192,675.49,378.39505,678.0228,378.28723,2.532837,-0.1078186,2.5351307
192,820.0811,263.97852,822.8162,263.9164,2.7351074,-0.06210327,2.7358124
192,814.63544,306.79758,817.1131,306.7398,2.4776611,-0.057769775,2.4783347
192,778.63055,349.6997,781.1301,349.74072,2.4995728,0.041015625,2.4999092
192,786.76666,382.3854,789.26434,382.48376,2.4976807,0.098358154,2.4996166
192,659.57947,403.2782,661.73596,402.62146,2.1564941,-0.6567383,2.2542787
192,644.2475,326.94485,646.606,326.70175,2.3585205,-0.24310303,2.3710163
192,799.0592,254.51863,801.62933,254.45999,2.5701294,-0.058639526,2.5707982
192,768.8372,307.6747,771.44586,307.65726,2.6086426,-0.017456055,2.608701
192,727.5516,410.5751,729.92865,410.65692,2.3770752,0.08181763,2.3784828
192,781.08167,392.3686,783.4156,392.5152,2.3339233,0.14660645,2.3385234
192,697.0035,417.35492,699.33716,417.33594,2.3336792,-0.018981934,2.3337564
192,657.4875,332.4178,659.9939,331.92584,2.5064087,-0.49194336,2.5542305
192,800.91486,365.55795,803.369,365.68152,2.4541626,0.123565674,2.4572713
193,765.05133,349.85294,767.44507,349.8249,2.3937378,-0.028045654,2.393902
193,768.1542,365.4175,770.49805,365.44873,2.343872,0.031219482,2.34408
193,785.8558,374.4335,788.2935,374.59152,2.4377441,0.15802002,2.4428604
193,694.5334,273.42603,697.1877,273.02298,2.6542969,-0.40304565,2.6847231
193,667.9914,376.68985,670.1939,376.22998,2.2025146,-0.45986938,2.2500112
193,688.2731,432.77252,690.29974,432.63696,2.0266724,-0.13555908,2.031201
193,667.84235,340.347,670.2373,339.8795,2.3949585,-0.46749878,2.44016
193,701.9761,448.76184,704.11,448.78165,2.1339111,0.019805908,2.1340032
193,747.9441,247.25073,750.6611,247.04832,2.71698,-0.20240784,2.724509
193,667.9168,302.93045,670.527,302.56317,2.6101685,-0.36727905,2.635882
193,866.3861,290.6997,869.41736,291.3182,3.03125,0.61849976,3.0937061
193,675.289,341.19086,677.4798,340.6665,2.190796,-0.524353,2.2526724
193,835.49615,263.23492,838.16565,263.23798,2.6694946,0.0030517578,2.6694965
193,726.648,457.39737,728.57654,457.52484,1.9285278,0.12747192,1.9327362
193,741.7857,330.234,744.2082,330.10742,2.4224854,-0.12658691,2.4257905
193,764.6706,414.21704,766.87396,414.51727,2.2033691,0.30023193,2.2237298
193,676.3545,351.19275,678.7586,350.74585,2.4041138,-0.4468994,2.445298
193,739.68243,247.77798,742.43335,247.63663,2.7509155,-0.14135742,2.754545
193,684.2152,318.84418,686.7425,318.6578,2.5272827,-0.18637085,2.5341454
193,725.9041,313.50055,728.6476,313.4565,2.7434692,-0.044036865,2.7438226
193,722.03107,348.26218,724.45984,348.14713,2.428772,-0.11505127,2.4314954
193,669.8863,432.0452,672.023,431.99265,2.1367188,-0.05255127,2.1373649
193,723.22864,312.41577,725.7951,312.22495,2.5664673,-0.19082642,2.573552
193,749.8132,330.66602,752.1297,330.65973,2.3165283,-0.006286621,2.316537
193,678.0228,378.28723,680.308,377.96182,2.2851562,-0.32540894,2.3082092
193,822.8162,263.9164,825.43976,263.89313,2.6235352,-0.023284912,2.6236384
193,817.1131,306.7398,819.64526,306.76395,2.5321655,0.024139404,2.5322807
193,781.1301,349.74072,783.533,349.82806,2.402893,0.08734131,2.40448
193,789.26434,382.48376,791.6753,382.7202,2.4109497,0.2364502,2.4225166
193,661.73596,402.62146,664.15137,402.03397,2.4154053,-0.5874939,2.4858263
193,646.606,326.70175,649.18036,325.97906,2.5743408,-0.72268677,2.673856
193,801.62933,254.45999,804.5022,254.39035,2.8728638,-0.06964111,2.8737078
193,771.44586,307.65726,773.9059,307.6549,2.460022,-0.0023498535,2.4600232
193,729.92865,410.65692,732.2992,410.66052,2.3705444,0.0036010742,2.3705473
193,783.4156,392.5152,785.91376,392.83804,2.498169,0.32284546,2.5189435
193,699.33716,417.33594,701.5125,417.24265,2.175354,-0.09329224,2.1773534
193,659.9939,331.92584,662.47034,331.46786,2.4764404,-0.4579773,2.5184321
193,803.369,365.68152,805.84436,365.9626,2.4753418,0.2810669,2.491248
194,767.44507,349.8249,769.89154,349.74374,2.4464722,-0.08114624,2.4478176
194,770.49805,365.44873,772.9355,365.47516,2.437439,0.026428223,2.4375823
194,788.2935,374.59152,790.6777,374.6813,2.3841553,0.089782715,2.3858452
194,697.1877,273.02298,700.1227,272.49146,2.9349976,-0.53152466,2.9827385
194,670.1939,376.22998,672.5992,375.62497,2.4052734,-0.605011,2.4801972
194,690.29974,432.63696,692.45636,432.33737,2.1566162,-0.29959106,2.177326
194,670.2373,339.8795,672.763,339.21606,2.5256958,-0.66342163,2.6113727
194,704.11,448.78165,706.0422,448.65067,1.93219,-0.13098145,1.9366244
194,750.6611,247.04832,753.5129,246.82805,2.8518066,-0.22027588,2.860301
194,670.527,302.56317,673.3856,301.8286,2.8586426,-0.7345581,2.9515104
194,869.41736,291.3182,872.31024,291.37473,2.8928833,0.056518555,2.8934355
194,677.4798,340.6665,680.11383,340.20062,2.6340332,-0.46588135,2.674916
194,838.16565,263.23798,841.1646,263.31522,2.9989624,0.07723999,2.9999568
194,728.57654,457.52484,730.6433,457.56003,2.0667725,0.035186768,2.067072
194,744.2082,330.10742,746.7869,329.75507,2.5787354,-0.35235596,2.602697
194,766.87396,414.51727,768.90045,414.54227,2.0264893,0.024993896,2.0266435
194,678.7586,350.74585,681.17883,350.21265,2.420227,-0.5332031,2.4782665
194,742.43335,247.63663,745.19073,247.49089,2.7573853,-0.1457367,2.7612338
194,686.7425,318.6578,689.4543,318.04053,2.711792,-0.61727905,2.7811596
194,728.6476,313.4565,731.07825,313.1057,2.430664,-0.35079956,2.4558477
194,724.45984,348.14713,726.8591,347.6975,2.399231,-0.44961548,2.4409964
194,672.023,431.99265,674.35406,431.6968,2.3310547,-0.2958374,2.3497522
194,725.7951,312.22495,728.3554,311.9383,2.5603027,-0.2866516,2.5762994
194,752.1297,330.65973,754.6424,330.60297,2.5126953,-0.056762695,2.5133364
194,680.308,377.96182,682.38477,377.30118,2.0767822,-0.66064453,2.1793292
194,825.43976,263.89313,828.4464,263.99512,3.0066528,0.101989746,3.008382
194,819.64526,306.76395,822.3937,306.84665,2.748413,0.08270264,2.7496572
194,783.533,349.82806,785.94415,349.82037,2.4111328,-0.0076904297,2.411145
194,791.6753,382.7202,794.10034,382.81943,2.4250488,0.09921265,2.4270775
194,664.15137,402.03397,666.19977,401.2862,2.0484009,-0.7477722,2.1806214
194,649.18036,325.97906,651.7295,325.38998,2.5491333,-0.5890808,2.6163137
194,804.5022,254.39035,807.18,254.36266,2.6777954,-0.027694702,2.6779387
194,773.9059,307.6549,776.835,307.70096,2.9291382,0.046051025,2.9295
194,732.2992,410.66052,734.28687,410.66547,1.9876709,0.0049438477,1.9876771
194,785.91376,392.83804,788.178,392.91766,2.2642212,0.07962036,2.2656207
194,701.5125,417.24265,703.6059,416.9414,2.0933838,-0.301239,2.1149468
194,662.47034,331.46786,665.04315,330.8004,2.572815,-0.66744995,2.6579816
194,805.84436,365.9626,808.1865,366.07602,2.342163,0.11343384,2.3449085
195,769.89154,349.74374,772.433,349.6346,2.5414429,-0.10913086,2.5437849
195,772.9355,365.47516,775.4522,365.48996,2.5167236,0.014801025,2.5167673
195,790.6777,374.6813,793.1683,374.77155,2.4906006,0.09024048,2.492235
195,700.1227,272.49146,703.0325,271.81116,2.90979,-0.68029785,2.9882574
195,672.5992,375.62497,675.0984,374.97858,2.4992065,-0.6463928,2.5814447
195,692.45636,432.33737,694.4169,431.8546,1.9605103,-0.48275757,2.019073
195,672.763,339.21606,675.1851,338.68326,2.4221191,-0.5328064,2.4800289
195,706.0422,448.65067,708.0829,448.41473,2.0407104,-0.2359314,2.0543034
195,753.5129,246.82805,757.04156,246.41728,3.5286865,-0.4107666,3.5525143
195,673.3856,301.8286,676.0872,301.13034,2.7015991,-0.6982727,2.7903802
195,872.31024,291.37473,875.3023,291.55005,2.9920654,0.17532349,2.9971976
195,680.11383,340.20062,682.5254,339.60303,2.41156,-0.5975952,2.4845004
195,841.1646,263.31522,844.1231,263.31866,2.958496,0.0034484863,2.958498
195,730.6433,457.56003,733.03033,457.81055,2.387024,0.2505188,2.4001338
195,746.7869,329.75507,749.388,329.4805,2.6010742,-0.27456665,2.6155255
195,768.90045,414.54227,771.1843,414.59155,2.2838745,0.04928589,2.2844062
195,681.17883,350.21265,683.5044,349.64145,2.3255615,-0.5711975,2.3946824
195,745.19073,247.49089,747.98413,247.24231,2.793396,-0.24858093,2.8044345
195,689.4543,318.04053,691.96515,317.39264,2.5108643,-0.6478882,2.593106
195,731.07825,313.1057,733.83405,312.73334,2.7557983,-0.3723755,2.780843
195,726.8591,347.6975,729.70276,347.46875,2.843689,-0.22875977,2.8528755
195,674.35406,431.6968,676.383,431.282,2.0289307,-0.41479492,2.0708969
195,728.3554,311.9383,731.2638,311.35626,2.9083862,-0.58203125,2.966053
195,754.6424,330.60297,757.08167,330.36353,2.43927,-0.23944092,2.4509938
195,682.38477,377.30118,684.6916,376.9694,2.3068237,-0.3317871,2.3305619
195,828.4464,263.99512,831.5666,263.99045,3.1201782,-0.0046691895,3.1201816
195,822.3937,306.84665,825.3306,306.86548,2.9369507,0.018829346,2.937011
195,785.94415,349.82037,788.7184,350.125,2.774231,0.30462646,2.7909057
195,794.10034,382.81943,796.5489,382.9807,2.4485474,0.1612854,2.4538536
195,666.19977,401.2862,668.5788,401.23193,2.3790283,-0.054260254,2.379647
195,651.7295,325.38998,654.29706,324.5781,2.567566,-0.81188965,2.692872
195,807.18,254.36266,810.1166,254.27737,2.9365845,-0.08528137,2.9378226
195,776.835,307.70096,779.50165,307.5099,2.666626,-0.19107056,2.6734626
195,734.28687,410.66547,736.3538,410.58563,2.0669556,-0.079833984,2.0684967
195,788.178,392.91766,790.3158,393.00238,2.1378174,0.0847168,2.1394954
195,703.6059,416.9414,705.8862,416.78076,2.2803345,-0.16064453,2.285986
195,665.04315,330.8004,667.56195,330.1487,2.5187988,-0.6517029,2.6017425
195,808.1865,366.07602,810.7259,366.24866,2.5393677,0.17263794,2.5452292
196,772.433,349.6346,774.9868,349.5023,2.553833,-0.13232422,2.5572588
196,775.4522,365.48996,777.88214,365.42212,2.4299316,-0.067840576,2.4308784
196,793.1683,374.77155,795.6096,374.80402,2.4413452,0.032470703,2.4415612
196,703.0325,271.81116,706.0174,271.21967,2.9849243,-0.5914917,3.042965
196,675.0984,374.97858,677.48364,374.42255,2.385254,-0.5560303,2.4492052
196,694.4169,431.8546,696.5377,431.53867,2.1208496,-0.3159485,2.1442542
196,675.1851,338.68326,677.998,337.85898,2.8128662,-0.8242798,2.9311523
196,708.0829,448.41473,709.89124,448.28845,1.8083496,-0.12628174,1.8127536
196,757.04156,246.41728,760.08246,246.08157,3.0408936,-0.33570862,3.0593684
196,676.0872,301.13034,679.0936,300.20657,3.0064087,-0.9237671,3.1451294
196,875.3023,291.55005,878.2783,291.9622,2.9760132,0.4121399,3.0044155
196,682.5254,339.60303,685.2965,338.89993,2.7711182,-0.7030945,2.8589225
196,844.1231,263.31866,847.0734,263.3672,2.9503174,0.04852295,2.9507163
196,733.03033,457.81055,734.6954,457.7534,1.6650391,-0.057159424,1.6660199
196,749.388,329.4805,751.8838,329.10065,2.4957886,-0.3798523,2.5245292
196,771.1843,414.59155,773.51685,414.6655,2.3325195,0.07394409,2.3336914
196,683.5044,349.64145,686.04205,348.76923,2.5376587,-0.8722229,2.6833718
196,747.98413,247.24231,750.7001,246.9905,2.7159424,-0.2518158,2.7275913
196,691.96515,317.39264,694.8836,316.75375,2.918457,-0.6388855,2.9875686
196,733.83405,312.73334,736.44446,312.41446,2.6104126,-0.31887817,2.629817
196,729.70276,347.46875,732.2096,346.9147,2.506836,-0.55404663,2.567332
196,676.383,431.282,678.5758,431.05365,2.19281,-0.22836304,2.204669
196,731.2638,311.35626,734.24634,311.11865,2.982544,-0.23760986,2.991994
196,757.08167,330.36353,759.66455,330.18378,2.5828857,-0.17974854,2.5891328
196,684.6916,376.9694,687.23627,376.4638,2.5446777,-0.5055847,2.594417
196,831.5666,263.99045,834.4578,263.9649,2.8912354,-0.025543213,2.8913481
196,825.3306,306.86548,828.16736,306.84137,2.836731,-0.024108887,2.8368335
196,788.7184,350.125,791.23566,350.03864,2.517273,-0.086364746,2.518754
196,796.5489,382.9807,798.9622,383.0837,2.41333,0.102996826,2.4155269
196,668.5788,401.23193,670.593,400.499,2.0142212,-0.7329407,2.1434293
196,654.29706,324.5781,657.24835,323.71924,2.951294,-0.8588562,3.0737226
196,810.1166,254.27737,813.24274,254.37965,3.1261597,0.10227966,3.1278322
196,779.50165,307.5099,782.3448,307.42587,2.8431396,-0.08401489,2.8443806
196,736.3538,410.58563,738.3818,410.63348,2.027954,0.047851562,2.0285187
196,790.3158,393.00238,792.6566,393.35556,2.3408203,0.35317993,2.367314
196,705.8862,416.78076,708.0669,416.3319,2.180664,-0.44885254,2.2263792
196,667.56195,330.1487,670.5152,329.48657,2.953247,-0.6621399,3.0265653
196,810.7259,366.24866,813.2381,366.39276,2.512207,0.144104,2.5163367
197,774.9868,349.5023,777.54944,349.4538,2.562622,-0.04849243,2.5630808
197,777.88214,365.42212,780.3701,365.38544,2.487976,-0.03668213,2.4882464
197,795.6096,374.80402,798.02423,374.90552,2.4146118,0.101501465,2.4167442
197,706.0174,271.21967,709.196,270.51016,3.1785889,-0.7095032,3.2568116
197,677.48364,374.42255,679.9748,373.62952,2.49115,-0.7930298,2.6143305
197,696.5377,431.53867,698.57275,431.16577,2.0350342,-0.3728943,2.068916
197,677.998,337.85898,680.61176,337.15942,2.6137695,-0.69955444,2.7057655
197,709.89124,448.28845,711.907,448.0158,2.015747,-0.27264404,2.034102
197,760.08246,246.08157,763.1486,245.87776,3.066162,-0.20381165,3.0729284
197,679.0936,300.20657,681.9157,299.52518,2.8220825,-0.6813965,2.9031796
197,878.2783,291.9622,881.26196,292.4048,2.9836426,0.44259644,3.0162916
197,685.2965,338.89993,687.7985,338.30032,2.5020142,-0.5996094,2.5728595
197,847.0734,263.3672,850.1754,263.57135,3.1019897,0.2041626,3.108701
197,734.6954,457.7534,736.79877,457.79294,2.1033936,0.03955078,2.1037655
197,751.8838,329.10065,754.42786,328.84592,2.5440674,-0.25473022,2.5567884
197,773.51685,414.6655,775.47003,414.65198,1.953186,-0.013519287,1.9532329
197,686.04205,348.76923,688.5478,348.19455,2.5057373,-0.5746765,2.5707922
197,750.7001,246.9905,753.7616,246.70232,3.0615234,-0.2881775,3.0750563
197,694.8836,316.75375,697.51746,316.13196,2.63385,-0.62179565,2.7062514
197,736.44446,312.41446,738.99,312.23438,2.5455322,-0.18008423,2.5518944
197,732.2096,346.9147,734.8558,346.52283,2.6461792,-0.39187622,2.6750386
197,678.5758,431.05365,680.6733,430.7369,2.0974731,-0.31674194,2.1212542
197,734.24634,311.11865,736.8024,310.73398,2.5560913,-0.38467407,2.5848746
197,759.66455,330.18378,761.8063,330.09406,2.1417236,-0.08972168,2.1436021
197,687.23627,376.4638,689.4718,375.75275,2.2355347,-0.7110596,2.3458946
197,834.4578,263.9649,837.7878,264.253,3.329956,0.28808594,3.3423946
197,828.16736,306.84137,830.8136,307.10425,2.6462402,0.26287842,2.6592655
197,791.23566,350.03864,793.73596,350.05255,2.5003052,0.013916016,2.5003438
197,798.9622,383.0837,801.4096,383.24103,2.4473877,0.15731812,2.4524386
197,670.593,400.499,672.93774,399.87646,2.3447266,-0.6225281,2.4259603
197,657.24835,323.71924,659.8825,322.77634,2.6341553,-0.9429016,2.7978272
197,813.24274,254.37965,816.3611,254.52406,3.1183472,0.14440918,3.121689
197,782.3448,307.42587,785.302,307.38058,2.9572144,-0.045288086,2.9575613
197,738.3818,410.63348,740.80743,410.6022,2.4256592,-0.031280518,2.425861
197,792.6566,393.35556,795.0427,393.35516,2.3861084,-0.00039672852,2.3861084
197,708.0669,416.3319,710.1714,416.1679,2.1044922,-0.16400146,2.1108727
197,670.5152,329.48657,673.0445,328.5179,2.5292969,-0.96865845,2.708439
197,813.2381,366.39276,815.7057,366.57034,2.4675903,0.17758179,2.473972
198,777.54944,349.4538,780.1946,349.263,2.6451416,-0.1907959,2.6520138
198,780.3701,365.38544,782.8654,365.3257,2.4953003,-0.0597229,2.4960148
198,798.02423,374.90552,800.5537,374.97522,2.52948,0.06970215,2.5304403
198,709.196,270.51016,712.13306,270.03198,2.9370728,-0.47817993,2.975744
198,679.9748,373.62952,682.1549,372.87946,2.1801147,-0.75006104,2.305535
198,698.57275,431.16577,700.59283,430.7235,2.0200806,-0.44226074,2.0679266
198,680.61176,337.15942,683.34827,336.44128,2.7365112,-0.71813965,2.8291726
198,711.907,448.0158,713.6799,447.71643,1.7728882,-0.29937744,1.7979876
198,763.1486,245.87776,766.695,245.45299,3.5463867,-0.42477417,3.5717351
198,681.9157,299.52518,684.8359,298.7242,2.920166,-0.80096436,3.0280213
198,881.26196,292.4048,884.4927,292.72186,3.230713,0.31707764,3.2462354
198,687.7985,338.30032,690.4371,337.51608,2.6385498,-0.7842407,2.7526312
198,850.1754,263.57135,853.4577,263.72748,3.2822876,0.15612793,3.2859988
198,736.79877,457.79294,738.59106,457.677,1.7922974,-0.11593628,1.7960432
198,754.42786,328.84592,757.0415,328.37067,2.6136475,-0.47525024,2.6565044
198,775.47003,414.65198,777.517,414.6498,2.046997,-0.002166748,2.0469983
198,688.5478,348.19455,691.16284,347.36575,2.6150513,-0.8287964,2.7432456
198,753.7616,246.70232,756.33203,246.52737,2.5704346,-0.17494202,2.576381
198,697.51746,316.13196,700.40784,315.37238,2.8903809,-0.7595825,2.9885225
198,738.99,312.23438,741.69763,311.77048,2.7076416,-0.4638977,2.7470937
198,734.8558,346.52283,737.3583,346.03738,2.5025024,-0.48544312,2.5491514
198,680.6733,430.7369,682.87573,430.55496,2.2024536,-0.1819458,2.2099562
198,736.8024,310.73398,739.74945,310.19867,2.9470215,-0.53530884,2.9952447
198,761.8063,330.09406,764.651,329.69614,2.8447266,-0.3979187,2.8724222
198,689.4718,375.75275,691.93805,374.76382,2.4662476,-0.9889221,2.6571307
198,837.7878,264.253,841.04987,264.37695,3.262085,0.1239624,3.2644393
198,830.8136,307.10425,833.94495,307.00977,3.1313477,-0.09448242,3.1327727
198,793.73596,350.05255,796.3527,350.004,2.6167603,-0.048553467,2.6172106
198,801.4096,383.24103,803.8922,383.34555,2.482605,0.104522705,2.4848044
198,672.93774,399.87646,675.0074,399.08035,2.069641,-0.79611206,2.217478
198,659.8825,322.77634,662.7047,321.70056,2.8222046,-1.0757751,3.0202866
198,816.3611,254.52406,819.7689,254.48131,3.407837,-0.042755127,3.4081051
198,785.302,307.38058,788.2628,307.32095,2.9608154,-0.059631348,2.961416
198,740.80743,410.6022,742.8533,410.20532,2.0458374,-0.3968811,2.0839782
198,795.0427,393.35516,797.3841,393.32327,2.3413696,-0.03189087,2.3415868
198,710.1714,416.1679,712.3727,415.65988,2.201294,-0.5080261,2.259156
198,673.0445,328.5179,675.7917,327.71466,2.7471924,-0.8032532,2.8622162
198,815.7057,366.57034,818.2246,366.66602,2.518921,0.09567261,2.5207372
199,780.1946,349.263,782.78577,349.07745,2.5911865,-0.18554688,2.5978212
199,782.8654,365.3257,785.37103,365.15247,2.5056152,-0.17324829,2.5115976
199,800.5537,374.97522,802.9738,374.88324,2.420105,-0.09197998,2.4218524
199,712.13306,270.03198,715.29395,269.30072,3.1608887,-0.7312622,3.2443738
199,682.1549,372.87946,684.6712,371.954,2.5162964,-0.92544556,2.6810813
199,700.59283,430.7235,702.5593,430.23544,1.9664917,-0.48806763,2.0261538
199,683.34827,336.44128,685.9565,335.83112,2.6082153,-0.61016846,2.6786363
199,713.6799,447.71643,715.5966,447.33914,1.916748,-0.37728882,1.9535276
199,766.695,245.45299,770.21985,245.11777,3.5248413,-0.33522034,3.5407455
199,684.8359,298.7242,687.6584,297.89987,2.8225098,-0.8243408,2.940425
199,884.4927,292.72186,887.5187,293.23276,3.026001,0.5108948,3.0688264
199,690.4371,337.51608,693.0232,336.94476,2.5861206,-0.5713196,2.6484761
199,853.4577,263.72748,856.5087,263.83905,3.0510254,0.111572266,3.0530648
199,738.59106,457.677,740.447,457.43558,1.855957,-0.24142456,1.8715935
199,757.0415,328.37067,759.7409,327.91205,2.6994019,-0.45861816,2.7380834
199,777.517,414.6498,779.66864,414.65396,2.1516113,0.0041503906,2.1516154
199,691.16284,347.36575,693.5849,346.73645,2.422058,-0.629303,2.5024762
199,756.33203,246.52737,758.7889,246.39403,2.4568481,-0.13334656,2.4604642
199,700.40784,315.37238,702.9554,314.7183,2.5475464,-0.65408325,2.6301744
199,741.69763,311.77048,744.3292,311.3633,2.6315918,-0.40716553,2.6629043
199,737.3583,346.03738,739.82715,345.53458,2.468872,-0.5028076,2.5195525
199,682.87573,430.55496,685.0004,430.31348,2.1246948,-0.2414856,2.138374
199,739.74945,310.19867,742.2393,309.7375,2.4898682,-0.46118164,2.5322187
199,764.651,329.69614,767.03613,329.39365,2.3851318,-0.30249023,2.4042368
199,691.93805,374.76382,694.4955,374.50934,2.557434,-0.25448608,2.5700645
199,841.04987,264.37695,844.27,264.49536,3.2201538,0.1184082,3.22233
199,833.94495,307.00977,836.7755,306.95908,2.8305664,-0.050689697,2.83102
199,796.3527,350.004,798.92883,349.86993,2.5761108,-0.13406372,2.579597
199,803.8922,383.34555,806.2888,383.2908,2.3966064,-0.054748535,2.3972318
199,675.0074,399.08035,677.13684,398.32864,2.1294556,-0.751709,2.25824
199,662.7047,321.70056,665.22,321.1964,2.5152588,-0.5041504,2.5652864
199,819.7689,254.48131,822.74603,254.45242,2.9771118,-0.028884888,2.977252
199,788.2628,307.32095,791.0839,306.84512,2.821106,-0.47583008,2.860953
199,742.8533,410.20532,744.8794,410.13498,2.026123,-0.07034302,2.0273438
199,797.3841,393.32327,799.61206,393.3225,2.2279663,-0.00076293945,2.2279663
199,712.3727,415.65988,714.4214,415.2064,2.048706,-0.4534912,2.098297
199,675.7917,327.71466,678.31384,327.09888,2.5221558,-0.6157837,2.5962393
199,818.2246,366.66602,820.6304,366.68555,2.4057617,0.01953125,2.4058409
200,782.78577,349.07745,785.1677,348.87546,2.381958,-0.20199585,2.3905077
200,785.37103,365.15247,787.573,364.96432,2.2019653,-0.18814087,2.2099884
200,802.9738,374.88324,805.1256,374.82764,2.1517944,-0.055603027,2.1525128
200,715.29395,269.30072,718.2268,268.71414,2.9328613,-0.58657837,2.9909446
200,684.6712,371.954,686.7381,371.27902,2.0668945,-0.6749878,2.1743186
200,702.5593,430.23544,704.1419,429.66962,1.5825806,-0.5658264,1.6806905
200,685.9565,335.83112,688.1338,335.10092,2.1773071,-0.7301941,2.2964864
200,715.5966,447.33914,717.16754,446.96643,1.5709229,-0.37271118,1.6145316
200,770.21985,245.11777,772.9105,244.76254,2.6906738,-0.3552246,2.714021
200,687.6584,297.89987,690.2926,297.21286,2.6342163,-0.6870117,2.7223299
200,887.5187,293.23276,890.43207,293.70612,2.913391,0.47335815,2.9515953
200,693.0232,336.94476,695.28687,336.1792,2.2636719,-0.76556396,2.3896232
200,856.5087,263.83905,859.3414,264.00433,2.8326416,0.1652832,2.8374596
200,740.447,457.43558,742.0636,457.2592,1.6165771,-0.1763916,1.6261722
200,759.7409,327.91205,762.24005,327.46695,2.4991455,-0.44509888,2.5384722
200,779.66864,414.65396,781.602,414.33545,1.9333496,-0.31851196,1.9594108
200,693.5849,346.73645,695.743,345.91043,2.158081,-0.8260193,2.3107622
200,758.7889,246.39403,760.84796,246.14778,2.059082,-0.24624634,2.073754
200,702.9554,314.7183,705.81195,314.11584,2.8565674,-0.6024475,2.919404
200,744.3292,311.3633,746.8533,310.92703,2.5240479,-0.4362793,2.5614755
200,739.82715,345.53458,742.25757,345.12018,2.43042,-0.4143982,2.465495
200,685.0004,430.31348,686.6012,429.986,1.600769,-0.32748413,1.633924
200,742.2393,309.7375,744.786,309.1428,2.546692,-0.59469604,2.615206
200,767.03613,329.39365,769.5776,329.0838,2.5414429,-0.30984497,2.560261
200,694.4955,374.50934,696.2611,374.1255,1.765625,-0.3838501,1.8068681
200,844.27,264.49536,847.28613,264.64868,3.0161133,0.15332031,3.0200076
200,836.7755,306.95908,839.24585,306.8689,2.470337,-0.09017944,2.4719825
200,798.92883,349.86993,801.34155,349.8356,2.4127197,-0.034332275,2.412964
200,806.2888,383.2908,808.3933,383.29877,2.1044922,0.007965088,2.1045072
200,677.13684,398.32864,679.08124,397.64777,1.944397,-0.6808777,2.0601637
200,665.22,321.1964,667.5396,320.48108,2.319641,-0.71533203,2.4274337
200,822.74603,254.45242,825.7352,254.53348,2.9891968,0.08105469,2.9902954
200,791.0839,306.84512,793.6374,306.87906,2.5534668,0.033935547,2.5536923
200,744.8794,410.13498,746.7702,409.85703,1.8908081,-0.2779541,1.911129
200,799.61206,393.3225,801.5866,393.22424,1.9745483,-0.0982666,1.976992
200,714.4214,415.2064,716.32043,414.65292,1.8990479,-0.5534668,1.9780567
200,678.31384,327.09888,680.76105,326.0905,2.4472046,-1.0083618,2.6468103
200,820.6304,366.68555,822.7856,366.68814,2.1552124,0.0025939941,2.1552138
201,785.1677,348.87546,787.3094,348.7277,2.1416626,-0.14776611,2.1467543
201,787.573,364.96432,789.64716,364.94376,2.0741577,-0.020568848,2.0742598
201,805.1256,374.82764,807.20715,374.87408,2.081543,0.046447754,2.082061
201,718.2268,268.71414,720.76465,268.229,2.5378418,-0.48513794,2.5837955
201,686.7381,371.27902,688.76886,370.633,2.0307617,-0.6460266,2.1310427
201,704.1419,429.66962,705.69037,429.1665,1.5484619,-0.5031128,1.6281452
201,688.1338,335.10092,690.4227,334.55978,2.2889404,-0.5411377,2.352037
201,717.16754,446.96643,718.6296,446.61578,1.4620361,-0.35064697,1.5034969
201,772.9105,244.76254,775.71735,244.59352,2.8068237,-0.1690216,2.8119082
201,690.2926,297.21286,692.7822,296.51526,2.489624,-0.6976013,2.5855126
201,890.43207,293.70612,893.2204,294.32498,2.78833,0.61886597,2.8561828
201,695.28687,336.1792,697.53656,335.6833,2.2496948,-0.49591064,2.3037045
201,859.3414,264.00433,862.05255,264.1822,2.7111816,0.17785645,2.717009
201,742.0636,457.2592,743.6213,457.0655,1.5576782,-0.19369507,1.569675
201,762.24005,327.46695,764.3742,327.36053,2.1341553,-0.106414795,2.1368067
201,781.602,414.33545,783.2464,414.26184,1.6444092,-0.0736084,1.6460558
201,695.743,345.91043,697.81287,345.39594,2.0698853,-0.51449585,2.1328692
201,760.84796,246.14778,763.49164,245.88872,2.6436768,-0.25906372,2.6563396
201,705.81195,314.11584,708.0833,313.50626,2.2713623,-0.6095886,2.3517408
201,746.8533,310.92703,749.2261,310.78928,2.3728027,-0.13775635,2.3767982
201,742.25757,345.12018,744.3157,344.68704,2.0581055,-0.433136,2.1031892
201,686.6012,429.986,688.219,429.57114,1.6177979,-0.41485596,1.6701424
201,744.786,309.1428,747.29565,308.88284,2.5096436,-0.25994873,2.5230703
201,769.5776,329.0838,771.5995,329.02258,2.0219116,-0.06121826,2.022838
201,696.2611,374.1255,698.18854,373.2077,1.9274292,-0.91778564,2.1347866
201,847.28613,264.64868,850.0142,264.7732,2.7280884,0.12451172,2.7309284
201,839.24585,306.8689,841.7653,307.17932,2.5194702,0.3104248,2.538522
201,801.34155,349.8356,803.4469,349.8349,2.1053467,-0.0007019043,2.1053467
201,808.3933,383.29877,810.4404,383.37137,2.0471191,0.07260132,2.0484061
201,679.08124,397.64777,681.14886,397.53497,2.067627,-0.11279297,2.0707014
201,667.5396,320.48108,669.7285,319.6829,2.1889038,-0.79818726,2.3298934
201,825.7352,254.53348,828.6903,254.64775,2.9550781,0.11427307,2.9572868
201,793.6374,306.87906,796.2961,306.87335,2.6586914,-0.005706787,2.6586974
201,746.7702,409.85703,748.4168,409.71097,1.6466064,-0.14605713,1.6530715
201,801.5866,393.22424,803.6275,393.54486,2.0408936,0.32061768,2.065924
201,716.32043,414.65292,717.88416,414.24054,1.5637207,-0.41238403,1.6171837
201,680.76105,326.0905,682.9693,325.54547,2.208252,-0.54504395,2.2745218
201,822.7856,366.68814,824.8043,366.87286,2.0187378,0.1847229,2.0271716
202,787.3094,348.7277,789.3351,348.75763,2.0256958,0.029937744,2.025917
202,789.64716,364.94376,791.598,365.0069,1.9508667,0.06314087,1.9518882
202,807.20715,374.87408,809.2074,375.1211,2.0002441,0.24700928,2.015438
202,720.76465,268.229,723.3948,267.67914,2.630127,-0.5498657,2.686991
202,688.76886,370.633,690.7435,370.13467,1.9746704,-0.49832153,2.0365775
202,705.69037,429.1665,707.38763,428.97946,1.6972656,-0.18704224,1.7075408
202,690.4227,334.55978,692.29956,333.97836,1.876831,-0.5814209,1.9648271
202,718.6296,446.61578,720.11053,446.55414,1.480957,-0.061645508,1.4822395
202,775.71735,244.59352,778.2693,244.48221,2.551941,-0.111312866,2.5543675
202,692.7822,296.51526,695.1249,295.8917,2.3426514,-0.6235657,2.4242215
202,893.2204,294.32498,895.5704,294.70566,2.3499756,0.38067627,2.380609
202,697.53656,335.6833,699.55133,335.0946,2.0147705,-0.5886841,2.0990117
202,862.05255,264.1822,864.701,264.5558,2.6484375,0.3735962,2.674658
202,743.6213,457.0655,744.8188,457.10654,1.1975098,0.041046143,1.198213
202,764.3742,327.36053,766.49194,327.05957,2.1177368,-0.30096436,2.139016
202,783.2464,414.26184,784.9281,414.52066,1.6817017,0.25881958,1.7015017
202,697.81287,345.39594,699.91113,344.76343,2.0982666,-0.6325073,2.1915264
202,763.49164,245.88872,765.4701,245.78394,1.9784546,-0.104782104,1.9812273
202,708.0833,313.50626,710.0879,313.19162,2.0045776,-0.31463623,2.02912
202,749.2261,310.78928,750.9975,310.53992,1.7714233,-0.24935913,1.7888881
202,744.3157,344.68704,746.3215,344.5093,2.0057983,-0.17773438,2.0136576
202,688.219,429.57114,690.0655,429.33353,1.8464966,-0.23760986,1.8617219
202,747.29565,308.88284,749.2996,308.73422,2.0039673,-0.1486206,2.0094707
202,771.5995,329.02258,773.69543,329.01642,2.0959473,-0.006164551,2.0959563
202,698.18854,373.2077,700.1782,373.00836,1.989685,-0.19934082,1.9996458
202,850.0142,264.7732,852.74164,265.1825,2.727417,0.40930176,2.757958
202,841.7653,307.17932,844.0209,307.31732,2.2555542,0.13800049,2.2597718
202,803.4469,349.8349,805.50165,349.96152,2.0547485,0.12661743,2.058646
202,810.4404,383.37137,812.43744,383.6792,1.9970093,0.3078308,2.0205956
202,681.14886,397.53497,682.8597,397.02994,1.7108154,-0.5050354,1.7838022
202,669.7285,319.6829,671.80634,319.24963,2.0778198,-0.43325806,2.1225097
202,828.6903,254.64775,831.18274,254.80046,2.4924316,0.15270996,2.4971054
202,796.2961,306.87335,798.357,306.74734,2.060913,-0.12600708,2.0647616
202,748.4168,409.71097,750.3801,409.70093,1.9633179,-0.010040283,1.9633436
202,803.6275,393.54486,805.29553,393.51328,1.6680298,-0.031585693,1.6683288
202,717.88416,414.24054,719.5164,414.0555,1.6322632,-0.18502808,1.6427168
202,682.9693,325.54547,685.05817,324.87943,2.0888672,-0.66604614,2.1924834
202,824.8043,366.87286,826.83844,367.25137,2.0341187,0.37850952,2.0690355
203,789.3351,348.75763,791.25775,348.77106,1.9226685,0.013427734,1.9227153
203,791.598,365.0069,793.44934,365.1184,1.8513184,0.11151123,1.8546736
203,809.2074,375.1211,810.97266,375.31046,1.7652588,0.18936157,1.7753863
203,723.3948,267.67914,725.66693,267.36172,2.2721558,-0.31741333,2.2942195
203,690.7435,370.13467,692.2365,369.69217,1.492981,-0.44250488,1.5571778
203,707.38763,428.97946,708.85583,428.72037,1.4682007,-0.25909424,1.4908867
203,692.29956,333.97836,694.47076,333.6497,2.1712036,-0.32867432,2.19594
203,720.11053,446.55414,721.527,446.51184,1.4164429,-0.042297363,1.4170743
203,778.2693,244.48221,780.8405,244.30602,2.571228,-0.17619324,2.5772579
203,695.1249,295.8917,697.3126,295.53296,2.1877441,-0.35873413,2.2169607
203,895.5704,294.70566,897.76166,294.91003,2.1912842,0.20437622,2.2007945
203,699.55133,335.0946,701.66766,334.75656,2.116333,-0.3380432,2.1431608
203,864.701,264.5558,866.98926,264.70215,2.288269,0.1463623,2.2929451
203,744.8188,457.10654,746.0427,457.17038,1.223938,0.06384277,1.2256019
203,766.49194,327.05957,768.4873,326.98404,1.9953613,-0.075531006,1.9967903
203,784.9281,414.52066,786.5429,414.62054,1.6148071,0.09988403,1.6178933
203,699.91113,344.76343,701.8022,344.40762,1.8910522,-0.35580444,1.9242337
203,765.4701,245.78394,767.8888,245.7517,2.4187012,-0.03224182,2.418916
203,710.0879,313.19162,712.3504,312.72708,2.2625122,-0.46453857,2.3097093
203,750.9975,310.53992,753.1256,310.36197,2.1281128,-0.177948,2.1355395
203,746.3215,344.5093,748.26184,344.2788,1.9403687,-0.23049927,1.9540114
203,690.0655,429.33353,691.7249,429.4835,1.6594238,0.14996338,1.6661862
203,749.2996,308.73422,751.4261,308.47906,2.1264648,-0.25515747,2.1417184
203,773.69543,329.01642,775.6614,328.94687,1.9659424,-0.06954956,1.9671721
203,700.1782,373.00836,702.0449,372.56992,1.8666992,-0.43844604,1.9174986
203,852.74164,265.1825,855.122,265.33887,2.380371,0.15637207,2.3855019
203,844.0209,307.31732,846.11993,307.4722,2.09906,0.15487671,2.104766
203,805.50165,349.96152,807.44226,350.17813,1.9406128,0.21661377,1.9526647
203,812.43744,383.6792,814.21765,383.85422,1.7802124,0.17501831,1.788795
203,682.8597,397.02994,684.5711,396.9246,1.7114258,-0.10534668,1.714665
203,671.80634,319.24963,674.00146,318.3111,2.1951294,-0.9385376,2.3873513
203,831.18274,254.80046,833.5437,254.8664,2.360962,0.06593323,2.3618824
203,798.357,306.74734,800.5704,306.7541,2.213379,0.0067443848,2.2133892
203,750.3801,409.70093,751.86346,409.81137,1.4833374,0.110443115,1.4874433
203,805.29553,393.51328,807.023,393.69492,1.727478,0.18164062,1.7370014
203,719.5164,414.0555,721.3164,413.9683,1.7999878,-0.08721924,1.8020997
203,685.05817,324.87943,687.1582,324.43008,2.1000366,-0.44934082,2.1475708
203,826.83844,367.25137,828.78314,367.44882,1.9447021,0.19744873,1.9547001
204,791.25775,348.77106,793.2757,348.81284,2.0179443,0.041778564,2.0183766
204,793.44934,365.1184,795.4637,365.2557,2.0143433,0.13729858,2.019017
204,810.97266,375.31046,812.9416,375.5076,1.9689331,0.19714355,1.9787782
204,725.66693,267.36172,728.015,267.18842,2.3480835,-0.17330933,2.3544707
204,692.2365,369.69217,694.28577,369.44174,2.0492554,-0.25042725,2.0645003
204,708.85583,428.72037,710.66876,428.70834,1.8129272,-0.012023926,1.8129671
204,694.47076,333.6497,696.8145,333.19644,2.34375,-0.45324707,2.3871734
204,721.527,446.51184,723.05554,446.5213,1.5285645,0.009460449,1.5285937
204,780.8405,244.30602,783.2483,244.33769,2.4077759,0.031677246,2.4079843
204,697.3126,295.53296,699.63367,295.19537,2.321045,-0.33758545,2.3454666
204,897.76166,294.91003,900.1908,295.31714,2.4291382,0.4071045,2.4630158
204,701.66766,334.75656,703.70166,334.35852,2.0339966,-0.39804077,2.0725777
204,866.98926,264.70215,869.31714,264.9081,2.3278809,0.20596313,2.3369746
204,746.0427,457.17038,747.71783,457.38397,1.6751099,0.21359253,1.6886725
204,768.4873,326.98404,770.60565,326.9252,2.1183472,-0.05883789,2.1191642
204,786.5429,414.62054,788.3788,414.89618,1.8358765,0.27563477,1.8564527
204,701.8022,344.40762,703.9391,344.06592,2.1369019,-0.34170532,2.1640499
204,767.8888,245.7517,770.14667,245.76979,2.2578735,0.018096924,2.257946
204,712.3504,312.72708,714.4062,312.3902,2.0557861,-0.33688354,2.083206
204,753.1256,310.36197,755.11127,310.41025,1.9856567,0.04827881,1.9862436
204,748.26184,344.2788,750.4431,344.30267,2.1812744,0.023864746,2.1814048
204,691.7249,429.4835,693.334,429.22604,1.6090698,-0.2574463,1.629535
204,751.4261,308.47906,753.37775,308.2741,1.9516602,-0.20495605,1.9623924
204,775.6614,328.94687,777.72644,329.00708,2.0650635,0.06021118,2.065941
204,702.0449,372.56992,704.0589,372.32462,2.013977,-0.2453003,2.0288608
204,855.122,265.33887,857.3692,265.4906,2.2471924,0.1517334,2.2523093
204,846.11993,307.4722,848.4743,307.7798,2.35437,0.30758667,2.3743775
204,807.44226,350.17813,809.4768,350.2988,2.034546,0.120666504,2.038121
204,814.21765,383.85422,816.2069,384.16354,1.9892578,0.30932617,2.013164
204,684.5711,396.9246,686.3322,396.33276,1.7611084,-0.5918274,1.857892
204,674.00146,318.3111,676.2597,318.60617,2.2582397,0.29507446,2.2774363
204,833.5437,254.8664,835.7963,255.07146,2.2526245,0.20506287,2.261939
204,800.5704,306.7541,802.5876,306.7219,2.017212,-0.032196045,2.017469
204,751.86346,409.81137,753.7747,409.96704,1.9112549,0.15567017,1.917584
204,807.023,393.69492,809.01373,394.0606,1.9907227,0.36569214,2.0240324
204,721.3164,413.9683,723.2394,413.98654,1.9229736,0.018249512,1.9230602
204,687.1582,324.43008,689.507,324.32184,2.348816,-0.10824585,2.3513088
204,828.78314,367.44882,830.5793,367.76352,1.7961426,0.31469727,1.8235028
205,793.2757,348.81284,795.4553,348.99493,2.1796265,0.18209839,2.18722
205,795.4637,365.2557,797.5885,365.47568,2.124817,0.2199707,2.1361728
205,812.9416,375.5076,815.07074,375.8753,2.1291504,0.3677063,2.1606688
205,728.015,267.18842,730.6377,266.90732,2.6226807,-0.2810974,2.6377015
205,694.28577,369.44174,696.6073,369.19757,2.3215332,-0.24417114,2.3343384
205,710.66876,428.70834,712.4977,428.56653,1.8289185,-0.14181519,1.8344084
205,696.8145,333.19644,699.38,333.1389,2.5654907,-0.057556152,2.5661364
205,723.05554,446.5213,724.92426,446.6477,1.8687134,0.12640381,1.8729836
205,783.2483,244.33769,785.6993,244.28694,2.4509888,-0.050750732,2.4515142
205,699.63367,295.19537,702.2009,294.8485,2.5672607,-0.3468628,2.5905871
205,900.1908,295.31714,902.9316,295.95233,2.7407837,0.6351929,2.8134258
205,703.70166,334.35852,706.0824,334.25888,2.3807373,-0.09963989,2.3828216
205,869.31714,264.9081,871.9106,265.081,2.5934448,0.17288208,2.5992007
205,747.71783,457.38397,749.41266,457.6638,1.6948242,0.27981567,1.7177677
205,770.60565,326.9252,772.6736,326.92688,2.0679321,0.0016784668,2.0679328
205,788.3788,414.89618,790.13135,415.05957,1.7525635,0.16339111,1.7601635
205,703.9391,344.06592,706.15015,343.8452,2.2110596,-0.22070312,2.2220473
205,770.14667,245.76979,772.61334,245.794,2.4666748,0.024215698,2.4667938
205,714.4062,312.3902,716.88837,312.29883,2.4821777,-0.09136963,2.4838588
205,755.11127,310.41025,757.60645,310.46432,2.4951782,0.05407715,2.4957643
205,750.4431,344.30267,752.7001,344.15085,2.256958,-0.15182495,2.262059
205,693.334,429.22604,695.19415,429.05768,1.8601685,-0.16836548,1.8677725
205,753.37775,308.2741,755.86584,308.11334,2.4880981,-0.1607666,2.4932866
205,777.72644,329.00708,779.8117,329.0776,2.085266,0.07052612,2.0864584
205,704.0589,372.32462,706.12646,372.34827,2.067566,0.023651123,2.067701
205,857.3692,265.4906,859.9775,265.61145,2.6082764,0.12084961,2.6110747
205,848.4743,307.7798,850.7727,308.05078,2.2984009,0.2709961,2.314322
205,809.4768,350.2988,811.72516,350.61813,2.248352,0.31933594,2.2709167
205,816.2069,384.16354,818.3228,384.5891,2.1159058,0.42556763,2.1582782
205,686.3322,396.33276,688.3708,395.84512,2.0385742,-0.48764038,2.0960863
205,676.2597,318.60617,678.6707,318.10922,2.4110107,-0.49694824,2.4616926
205,835.7963,255.07146,838.417,255.27614,2.6206665,0.2046814,2.6286473
205,802.5876,306.7219,805.0598,307.04425,2.472229,0.32235718,2.4931567
205,753.7747,409.96704,755.6844,410.1743,1.909668,0.20724487,1.9208806
205,809.01373,394.0606,811.12146,394.4508,2.107727,0.39019775,2.1435409
205,723.2394,413.98654,725.1094,413.94702,1.8699951,-0.039520264,1.8704127
205,689.507,324.32184,691.92194,323.76596,2.414917,-0.5558777,2.4780686
205,830.5793,367.76352,832.8725,368.20615,2.293213,0.44262695,2.3355393
206,795.4553,348.99493,797.788,349.17746,2.3327026,0.18252563,2.3398328
206,797.5885,365.47568,799.8123,365.7222,2.223816,0.246521,2.2374382
206,815.07074,375.8753,817.2652,376.13992,2.194458,0.26461792,2.2103548
206,730.6377,266.90732,733.37244,266.7225,2.7347412,-0.18481445,2.740979
206,696.6073,369.19757,699.1242,368.7299,2.5169067,-0.46768188,2.5599895
206,712.4977,428.56653,714.4044,428.62115,1.9067383,0.054626465,1.9075207
206,699.38,333.1389,701.87897,332.622,2.4989624,-0.5168762,2.551857
206,724.92426,446.6477,726.711,446.81982,1.7867432,0.17211914,1.7950143
206,785.6993,244.28694,788.65405,244.18892,2.954773,-0.09802246,2.9563985
206,702.2009,294.8485,704.82794,294.57507,2.6270142,-0.2734375,2.6412065
206,902.9316,295.95233,905.67737,296.54944,2.7457886,0.59710693,2.809963
206,706.0824,334.25888,708.56104,333.85196,2.4786377,-0.4069214,2.511818
206,871.9106,265.081,874.6062,265.359,2.6956177,0.27801514,2.7099164
206,749.41266,457.6638,751.25085,458.0298,1.8381958,0.3659973,1.874278
206,772.6736,326.92688,775.18036,326.7979,2.506775,-0.12896729,2.51009
206,790.13135,415.05957,792.06366,415.51233,1.932312,0.4527588,1.9846462
206,706.15015,343.8452,708.58575,343.49808,2.435608,-0.34713745,2.4602215
206,772.61334,245.794,775.3854,245.69455,2.7720337,-0.09945679,2.7738173
206,716.88837,312.29883,719.6238,311.74106,2.7354126,-0.5577698,2.7917001
206,757.60645,310.46432,759.9505,310.31445,2.3440552,-0.14987183,2.3488414
206,752.7001,344.15085,754.9095,343.97348,2.2094116,-0.17736816,2.2165196
206,695.19415,429.05768,697.2564,429.0806,2.0622559,0.022918701,2.0623832
206,755.86584,308.11334,758.3628,308.15475,2.4969482,0.041412354,2.4972918
206,779.8117,329.0776,782.33734,329.12195,2.5256348,0.04434204,2.5260239
206,706.12646,372.34827,708.2392,371.8552,2.112732,-0.4930725,2.169506
206,859.9775,265.61145,862.68445,265.86597,2.7069702,0.2545166,2.718909
206,850.7727,308.05078,853.3873,308.233,2.614624,0.18222046,2.620966
206,811.72516,350.61813,813.96594,350.8586,2.2407837,0.24047852,2.2536507
206,818.3228,384.5891,820.43726,384.83972,2.114441,0.25061035,2.1292408
206,688.3708,395.84512,690.5911,395.48022,2.220337,-0.36489868,2.2501216
206,678.6707,318.10922,681.1872,317.64124,2.5164795,-0.46798706,2.5596251
206,838.417,255.27614,840.9384,255.40395,2.5214233,0.12780762,2.5246606
206,805.0598,307.04425,807.66846,307.18576,2.6086426,0.14151001,2.612478
206,755.6844,410.1743,757.6694,410.2808,1.9849854,0.10650635,1.9878407
206,811.12146,394.4508,813.2891,394.7668,2.1676636,0.31600952,2.190577
206,725.1094,413.94702,727.11664,414.0222,2.0072632,0.075164795,2.00867
206,691.92194,323.76596,694.4617,323.45242,2.539734,-0.3135376,2.5590143
206,832.8725,368.20615,835.04706,368.48062,2.1745605,0.2744751,2.1918144
207,797.788,349.17746,800.3277,349.2736,2.5396729,0.09613037,2.5414915
207,799.8123,365.7222,802.3485,365.9589,2.5361938,0.23669434,2.5472147
207,817.2652,376.13992,819.72437,376.5457,2.4591675,0.40576172,2.492418
207,733.37244,266.7225,736.77124,266.1931,3.3988037,-0.5293884,3.4397848
207,699.1242,368.7299,701.3694,368.3297,2.2451782,-0.400177,2.2805629
207,714.4044,428.62115,716.49854,428.60196,2.0941162,-0.019195557,2.0942042
207,701.87897,332.622,704.3317,331.9773,2.4527588,-0.64471436,2.536076
207,726.711,446.81982,728.5385,446.91803,1.8275146,0.09820557,1.8301514
207,788.65405,244.18892,792.173,244.0907,3.518921,-0.098220825,3.5202913
207,704.82794,294.57507,707.9039,294.07947,3.0759277,-0.49560547,3.115599
207,905.67737,296.54944,908.7451,296.81067,3.067749,0.26123047,3.0788512
207,708.56104,333.85196,711.3808,333.42526,2.8197632,-0.42669678,2.851865
207,874.6062,265.359,878.0306,265.823,3.4243774,0.46398926,3.455669
207,751.25085,458.0298,753.3083,458.48584,2.057434,0.4560547,2.107373
207,775.18036,326.7979,778.03876,326.84836,2.8583984,0.050445557,2.8588436
207,792.06366,415.51233,794.08453,415.9199,2.020874,0.40756226,2.0615623
207,708.58575,343.49808,711.19666,343.07327,2.6109009,-0.4248047,2.6452339
207,775.3854,245.69455,778.52704,245.6161,3.1416626,-0.078445435,3.1426418
207,719.6238,311.74106,722.5038,311.26575,2.880005,-0.47531128,2.9189637
207,759.9505,310.31445,762.8419,310.3138,2.8914185,-0.00064086914,2.8914185
207,754.9095,343.97348,757.5663,343.88974,2.6567993,-0.083740234,2.6581187
207,697.2564,429.0806,699.4233,429.21872,2.16687,0.13812256,2.1712677
207,758.3628,308.15475,761.2177,308.03793,2.8549194,-0.11682129,2.8573086
207,782.33734,329.12195,785.0777,329.21643,2.7403564,0.09448242,2.7419848
207,708.2392,371.8552,710.6072,371.4653,2.367981,-0.38989258,2.3998644
207,862.68445,265.86597,866.14166,266.35678,3.4572144,0.4908142,3.4918804
207,853.3873,308.233,856.09186,308.68918,2.7045288,0.45617676,2.742731
207,813.96594,350.8586,816.6634,351.29468,2.6974487,0.43606567,2.7324684
207,820.43726,384.83972,822.8993,385.40463,2.4620361,0.5649109,2.5260139
207,690.5911,395.48022,692.99536,395.8909,2.4042358,0.41067505,2.439058
207,681.1872,317.64124,683.8942,317.28143,2.7070312,-0.35980225,2.7308378
207,840.9384,255.40395,844.3661,255.6447,3.4276733,0.24075317,3.436118
207,807.66846,307.18576,810.66284,307.23004,2.9943848,0.044281006,2.994712
207,757.6694,410.2808,759.6605,410.53485,1.9911499,0.25405884,2.0072927
207,813.2891,394.7668,815.4291,395.17786,2.1399536,0.41104126,2.1790724
207,727.11664,414.0222,729.15295,414.08923,2.036316,0.06704712,2.0374193
207,694.4617,323.45242,697.2359,322.6471,2.774231,-0.80532837,2.8887558
207,835.04706,368.48062,837.5595,369.04987,2.5124512,0.5692444,2.5761309
208,800.3277,349.2736,803.1431,349.40677,2.8154297,0.13317871,2.8185778
208,802.3485,365.9589,804.94226,366.1823,2.59375,0.22341919,2.6033547
208,819.72437,376.5457,822.34015,376.93954,2.6157837,0.39385986,2.6452694
208,736.77124,266.1931,740.3856,265.7192,3.61438,-0.47390747,3.6453161
208,701.3694,368.3297,704.2553,367.7391,2.8859253,-0.5906067,2.9457395
208,716.49854,428.60196,718.51855,428.1571,2.0200195,-0.44485474,2.0684233
208,704.3317,331.9773,707.7649,331.05902,3.4331665,-0.9182739,3.5538514
208,728.5385,446.91803,730.4458,446.83185,1.9072876,-0.08618164,1.9092337
208,792.173,244.0907,795.8725,243.96388,3.699524,-0.1268158,3.7016969
208,707.9039,294.07947,711.4274,293.40457,3.5235596,-0.67489624,3.5876117
208,908.7451,296.81067,912.0593,297.32123,3.314209,0.5105591,3.3533046
208,711.3808,333.42526,714.354,332.69836,2.9732056,-0.7268982,3.0607731
208,878.0306,265.823,881.35974,266.15125,3.3291626,0.32824707,3.3453057
208,753.3083,458.48584,754.7305,458.56635,1.4222412,0.08050537,1.424518
208,778.03876,326.84836,780.8067,326.66367,2.7679443,-0.18469238,2.7740993
208,794.08453,415.9199,796.1056,416.34348,2.0210571,0.42358398,2.0649686
208,711.19666,343.07327,714.0529,342.2079,2.8562622,-0.86538696,2.9844813
208,778.52704,245.6161,781.76404,245.48811,3.2369995,-0.12799072,3.239529
208,722.5038,311.26575,725.74426,310.99445,3.2404785,-0.27130127,3.2518158
208,762.8419,310.3138,765.7902,310.23547,2.9483032,-0.07833862,2.9493437
208,757.5663,343.88974,760.37445,343.68463,2.8081665,-0.20510864,2.8156471
208,699.4233,429.21872,701.6219,429.03403,2.1986084,-0.18469238,2.2063522
208,761.2177,308.03793,764.1873,307.48727,2.9696045,-0.5506592,3.020228
208,785.0777,329.21643,788.04913,329.25858,2.9714355,0.042144775,2.9717343
208,710.6072,371.4653,713.55585,370.90317,2.9486694,-0.5621338,3.0017738
208,866.14166,266.35678,869.5937,266.64093,3.4520264,0.28414917,3.4637012
208,856.09186,308.68918,859.5467,309.1622,3.454834,0.47302246,3.4870658
208,816.6634,351.29468,819.4138,351.53845,2.7504272,0.24377441,2.761209
208,822.8993,385.40463,825.4538,385.8143,2.5545044,0.40966797,2.587145
208,692.99536,395.8909,695.31616,394.91064,2.3208008,-0.9802551,2.5193286
208,683.8942,317.28143,687.3115,316.1693,3.4172974,-1.1121216,3.5937078
208,844.3661,255.6447,847.82465,256.00146,3.4585571,0.35676575,3.4769094
208,810.66284,307.23004,813.76776,307.22427,3.1049194,-0.0057678223,3.104925
208,759.6605,410.53485,761.9745,410.69962,2.3139648,0.1647644,2.3198235
208,815.4291,395.17786,817.7262,395.6209,2.2971191,0.4430542,2.3394558
208,729.15295,414.08923,731.4915,413.80728,2.338562,-0.2819519,2.3554976
208,697.2359,322.6471,700.49817,321.97885,3.262268,-0.6682434,3.3300064
208,837.5595,369.04987,840.0682,369.47885,2.508667,0.4289856,2.5450814
209,803.1431,349.40677,806.12976,349.43002,2.9866333,0.023254395,2.9867237
209,804.94226,366.1823,807.8052,366.27942,2.862915,0.09710693,2.8645616
209,822.34015,376.93954,825.08215,377.1472,2.7420044,0.2076416,2.749855
209,740.3856,265.7192,744.30414,265.1698,3.918518,-0.54940796,3.9568465
209,704.2553,367.7391,706.7973,366.73785,2.5419922,-1.0012512,2.732074
209,718.51855,428.1571,720.5971,427.68567,2.0785522,-0.47143555,2.1313448
209,707.7649,331.05902,710.8051,330.37875,3.0402222,-0.68026733,3.1153996
209,730.4458,446.83185,732.36865,446.54602,1.9228516,-0.28582764,1.9439793
209,795.8725,243.96388,799.73486,243.8773,3.8623657,-0.08657837,3.8633358
209,711.4274,293.40457,715.1239,292.4407,3.6964722,-0.9638672,3.8200715
209,912.0593,297.32123,915.9091,298.52917,3.8497925,1.2079468,4.034853
209,714.354,332.69836,717.42694,332.11658,3.072937,-0.5817871,3.1275258
209,881.35974,266.15125,885.08356,266.60413,3.723816,0.45288086,3.7512538
209,754.7305,458.56635,756.59753,458.48032,1.8670044,-0.08602905,1.8689854
209,780.8067,326.66367,784.0259,326.33514,3.2191772,-0.32852173,3.2358968
209,796.1056,416.34348,798.39166,416.24356,2.2860718,-0.09991455,2.2882543
209,714.0529,342.2079,717.079,341.58972,3.026062,-0.61816406,3.088556
209,781.76404,245.48811,785.315,245.27155,3.5509644,-0.216568,3.5575624
209,725.74426,310.99445,728.9735,310.3365,3.229248,-0.657959,3.2955961
209,765.7902,310.23547,768.95593,309.98315,3.1657104,-0.25231934,3.17575
209,760.37445,343.68463,763.4235,343.2251,3.0490723,-0.4595337,3.0835066
209,701.6219,429.03403,703.7488,428.76385,2.126892,-0.27017212,2.143983
209,764.1873,307.48727,767.3553,306.89084,3.1679688,-0.59643555,3.2236257
209,788.04913,329.25858,791.29047,329.14093,3.241333,-0.11764526,3.2434673
209,713.55585,370.90317,716.167,370.76474,2.611145,-0.13842773,2.614812
209,869.5937,266.64093,873.5241,267.17426,3.93042,0.5333252,3.9664388
209,859.5467,309.1622,862.9297,309.43314,3.3829956,0.27093506,3.3938274
209,819.4138,351.53845,822.4953,351.87003,3.081482,0.3315735,3.0992696
209,825.4538,385.8143,828.1223,386.08743,2.668518,0.27313232,2.6824596
209,695.31616,394.91064,697.90686,394.3849,2.5906982,-0.52575684,2.6435087
209,687.3115,316.1693,690.3821,315.65295,3.0705566,-0.5163574,3.1136703
209,847.82465,256.00146,852.00555,256.4806,4.180908,0.47912598,4.208272
209,813.76776,307.22427,817.10284,307.2766,3.335083,0.052337646,3.3354936
209,761.9745,410.69962,764.3774,410.69052,2.402893,-0.009094238,2.4029102
209,817.7262,395.6209,820.22485,395.89798,2.4986572,0.2770691,2.513972
209,731.4915,413.80728,733.8988,413.46338,2.4072876,-0.3439026,2.4317284
209,700.49817,321.97885,703.7183,321.01004,3.2201538,-0.96881104,3.3627348
209,840.0682,369.47885,842.9267,369.68033,2.8585205,0.20147705,2.865612
210,806.12976,349.43002,809.1502,349.20825,3.0204468,-0.22177124,3.0285773
210,807.8052,366.27942,810.6286,366.16867,2.8234253,-0.11074829,2.8255966
210,825.08215,377.1472,827.837,377.09653,2.7548218,-0.05065918,2.7552876
210,744.30414,265.1698,748.1157,264.40314,3.8115845,-0.7666626,3.8879232
210,706.7973,366.73785,709.3761,365.68655,2.5787964,-1.0513,2.7848558
210,720.5971,427.68567,722.71173,426.99304,2.114624,-0.69262695,2.2251668
210,710.8051,330.37875,713.4626,329.5968,2.6574707,-0.7819519,2.770126
210,732.36865,446.54602,734.1806,445.9864,1.8119507,-0.55963135,1.8964052
210,799.73486,243.8773,803.81354,243.60394,4.0786743,-0.2733612,4.087825
210,715.1239,292.4407,718.55786,291.44415,3.43396,-0.9965515,3.5756392
210,915.9091,298.52917,919.3396,298.99008,3.430481,0.46090698,3.4613054
210,717.42694,332.11658,720.46313,331.18494,3.0361938,-0.9316406,3.1759136
210,885.08356,266.60413,888.8731,267.08472,3.7895508,0.48059082,3.8199034
210,756.59753,458.48032,758.3003,458.09094,1.7027588,-0.38937378,1.7467111
210,784.0259,326.33514,787.13776,325.83478,3.1118774,-0.5003662,3.1518483
210,798.39166,416.24356,800.38904,416.22653,1.9973755,-0.017028809,1.9974481
210,717.079,341.58972,719.9234,340.51337,2.8444214,-1.076355,3.0412617
210,785.315,245.27155,789.17194,244.75706,3.8569336,-0.5144806,3.8910959
210,728.9735,310.3365,732.4052,309.42203,3.4317017,-0.9144592,3.5514522
210,768.95593,309.98315,772.2696,309.46127,3.3136597,-0.5218811,3.3545043
210,763.4235,343.2251,766.0758,342.6167,2.6522827,-0.60839844,2.7211673
210,703.7488,428.76385,706.04834,428.43375,2.2995605,-0.33010864,2.3231337
210,767.3553,306.89084,770.6686,306.4114,3.3132935,-0.47943115,3.3478005
210,791.29047,329.14093,794.3128,328.63852,3.0223389,-0.5024109,3.0638127
210,716.167,370.76474,719.0174,369.81824,2.8504028,-0.9465027,3.0034418
210,873.5241,267.17426,877.6753,267.71368,4.151184,0.5394287,4.1860857
210,862.9297,309.43314,866.4698,309.7473,3.5401,0.31417847,3.5540142
210,822.4953,351.87003,825.43524,351.7933,2.9399414,-0.07672119,2.9409423
210,828.1223,386.08743,830.83545,386.10406,2.7131348,0.01663208,2.7131858
210,697.90686,394.3849,700.0238,393.59763,2.1169434,-0.78726196,2.2585905
210,690.3821,315.65295,693.4378,314.36304,3.055725,-1.289917,3.316827
210,852.00555,256.4806,856.19226,256.80518,4.1867065,0.32458496,4.19927
210,817.10284,307.2766,820.33826,307.19534,3.2354126,-0.08126831,3.236433
210,764.3774,410.69052,766.47235,410.28906,2.0949707,-0.40145874,2.1330895
210,820.22485,395.89798,822.715,395.74417,2.4901733,-0.1538086,2.494919
210,733.8988,413.46338,735.97595,412.74286,2.0771484,-0.72052,2.1985667
210,703.7183,321.01004,706.6437,320.0724,2.925354,-0.9376526,3.0719519
210,842.9267,369.68033,845.73944,369.8833,2.8127441,0.20297241,2.820058
211,809.1502,349.20825,812.10114,348.73062,2.9509277,-0.47763062,2.989332
211,810.6286,366.16867,813.4419,365.68585,2.8132935,-0.4828186,2.8544235
211,827.837,377.09653,830.593,376.7184,2.7560425,-0.3781128,2.781859
211,748.1157,264.40314,751.5785,263.55075,3.4627686,-0.8523865,3.5661364
211,709.3761,365.68655,711.792,364.8552,2.4158936,-0.83135986,2.5549366
211,722.71173,426.99304,724.4988,426.24603,1.7870483,-0.7470093,1.9368956
211,713.4626,329.5968,716.5132,328.66998,3.0505981,-0.92681885,3.1882823
211,734.1806,445.9864,735.9122,445.29602,1.7315674,-0.69036865,1.8641176
211,803.81354,243.60394,807.54456,243.21475,3.731018,-0.38919067,3.7512617
211,718.55786,291.44415,721.54364,290.28445,2.9857788,-1.1596985,3.2030883
211,919.3396,298.99008,922.8356,299.6163,3.4959717,0.6262207,3.5516152
211,720.46313,331.18494,723.302,330.2339,2.8388672,-0.9510498,2.9939377
211,888.8731,267.08472,892.5735,267.22754,3.7003784,0.14282227,3.7031336
211,758.3003,458.09094,760.37463,457.80316,2.0743408,-0.28778076,2.094208
211,787.13776,325.83478,790.15094,325.26575,3.0131836,-0.56903076,3.0664427
211,800.38904,416.22653,802.92377,415.5465,2.534729,-0.6800232,2.6243632
211,719.9234,340.51337,722.55365,339.4693,2.630249,-1.0440674,2.8298917
211,789.17194,244.75706,793.48346,244.20113,4.3115234,-0.5559387,4.3472176
211,732.4052,309.42203,735.3577,308.41385,2.9525146,-1.0081787,3.1198986
211,772.2696,309.46127,775.3781,308.81848,3.1085205,-0.64279175,3.1742845
211,766.0758,342.6167,769.1271,342.03125,3.0512695,-0.5854492,3.1069272
211,706.04834,428.43375,707.93,428.0006,1.8816528,-0.433136,1.930861
211,770.6686,306.4114,773.7716,305.48056,3.1030273,-0.93084717,3.239638
211,794.3128,328.63852,797.3641,328.20316,3.0512695,-0.43536377,3.0821724
211,719.0174,369.81824,721.1398,368.7393,2.1223755,-1.078949,2.380884
211,877.6753,267.71368,881.38544,267.79575,3.710144,0.08206177,3.7110515
211,866.4698,309.7473,869.91254,309.40753,3.442749,-0.3397827,3.459476
211,825.43524,351.7933,828.3139,351.38278,2.878662,-0.41052246,2.9077868
211,830.83545,386.10406,833.53656,385.76147,2.7011108,-0.34259033,2.7227502
211,700.0238,393.59763,702.06683,392.87375,2.0430298,-0.72387695,2.1674798
211,693.4378,314.36304,696.0483,313.42313,2.6104736,-0.9399109,2.774528
211,856.19226,256.80518,860.19275,256.9776,4.0004883,0.17242432,4.0042024
211,820.33826,307.19534,823.5456,306.71402,3.2073364,-0.48132324,3.2432513
211,766.47235,410.28906,768.4964,409.73804,2.0240479,-0.5510254,2.0977128
211,822.715,395.74417,825.2362,395.34244,2.5211792,-0.4017334,2.5529854
211,735.97595,412.74286,738.01135,412.04056,2.0354004,-0.702301,2.153156
211,706.6437,320.0724,709.41187,319.00473,2.7681885,-1.0676575,2.9669447
211,845.73944,369.8833,848.4036,369.62317,2.6641846,-0.26013184,2.6768541
212,812.10114,348.73062,814.9303,348.2721,2.8291626,-0.4585266,2.8660789
212,813.4419,365.68585,816.16455,365.12442,2.7226562,-0.5614319,2.7799394
212,830.593,376.7184,833.3456,376.14218,2.7525635,-0.5762329,2.8122323
212,751.5785,263.55075,754.55756,262.9755,2.979065,-0.57525635,3.0340977
212,711.792,364.8552,714.08386,364.3066,2.29187,-0.548584,2.3566105
212,724.4988,426.24603,726.4683,425.75027,1.9695435,-0.49575806,2.0309794
212,716.5132,328.66998,718.6444,328.1768,2.1312256,-0.49319458,2.1875472
212,735.9122,445.29602,737.70526,444.73608,1.7930908,-0.5599365,1.8784844
212,807.54456,243.21475,810.6641,242.6597,3.1195679,-0.5550537,3.1685624
212,721.54364,290.28445,724.31335,289.5624,2.7697144,-0.7220459,2.8622837
212,922.8356,299.6163,926.5447,299.48462,3.7091064,-0.13168335,3.7114434
212,723.302,330.2339,725.78937,329.6378,2.4873657,-0.59609985,2.5577967
212,892.5735,267.22754,895.88403,266.7526,3.3105469,-0.47494507,3.3444421
212,760.37463,457.80316,762.4167,457.29028,2.0420532,-0.5128784,2.1054752
212,790.15094,325.26575,793.1745,324.45117,3.0235596,-0.8145752,3.1313646
212,802.92377,415.5465,805.1335,414.85016,2.2097168,-0.6963501,2.316841
212,722.55365,339.4693,724.8214,338.82306,2.2677612,-0.64624023,2.3580432
212,793.48346,244.20113,796.8563,243.39339,3.3728638,-0.80773926,3.4682348
212,735.3577,308.41385,737.8753,307.8503,2.5175781,-0.5635376,2.5798788
212,775.3781,308.81848,778.00726,308.15976,2.6291504,-0.6587219,2.7104144
212,769.1271,342.03125,771.68616,341.35254,2.559082,-0.67871094,2.6475554
212,707.93,428.0006,710.0693,427.62454,2.1392822,-0.37606812,2.1720855
212,773.7716,305.48056,776.39374,304.99615,2.6221313,-0.48440552,2.6664999
212,797.3641,328.20316,800.3527,327.74146,2.9886475,-0.46170044,3.0241
212,721.1398,368.7393,723.1649,368.15906,2.0251465,-0.5802307,2.106629
212,881.38544,267.79575,884.8057,267.4713,3.420288,-0.32443237,3.4356408
212,869.91254,309.40753,872.9989,308.86533,3.0863647,-0.5422058,3.1336296
212,828.3139,351.38278,831.08575,350.76114,2.7718506,-0.62164307,2.8407032
212,833.53656,385.76147,836.2656,385.16574,2.729065,-0.59573364,2.7933302
212,702.06683,392.87375,704.11566,392.56723,2.0488281,-0.30651855,2.0716298
212,696.0483,313.42313,698.43835,312.5333,2.3900757,-0.88983154,2.5503454
212,860.19275,256.9776,863.5309,256.70264,3.3381348,-0.27496338,3.3494399
212,823.5456,306.71402,826.3226,306.0521,2.7769775,-0.66192627,2.8547769
212,768.4964,409.73804,771.0537,409.30984,2.557312,-0.42819214,2.5929122
212,825.2362,395.34244,827.8122,394.59247,2.5759888,-0.7499695,2.682941
212,738.01135,412.04056,740.26324,411.617,2.251892,-0.42355347,2.2913785
212,709.41187,319.00473,711.61365,318.37134,2.2017822,-0.63339233,2.2910764
212,848.4036,369.62317,851.1211,368.863,2.7174683,-0.76016235,2.8217869
213,814.9303,348.2721,817.7565,347.652,2.8261719,-0.62008667,2.8933985
213,816.16455,365.12442,819.0381,364.4299,2.8735352,-0.69451904,2.9562747
213,833.3456,376.14218,836.28125,375.26956,2.935669,-0.8726196,3.062616
213,754.55756,262.9755,756.7526,262.72632,2.1950684,-0.24917603,2.2091658
213,714.08386,364.3066,716.53174,364.2831,2.447876,-0.023498535,2.4479887
213,726.4683,425.75027,729.0385,426.03137,2.5701904,0.2810974,2.5855162
213,718.6444,328.1768,720.9442,328.14087,2.2998047,-0.03591919,2.3000853
213,737.70526,444.73608,740.3162,444.57748,2.610962,-0.15859985,2.6157744
213,810.6641,242.6597,813.0463,242.1145,2.3822021,-0.54519653,2.4437935
213,724.31335,289.5624,726.5566,289.3523,2.243225,-0.21011353,2.2530437
213,926.5447,299.48462,929.1126,298.06653,2.5679321,-1.4180908,2.933472
213,725.78937,329.6378,728.20154,329.42865,2.4121704,-0.20913696,2.4212196
213,895.88403,266.7526,898.59686,265.74823,2.7128296,-1.004364,2.8927827
213,762.4167,457.29028,765.29535,457.0667,2.878662,-0.22357178,2.8873308
213,793.1745,324.45117,795.719,323.97287,2.5444946,-0.478302,2.5890589
213,805.1335,414.85016,808.196,414.24243,3.0625,-0.60772705,3.122217
213,724.8214,338.82306,727.2698,338.6077,2.4483643,-0.21536255,2.4578178
213,796.8563,243.39339,799.31036,242.97363,2.4540405,-0.41975403,2.4896803
213,737.8753,307.8503,740.29944,307.48618,2.4241333,-0.36413574,2.4513297
213,778.00726,308.15976,780.5876,307.71564,2.5803223,-0.4441223,2.6182642
213,771.68616,341.35254,774.5057,340.99463,2.819519,-0.35791016,2.842145
213,710.0693,427.62454,712.4839,427.92078,2.4146118,0.29623413,2.4327157
213,776.39374,304.99615,778.88745,304.47446,2.4937134,-0.521698,2.5477
213,800.3527,327.74146,802.8964,327.1093,2.5437012,-0.6321411,2.6210718
213,723.1649,368.15906,725.58636,368.32626,2.4214478,0.16720581,2.427214
213,884.8057,267.4713,887.51355,266.49545,2.7078247,-0.9758606,2.8783014
213,872.9989,308.86533,875.63947,307.71375,2.640564,-1.1515808,2.8807492
213,831.08575,350.76114,833.6653,349.84402,2.5795288,-0.91711426,2.7377121
213,836.2656,385.16574,839.2067,384.23706,2.941101,-0.9286804,3.084238
213,704.11566,392.56723,706.1586,392.12662,2.0429688,-0.4406128,2.0899427
213,698.43835,312.5333,700.62,312.4719,2.1816406,-0.061401367,2.1825047
213,863.5309,256.70264,866.4777,255.73651,2.9468384,-0.9661255,3.1011698
213,826.3226,306.0521,828.4358,305.35342,2.1132202,-0.69866943,2.225722
213,771.0537,409.30984,773.9126,408.83014,2.8588867,-0.4797058,2.8988533
213,827.8122,394.59247,830.87665,393.5043,3.0644531,-1.0881653,3.251919
213,740.26324,411.617,742.8129,411.531,2.5496826,-0.085998535,2.5511327
213,711.61365,318.37134,713.7452,318.31836,2.1315308,-0.052978516,2.132189
213,851.1211,368.863,854.0487,368.0037,2.9276123,-0.85931396,3.0511203
214,817.7565,347.652,820.83014,347.1169,3.0736694,-0.5350952,3.119899
214,819.0381,364.4299,822.2014,363.71426,3.16333,-0.7156372,3.243269
214,836.28125,375.26956,839.4166,374.37402,3.135376,-0.89553833,3.2607625
214,756.7526,262.72632,759.1823,262.69894,2.4296875,-0.027374268,2.4298418
214,716.53174,364.2831,719.25006,364.86685,2.7183228,0.58374023,2.7802932
214,729.0385,426.03137,732.2843,426.27594,3.2457886,0.24456787,3.2549896
214,720.9442,328.14087,723.6888,328.67627,2.7445679,0.5354004,2.7963023
214,740.3162,444.57748,743.77527,444.64932,3.4590454,0.07183838,3.4597912
214,813.0463,242.1145,815.3261,241.58151,2.2797852,-0.5329895,2.34126
214,726.5566,289.3523,728.8874,289.6385,2.3308105,0.28619385,2.3483152
214,929.1126,298.06653,931.6731,296.5458,2.5604858,-1.5207214,2.9780333
214,728.20154,329.42865,730.6904,329.80212,2.4888916,0.37347412,2.5167568
214,898.59686,265.74823,901.10516,264.73935,2.5083008,-1.0088806,2.7035925
214,765.29535,457.0667,768.9303,456.77158,3.6349487,-0.2951355,3.6469107
214,795.719,323.97287,798.68274,323.97345,2.963745,0.000579834,2.963745
214,808.196,414.24243,811.8366,413.6464,3.640625,-0.5960388,3.6890938
214,727.2698,338.6077,729.88824,338.995,2.6184692,0.38729858,2.646957
214,799.31036,242.97363,801.123,242.62636,1.8126221,-0.34727478,1.8455889
214,740.29944,307.48618,742.5685,308.08527,2.269043,0.5990906,2.346799
214,780.5876,307.71564,783.21576,307.64874,2.6281738,-0.06689453,2.629025
214,774.5057,340.99463,777.4102,340.8915,2.904541,-0.1031189,2.9063709
214,712.4839,427.92078,715.455,427.9594,2.9711304,0.038635254,2.9713814
214,778.88745,304.47446,781.43677,304.44974,2.5493164,-0.024719238,2.549436
214,802.8964,327.1093,805.79626,326.37918,2.8998413,-0.73013306,2.990347
214,725.58636,368.32626,728.4416,368.8849,2.8552246,0.55862427,2.9093587
214,887.51355,266.49545,889.9745,265.485,2.4609375,-1.0104675,2.6603117
214,875.63947,307.71375,878.48364,306.5972,2.8441772,-1.1165466,3.0554903
214,833.6653,349.84402,836.6565,348.9657,2.991211,-0.8783264,3.117499
214,839.2067,384.23706,842.34674,383.19116,3.1400146,-1.0458984,3.3096216
214,706.1586,392.12662,709.0606,393.0658,2.9019775,0.93917847,3.0501688
214,700.62,312.4719,702.8311,312.7589,2.2111206,0.28701782,2.2296712
214,866.4777,255.73651,868.9666,254.98883,2.4888916,-0.74768066,2.5987704
214,828.4358,305.35342,830.9453,304.4818,2.5095215,-0.87161255,2.656578
214,773.9126,408.83014,777.3714,408.51663,3.4588013,-0.31350708,3.4729805
214,830.87665,393.5043,834.0845,392.31882,3.2078247,-1.1854858,3.4198706
214,742.8129,411.531,746.00024,411.54617,3.187317,0.015167236,3.187353
214,713.7452,318.31836,716.13885,318.76642,2.3936768,0.44805908,2.4352505
214,854.0487,368.0037,856.9404,366.78732,2.8917236,-1.2163696,3.1371357
215,820.83014,347.1169,823.59454,346.92606,2.7644043,-0.19085693,2.770985
215,822.2014,363.71426,825.0996,363.44315,2.8981934,-0.27111816,2.910847
215,839.4166,374.37402,842.38257,373.80582,2.9659424,-0.5682068,3.0198796
215,759.1823,262.69894,760.96564,263.188,1.7833252,0.4890442,1.8491654
215,719.25006,364.86685,721.92114,365.70544,2.6710815,0.8385925,2.7996275
215,732.2843,426.27594,735.76184,426.9364,3.477539,0.6604614,3.5397017
215,723.6888,328.67627,725.7051,329.40265,2.0162964,0.7263794,2.1431468
215,743.77527,444.64932,747.6003,445.13354,3.8250122,0.4842224,3.85554
215,815.3261,241.58151,816.9096,241.5247,1.5834961,-0.05680847,1.5845147
215,728.8874,289.6385,730.8562,290.49136,1.968811,0.85287476,2.145603
215,931.6731,296.5458,934.1483,295.8732,2.4752197,-0.6726074,2.5649784
215,730.6904,329.80212,733.14996,330.53098,2.4595337,0.7288513,2.5652544
215,901.10516,264.73935,902.8705,263.91345,1.7653198,-0.8258972,1.9489639
215,768.9303,456.77158,772.7467,456.7396,3.8164062,-0.031982422,3.8165402
215,798.68274,323.97345,801.04285,324.123,2.3601074,0.14953613,2.36484
215,811.8366,413.6464,815.43085,413.09518,3.5942383,-0.5512085,3.636259
215,729.88824,338.995,732.5643,339.80655,2.6760254,0.81155396,2.7963784
215,801.123,242.62636,803.01025,242.74051,1.8872681,0.114151,1.8907171
215,742.5685,308.08527,744.66693,308.56317,2.0984497,0.47790527,2.1521814
215,783.21576,307.64874,785.39136,307.7619,2.1755981,0.11315918,2.178539
215,777.4102,340.8915,779.9985,341.2655,2.5882568,0.37399292,2.6151376
215,715.455,427.9594,718.7574,428.51025,3.3023682,0.5508423,3.3479939
215,781.43677,304.44974,783.5697,304.82352,2.1329346,0.3737793,2.1654377
215,805.79626,326.37918,808.1358,326.3043,2.3395386,-0.07489014,2.3407369
215,728.4416,368.8849,731.2884,369.35147,2.8468018,0.46658325,2.8847842
215,889.9745,265.485,891.8219,264.65765,1.8474121,-0.82733154,2.0242057
215,878.48364,306.5972,880.7119,305.7396,2.2282715,-0.857605,2.3876097
215,836.6565,348.9657,839.2932,348.46442,2.6367188,-0.50128174,2.6839466
215,842.34674,383.19116,845.33716,382.54834,2.9904175,-0.64282227,3.058728
215,709.0606,393.0658,711.8965,393.41162,2.8358765,0.3458252,2.8568847
215,702.8311,312.7589,705.04675,313.85657,2.2156372,1.0976562,2.4726295
215,868.9666,254.98883,870.8418,254.49402,1.8751831,-0.494812,1.9393686
215,830.9453,304.4818,830.61816,304.44913,-0.32714844,-0.032684326,0.32877707
215,777.3714,408.51663,780.55475,408.35846,3.1833496,-0.1581726,3.1872768
215,834.0845,392.31882,837.32916,391.89783,3.24469,-0.42099,3.2718873
215,746.00024,411.54617,749.3711,412.09244,3.3708496,0.54626465,3.4148252
215,716.13885,318.76642,718.3119,319.83026,2.1730347,1.0638428,2.4194713
215,856.9404,366.78732,859.93695,366.27524,2.996521,-0.51208496,3.039962
216,823.59454,346.92606,825.70135,347.1676,2.1068115,0.24154663,2.120613
216,825.0996,363.44315,827.4035,363.55222,2.303894,0.109069824,2.3064742
216,842.38257,373.80582,844.736,373.76505,2.3534546,-0.040771484,2.3538077
216,760.96564,263.188,762.14166,264.1207,1.1760254,0.93270874,1.5009934
216,721.92114,365.70544,724.2982,366.99304,2.3770752,1.2875977,2.7034042
216,735.76184,426.9364,738.6885,427.52747,2.9266357,0.59106445,2.9857252
216,725.7051,329.40265,727.6838,330.53284,1.9786987,1.130188,2.2787218
216,747.6003,445.13354,750.9103,445.5407,3.3099976,0.40716553,3.3349464
216,816.9096,241.5247,817.8364,241.83206,0.92681885,0.3073578,0.9764538
216,730.8562,290.49136,732.4506,291.76862,1.5944214,1.2772522,2.0429275
216,934.1483,295.8732,935.8353,295.1038,1.6870117,-0.7694092,1.8541842
216,733.14996,330.53098,735.1304,331.62372,1.9804077,1.0927429,2.2618802
216,902.8705,263.91345,904.22363,263.74426,1.3531494,-0.16918945,1.3636856
216,772.7467,456.7396,776.19354,456.88522,3.4468384,0.14562988,3.4499133
216,801.04285,324.123,802.7542,324.7818,1.7113647,0.6588135,1.8337952
216,815.43085,413.09518,818.4737,413.1252,3.0428467,0.030029297,3.042995
216,732.5643,339.80655,734.6994,341.01013,2.1351318,1.2035828,2.4509997
216,803.01025,242.74051,804.3042,243.34496,1.2939453,0.6044464,1.4281632
216,744.66693,308.56317,746.3089,309.6516,1.6419678,1.08844,1.9699644
216,785.39136,307.7619,786.9843,308.6993,1.5929565,0.93740845,1.8483088
216,779.9985,341.2655,782.01135,341.95184,2.0128784,0.68634033,2.1266742
216,718.7574,428.51025,721.562,428.6959,2.8046265,0.18563843,2.8107634
216,783.5697,304.82352,785.13153,305.88016,1.5618286,1.0566406,1.8856823
216,808.1358,326.3043,809.89185,326.53186,1.7560425,0.22756958,1.7707267
216,731.2884,369.35147,733.61523,370.47305,2.3268433,1.121582,2.5830498
216,891.8219,264.65765,893.0675,264.4758,1.2456055,-0.18185425,1.2588105
216,880.7119,305.7396,882.41,305.58405,1.6980591,-0.1555481,1.7051686
216,839.2932,348.46442,841.3799,348.45303,2.08667,-0.011383057,2.086701
216,845.33716,382.54834,847.733,382.43417,2.395813,-0.11416626,2.3985314
216,711.8965,393.41162,714.6618,394.36237,2.7653198,0.9507446,2.9241939
216,705.04675,313.85657,706.9704,315.273,1.923645,1.4164429,2.3888743
216,870.8418,254.49402,871.9148,254.48752,1.072998,-0.006500244,1.0730177
216,830.61816,304.44913,832.49207,304.69794,1.8739014,0.24880981,1.8903472
216,780.55475,408.35846,783.4738,408.5551,2.9190674,0.19665527,2.9256842
216,837.32916,391.89783,840.0275,391.7943,2.6983643,-0.103515625,2.700349
216,749.3711,412.09244,752.3212,412.5429,2.9501343,0.45046997,2.9843283
216,718.3119,319.83026,720.2988,321.27747,1.9869385,1.4472046,2.4581144
216,859.93695,366.27524,862.2832,366.1181,2.3462524,-0.15713501,2.3515084
217,825.70135,347.1676,827.20654,347.99124,1.505188,0.8236389,1.7158008
217,827.4035,363.55222,829.01746,364.23343,1.6139526,0.6812134,1.7518262
217,844.736,373.76505,846.4248,374.272,1.6887817,0.506958,1.7632328
217,762.14166,264.1207,762.78546,265.74188,0.6437988,1.6211853,1.744339
217,724.2982,366.99304,726.14465,368.53973,1.8464355,1.5466919,2.4086468
217,738.6885,427.52747,741.52026,428.32327,2.831787,0.7958069,2.9414837
217,727.6838,330.53284,728.9284,332.1368,1.2446289,1.6039734,2.0302296
217,750.9103,445.5407,754.0347,446.1672,3.1244507,0.62649536,3.1866422
217,817.8364,241.83206,818.0237,242.52556,0.18725586,0.6934967,0.71833307
217,732.4506,291.76862,733.16205,293.80954,0.7114258,2.040924,2.1613648
217,935.8353,295.1038,936.70917,294.93442,0.87384033,-0.16937256,0.8901034
217,735.1304,331.62372,736.6342,333.28906,1.5038452,1.6653442,2.243863
217,904.22363,263.74426,904.53455,264.1491,0.3109131,0.4048462,0.510458
217,776.19354,456.88522,778.80304,456.89508,2.609497,0.009857178,2.6095157
217,802.7542,324.7818,804.213,325.92444,1.4588013,1.1426392,1.8530314
217,818.4737,413.1252,820.7224,413.57098,2.2487183,0.44577026,2.2924757
217,734.6994,341.01013,736.3136,342.79843,1.6141968,1.7882996,2.409076
217,804.3042,243.34496,804.81604,244.39029,0.5118408,1.0453339,1.1639174
217,746.3089,309.6516,747.40576,311.32462,1.0968628,1.6730042,2.0005126
217,786.9843,308.6993,788.0823,309.79605,1.0979614,1.0967407,1.5518891
217,782.01135,341.95184,783.43085,343.2027,1.4194946,1.2508545,1.8919836
217,721.562,428.6959,724.1822,429.53006,2.6201782,0.8341675,2.749758
217,785.13153,305.88016,786.14185,307.23257,1.010315,1.352417,1.6881256
217,809.89185,326.53186,811.4382,327.65582,1.5463257,1.1239624,1.9116523
217,733.61523,370.47305,735.5414,371.86893,1.9261475,1.395874,2.378762
217,893.0675,264.4758,893.28485,264.8076,0.21734619,0.3317871,0.39663842
217,882.41,305.58405,883.3469,306.0685,0.9369507,0.48446655,1.0547912
217,841.3799,348.45303,842.88696,349.09012,1.5070801,0.63708496,1.6362052
217,847.733,382.43417,849.44684,382.84827,1.7138672,0.41409302,1.7631829
217,714.6618,394.36237,716.9009,395.67114,2.2390747,1.3087769,2.593521
217,706.9704,315.273,708.07983,317.32465,1.109436,2.0516357,2.3323932
217,871.9148,254.48752,872.3049,255.4657,0.39007568,0.97817993,1.0530883
217,832.49207,304.69794,833.76605,305.28284,1.2739868,0.5848999,1.4018382
217,783.4738,408.5551,786.04205,409.09375,2.5682373,0.53863525,2.6241133
217,840.0275,391.7943,842.102,392.0096,2.074463,0.21530151,2.0856056
217,752.3212,412.5429,754.6283,413.51047,2.3070679,0.9675598,2.5017462
217,720.2988,321.27747,721.5532,322.9806,1.2543945,1.703125,2.1152163
217,862.2832,366.1181,863.89575,366.4793,1.6125488,0.36120605,1.6525083
218,827.20654,347.99124,828.1507,349.21362,0.94415283,1.2223816,1.5445522
218,829.01746,364.23343,830.18115,365.33286,1.1636963,1.0994263,1.6009145
218,846.4248,374.272,847.64874,375.2,1.223938,0.92800903,1.5359769
218,762.78546,265.74188,762.5782,268.1446,-0.20727539,2.40271,2.411634
218,726.14465,368.53973,727.3429,370.45197,1.1982422,1.9122314,2.2566376
218,741.52026,428.32327,743.807,429.26538,2.2867432,0.94210815,2.473209
218,728.9284,332.1368,729.77844,334.50958,0.8500366,2.3727722,2.5204384
218,754.0347,446.1672,756.9172,446.9288,2.8824463,0.7615967,2.981363
218,818.0237,242.52556,817.3942,243.9593,-0.62945557,1.4337463,1.5658361
218,733.16205,293.80954,733.55096,296.33783,0.38891602,2.5282898,2.5580275
218,936.70917,294.93442,936.91187,295.1175,0.20269775,0.18307495,0.27313516
218,736.6342,333.28906,737.6258,335.65228,0.99157715,2.3632202,2.5628178
218,904.53455,264.1491,904.8334,265.26617,0.29882812,1.1170654,1.1563449
218,778.80304,456.89508,781.4748,457.17737,2.671753,0.2822876,2.6866243
218,804.213,325.92444,804.5764,327.60458,0.36340332,1.6801453,1.7189969
218,820.7224,413.57098,822.87756,414.66293,2.1551514,1.0919495,2.415995
218,736.3136,342.79843,737.3896,345.3392,1.0759888,2.5407715,2.7592158
218,804.81604,244.39029,804.56586,245.93657,-0.2501831,1.5462799,1.5663885
218,747.40576,311.32462,747.88025,313.62677,0.4744873,2.3021545,2.3505433
218,788.0823,309.79605,788.3489,311.63474,0.26660156,1.8386841,1.8579116
218,783.43085,343.2027,784.18036,344.93158,0.7495117,1.7288818,1.8843567
218,724.1822,429.53006,726.43256,429.92023,2.2503662,0.39016724,2.2839391
218,786.14185,307.23257,786.3372,309.17868,0.19537354,1.946106,1.9558884
218,811.4382,327.65582,811.90845,329.19083,0.47027588,1.5350037,1.6054269
218,735.5414,371.86893,737.12305,373.38525,1.581665,1.5163269,2.1910985
218,893.28485,264.8076,893.41345,265.85016,0.12860107,1.042572,1.0504736
218,883.3469,306.0685,883.98785,307.39813,0.6409302,1.3296204,1.4760358
218,842.88696,349.09012,843.89795,350.1247,1.0109863,1.0345764,1.4465274
218,849.44684,382.84827,850.73413,383.69427,1.2872925,0.8460083,1.5404063
218,716.9009,395.67114,719.19385,397.07333,2.2929688,1.4021912,2.6877213
218,708.07983,317.32465,709.14844,319.57062,1.0686035,2.2459717,2.487228
218,872.3049,255.4657,871.81635,255.76187,-0.4885254,0.2961731,0.5712929
218,833.76605,305.28284,834.90186,307.04327,1.1358032,1.760437,2.0950387
218,786.04205,409.09375,788.1818,409.84644,2.1397705,0.75268555,2.2682931
218,842.102,392.0096,843.6358,392.89658,1.5338135,0.8869629,1.7718033
218,754.6283,413.51047,756.8461,414.37048,2.2178345,0.86001587,2.3787427
218,721.5532,322.9806,722.52325,325.28522,0.97003174,2.3046265,2.500453
218,863.89575,366.4793,865.2108,367.2681,1.3150635,0.78878784,1.5334857
219,828.1507,349.21362,828.95593,350.752,0.8052368,1.5383911,1.736391
219,830.18115,365.33286,831.2263,366.66327,1.045166,1.3304138,1.6918548
219,847.64874,375.2,848.74963,376.4324,1.1008911,1.2323914,1.652498
219,762.5782,268.1446,762.31433,270.80618,-0.26385498,2.6615906,2.674637
219,727.3429,370.45197,728.674,372.7307,1.3311157,2.2787476,2.6390452
219,743.807,429.26538,746.01227,430.2766,2.2052612,1.0112305,2.4260595
219,729.77844,334.50958,730.11035,336.506,0.33190918,1.9964294,2.0238316
219,756.9172,446.9288,759.4715,447.67368,2.5543213,0.74487305,2.660713
219,817.3942,243.9593,816.8833,245.70444,-0.5109253,1.7451324,1.8183872
219,733.55096,296.33783,733.6964,299.22107,0.14544678,2.8832397,2.886906
219,936.91187,295.1175,937.26917,296.36826,0.3572998,1.2507629,1.3007963
219,737.6258,335.65228,738.57294,337.91434,0.94714355,2.2620544,2.45234
219,904.8334,265.26617,905.24756,266.51395,0.41418457,1.2477722,1.3147184
219,781.4748,457.17737,783.7956,457.33792,2.3208008,0.16055298,2.3263476
219,804.5764,327.60458,805.0193,329.72723,0.4428711,2.1226501,2.1683586
219,822.87756,414.66293,824.5871,415.40115,1.7095337,0.7382202,1.8621156
219,737.3896,345.3392,738.37164,347.72812,0.98205566,2.388916,2.5828962
219,804.56586,245.93657,803.7568,247.81683,-0.80908203,1.8802643,2.0469508
219,747.88025,313.62677,748.36456,316.23663,0.48431396,2.6098633,2.6544201
219,788.3489,311.63474,788.6663,314.03482,0.31744385,2.4000854,2.4209876
219,784.18036,344.93158,785.02966,346.83945,0.8493042,1.9078674,2.0883667
219,726.43256,429.92023,728.5274,430.6203,2.0948486,0.70007324,2.2087312
219,786.3372,309.17868,786.59283,311.47525,0.25561523,2.2965698,2.3107514
219,811.90845,329.19083,812.35315,331.1095,0.44470215,1.9186707,1.9695323
219,737.12305,373.38525,739.0298,375.6082,1.9067383,2.222931,2.928664
219,893.41345,265.85016,893.5094,267.0702,0.095947266,1.2200317,1.2237988
219,883.98785,307.39813,884.41364,308.94522,0.42578125,1.5470886,1.6046098
219,843.89795,350.1247,844.9022,351.58356,1.0042725,1.4588623,1.7711133
219,850.73413,383.69427,851.87585,384.8095,1.1417236,1.1152344,1.5960202
219,719.19385,397.07333,720.97894,398.40326,1.7850952,1.3299255,2.226043
219,709.14844,319.57062,709.8718,322.29633,0.7233887,2.725708,2.8200667
219,871.81635,255.76187,871.48474,256.39606,-0.331604,0.6341858,0.71564853
219,834.90186,307.04327,835.2073,308.5762,0.30541992,1.5329285,1.5630583
219,788.1818,409.84644,789.81525,410.91415,1.6334229,1.0677185,1.9514335
219,843.6358,392.89658,845.0628,393.93668,1.427002,1.0401001,1.7658263
219,756.8461,414.37048,758.5223,415.43185,1.6761475,1.0613708,1.98393
219,722.52325,325.28522,723.3197,327.88522,0.79644775,2.600006,2.7192574
219,865.2108,367.2681,866.29236,368.38663,1.081543,1.1185303,1.5559065
220,828.95593,350.752,829.9858,351.34412,1.0298462,0.59210205,1.1879259
220,831.2263,366.66327,832.41406,367.24762,1.1877441,0.5843506,1.3237076
220,848.74963,376.4324,850.0432,376.792,1.2935791,0.35958862,1.3426284
220,762.31433,270.80618,762.8105,272.14633,0.4961548,1.3401489,1.4290446
220,728.674,372.7307,730.04333,373.80804,1.3693237,1.0773315,1.7423234
220,746.01227,430.2766,747.86896,431.03366,1.8566895,0.75704956,2.0050983
220,730.11035,336.506,731.35864,337.85635,1.248291,1.3503418,1.8389273
220,759.4715,447.67368,761.3026,448.14536,1.8311157,0.4716797,1.8908905
220,816.8833,245.70444,817.367,247.07118,0.4837036,1.366745,1.4498142
220,733.6964,299.22107,734.45483,300.54895,0.75842285,1.3278809,1.5292066
220,937.26917,296.36826,937.9417,296.6144,0.6725464,0.24615479,0.71617794
220,738.57294,337.91434,739.7337,339.10538,1.1607666,1.19104,1.6631162
220,905.24756,266.51395,906.0995,266.8721,0.8519287,0.3581543,0.9241521
220,783.7956,457.33792,785.8379,457.61627,2.0422974,0.27835083,2.0611787
220,805.0193,329.72723,805.9372,330.63712,0.9179077,0.9098816,1.2924546
220,824.5871,415.40115,826.3072,415.7243,1.7200928,0.32315063,1.7501844
220,738.37164,347.72812,739.5799,348.88843,1.208252,1.1603088,1.6751685
220,803.7568,247.81683,804.57227,248.4768,0.8154907,0.65997314,1.0490899
220,748.36456,316.23663,749.0803,317.2891,0.7157593,1.0524597,1.2727854
220,788.6663,314.03482,789.43976,314.9892,0.7734375,0.9543762,1.2284297
220,785.02966,346.83945,785.9502,347.84454,0.9205322,1.0050964,1.3629375
220,728.5274,430.6203,730.2223,431.0884,1.6948853,0.46810913,1.7583408
220,786.59283,311.47525,787.35077,312.7128,0.7579346,1.2375488,1.4512036
220,812.35315,331.1095,813.33356,331.82574,0.9804077,0.71624756,1.2141705
220,739.0298,375.6082,740.4465,377.08017,1.416687,1.4719849,2.0429738
220,893.5094,267.0702,894.06244,267.38895,0.55303955,0.3187561,0.6383245
220,884.41364,308.94522,885.0907,309.44302,0.677063,0.49780273,0.84037006
220,844.9022,351.58356,845.945,352.06155,1.0427856,0.47799683,1.1471194
220,851.87585,384.8095,853.2428,385.2267,1.3669434,0.4172058,1.4291937
220,720.97894,398.40326,722.7597,399.5945,1.7807617,1.1912537,2.1424747
220,709.8718,322.29633,710.8642,323.88947,0.9923706,1.5931396,1.8769373
220,871.48474,256.39606,871.48975,256.3694,0.005004883,-0.026672363,0.027137866
220,835.2073,308.5762,836.3603,309.7233,1.1530151,1.1470947,1.6264287
220,789.81525,410.91415,791.7318,411.35962,1.916565,0.4454651,1.9676535
220,845.0628,393.93668,846.44055,394.34097,1.3777466,0.40429688,1.4358418
220,758.5223,415.43185,760.12244,415.97037,1.6001587,0.5385132,1.6883436
220,723.3197,327.88522,724.42505,329.1459,1.1053467,1.2606812,1.676636
220,866.29236,368.38663,867.60913,368.71606,1.3167725,0.32943726,1.3573571
221,829.9858,351.34412,831.48236,350.8252,1.496582,-0.5189209,1.5839939
221,832.41406,367.24762,833.85876,366.58252,1.4447021,-0.6651001,1.5904472
221,850.0432,376.792,851.4913,376.159,1.4480591,-0.6329956,1.5803666
221,762.8105,272.14633,764.02,271.6968,1.2095337,-0.44952393,1.2903657
221,730.04333,373.80804,731.20624,373.81235,1.1629028,0.0043029785,1.1629108
221,747.86896,431.03366,749.194,430.96045,1.3250122,-0.07321167,1.3270333
221,731.35864,337.85635,732.39764,337.86093,1.0390015,0.0045776367,1.0390116
221,761.3026,448.14536,762.6731,448.0388,1.3704834,-0.10656738,1.3746204
221,817.367,247.07118,818.6886,246.51747,1.3215942,-0.55371094,1.4329016
221,734.45483,300.54895,735.8411,300.2231,1.3862915,-0.32583618,1.4240693
221,937.9417,296.6144,939.2108,295.3101,1.269104,-1.3043213,1.8198569
221,739.7337,339.10538,740.99426,338.9983,1.2605591,-0.10708618,1.2650994
221,906.0995,266.8721,906.79504,266.03952,0.69555664,-0.83258057,1.0848914
221,785.8379,457.61627,787.3108,457.5891,1.4729004,-0.027160645,1.4731507
221,805.9372,330.63712,807.4099,330.0418,1.4727173,-0.5953064,1.5884854
221,826.3072,415.7243,827.683,415.30908,1.3757935,-0.41522217,1.4370863
221,739.5799,348.88843,740.8658,348.79828,1.2858887,-0.090148926,1.2890447
221,804.57227,248.4768,805.18506,248.27763,0.61279297,-0.19917297,0.64434856
221,749.0803,317.2891,750.17993,317.27567,1.0996094,-0.013427734,1.0996913
221,789.43976,314.9892,790.66797,314.4763,1.2282104,-0.51290894,1.3310058
221,785.9502,347.84454,787.3705,347.3566,1.4202881,-0.48794556,1.5017687
221,730.2223,431.0884,731.561,431.06683,1.3386841,-0.021575928,1.3388579
221,787.35077,312.7128,788.5434,312.24347,1.192627,-0.46932983,1.2816511
221,813.33356,331.82574,814.695,331.283,1.3614502,-0.5427551,1.46565
221,740.4465,377.08017,741.6863,377.09573,1.2398071,0.015563965,1.2399049
221,894.06244,267.38895,895.1168,266.6315,1.0543823,-0.7574463,1.2982477
221,885.0907,309.44302,886.5797,308.57086,1.4890137,-0.87216187,1.7256384
221,845.945,352.06155,847.26074,351.30618,1.3157349,-0.7553711,1.5171499
221,853.2428,385.2267,854.62317,384.50058,1.3803711,-0.72613525,1.5597105
221,722.7597,399.5945,723.8841,399.61038,1.1243896,0.01586914,1.1245017
221,710.8642,323.88947,712.0465,324.05817,1.182312,0.16870117,1.1942872
221,871.48975,256.3694,872.8583,256.01083,1.3685303,-0.35855103,1.4147204
221,836.3603,309.7233,838.0331,309.17734,1.6727905,-0.5459595,1.7596307
221,791.7318,411.35962,792.79285,411.00784,1.0610352,-0.35177612,1.1178292
221,846.44055,394.34097,847.91754,393.61313,1.4769897,-0.72784424,1.6465892
221,760.12244,415.97037,761.54913,415.9677,1.4266968,-0.0026550293,1.4266993
221,724.42505,329.1459,725.5749,329.1303,1.1498413,-0.015594482,1.149947
221,867.60913,368.71606,868.8727,367.932,1.2635498,-0.7840576,1.4870455
222,831.48236,350.8252,833.4514,349.65823,1.9690552,-1.1669617,2.2888813
222,833.85876,366.58252,835.7977,365.44174,1.9389648,-1.1407776,2.2496574
222,851.4913,376.159,853.41876,374.8098,1.9274902,-1.3491821,2.3527668
222,764.02,271.6968,766.1076,270.55908,2.0875854,-1.1377258,2.3774846
222,731.20624,373.81235,732.90155,373.65063,1.6953125,-0.16171265,1.7030077
222,749.194,430.96045,750.7958,430.77548,1.6018066,-0.18496704,1.6124507
222,732.39764,337.86093,734.3239,337.2206,1.9262695,-0.6403198,2.0299075
222,762.6731,448.0388,764.44543,447.84363,1.7723389,-0.19515991,1.7830515
222,818.6886,246.51747,820.5229,245.4577,1.8342896,-1.0597687,2.1184258
222,735.8411,300.2231,737.7798,299.52097,1.9386597,-0.70214844,2.0618956
222,939.2108,295.3101,940.85394,293.3108,1.6431274,-1.9992981,2.587868
222,740.99426,338.9983,743.0657,338.40652,2.0714111,-0.59176636,2.154282
222,906.79504,266.03952,908.0642,264.54514,1.269165,-1.4943848,1.9606034
222,787.3108,457.5891,788.88403,457.14935,1.5732422,-0.4397583,1.6335478
222,807.4099,330.0418,809.43494,329.03772,2.0250244,-1.0040894,2.2602918
222,827.683,415.30908,829.75464,414.08563,2.0716553,-1.2234497,2.4059477
222,740.8658,348.79828,742.8126,348.18973,1.9468384,-0.608551,2.039734
222,805.18506,248.27763,806.4978,247.41435,1.3127441,-0.86328125,1.5711625
222,750.17993,317.27567,752.22485,316.71893,2.0449219,-0.5567322,2.1193528
222,790.66797,314.4763,792.66016,313.46365,1.9921875,-1.0126343,2.2347796
222,787.3705,347.3566,789.2853,346.37177,1.9147949,-0.98483276,2.1532152
222,731.561,431.06683,733.09564,430.9464,1.534668,-0.12042236,1.5393854
222,788.5434,312.24347,790.59247,311.2258,2.0490723,-1.0176697,2.28787
222,814.695,331.283,816.86633,330.1547,2.1713257,-1.1282959,2.4469793
222,741.6863,377.09573,743.3147,376.5887,1.628418,-0.50701904,1.7055244
222,895.1168,266.6315,896.7788,265.292,1.6619873,-1.339508,2.134592
222,886.5797,308.57086,888.5235,306.95416,1.9437866,-1.6166992,2.528245
222,847.26074,351.30618,849.18823,350.0706,1.9274902,-1.2355957,2.289523
222,854.62317,384.50058,856.5268,383.09396,1.9036255,-1.4066162,2.3669302
222,723.8841,399.61038,725.5884,399.54587,1.7042847,-0.06451416,1.7055054
222,712.0465,324.05817,713.8305,323.47662,1.7839966,-0.58154297,1.8763891
222,872.8583,256.01083,875.20526,255.52788,2.3469849,-0.48295593,2.3961604
222,838.0331,309.17734,839.6006,307.45395,1.5675049,-1.7233887,2.3296223
222,792.79285,411.00784,794.78314,410.54382,1.9902954,-0.46401978,2.0436707
222,847.91754,393.61313,849.86334,392.38385,1.9458008,-1.2292786,2.3015792
222,761.54913,415.9677,763.35486,415.68286,1.8057251,-0.28485107,1.8280545
222,725.5749,329.1303,727.36005,328.58173,1.7851562,-0.548584,1.8675457
222,868.8727,367.932,870.70776,366.4438,1.835083,-1.4882202,2.3626952
223,833.4514,349.65823,835.53845,348.6752,2.0870361,-0.9830322,2.3069618
223,835.7977,365.44174,837.83765,364.3562,2.039917,-1.0855408,2.3107705
223,853.41876,374.8098,855.37396,373.64297,1.9552002,-1.1668396,2.2769108
223,766.1076,270.55908,768.1797,269.656,2.0720825,-0.9030762,2.260326
223,732.90155,373.65063,734.98553,373.4537,2.0839844,-0.19692993,2.0932682
223,750.7958,430.77548,752.87146,430.80756,2.0756836,0.032073975,2.0759313
223,734.3239,337.2206,736.5071,336.5313,2.1831665,-0.68930054,2.2893996
223,764.44543,447.84363,766.36334,447.59927,1.9179077,-0.24435425,1.9334112
223,820.5229,245.4577,822.4751,244.479,1.9522095,-0.97869873,2.1837978
223,737.7798,299.52097,739.78973,299.02612,2.0099487,-0.49484253,2.069967
223,940.85394,293.3108,942.3978,291.5435,1.5438843,-1.7673035,2.346687
223,743.0657,338.40652,744.9091,337.77176,1.8434448,-0.6347656,1.9496708
223,908.0642,264.54514,909.601,263.2031,1.5368042,-1.342041,2.0403042
223,788.88403,457.14935,791.40295,456.98682,2.518921,-0.16253662,2.5241594
223,809.43494,329.03772,811.5454,328.0833,2.1104736,-0.95440674,2.316245
223,829.75464,414.08563,831.8594,413.075,2.1047363,-1.0106201,2.334795
223,742.8126,348.18973,744.7835,347.59677,1.9708862,-0.59295654,2.0581522
223,806.4978,247.41435,808.26154,246.50833,1.7637329,-0.9060211,1.9828333
223,752.22485,316.71893,754.272,315.90884,2.0471191,-0.8100891,2.201577
223,792.66016,313.46365,794.7298,312.61758,2.069641,-0.84606934,2.2358997
223,789.2853,346.37177,791.4147,345.69174,2.1293945,-0.6800232,2.2353415
223,733.09564,430.9464,735.2122,431.03415,2.1165771,0.08773804,2.1183949
223,790.59247,311.2258,792.63055,310.47302,2.038086,-0.7527771,2.1726637
223,816.86633,330.1547,818.9289,329.04492,2.062561,-1.1097717,2.342168
223,743.3147,376.5887,745.32367,376.3328,2.0089722,-0.2559204,2.0252073
223,896.7788,265.292,898.5218,263.97662,1.742981,-1.3153687,2.1836157
223,888.5235,306.95416,890.2685,305.2421,1.7449951,-1.7120667,2.4446228
223,849.18823,350.0706,851.10205,348.8147,1.9138184,-1.2558899,2.2890959
223,856.5268,383.09396,858.4726,381.85233,1.9458008,-1.2416382,2.3082042
223,725.5884,399.54587,727.5375,399.81125,1.9490967,0.26538086,1.9670802
223,713.8305,323.47662,715.7968,322.91418,1.9663086,-0.56243896,2.0451667
223,875.20526,255.52788,877.0649,254.85387,1.8596191,-0.67401123,1.9779975
223,839.6006,307.45395,841.12537,306.2166,1.5247803,-1.2373352,1.9636582
223,794.78314,410.54382,796.6448,409.65424,1.8616333,-0.8895874,2.0632606
223,849.86334,392.38385,851.88525,391.07178,2.0219116,-1.3120728,2.410324
223,763.35486,415.68286,765.4128,415.30923,2.0579224,-0.3736267,2.0915644
223,727.36005,328.58173,729.33276,328.10242,1.9727173,-0.47930908,2.030111
223,870.70776,366.4438,872.6633,365.16553,1.9555664,-1.2782593,2.3362763
224,835.53845,348.6752,837.50507,348.2509,1.9666138,-0.4243164,2.0118682
224,837.83765,364.3562,839.77203,363.74936,1.9343872,-0.60684204,2.027341
224,855.37396,373.64297,857.2774,372.79614,1.9034424,-0.8468323,2.083319
224,768.1797,269.656,769.7244,269.6058,1.5447388,-0.050201416,1.5455543
224,734.98553,373.4537,736.9273,373.85477,1.9417725,0.401062,1.9827585
224,752.87146,430.80756,755.1086,430.96268,2.2371216,0.15512085,2.2424932
224,736.5071,336.5313,738.44965,337.08688,1.9425659,0.5555725,2.0204513
224,766.36334,447.59927,768.8065,447.65662,2.4431763,0.05734253,2.443849
224,822.4751,244.479,823.9632,244.14287,1.4880981,-0.33613586,1.5255895
224,739.78973,299.02612,741.7689,299.2074,1.979187,0.18127441,1.9874712
224,942.3978,291.5435,943.8771,290.4992,1.479248,-1.044281,1.8107173
224,744.9091,337.77176,746.84534,338.23492,1.9362183,0.46316528,1.9908448
224,909.601,263.2031,910.989,262.35107,1.3880005,-0.85202026,1.6286448
224,791.40295,456.98682,793.7579,456.62674,2.3549194,-0.3600769,2.382289
224,811.5454,328.0833,813.5133,328.01456,1.9678955,-0.0687561,1.9690963
224,831.8594,413.075,833.85333,412.50677,1.9939575,-0.5682373,2.0733452
224,744.7835,347.59677,746.72955,348.01852,1.9460449,0.42175293,1.9912223
224,808.26154,246.50833,809.6075,246.25168,1.3459473,-0.25665283,1.3701988
224,754.272,315.90884,756.0447,316.11975,1.7727051,0.21090698,1.7852073
224,794.7298,312.61758,796.59357,312.3902,1.8637695,-0.22738647,1.8775892
224,791.4147,345.69174,793.3216,345.6017,1.9069214,-0.090026855,1.9090453
224,735.2122,431.03415,737.15576,431.02396,1.9435425,-0.010192871,1.9435692
224,792.63055,310.47302,794.527,310.26715,1.8964233,-0.20587158,1.9075651
224,818.9289,329.04492,820.90344,328.4273,1.9745483,-0.61761475,2.068886
224,745.32367,376.3328,747.32733,376.4423,2.003662,0.10949707,2.0066519
224,898.5218,263.97662,899.8849,263.1601,1.3630981,-0.8165283,1.5889478
224,890.2685,305.2421,891.8826,304.55814,1.6141357,-0.68395996,1.7530646
224,851.10205,348.8147,852.8741,348.10876,1.7720337,-0.7059326,1.9074706
224,858.4726,381.85233,860.3478,380.9485,1.8751831,-0.9038391,2.0816429
224,727.5375,399.81125,729.5785,399.83264,2.0410156,0.021392822,2.0411277
224,715.7968,322.91418,717.7542,323.2943,1.9573975,0.38012695,1.9939662
224,877.0649,254.85387,878.66156,254.45007,1.5966797,-0.40379333,1.6469471
224,841.12537,306.2166,842.9703,305.5697,1.8449097,-0.6469116,1.9550413
224,796.6448,409.65424,798.6642,409.24304,2.0194092,-0.41119385,2.0608478
224,851.88525,391.07178,853.7325,390.19617,1.847229,-0.87561035,2.0442476
224,765.4128,415.30923,767.53973,415.28308,2.1269531,-0.026153564,2.1271138
224,729.33276,328.10242,731.2441,328.5375,1.9113159,0.4350891,1.960212
224,872.6633,365.16553,874.4392,364.24792,1.7758789,-0.91760254,1.9989349
225,837.50507,348.2509,838.90826,348.50305,1.4031982,0.25216675,1.4256765
225,839.77203,363.74936,841.26404,363.8152,1.4920044,0.065826416,1.4934558
225,857.2774,372.79614,858.7134,372.7292,1.4359741,-0.06695557,1.4375342
225,769.7244,269.6058,770.54694,270.52304,0.82250977,0.9172363,1.2320085
225,736.9273,373.85477,738.6927,374.84653,1.7653809,0.99176025,2.0248847
225,755.1086,430.96268,756.9674,431.27475,1.8588257,0.31207275,1.8848401
225,738.44965,337.08688,739.734,338.09903,1.2843628,1.012146,1.6352453
225,768.8065,447.65662,770.8336,447.70248,2.0270996,0.04586792,2.0276184
225,823.9632,244.14287,824.9513,244.47513,0.98809814,0.33226013,1.0424657
225,741.7689,299.2074,742.764,300.58145,0.99505615,1.374054,1.6965144
225,943.8771,290.4992,944.5483,290.15015,0.6712036,-0.34906006,0.7565429
225,746.84534,338.23492,748.44006,339.28897,1.5947266,1.0540466,1.9115876
225,910.989,262.35107,911.7995,262.41046,0.81048584,0.059387207,0.8126587
225,793.7579,456.62674,795.7526,456.28714,1.994751,-0.3395996,2.0234523
225,813.5133,328.01456,814.742,328.64117,1.2286987,0.62661743,1.3792571
225,833.85333,412.50677,835.57904,412.3563,1.725708,-0.15048218,1.7322567
225,746.72955,348.01852,748.3245,349.10034,1.5949707,1.0818176,1.9272418
225,809.6075,246.25168,810.94434,246.33293,1.336853,0.08125305,1.33932
225,756.0447,316.11975,757.2948,317.14322,1.2501221,1.023468,1.6156398
225,796.59357,312.3902,797.7166,313.16992,1.1230469,0.7797241,1.3671883
225,793.3216,345.6017,794.71497,346.2906,1.3933716,0.6888733,1.5543586
225,737.15576,431.02396,739.1852,431.34216,2.029419,0.3182068,2.0542145
225,794.527,310.26715,795.5894,311.2304,1.062439,0.96325684,1.4340991
225,820.90344,328.4273,822.1248,328.84598,1.2213745,0.41867065,1.2911394
225,747.32733,376.4423,749.2482,377.14435,1.9208984,0.7020569,2.0451734
225,899.8849,263.1601,900.74365,263.23343,0.85876465,0.07333374,0.8618901
225,891.8826,304.55814,892.86633,304.62222,0.9837036,0.064086914,0.985789
225,852.8741,348.10876,854.38306,348.28067,1.5089722,0.17190552,1.5187325
225,860.3478,380.9485,861.78625,380.84576,1.4384766,-0.10272217,1.4421396
225,729.5785,399.83264,731.4648,400.3518,1.8862915,0.51916504,1.9564325
225,717.7542,323.2943,719.16064,324.62332,1.4064331,1.32901,1.935025
225,878.66156,254.45007,879.5363,254.49768,0.87475586,0.047607422,0.8760504
225,842.9703,305.5697,844.1008,306.10944,1.1305542,0.5397339,1.2527831
225,798.6642,409.24304,800.75854,409.176,2.0943604,-0.06704712,2.0954332
225,853.7325,390.19617,855.37036,390.12357,1.6378784,-0.07260132,1.6394868
225,767.53973,415.28308,769.4207,415.78955,1.8809814,0.5064697,1.9479741
225,731.2441,328.5375,732.6619,329.7163,1.4178467,1.1788025,1.8438722
225,874.4392,364.24792,875.8606,364.1496,1.4213867,-0.09832764,1.4247837
226,838.90826,348.50305,839.7972,349.38016,0.888916,0.8771057,1.2487938
226,841.26404,363.8152,842.2117,364.48816,0.94763184,0.67297363,1.1622821
226,858.7134,372.7292,859.70154,373.2067,0.9881592,0.47750854,1.0974848
226,770.54694,270.52304,770.4077,272.37787,-0.13922119,1.8548279,1.8600454
226,738.6927,374.84653,739.7842,376.3295,1.0914917,1.4829712,1.8413467
226,756.9674,431.27475,758.6677,431.59183,1.7003174,0.31707764,1.7296293
226,739.734,338.09903,740.4681,339.9113,0.7340698,1.8122559,1.9552824
226,770.8336,447.70248,772.881,447.68027,2.0473633,-0.022216797,2.0474837
226,824.9513,244.47513,825.1251,245.1368,0.17382812,0.66166687,0.68411934
226,742.764,300.58145,743.30835,302.66824,0.54437256,2.086792,2.1566277
226,944.5483,290.15015,945.2022,290.37683,0.65393066,0.22668457,0.6921063
226,748.44006,339.28897,749.7531,341.1264,1.3130493,1.8374329,2.2583752
226,911.7995,262.41046,912.40607,263.49976,0.6065674,1.0892944,1.2467904
226,795.7526,456.28714,797.2684,455.65286,1.5157471,-0.63427734,1.6431059
226,814.742,328.64117,815.3147,329.91022,0.5726929,1.269043,1.3922813
226,835.57904,412.3563,836.96783,412.48697,1.388794,0.13067627,1.3949282
226,748.3245,349.10034,749.39703,350.93658,1.0725098,1.8362427,2.1265147
226,810.94434,246.33293,811.4614,246.62297,0.51708984,0.29003906,0.5928782
226,757.2948,317.14322,757.9768,319.2114,0.68200684,2.0681763,2.177725
226,797.7166,313.16992,798.4483,314.74667,0.73168945,1.5767517,1.7382506
226,794.71497,346.2906,795.5544,347.7062,0.8394165,1.4156189,1.6457815
226,739.1852,431.34216,740.6698,431.59604,1.4846191,0.25387573,1.5061696
226,795.5894,311.2304,796.25165,312.736,0.66223145,1.5055847,1.6447905
226,822.1248,328.84598,822.78503,330.0737,0.6602173,1.2277222,1.393983
226,749.2482,377.14435,750.7067,378.71194,1.4584961,1.5675964,2.1411607
226,900.74365,263.23343,901.22864,264.3177,0.48498535,1.084259,1.187783
226,892.86633,304.62222,893.8297,305.6362,0.9633789,1.013977,1.3986595
226,854.38306,348.28067,855.437,349.05615,1.0539551,0.7754822,1.3085083
226,861.78625,380.84576,862.79333,381.2394,1.0070801,0.39364624,1.0812806
226,731.4648,400.3518,733.054,401.50137,1.5892334,1.1495667,1.9614195
226,719.16064,324.62332,720.04895,326.97467,0.88830566,2.3513489,2.5135489
226,879.5363,254.49768,879.6079,254.86752,0.07159424,0.36984253,0.37670842
226,844.1008,306.10944,845.1158,307.4813,1.0149536,1.3718567,1.706494
226,800.75854,409.176,802.4479,409.3826,1.689331,0.206604,1.7019179
226,855.37036,390.12357,856.4654,390.25662,1.0950317,0.13305664,1.1030859
226,769.4207,415.78955,770.9553,416.0361,1.5346069,0.24655151,1.5542864
226,732.6619,329.7163,733.66437,331.6788,1.0024414,1.9624939,2.2036948
226,875.8606,364.1496,876.9498,364.4715,1.0892334,0.3218994,1.1358031
227,839.7972,349.38016,841.3052,348.66315,1.5079956,-0.7170105,1.6697769
227,842.2117,364.48816,843.7212,363.567,1.5095215,-0.9211731,1.7683933
227,859.70154,373.2067,861.27094,372.02246,1.569397,-1.1842346,1.9660667
227,770.4077,272.37787,770.85223,272.48944,0.44451904,0.111572266,0.45830727
227,739.7842,376.3295,741.556,376.8538,1.7718506,0.524292,1.8477924
227,758.6677,431.59183,761.20184,431.3989,2.5341187,-0.19293213,2.5414524
227,740.4681,339.9113,741.89685,340.50836,1.428772,0.5970764,1.5485121
227,772.881,447.68027,775.51196,446.9246,2.6309814,-0.75567627,2.7373545
227,825.1251,245.1368,825.48785,244.30954,0.36273193,-0.82725525,0.90328604
227,743.30835,302.66824,744.20624,303.351,0.8978882,0.6827698,1.1279973
227,945.2022,290.37683,945.8578,289.09164,0.6555786,-1.2851868,1.4427364
227,749.7531,341.1264,751.35864,341.66306,1.6055298,0.5366516,1.692844
227,912.40607,263.49976,913.1559,262.4052,0.7498169,-1.0945435,1.3267444
227,797.2684,455.65286,799.8026,454.38364,2.5342407,-1.2692261,2.8343096
227,815.3147,329.91022,816.636,329.794,1.3212891,-0.11621094,1.3263898
227,836.96783,412.48697,839.0627,411.39136,2.0948486,-1.0956116,2.364055
227,749.39703,350.93658,751.1395,351.5544,1.7424927,0.61782837,1.8487813
227,811.4614,246.62297,811.98834,245.76918,0.5269165,-0.8537903,1.003294
227,757.9768,319.2114,759.3355,319.78903,1.3587036,0.5776367,1.4763942
227,798.4483,314.74667,799.6523,314.8272,1.2039795,0.08053589,1.20667
227,795.5544,347.7062,797.04346,347.6398,1.4890747,-0.06640625,1.4905547
227,740.6698,431.59604,743.4724,431.90927,2.8026123,0.31323242,2.8200622
227,796.25165,312.736,797.4119,313.04935,1.1602783,0.3133545,1.2018472
227,822.78503,330.0737,824.22107,329.7646,1.4360352,-0.30911255,1.4689274
227,750.7067,378.71194,752.8371,379.1099,2.130371,0.39794922,2.1672204
227,901.22864,264.3177,901.8125,263.1584,0.5838623,-1.1593018,1.2980276
227,893.8297,305.6362,894.85095,304.75317,1.0212402,-0.8830261,1.3500618
227,855.437,349.05615,856.7822,348.017,1.3452148,-1.039154,1.6998365
227,862.79333,381.2394,864.3402,379.913,1.546875,-1.326416,2.0376952
227,733.054,401.50137,735.1702,401.26398,2.116211,-0.23739624,2.129485
227,720.04895,326.97467,721.3864,328.00076,1.3374634,1.0260925,1.6857266
227,879.6079,254.86752,880.1232,253.50555,0.5153198,-1.361969,1.4561985
227,845.1158,307.4813,846.55835,306.9277,1.4425659,-0.55358887,1.5451398
227,802.4479,409.3826,804.60205,408.62344,2.1541748,-0.7591553,2.2840285
227,856.4654,390.25662,858.3387,389.0385,1.873291,-1.2181091,2.2345042
227,770.9553,416.0361,773.21765,415.72275,2.262329,-0.3133545,2.2839274
227,733.66437,331.6788,735.214,332.51544,1.5496216,0.8366394,1.7610487
227,876.9498,364.4715,878.3795,363.13327,1.4296875,-1.3382263,1.9582789
228,841.3052,348.66315,843.5467,347.969,2.241516,-0.69415283,2.3465385
228,843.7212,363.567,845.95135,362.61063,2.2301636,-0.95635986,2.4265723
228,861.27094,372.02246,863.41705,370.77942,2.1461182,-1.243042,2.4801161
228,770.85223,272.48944,772.18353,272.66196,1.3312988,0.17251587,1.34243
228,741.556,376.8538,744.0014,377.518,2.4453735,0.6642151,2.5339758
228,761.20184,431.3989,764.1888,431.37265,2.9869385,-0.026245117,2.9870539
228,741.89685,340.50836,744.5124,341.26535,2.6155396,0.7569885,2.7228806
228,775.51196,446.9246,778.5106,446.42743,2.9986572,-0.49716187,3.0395913
228,825.48785,244.30954,826.57294,243.6632,1.085083,-0.64634705,1.2630002
228,744.20624,303.351,745.7517,304.05417,1.5454712,0.7031555,1.697913
228,945.8578,289.09164,946.6622,286.90073,0.8043823,-2.190918,2.3339136
228,751.35864,341.66306,753.9567,342.40738,2.5980835,0.74432373,2.7026017
228,913.1559,262.4052,914.212,261.29327,1.0560913,-1.1119385,1.5335371
228,799.8026,454.38364,802.87787,453.457,3.0752563,-0.92663574,3.2118306
228,816.636,329.794,818.7772,329.67004,2.1412354,-0.1239624,2.1448207
228,839.0627,411.39136,841.7296,409.9943,2.6669312,-1.3970642,3.0106993
228,751.1395,351.5544,753.70074,352.36548,2.5612183,0.8110657,2.6865714
228,811.98834,245.76918,812.43463,245.43152,0.44628906,-0.33766174,0.55963326
228,759.3355,319.78903,761.6107,320.31656,2.2752075,0.52752686,2.335563
228,799.6523,314.8272,801.796,314.93854,2.1437378,0.111328125,2.1466265
228,797.04346,347.6398,799.51294,347.72778,2.4694824,0.08798218,2.4710493
228,743.4724,431.90927,746.4193,431.93365,2.9468994,0.024383545,2.9470003
228,797.4119,313.04935,799.4588,313.31125,2.046875,0.26190186,2.0635624
228,824.22107,329.7646,826.3847,329.3788,2.1636353,-0.3857727,2.1977575
228,752.8371,379.1099,755.7006,379.6042,2.8635254,0.4942932,2.905874
228,901.8125,263.1584,903.0994,262.12646,1.2869263,-1.0319214,1.6495578
228,894.85095,304.75317,896.45746,303.44186,1.6065063,-1.3113098,2.0737395
228,856.7822,348.017,858.8139,346.91568,2.0316772,-1.1013184,2.310977
228,864.3402,379.913,866.46576,378.57608,2.1255493,-1.3369141,2.5110354
228,735.1702,401.26398,737.9719,401.5444,2.8016968,0.28042603,2.815696
228,721.3864,328.00076,723.41394,329.3741,2.0275269,1.373352,2.4488695
228,880.1232,253.50555,881.5748,252.80879,1.4515991,-0.6967621,1.6101607
228,846.55835,306.9277,848.6461,306.27325,2.0877686,-0.65444946,2.1879401
228,804.60205,408.62344,807.56757,407.74835,2.9655151,-0.87509155,3.0919356
228,858.3387,389.0385,860.61816,387.67252,2.27948,-1.3659973,2.6574383
228,773.21765,415.72275,776.11163,415.49756,2.893982,-0.22518921,2.90273
228,735.214,332.51544,737.6984,333.28873,2.484436,0.7732849,2.6019976
228,878.3795,363.13327,880.5144,361.61707,2.1348877,-1.5162048,2.6185153
229,843.5467,347.969,846.01263,347.05344,2.4659424,-0.91555786,2.6304216
229,845.95135,362.61063,848.41125,361.5375,2.4599,-1.0731201,2.6837835
229,863.41705,370.77942,865.71106,369.41357,2.2940063,-1.3658447,2.6698308
229,772.18353,272.66196,773.98456,272.41718,1.8010254,-0.2447815,1.8175837
229,744.0014,377.518,747.05365,377.98642,3.052246,0.4684143,3.0879796
229,764.1888,431.37265,767.43976,431.17313,3.2509766,-0.19952393,3.2570937
229,744.5124,341.26535,747.11005,341.59064,2.5976562,0.32528687,2.6179438
229,778.5106,446.42743,781.65936,445.6502,3.1487427,-0.7772217,3.2432475
229,826.57294,243.6632,828.3592,242.75677,1.7862549,-0.90641785,2.0030725
229,745.7517,304.05417,747.58905,304.19064,1.8373413,0.13647461,1.8424028
229,946.6622,286.90073,948.23334,285.01883,1.571167,-1.881897,2.451551
229,753.9567,342.40738,756.97235,342.71063,3.015625,0.30325317,3.0308344
229,914.212,261.29327,915.6433,260.0017,1.4313354,-1.291565,1.9279163
229,802.87787,453.457,805.37695,452.07693,2.4990845,-1.3800659,2.8548214
229,818.7772,329.67004,821.0978,329.25073,2.3205566,-0.41931152,2.358136
229,841.7296,409.9943,844.1891,408.58328,2.4594727,-1.4110107,2.835482
229,753.70074,352.36548,756.7841,352.77676,3.083374,0.4112854,3.1106834
229,812.43463,245.43152,813.8813,244.63156,1.4466553,-0.7999573,1.6531011
229,761.6107,320.31656,764.31415,320.6619,2.7034302,0.3453369,2.7253976
229,801.796,314.93854,804.18164,314.85052,2.38562,-0.088012695,2.387243
229,799.51294,347.72778,802.0285,347.49564,2.515564,-0.23214722,2.526253
229,746.4193,431.93365,749.9388,432.07492,3.5194702,0.14126587,3.522304
229,799.4588,313.31125,801.7959,313.30807,2.3370972,-0.0031738281,2.3370993
229,826.3847,329.3788,828.80884,328.69205,2.4241333,-0.6867676,2.5195382
229,755.7006,379.6042,758.37366,379.93762,2.6730347,0.33343506,2.6937509
229,903.0994,262.12646,904.8352,260.96436,1.7357788,-1.1621094,2.0888815
229,896.45746,303.44186,898.44836,302.2793,1.9909058,-1.1625671,2.3054864
229,858.8139,346.91568,861.2828,345.77243,2.468872,-1.1432495,2.7207258
229,866.46576,378.57608,868.74084,377.11594,2.2750854,-1.460144,2.7033377
229,737.9719,401.5444,741.4012,401.9671,3.4292603,0.42269897,3.4552135
229,723.41394,329.3741,725.517,330.49878,2.1030884,1.1246643,2.3849216
229,881.5748,252.80879,883.5165,251.90883,1.9416504,-0.8999634,2.1400795
229,848.6461,306.27325,850.755,305.44562,2.1088867,-0.8276367,2.265477
229,807.56757,407.74835,810.12964,407.01297,2.5620728,-0.7353821,2.6655211
229,860.61816,387.67252,863.0441,386.12775,2.4259644,-1.5447693,2.8760417
229,776.11163,415.49756,779.1245,414.98734,3.0128784,-0.5102234,3.0557756
229,737.6984,333.28873,740.3055,333.86597,2.6070557,0.57724,2.6701958
229,880.5144,361.61707,882.7693,360.14554,2.2548828,-1.4715271,2.6925616
230,846.01263,347.05344,847.6973,346.6334,1.6846924,-0.42004395,1.7362677
230,848.41125,361.5375,850.1616,361.0792,1.7503662,-0.458313,1.8093736
230,865.71106,369.41357,867.4899,368.81583,1.7788696,-0.5977478,1.8766139
230,773.98456,272.41718,775.301,272.33975,1.3164673,-0.077423096,1.318742
230,747.05365,377.98642,748.7745,378.178,1.7208252,0.19158936,1.7314577
230,767.43976,431.17313,769.4432,430.827,2.003418,-0.34613037,2.0330985
230,747.11005,341.59064,748.95825,341.7872,1.8482056,0.19656372,1.8586289
230,781.65936,445.6502,783.90576,445.17908,2.246399,-0.47113037,2.2952716
230,828.3592,242.75677,829.43427,242.44461,1.0750732,-0.3121643,1.1194772
230,747.58905,304.19064,749.1091,304.1866,1.5200195,-0.0040283203,1.5200249
230,948.23334,285.01883,949.85736,284.26508,1.6240234,-0.75375366,1.790418
230,756.97235,342.71063,758.7303,343.00162,1.7579346,0.2909851,1.7818547
230,915.6433,260.0017,917.3536,259.55365,1.7102661,-0.44805908,1.7679839
230,805.37695,452.07693,807.819,451.37057,2.4420166,-0.70635986,2.542123
230,821.0978,329.25073,822.8995,329.1734,1.8016968,-0.07733154,1.8033557
230,844.1891,408.58328,846.0176,407.94162,1.8284912,-0.6416626,1.9378109
230,756.7841,352.77676,758.463,352.99088,1.678894,0.21411133,1.6924919
230,813.8813,244.63156,815.27637,244.3055,1.3950806,-0.32606506,1.4326787
230,764.31415,320.6619,765.9384,321.02454,1.6242676,0.36264038,1.6642575
230,804.18164,314.85052,806.1521,314.7911,1.970459,-0.059417725,1.9713546
230,802.0285,347.49564,803.87506,347.39206,1.8465576,-0.10357666,1.8494602
230,749.9388,432.07492,752.1046,432.33615,2.1658325,0.26123047,2.1815298
230,801.7959,313.30807,803.75146,313.2948,1.9555664,-0.0132751465,1.9556115
230,828.80884,328.69205,830.6281,328.4199,1.8192749,-0.27215576,1.839519
230,758.37366,379.93762,760.41376,379.9048,2.0401,-0.032836914,2.0403643
230,904.8352,260.96436,906.3755,260.49603,1.5402832,-0.46832275,1.6099064
230,898.44836,302.2793,900.02783,301.89856,1.5794678,-0.3807373,1.624709
230,861.2828,345.77243,862.94684,345.27353,1.6640625,-0.49890137,1.737241
230,868.74084,377.11594,870.4931,376.52353,1.7522583,-0.5924072,1.8496906
230,741.4012,401.9671,743.4827,402.01987,2.081543,0.052764893,2.0822115
230,725.517,330.49878,727.0572,331.02112,1.5401611,0.52233887,1.6263254
230,883.5165,251.90883,885.065,251.40677,1.548523,-0.50205994,1.6278782
230,850.755,305.44562,852.71716,305.32614,1.9621582,-0.11947632,1.9657923
230,810.12964,407.01297,812.2169,406.50308,2.0872803,-0.5098877,2.1486564
230,863.0441,386.12775,864.799,385.48355,1.7548828,-0.64419556,1.8693854
230,779.1245,414.98734,781.09705,414.73178,1.9725342,-0.2555542,1.9890196
230,740.3055,333.86597,742.05975,334.09122,1.7542725,0.22525024,1.7686745
230,882.7693,360.14554,884.47186,359.46,1.7025757,-0.6855469,1.8354124
231,847.6973,346.6334,848.27094,346.65317,0.5736084,0.01977539,0.57394916
231,850.1616,361.0792,850.7068,361.09744,0.545166,0.018249512,0.5454714
231,867.4899,368.81583,867.9934,368.77505,0.503479,-0.040771484,0.50512713
231,775.301,272.33975,775.7819,272.41827,0.480896,0.07852173,0.48726442
231,748.7745,378.178,749.48035,378.12973,0.7058716,-0.04827881,0.7075207
231,769.4432,430.827,770.22687,430.89865,0.7836914,0.07165527,0.7869604
231,748.95825,341.7872,749.593,341.91092,0.6347656,0.12371826,0.6467098
231,783.90576,445.17908,784.4313,445.15314,0.5255127,-0.025939941,0.5261525
231,829.43427,242.44461,829.9679,242.47626,0.5336304,0.03164673,0.53456795
231,749.1091,304.1866,749.6327,304.15952,0.5236206,-0.02709961,0.5243214
231,949.85736,284.26508,950.4645,284.2613,0.6071167,-0.0037841797,0.6071285
231,758.7303,343.00162,759.2418,343.04068,0.51153564,0.0390625,0.5130249
231,917.3536,259.55365,917.76666,259.5707,0.41308594,0.017059326,0.41343805
231,807.819,451.37057,808.1855,451.37253,0.3665161,0.001953125,0.3665213
231,822.8995,329.1734,823.34955,329.07278,0.45007324,-0.100616455,0.46118283
231,846.0176,407.94162,846.6482,407.8882,0.63061523,-0.05340576,0.63287264
231,758.463,352.99088,759.05707,353.02225,0.5940552,0.03137207,0.59488297
231,815.27637,244.3055,815.742,244.3443,0.4656372,0.0388031,0.4672512
231,765.9384,321.02454,766.6677,321.00565,0.7293091,-0.01889038,0.7295537
231,806.1521,314.7911,806.6399,314.7913,0.48779297,0.00018310547,0.487793
231,803.87506,347.39206,804.35846,347.38718,0.48339844,-0.0048828125,0.48342308
231,752.1046,432.33615,752.74506,432.34494,0.6404419,0.0087890625,0.6405022
231,803.75146,313.2948,804.2322,313.29446,0.4807129,-0.00033569336,0.480713
231,830.6281,328.4199,831.01685,328.3765,0.3887329,-0.043395996,0.39114764
231,760.41376,379.9048,761.0261,379.99664,0.6123657,0.09185791,0.619217
231,906.3755,260.49603,906.7558,260.50922,0.38031006,0.013183594,0.3805385
231,900.02783,301.89856,900.46893,301.85016,0.44110107,-0.04840088,0.44374856
231,862.94684,345.27353,863.4488,345.2525,0.5019531,-0.021026611,0.5023933
231,870.4931,376.52353,871.0021,376.46136,0.50897217,-0.062164307,0.5127544
231,743.4827,402.01987,743.9913,401.9629,0.5085449,-0.05697632,0.51172674
231,727.0572,331.02112,727.63403,330.95047,0.57684326,-0.07064819,0.58115345
231,885.065,251.40677,885.5669,251.41621,0.5018921,0.00944519,0.50198096
231,852.71716,305.32614,853.21643,305.40158,0.49926758,0.07543945,0.50493485
231,812.2169,406.50308,812.63245,406.54065,0.41552734,0.03756714,0.41722208
231,864.799,385.48355,865.4542,385.57642,0.6552124,0.09286499,0.6617607
231,781.09705,414.73178,781.78455,414.69995,0.6875,-0.031829834,0.6882364
231,742.05975,334.09122,742.6392,334.0858,0.5794678,-0.005432129,0.5794932
231,884.47186,359.46,885.0002,359.4194,0.5283203,-0.04058838,0.5298771
232,848.27094,346.65317,848.68976,346.65247,0.41882324,-0.0007019043,0.41882384
232,850.7068,361.09744,851.13043,361.1066,0.42364502,0.009155273,0.42374393
232,867.9934,368.77505,868.4807,368.8208,0.4873047,0.04574585,0.48944718
232,775.7819,272.41827,776.23584,272.41187,0.45391846,-0.0064086914,0.4539637
232,749.48035,378.12973,750.0607,378.28,0.5803833,0.15026855,0.599521
232,770.22687,430.89865,770.40594,430.99988,0.17907715,0.10122681,0.2057073
232,749.593,341.91092,749.75446,342.22897,0.16143799,0.3180542,0.3566801
232,784.4313,445.15314,784.6989,445.25006,0.26763916,0.09692383,0.2846488
232,829.9679,242.47626,830.3745,242.49568,0.4066162,0.019424438,0.4070799
232,749.6327,304.15952,749.89166,304.39847,0.25897217,0.23895264,0.35237047
232,950.4645,284.2613,950.7836,284.33344,0.31915283,0.072143555,0.32720518
232,759.2418,343.04068,759.6682,343.23767,0.4263916,0.19699097,0.46969697
232,917.76666,259.5707,918.1757,259.60294,0.40905762,0.032226562,0.4103251
232,808.1855,451.37253,808.3728,451.44485,0.1873169,0.07232666,0.20079534
232,823.34955,329.07278,823.8246,329.2132,0.47503662,0.14041138,0.49535355
232,846.6482,407.8882,847.14185,407.91,0.49365234,0.02178955,0.494133
232,759.05707,353.02225,759.48584,353.27014,0.42877197,0.24789429,0.49527466
232,815.742,244.3443,816.26556,244.34824,0.5235596,0.0039367676,0.52357435
232,766.6677,321.00565,766.8073,321.079,0.1395874,0.07336426,0.1576926
232,806.6399,314.7913,807.0812,314.79886,0.44128418,0.0075683594,0.4413491
232,804.35846,347.38718,804.58105,347.5017,0.22259521,0.11453247,0.25033242
232,752.74506,432.34494,753.2976,432.63516,0.55255127,0.29022217,0.6241329
232,804.2322,313.29446,804.6597,313.3197,0.42755127,0.025238037,0.42829552
232,831.01685,328.3765,831.5317,328.41257,0.51483154,0.036071777,0.5160937
232,761.0261,379.99664,761.501,380.03738,0.47485352,0.040740967,0.47659802
232,906.7558,260.50922,907.1035,260.51593,0.3477173,0.006713867,0.3477821
232,900.46893,301.85016,900.8702,301.92343,0.40124512,0.073272705,0.40788054
232,863.4488,345.2525,863.87134,345.24893,0.4225464,-0.0035705566,0.42256147
232,871.0021,376.46136,871.47186,376.5134,0.4697876,0.05203247,0.4726603
232,743.9913,401.9629,744.30865,402.06424,0.3173828,0.10134888,0.33317178
232,727.63403,330.95047,727.7507,331.65475,0.11663818,0.70428467,0.71387774
232,885.5669,251.41621,885.83514,251.34088,0.2682495,-0.07533264,0.27862665
232,853.21643,305.40158,853.61273,305.38812,0.39630127,-0.013458252,0.3965297
232,812.63245,406.54065,813.1802,406.51752,0.5477295,-0.023132324,0.5482178
232,865.4542,385.57642,865.7601,385.6313,0.30584717,0.054870605,0.31073022
232,781.78455,414.69995,782.0738,414.78738,0.2892456,0.08743286,0.30217135
232,742.6392,334.0858,742.8762,334.4615,0.23699951,0.3757019,0.44420794
232,885.0002,359.4194,885.48444,359.42038,0.48425293,0.0009765625,0.4842539
233,848.68976,346.65247,849.2129,346.71075,0.5231323,0.058288574,0.52636963
233,851.13043,361.1066,851.5898,361.13095,0.4593506,0.024353027,0.4599957
233,868.4807,368.8208,868.9509,368.84845,0.47021484,0.027648926,0.47102702
233,776.23584,272.41187,776.6193,272.4042,0.3834839,-0.007659912,0.3835604
233,750.0607,378.28,750.4748,378.43842,0.4140625,0.15841675,0.4433324
233,770.40594,430.99988,771.2148,431.1809,0.8088379,0.18103027,0.828849
233,749.75446,342.22897,750.35645,342.25302,0.60198975,0.024047852,0.60246986
233,784.6989,445.25006,785.484,445.32996,0.7850952,0.07989502,0.78915
233,830.3745,242.49568,830.8321,242.49971,0.45758057,0.0040283203,0.4575983
233,749.89166,304.39847,750.3726,304.45795,0.48095703,0.05947876,0.48462087
233,950.7836,284.33344,951.3386,284.3071,0.5549927,-0.02633667,0.5556172
233,759.6682,343.23767,760.2142,343.25287,0.5459595,0.015197754,0.54617095
233,918.1757,259.60294,918.6659,259.59686,0.49017334,-0.006072998,0.49021095
233,808.3728,451.44485,809.1057,451.48703,0.73291016,0.042175293,0.73412263
233,823.8246,329.2132,824.3472,329.1975,0.52264404,-0.015686035,0.52287936
233,847.14185,407.91,847.67566,408.08243,0.5338135,0.17242432,0.5609697
233,759.48584,353.27014,759.98267,353.2541,0.49682617,-0.016052246,0.49708542
233,816.26556,244.34824,816.62805,244.35437,0.3624878,0.006134033,0.36253968
233,766.8073,321.079,767.4219,321.18536,0.614563,0.10635376,0.62369764
233,807.0812,314.79886,807.59174,314.79462,0.5105591,-0.0042419434,0.5105767
233,804.58105,347.5017,805.1999,347.50897,0.61883545,0.0072631836,0.61887807
233,753.2976,432.63516,753.65546,432.64484,0.35784912,0.009674072,0.35797986
233,804.6597,313.3197,805.18695,313.33588,0.5272217,0.016174316,0.5274697
233,831.5317,328.41257,831.96704,328.45758,0.43536377,0.045013428,0.43768463
233,761.501,380.03738,761.99744,380.02783,0.49645996,-0.009552002,0.49655184
233,907.1035,260.51593,907.6029,260.50894,0.49938965,-0.0069885254,0.49943855
233,900.8702,301.92343,901.41095,301.92358,0.5407715,0.00015258789,0.5407715
233,863.87134,345.24893,864.4578,345.36526,0.5864868,0.11633301,0.59791315
233,871.47186,376.5134,871.9539,376.53806,0.48205566,0.024658203,0.48268592
233,744.30865,402.06424,744.99567,402.3131,0.6870117,0.24887085,0.73069954
233,727.7507,331.65475,728.3236,331.3938,0.572937,-0.2609558,0.6295671
233,885.83514,251.34088,886.4863,251.41025,0.6511841,0.069366455,0.65486825
233,853.61273,305.38812,854.1688,305.43976,0.5560913,0.051635742,0.5584835
233,813.1802,406.51752,813.798,406.56705,0.61779785,0.04953003,0.6197801
233,865.7601,385.6313,866.4072,385.57108,0.64715576,-0.06021118,0.64995074
233,782.0738,414.78738,782.80707,414.8311,0.73327637,0.043701172,0.7345774
233,742.8762,334.4615,743.41675,334.37646,0.54052734,-0.08502197,0.5471732
233,885.48444,359.42038,885.9928,359.47934,0.5083618,0.05895996,0.5117695
234,849.2129,346.71075,849.6315,346.7438,0.4185791,0.033050537,0.4198819
234,851.5898,361.13095,852.05475,361.17688,0.46496582,0.045928955,0.46722874
234,868.9509,368.84845,869.3849,368.88345,0.43395996,0.035003662,0.4353694
234,776.6193,272.4042,776.8835,272.46432,0.26416016,0.06011963,0.27091503
234,750.4748,378.43842,750.7903,378.44757,0.31549072,0.009155273,0.31562352
234,771.2148,431.1809,771.5881,431.20087,0.37329102,0.019958496,0.37382418
234,750.35645,342.25302,750.81024,342.2636,0.4537964,0.0105896,0.45391992
234,785.484,445.32996,785.81903,445.4614,0.33502197,0.13143921,0.35988328
234,830.8321,242.49971,831.03876,242.51985,0.20666504,0.020141602,0.20764422
234,750.3726,304.45795,750.6958,304.53284,0.32318115,0.07489014,0.33174476
234,951.3386,284.3071,951.3977,284.03134,0.05908203,-0.27575684,0.28201512
234,760.2142,343.25287,760.6481,343.2818,0.43389893,0.028930664,0.43486235
234,918.6659,259.59686,918.9564,259.56107,0.29052734,-0.03579712,0.2927244
234,809.1057,451.48703,809.1767,451.48532,0.07098389,-0.0017089844,0.07100446
234,824.3472,329.1975,824.7617,329.2398,0.41448975,0.042297363,0.4166423
234,847.67566,408.08243,848.0078,407.9554,0.33215332,-0.12701416,0.35560992
234,759.98267,353.2541,760.402,353.27478,0.41931152,0.020690918,0.4198217
234,816.62805,244.35437,816.93243,244.35764,0.30438232,0.0032653809,0.30439982
234,767.4219,321.18536,767.6791,321.20663,0.25720215,0.021270752,0.25808018
234,807.59174,314.79462,807.8836,314.78897,0.29187012,-0.005645752,0.29192472
234,805.1999,347.50897,805.66766,347.48813,0.46777344,-0.020843506,0.4682376
234,753.65546,432.64484,754.124,432.60046,0.4685669,-0.04437256,0.4706632
234,805.18695,313.33588,805.49426,313.3572,0.307312,0.021331787,0.3080515
234,831.96704,328.45758,832.4536,328.48785,0.48657227,0.030273438,0.48751312
234,761.99744,380.02783,762.39795,380.09656,0.4005127,0.068725586,0.40636638
234,907.6029,260.50894,907.8207,260.4427,0.21777344,-0.06625366,0.22762868
234,901.41095,301.92358,901.8702,301.90256,0.45922852,-0.021026611,0.45970964
234,864.4578,345.36526,864.7076,345.28506,0.24975586,-0.080200195,0.2623167
234,871.9539,376.53806,872.3463,376.5461,0.39239502,0.008056641,0.39247772
234,744.99567,402.3131,745.3201,402.16098,0.3244629,-0.15213013,0.358357
234,728.3236,331.3938,728.61584,331.66745,0.29223633,0.27365112,0.4003586
234,886.4863,251.41025,886.8312,251.46388,0.34484863,0.053634644,0.34899464
234,854.1688,305.43976,854.69086,305.45938,0.5220337,0.019622803,0.52240235
234,813.798,406.56705,814.1164,406.60007,0.3184204,0.03302002,0.3201279
234,866.4072,385.57108,866.7621,385.69904,0.3548584,0.1279602,0.37722448
234,782.80707,414.8311,782.935,414.88116,0.12792969,0.050079346,0.13738248
234,743.41675,334.37646,743.81726,334.35248,0.4005127,-0.023986816,0.40123034
234,885.9928,359.47934,886.3808,359.49362,0.3880005,0.014282227,0.38826326
235,849.6315,346.7438,850.1,346.8553,0.46850586,0.11148071,0.48158664
235,852.05475,361.17688,852.52167,361.30017,0.46691895,0.123291016,0.48292232
235,869.3849,368.88345,869.83936,368.96747,0.45446777,0.08401489,0.46216822
235,776.8835,272.46432,777.4214,272.51285,0.53790283,0.04852295,0.540087
235,750.7903,378.44757,751.33936,378.41968,0.54907227,-0.027893066,0.5497803
235,771.5881,431.20087,771.8405,431.1711,0.2524414,-0.029754639,0.2541889
235,750.81024,342.2636,751.3603,342.26157,0.5500488,-0.0020446777,0.55005264
235,785.81903,445.4614,785.97687,445.38058,0.15783691,-0.08081055,0.17732129
235,831.03876,242.51985,831.76666,242.53851,0.7279053,0.018661499,0.72814447
235,750.6958,304.53284,751.20667,304.51157,0.51086426,-0.021270752,0.51130694
235,951.3977,284.03134,952.0664,283.78,0.6687012,-0.25134277,0.7143769
235,760.6481,343.2818,761.1362,343.25635,0.48815918,-0.02545166,0.48882222
235,918.9564,259.56107,919.38385,259.51285,0.4274292,-0.048217773,0.4301403
235,809.1767,451.48532,809.6938,451.49698,0.51708984,0.011657715,0.5172212
235,824.7617,329.2398,825.22034,329.2477,0.45861816,0.007904053,0.4586863
235,848.0078,407.9554,848.46924,407.97247,0.46142578,0.017059326,0.46174103
235,760.402,353.27478,760.91876,353.2649,0.51678467,-0.009887695,0.51687926
235,816.93243,244.35764,817.49524,244.40707,0.5628052,0.049438477,0.5649724
235,767.6791,321.20663,768.22833,321.1859,0.5492554,-0.020721436,0.54964614
235,807.8836,314.78897,808.3096,314.80847,0.42596436,0.019500732,0.4264105
235,805.66766,347.48813,806.1582,347.47296,0.49053955,-0.015167236,0.49077398
235,754.124,432.60046,754.5471,432.6162,0.4230957,0.01574707,0.42338863
235,805.49426,313.3572,805.90857,313.3637,0.41430664,0.006500244,0.41435763
235,832.4536,328.48785,832.8885,328.42932,0.4348755,-0.058532715,0.43879694
235,762.39795,380.09656,762.8841,380.09714,0.48614502,0.000579834,0.48614538
235,907.8207,260.4427,908.4039,260.43576,0.5831909,-0.0069274902,0.58323205
235,901.8702,301.90256,902.3797,301.7048,0.5095215,-0.1977539,0.5465517
235,864.7076,345.28506,865.3405,345.49176,0.6329346,0.20669556,0.6658297
235,872.3463,376.5461,872.84265,376.6146,0.4963379,0.068481445,0.5010399
235,745.3201,402.16098,745.73956,402.38098,0.4194336,0.22000122,0.47362968
235,728.61584,331.66745,729.0866,331.75937,0.47076416,0.091918945,0.479654
235,886.8312,251.46388,887.2574,251.43495,0.4262085,-0.028930664,0.42718926
235,854.69086,305.45938,855.18616,305.4515,0.4953003,-0.007873535,0.49536285
235,814.1164,406.60007,814.57385,406.6278,0.4574585,0.027740479,0.45829883
235,866.7621,385.69904,867.26086,385.6324,0.4987793,-0.06665039,0.50321275
235,782.935,414.88116,783.444,414.9151,0.50897217,0.033935547,0.5101022
235,743.81726,334.35248,744.3043,334.4558,0.48706055,0.10333252,0.49790117
235,886.3808,359.49362,886.75446,359.4901,0.37365723,-0.0035095215,0.3736737
236,850.1,346.8553,850.61523,347.0036,0.5152588,0.14831543,0.5361801
236,852.52167,361.30017,853.0553,361.40784,0.5336304,0.107666016,0.54438347
236,869.83936,368.96747,870.3732,369.12405,0.5338745,0.1565857,0.5563642
236,777.4214,272.51285,777.9145,272.57806,0.49310303,0.065216064,0.49739695
236,751.33936,378.41968,751.76495,378.76886,0.42559814,0.34918213,0.5505106
236,771.8405,431.1711,772.406,431.35303,0.5654907,0.18191528,0.5940311
236,751.3603,342.26157,751.75574,342.4622,0.39544678,0.20062256,0.44342706
236,785.97687,445.38058,786.5256,445.5267,0.54870605,0.14611816,0.5678282
236,831.76666,242.53851,832.29407,242.62164,0.5274048,0.08312988,0.53391606
236,751.20667,304.51157,751.6019,304.83972,0.39526367,0.32815552,0.5137309
236,952.0664,283.78,952.244,283.95746,0.1776123,0.17745972,0.25107387
236,761.1362,343.25635,761.5631,343.4549,0.42687988,0.19854736,0.47079453
236,919.38385,259.51285,919.90173,259.6061,0.5178833,0.09326172,0.5262137
236,809.6938,451.49698,810.019,451.62338,0.3251953,0.12640381,0.34889814
236,825.22034,329.2477,825.66125,329.32584,0.44091797,0.078125,0.44778585
236,848.46924,407.97247,848.9688,407.9874,0.49957275,0.014923096,0.4997956
236,760.91876,353.2649,761.36456,353.40015,0.44580078,0.1352539,0.4658669
236,817.49524,244.40707,817.9094,244.52144,0.41418457,0.114364624,0.42968374
236,768.22833,321.1859,768.78705,321.59607,0.5587158,0.41015625,0.69310284
236,808.3096,314.80847,808.78705,314.85983,0.47747803,0.051361084,0.48023248
236,806.1582,347.47296,806.65704,347.51276,0.49884033,0.039794922,0.5004251
236,754.5471,432.6162,754.9943,432.83057,0.4472046,0.21435547,0.49592358
236,805.90857,313.3637,806.4386,313.49286,0.5300293,0.12915039,0.54553723
236,832.8885,328.42932,833.3365,328.59845,0.44799805,0.16912842,0.47885975
236,762.8841,380.09714,763.29596,380.11496,0.41186523,0.017822266,0.41225067
236,908.4039,260.43576,908.78955,260.50787,0.38568115,0.07211304,0.39236495
236,902.3797,301.7048,902.8547,301.7509,0.4749756,0.046081543,0.47720572
236,865.3405,345.49176,865.71265,345.46805,0.37213135,-0.023712158,0.37288603
236,872.84265,376.6146,873.3687,376.71582,0.526062,0.10122681,0.5357127
236,745.73956,402.38098,746.1724,402.2831,0.43286133,-0.09786987,0.4437876
236,729.0866,331.75937,729.51294,332.20407,0.42633057,0.44470215,0.6160501
236,887.2574,251.43495,887.74756,251.57388,0.49017334,0.13893127,0.5094819
236,855.18616,305.4515,855.61597,305.4844,0.42980957,0.03289795,0.43106675
236,814.57385,406.6278,815.13184,406.75653,0.5579834,0.12872314,0.5726387
236,867.26086,385.6324,867.701,385.69067,0.4401245,0.058288574,0.4439675
236,783.444,414.9151,783.83563,415.073,0.3916626,0.15789795,0.42229295
236,744.3043,334.4558,744.7384,334.66263,0.43408203,0.20681763,0.48083338
236,886.75446,359.4901,887.3519,359.607,0.59747314,0.116882324,0.6087985
237,850.61523,347.0036,851.1935,347.1769,0.5782471,0.17330933,0.60366035
237,853.0553,361.40784,853.5553,361.54636,0.5,0.13851929,0.5188329
237,870.3732,369.12405,870.8813,369.23245,0.50805664,0.10839844,0.51949185
237,777.9145,272.57806,778.4163,272.7563,0.50183105,0.17822266,0.53253895
237,751.76495,378.76886,752.22437,378.87296,0.45941162,0.10409546,0.4710572
237,772.406,431.35303,772.79877,431.51114,0.39276123,0.15811157,0.42339182
237,751.75574,342.4622,752.36694,342.7132,0.61120605,0.25100708,0.66074
237,786.5256,445.5267,787.01624,445.76932,0.49066162,0.24261475,0.5473671
237,832.29407,242.62164,832.8152,242.71608,0.52111816,0.094436646,0.5296059
237,751.6019,304.83972,752.22253,304.7794,0.62060547,-0.060333252,0.6235313
237,952.244,283.95746,952.75616,284.06125,0.512146,0.10379028,0.52255714
237,761.5631,343.4549,762.0463,343.6802,0.48321533,0.22531128,0.5331625
237,919.90173,259.6061,920.40857,259.6685,0.50683594,0.06237793,0.51066005
237,810.019,451.62338,810.6699,451.82834,0.65093994,0.20495605,0.682444
237,825.66125,329.32584,826.08923,329.66098,0.42797852,0.33514404,0.54358727
237,848.9688,407.9874,849.5259,408.41086,0.5570679,0.4234619,0.6997461
237,761.36456,353.40015,761.8499,353.6688,0.48535156,0.26864624,0.5547404
237,817.9094,244.52144,818.5562,244.5875,0.64678955,0.0660553,0.6501538
237,768.78705,321.59607,769.30676,321.65924,0.51971436,0.06317139,0.52353954
237,808.78705,314.85983,809.2709,315.12323,0.48382568,0.26339722,0.5508769
237,806.65704,347.51276,807.1189,347.8441,0.46185303,0.33132935,0.5684077
237,754.9943,432.83057,755.49347,432.932,0.4991455,0.10144043,0.509349
237,806.4386,313.49286,806.89886,313.69144,0.4602661,0.19857788,0.50127643
237,833.3365,328.59845,833.72894,328.65588,0.39245605,0.057434082,0.3966364
237,763.29596,380.11496,763.75616,380.5443,0.46020508,0.4293518,0.62938994
237,908.78955,260.50787,909.38904,260.60535,0.5994873,0.097473145,0.6073599
237,902.8547,301.7509,903.402,301.89743,0.54730225,0.14654541,0.56658214
237,865.71265,345.46805,866.2571,345.6002,0.5444336,0.13214111,0.5602403
237,873.3687,376.71582,873.9267,376.8798,0.5579834,0.16397095,0.5815771
237,746.1724,402.2831,746.7354,402.72165,0.5629883,0.4385376,0.7136323
237,729.51294,332.20407,730.05096,332.17374,0.5380249,-0.030334473,0.53887933
237,887.74756,251.57388,888.0334,251.53984,0.28582764,-0.03404236,0.28784773
237,855.61597,305.4844,855.8412,305.62268,0.22521973,0.13827515,0.26428005
237,815.13184,406.75653,815.50195,406.92627,0.3701172,0.16973877,0.407183
237,867.701,385.69067,868.2199,385.7602,0.5189209,0.06951904,0.5235569
237,783.83563,415.073,784.5273,415.25067,0.6916504,0.17767334,0.7141065
237,744.7384,334.66263,745.26483,334.79385,0.5264282,0.13122559,0.5425374
237,887.3519,359.607,887.9703,359.8398,0.61834717,0.2328186,0.6607251
