frame,x_old,y_old,x_new,y_new,dx,dy,displacement
0,214.0,65.0,214.0279,64.93668,0.027893066,-0.063316345,0.06918802
0,48.0,241.0,47.940712,240.96434,-0.059288025,-0.03565979,0.06918591
0,955.0,2.0,955.06323,1.9923248,0.06323242,-0.007675171,0.063696526
0,106.0,68.0,106.023834,67.84723,0.023834229,-0.152771,0.15461904
0,47.0,69.0,47.019466,68.915955,0.0194664,-0.08404541,0.08627034
0,1062.0,85.0,1062.0404,84.94719,0.040405273,-0.05281067,0.066494755
0,966.0,14.0,966.0203,13.947981,0.020324707,-0.05201912,0.055848747
0,1271.0,231.0,1271.045,230.90865,0.045043945,-0.09135437,0.10185567
0,1020.0,59.0,1019.88293,58.92127,-0.11706543,-0.07873154,0.14107789
0,265.0,3.0,265.0298,2.9604077,0.029785156,-0.039592266,0.04954496
0,1039.0,67.0,1039.0007,66.944595,0.0007324219,-0.055404663,0.055409502
0,248.0,2.0,248.07039,1.9491364,0.070388794,-0.050863624,0.08684291
0,1.0,256.0,0.9532795,256.0206,-0.046720505,0.020599365,0.051060155
0,71.0,212.0,71.025314,211.98116,0.025314331,-0.018844604,0.031558428
0,1077.0,93.0,1076.9762,92.97209,-0.023803711,-0.027908325,0.03668094
0,1008.0,45.0,1008.0158,44.95992,0.015808105,-0.040081024,0.043085784
0,1.0,291.0,0.9581671,291.01297,-0.041832924,0.012969971,0.043797415
0,753.0,8.0,776.49646,7.571007,23.49646,-0.42899323,23.500376
0,1089.0,103.0,1089.1023,102.95187,0.10229492,-0.04812622,0.113050364
0,978.0,23.0,978.02686,22.936848,0.026855469,-0.06315231,0.06862529
0,812.0,44.0,835.19666,44.357567,23.196655,0.35756683,23.199411
0,1164.0,155.0,1163.9738,154.9275,-0.026245117,-0.07249451,0.077099025
0,1140.0,137.0,1139.9875,136.9008,-0.012451172,-0.09919739,0.099975765
0,1119.0,119.0,1118.9735,118.92645,-0.026489258,-0.07354736,0.078172214
0,1184.0,170.0,1184.108,170.00159,0.10803223,0.0015869141,0.10804388
0,157.0,151.0,156.97244,151.02415,-0.027557373,0.024154663,0.036645006
0,987.0,4.0,986.9212,3.9824824,-0.07879639,-0.017517567,0.080720104
0,1205.0,80.0,1205.0657,79.88305,0.06567383,-0.11695099,0.13412899
0,1105.0,111.0,1105.0123,110.89889,0.012329102,-0.101112366,0.10186127
0,1197.0,179.0,1197.0054,178.8366,0.0053710938,-0.16340637,0.16349462
1,214.0279,64.93668,213.99034,64.93314,-0.03755188,-0.003540039,0.03771837
1,47.940712,240.96434,47.94438,240.95084,0.0036697388,-0.013504028,0.0139937755
1,955.06323,1.9923248,955.0808,2.0106373,0.017578125,0.018312454,0.025383784
1,106.023834,67.84723,106.027374,67.91139,0.003540039,0.06416321,0.06426079
1,47.019466,68.915955,47.05022,68.89238,0.03075409,-0.02357483,0.03875031
1,1062.0404,84.94719,1061.9968,84.9175,-0.0435791,-0.029685974,0.05272945
1,966.0203,13.947981,966.02563,13.931039,0.0053100586,-0.016942024,0.017754687
1,1271.045,230.90865,1271.0374,230.88701,-0.0076904297,-0.021636963,0.022963032
1,1019.88293,58.92127,1019.83,58.91017,-0.05291748,-0.011096954,0.054068495
1,265.0298,2.9604077,265.0383,2.9404411,0.008514404,-0.019966602,0.021706227
1,1039.0007,66.944595,1038.9412,66.93415,-0.059570312,-0.010444641,0.060479026
1,248.07039,1.9491364,248.07343,1.9488754,0.003036499,-0.00026094913,0.0030476912
1,0.9532795,256.0206,0.8891268,256.0152,-0.06415272,-0.0054016113,0.06437972
1,71.025314,211.98116,71.07495,211.91887,0.04963684,-0.062286377,0.079645514
1,1076.9762,92.97209,1076.9285,92.93423,-0.047729492,-0.037864685,0.06092486
1,1008.0158,44.95992,1008.0741,44.98859,0.058288574,0.028671265,0.06495844
1,0.9581671,291.01297,0.9543114,290.9656,-0.0038557053,-0.04736328,0.047519963
1,776.49646,7.571007,792.5476,7.3776255,16.051147,-0.19338131,16.052313
1,1089.1023,102.95187,1089.124,102.96766,0.021728516,0.015785217,0.026857056
1,978.02686,22.936848,977.9278,22.87585,-0.09906006,-0.06099701,0.1163337
1,1163.9738,154.9275,1163.837,154.80972,-0.13671875,-0.11778259,0.18045707
1,1139.9875,136.9008,1139.9473,136.88348,-0.040283203,-0.017318726,0.043848313
1,1118.9735,118.92645,1118.954,118.90615,-0.01953125,-0.020301819,0.028171502
1,1184.108,170.00159,1184.1094,170.01927,0.0013427734,0.017684937,0.01773584
1,156.97244,151.02415,156.90398,150.98499,-0.06846619,-0.03916931,0.07887873
1,986.9212,3.9824824,986.9097,3.9788623,-0.011474609,-0.0036201477,0.012032129
1,1205.0657,79.88305,1205.1656,79.800705,0.099975586,-0.082344055,0.1295209
1,1105.0123,110.89889,1104.9852,110.8917,-0.02709961,-0.0071868896,0.028036408
1,1197.0054,178.8366,1196.9027,178.80125,-0.10266113,-0.035339355,0.10857338
2,213.99034,64.93314,213.93446,65.07878,-0.055877686,0.14563751,0.15598911
2,47.94438,240.95084,47.865425,241.02084,-0.078956604,0.070007324,0.10552332
2,955.0808,2.0106373,955.008,2.090076,-0.07281494,0.07943869,0.107761405
2,106.027374,67.91139,105.93786,68.0278,-0.089515686,0.1164093,0.14684749
2,47.05022,68.89238,46.9857,69.06226,-0.06452179,0.16988373,0.18172382
2,1061.9968,84.9175,1062.033,84.968575,0.036132812,0.051071167,0.06256072
2,966.02563,13.931039,965.93964,13.994928,-0.085998535,0.0638895,0.10713364
2,1271.0374,230.88701,1271.0077,230.9537,-0.029663086,0.06669617,0.07299505
2,1019.83,58.91017,1019.77985,58.994133,-0.0501709,0.08396149,0.097809255
2,265.0383,2.9404411,265.0971,2.9501162,0.058807373,0.009675026,0.059597928
2,1038.9412,66.93415,1038.893,67.00818,-0.048217773,0.074028015,0.08834648
2,248.07343,1.9488754,248.11694,1.9268208,0.043518066,-0.022054672,0.04878761
2,0.8891268,256.0152,0.8862705,256.0154,-0.0028562546,0.00021362305,0.002864232
2,71.07495,211.91887,70.97139,212.05789,-0.1035614,0.13902283,0.17335603
2,1076.9285,92.93423,1076.988,92.98407,0.059570312,0.049842834,0.07767194
2,1008.0741,44.98859,1008.00134,45.04121,-0.072753906,0.052619934,0.08978858
2,0.9543114,290.9656,0.8556977,291.14148,-0.09861368,0.1758728,0.2016331
2,792.5476,7.3776255,806.909,7.2958612,14.361389,-0.08176422,14.361622
2,1089.124,102.96766,1089.1372,103.03429,0.013183594,0.0666275,0.0679193
2,977.9278,22.87585,977.7842,22.828575,-0.14361572,-0.047275543,0.15119673
2,1163.837,154.80972,1163.7788,154.83525,-0.05822754,0.025527954,0.06357769
2,1139.9473,136.88348,1139.7804,136.80472,-0.16687012,-0.07876587,0.1845256
2,1118.954,118.90615,1118.8813,118.94708,-0.072631836,0.0409317,0.083371386
2,1184.1094,170.01927,1184.0566,170.00797,-0.052734375,-0.011306763,0.053932894
2,156.90398,150.98499,156.86131,151.0165,-0.042663574,0.0315094,0.053037938
2,986.9097,3.9788623,986.5584,4.0680532,-0.35131836,0.08919096,0.36246327
2,1205.1656,79.800705,1204.9819,79.79249,-0.18371582,-0.008216858,0.18389948
2,1104.9852,110.8917,1105.0676,111.083855,0.08239746,0.19215393,0.20907529
2,1196.9027,178.80125,1196.9443,178.87462,0.041625977,0.07336426,0.084350675
3,213.93446,65.07878,214.0146,64.88151,0.08013916,-0.19727325,0.21292962
3,47.865425,241.02084,47.908115,240.89516,0.042690277,-0.12568665,0.13273881
3,955.008,2.090076,955.0299,1.9794998,0.021911621,-0.11057615,0.112726234
3,105.93786,68.0278,105.95189,67.85564,0.014030457,-0.17216492,0.17273568
3,46.9857,69.06226,46.954216,68.88164,-0.031482697,-0.18062592,0.18334907
3,1062.033,84.968575,1061.9954,84.87876,-0.037597656,-0.08981323,0.0973653
3,965.93964,13.994928,965.8789,13.870914,-0.06072998,-0.1240139,0.1380854
3,1271.0077,230.9537,1270.9761,230.88745,-0.03161621,-0.06625366,0.07341071
3,1019.77985,58.994133,1019.80786,58.90076,0.028015137,-0.093372345,0.09748457
3,265.0971,2.9501162,265.04196,2.893909,-0.055145264,-0.05620718,0.07874165
3,1038.893,67.00818,1038.9221,66.91529,0.029174805,-0.09288788,0.09736183
3,248.11694,1.9268208,248.05505,1.8746309,-0.06188965,-0.052189827,0.080957435
3,0.8862705,256.0154,0.903738,255.85652,0.017467499,-0.15888977,0.15984704
3,70.97139,212.05789,71.008736,211.92926,0.037345886,-0.12863159,0.13394327
3,1076.988,92.98407,1076.9023,92.8945,-0.08569336,-0.08956909,0.12395956
3,1008.00134,45.04121,1008.0068,44.925205,0.005432129,-0.116004944,0.11613206
3,0.8556977,291.14148,0.92071617,290.95853,0.065018475,-0.18295288,0.19416271
3,806.909,7.2958612,807.3675,7.4227333,0.4584961,0.12687206,0.47572595
3,1089.1372,103.03429,1089.0216,102.90217,-0.115600586,-0.13211823,0.17555262
3,977.7842,22.828575,977.74756,22.743534,-0.036621094,-0.085041046,0.09259095
3,1163.7788,154.83525,1163.8109,154.8391,0.032104492,0.0038452148,0.032333948
3,1139.7804,136.80472,1139.7865,136.78589,0.0061035156,-0.018829346,0.019793866
3,1118.8813,118.94708,1119.0624,119.009514,0.18103027,0.062431335,0.19149315
3,1184.0566,170.00797,1183.9463,169.89494,-0.11035156,-0.11302185,0.15796015
3,156.86131,151.0165,156.78464,150.87138,-0.076675415,-0.14511108,0.16412295
3,986.5584,4.0680532,986.74457,3.9915338,0.18615723,-0.07651949,0.20127033
3,1204.9819,79.79249,1204.8494,79.729294,-0.13256836,-0.063194275,0.1468601
3,1105.0676,111.083855,1105.088,111.01399,0.020385742,-0.069862366,0.07277588
3,1196.9443,178.87462,1196.8273,178.81143,-0.11706543,-0.063186646,0.13302957
4,214.0146,64.88151,213.97531,64.87663,-0.03929138,-0.004875183,0.039592676
4,47.908115,240.89516,47.87686,240.90382,-0.031253815,0.008666992,0.03243328
4,955.0299,1.9794998,955.05225,1.9889402,0.022338867,0.009440422,0.024251733
4,105.95189,67.85564,105.898315,67.83434,-0.05357361,-0.02129364,0.057650242
4,46.954216,68.88164,46.9855,68.87638,0.031284332,-0.005256653,0.031722892
4,1061.9954,84.87876,1062.0057,84.84614,0.010375977,-0.03262329,0.03423361
4,965.8789,13.870914,965.913,13.901615,0.034118652,0.030700684,0.045897868
4,1270.9761,230.88745,1271.0203,230.87741,0.044189453,-0.010040283,0.045315728
4,1019.80786,58.90076,1019.7763,58.887295,-0.031555176,-0.013465881,0.034308292
4,265.04196,2.893909,265.03247,2.8831587,-0.009490967,-0.010750294,0.014340406
4,1038.9221,66.91529,1038.837,66.92056,-0.08508301,0.0052719116,0.08524618
4,248.05505,1.8746309,248.0331,1.8773651,-0.021957397,0.0027341843,0.022126976
4,0.903738,255.85652,0.9047594,255.85281,0.0010213852,-0.0037078857,0.0038459906
4,71.008736,211.92926,71.03953,211.83055,0.030792236,-0.09870911,0.10340043
4,1076.9023,92.8945,1076.9125,92.876236,0.010131836,-0.01826477,0.020886742
4,1008.0068,44.925205,1008.0117,44.89595,0.0049438477,-0.029254913,0.029669708
4,0.92071617,290.95853,0.91643524,290.862,-0.004280925,-0.0965271,0.09662198
4,1089.0216,102.90217,1088.9882,102.8534,-0.033447266,-0.04876709,0.059135005
4,977.74756,22.743534,977.69214,22.74788,-0.055419922,0.0043468475,0.055590134
4,1163.8109,154.8391,1163.8373,154.89828,0.026367188,0.059188843,0.0647962
4,1139.7865,136.78589,1139.7554,136.77051,-0.03112793,-0.015380859,0.03472058
4,1119.0624,119.009514,1119.0693,118.99002,0.006958008,-0.019493103,0.020697704
4,1183.9463,169.89494,1184.0342,169.94637,0.087890625,0.05142212,0.10182827
4,156.78464,150.87138,156.79811,150.89792,0.013473511,0.026535034,0.029759763
4,986.74457,3.9915338,986.657,3.9793196,-0.08758545,-0.012214184,0.08843301
4,1204.8494,79.729294,1205.0079,79.696014,0.15856934,-0.03327942,0.16202393
4,1105.088,111.01399,1105.1713,111.03289,0.08325195,0.01889801,0.085369915
4,1196.8273,178.81143,1196.7727,178.739,-0.05456543,-0.07243347,0.09068624
5,213.97531,64.87663,213.97087,64.80809,-0.0044403076,-0.06854248,0.06868616
5,47.87686,240.90382,47.90118,240.83629,0.024318695,-0.0675354,0.07178043
5,955.05225,1.9889402,955.13214,1.8938065,0.07989502,-0.09513378,0.12423225
5,105.898315,67.83434,105.915794,67.76652,0.017478943,-0.06782532,0.07004133
5,46.9855,68.87638,46.998055,68.78488,0.012554169,-0.09149933,0.092356555
5,1062.0057,84.84614,1062.0435,84.79339,0.037719727,-0.052749634,0.0648483
5,965.913,13.901615,965.90454,13.796176,-0.008483887,-0.105439186,0.10577995
5,1271.0203,230.87741,1270.8956,230.81143,-0.12463379,-0.065979004,0.1410206
5,1019.7763,58.887295,1019.74884,58.81633,-0.02746582,-0.07096481,0.07609452
5,265.03247,2.8831587,265.0324,2.80136,-6.1035156e-05,-0.08179879,0.081798814
5,1038.837,66.92056,1038.9152,66.82217,0.078125,-0.0983963,0.12563975
5,248.0331,1.8773651,248.01312,1.8298314,-0.019973755,-0.04753375,0.051559754
5,0.9047594,255.85281,0.8773842,255.85037,-0.027375221,-0.0024414062,0.027483871
5,71.03953,211.83055,70.98537,211.85562,-0.05416107,0.02507019,0.05968196
5,1076.9125,92.876236,1076.9486,92.844734,0.036132812,-0.03150177,0.04793685
5,1008.0117,44.89595,1008.0312,44.860703,0.019470215,-0.035247803,0.040267814
5,0.91643524,290.862,0.9542417,290.83673,0.03780645,-0.025268555,0.045473374
5,1088.9882,102.8534,1089.0421,102.85901,0.053955078,0.005607605,0.054245695
5,977.69214,22.74788,977.71313,22.689524,0.020996094,-0.05835724,0.062019378
5,1163.8373,154.89828,1163.8483,154.82475,0.010986328,-0.073532104,0.0743483
5,1139.7554,136.77051,1139.9276,136.7821,0.17224121,0.01159668,0.17263116
5,1119.0693,118.99002,1119.1567,118.98136,0.087402344,-0.008659363,0.08783026
5,1184.0342,169.94637,1184.1075,169.92096,0.07336426,-0.025405884,0.07763873
5,156.79811,150.89792,156.79755,150.9109,-0.0005645752,0.0129852295,0.012997497
5,986.657,3.9793196,986.66565,3.846283,0.008666992,-0.13303661,0.13331863
5,1205.0079,79.696014,1204.9287,79.65289,-0.07922363,-0.043121338,0.09019886
5,1105.1713,111.03289,1105.1425,111.00234,-0.028808594,-0.030548096,0.04198954
5,1196.7727,178.739,1196.8169,178.74043,0.044189453,0.0014343262,0.044212725
6,213.97087,64.80809,213.97098,64.86533,0.00010681152,0.057243347,0.057243448
6,47.90118,240.83629,47.859703,240.87575,-0.041477203,0.03945923,0.057248484
6,955.13214,1.8938065,954.9414,1.6912766,-0.19073486,-0.2025299,0.27820525
6,105.915794,67.76652,105.824875,67.82408,-0.090919495,0.05756378,0.10761014
6,46.998055,68.78488,46.988613,68.86618,-0.009441376,0.08129883,0.08184522
6,1062.0435,84.79339,1062.0443,84.80567,0.0008544922,0.012283325,0.012313011
6,965.90454,13.796176,965.8868,13.806392,-0.01776123,0.010215759,0.020489585
6,1270.8956,230.81143,1270.9856,230.87491,0.08996582,0.06347656,0.11010505
6,1019.74884,58.81633,1019.8366,58.87975,0.087768555,0.06341934,0.10828357
6,265.0324,2.80136,265.03256,2.878621,0.00015258789,0.07726121,0.07726136
6,1038.9152,66.82217,1038.9296,66.89117,0.014404297,0.069000244,0.07048771
6,248.01312,1.8298314,248.03989,1.8509489,0.026763916,0.021117568,0.03409192
6,0.8773842,255.85037,0.87222385,255.91196,-0.0051603317,0.061584473,0.061800294
6,70.98537,211.85562,70.971756,211.89781,-0.01361084,0.04219055,0.044331677
6,1076.9486,92.844734,1076.9788,92.89067,0.030151367,0.045936584,0.054947928
6,1008.0312,44.860703,1008.0116,44.86094,-0.019592285,0.00023651123,0.019593712
6,0.9542417,290.83673,0.94029236,290.87396,-0.013949335,0.037231445,0.039758828
6,1089.0421,102.85901,1089.0698,102.88979,0.027709961,0.030784607,0.041419003
6,977.71313,22.689524,977.60614,22.621605,-0.10699463,-0.06791878,0.12673125
6,1163.8483,154.82475,1163.8563,154.81117,0.008056641,-0.013580322,0.015790332
6,1139.9276,136.7821,1139.8558,136.75896,-0.071777344,-0.023147583,0.07541749
6,1119.1567,118.98136,1119.1636,118.99799,0.0068359375,0.01663208,0.017982107
6,1184.1075,169.92096,1184.0525,169.9432,-0.05505371,0.022247314,0.059378903
6,156.79755,150.9109,156.65231,150.92319,-0.14523315,0.012283325,0.14575167
6,986.66565,3.846283,986.5477,3.8920865,-0.11791992,0.045803547,0.12650324
6,1204.9287,79.65289,1205.0023,79.6507,0.0736084,-0.0021896362,0.07364096
6,1105.1425,111.00234,1105.1385,111.0074,-0.00390625,0.0050582886,0.006391015
6,1196.8169,178.74043,1196.8556,178.7788,0.03869629,0.038360596,0.054487962
7,213.97098,64.86533,213.98576,64.84415,0.014785767,-0.021186829,0.025836034
7,47.859703,240.87575,47.883125,240.85008,0.023422241,-0.025665283,0.03474634
7,954.9414,1.6912766,954.8754,1.4897814,-0.065979004,-0.20149517,0.21202248
7,105.824875,67.82408,105.85011,67.793846,0.025238037,-0.03023529,0.039384402
7,46.988613,68.86618,46.948883,68.83272,-0.039730072,-0.033462524,0.051944386
7,1062.0443,84.80567,1062.0466,84.81158,0.002319336,0.0059051514,0.0063442993
7,965.8868,13.806392,965.9469,13.832878,0.06011963,0.026486397,0.0656955
7,1270.9856,230.87491,1270.9272,230.81412,-0.05834961,-0.060791016,0.08426283
7,1019.8366,58.87975,1019.83203,58.84838,-0.0045776367,-0.031368256,0.031700507
7,265.03256,2.878621,264.99612,2.8380656,-0.03643799,-0.040555477,0.0545204
7,1038.9296,66.89117,1038.9281,66.8842,-0.0014648438,-0.006965637,0.007117996
7,248.03989,1.8509489,248.01268,1.8223373,-0.02720642,-0.02861166,0.03948185
7,0.87222385,255.91196,0.89328957,255.84956,0.021065712,-0.06239319,0.06585343
7,70.971756,211.89781,70.93124,211.90643,-0.040519714,0.008621216,0.041426715
7,1076.9788,92.89067,1076.9614,92.88427,-0.017333984,-0.006401062,0.018478112
7,1008.0116,44.86094,1007.9972,44.803818,-0.014404297,-0.057121277,0.058909457
7,0.94029236,290.87396,0.9177475,290.8911,-0.02254486,0.017150879,0.02832708
7,1089.0698,102.88979,1089.0807,102.839,0.010864258,-0.05079651,0.051945332
7,977.60614,22.621605,977.62775,22.616648,0.021606445,-0.004957199,0.02216782
7,1163.8563,154.81117,1163.804,154.76704,-0.052368164,-0.044128418,0.06848169
7,1139.8558,136.75896,1139.862,136.73593,0.006225586,-0.023025513,0.023852298
7,1119.1636,118.99799,1119.1301,118.95155,-0.033447266,-0.046440125,0.05723115
7,1184.0525,169.9432,1184.0272,169.90686,-0.025268555,-0.036346436,0.044266954
7,156.65231,150.92319,156.836,150.8291,0.1836853,-0.09408569,0.20637928
7,986.5477,3.8920865,986.66095,3.9551702,0.113220215,0.06308365,0.1296085
7,1205.0023,79.6507,1204.8782,79.66615,-0.12414551,0.015449524,0.12510315
7,1105.1385,111.0074,1105.1023,110.923134,-0.036254883,-0.08426666,0.09173488
7,1196.8556,178.7788,1196.8951,178.71698,0.03955078,-0.061813354,0.073383614
8,213.98576,64.84415,214.00719,64.81746,0.02142334,-0.026687622,0.034222633
8,47.883125,240.85008,47.86688,240.84547,-0.016246796,-0.0046081543,0.01688767
8,954.8754,1.4897814,954.8965,1.7116013,0.021057129,0.22181988,0.22281711
8,105.85011,67.793846,105.8441,67.7584,-0.006011963,-0.035446167,0.035952393
8,46.948883,68.83272,47.021732,68.78269,0.07284927,-0.05002594,0.08837201
8,1062.0466,84.81158,1062.0555,84.81264,0.008911133,0.0010604858,0.008974014
8,965.9469,13.832878,965.83234,13.779108,-0.11456299,-0.053770065,0.12655394
8,1270.9272,230.81412,1270.9043,230.76802,-0.022949219,-0.0460968,0.05149351
8,1019.83203,58.84838,1019.79675,58.834812,-0.03527832,-0.013568878,0.03779781
8,264.99612,2.8380656,265.0161,2.809939,0.019989014,-0.028126717,0.034506127
8,1038.9281,66.8842,1038.8976,66.84097,-0.030517578,-0.04322815,0.052914985
8,248.01268,1.8223373,247.96109,1.8568811,-0.051589966,0.034543872,0.062087066
8,0.89328957,255.84956,0.8939009,255.80247,0.00061130524,-0.047088623,0.04709259
8,70.93124,211.90643,70.94763,211.88655,0.016395569,-0.019882202,0.025770461
8,1076.9614,92.88427,1076.9215,92.85335,-0.039916992,-0.030921936,0.050492894
8,1007.9972,44.803818,1007.9826,44.805206,-0.014587402,0.0013885498,0.01465334
8,0.9177475,290.8911,0.93860257,290.85825,0.02085507,-0.03286743,0.038925596
8,1089.0807,102.839,1089.0227,102.80106,-0.0579834,-0.03793335,0.06928935
8,977.62775,22.616648,977.5071,22.521683,-0.120666504,-0.09496498,0.15355374
8,1163.804,154.76704,1163.8132,154.73082,0.009277344,-0.036224365,0.0373935
8,1139.862,136.73593,1139.8656,136.73315,0.003540039,-0.0027770996,0.004499351
8,1119.1301,118.95155,1119.127,118.95797,-0.0031738281,0.006416321,0.0071583767
8,1184.0272,169.90686,1184.0857,169.89235,0.05847168,-0.014511108,0.06024541
8,156.836,150.8291,156.80258,150.70125,-0.033416748,-0.1278534,0.13214828
8,986.66095,3.9551702,986.8543,3.935546,0.19335938,-0.019624233,0.19435266
8,1204.8782,79.66615,1204.865,79.632706,-0.013183594,-0.033447266,0.035951726
8,1105.1023,110.923134,1105.1099,110.93443,0.0075683594,0.011299133,0.01359965
8,1196.8951,178.71698,1196.8988,178.70494,0.0036621094,-0.012039185,0.01258384
9,214.00719,64.81746,213.96568,64.79572,-0.041503906,-0.021736145,0.04685119
9,47.86688,240.84547,47.830967,240.82999,-0.03591156,-0.015487671,0.039108925
9,954.8965,1.7116013,954.8786,1.67488,-0.0178833,-0.03672123,0.04084435
9,105.8441,67.7584,105.85443,67.75722,0.0103302,-0.0011825562,0.010397667
9,47.021732,68.78269,47.007298,68.781296,-0.014434814,-0.0013961792,0.014502179
9,1062.0555,84.81264,1062.0563,84.73675,0.0007324219,-0.07588959,0.07589312
9,965.83234,13.779108,965.87695,13.768407,0.0446167,-0.0107011795,0.045882076
9,1270.9043,230.76802,1270.9783,230.75648,0.07397461,-0.0115356445,0.07486864
9,1019.79675,58.834812,1019.8902,58.7684,0.093444824,-0.06641388,0.114641786
9,265.0161,2.809939,264.97653,2.8457882,-0.0395813,0.035849333,0.05340275
9,1038.8976,66.84097,1038.9408,66.81117,0.04321289,-0.029800415,0.052492082
9,247.96109,1.8568811,247.9453,1.8754377,-0.015792847,0.018556595,0.024367215
9,0.8939009,255.80247,0.88289356,255.8121,-0.011007309,0.009628296,0.014624122
9,70.94763,211.88655,70.97207,211.84372,0.02443695,-0.04283142,0.04931222
9,1076.9215,92.85335,1076.9224,92.82157,0.0008544922,-0.03177643,0.031787917
9,1007.9826,44.805206,1007.9502,44.726017,-0.032409668,-0.0791893,0.085564785
9,0.93860257,290.85825,0.9205055,290.87863,-0.018097043,0.020385742,0.02725952
9,1089.0227,102.80106,1089.0414,102.80131,0.018676758,0.00024414062,0.018678354
9,977.5071,22.521683,977.5204,22.504211,0.013305664,-0.017471313,0.021961045
9,1163.8132,154.73082,1163.767,154.67838,-0.04626465,-0.052444458,0.06993453
9,1139.8656,136.73315,1139.8348,136.69446,-0.030761719,-0.03869629,0.049433652
9,1119.127,118.95797,1119.0787,118.85694,-0.048217773,-0.10102844,0.11194508
9,1184.0857,169.89235,1184.0212,169.84657,-0.064453125,-0.045776367,0.07905492
9,156.80258,150.70125,156.7575,150.70146,-0.045074463,0.00021362305,0.04507497
9,986.8543,3.935546,986.7904,4.0402102,-0.06390381,0.104664326,0.12263082
9,1204.865,79.632706,1204.9502,79.6254,0.08520508,-0.00730896,0.08551799
9,1105.1099,110.93443,1105.1184,110.9157,0.008544922,-0.018730164,0.020587247
9,1196.8988,178.70494,1196.845,178.63737,-0.053833008,-0.06756592,0.086389504
10,213.96568,64.79572,213.94713,64.79692,-0.018554688,0.0011978149,0.01859331
10,47.830967,240.82999,47.795578,240.83876,-0.035388947,0.008773804,0.03646035
10,954.8786,1.67488,954.87415,1.7059898,-0.0044555664,0.03110981,0.031427257
10,105.85443,67.75722,105.84941,67.75775,-0.0050201416,0.0005340576,0.005048469
10,47.007298,68.781296,46.995796,68.78212,-0.011501312,0.0008239746,0.01153079
10,1062.0563,84.73675,1061.9851,84.77934,-0.07116699,0.04259491,0.08294014
10,965.87695,13.768407,965.80066,13.782904,-0.076293945,0.014496803,0.07765902
10,1270.9783,230.75648,1270.9984,230.78398,0.020141602,0.027496338,0.0340842
10,1019.8902,58.7684,1019.8258,58.780457,-0.06439209,0.012058258,0.0655114
10,264.97653,2.8457882,264.9636,2.8240302,-0.012939453,-0.02175808,0.025314886
10,1038.9408,66.81117,1038.9928,66.84681,0.052001953,0.0356369,0.063041195
10,247.9453,1.8754377,247.94608,1.8549023,0.00077819824,-0.020535469,0.020550208
10,0.88289356,255.8121,0.8663883,255.83571,-0.016505241,0.023605347,0.028803393
10,70.97207,211.84372,70.92418,211.86066,-0.04788971,0.016937256,0.050796602
10,1076.9224,92.82157,1076.8613,92.783936,-0.061035156,-0.037635803,0.07170595
10,1007.9502,44.726017,1007.83356,44.722786,-0.11663818,-0.0032310486,0.11668293
10,0.9205055,290.87863,0.9071711,290.88806,-0.013334453,0.009429932,0.01633191
10,1089.0414,102.80131,1089.0133,102.778275,-0.028076172,-0.023033142,0.036315244
10,977.5204,22.504211,977.4856,22.542915,-0.03479004,0.03870392,0.052041713
10,1163.767,154.67838,1163.8036,154.709,0.036621094,0.03062439,0.04773843
10,1139.8348,136.69446,1139.8414,136.70248,0.006591797,0.008026123,0.010386069
10,1119.0787,118.85694,1119.0139,118.85538,-0.064819336,-0.0015640259,0.0648382
10,1184.0212,169.84657,1184.0032,169.84335,-0.018066406,-0.0032196045,0.018351046
10,156.7575,150.70146,156.73032,150.73428,-0.027191162,0.032821655,0.04262183
10,986.7904,4.0402102,986.82214,4.019242,0.03173828,-0.020968437,0.03803937
10,1204.9502,79.6254,1204.9806,79.65227,0.030395508,0.026870728,0.040569976
10,1105.1184,110.9157,1105.0427,110.89183,-0.075683594,-0.023872375,0.079359286
10,1196.845,178.63737,1196.884,178.67773,0.0390625,0.040359497,0.05616732
11,213.94713,64.79692,213.87798,64.86488,-0.06915283,0.06796265,0.096958935
11,47.795578,240.83876,47.80851,240.84148,0.012931824,0.0027160645,0.013213973
11,954.87415,1.7059898,954.85706,1.6515608,-0.017089844,-0.054429054,0.05704897
11,105.84941,67.75775,105.80213,67.81615,-0.047279358,0.058395386,0.0751356
11,46.995796,68.78212,46.845978,68.84363,-0.14981842,0.06150818,0.16195312
11,1061.9851,84.77934,1061.9647,84.78202,-0.020385742,0.0026779175,0.02056088
11,965.80066,13.782904,965.7922,13.796054,-0.008483887,0.013150215,0.015649425
11,1270.9984,230.78398,1270.9911,230.79027,-0.0073242188,0.006286621,0.009652242
11,1019.8258,58.780457,1019.7481,58.80686,-0.077697754,0.026405334,0.082062066
11,264.9636,2.8240302,264.96698,2.8470721,0.0033874512,0.023041964,0.023289632
11,1038.9928,66.84681,1038.8729,66.86516,-0.11987305,0.018348694,0.12126921
11,247.94608,1.8549023,247.96313,1.870625,0.017059326,0.015722752,0.023199689
11,0.8663883,255.83571,0.8782339,255.84808,0.011845589,0.012374878,0.017130544
11,70.92418,211.86066,70.943924,211.87112,0.019744873,0.010467529,0.022347912
11,1076.8613,92.783936,1077.0581,92.90197,0.19677734,0.11803436,0.22946335
11,1007.83356,44.722786,1007.8295,44.762005,-0.0040283203,0.039218903,0.039425243
11,0.9071711,290.88806,0.8811107,290.8888,-0.026060343,0.0007324219,0.026070634
11,1089.0133,102.778275,1089.0825,102.81325,0.06921387,0.034973145,0.07754792
11,977.4856,22.542915,977.5929,22.631481,0.107299805,0.08856583,0.13913
11,1163.8036,154.709,1163.7976,154.71515,-0.0059814453,0.006149292,0.008578547
11,1139.8414,136.70248,1139.8735,136.72797,0.032104492,0.025482178,0.04098829
11,1119.0139,118.85538,1119.096,118.90838,0.08203125,0.053001404,0.09766409
11,1184.0032,169.84335,1183.9365,169.79823,-0.06665039,-0.04512024,0.08048671
11,156.73032,150.73428,156.7051,150.76555,-0.025222778,0.03126526,0.040170945
11,986.82214,4.019242,986.8566,3.9579573,0.034484863,-0.061284542,0.070320696
11,1204.9806,79.65227,1204.9559,79.624985,-0.024658203,-0.027282715,0.03677463
11,1105.0427,110.89183,1104.9447,110.83806,-0.09802246,-0.053771973,0.11180263
11,1196.884,178.67773,1196.7909,178.64903,-0.09313965,-0.028701782,0.097461715
12,213.87798,64.86488,213.91458,64.88426,0.036605835,0.019378662,0.04141883
12,47.80851,240.84148,47.874447,240.85965,0.06593704,0.018173218,0.068395615
12,954.85706,1.6515608,955.20886,1.9535847,0.35180664,0.3020239,0.4636662
12,105.80213,67.81615,105.86112,67.83612,0.05899048,0.019973755,0.062280234
12,46.845978,68.84363,46.885143,68.90167,0.039165497,0.058044434,0.070022084
12,1061.9647,84.78202,1062.002,84.80111,0.037231445,0.019088745,0.041839704
12,965.7922,13.796054,965.69305,13.667999,-0.099121094,-0.12805462,0.16193509
12,1270.9911,230.79027,1270.9454,230.80821,-0.045654297,0.017944336,0.049054194
12,1019.7481,58.80686,1019.85046,58.859623,0.10235596,0.052761078,0.11515413
12,264.96698,2.8470721,264.9684,2.8695188,0.0014343262,0.022446632,0.022492412
12,1038.8729,66.86516,1038.9054,66.89346,0.032470703,0.028305054,0.043075778
12,247.96313,1.870625,247.96199,1.8977814,-0.0011444092,0.027156353,0.027180456
12,0.8782339,255.84808,0.89277935,255.84666,0.014545441,-0.0014190674,0.014614499
12,70.943924,211.87112,70.92357,211.9394,-0.020355225,0.06828308,0.071252465
12,1077.0581,92.90197,1076.9419,92.84667,-0.11621094,-0.05529785,0.12869668
12,1007.8295,44.762005,1007.89496,44.844643,0.06542969,0.08263779,0.10540421
12,0.8811107,290.8888,0.8564296,291.0082,-0.02468115,0.11941528,0.121939205
12,1089.0825,102.81325,1088.9679,102.78571,-0.11462402,-0.027534485,0.11788475
12,977.5929,22.631481,977.82263,22.779457,0.22973633,0.14797592,0.27326846
12,1163.7976,154.71515,1163.7632,154.72957,-0.034423828,0.014419556,0.03732189
12,1139.8735,136.72797,1139.8501,136.74454,-0.0234375,0.016571045,0.028703935
12,1119.096,118.90838,1119.1335,118.98534,0.037597656,0.0769577,0.08565087
12,1183.9365,169.79823,1183.9315,169.80734,-0.005004883,0.009109497,0.010393834
12,156.7051,150.76555,156.67992,150.91728,-0.025177002,0.1517334,0.15380801
12,986.8566,3.9579573,987.1339,3.9248352,0.2772827,-0.033122063,0.27925396
12,1204.9559,79.624985,1204.9988,79.688225,0.04284668,0.06324005,0.0763881
12,1104.9447,110.83806,1105.1882,111.00808,0.24353027,0.17002106,0.29700866
12,1196.7909,178.64903,1196.8021,178.69543,0.011230469,0.046401978,0.04774167
13,213.91458,64.88426,213.93314,64.915375,0.018554688,0.03111267,0.036225334
13,47.874447,240.85965,47.852333,240.89217,-0.0221138,0.03251648,0.03932355
13,955.20886,1.9535847,955.09564,1.9795647,-0.113220215,0.025979996,0.11616272
13,105.86112,67.83612,105.85167,67.85116,-0.00945282,0.015037537,0.01776185
13,46.885143,68.90167,46.976665,68.882706,0.09152222,-0.018966675,0.09346684
13,1062.002,84.80111,1062.0228,84.81861,0.020874023,0.017501831,0.027240392
13,965.69305,13.667999,965.6812,13.737453,-0.01184082,0.06945419,0.070456296
13,1270.9454,230.80821,1270.9136,230.80644,-0.03186035,-0.0017700195,0.03190948
13,1019.85046,58.859623,1019.6919,58.859303,-0.15856934,-0.00032043457,0.15856966
13,264.9684,2.8695188,264.92444,2.926261,-0.04397583,0.05674219,0.07178823
13,1038.9054,66.89346,1038.9025,66.915855,-0.0029296875,0.022392273,0.022583112
13,247.96199,1.8977814,248.07735,1.8807669,0.115356445,-0.017014503,0.11660447
13,0.89277935,255.84666,0.90730476,255.8807,0.0145254135,0.03404236,0.037011754
13,70.92357,211.9394,70.951935,211.93259,0.028366089,-0.0068206787,0.029174589
13,1076.9419,92.84667,1077.0082,92.908875,0.06628418,0.062202454,0.0908996
13,1007.89496,44.844643,1007.99384,44.86538,0.09887695,0.020736694,0.101028025
13,0.8564296,291.0082,0.86229485,290.92798,0.005865276,-0.08023071,0.08044482
13,1088.9679,102.78571,1089.1007,102.85732,0.1328125,0.0716095,0.15088764
13,977.82263,22.779457,977.8008,22.775623,-0.021850586,-0.0038337708,0.02218436
13,1163.7632,154.72957,1163.7462,154.73805,-0.016967773,0.008483887,0.018970547
13,1139.8501,136.74454,1139.7788,136.72037,-0.07128906,-0.024169922,0.07527493
13,1119.1335,118.98534,1119.2223,119.04302,0.08874512,0.057685852,0.10584589
13,1183.9315,169.80734,1183.9978,169.87337,0.06628418,0.06602478,0.09355674
13,156.67992,150.91728,156.484,150.85788,-0.19592285,-0.059402466,0.20473011
13,987.1339,3.9248352,987.59454,3.857957,0.46063232,-0.06687832,0.46546197
13,1204.9988,79.688225,1205.0248,79.7245,0.026000977,0.03627777,0.044633254
13,1105.1882,111.00808,1105.3575,111.11325,0.16931152,0.1051712,0.19931728
13,1196.8021,178.69543,1196.8323,178.76665,0.030151367,0.07121277,0.07733281
14,213.93314,64.915375,214.03532,64.79807,0.10218811,-0.11730194,0.15557042
14,47.852333,240.89217,47.972294,240.81427,0.119960785,-0.07789612,0.14303285
14,955.09564,1.9795647,955.16595,1.8996449,0.0703125,-0.079919815,0.10644729
14,105.85167,67.85116,105.90984,67.75015,0.058174133,-0.101005554,0.116560504
14,46.976665,68.882706,47.037487,68.78531,0.060821533,-0.09739685,0.11482772
14,1062.0228,84.81861,1062.0907,84.77916,0.067871094,-0.0394516,0.07850423
14,965.6812,13.737453,965.7568,13.667553,0.07556152,-0.06990051,0.10293505
14,1270.9136,230.80644,1270.9927,230.80066,0.07910156,-0.005783081,0.07931268
14,1019.6919,58.859303,1019.76324,58.76465,0.0713501,-0.09465408,0.11853368
14,264.92444,2.926261,264.83075,2.9670691,-0.093688965,0.0408082,0.10219066
14,1038.9025,66.915855,1039.047,66.81595,0.14453125,-0.09990692,0.17570053
14,248.07735,1.8807669,247.89952,2.1458702,-0.17782593,0.26510334,0.3192207
14,0.90730476,255.8807,0.8883858,255.89645,-0.018918991,0.01574707,0.024615005
14,70.951935,211.93259,71.03531,211.8225,0.08337402,-0.11009216,0.13809964
14,1077.0082,92.908875,1076.9808,92.79571,-0.02734375,-0.11316681,0.1164234
14,1007.99384,44.86538,1008.0571,44.797478,0.06329346,-0.06790161,0.09282613
14,0.86229485,290.92798,0.8859701,290.99033,0.023675263,0.062347412,0.06669121
14,1089.1007,102.85732,1089.1638,102.83264,0.06311035,-0.024681091,0.06776483
14,977.8008,22.775623,977.8336,22.65102,0.032836914,-0.12460327,0.12885743
14,1163.7462,154.73805,1163.7975,154.6818,0.05126953,-0.056259155,0.07611608
14,1139.7788,136.72037,1139.9634,136.70969,0.18457031,-0.010681152,0.18487911
14,1119.2223,119.04302,1118.3052,118.38289,-0.91711426,-0.66013336,1.1299888
14,1183.9978,169.87337,1184.0801,169.83278,0.08227539,-0.04058838,0.09174234
14,156.484,150.85788,156.63046,150.79785,0.14646912,-0.060028076,0.15829268
14,987.59454,3.857957,987.6418,3.8418436,0.04724121,-0.016113281,0.049913622
14,1205.0248,79.7245,1205.2742,79.63075,0.24938965,-0.09375,0.2664287
14,1105.3575,111.11325,1105.546,111.150215,0.18847656,0.036964417,0.19206713
14,1196.8323,178.76665,1196.7766,178.61505,-0.055664062,-0.15159607,0.16149259
15,214.03532,64.79807,214.07932,64.79425,0.04399109,-0.0038223267,0.044156834
15,47.972294,240.81427,47.99076,240.78922,0.01846695,-0.025054932,0.031125195
15,955.16595,1.8996449,955.1294,1.9167624,-0.03656006,0.0171175,0.04036888
15,105.90984,67.75015,106.00273,67.77843,0.09288788,0.028274536,0.09709586
15,47.037487,68.78531,47.09857,68.8069,0.061084747,0.021591187,0.06478831
15,1062.0907,84.77916,1062.1478,84.79832,0.057128906,0.01915741,0.06025544
15,965.7568,13.667553,965.7476,13.687429,-0.009155273,0.01987648,0.021883635
15,1270.9927,230.80066,1270.9836,230.77757,-0.009033203,-0.023086548,0.024790874
15,1019.76324,58.76465,1019.82184,58.78424,0.05859375,0.019592285,0.061782565
15,264.83075,2.9670691,264.88153,2.9325333,0.05078125,-0.034535885,0.061412238
15,1039.047,66.81595,1038.9706,66.85689,-0.076416016,0.04093933,0.08669162
15,247.89952,2.1458702,247.90417,2.1943488,0.0046539307,0.048478603,0.04870148
15,0.8883858,255.89645,0.90587807,255.92546,0.017492294,0.029006958,0.033873055
15,71.03531,211.8225,71.03754,211.86096,0.0022277832,0.038467407,0.038531862
15,1076.9808,92.79571,1077.0408,92.801704,0.059936523,0.005996704,0.060235765
15,1008.0571,44.797478,1008.07465,44.81211,0.01751709,0.014633179,0.02282495
15,0.8859701,290.99033,0.8679726,291.019,-0.017997503,0.028686523,0.03386483
15,1089.1638,102.83264,1089.1455,102.81727,-0.018310547,-0.01537323,0.023908416
15,977.8336,22.65102,977.937,22.746727,0.103393555,0.09570694,0.1408902
15,1163.7975,154.6818,1163.9392,154.74469,0.14172363,0.06289673,0.1550535
15,1139.9634,136.70969,1139.9216,136.65991,-0.041748047,-0.04977417,0.064964354
15,1118.3052,118.38289,1118.5394,118.54278,0.23425293,0.15988922,0.2836177
15,1184.0801,169.83278,1184.0612,169.81372,-0.018920898,-0.019058228,0.026855472
15,156.63046,150.79785,156.75407,150.84291,0.12361145,0.045059204,0.13156794
15,987.6418,3.8418436,987.71954,3.9075127,0.07775879,0.06566906,0.10177846
15,1205.2742,79.63075,1205.2621,79.74101,-0.012084961,0.11026001,0.11092032
15,1105.546,111.150215,1105.5048,111.15678,-0.041259766,0.0065612793,0.041778207
15,1196.7766,178.61505,1196.9385,178.70445,0.16186523,0.089401245,0.18491332
16,214.07932,64.79425,214.09087,64.730774,0.011550903,-0.06347656,0.064518966
16,47.99076,240.78922,47.975887,240.74942,-0.014873505,-0.039794922,0.04248361
16,955.1294,1.9167624,955.2702,1.8408403,0.1408081,-0.07592201,0.1599721
16,106.00273,67.77843,105.927055,67.677376,-0.075675964,-0.10105133,0.12624668
16,47.09857,68.8069,47.070587,68.70589,-0.02798462,-0.10101318,0.10481795
16,1062.1478,84.79832,1062.1615,84.70874,0.013671875,-0.08957672,0.09061407
16,965.7476,13.687429,965.7868,13.599171,0.03918457,-0.08825874,0.09656623
16,1270.9836,230.77757,1271.1179,230.74422,0.13427734,-0.033355713,0.13835827
16,1019.82184,58.78424,1019.85785,58.71366,0.036010742,-0.07057953,0.07923537
16,264.88153,2.9325333,264.82648,2.925421,-0.05505371,-0.0071122646,0.055511218
16,1038.9706,66.85689,1039.0869,66.763245,0.11633301,-0.09364319,0.14933993
16,247.90417,2.1943488,247.9315,2.1084604,0.027328491,-0.085888386,0.09013136
16,0.90587807,255.92546,0.89549446,255.86127,-0.010383606,-0.064193726,0.065028094
16,71.03754,211.86096,71.09538,211.74399,0.05784607,-0.11697388,0.13049543
16,1077.0408,92.801704,1077.0576,92.72952,0.016845703,-0.0721817,0.074121356
16,1008.07465,44.81211,1008.11487,44.741207,0.040222168,-0.07090378,0.081517905
16,0.8679726,291.019,0.8862796,290.97003,0.01830697,-0.048980713,0.052290108
16,1089.1455,102.81727,1089.1794,102.74325,0.033935547,-0.074020386,0.08142874
16,977.937,22.746727,977.9916,22.671524,0.05456543,-0.07520294,0.09291323
16,1163.9392,154.74469,1164.0803,154.71344,0.14111328,-0.03125,0.14453207
16,1139.9216,136.65991,1139.919,136.62651,-0.0026855469,-0.03340149,0.033509277
16,1118.5394,118.54278,1118.7815,118.59606,0.24206543,0.05328369,0.24786049
16,1184.0612,169.81372,1183.8706,169.54033,-0.19055176,-0.27339172,0.33324617
16,156.75407,150.84291,156.75511,150.78627,0.0010375977,-0.056640625,0.05665013
16,987.71954,3.9075127,987.76514,3.7566433,0.04559326,-0.15086937,0.15760809
16,1205.2621,79.74101,1205.444,79.68188,0.18188477,-0.059135437,0.19125655
16,1105.5048,111.15678,1105.6206,111.10248,0.11584473,-0.0542984,0.12793872
16,1196.9385,178.70445,1197.2786,178.75139,0.3400879,0.046936035,0.34331146
17,214.09087,64.730774,214.05475,64.81194,-0.036117554,0.08116913,0.08884202
17,47.975887,240.74942,47.978893,240.75766,0.0030059814,0.008239746,0.008770937
17,955.2702,1.8408403,955.1612,1.8932428,-0.10900879,0.052402496,0.12095015
17,105.927055,67.677376,105.9714,67.75988,0.04434204,0.08250427,0.09366521
17,47.070587,68.70589,47.15809,68.80664,0.087501526,0.100753784,0.13344602
17,1062.1615,84.70874,1062.0247,84.7707,-0.13684082,0.061958313,0.15021399
17,965.7868,13.599171,965.746,13.686027,-0.04083252,0.08685589,0.095975205
17,1271.1179,230.74422,1271.0848,230.79613,-0.033081055,0.0519104,0.061555225
17,1019.85785,58.71366,1019.8924,58.802574,0.0345459,0.088912964,0.09538833
17,264.82648,2.925421,264.86,2.8878527,0.0335083,-0.03756833,0.050340693
17,1039.0869,66.763245,1039.0135,66.84923,-0.07336426,0.08598328,0.11302848
17,247.9315,2.1084604,248.05815,1.9848452,0.12664795,-0.123615265,0.17697582
17,0.89549446,255.86127,0.876317,255.86464,-0.019177437,0.0033721924,0.019471666
17,71.09538,211.74399,71.01727,211.8293,-0.07810974,0.08531189,0.11566871
17,1077.0576,92.72952,1076.8457,92.719284,-0.21191406,-0.010238647,0.21216126
17,1008.11487,44.741207,1008.0532,44.82091,-0.061645508,0.079704285,0.10076181
17,0.8862796,290.97003,0.8555002,291.00085,-0.030779362,0.030822754,0.043559283
17,1089.1794,102.74325,1089.1422,102.82152,-0.037231445,0.07826996,0.08667391
17,977.9916,22.671524,977.96857,22.809673,-0.023010254,0.13814926,0.14005245
17,1164.0803,154.71344,1163.8822,154.67902,-0.19812012,-0.034423828,0.20108849
17,1139.919,136.62651,1139.9143,136.70709,-0.004638672,0.080581665,0.08071507
17,1118.7815,118.59606,1119.1896,118.96098,0.40808105,0.36492157,0.5474467
17,1183.8706,169.54033,1183.6904,169.51686,-0.18017578,-0.023468018,0.18169771
17,156.75511,150.78627,156.74644,150.83606,-0.008666992,0.04978943,0.050538145
17,987.76514,3.7566433,987.64954,3.9008036,-0.115600586,0.14416027,0.1847855
17,1205.444,79.68188,1232.0016,79.192505,26.557617,-0.48937225,26.562126
17,1105.6206,111.10248,1105.7317,111.28847,0.111083984,0.18598938,0.21663725
17,1197.2786,178.75139,1197.905,179.1959,0.62646484,0.44451904,0.7681506
18,214.05475,64.81194,214.037,64.733696,-0.017745972,-0.07824707,0.08023418
18,47.978893,240.75766,47.95366,240.7345,-0.025234222,-0.023162842,0.03425322
18,955.1612,1.8932428,955.2215,1.8272524,0.060302734,-0.06599045,0.08939329
18,105.9714,67.75988,105.89793,67.66312,-0.07347107,-0.09676361,0.12149566
18,47.15809,68.80664,47.094143,68.697205,-0.06394577,-0.109436035,0.126749
18,1062.0247,84.7707,1062.1523,84.6958,0.12768555,-0.074897766,0.14803132
18,965.746,13.686027,965.7768,13.608386,0.030822754,-0.07764053,0.08353499
18,1271.0848,230.79613,1271.257,230.70932,0.17211914,-0.08680725,0.19277059
18,1019.8924,58.802574,1019.8881,58.70643,-0.004272461,-0.09614563,0.09624051
18,264.86,2.8878527,264.75095,2.9106605,-0.10903931,0.022807837,0.11139914
18,1039.0135,66.84923,1039.0349,66.76471,0.021362305,-0.08451843,0.08717634
18,248.05815,1.9848452,247.83148,2.14879,-0.22666931,0.16394472,0.27974424
18,0.876317,255.86464,0.9102516,255.8261,0.033934593,-0.0385437,0.051353417
18,71.01727,211.8293,70.97768,211.8075,-0.039596558,-0.02180481,0.045203287
18,1076.8457,92.719284,1077.0074,92.672325,0.16174316,-0.046958923,0.16842206
18,1008.0532,44.82091,1008.116,44.72703,0.062805176,-0.0938797,0.112950824
18,0.8555002,291.00085,0.8200101,290.95078,-0.035490096,-0.050079346,0.061379865
18,1089.1422,102.82152,1089.1371,102.6825,-0.005126953,-0.1390152,0.1391097
18,977.96857,22.809673,977.965,22.658764,-0.003540039,-0.15090942,0.15095094
18,1163.8822,154.67902,1163.8384,154.59387,-0.043823242,-0.08514404,0.09576004
18,1139.9143,136.70709,1140.165,136.72389,0.25073242,0.016799927,0.2512946
18,1119.1896,118.96098,1119.2603,118.85195,0.07067871,-0.10903168,0.1299361
18,1183.6904,169.51686,1184.0074,169.64801,0.3170166,0.13114929,0.34307384
18,156.74644,150.83606,156.67891,150.77963,-0.0675354,-0.056427002,0.08800589
18,987.64954,3.9008036,987.7658,3.729824,0.11627197,-0.1709795,0.20676838
18,1232.0016,79.192505,1262.5193,77.652954,30.5177,-1.5395508,30.556509
18,1105.7317,111.28847,1105.6531,111.13712,-0.07861328,-0.1513443,0.17054367
18,1197.905,179.1959,1197.9479,179.2013,0.04284668,0.0053863525,0.04318392
19,214.037,64.733696,214.04568,64.797134,0.008682251,0.063438416,0.06402979
19,47.95366,240.7345,47.94492,240.80249,-0.008739471,0.067993164,0.068552524
19,955.2215,1.8272524,955.1703,1.8900204,-0.051208496,0.06276798,0.081006974
19,105.89793,67.66312,105.97188,67.76688,0.07395172,0.103759766,0.12741643
19,47.094143,68.697205,47.026943,68.82361,-0.06719971,0.12640381,0.14315629
19,1062.1523,84.6958,1062.0812,84.77475,-0.07116699,0.078948975,0.10629055
19,965.7768,13.608386,965.7313,13.658966,-0.04547119,0.050580025,0.06801447
19,1271.257,230.70932,1271.425,230.7734,0.16809082,0.064086914,0.17989346
19,1019.8881,58.70643,1019.8494,58.785122,-0.03869629,0.07869339,0.087692946
19,264.75095,2.9106605,264.78625,2.9174032,0.035308838,0.006742716,0.035946883
19,1039.0349,66.76471,1039.0756,66.85487,0.040649414,0.090164185,0.09890377
19,247.83148,2.14879,247.84032,2.1818342,0.008834839,0.03304434,0.03420501
19,0.9102516,255.8261,0.8764162,255.85524,-0.03383541,0.029144287,0.044656742
19,70.97768,211.8075,71.018394,211.82112,0.04071808,0.013626099,0.042937543
19,1077.0074,92.672325,1076.9122,92.7268,-0.095214844,0.054473877,0.10969626
19,1008.116,44.72703,1008.12634,44.823814,0.010314941,0.096782684,0.09733081
19,0.8200101,290.95078,0.85586834,290.96738,0.035858214,0.016601562,0.03951485
19,1089.1371,102.6825,1089.0881,102.74532,-0.048950195,0.062820435,0.07963999
19,977.965,22.658764,977.8906,22.72437,-0.074401855,0.06560516,0.09919513
19,1163.8384,154.59387,1163.9246,154.71936,0.08618164,0.12548828,0.152232
19,1140.165,136.72389,1140.1786,136.8699,0.013549805,0.14601135,0.1466387
19,1119.2603,118.85195,1119.203,118.88507,-0.057250977,0.0331192,0.06614043
19,1184.0074,169.64801,1184.4988,170.18245,0.491333,0.5344391,0.72597057
19,156.67891,150.77963,156.72676,150.87065,0.047851562,0.09101868,0.10283079
19,987.7658,3.729824,987.7097,3.8253155,-0.05609131,0.09549141,0.110746756
19,1262.5193,77.652954,1284.083,77.4313,21.56372,-0.2216568,21.56486
19,1105.6531,111.13712,1105.6719,111.22716,0.018798828,0.090034485,0.091976106
19,1197.9479,179.2013,1197.4065,179.01721,-0.54138184,-0.18408203,0.57182205
20,214.04568,64.797134,214.12656,64.69867,0.08087158,-0.098464966,0.12741885
20,47.94492,240.80249,48.031017,240.71274,0.08609772,-0.0897522,0.12437151
20,955.1703,1.8900204,955.2538,1.8138285,0.083496094,-0.0761919,0.113034524
20,105.97188,67.76688,105.922325,67.668365,-0.049552917,-0.09851074,0.110271744
20,47.026943,68.82361,47.08905,68.68203,0.062107086,-0.14157867,0.15460211
20,1062.0812,84.77475,1062.1122,84.73288,0.03100586,-0.041870117,0.052100576
20,965.7313,13.658966,965.7779,13.588541,0.046569824,-0.07042503,0.084430054
20,1271.425,230.7734,1271.448,230.71362,0.022949219,-0.059783936,0.064037375
20,1019.8494,58.785122,1019.8759,58.714703,0.026489258,-0.07041931,0.07523669
20,264.78625,2.9174032,264.79477,2.885426,0.008514404,-0.031977177,0.03309131
20,1039.0756,66.85487,1039.1207,66.771805,0.045166016,-0.08306885,0.0945537
20,247.84032,2.1818342,247.88976,2.1219454,0.049438477,-0.05988884,0.07765846
20,0.8764162,255.85524,0.86342335,255.86447,-0.012992859,0.009231567,0.015938513
20,71.018394,211.82112,71.07119,211.76773,0.05279541,-0.053390503,0.07508596
20,1076.9122,92.7268,1076.9065,92.66644,-0.0057373047,-0.06035614,0.060628213
20,1008.12634,44.823814,1008.11053,44.737717,-0.015808105,-0.08609772,0.08753692
20,0.85586834,290.96738,0.8497789,290.9663,-0.006089449,-0.0010681152,0.006182415
20,1089.0881,102.74532,1089.0764,102.68207,-0.01171875,-0.06325531,0.064331666
20,977.8906,22.72437,977.9518,22.652561,0.061157227,-0.07180786,0.09432166
20,1163.9246,154.71936,1163.8766,154.61398,-0.047973633,-0.1053772,0.11578352
20,1140.1786,136.8699,1140.2819,136.78983,0.103271484,-0.080078125,0.13068093
20,1119.203,118.88507,1119.3114,118.903984,0.10839844,0.018913269,0.11003605
20,1184.4988,170.18245,1184.6559,170.1637,0.15710449,-0.018753052,0.15821978
20,156.72676,150.87065,156.7323,150.77324,0.0055389404,-0.09741211,0.09756946
20,987.7097,3.8253155,987.72504,3.7574716,0.015319824,-0.067843914,0.069552094
20,1105.6719,111.22716,1105.7477,111.17164,0.075805664,-0.055519104,0.09396206
20,1197.4065,179.01721,1197.2561,178.80927,-0.15039062,-0.20794678,0.25663048
21,214.12656,64.69867,214.04935,64.92874,-0.07720947,0.23007202,0.24268176
21,48.031017,240.71274,47.94017,240.91054,-0.090847015,0.19779968,0.21766464
21,955.2538,1.8138285,955.0947,1.9529095,-0.15905762,0.139081,0.21128854
21,105.922325,67.668365,105.98898,67.88693,0.06665802,0.2185669,0.22850554
21,47.08905,68.68203,46.89273,68.94032,-0.19631958,0.25829315,0.32443294
21,1062.1122,84.73288,1062.02,84.891556,-0.092163086,0.15867615,0.18349974
21,965.7779,13.588541,965.7241,13.766642,-0.053771973,0.17810059,0.18604097
21,1271.448,230.71362,1271.1162,230.90828,-0.3317871,0.19465637,0.38467363
21,1019.8759,58.714703,1019.88837,58.91511,0.012451172,0.20040894,0.20079535
21,264.79477,2.885426,264.86865,2.9872603,0.07388306,0.1018343,0.12581308
21,1039.1207,66.771805,1039.0145,66.9642,-0.10620117,0.19239807,0.21976285
21,247.88976,2.1219454,247.90009,2.2179856,0.0103302,0.09604025,0.096594214
21,0.86342335,255.86447,0.90834045,255.85603,0.044917107,-0.00843811,0.045702823
21,71.07119,211.76773,71.05395,211.88611,-0.017242432,0.118377686,0.11962683
21,1076.9065,92.66644,1076.959,92.890015,0.052490234,0.22357178,0.22965096
21,1008.11053,44.737717,1008.1192,44.934666,0.008666992,0.196949,0.19713962
21,0.8497789,290.9663,0.8349969,291.08215,-0.0147820115,0.11584473,0.11678403
21,1089.0764,102.68207,1089.0846,102.89236,0.008178711,0.210289,0.21044798
21,977.9518,22.652561,977.9284,22.862709,-0.023376465,0.21014786,0.21144404
21,1163.8766,154.61398,1163.9395,154.91002,0.06286621,0.29603577,0.3026373
21,1140.2819,136.78983,1140.253,136.99942,-0.028808594,0.20959473,0.21156532
21,1119.3114,118.903984,1119.2836,119.1195,-0.027832031,0.21551514,0.21730484
21,1184.6559,170.1637,1184.4832,170.20706,-0.17272949,0.04336548,0.17808998
21,156.7323,150.77324,156.62463,151.00182,-0.107666016,0.22857666,0.25266433
21,987.72504,3.7574716,987.56714,3.9317102,-0.15789795,0.17423868,0.23514013
21,1105.7477,111.17164,1105.7537,111.37565,0.0059814453,0.20401001,0.20409767
21,1197.2561,178.80927,1197.1465,178.85522,-0.10961914,0.045959473,0.11886391
22,214.04935,64.92874,214.12402,64.69299,0.07467651,-0.23574829,0.24729301
22,47.94017,240.91054,48.054207,240.70956,0.11403656,-0.20097351,0.23107292
22,955.0947,1.9529095,955.2876,1.8051558,0.1928711,-0.14775372,0.24296176
22,105.98898,67.88693,106.015175,67.64703,0.026191711,-0.23989868,0.24132423
22,46.89273,68.94032,47.06389,68.68734,0.17115784,-0.2529831,0.30544305
22,1062.02,84.891556,1062.2021,84.67779,0.1821289,-0.213768,0.28083393
22,965.7241,13.766642,965.782,13.532027,0.057861328,-0.23461437,0.24164402
22,1271.1162,230.90828,1271.2378,230.69814,0.12158203,-0.21014404,0.24278119
22,1019.88837,58.91511,1019.88916,58.68961,0.00079345703,-0.22550201,0.22550341
22,264.86865,2.9872603,264.81082,2.8956227,-0.05783081,-0.09163761,0.108359836
22,1039.0145,66.9642,1039.1589,66.7518,0.14440918,-0.21240234,0.25684386
22,247.90009,2.2179856,247.7905,2.2122478,-0.10958862,-0.0057377815,0.10973873
22,0.90834045,255.85603,0.9333296,255.81288,0.024989128,-0.043151855,0.04986521
22,71.05395,211.88611,71.099174,211.74142,0.04522705,-0.14468384,0.15158793
22,1076.959,92.890015,1077.0137,92.66095,0.0546875,-0.22906494,0.23550259
22,1008.1192,44.934666,1008.1885,44.720753,0.0692749,-0.21391296,0.22485055
22,0.8349969,291.08215,0.8720943,290.9707,0.037097394,-0.111450195,0.11746217
22,1089.0846,102.89236,1089.1501,102.684845,0.06555176,-0.2075119,0.21761945
22,977.9284,22.862709,977.95026,22.637323,0.021850586,-0.22538567,0.22644237
22,1163.9395,154.91002,1163.9642,154.6616,0.024780273,-0.24841309,0.249646
22,1140.253,136.99942,1140.2788,136.74036,0.025756836,-0.25906372,0.260341
22,1119.2836,119.1195,1119.4287,118.92968,0.1451416,-0.18981934,0.23895076
22,1184.4832,170.20706,1184.6093,170.08595,0.12609863,-0.12110901,0.1748378
22,156.62463,151.00182,156.8104,150.69737,0.1857605,-0.30444336,0.35664088
22,987.56714,3.9317102,987.7884,3.7390409,0.22125244,-0.19266939,0.29338393
22,1105.7537,111.37565,1105.7358,111.14625,-0.017822266,-0.22940063,0.2300919
22,1197.1465,178.85522,1197.3538,178.83475,0.20727539,-0.020477295,0.20828444
23,214.12402,64.69299,214.10832,64.90579,-0.015701294,0.21279907,0.21337755
23,48.054207,240.70956,47.959595,240.92711,-0.09461212,0.21754456,0.23722793
23,955.2876,1.8051558,955.2269,1.9466381,-0.060668945,0.14148235,0.15394148
23,106.015175,67.64703,106.01673,67.865295,0.0015563965,0.21826172,0.21826726
23,47.06389,68.68734,47.050972,68.88801,-0.012916565,0.20066833,0.20108362
23,1062.2021,84.67779,1062.1149,84.87147,-0.08728027,0.19367981,0.21243756
23,965.782,13.532027,965.73987,13.680519,-0.042114258,0.14849186,0.15434845
23,1271.2378,230.69814,1271.2905,230.89532,0.052734375,0.19718933,0.20411895
23,1019.88916,58.68961,1019.96576,58.915226,0.07659912,0.22561646,0.238265
23,264.81082,2.8956227,264.93445,2.9902773,0.12362671,0.09465456,0.1557018
23,1039.1589,66.7518,1039.1678,66.99763,0.008911133,0.24582672,0.24598818
23,247.7905,2.2122478,247.94577,2.2508879,0.15527344,0.038640022,0.16000904
23,0.9333296,255.81288,0.8758399,256.05167,-0.057489693,0.23878479,0.2456079
23,71.099174,211.74142,71.14168,211.90411,0.042503357,0.16268921,0.16814968
23,1077.0137,92.66095,1077.018,92.86106,0.004272461,0.20011139,0.200157
23,1008.1885,44.720753,1008.15643,44.901855,-0.032043457,0.18110275,0.18391572
23,0.8720943,290.9707,0.87708014,291.03168,0.004985869,0.06097412,0.06117763
23,1089.1501,102.684845,1089.125,102.873856,-0.025146484,0.18901062,0.19067606
23,977.95026,22.637323,977.9905,22.849888,0.040222168,0.21256447,0.21633649
23,1163.9642,154.6616,1164.0232,154.8537,0.05895996,0.1920929,0.2009377
23,1140.2788,136.74036,1140.2809,136.98941,0.0020751953,0.24905396,0.2490626
23,1119.4287,118.92968,1119.5421,119.23708,0.11340332,0.30740356,0.32765418
23,1184.6093,170.08595,1184.6598,170.31029,0.05053711,0.22433472,0.22995666
23,156.8104,150.69737,156.82434,150.78157,0.013946533,0.084198,0.08534523
23,987.7884,3.7390409,987.7072,3.909668,-0.08117676,0.17062712,0.18895312
23,1105.7358,111.14625,1105.7156,111.306625,-0.020263672,0.1603775,0.1616526
23,1197.3538,178.83475,1197.328,178.93878,-0.025756836,0.104034424,0.10717545
24,214.10832,64.90579,214.10077,64.77226,-0.0075531006,-0.13352966,0.1337431
24,47.959595,240.92711,48.061863,240.77058,0.10226822,-0.15652466,0.18697262
24,955.2269,1.9466381,955.25226,1.8775396,0.02532959,-0.06909847,0.07359475
24,106.01673,67.865295,105.97854,67.74115,-0.03819275,-0.12414551,0.12988761
24,47.050972,68.88801,47.12408,68.755615,0.07310867,-0.13239288,0.15123741
24,1062.1149,84.87147,1062.1075,84.76836,-0.0073242188,-0.10311127,0.10337107
24,965.73987,13.680519,965.75903,13.602762,0.019165039,-0.07775688,0.0800839
24,1271.2905,230.89532,1271.2192,230.77908,-0.07128906,-0.116241455,0.13636057
24,1019.96576,58.915226,1019.81335,58.75369,-0.15240479,-0.16153717,0.22208439
24,264.93445,2.9902773,264.84747,2.9456453,-0.0869751,-0.044631958,0.09775827
24,1039.1678,66.99763,1039.0679,66.831696,-0.099975586,-0.1659317,0.1937226
24,247.94577,2.2508879,247.91122,2.1262002,-0.0345459,-0.12468767,0.12938483
24,0.8758399,256.05167,0.90351105,255.83524,0.027671158,-0.21643066,0.2181924
24,71.14168,211.90411,71.10661,211.77095,-0.035064697,-0.13316345,0.13770272
24,1077.018,92.86106,1076.9697,92.728,-0.048217773,-0.13306427,0.14153111
24,1008.15643,44.901855,1008.16846,44.829544,0.012023926,-0.0723114,0.07330426
24,0.87708014,291.03168,0.89393616,291.0087,0.016856015,-0.022979736,0.02849901
24,1089.125,102.873856,1089.0752,102.71971,-0.049804688,-0.15414429,0.16199064
24,977.9905,22.849888,978.0219,22.740717,0.031433105,-0.10917091,0.11360602
24,1164.0232,154.8537,1163.9832,154.77005,-0.040039062,-0.08364868,0.092737414
24,1140.2809,136.98941,1140.2474,136.88052,-0.033447266,-0.10888672,0.11390802
24,1119.5421,119.23708,1119.3416,118.972534,-0.20056152,-0.26454926,0.33198076
24,1184.6598,170.31029,1184.6472,170.18979,-0.012573242,-0.12049866,0.12115285
24,156.82434,150.78157,156.61972,150.85089,-0.20462036,0.06932068,0.21604362
24,987.7072,3.909668,987.66455,3.7974591,-0.042663574,-0.11220884,0.12004585
24,1105.7156,111.306625,1105.6931,111.20812,-0.022460938,-0.09850311,0.10103147
24,1197.328,178.93878,1197.3551,178.91531,0.02709961,-0.023468018,0.035848804
25,214.10077,64.77226,214.04604,64.88699,-0.054733276,0.114730835,0.12711765
25,48.061863,240.77058,47.93619,240.88248,-0.12567139,0.1118927,0.16826549
25,955.25226,1.8775396,955.12634,1.9449673,-0.12591553,0.067427635,0.14283279
25,105.97854,67.74115,105.95344,67.83383,-0.025100708,0.092681885,0.09602071
25,47.12408,68.755615,46.96284,68.86934,-0.16123962,0.113723755,0.1973102
25,1062.1075,84.76836,1062.1389,84.82442,0.03137207,0.05606079,0.06424188
25,965.75903,13.602762,965.6826,13.6813135,-0.076416016,0.07855129,0.10958884
25,1271.2192,230.77908,1271.0676,230.84303,-0.15161133,0.063949585,0.16454647
25,1019.81335,58.75369,1019.7955,58.83764,-0.0178833,0.08395004,0.08583369
25,264.84747,2.9456453,264.86627,3.0149746,0.018798828,0.06932926,0.07183274
25,1039.0679,66.831696,1039.0433,66.942856,-0.024536133,0.11116028,0.113835976
25,247.91122,2.1262002,247.83673,2.2222447,-0.07449341,0.09604454,0.12154761
25,0.90351105,255.83524,0.83652973,255.98915,-0.066981316,0.1539154,0.16785842
25,71.10661,211.77095,71.129944,211.81273,0.023330688,0.041778564,0.047851536
25,1076.9697,92.728,1076.9388,92.78726,-0.030883789,0.059265137,0.06682937
25,1008.16846,44.829544,1008.1276,44.876198,-0.04083252,0.046653748,0.061998926
25,0.89393616,291.0087,0.86347157,291.04218,-0.03046459,0.033477783,0.045264263
25,1089.0752,102.71971,1089.0016,102.77908,-0.0736084,0.05937195,0.094568625
25,978.0219,22.740717,977.9066,22.782894,-0.11529541,0.0421772,0.122767866
25,1163.9832,154.77005,1163.9172,154.82246,-0.06591797,0.05241394,0.084216386
25,1140.2474,136.88052,1140.1503,136.88162,-0.09716797,0.0010986328,0.09717418
25,1119.3416,118.972534,1119.3615,119.10802,0.019897461,0.13548279,0.1369361
25,1184.6472,170.18979,1184.5813,170.24146,-0.06591797,0.05166626,0.083753094
25,156.61972,150.85089,156.76088,150.90851,0.14115906,0.057617188,0.15246513
25,987.66455,3.7974591,987.62067,3.876771,-0.043884277,0.07931185,0.09064325
25,1105.6931,111.20812,1105.633,111.26432,-0.060058594,0.05619812,0.08225122
25,1197.3551,178.91531,1197.2242,178.9263,-0.13085938,0.010986328,0.13131975
26,214.04604,64.88699,214.15059,64.78905,0.10455322,-0.09794617,0.14326489
26,47.93619,240.88248,48.019432,240.80061,0.08324051,-0.0818634,0.11675016
26,955.12634,1.9449673,955.24567,1.8831968,0.11932373,-0.06177044,0.1343642
26,105.95344,67.83383,106.00625,67.74779,0.05281067,-0.08604431,0.10095836
26,46.96284,68.86934,47.07388,68.79726,0.11103821,-0.07208252,0.13238344
26,1062.1389,84.82442,1062.1346,84.76638,-0.004272461,-0.058036804,0.05819385
26,965.6826,13.6813135,965.734,13.6168585,0.0513916,-0.06445503,0.082435116
26,1271.0676,230.84303,1271.2827,230.77559,0.21508789,-0.06744385,0.22541401
26,1019.7955,58.83764,1019.83514,58.76299,0.03967285,-0.07464981,0.08453715
26,264.86627,3.0149746,264.92822,2.9544225,0.061950684,-0.06055212,0.086628206
26,1039.0433,66.942856,1039.106,66.842865,0.06262207,-0.099990845,0.11798175
26,247.83673,2.2222447,247.86154,2.202877,0.024810791,-0.019367695,0.031475116
26,0.83652973,255.98915,0.9046421,255.9617,0.06811237,-0.027450562,0.07343588
26,71.129944,211.81273,71.11162,211.84514,-0.018325806,0.032409668,0.037232
26,1076.9388,92.78726,1076.9341,92.7404,-0.004760742,-0.04685974,0.047100954
26,1008.1276,44.876198,1008.22534,44.8654,0.097717285,-0.010799408,0.09831224
26,0.86347157,291.04218,0.8679924,291.0429,0.0045208335,0.0007324219,0.004579779
26,1089.0016,102.77908,1089.0746,102.724594,0.07299805,-0.054489136,0.091092154
26,977.9066,22.782894,977.9238,22.706522,0.017211914,-0.07637215,0.07828764
26,1163.9172,154.82246,1164.0262,154.79424,0.10900879,-0.02822876,0.11260452
26,1140.1503,136.88162,1140.2273,136.82803,0.07702637,-0.053588867,0.09383404
26,1119.3615,119.10802,1119.2986,118.95087,-0.06286621,-0.15715027,0.16925828
26,1184.5813,170.24146,1184.6874,170.21347,0.1060791,-0.02798462,0.10970832
26,156.76088,150.90851,156.71127,150.82141,-0.049606323,-0.08709717,0.10023325
26,987.62067,3.876771,987.66077,3.8161235,0.040100098,-0.060647488,0.07270581
26,1105.633,111.26432,1105.7405,111.23041,0.107421875,-0.03391266,0.11264781
26,1197.2242,178.9263,1197.3722,178.89182,0.14794922,-0.034484863,0.15191503
27,214.15059,64.78905,214.13179,64.901535,-0.018798828,0.11248779,0.114047796
27,48.019432,240.80061,48.04336,240.91817,0.023929596,0.11755371,0.11996458
27,955.24567,1.8831968,955.1955,1.9590616,-0.0501709,0.07586479,0.09095376
27,106.00625,67.74779,106.01104,67.87132,0.0047912598,0.123535156,0.123628035
27,47.07388,68.79726,47.144413,68.87541,0.07053375,0.07815552,0.10527723
27,1062.1346,84.76638,1062.1675,84.83839,0.032836914,0.072006226,0.07914013
27,965.734,13.6168585,965.7795,13.690594,0.04547119,0.07373524,0.0866286
27,1271.2827,230.77559,1271.2467,230.90567,-0.036010742,0.13008118,0.13497365
27,1019.83514,58.76299,1019.9441,58.893147,0.108947754,0.13015747,0.16973679
27,264.92822,2.9544225,264.92795,3.125327,-0.0002746582,0.17090464,0.17090486
27,1039.106,66.842865,1039.1338,66.957,0.027832031,0.11413574,0.117480166
27,247.86154,2.202877,247.84956,2.2931275,-0.011978149,0.09025049,0.0910419
27,0.9046421,255.9617,0.920477,256.00748,0.015834868,0.045776367,0.04843778
27,71.11162,211.84514,71.14415,211.90552,0.03253174,0.06037903,0.068585284
27,1076.9341,92.7404,1076.9352,92.745346,0.0010986328,0.0049438477,0.005064447
27,1008.22534,44.8654,1008.2095,44.89092,-0.01586914,0.025520325,0.030051898
27,0.8679924,291.0429,0.882947,291.1366,0.014954627,0.093688965,0.094874986
27,1089.0746,102.724594,1089.0553,102.76708,-0.01928711,0.0424881,0.046660807
27,977.9238,22.706522,978.02966,22.830753,0.10583496,0.12423134,0.16320069
27,1164.0262,154.79424,1164.0111,154.83337,-0.015136719,0.039138794,0.04196386
27,1140.2273,136.82803,1140.2053,136.89401,-0.021972656,0.065979004,0.06954154
27,1119.2986,118.95087,1119.279,119.013405,-0.01953125,0.06253815,0.06551709
27,1184.6874,170.21347,1184.7185,170.29655,0.03112793,0.08308411,0.08872382
27,156.71127,150.82141,156.84863,151.05585,0.13735962,0.23443604,0.27171293
27,987.66077,3.8161235,987.6564,3.9799047,-0.0043945312,0.16378117,0.16384012
27,1105.7405,111.23041,1105.7023,111.27145,-0.038208008,0.041038513,0.056071483
27,1197.3722,178.89182,1197.3624,178.95175,-0.009765625,0.059936523,0.06072688
28,214.13179,64.901535,214.19064,64.82956,0.05885315,-0.07197571,0.09297417
28,48.04336,240.91817,48.07348,240.82805,0.030117035,-0.09011841,0.0950177
28,955.1955,1.9590616,955.3128,1.9348545,0.11730957,-0.024207115,0.11978113
28,106.01104,67.87132,106.00081,67.767075,-0.010231018,-0.10424805,0.10474889
28,47.144413,68.87541,47.18111,68.798706,0.036697388,-0.07670593,0.08503234
28,1062.1675,84.83839,1062.198,84.82048,0.030517578,-0.017906189,0.035382964
28,965.7795,13.690594,965.8197,13.695965,0.040222168,0.0053710938,0.0405792
28,1271.2467,230.90567,1271.3138,230.83359,0.06713867,-0.07208252,0.0985063
28,1019.9441,58.893147,1019.93243,58.83045,-0.011657715,-0.062698364,0.06377293
28,264.92795,3.125327,264.94507,3.0848603,0.017120361,-0.040466785,0.043939363
28,1039.1338,66.957,1039.1155,66.90418,-0.018310547,-0.0528183,0.055902135
28,247.84956,2.2931275,247.86444,2.245213,0.014877319,-0.047914505,0.05017105
28,0.920477,256.00748,0.88646615,256.00806,-0.034010828,0.000579834,0.03401577
28,71.14415,211.90552,71.10126,211.89992,-0.042892456,-0.0055999756,0.043256473
28,1076.9352,92.745346,1076.9924,92.77528,0.057250977,0.029937744,0.064606056
28,1008.2095,44.89092,1008.26434,44.880184,0.054870605,-0.010734558,0.05591077
28,0.882947,291.1366,0.88614476,291.12637,0.0031977296,-0.010223389,0.010711823
28,1089.0553,102.76708,1089.1838,102.803665,0.12854004,0.036582947,0.1336445
28,978.02966,22.830753,978.0125,22.774948,-0.017150879,-0.055805206,0.058381278
28,1164.0111,154.83337,1164.157,154.86104,0.14587402,0.027664185,0.14847402
28,1140.2053,136.89401,1140.15,136.82446,-0.05529785,-0.06954956,0.08885378
28,1119.279,119.013405,1119.3595,118.9899,0.080444336,-0.023506165,0.083808295
28,1184.7185,170.29655,1184.6631,170.18121,-0.055419922,-0.11534119,0.12796468
28,156.84863,151.05585,156.80151,150.85095,-0.04711914,-0.20489502,0.21024315
28,987.6564,3.9799047,987.7,3.9138103,0.043640137,-0.0660944,0.07920184
28,1105.7023,111.27145,1105.8191,111.28278,0.11682129,0.01133728,0.11737013
28,1197.3624,178.95175,1197.2832,178.84654,-0.07922363,-0.10520935,0.1317019
29,214.19064,64.82956,214.15776,64.84326,-0.03288269,0.013702393,0.035623405
29,48.07348,240.82805,48.012936,240.8419,-0.06054306,0.0138549805,0.06210815
29,955.3128,1.9348545,955.2965,1.9160032,-0.016296387,-0.01885128,0.024918728
29,106.00081,67.767075,105.99712,67.80057,-0.0036849976,0.033493042,0.033695146
29,47.18111,68.798706,47.20999,68.83015,0.028881073,0.031440735,0.042692345
29,1062.198,84.82048,1062.2797,84.85147,0.08166504,0.0309906,0.08734756
29,965.8197,13.695965,965.8335,13.668652,0.013793945,-0.027313232,0.030598784
29,1271.3138,230.83359,1271.2141,230.83392,-0.099731445,0.00033569336,0.09973201
29,1019.93243,58.83045,1019.9798,58.833088,0.04736328,0.0026397705,0.04743679
29,264.94507,3.0848603,264.84674,3.2054257,-0.09832764,0.120565414,0.15557745
29,1039.1155,66.90418,1039.1334,66.90883,0.017944336,0.0046463013,0.018536108
29,247.86444,2.245213,247.74316,2.3654265,-0.121276855,0.12021351,0.17076112
29,0.88646615,256.00806,0.91395473,256.01074,0.02748859,0.0026855469,0.027619462
29,71.10126,211.89992,71.13349,211.87993,0.032234192,-0.019989014,0.03792893
29,1076.9924,92.77528,1077.0392,92.78113,0.04675293,0.005844116,0.04711677
29,1008.26434,44.880184,1008.262,44.862553,-0.002319336,-0.01763153,0.017783424
29,0.88614476,291.12637,0.85056895,291.1299,-0.035575807,0.003540039,0.035751503
29,1089.1838,102.803665,1089.2006,102.83655,0.016723633,0.03288269,0.036891073
29,978.0125,22.774948,978.0936,22.823711,0.08111572,0.048763275,0.09464469
29,1164.157,154.86104,1163.9669,154.80846,-0.19006348,-0.052581787,0.19720286
29,1140.15,136.82446,1140.1586,136.81998,0.008544922,-0.004486084,0.00965094
29,1119.3595,118.9899,1119.3329,119.03225,-0.026611328,0.04235077,0.050017502
29,1184.6631,170.18121,1184.5721,170.16225,-0.09094238,-0.018966675,0.09289914
29,156.80151,150.85095,156.66486,150.89444,-0.13665771,0.04348755,0.14341024
29,987.7,3.9138103,987.6117,3.8994846,-0.08831787,-0.014325619,0.089472175
29,1105.8191,111.28278,1105.7958,111.32273,-0.02331543,0.03994751,0.046253785
29,1197.2832,178.84654,1197.3165,178.88858,0.033325195,0.042037964,0.05364475
30,214.15776,64.84326,214.1684,64.78552,0.010635376,-0.057739258,0.058710586
30,48.012936,240.8419,48.03483,240.8258,0.021892548,-0.016098022,0.027174067
30,955.2965,1.9160032,955.2605,1.8781128,-0.036010742,-0.037890434,0.052272923
30,105.99712,67.80057,105.94503,67.7757,-0.052093506,-0.024864197,0.057723146
30,47.20999,68.83015,47.19394,68.81186,-0.016052246,-0.018287659,0.024333373
30,1062.2797,84.85147,1062.2258,84.829216,-0.053833008,-0.022254944,0.058251824
30,965.8335,13.668652,965.77954,13.635407,-0.053955078,-0.033244133,0.06337447
30,1271.2141,230.83392,1271.2764,230.81442,0.06225586,-0.019500732,0.065238565
30,1019.9798,58.833088,1019.87836,58.7797,-0.10144043,-0.05338669,0.114631146
30,264.84674,3.2054257,264.73828,3.2559972,-0.10845947,0.05057144,0.11967008
30,1039.1334,66.90883,1039.0719,66.84088,-0.061523438,-0.06794739,0.09166232
30,247.74316,2.3654265,247.68959,2.3328462,-0.05357361,-0.032580376,0.06270257
30,0.91395473,256.01074,0.895854,255.97174,-0.018100739,-0.039001465,0.042997103
30,71.13349,211.87993,71.186584,211.78047,0.053092957,-0.09945679,0.11274092
30,1077.0392,92.78113,1077.0253,92.77729,-0.013916016,-0.0038375854,0.014435462
30,1008.262,44.862553,1008.2673,44.864624,0.0052490234,0.0020713806,0.005642948
30,0.85056895,291.1299,0.840624,291.13538,-0.009944975,0.0054626465,0.0113464985
30,1089.2006,102.83655,1089.181,102.8139,-0.01953125,-0.022644043,0.029903552
30,978.0936,22.823711,978.00946,22.781199,-0.08416748,-0.042512894,0.09429481
30,1163.9669,154.80846,1163.9791,154.81087,0.012207031,0.0024108887,0.012442829
30,1140.1586,136.81998,1140.0892,136.80453,-0.06933594,-0.0154418945,0.07103467
30,1119.3329,119.03225,1119.332,119.006195,-0.0008544922,-0.026054382,0.026068391
30,1184.5721,170.16225,1184.5632,170.15862,-0.008911133,-0.0036315918,0.00962272
30,156.66486,150.89444,156.83437,150.97963,0.16950989,0.08518982,0.1897127
30,987.6117,3.8994846,987.6154,3.854206,0.0037231445,-0.04527855,0.045431364
30,1105.7958,111.32273,1105.8826,111.36969,0.08679199,0.046958923,0.098681256
30,1197.3165,178.88858,1197.2921,178.87703,-0.024414062,-0.011550903,0.0270087
31,214.1684,64.78552,214.09035,64.85257,-0.078048706,0.06704712,0.10289275
31,48.03483,240.8258,48.014572,240.84775,-0.020256042,0.021942139,0.02986243
31,955.2605,1.8781128,955.24176,1.8950462,-0.018737793,0.016933441,0.025255619
31,105.94503,67.7757,105.989784,67.801216,0.04475403,0.025512695,0.051515248
31,47.19394,68.81186,47.150967,68.83778,-0.042972565,0.025924683,0.050186954
31,1062.2258,84.829216,1062.1814,84.83292,-0.044433594,0.0037002563,0.0445874
31,965.77954,13.635407,965.7671,13.663071,-0.012451172,0.02766323,0.030336216
31,1271.2764,230.81442,1271.2396,230.84294,-0.036743164,0.028518677,0.046512097
31,1019.87836,58.7797,1019.8866,58.846405,0.008239746,0.0667038,0.067210786
31,264.73828,3.2559972,264.72662,3.289124,-0.011657715,0.03312683,0.03511822
31,1039.0719,66.84088,1039.1458,66.91617,0.07385254,0.075286865,0.10546236
31,247.68959,2.3328462,247.76628,2.3210874,0.076690674,-0.011758804,0.07758691
31,0.895854,255.97174,0.8917723,255.98094,-0.004081726,0.00920105,0.0100657735
31,71.186584,211.78047,71.19233,211.80528,0.005744934,0.024810791,0.025467226
31,1077.0253,92.77729,1076.9674,92.77027,-0.057861328,-0.007019043,0.058285505
31,1008.2673,44.864624,1008.2078,44.88533,-0.059448242,0.020706177,0.06295109
31,0.840624,291.13538,0.8436438,291.14636,0.0030198097,0.010986328,0.0113937985
31,1089.181,102.8139,1089.168,102.84611,-0.013061523,0.032203674,0.03475169
31,978.00946,22.781199,978.0289,22.806631,0.01940918,0.025432587,0.031992696
31,1163.9791,154.81087,1163.9823,154.81714,0.0031738281,0.0062713623,0.007028739
31,1140.0892,136.80453,1140.114,136.81168,0.024780273,0.0071411133,0.025788708
31,1119.332,119.006195,1119.2678,118.984055,-0.064208984,-0.022140503,0.06791904
31,1184.5632,170.15862,1184.638,170.2002,0.07470703,0.0415802,0.08549885
31,156.83437,150.97963,156.7763,150.88846,-0.058059692,-0.091171265,0.108088516
31,987.6154,3.854206,987.66,3.8302732,0.044555664,-0.023932934,0.0505766
31,1105.8826,111.36969,1105.8809,111.38445,-0.0017089844,0.014762878,0.014861467
31,1197.2921,178.87703,1197.3645,178.94016,0.072387695,0.06312561,0.09604593
32,214.09035,64.85257,214.14828,64.84219,0.057937622,-0.010375977,0.0588594
32,48.014572,240.84775,48.11573,240.84395,0.10115814,-0.0037994385,0.10122947
32,955.24176,1.8950462,955.2581,1.965373,0.016357422,0.070326805,0.072204046
32,105.989784,67.801216,106.06965,67.79847,0.0798645,-0.002746582,0.07991172
32,47.150967,68.83778,47.177982,68.84897,0.027015686,0.011184692,0.029239437
32,1062.1814,84.83292,1062.2448,84.854,0.06335449,0.021080017,0.06676944
32,965.7671,13.663071,965.7803,13.674403,0.013183594,0.011332512,0.01738485
32,1271.2396,230.84294,1271.292,230.85994,0.052368164,0.016998291,0.055057846
32,1019.8866,58.846405,1019.9508,58.86721,0.064208984,0.020805359,0.06749561
32,264.72662,3.289124,264.81808,3.3160896,0.09146118,0.026965618,0.09535351
32,1039.1458,66.91617,1039.0956,66.913185,-0.0501709,-0.0029830933,0.050259504
32,247.76628,2.3210874,247.82095,2.2943468,0.05467224,-0.026740551,0.06086141
32,0.8917723,255.98094,0.8518791,256.08514,-0.03989315,0.10420227,0.11157767
32,71.19233,211.80528,71.200806,211.81676,0.008476257,0.011474609,0.014265819
32,1076.9674,92.77027,1077.0094,92.77214,0.041992188,0.0018692017,0.04203377
32,1008.2078,44.88533,1008.227,44.91161,0.019165039,0.02627945,0.032525502
32,0.8436438,291.14636,0.8401236,291.1503,-0.0035201907,0.0039367676,0.005281087
32,1089.168,102.84611,1089.1495,102.80229,-0.018432617,-0.043815613,0.047534928
32,978.0289,22.806631,978.0994,22.846043,0.07055664,0.039411545,0.08081775
32,1163.9823,154.81714,1164.0646,154.85118,0.08227539,0.03404236,0.08904
32,1140.114,136.81168,1140.1577,136.8312,0.043701172,0.01953125,0.04786713
32,1119.2678,118.984055,1119.3547,119.04576,0.08691406,0.061706543,0.106591515
32,1184.638,170.2002,1184.764,170.31406,0.12609863,0.113861084,0.16989765
32,156.7763,150.88846,156.82004,150.9156,0.04373169,0.027145386,0.05147167
32,987.66,3.8302732,987.7,3.8976626,0.040039062,0.06738949,0.078386664
32,1105.8809,111.38445,1105.8501,111.34359,-0.030761719,-0.040863037,0.051147543
32,1197.3645,178.94016,1197.3418,178.91121,-0.022705078,-0.028945923,0.036788408
33,214.14828,64.84219,214.14697,64.81361,-0.0013122559,-0.028587341,0.028617444
33,48.11573,240.84395,48.11506,240.81564,-0.0006713867,-0.028305054,0.028313015
33,955.2581,1.965373,955.2695,1.9030933,0.011352539,-0.0622797,0.06330594
33,106.06965,67.79847,106.12531,67.78128,0.055664062,-0.017189026,0.05825762
33,47.177982,68.84897,47.251484,68.77597,0.07350159,-0.07299805,0.103591494
33,1062.2448,84.854,1062.2424,84.81797,-0.002319336,-0.036026,0.03610058
33,965.7803,13.674403,965.7904,13.647318,0.010131836,-0.027085304,0.028918296
33,1271.292,230.85994,1271.2499,230.81007,-0.042114258,-0.049865723,0.065270215
33,1019.9508,58.86721,1019.9425,58.802765,-0.008300781,-0.064445496,0.06497788
33,264.81808,3.3160896,264.85544,3.244863,0.037353516,-0.0712266,0.080427065
33,1039.0956,66.913185,1039.1786,66.90239,0.08300781,-0.010795593,0.08370688
33,247.82095,2.2943468,247.80191,2.2960534,-0.019042969,0.0017066002,0.019119287
33,0.8518791,256.08514,0.9018968,256.0339,0.050017655,-0.051239014,0.07160448
33,71.200806,211.81676,71.207,211.80229,0.0061950684,-0.014465332,0.015736096
33,1077.0094,92.77214,1077.0605,92.78064,0.05114746,0.0084991455,0.051848803
33,1008.227,44.91161,1008.27515,44.827034,0.04815674,-0.08457565,0.09732478
33,0.8401236,291.1503,0.83781457,291.1584,-0.0023090243,0.008087158,0.008410335
33,1089.1495,102.80229,1089.213,102.80256,0.06347656,0.0002670288,0.06347712
33,978.0994,22.846043,978.06354,22.784374,-0.035888672,-0.061668396,0.071351156
33,1164.0646,154.85118,1164.1398,154.83218,0.07519531,-0.018997192,0.0775579
33,1140.1577,136.8312,1140.2798,136.86728,0.12207031,0.036071777,0.12728839
33,1119.3547,119.04576,1119.4186,119.027534,0.06384277,-0.018226624,0.06639359
33,1184.764,170.31406,1184.7511,170.21768,-0.012939453,-0.09637451,0.09723927
33,156.82004,150.9156,156.82922,150.88562,0.009185791,-0.02998352,0.031359054
33,987.7,3.8976626,987.7537,3.8525906,0.053710938,-0.04507208,0.070116736
33,1105.8501,111.34359,1105.8738,111.333534,0.02368164,-0.010055542,0.025728079
33,1197.3418,178.91121,1197.4111,178.92249,0.06933594,0.011276245,0.07024689
34,214.14697,64.81361,214.16765,64.843864,0.02067566,0.030258179,0.036647514
34,48.11506,240.81564,48.140873,240.87556,0.025814056,0.059921265,0.06524511
34,955.2695,1.9030933,955.24384,1.937437,-0.025634766,0.03434372,0.04285595
34,106.12531,67.78128,106.17375,67.8184,0.048439026,0.037117004,0.061024677
34,47.251484,68.77597,47.17882,68.851616,-0.07266235,0.07564545,0.10489066
34,1062.2424,84.81797,1062.2706,84.84256,0.028198242,0.024589539,0.037413716
34,965.7904,13.647318,965.83923,13.675009,0.048828125,0.027690887,0.056133512
34,1271.2499,230.81007,1271.3484,230.89711,0.09851074,0.08703613,0.1314521
34,1019.9425,58.802765,1020.00525,58.870747,0.06274414,0.06798172,0.0925113
34,264.85544,3.244863,264.88232,3.3468585,0.026885986,0.10199547,0.10547953
34,1039.1786,66.90239,1039.2067,66.96323,0.028076172,0.060836792,0.067002885
34,247.80191,2.2960534,247.7834,2.3714385,-0.018508911,0.07538509,0.077624045
34,0.9018968,256.0339,0.93064666,256.04205,0.028749883,0.008148193,0.029882248
34,71.207,211.80229,71.15799,211.89923,-0.04901123,0.09693909,0.108624525
34,1077.0605,92.78064,1077.055,92.782326,-0.005493164,0.0016860962,0.0057461094
34,1008.27515,44.827034,1008.2521,44.91383,-0.023071289,0.08679581,0.08980978
34,0.83781457,291.1584,0.8008762,291.23154,-0.03693837,0.073150635,0.0819479
34,1089.213,102.80256,1089.1774,102.80856,-0.03564453,0.0060043335,0.036146708
34,978.06354,22.784374,978.15173,22.858864,0.0881958,0.07448959,0.11544349
34,1164.1398,154.83218,1164.0831,154.82726,-0.056640625,-0.004928589,0.05685465
34,1140.2798,136.86728,1140.2213,136.83966,-0.05847168,-0.027618408,0.064666174
34,1119.4186,119.027534,1119.4711,119.11753,0.052490234,0.08999634,0.104185246
34,1184.7511,170.21768,1184.7692,170.27527,0.018066406,0.05758667,0.060354117
34,156.82922,150.88562,156.7812,150.85765,-0.04801941,-0.02796936,0.055571113
34,987.7537,3.8525906,987.66046,3.9844255,-0.09326172,0.13183498,0.16148749
34,1105.8738,111.333534,1105.7972,111.29792,-0.076538086,-0.035614014,0.08441822
34,1197.4111,178.92249,1197.379,178.92088,-0.032104492,-0.0016021729,0.032144446
35,214.16765,64.843864,214.16212,64.78133,-0.0055236816,-0.06253815,0.06278161
35,48.140873,240.87556,48.143272,240.78815,0.0023994446,-0.0874176,0.08745053
35,955.24384,1.937437,955.32074,1.873311,0.0769043,-0.064126015,0.100131996
35,106.17375,67.8184,105.9798,67.765045,-0.19395447,-0.053352356,0.20115867
35,47.17882,68.851616,47.264103,68.761826,0.08528137,-0.089790344,0.123835444
35,1062.2706,84.84256,1062.2544,84.794815,-0.016235352,-0.04774475,0.050429635
35,965.83923,13.675009,965.8381,13.634644,-0.001159668,-0.04036522,0.040381875
35,1271.3484,230.89711,1271.316,230.82213,-0.032348633,-0.07498169,0.08166204
35,1020.00525,58.870747,1019.98944,58.800747,-0.015808105,-0.069999695,0.07176248
35,264.88232,3.3468585,264.86456,3.2698393,-0.01776123,-0.077019215,0.079040624
35,1039.2067,66.96323,1039.2648,66.89809,0.05810547,-0.06513977,0.08728938
35,247.7834,2.3714385,247.81174,2.3278713,0.028335571,-0.04356718,0.051971182
35,0.93064666,256.04205,0.93430424,256.04462,0.0036575794,0.0025634766,0.004466464
35,71.15799,211.89923,71.284164,211.74829,0.12617493,-0.15093994,0.19673073
35,1077.055,92.782326,1077.1172,92.78188,0.06213379,-0.00044250488,0.062135365
35,1008.2521,44.91383,1008.3173,44.861504,0.06524658,-0.052326202,0.083637
35,0.8008762,291.23154,0.87132245,291.09946,0.07044625,-0.13208008,0.14969243
35,1089.1774,102.80856,1089.2454,102.80202,0.067993164,-0.0065460205,0.06830754
35,978.15173,22.858864,978.15857,22.792238,0.0068359375,-0.066625595,0.06697537
35,1164.0831,154.82726,1164.2003,154.80399,0.1171875,-0.023269653,0.11947546
35,1140.2213,136.83966,1140.2446,136.8111,0.02331543,-0.028564453,0.036871903
35,1119.4711,119.11753,1119.5232,119.017006,0.052124023,-0.1005249,0.11323502
35,1184.7692,170.27527,1184.9177,170.28217,0.14855957,0.0068969727,0.14871958
35,156.7812,150.85765,156.85378,150.88626,0.0725708,0.02861023,0.078006834
35,987.66046,3.9844255,987.738,3.8480864,0.07751465,-0.13633919,0.15683398
35,1105.7972,111.29792,1105.9476,111.31713,0.15039062,0.019210815,0.15161265
35,1197.379,178.92088,1197.4696,178.9493,0.09057617,0.028411865,0.09492774
36,214.16212,64.78133,214.02989,64.81652,-0.13223267,0.035194397,0.13683611
36,48.143272,240.78815,48.088566,240.82436,-0.054706573,0.036209106,0.06560418
36,955.32074,1.873311,955.2642,1.9308653,-0.056518555,0.057554245,0.08066497
36,105.9798,67.765045,105.94068,67.79785,-0.039115906,0.032806396,0.051052067
36,47.264103,68.761826,47.18507,68.837326,-0.0790329,0.07550049,0.10930015
36,1062.2544,84.794815,1062.2136,84.80542,-0.040771484,0.010604858,0.0421281
36,965.8381,13.634644,965.7841,13.658775,-0.053955078,0.024131775,0.059105776
36,1271.316,230.82213,1271.2698,230.84042,-0.04626465,0.018295288,0.04975073
36,1019.98944,58.800747,1019.96436,58.81564,-0.02508545,0.014892578,0.029173082
36,264.86456,3.2698393,264.7705,3.3282204,-0.094055176,0.05838108,0.11070107
36,1039.2648,66.89809,1039.161,66.89986,-0.103759766,0.0017700195,0.10377486
36,247.81174,2.3278713,247.81094,2.298399,-0.00079345703,-0.029472351,0.02948303
36,0.93430424,256.04462,0.89093304,256.02533,-0.0433712,-0.01928711,0.04746634
36,71.284164,211.74829,71.147354,211.86475,-0.1368103,0.11645508,0.17966314
36,1077.1172,92.78188,1077.0215,92.79564,-0.095703125,0.013755798,0.09668666
36,1008.3173,44.861504,1008.2201,44.856434,-0.097229004,-0.0050697327,0.09736109
36,0.87132245,291.09946,0.85481,291.08713,-0.016512454,-0.012329102,0.020607471
36,1089.2454,102.80202,1089.1875,102.83631,-0.057861328,0.03429413,0.06726084
36,978.15857,22.792238,978.1014,22.81818,-0.05718994,0.025941849,0.062798634
36,1164.2003,154.80399,1163.9626,154.78522,-0.2376709,-0.01876831,0.23841079
36,1140.2446,136.8111,1140.2017,136.82852,-0.04296875,0.017425537,0.04636769
36,1119.5232,119.017006,1119.4208,119.061844,-0.10241699,0.04483795,0.11180198
36,1184.9177,170.28217,1184.719,170.23643,-0.19873047,-0.04573059,0.20392422
36,156.85378,150.88626,156.72633,150.76068,-0.1274414,-0.12557983,0.17891787
36,987.738,3.8480864,987.6943,3.8827677,-0.043701172,0.03468132,0.05579056
36,1105.9476,111.31713,1105.9045,111.3536,-0.04309082,0.036468506,0.05645149
36,1197.4696,178.9493,1197.2678,178.87267,-0.20178223,-0.07662964,0.21584292
37,214.02989,64.81652,213.88338,64.83824,-0.1465149,0.021720886,0.1481162
37,48.088566,240.82436,48.02257,240.82928,-0.06599426,0.004928589,0.066178046
37,955.2642,1.9308653,955.20337,1.9126377,-0.06085205,-0.018227577,0.06352336
37,105.94068,67.79785,105.95055,67.76864,0.009864807,-0.029212952,0.030833602
37,47.18507,68.837326,47.09608,68.807785,-0.08898926,-0.029541016,0.09376439
37,1062.2136,84.80542,1062.1262,84.80361,-0.087402344,-0.0018081665,0.087421045
37,965.7841,13.658775,965.72894,13.657654,-0.05517578,-0.001121521,0.055187177
37,1271.2698,230.84042,1271.2039,230.84363,-0.06591797,0.0032043457,0.065995805
37,1019.96436,58.81564,1019.867,58.82811,-0.097351074,0.012470245,0.09814651
37,264.7705,3.3282204,264.72003,3.287672,-0.050476074,-0.040548325,0.064745665
37,1039.161,66.89986,1039.0417,66.89066,-0.119262695,-0.00919342,0.11961651
37,247.81094,2.298399,247.71303,2.292098,-0.09791565,-0.006300926,0.09811817
37,0.89093304,256.02533,0.8482466,255.90717,-0.042686462,-0.11816406,0.12563789
37,71.147354,211.86475,71.06445,211.85219,-0.082901,-0.012557983,0.08384676
37,1077.0215,92.79564,1076.9657,92.804184,-0.055786133,0.008544922,0.056436762
37,1008.2201,44.856434,1008.1513,44.846264,-0.06878662,-0.010169983,0.06953436
37,0.85481,291.08713,0.8342031,291.09402,-0.020606875,0.0068969727,0.021730429
37,1089.1875,102.83631,1089.1364,102.84788,-0.05114746,0.011566162,0.052438907
37,978.1014,22.81818,977.9718,22.783314,-0.12957764,-0.034866333,0.13418654
37,1163.9626,154.78522,1163.9031,154.79349,-0.059570312,0.008270264,0.06014166
37,1140.2017,136.82852,1140.1472,136.86156,-0.05444336,0.03303528,0.063682094
37,1119.4208,119.061844,1119.3706,119.049774,-0.0501709,-0.012069702,0.051602293
37,1184.719,170.23643,1184.678,170.27245,-0.041015625,0.036010742,0.054580722
37,156.72633,150.76068,156.74368,150.88506,0.017349243,0.12437439,0.1255786
37,987.6943,3.8827677,987.65796,3.8749256,-0.036315918,-0.007842064,0.03715298
37,1105.9045,111.3536,1105.7731,111.311874,-0.13146973,-0.04172516,0.13793215
37,1197.2678,178.87267,1197.2294,178.90237,-0.03845215,0.029708862,0.04859202
38,213.88338,64.83824,213.82677,64.88321,-0.056610107,0.04496765,0.07229657
38,48.02257,240.82928,47.984646,240.85722,-0.03792572,0.027938843,0.047105618
38,955.20337,1.9126377,955.1479,1.9177122,-0.055480957,0.005074501,0.05571254
38,105.95055,67.76864,105.87392,67.8084,-0.07662964,0.039764404,0.08633255
38,47.09608,68.807785,47.081646,68.86502,-0.014434814,0.057235718,0.059027884
38,1062.1262,84.80361,1062.0752,84.82928,-0.05102539,0.025665283,0.057116523
38,965.72894,13.657654,965.6682,13.663088,-0.06072998,0.0054340363,0.060972612
38,1271.2039,230.84363,1271.2115,230.84709,0.0076904297,0.0034637451,0.008434467
38,1019.867,58.82811,1019.81146,58.818966,-0.055541992,-0.009143829,0.056289632
38,264.72003,3.287672,264.7222,3.2798066,0.002166748,-0.007865429,0.008158417
38,1039.0417,66.89066,1039.0236,66.89111,-0.018188477,0.00045013428,0.018194046
38,247.71303,2.292098,247.66718,2.329863,-0.04585266,0.037765026,0.05940256
38,0.8482466,255.90717,0.83519274,255.98549,-0.013053834,0.078323364,0.07940373
38,71.06445,211.85219,71.034836,211.93288,-0.02961731,0.08068848,0.0859524
38,1076.9657,92.804184,1076.9026,92.787796,-0.06311035,-0.01638794,0.06520338
38,1008.1513,44.846264,1008.0825,44.85459,-0.06878662,0.008327484,0.069288865
38,0.8342031,291.09402,0.8249207,291.11075,-0.00928241,0.016723633,0.019127024
38,1089.1364,102.84788,1089.0986,102.83855,-0.037719727,-0.0093307495,0.038856667
38,977.9718,22.783314,977.901,22.790688,-0.07080078,0.00737381,0.07118373
38,1163.9031,154.79349,1163.9326,154.8105,0.029541016,0.01701355,0.034090064
38,1140.1472,136.86156,1140.1061,136.85956,-0.041137695,-0.0019989014,0.041186232
38,1119.3706,119.049774,1119.3726,119.0662,0.001953125,0.016426086,0.016541796
38,1184.678,170.27245,1184.6499,170.26468,-0.028076172,-0.0077667236,0.029130626
38,156.74368,150.88506,156.79605,150.86346,0.052368164,-0.021591187,0.05664454
38,987.65796,3.8749256,987.5345,3.9336247,-0.12347412,0.05869913,0.13671666
38,1105.7731,111.311874,1105.7264,111.298134,-0.04663086,-0.01374054,0.04861316
38,1197.2294,178.90237,1197.1361,178.87175,-0.09326172,-0.03062439,0.0981611
39,213.82677,64.88321,213.8567,64.875145,0.029937744,-0.00806427,0.031004854
39,47.984646,240.85722,47.980656,240.89838,-0.0039901733,0.041152954,0.041345943
39,955.1479,1.9177122,955.2498,1.9399424,0.10192871,0.022230148,0.10432469
39,105.87392,67.8084,105.89957,67.807144,0.025650024,-0.0012588501,0.025680896
39,47.081646,68.86502,47.158245,68.85543,0.07659912,-0.009590149,0.07719713
39,1062.0752,84.82928,1062.1387,84.83838,0.06347656,0.009101868,0.0641258
39,965.6682,13.663088,965.7671,13.690364,0.09887695,0.02727604,0.10257015
39,1271.2115,230.84709,1271.2015,230.81699,-0.010009766,-0.03010559,0.031726047
39,1019.81146,58.818966,1019.88727,58.83178,0.075805664,0.012813568,0.076880984
39,264.7222,3.2798066,264.7464,3.3209906,0.02420044,0.04118395,0.04776797
39,1039.0236,66.89111,1039.1042,66.903404,0.08068848,0.012290955,0.081619225
39,247.66718,2.329863,247.70734,2.3511362,0.040161133,0.021273136,0.045447364
39,0.83519274,255.98549,0.92099285,255.94603,0.08580011,-0.03945923,0.09443881
39,71.034836,211.93288,71.13151,211.83946,0.09667206,-0.09341431,0.1344311
39,1076.9026,92.787796,1077.0305,92.795944,0.12792969,0.008148193,0.12818891
39,1008.0825,44.85459,1008.1605,44.870136,0.07800293,0.015544891,0.07953679
39,0.8249207,291.11075,0.8673453,291.16498,0.04242456,0.054229736,0.0688528
39,1089.0986,102.83855,1089.1868,102.822014,0.088134766,-0.016532898,0.08967204
39,977.901,22.790688,978.0261,22.807463,0.12512207,0.016775131,0.12624158
39,1163.9326,154.8105,1163.9908,154.81694,0.05822754,0.006439209,0.058582503
39,1140.1061,136.85956,1140.1521,136.82607,0.046020508,-0.033493042,0.056918107
39,1119.3726,119.0662,1119.3901,119.030495,0.017578125,-0.035705566,0.039797965
39,1184.6499,170.26468,1184.7179,170.28752,0.067993164,0.022842407,0.07172758
39,156.79605,150.86346,156.8673,150.91925,0.071243286,0.055786133,0.0904859
39,987.5345,3.9336247,987.5846,3.8996563,0.050109863,-0.03396845,0.06053804
39,1105.7264,111.298134,1105.747,111.27642,0.020507812,-0.021713257,0.02986697
39,1197.1361,178.87175,1197.3726,178.91992,0.2364502,0.048171997,0.24130735
40,213.8567,64.875145,213.96501,64.87239,0.108306885,-0.0027542114,0.108341895
40,47.980656,240.89838,48.056484,240.88986,0.07582855,-0.008514404,0.07630508
40,955.2498,1.9399424,955.32684,1.9292326,0.07702637,-0.010709763,0.07776735
40,105.89957,67.807144,106.015175,67.82051,0.115608215,0.013366699,0.11637838
40,47.158245,68.85543,47.33511,68.85927,0.17686462,0.0038375854,0.17690624
40,1062.1387,84.83838,1062.2034,84.81155,0.064697266,-0.02683258,0.07004087
40,965.7671,13.690364,965.84265,13.677633,0.07556152,-0.012730598,0.07662644
40,1271.2015,230.81699,1271.3245,230.81627,0.122924805,-0.0007171631,0.1229269
40,1019.88727,58.83178,1019.9418,58.826904,0.054504395,-0.004875183,0.054721992
40,264.7464,3.3209906,264.93793,3.2847724,0.19152832,-0.036218166,0.19492269
40,1039.1042,66.903404,1039.1656,66.89624,0.061401367,-0.0071640015,0.061817884
40,247.70734,2.3511362,247.8825,2.2961636,0.1751709,-0.05497265,0.18359421
40,0.92099285,255.94603,0.95640373,256.06122,0.03541088,0.1151886,0.120508686
40,71.13151,211.83946,71.177505,211.8647,0.04599762,0.025238037,0.052466556
40,1077.0305,92.795944,1077.0287,92.77181,-0.0018310547,-0.024131775,0.024201144
40,1008.1605,44.870136,1008.2629,44.864697,0.10235596,-0.0054397583,0.1025004
40,0.8673453,291.16498,0.835484,291.18655,-0.031861246,0.021575928,0.03847934
40,1089.1868,102.822014,1089.141,102.77563,-0.045776367,-0.04638672,0.06517057
40,978.0261,22.807463,978.16254,22.830414,0.13641357,0.022951126,0.13833083
40,1163.9908,154.81694,1163.9926,154.75262,0.0017089844,-0.064315796,0.0643385
40,1140.1521,136.82607,1140.1827,136.83167,0.030639648,0.0055999756,0.031147195
40,1119.3901,119.030495,1119.4547,119.043526,0.064575195,0.013031006,0.06587688
40,1184.7179,170.28752,1184.7277,170.24252,0.009765625,-0.04499817,0.046045657
40,156.8673,150.91925,156.8527,150.87726,-0.014587402,-0.041992188,0.04445375
40,987.5846,3.8996563,987.7439,3.9170246,0.15930176,0.017368317,0.16024578
40,1105.747,111.27642,1105.9896,111.377144,0.24267578,0.10072327,0.26274836
40,1197.3726,178.91992,1197.3984,178.93498,0.025878906,0.015060425,0.029942181
41,213.96501,64.87239,214.29251,64.54603,0.3274994,-0.3263626,0.46235096
41,48.056484,240.88986,48.551018,240.53242,0.49453354,-0.35743713,0.61018413
41,955.32684,1.9292326,955.84045,1.6761456,0.51361084,-0.25308704,0.5725811
41,106.015175,67.82051,106.26668,67.52345,0.251503,-0.2970581,0.3892265
41,47.33511,68.85927,47.788715,68.54834,0.45360565,-0.31092834,0.54994047
41,1062.2034,84.81155,1062.6952,84.52627,0.4918213,-0.28527832,0.5685701
41,965.84265,13.677633,966.23016,13.378823,0.3875122,-0.29881,0.4893395
41,1271.3245,230.81627,1271.7968,230.46991,0.47229004,-0.34635925,0.5856813
41,1019.9418,58.826904,1020.36725,58.507168,0.42547607,-0.31973648,0.532223
41,264.93793,3.2847724,265.26074,3.0042162,0.32281494,-0.2805562,0.42769298
41,1039.1656,66.89624,1039.5769,66.54639,0.41125488,-0.34985352,0.5399334
41,247.8825,2.2961636,248.05411,2.249354,0.17160034,-0.046809673,0.17787024
41,0.95640373,256.06122,1.1897888,256.05823,0.23338509,-0.0029907227,0.23340425
41,71.177505,211.8647,71.60183,211.57635,0.42432404,-0.28834534,0.51302433
41,1077.0287,92.77181,1077.4431,92.458755,0.4144287,-0.31305695,0.5193802
41,1008.2629,44.864697,1008.70374,44.55449,0.44085693,-0.31020737,0.5390579
41,0.835484,291.18655,0.9136591,291.38333,0.07817507,0.19677734,0.21173726
41,1089.141,102.77563,1089.6449,102.48042,0.50390625,-0.29520416,0.5840094
41,978.16254,22.830414,978.4509,22.44626,0.2883911,-0.38415337,0.4803574
41,1163.9926,154.75262,1164.4976,154.43848,0.5050049,-0.31414795,0.5947427
41,1140.1827,136.83167,1140.5718,136.47385,0.3890381,-0.3578186,0.5285686
41,1119.4547,119.043526,1119.7643,118.62596,0.3095703,-0.4175644,0.51980174
41,1184.7277,170.24252,1185.1318,169.7989,0.4041748,-0.44361877,0.60012907
41,156.8527,150.87726,157.20511,150.65639,0.35240173,-0.22087097,0.4158978
41,987.7439,3.9170246,988.14233,3.5199232,0.3984375,-0.3971014,0.5625317
41,1105.9896,111.377144,1106.3253,110.988434,0.33569336,-0.38871002,0.5136005
41,1197.3984,178.93498,1197.955,178.61713,0.55651855,-0.31785583,0.64089406
42,214.29251,64.54603,214.5412,64.481125,0.24868774,-0.06490326,0.25701755
42,48.551018,240.53242,48.75739,240.46663,0.2063713,-0.0657959,0.21660614
42,955.84045,1.6761456,956.1579,1.6170444,0.31744385,-0.059101105,0.32289866
42,106.26668,67.52345,106.55554,67.44087,0.28886414,-0.08258057,0.3004364
42,47.788715,68.54834,47.98427,68.48145,0.19555283,-0.0668869,0.20667551
42,1062.6952,84.52627,1062.9459,84.4322,0.25073242,-0.094070435,0.26779842
42,966.23016,13.378823,966.5133,13.296887,0.2831421,-0.08193588,0.29475912
42,1271.7968,230.46991,1272.014,230.40231,0.21728516,-0.067596436,0.22755684
42,1020.36725,58.507168,1020.7102,58.45887,0.34295654,-0.048297882,0.3463407
42,265.26074,3.0042162,265.43146,3.0756235,0.17071533,0.07140732,0.18504791
42,1039.5769,66.54639,1039.8573,66.51254,0.2803955,-0.033843994,0.28243062
42,248.05411,2.249354,248.32874,2.2109704,0.2746277,-0.038383484,0.27729705
42,1.1897888,256.05823,1.2908554,256.07693,0.10106659,0.018707275,0.10278335
42,71.60183,211.57635,71.77353,211.55128,0.17169952,-0.02507019,0.17352015
42,1077.4431,92.458755,1077.7937,92.4251,0.35058594,-0.03365326,0.35219744
42,1008.70374,44.55449,1008.9931,44.480408,0.28936768,-0.07408142,0.29870003
42,0.9136591,291.38333,0.8609242,291.5062,-0.05273491,0.12286377,0.13370293
42,1089.6449,102.48042,1089.8695,102.39232,0.22460938,-0.08810425,0.24127106
42,978.4509,22.44626,978.716,22.359634,0.26507568,-0.08662605,0.2788713
42,1164.4976,154.43848,1164.7076,154.36978,0.21008301,-0.06869507,0.22102915
42,1140.5718,136.47385,1140.8663,136.41089,0.29455566,-0.06295776,0.30120876
42,1119.7643,118.62596,1119.9674,118.55858,0.203125,-0.06738281,0.21400984
42,1185.1318,169.7989,1185.4375,169.74272,0.30566406,-0.05618286,0.31078455
42,157.20511,150.65639,157.6012,150.51634,0.39608765,-0.14004517,0.42011675
42,988.14233,3.5199232,988.381,3.518118,0.23864746,-0.0018053055,0.23865429
42,1106.3253,110.988434,1106.4563,110.82886,0.13098145,-0.15957642,0.20644799
42,1197.955,178.61713,1198.2567,178.58392,0.3017578,-0.033203125,0.30357903
43,214.5412,64.481125,214.4144,64.41277,-0.12680054,-0.068351746,0.14404976
43,48.75739,240.46663,48.606083,240.46211,-0.15130615,-0.0045166016,0.15137355
43,956.1579,1.6170444,956.0842,1.5627956,-0.07366943,-0.05424881,0.091488354
43,106.55554,67.44087,106.4682,67.39197,-0.08734131,-0.04890442,0.10010068
43,47.98427,68.48145,47.99126,68.44686,0.00699234,-0.034591675,0.035291314
43,1062.9459,84.4322,1062.8818,84.39901,-0.064086914,-0.033187866,0.0721704
43,966.5133,13.296887,966.49536,13.253458,-0.017944336,-0.043429375,0.04699053
43,1272.014,230.40231,1271.9777,230.36473,-0.036376953,-0.037582397,0.052304104
43,1020.7102,58.45887,1020.6331,58.41667,-0.0770874,-0.04219818,0.087881476
43,265.43146,3.0756235,265.30414,2.9849586,-0.12731934,-0.09066486,0.15630205
43,1039.8573,66.51254,1039.7777,66.44854,-0.079589844,-0.06400299,0.10213191
43,248.32874,2.2109704,248.17303,2.208531,-0.15570068,-0.002439499,0.15571979
43,1.2908554,256.07693,1.2429371,255.94101,-0.04791832,-0.1359253,0.14412442
43,71.77353,211.55128,71.63924,211.51427,-0.1342926,-0.037017822,0.1393012
43,1077.7937,92.4251,1077.7799,92.41302,-0.013793945,-0.012084961,0.018339008
43,1008.9931,44.480408,1008.97284,44.460327,-0.020263672,-0.020080566,0.028527979
43,0.8609242,291.5062,0.94998455,291.29636,0.089060366,-0.20983887,0.22795635
43,1089.8695,102.39232,1089.8519,102.37795,-0.017578125,-0.01436615,0.02270191
43,978.716,22.359634,978.71155,22.348072,-0.0044555664,-0.011562347,0.012391124
43,1164.7076,154.36978,1164.6245,154.3375,-0.08312988,-0.032287598,0.08917996
43,1140.8663,136.41089,1140.7686,136.35379,-0.09777832,-0.05709839,0.11322909
43,1119.9674,118.55858,1119.8903,118.51486,-0.07714844,-0.04371643,0.0886736
43,1185.4375,169.74272,1185.3616,169.70966,-0.075927734,-0.033065796,0.08281526
43,157.6012,150.51634,157.47217,150.36061,-0.12902832,-0.1557312,0.20223875
43,988.381,3.518118,988.29486,3.4261131,-0.086120605,-0.092004776,0.12602237
43,1106.4563,110.82886,1106.3594,110.7731,-0.09692383,-0.055755615,0.11181644
43,1198.2567,178.58392,1198.1108,178.54137,-0.14587402,-0.042556763,0.15195495
44,214.4144,64.41277,214.35567,64.310104,-0.05873108,-0.10266876,0.11828023
44,48.606083,240.46211,48.593903,240.33182,-0.012180328,-0.1302948,0.13086288
44,956.0842,1.5627956,956.14374,1.451046,0.059509277,-0.11174965,0.12660703
44,106.4682,67.39197,106.411964,67.31862,-0.056236267,-0.073349,0.09242615
44,47.99126,68.44686,47.873604,68.38826,-0.11765671,-0.05860138,0.13144284
44,1062.8818,84.39901,1062.9664,84.28725,0.08459473,-0.111763,0.1401686
44,966.49536,13.253458,966.475,13.144469,-0.020385742,-0.10898876,0.11087889
44,1271.9777,230.36473,1272.0043,230.2341,0.026611328,-0.1306305,0.13331349
44,1020.6331,58.41667,1020.6408,58.278355,0.0076904297,-0.13831711,0.13853075
44,265.30414,2.9849586,265.219,2.9678178,-0.08514404,-0.017140865,0.086852275
44,1039.7777,66.44854,1039.8489,66.32402,0.07116699,-0.12451935,0.14342178
44,248.17303,2.208531,248.1348,2.150793,-0.038238525,-0.057737827,0.069252014
44,1.2429371,255.94101,1.1937475,255.84933,-0.049189568,-0.091674805,0.104037896
44,71.63924,211.51427,71.60091,211.41559,-0.038330078,-0.09867859,0.10586151
44,1077.7799,92.41302,1077.783,92.28572,0.0030517578,-0.12729645,0.12733302
44,1008.97284,44.460327,1008.9114,44.32135,-0.061462402,-0.13897705,0.15196134
44,0.94998455,291.29636,0.9335815,291.15347,-0.016403079,-0.1428833,0.14382176
44,1089.8519,102.37795,1089.9468,102.302315,0.09484863,-0.07563782,0.121315055
44,978.71155,22.348072,978.6539,22.20118,-0.057678223,-0.14689255,0.15781064
44,1164.6245,154.3375,1164.7277,154.2304,0.103149414,-0.10710144,0.14869606
44,1140.7686,136.35379,1140.866,136.26378,0.09741211,-0.0900116,0.13263184
44,1119.8903,118.51486,1120.0023,118.40266,0.11206055,-0.112205505,0.15858008
44,1185.3616,169.70966,1185.3494,169.53082,-0.012207031,-0.17883301,0.17924915
44,157.47217,150.36061,157.4331,150.24329,-0.0390625,-0.11732483,0.12365676
44,988.29486,3.4261131,988.1963,3.3652263,-0.09857178,-0.06088686,0.11586028
44,1106.3594,110.7731,1106.7893,110.88064,0.42993164,0.107536316,0.44317636
44,1198.1108,178.54137,1198.1599,178.33012,0.049072266,-0.21124268,0.2168676
45,214.35567,64.310104,214.48596,64.121414,0.1302948,-0.18869019,0.22930487
45,48.593903,240.33182,48.638714,240.12561,0.04481125,-0.20620728,0.21102011
45,956.14374,1.451046,956.4255,1.3189554,0.28173828,-0.13209057,0.31116617
45,106.411964,67.31862,106.71334,67.102264,0.30137634,-0.21635437,0.3709945
45,47.873604,68.38826,48.025997,68.150116,0.15239334,-0.23814392,0.28273
45,1062.9664,84.28725,1063.1525,84.14885,0.18603516,-0.13839722,0.23186821
45,966.475,13.144469,966.61725,12.9101305,0.14227295,-0.23433876,0.27414638
45,1272.0043,230.2341,1272.3335,230.11353,0.32922363,-0.12057495,0.3506088
45,1020.6408,58.278355,1020.81866,58.124752,0.17785645,-0.1536026,0.23500356
45,265.219,2.9678178,265.23773,2.8918467,0.018737793,-0.07597113,0.07824779
45,1039.8489,66.32402,1039.9768,66.168625,0.12792969,-0.15539551,0.20128033
45,248.1348,2.150793,248.10846,2.0800743,-0.02633667,-0.070718765,0.07546366
45,1.1937475,255.84933,1.1622086,255.8872,-0.031538963,0.037872314,0.049285073
45,71.60091,211.41559,71.72681,211.19264,0.12590027,-0.22294617,0.2560388
45,1077.783,92.28572,1077.983,92.125916,0.20007324,-0.1598053,0.2560606
45,1008.9114,44.32135,1009.19165,44.234894,0.28027344,-0.0864563,0.29330513
45,0.9335815,291.15347,0.91348934,291.05716,-0.02009213,-0.09631348,0.09838689
45,1089.9468,102.302315,1090.1498,102.1608,0.20300293,-0.14151764,0.24746197
45,978.6539,22.20118,978.73425,21.951925,0.0803833,-0.24925423,0.2618953
45,1164.7277,154.2304,1164.9176,154.04747,0.1899414,-0.18292236,0.2637012
45,1140.866,136.26378,1141.0846,136.15904,0.21862793,-0.10473633,0.24242085
45,1120.0023,118.40266,1120.2108,118.29845,0.2084961,-0.1042099,0.23308867
45,1185.3494,169.53082,1185.5143,169.37306,0.16491699,-0.15776062,0.22822364
45,157.4331,150.24329,157.61214,150.30208,0.17903137,0.058792114,0.18843766
45,988.1963,3.3652263,988.4653,3.2167015,0.26898193,-0.14852476,0.30726352
45,1106.7893,110.88064,1106.8235,110.64997,0.034179688,-0.23066711,0.2331857
45,1198.1599,178.33012,1198.3857,178.24156,0.22583008,-0.08856201,0.24257463
46,214.48596,64.121414,214.39131,64.26758,-0.09465027,0.14616394,0.17413378
46,48.638714,240.12561,48.531765,240.40552,-0.10694885,0.27990723,0.2996433
46,956.4255,1.3189554,956.35065,1.3692446,-0.0748291,0.050289154,0.090157606
46,106.71334,67.102264,106.469406,67.28672,-0.24393463,0.18445587,0.3058236
46,48.025997,68.150116,47.97425,68.34296,-0.05174637,0.19284058,0.19966266
46,1063.1525,84.14885,1063.0497,84.192635,-0.1027832,0.043785095,0.11172073
46,966.61725,12.9101305,966.59235,13.003143,-0.024902344,0.09301281,0.09628868
46,1272.3335,230.11353,1272.187,230.2443,-0.14648438,0.13076782,0.19636165
46,1020.81866,58.124752,1020.8228,58.25319,0.0041503906,0.12843704,0.12850408
46,265.23773,2.8918467,265.19772,2.9728973,-0.040008545,0.081050634,0.09038744
46,1039.9768,66.168625,1040.045,66.31349,0.068237305,0.14486694,0.16013357
46,248.10846,2.0800743,248.05383,2.18217,-0.054626465,0.102095604,0.11579103
46,1.1622086,255.8872,1.1793184,255.90364,0.01710987,0.016433716,0.023723716
46,71.72681,211.19264,71.65852,211.41087,-0.06828308,0.2182312,0.22866446
46,1077.983,92.125916,1077.9401,92.193275,-0.04296875,0.067359924,0.07989789
46,1009.19165,44.234894,1009.144,44.26378,-0.047668457,0.028884888,0.05573705
46,0.91348934,291.05716,0.90246373,291.0942,-0.011025608,0.03704834,0.038654152
46,1090.1498,102.1608,1090.0536,102.16618,-0.096191406,0.0053863525,0.096342094
46,978.73425,21.951925,978.8303,22.12974,0.096069336,0.17781448,0.20210718
46,1164.9176,154.04747,1164.8204,154.09805,-0.09716797,0.050582886,0.10954562
46,1141.0846,136.15904,1140.9663,136.19995,-0.11828613,0.040908813,0.12516046
46,1120.2108,118.29845,1120.1049,118.3535,-0.10595703,0.05505371,0.119406044
46,1185.5143,169.37306,1185.5886,169.55869,0.07434082,0.18562317,0.1999563
46,157.61214,150.30208,157.45876,150.44318,-0.15338135,0.14109802,0.20840943
46,988.4653,3.2167015,988.3265,3.2531815,-0.13879395,0.03647995,0.143508
46,1106.8235,110.64997,1106.7166,110.70779,-0.106933594,0.05781555,0.12156246
46,1198.3857,178.24156,1198.3546,178.4109,-0.03112793,0.16934204,0.17217919
47,214.39131,64.26758,214.20348,64.47322,-0.1878357,0.2056427,0.27851602
47,48.531765,240.40552,48.2522,240.54489,-0.2795639,0.13937378,0.31237963
47,956.35065,1.3692446,956.19464,1.6042948,-0.15600586,0.2350502,0.28211066
47,106.469406,67.28672,106.179344,67.5072,-0.29006195,0.22048187,0.36434624
47,47.97425,68.34296,47.643448,68.53323,-0.33080292,0.1902771,0.3816228
47,1063.0497,84.192635,1062.9651,84.438354,-0.08459473,0.24571991,0.2598741
47,966.59235,13.003143,966.5849,13.348528,-0.007446289,0.3453846,0.34546486
47,1272.187,230.2443,1272.2999,230.41302,0.11291504,0.16873169,0.20302756
47,1020.8228,58.25319,1020.71155,58.4669,-0.11126709,0.21371078,0.24094121
47,265.19772,2.9728973,265.0069,3.1447678,-0.19082642,0.17187047,0.25681546
47,1040.045,66.31349,1039.8893,66.52029,-0.15576172,0.20679474,0.25889337
47,248.05383,2.18217,247.9683,2.237586,-0.08552551,0.055416107,0.101909555
47,1.1793184,255.90364,0.99591446,256.0501,-0.18340397,0.14646912,0.23471306
47,71.65852,211.41087,71.39627,211.58148,-0.2622528,0.17060852,0.31286386
47,1077.9401,92.193275,1077.9043,92.47318,-0.0357666,0.27990723,0.2821831
47,1009.144,44.26378,1008.9799,44.485397,-0.1640625,0.22161865,0.2757378
47,0.90246373,291.0942,0.87518996,291.03925,-0.027273774,-0.05496216,0.061357133
47,1090.0536,102.16618,1089.999,102.438065,-0.05456543,0.2718811,0.27730256
47,978.8303,22.12974,978.72406,22.40574,-0.10626221,0.27600098,0.29575023
47,1164.8204,154.09805,1164.7002,154.32814,-0.12023926,0.23008728,0.25961056
47,1140.9663,136.19995,1141.0078,136.46576,0.041503906,0.2658081,0.26902884
47,1120.1049,118.3535,1120.1365,118.63371,0.03161621,0.2802124,0.28199038
47,1185.5886,169.55869,1185.5387,169.79675,-0.049926758,0.23806763,0.24324653
47,157.45876,150.44318,157.23409,150.55856,-0.22467041,0.11538696,0.2525687
47,988.3265,3.2531815,988.1964,3.444468,-0.13006592,0.19128656,0.2313173
47,1106.7166,110.70779,1106.8811,111.078766,0.16455078,0.3709793,0.4058357
47,1198.3546,178.4109,1198.3531,178.60164,-0.0014648438,0.19073486,0.19074048
48,214.20348,64.47322,214.48114,64.13908,0.27766418,-0.3341446,0.43445367
48,48.2522,240.54489,48.437477,240.28444,0.18527603,-0.26045227,0.31962883
48,956.19464,1.6042948,956.65845,1.3614454,0.46380615,-0.24284935,0.52353793
48,106.179344,67.5072,106.46432,67.177444,0.28497314,-0.3297577,0.43583232
48,47.643448,68.53323,47.883324,68.189224,0.2398758,-0.3440094,0.4193839
48,1062.9651,84.438354,1063.2705,84.13495,0.30541992,-0.30340576,0.43050712
48,966.5849,13.348528,966.833,12.950303,0.24810791,-0.39822483,0.46919137
48,1272.2999,230.41302,1272.6035,230.17749,0.30358887,-0.23553467,0.38424313
48,1020.71155,58.4669,1021.01904,58.13204,0.30749512,-0.33486176,0.45462692
48,265.0069,3.1447678,265.07022,2.9885564,0.063323975,-0.15621138,0.16855836
48,1039.8893,66.52029,1040.1664,66.2094,0.2770996,-0.3108902,0.41645756
48,247.9683,2.237586,248.01253,2.136671,0.04421997,-0.100914955,0.11017819
48,0.99591446,256.0501,1.0098019,255.97997,0.013887405,-0.07014465,0.07150617
48,71.39627,211.58148,71.56036,211.33276,0.16409302,-0.24871826,0.29797196
48,1077.9043,92.47318,1078.1664,92.14137,0.26208496,-0.33181,0.42283142
48,1008.9799,44.485397,1009.30566,44.15439,0.32574463,-0.3310089,0.4644098
48,0.87518996,291.03925,0.8995088,291.03784,0.024318814,-0.0014038086,0.024359299
48,1089.999,102.438065,1090.3073,102.13533,0.30822754,-0.30273438,0.43203276
48,978.72406,22.40574,979.1148,22.07891,0.39074707,-0.3268299,0.50941247
48,1164.7002,154.32814,1165.0425,154.04565,0.34228516,-0.28248596,0.44379887
48,1141.0078,136.46576,1141.3949,136.22537,0.38708496,-0.24038696,0.45565408
48,1120.1365,118.63371,1120.5302,118.3232,0.39367676,-0.31051636,0.5013998
48,1185.5387,169.79675,1185.9423,169.52928,0.40356445,-0.2674713,0.48415408
48,157.23409,150.55856,157.40656,150.15999,0.1724701,-0.39857483,0.43429002
48,988.1964,3.444468,988.5433,3.2162552,0.3468628,-0.22821283,0.41520464
48,1106.8811,111.078766,1107.2211,110.73731,0.33996582,-0.34145355,0.48183742
48,1198.3531,178.60164,1198.7638,178.3696,0.41064453,-0.2320404,0.47166905
49,214.48114,64.13908,214.33368,64.40549,-0.14746094,0.26641083,0.3044987
49,48.437477,240.28444,48.17853,240.54811,-0.25894547,0.26367188,0.36956137
49,956.65845,1.3614454,956.4702,1.4660311,-0.18823242,0.10458565,0.21533602
49,106.46432,67.177444,106.293564,67.43376,-0.17075348,0.25631714,0.30798575
49,47.883324,68.189224,47.65318,68.46332,-0.2301445,0.27409363,0.35790196
49,1063.2705,84.13495,1063.2864,84.37351,0.01586914,0.23856354,0.23909076
49,966.833,12.950303,966.7724,13.1948395,-0.06060791,0.2445364,0.25193524
49,1272.6035,230.17749,1272.5859,230.45612,-0.017578125,0.2786255,0.27917942
49,1021.01904,58.13204,1021.078,58.411083,0.05895996,0.2790451,0.285206
49,265.07022,2.9885564,265.1123,3.0455537,0.04208374,0.0569973,0.070850074
49,1040.1664,66.2094,1040.2462,66.45583,0.079833984,0.24643707,0.25904575
49,248.01253,2.136671,247.98407,2.231853,-0.028457642,0.09518194,0.09934505
49,1.0098019,255.97997,1.1893187,255.83766,0.17951679,-0.14230347,0.22907762
49,71.56036,211.33276,71.475235,211.48933,-0.085128784,0.15657043,0.17821676
49,1078.1664,92.14137,1078.1545,92.37483,-0.01184082,0.23345947,0.23375955
49,1009.30566,44.15439,1009.3048,44.41333,-0.0008544922,0.25894165,0.25894305
49,0.8995088,291.03784,0.8484335,291.07565,-0.05107528,0.03781128,0.06354822
49,1090.3073,102.13533,1090.216,102.32711,-0.091308594,0.19178009,0.2124073
49,979.1148,22.07891,978.97723,22.276674,-0.13757324,0.19776344,0.24090824
49,1165.0425,154.04565,1165.0381,154.29337,-0.0043945312,0.24771118,0.24775016
49,1141.3949,136.22537,1141.2778,136.4061,-0.11706543,0.1807251,0.21532737
49,1120.5302,118.3232,1120.369,118.51328,-0.16113281,0.19008636,0.24919191
49,1185.9423,169.52928,1185.7179,169.68071,-0.22436523,0.15142822,0.2706848
49,157.40656,150.15999,157.27162,150.48636,-0.13493347,0.32637024,0.35316366
49,988.5433,3.2162552,988.5397,3.3958592,-0.0036010742,0.17960405,0.17964016
49,1107.2211,110.73731,1107.0953,110.95628,-0.12573242,0.21897125,0.25250158
49,1198.7638,178.3696,1198.6204,178.54803,-0.14343262,0.17843628,0.2289376
50,214.33368,64.40549,214.3414,64.28107,0.0077209473,-0.124420166,0.1246595
50,48.17853,240.54811,48.195454,240.3951,0.016921997,-0.15301514,0.153948
50,956.4702,1.4660311,956.60645,1.4030399,0.13623047,-0.06299114,0.15008873
50,106.293564,67.43376,106.365555,67.2836,0.07199097,-0.15016174,0.16652702
50,47.65318,68.46332,47.62491,68.33388,-0.028270721,-0.12944031,0.1324916
50,1063.2864,84.37351,1063.3812,84.204,0.09484863,-0.16950989,0.19424178
50,966.7724,13.1948395,966.8385,13.039308,0.066101074,-0.15553188,0.16899562
50,1272.5859,230.45612,1272.8087,230.29591,0.22277832,-0.16020203,0.2743991
50,1021.078,58.411083,1021.1222,58.252125,0.044189453,-0.15895844,0.16498634
50,265.1123,3.0455537,265.0348,2.9532375,-0.07751465,-0.09231615,0.12054374
50,1040.2462,66.45583,1040.2898,66.30021,0.0435791,-0.15562439,0.16161092
50,247.98407,2.231853,247.83508,2.2385273,-0.14898682,0.0066742897,0.14913625
50,1.1893187,255.83766,1.0930662,255.847,-0.09625244,0.009338379,0.096704386
50,71.475235,211.48933,71.39638,211.38518,-0.07885742,-0.104156494,0.13064098
50,1078.1545,92.37483,1078.3075,92.2351,0.1529541,-0.13973236,0.20717165
50,1009.3048,44.41333,1009.32666,44.27696,0.021850586,-0.13637161,0.13811105
50,0.8484335,291.07565,0.8651562,290.82416,0.01672268,-0.25149536,0.25205073
50,1090.216,102.32711,1090.426,102.23519,0.21008301,-0.091918945,0.22931193
50,978.97723,22.276674,979.0383,22.098885,0.06109619,-0.17778969,0.18799447
50,1165.0381,154.29337,1165.2339,154.17027,0.19580078,-0.12309265,0.2312785
50,1141.2778,136.4061,1141.4438,136.2641,0.16601562,-0.14199829,0.21845984
50,1120.369,118.51328,1120.5192,118.37629,0.15014648,-0.13699341,0.20325147
50,1185.7179,169.68071,1186.047,169.65927,0.32910156,-0.021438599,0.32979912
50,157.27162,150.48636,157.36787,150.44496,0.09625244,-0.041397095,0.10477715
50,988.5397,3.3958592,988.6572,3.2334585,0.11755371,-0.16240072,0.2004816
50,1107.0953,110.95628,1107.2698,110.81287,0.17443848,-0.14341736,0.22582586
50,1198.6204,178.54803,1198.8004,178.45363,0.18005371,-0.09440613,0.20330238
51,214.3414,64.28107,214.39969,64.1534,0.058288574,-0.12767029,0.14034693
51,48.195454,240.3951,48.17015,240.3426,-0.025302887,-0.052490234,0.05827058
51,956.60645,1.4030399,956.83344,1.3529167,0.22698975,-0.050123215,0.2324579
51,106.365555,67.2836,106.31361,67.15318,-0.051948547,-0.13041687,0.14038238
51,47.62491,68.33388,47.688023,68.19882,0.063114166,-0.13505554,0.14907514
51,1063.3812,84.204,1063.564,84.18763,0.18273926,-0.01637268,0.18347125
51,966.8385,13.039308,967.04944,12.948306,0.2109375,-0.09100151,0.22973007
51,1272.8087,230.29591,1272.9492,230.30612,0.14050293,0.01020813,0.14087327
51,1021.1222,58.252125,1021.2923,58.17644,0.17010498,-0.075683594,0.18618193
51,265.0348,2.9532375,265.03064,2.9288688,-0.0041503906,-0.024368763,0.024719676
51,1040.2898,66.30021,1040.4606,66.235245,0.17077637,-0.064964294,0.18271543
51,247.83508,2.2385273,247.92458,2.0785198,0.0894928,-0.16000748,0.183334
51,1.0930662,255.847,1.048914,255.8742,-0.04415226,0.02720642,0.051861465
51,71.39638,211.38518,71.377975,211.31377,-0.0184021,-0.07141113,0.073744066
51,1078.3075,92.2351,1078.4302,92.168106,0.122680664,-0.06699371,0.13978091
51,1009.32666,44.27696,1009.4914,44.17124,0.16473389,-0.105716705,0.19573778
51,0.8651562,290.82416,0.821784,290.83035,-0.043372154,0.0061950684,0.043812357
51,1090.426,102.23519,1090.4832,102.13161,0.057128906,-0.10358429,0.11829378
51,979.0383,22.098885,979.2095,21.998505,0.17114258,-0.100379944,0.19840845
51,1165.2339,154.17027,1165.4269,154.17894,0.19299316,0.008666992,0.19318767
51,1141.4438,136.2641,1141.5135,136.22281,0.06970215,-0.041290283,0.08101405
51,1120.5192,118.37629,1120.6019,118.28798,0.08276367,-0.08831024,0.12103109
51,1186.047,169.65927,1186.1626,169.5805,0.115600586,-0.07876587,0.13988408
51,157.36787,150.44496,157.3695,150.39215,0.0016326904,-0.05281067,0.0528359
51,988.6572,3.2334585,988.8032,3.194501,0.1459961,-0.038957596,0.15110445
51,1107.2698,110.81287,1107.3032,110.6949,0.033447266,-0.1179657,0.12261576
51,1198.8004,178.45363,1199.0503,178.42421,0.24987793,-0.029418945,0.25160375
52,214.39969,64.1534,214.3089,64.22505,-0.090789795,0.07165527,0.11566013
52,48.17015,240.3426,48.065178,240.40683,-0.10497284,0.06422424,0.123061165
52,956.83344,1.3529167,956.68005,1.3453407,-0.15338135,-0.007575989,0.15356833
52,106.31361,67.15318,106.24106,67.25433,-0.07254791,0.10115051,0.12447741
52,47.688023,68.19882,47.45323,68.2986,-0.2347908,0.09977722,0.25511217
52,1063.564,84.18763,1063.4171,84.18479,-0.14685059,-0.0028381348,0.146878
52,967.04944,12.948306,966.94617,12.986381,-0.103271484,0.038074493,0.110066645
52,1272.9492,230.30612,1272.8738,230.29611,-0.07543945,-0.010009766,0.07610063
52,1021.2923,58.17644,1021.1984,58.18605,-0.09387207,0.009609222,0.09436261
52,265.03064,2.9288688,265.0058,2.8966498,-0.024841309,-0.032218933,0.040683538
52,1040.4606,66.235245,1040.3883,66.26677,-0.072265625,0.03152466,0.0788424
52,247.92458,2.0785198,247.84341,2.063963,-0.0811615,-0.014556885,0.0824566
52,1.048914,255.8742,1.1349707,255.7478,0.08605671,-0.12640381,0.15291724
52,71.377975,211.31377,71.28345,211.3717,-0.0945282,0.057937622,0.11087086
52,1078.4302,92.168106,1078.3419,92.18491,-0.088256836,0.016807556,0.08984299
52,1009.4914,44.17124,1009.41693,44.18651,-0.07446289,0.015266418,0.07601175
52,0.821784,290.83035,0.85769206,290.7463,0.035908043,-0.08404541,0.09139485
52,1090.4832,102.13161,1090.4379,102.152306,-0.045288086,0.020698547,0.04979398
52,979.2095,21.998505,979.1428,22.091467,-0.06665039,0.092962265,0.11438644
52,1165.4269,154.17894,1165.3429,154.18257,-0.083984375,0.0036315918,0.08406285
52,1141.5135,136.22281,1141.4558,136.20352,-0.057739258,-0.01928711,0.0608754
52,1120.6019,118.28798,1120.6548,118.41276,0.052856445,0.12477875,0.13551214
52,1186.1626,169.5805,1186.1161,169.62427,-0.04650879,0.043762207,0.063860774
52,157.3695,150.39215,157.2637,150.41064,-0.10580444,0.018493652,0.107408546
52,988.8032,3.194501,988.72766,3.1698275,-0.07556152,-0.024673462,0.07948788
52,1107.3032,110.6949,1107.2283,110.767746,-0.07495117,0.07284546,0.10451861
52,1199.0503,178.42421,1198.946,178.44359,-0.10424805,0.019378662,0.1060339
53,214.3089,64.22505,214.186,64.224915,-0.12289429,-0.0001373291,0.12289436
53,48.065178,240.40683,47.94759,240.40169,-0.11758804,-0.005142212,0.11770042
53,956.68005,1.3453407,956.6041,1.3407516,-0.075927734,-0.004589081,0.07606629
53,106.24106,67.25433,106.07722,67.24455,-0.16384125,-0.009780884,0.16413294
53,47.45323,68.2986,47.39134,68.2782,-0.061893463,-0.020401001,0.06516902
53,1063.4171,84.18479,1063.3787,84.18573,-0.03845215,0.0009384155,0.038463596
53,966.94617,12.986381,966.8659,12.983143,-0.08026123,-0.0032377243,0.08032651
53,1272.8738,230.29611,1272.8099,230.29138,-0.06384277,-0.0047302246,0.06401777
53,1021.1984,58.18605,1021.10846,58.171604,-0.08996582,-0.014446259,0.09111829
53,265.0058,2.8966498,264.79745,2.9350805,-0.2083435,0.03843069,0.21185829
53,1040.3883,66.26677,1040.2722,66.2279,-0.11608887,-0.038871765,0.122424014
53,247.84341,2.063963,247.70168,2.0837579,-0.14173889,0.019794941,0.14311448
53,1.1349707,255.7478,0.966382,255.77907,-0.16858864,0.03126526,0.17146325
53,71.28345,211.3717,71.21251,211.32391,-0.07093811,-0.047790527,0.0855345
53,1078.3419,92.18491,1078.2983,92.19865,-0.0435791,0.01373291,0.045691695
53,1009.41693,44.18651,1009.32324,44.191906,-0.093688965,0.0053977966,0.09384433
53,0.85769206,290.7463,0.83309937,290.63232,-0.024592698,-0.113983154,0.116606005
53,1090.4379,102.152306,1090.3862,102.17164,-0.051635742,0.019332886,0.05513629
53,979.1428,22.091467,979.0657,22.05754,-0.07714844,-0.03392601,0.08427844
53,1165.3429,154.18257,1165.1912,154.12073,-0.1517334,-0.061843872,0.16385265
53,1141.4558,136.20352,1141.3994,136.21567,-0.056396484,0.012145996,0.05768959
53,1120.6548,118.41276,1120.5789,118.376175,-0.075927734,-0.036582947,0.08428127
53,1186.1161,169.62427,1186.0603,169.62419,-0.055786133,-7.6293945e-05,0.055786185
53,157.2637,150.41064,157.22682,150.36809,-0.036880493,-0.042556763,0.056313843
53,988.72766,3.1698275,988.6622,3.1987758,-0.06549072,0.028948307,0.07160335
53,1107.2283,110.767746,1107.1843,110.76265,-0.043945312,-0.0050964355,0.04423985
53,1198.946,178.44359,1198.8622,178.406,-0.083862305,-0.037582397,0.091898434
54,214.186,64.224915,214.27837,64.126854,0.09236145,-0.09806061,0.13470902
54,47.94759,240.40169,47.959267,240.32901,0.011676788,-0.07267761,0.073609665
54,956.6041,1.3407516,956.7959,1.297164,0.19177246,-0.043587685,0.19666357
54,106.07722,67.24455,106.26302,67.109985,0.18580627,-0.13456726,0.22941734
54,47.39134,68.2782,47.40691,68.15051,0.015571594,-0.12768555,0.12863155
54,1063.3787,84.18573,1063.4823,84.10988,0.103637695,-0.07585144,0.1284298
54,966.8659,12.983143,966.97815,12.892902,0.11224365,-0.09024048,0.14402077
54,1272.8099,230.29138,1272.8314,230.20108,0.021484375,-0.09030151,0.0928221
54,1021.10846,58.171604,1021.30505,58.067966,0.19659424,-0.103637695,0.22223876
54,264.79745,2.9350805,264.8283,2.9044273,0.030853271,-0.030653238,0.0434919
54,1040.2722,66.2279,1040.3624,66.12656,0.09020996,-0.10134125,0.13567565
54,247.70168,2.0837579,247.69533,2.0743337,-0.0063476562,-0.00942421,0.011362591
54,0.966382,255.77907,0.95110226,255.78737,-0.01527977,0.008300781,0.017388914
54,71.21251,211.32391,71.2238,211.30025,0.011291504,-0.023666382,0.026222046
54,1078.2983,92.19865,1078.3672,92.14586,0.068847656,-0.05278778,0.086755686
54,1009.32324,44.191906,1009.4758,44.067978,0.15258789,-0.12392807,0.19657372
54,0.83309937,290.63232,0.8111706,290.64297,-0.021928787,0.010650635,0.024378428
54,1090.3862,102.17164,1090.4943,102.11863,0.10803223,-0.053009033,0.12033669
54,979.0657,22.05754,979.216,22.008541,0.15032959,-0.048999786,0.15811378
54,1165.1912,154.12073,1165.3934,154.09186,0.20227051,-0.028869629,0.20432037
54,1141.3994,136.21567,1141.475,136.11902,0.07556152,-0.09664917,0.12268091
54,1120.5789,118.376175,1120.7225,118.374954,0.14367676,-0.0012207031,0.14368194
54,1186.0603,169.62419,1186.1459,169.53665,0.08557129,-0.08753967,0.12241585
54,157.22682,150.36809,157.23836,150.26059,0.0115356445,-0.10749817,0.108115345
54,988.6622,3.1987758,988.70557,3.049796,0.043395996,-0.14897966,0.15517136
54,1107.1843,110.76265,1107.3033,110.70162,0.119018555,-0.061027527,0.13375266
54,1198.8622,178.406,1198.94,178.35825,0.07775879,-0.04776001,0.09125485
55,214.27837,64.126854,214.25127,64.20214,-0.02709961,0.075286865,0.08001563
55,47.959267,240.32901,47.944942,240.37068,-0.014324188,0.041671753,0.04406492
55,956.7959,1.297164,956.76074,1.2992382,-0.03515625,0.0020742416,0.03521739
55,106.26302,67.109985,106.10699,67.2057,-0.15603638,0.095718384,0.18305561
55,47.40691,68.15051,47.448746,68.23388,0.041835785,0.083366394,0.0932748
55,1063.4823,84.10988,1063.521,84.17573,0.03869629,0.065849304,0.07637757
55,966.97815,12.892902,966.94336,12.904791,-0.03479004,0.011888504,0.036765248
55,1272.8314,230.20108,1272.9503,230.32286,0.118896484,0.121780396,0.17019647
55,1021.30505,58.067966,1021.2644,58.14978,-0.040649414,0.08181381,0.09135576
55,264.8283,2.9044273,264.85583,2.892015,0.027526855,-0.01241231,0.030195914
55,1040.3624,66.12656,1040.4067,66.22471,0.044311523,0.09815216,0.10769103
55,247.69533,2.0743337,247.76062,2.0443969,0.06529236,-0.02993679,0.07182829
55,0.95110226,255.78737,0.93165016,255.84601,-0.019452095,0.058639526,0.061781697
55,71.2238,211.30025,71.26192,211.28833,0.038116455,-0.011917114,0.039935973
55,1078.3672,92.14586,1078.3695,92.17383,0.002319336,0.02796936,0.02806536
55,1009.4758,44.067978,1009.409,44.13616,-0.066833496,0.0681839,0.09547649
55,0.8111706,290.64297,0.8436696,290.60782,0.032499015,-0.03515625,0.04787638
55,1090.4943,102.11863,1090.4884,102.16368,-0.005859375,0.045051575,0.04543101
55,979.216,22.008541,979.199,22.04659,-0.017028809,0.038049698,0.041686445
55,1165.3934,154.09186,1165.3916,154.12936,-0.0018310547,0.037506104,0.037550773
55,1141.475,136.11902,1141.4895,136.19548,0.014526367,0.07646179,0.077829435
55,1120.7225,118.374954,1120.6665,118.354935,-0.056030273,-0.020019531,0.059499353
55,1186.1459,169.53665,1186.1567,169.58636,0.010864258,0.049713135,0.050886422
55,157.23836,150.26059,157.19797,150.3377,-0.040390015,0.07711792,0.08705474
55,988.70557,3.049796,988.72235,3.081336,0.016784668,0.031539917,0.03572802
55,1107.3033,110.70162,1107.3036,110.7331,0.00024414062,0.03147888,0.031479828
55,1198.94,178.35825,1198.9993,178.41591,0.059326172,0.057662964,0.08273217
56,214.25127,64.20214,214.37607,64.17147,0.124801636,-0.030670166,0.128515
56,47.944942,240.37068,48.013622,240.35558,0.06867981,-0.015106201,0.0703215
56,956.76074,1.2992382,956.9415,1.3004808,0.18078613,0.0012426376,0.18079041
56,106.10699,67.2057,106.279396,67.152084,0.17240906,-0.053619385,0.18055448
56,47.448746,68.23388,47.468952,68.1921,0.020206451,-0.041778564,0.046408504
56,1063.521,84.17573,1063.613,84.131325,0.092041016,-0.044403076,0.10219189
56,966.94336,12.904791,967.14056,12.886619,0.19720459,-0.018172264,0.1980401
56,1272.9503,230.32286,1272.9249,230.25536,-0.025390625,-0.06750488,0.07212207
56,1021.2644,58.14978,1021.41864,58.10138,0.15423584,-0.04840088,0.16165191
56,264.85583,2.892015,265.01544,2.8582468,0.15960693,-0.033768177,0.16314001
56,1040.4067,66.22471,1040.4656,66.15886,0.05883789,-0.065849304,0.08830644
56,247.76062,2.0443969,247.87212,1.983036,0.11149597,-0.061360836,0.12726548
56,0.93165016,255.84601,1.0054951,255.8646,0.07384491,0.018585205,0.07614776
56,71.26192,211.28833,71.348114,211.26553,0.0861969,-0.02279663,0.08916048
56,1078.3695,92.17383,1078.5149,92.136765,0.14538574,-0.0370636,0.15003574
56,1009.409,44.13616,1009.59534,44.09327,0.18634033,-0.042892456,0.19121319
56,0.8436696,290.60782,0.8312006,290.68884,-0.012468994,0.08102417,0.081978
56,1090.4884,102.16368,1090.6227,102.12657,0.13427734,-0.037109375,0.13931084
56,979.199,22.04659,979.3763,21.964937,0.17730713,-0.081653595,0.19520535
56,1165.3916,154.12936,1165.5669,154.1394,0.17529297,0.010040283,0.17558026
56,1141.4895,136.19548,1141.6235,136.15714,0.1340332,-0.038345337,0.13941042
56,1120.6665,118.354935,1120.7723,118.3661,0.10583496,0.011161804,0.10642192
56,1186.1567,169.58636,1186.2737,169.55879,0.11694336,-0.027572632,0.1201499
56,157.19797,150.3377,157.30067,150.30064,0.10270691,-0.0370636,0.10918983
56,988.72235,3.081336,988.7887,3.047861,0.066345215,-0.033474922,0.0743119
56,1107.3036,110.7331,1107.4083,110.70382,0.10473633,-0.029281616,0.10875253
56,1198.9993,178.41591,1199.064,178.38264,0.064697266,-0.03326416,0.07274779
57,214.37607,64.17147,214.32666,64.233536,-0.04940796,0.062065125,0.079329856
57,48.013622,240.35558,48.031147,240.39581,0.01752472,0.040237427,0.04388811
57,956.9415,1.3004808,956.88574,1.3478193,-0.055786133,0.047338486,0.07316437
57,106.279396,67.152084,106.297424,67.211464,0.01802826,0.059379578,0.062056042
57,47.468952,68.1921,47.459824,68.26874,-0.009128571,0.07663727,0.07717902
57,1063.613,84.131325,1063.5687,84.20866,-0.044311523,0.07733154,0.08912732
57,967.14056,12.886619,967.1454,12.976957,0.0048217773,0.09033871,0.0904673
57,1272.9249,230.25536,1273.0695,230.35254,0.14453125,0.09718323,0.17416619
57,1021.41864,58.10138,1021.3848,58.186752,-0.033813477,0.085372925,0.09182531
57,265.01544,2.8582468,265.02795,2.860625,0.012512207,0.0023782253,0.012736219
57,1040.4656,66.15886,1040.483,66.264915,0.017456055,0.10605621,0.107483186
57,247.87212,1.983036,247.86186,2.0339265,-0.010253906,0.050890446,0.051913198
57,1.0054951,255.8646,1.0204048,255.83418,0.014909744,-0.030410767,0.033869088
57,71.348114,211.26553,71.313644,211.31335,-0.034469604,0.047821045,0.05894918
57,1078.5149,92.136765,1078.5044,92.22124,-0.010498047,0.084472656,0.08512249
57,1009.59534,44.09327,1009.5435,44.166317,-0.051818848,0.07304764,0.089560874
57,0.8312006,290.68884,0.8294607,290.7155,-0.0017399192,0.026672363,0.026729053
57,1090.6227,102.12657,1090.636,102.20476,0.013305664,0.078186035,0.079310134
57,979.3763,21.964937,979.3679,22.064999,-0.008361816,0.10006142,0.10041019
57,1165.5669,154.1394,1165.5236,154.22142,-0.04333496,0.08201599,0.09276067
57,1141.6235,136.15714,1141.623,136.25128,-0.00048828125,0.09414673,0.094147995
57,1120.7723,118.3661,1120.8203,118.44232,0.047973633,0.07622528,0.09006532
57,1186.2737,169.55879,1186.3135,169.64784,0.039794922,0.08905029,0.09753764
57,157.30067,150.30064,157.32033,150.29912,0.01965332,-0.0015258789,0.019712465
57,988.7887,3.047861,988.8276,3.0949907,0.038879395,0.04712963,0.06109672
57,1107.4083,110.70382,1107.3636,110.74739,-0.044677734,0.043571472,0.062406514
57,1199.064,178.38264,1199.1077,178.45589,0.043701172,0.07324219,0.08528898
58,214.32666,64.233536,214.35371,64.18441,0.027053833,-0.04912567,0.056082454
58,48.031147,240.39581,48.028637,240.37296,-0.0025100708,-0.022857666,0.022995071
58,956.88574,1.3478193,956.9417,1.296215,0.05596924,-0.05160427,0.07612855
58,106.297424,67.211464,106.27744,67.14712,-0.019981384,-0.06434631,0.06737732
58,47.459824,68.26874,47.441597,68.20376,-0.018226624,-0.06497955,0.06748742
58,1063.5687,84.20866,1063.6346,84.11749,0.06591797,-0.091163635,0.112498835
58,967.1454,12.976957,967.1558,12.901265,0.010437012,-0.07569218,0.07640836
58,1273.0695,230.35254,1273.109,230.2671,0.03955078,-0.08543396,0.0941447
58,1021.3848,58.186752,1021.4234,58.10591,0.03857422,-0.080841064,0.089572586
58,265.02795,2.860625,264.96478,2.8745031,-0.06317139,0.013878107,0.064677864
58,1040.483,66.264915,1040.5197,66.16547,0.036621094,-0.09944916,0.10597754
58,247.86186,2.0339265,247.83598,1.9968309,-0.025878906,-0.037095547,0.045230493
58,1.0204048,255.83418,0.96914005,255.8802,-0.051264763,0.046020508,0.06889095
58,71.313644,211.31335,71.33091,211.26495,0.01726532,-0.04840088,0.051388096
58,1078.5044,92.22124,1078.5468,92.124855,0.0423584,-0.09638214,0.10527939
58,1009.5435,44.166317,1009.6325,44.127182,0.08898926,-0.03913498,0.09721438
58,0.8294607,290.7155,0.83155036,290.6809,0.0020896792,-0.034606934,0.034669966
58,1090.636,102.20476,1090.67,102.12859,0.034057617,-0.076164246,0.083432086
58,979.3679,22.064999,979.34503,21.968819,-0.022888184,-0.09617996,0.09886584
58,1165.5236,154.22142,1165.601,154.15294,0.07739258,-0.068481445,0.10334079
58,1141.623,136.25128,1141.6672,136.1969,0.044189453,-0.054382324,0.07007243
58,1120.8203,118.44232,1120.7738,118.311935,-0.04650879,-0.13038635,0.1384329
58,1186.3135,169.64784,1186.305,169.54568,-0.008422852,-0.10215759,0.10250423
58,157.32033,150.29912,157.28874,150.34337,-0.031585693,0.04425049,0.054366916
58,988.8276,3.0949907,988.86456,3.0784168,0.036987305,-0.016573906,0.040530913
58,1107.3636,110.74739,1107.4023,110.66681,0.03869629,-0.080581665,0.08939131
58,1199.1077,178.45589,1199.2057,178.37335,0.09802246,-0.08253479,0.12814209
59,214.35371,64.18441,214.33562,64.22549,-0.018096924,0.04107666,0.04488642
59,48.028637,240.37296,47.979553,240.37352,-0.04908371,0.0005645752,0.04908696
59,956.9417,1.296215,956.90204,1.3288918,-0.03967285,0.032676697,0.051397488
59,106.27744,67.14712,106.20246,67.18712,-0.07498169,0.040000916,0.08498427
59,47.441597,68.20376,47.50625,68.24425,0.06465149,0.040489197,0.07628361
59,1063.6346,84.11749,1063.6505,84.17186,0.01586914,0.054367065,0.056635745
59,967.1558,12.901265,967.14764,12.968098,-0.008178711,0.06683254,0.06733112
59,1273.109,230.2671,1273.1775,230.34294,0.068481445,0.07583618,0.10218041
59,1021.4234,58.10591,1021.41943,58.16851,-0.003967285,0.06259918,0.06272477
59,264.96478,2.8745031,264.98148,2.811942,0.016693115,-0.062561035,0.06474985
59,1040.5197,66.16547,1040.5663,66.221664,0.04663086,0.05619812,0.0730251
59,247.83598,1.9968309,247.6667,2.2240782,-0.169281,0.22724724,0.2833679
59,0.96914005,255.8802,1.0677214,255.76743,0.098581314,-0.11277771,0.14979015
59,71.33091,211.26495,71.31947,211.23434,-0.011436462,-0.03060913,0.032675855
59,1078.5468,92.124855,1078.6044,92.2282,0.057617188,0.10334778,0.11832372
59,1009.6325,44.127182,1009.595,44.15275,-0.03753662,0.025566101,0.045416113
59,0.83155036,290.6809,0.88848305,290.60376,0.056932688,-0.07714844,0.09588124
59,1090.67,102.12859,1090.7516,102.24935,0.08154297,0.12075806,0.14571123
59,979.34503,21.968819,979.3676,22.039984,0.022583008,0.071165085,0.07466232
59,1165.601,154.15294,1165.5913,154.18433,-0.009643555,0.03138733,0.032835387
59,1141.6672,136.1969,1141.6915,136.22812,0.024291992,0.031219482,0.03955701
59,1120.7738,118.311935,1120.8217,118.36432,0.047851562,0.052383423,0.07094924
59,1186.305,169.54568,1186.4272,169.68518,0.12219238,0.13949585,0.18544559
59,157.28874,150.34337,157.1594,150.30478,-0.12934875,-0.038589478,0.13498239
59,988.86456,3.0784168,988.7518,3.1294498,-0.11279297,0.05103302,0.12380074
59,1107.4023,110.66681,1107.4551,110.73513,0.052734375,0.06832123,0.08630588
59,1199.2057,178.37335,1199.2286,178.49368,0.022949219,0.12033081,0.122499675
60,214.33562,64.22549,214.46423,64.0717,0.12861633,-0.1537857,0.20047992
60,47.979553,240.37352,48.08904,240.2604,0.109485626,-0.1131134,0.15742218
60,956.90204,1.3288918,957.1285,1.213706,0.22644043,-0.11518574,0.2540532
60,106.20246,67.18712,106.46516,66.98067,0.2626953,-0.20645142,0.3341123
60,47.50625,68.24425,47.608063,68.07832,0.10181427,-0.16592407,0.19467138
60,1063.6505,84.17186,1063.7908,83.98986,0.14025879,-0.1819992,0.22977433
60,967.14764,12.968098,967.30054,12.786632,0.15289307,-0.1814661,0.23728935
60,1273.1775,230.34294,1273.3654,230.22054,0.18786621,-0.122406006,0.22422521
60,1021.41943,58.16851,1021.5923,57.97799,0.17285156,-0.19052124,0.25724697
60,264.98148,2.811942,265.0358,2.8203487,0.05432129,0.008406639,0.054967936
60,1040.5663,66.221664,1040.7058,66.035645,0.13952637,-0.1860199,0.23253174
60,247.6667,2.2240782,247.79326,2.0999064,0.1265564,-0.124171734,0.17729957
60,1.0677214,255.76743,1.0977182,255.73436,0.029996872,-0.033065796,0.044644814
60,71.31947,211.23434,71.368546,211.20726,0.049072266,-0.02708435,0.056050416
60,1078.6044,92.2282,1078.779,92.0349,0.17468262,-0.19330597,0.26054022
60,1009.595,44.15275,1009.7516,43.992275,0.15661621,-0.16047287,0.22423242
60,0.88848305,290.60376,0.8696766,290.63098,-0.018806458,0.02722168,0.033086292
60,1090.7516,102.24935,1090.8711,102.02201,0.119506836,-0.2273407,0.25683784
60,979.3676,22.039984,979.4686,21.836037,0.10101318,-0.20394707,0.22759189
60,1165.5913,154.18433,1165.7302,154.0039,0.13891602,-0.18041992,0.22770377
60,1141.6915,136.22812,1141.894,136.0925,0.20251465,-0.13562012,0.24373141
60,1120.8217,118.36432,1120.9862,118.22207,0.16455078,-0.14225006,0.21751331
60,1186.4272,169.68518,1186.57,169.52731,0.1427002,-0.15786743,0.21280383
60,157.1594,150.30478,157.29323,150.26424,0.13383484,-0.040542603,0.13984086
60,988.7518,3.1294498,988.9394,3.0233617,0.18762207,-0.10608816,0.21553825
60,1107.4551,110.73513,1107.6168,110.584595,0.16174316,-0.15053558,0.2209566
60,1199.2286,178.49368,1199.4231,178.35274,0.19445801,-0.14094543,0.24016564
61,214.46423,64.0717,214.46916,64.17793,0.004928589,0.10623169,0.10634596
61,48.08904,240.2604,48.044594,240.43314,-0.044445038,0.17272949,0.17835593
61,957.1285,1.213706,957.10675,1.3280993,-0.021728516,0.114393234,0.11643857
61,106.46516,66.98067,106.33187,67.156906,-0.13328552,0.17623901,0.2209643
61,47.608063,68.07832,47.576294,68.24469,-0.0317688,0.16636658,0.16937265
61,1063.7908,83.98986,1063.8099,84.17892,0.019165039,0.1890564,0.19002531
61,967.30054,12.786632,967.2754,12.905529,-0.025146484,0.11889744,0.12152755
61,1273.3654,230.22054,1273.4154,230.38055,0.050048828,0.16001892,0.16766317
61,1021.5923,57.97799,1021.5926,58.158573,0.00030517578,0.18058395,0.1805842
61,265.0358,2.8203487,265.0942,2.8103485,0.058410645,-0.010000229,0.05926051
61,1040.7058,66.035645,1040.7458,66.212685,0.040039062,0.1770401,0.18151122
61,247.79326,2.0999064,247.82812,2.090291,0.034866333,-0.009615421,0.03616791
61,1.0977182,255.73436,1.1488609,255.78911,0.051142693,0.054748535,0.074919805
61,71.368546,211.20726,71.39079,211.31685,0.022247314,0.10958862,0.11182401
61,1078.779,92.0349,1078.7832,92.21414,0.0041503906,0.179245,0.17929305
61,1009.7516,43.992275,1009.7459,44.150146,-0.0056762695,0.15787125,0.15797326
61,0.8696766,290.63098,0.7798836,290.79514,-0.08979297,0.16415405,0.1871078
61,1090.8711,102.02201,1090.8766,102.20491,0.005493164,0.18289948,0.18298194
61,979.4686,21.836037,979.47833,22.007778,0.00970459,0.17174149,0.17201546
61,1165.7302,154.0039,1165.738,154.20673,0.0078125,0.20281982,0.20297024
61,1141.894,136.0925,1141.8408,136.26456,-0.053222656,0.1720581,0.18010175
61,1120.9862,118.22207,1120.9647,118.37816,-0.021484375,0.15608978,0.1575614
61,1186.57,169.52731,1186.52,169.68192,-0.049926758,0.15460205,0.16246377
61,157.29323,150.26424,157.26324,150.38495,-0.02998352,0.12071228,0.12438033
61,988.9394,3.0233617,989.0364,3.108581,0.09698486,0.08521938,0.12910618
61,1107.6168,110.584595,1107.5773,110.72677,-0.03955078,0.14217377,0.1475725
61,1199.4231,178.35274,1199.3854,178.46887,-0.037719727,0.11613464,0.12210665
62,214.46916,64.17793,214.46495,64.0836,-0.004211426,-0.094329834,0.0944238
62,48.044594,240.43314,48.020164,240.3009,-0.024429321,-0.13223267,0.13447033
62,957.10675,1.3280993,957.2377,1.2645149,0.13092041,-0.06358433,0.14554422
62,106.33187,67.156906,106.38243,66.995995,0.050559998,-0.16091156,0.16866785
62,47.576294,68.24469,47.549335,68.10896,-0.026958466,-0.13572693,0.13837832
62,1063.8099,84.17892,1063.9066,84.01482,0.09667969,-0.16410065,0.19046254
62,967.2754,12.905529,967.3735,12.829765,0.098083496,-0.0757637,0.123937525
62,1273.4154,230.38055,1273.5358,230.21321,0.12036133,-0.16734314,0.20613243
62,1021.5926,58.158573,1021.69794,58.016766,0.10534668,-0.14180756,0.1766559
62,265.0942,2.8103485,265.09143,2.816846,-0.0027770996,0.006497383,0.0070659937
62,1040.7458,66.212685,1040.7999,66.07631,0.05407715,-0.13637543,0.1467058
62,247.82812,2.090291,247.71745,2.1959114,-0.110672,0.105620384,0.15298352
62,1.1488609,255.78911,1.0636616,255.78947,-0.085199356,0.00036621094,0.085200146
62,71.39079,211.31685,71.29163,211.27072,-0.09915924,-0.04612732,0.10936309
62,1078.7832,92.21414,1078.9004,92.09448,0.1171875,-0.119659424,0.16748518
62,1009.7459,44.150146,1009.8717,44.02329,0.12579346,-0.12685776,0.17865297
62,0.7798836,290.79514,0.8667336,290.5926,0.08684999,-0.20254517,0.22038026
62,1090.8766,102.20491,1090.9918,102.08172,0.115234375,-0.12319183,0.16868666
62,979.47833,22.007778,979.57776,21.923828,0.09942627,-0.08395004,0.13012761
62,1165.738,154.20673,1165.8965,154.08324,0.15844727,-0.12348938,0.20088594
62,1141.8408,136.26456,1141.9438,136.09808,0.103027344,-0.16647339,0.19577543
62,1120.9647,118.37816,1121.0193,118.23178,0.05456543,-0.14637756,0.15621708
62,1186.52,169.68192,1186.6058,169.51642,0.08581543,-0.16549683,0.18642287
62,157.26324,150.38495,157.36238,150.26874,0.09913635,-0.11621094,0.15275143
62,989.0364,3.108581,989.04205,3.023326,0.0056762695,-0.085255146,0.0854439
62,1107.5773,110.72677,1107.6536,110.58952,0.076293945,-0.13724518,0.15702549
62,1199.3854,178.46887,1199.4237,178.32443,0.038330078,-0.1444397,0.14943902
63,214.46495,64.0836,214.37335,64.147125,-0.09159851,0.06352234,0.111469164
63,48.020164,240.3009,47.87992,240.4423,-0.14024353,0.1414032,0.199156
63,957.2377,1.2645149,957.1144,1.254303,-0.123291016,-0.010211945,0.12371321
63,106.38243,66.995995,106.30359,67.08406,-0.07884216,0.0880661,0.11820205
63,47.549335,68.10896,47.44859,68.17438,-0.100746155,0.06541443,0.120120086
63,1063.9066,84.01482,1063.8479,84.06385,-0.05871582,0.04903412,0.07649766
63,967.3735,12.829765,967.2901,12.803894,-0.08337402,-0.025871277,0.08729576
63,1273.5358,230.21321,1273.52,230.35403,-0.01574707,0.14082336,0.14170106
63,1021.69794,58.016766,1021.5769,58.032917,-0.121032715,0.016151428,0.122105636
63,265.09143,2.816846,264.95718,2.8398528,-0.13424683,0.023006916,0.13620399
63,1040.7999,66.07631,1040.7601,66.09018,-0.039794922,0.013870239,0.042142846
63,247.71745,2.1959114,247.62984,2.1625242,-0.08761597,-0.033387184,0.09376173
63,1.0636616,255.78947,1.0855036,255.75513,0.021842003,-0.034347534,0.04070413
63,71.29163,211.27072,71.264915,211.283,-0.02671814,0.012283325,0.029406445
63,1078.9004,92.09448,1078.8099,92.13727,-0.0904541,0.042785645,0.10006276
63,1009.8717,44.02329,1009.7854,44.048725,-0.08630371,0.025436401,0.08997411
63,0.8667336,290.5926,0.84208775,290.62473,-0.024645865,0.03213501,0.04049787
63,1090.9918,102.08172,1090.9429,102.12515,-0.048950195,0.043434143,0.06544193
63,979.57776,21.923828,979.5306,21.88382,-0.047180176,-0.040008545,0.061859943
63,1165.8965,154.08324,1165.8661,154.16516,-0.030395508,0.08192444,0.087381355
63,1141.9438,136.09808,1141.9618,136.17767,0.017944336,0.079589844,0.081587635
63,1121.0193,118.23178,1121.0355,118.292076,0.016235352,0.060295105,0.062442664
63,1186.6058,169.51642,1186.6589,169.61916,0.053100586,0.10273743,0.11564883
63,157.36238,150.26874,157.11102,150.36903,-0.25135803,0.10029602,0.27062917
63,989.04205,3.023326,988.9702,3.0343342,-0.07183838,0.011008263,0.07267692
63,1107.6536,110.58952,1107.525,110.577286,-0.12854004,-0.012237549,0.12912126
63,1199.4237,178.32443,1199.4543,178.43575,0.030639648,0.111312866,0.11545277
64,214.37335,64.147125,214.38458,64.12692,0.011230469,-0.020202637,0.02311428
64,47.87992,240.4423,47.875618,240.33931,-0.0043029785,-0.102996826,0.10308667
64,957.1144,1.254303,957.1617,1.284133,0.047302246,0.029829979,0.055922538
64,106.30359,67.08406,106.20792,67.07771,-0.09567261,-0.0063476562,0.09588295
64,47.44859,68.17438,47.485943,68.12001,0.037353516,-0.054367065,0.06596258
64,1063.8479,84.06385,1063.8977,84.073326,0.049804688,0.009475708,0.050698087
64,967.2901,12.803894,967.30286,12.822659,0.012756348,0.018764496,0.02268988
64,1273.52,230.35403,1273.5632,230.26186,0.04321289,-0.092178345,0.10180472
64,1021.5769,58.032917,1021.5563,58.020863,-0.020629883,-0.012054443,0.023893548
64,264.95718,2.8398528,264.95502,2.8387332,-0.002166748,-0.0011196136,0.0024389203
64,1040.7601,66.09018,1040.7836,66.096054,0.0234375,0.005874634,0.024162527
64,247.62984,2.1625242,247.68507,2.0751567,0.055236816,-0.087367535,0.10336436
64,1.0855036,255.75513,1.1074352,255.6731,0.021931648,-0.08203125,0.08491244
64,71.264915,211.283,71.193954,211.2815,-0.070961,-0.0015106201,0.07097708
64,1078.8099,92.13727,1078.8607,92.14244,0.05078125,0.0051727295,0.051044025
64,1009.7854,44.048725,1009.7575,44.015266,-0.027893066,-0.03345871,0.0435604
64,0.84208775,290.62473,0.8197799,290.5551,-0.022307873,-0.069610596,0.07309771
64,1090.9429,102.12515,1091.0018,102.14004,0.05895996,0.014884949,0.06080986
64,979.5306,21.88382,979.4952,21.862835,-0.03540039,-0.02098465,0.041152682
64,1165.8661,154.16516,1165.8973,154.09909,0.03125,-0.06607056,0.07308817
64,1141.9618,136.17767,1141.9961,136.15207,0.034301758,-0.025604248,0.042804066
64,1121.0355,118.292076,1121.0594,118.27853,0.023925781,-0.013549805,0.027496185
64,1186.6589,169.61916,1186.6615,169.58562,0.0025634766,-0.03353882,0.033636644
64,157.11102,150.36903,157.12573,150.33319,0.014709473,-0.035842896,0.038743798
64,988.9702,3.0343342,989.04895,3.058074,0.07873535,0.023739815,0.082236454
64,1107.525,110.577286,1107.5892,110.57781,0.064208984,0.0005264282,0.064211145
64,1199.4543,178.43575,1199.411,178.3791,-0.04333496,-0.056640625,0.07131676
65,214.38458,64.12692,214.50276,63.957363,0.11817932,-0.16955948,0.20668036
65,47.875618,240.33931,47.943264,240.25519,0.06764603,-0.084121704,0.1079465
65,957.1617,1.284133,957.3658,1.1048298,0.20410156,-0.17930317,0.27167457
65,106.20792,67.07771,106.30425,66.88265,0.096336365,-0.19506073,0.21755318
65,47.485943,68.12001,47.464336,67.9243,-0.021606445,-0.19570923,0.1968983
65,1063.8977,84.073326,1064.0162,83.892006,0.11853027,-0.18132019,0.21662511
65,967.30286,12.822659,967.47736,12.661401,0.17449951,-0.16125774,0.23760079
65,1273.5632,230.26186,1273.5924,230.18756,0.029174805,-0.074295044,0.07981806
65,1021.5563,58.020863,1021.7032,57.87495,0.14691162,-0.14591217,0.20705889
65,264.95502,2.8387332,264.97568,2.8007846,0.0206604,-0.03794861,0.043208204
65,1040.7836,66.096054,1040.9388,65.92481,0.15527344,-0.17124176,0.23115705
65,247.68507,2.0751567,247.7356,1.9708396,0.05052185,-0.10431707,0.11590733
65,1.1074352,255.6731,0.9980469,255.76921,-0.10938835,0.09611511,0.14561568
65,71.193954,211.2815,71.21108,211.25201,0.01712799,-0.02947998,0.034094535
65,1078.8607,92.14244,1078.9845,91.95317,0.1237793,-0.18927002,0.22615139
65,1009.7575,44.015266,1009.9374,43.869587,0.1798706,-0.14567947,0.23146477
65,0.8197799,290.5551,0.81361866,290.53253,-0.006161213,-0.022583008,0.02340839
65,1091.0018,102.14004,1091.1241,101.96267,0.12231445,-0.17736816,0.21545368
65,979.4952,21.862835,979.6505,21.718937,0.15533447,-0.14389801,0.21174379
65,1165.8973,154.09909,1166.0437,153.95357,0.1463623,-0.14552307,0.20639499
65,1141.9961,136.15207,1142.0889,136.00864,0.09277344,-0.14343262,0.17082104
65,1121.0594,118.27853,1121.2191,118.18307,0.15966797,-0.095458984,0.18602763
65,1186.6615,169.58562,1186.8912,169.52226,0.22973633,-0.06335449,0.23831192
65,157.12573,150.33319,157.27086,150.33452,0.14512634,0.0013275146,0.14513241
65,989.04895,3.058074,989.2114,2.8549876,0.16247559,-0.20308638,0.2600815
65,1107.5892,110.57781,1107.7814,110.476326,0.19213867,-0.101486206,0.21729408
65,1199.411,178.3791,1199.66,178.25446,0.24902344,-0.12464905,0.27847812
66,214.50276,63.957363,214.27902,64.130844,-0.22373962,0.17348099,0.28311673
66,47.943264,240.25519,47.702644,240.38095,-0.24061966,0.12576294,0.27150348
66,957.3658,1.1048298,957.2228,1.245513,-0.14300537,0.14068317,0.20060481
66,106.30425,66.88265,106.0925,67.06127,-0.21175385,0.17861938,0.2770281
66,47.464336,67.9243,47.255066,68.128265,-0.20927048,0.20396423,0.29222515
66,1064.0162,83.892006,1063.9004,84.06826,-0.11584473,0.17625427,0.21091603
66,967.47736,12.661401,967.3649,12.808657,-0.11242676,0.1472559,0.18526758
66,1273.5924,230.18756,1273.5057,230.28522,-0.08666992,0.09765625,0.13056959
66,1021.7032,57.87495,1021.61755,58.022896,-0.085632324,0.1479454,0.17094074
66,264.97568,2.8007846,264.9088,2.8039398,-0.06686401,0.0031552315,0.066938415
66,1040.9388,65.92481,1040.7847,66.098755,-0.1541748,0.17394257,0.23243469
66,247.7356,1.9708396,247.67644,2.0232835,-0.059158325,0.052443862,0.07905736
66,0.9980469,255.76921,0.9986639,255.70627,0.0006170273,-0.062942505,0.06294553
66,71.21108,211.25201,71.03723,211.33298,-0.17385101,0.080963135,0.19177905
66,1078.9845,91.95317,1078.8533,92.13937,-0.13122559,0.186203,0.22779752
66,1009.9374,43.869587,1009.8439,44.033974,-0.09350586,0.16438675,0.18911994
66,0.81361866,290.53253,0.7934219,290.46942,-0.020196736,-0.06311035,0.066263296
66,1091.1241,101.96267,1091.0045,102.13054,-0.119628906,0.16786957,0.2061341
66,979.6505,21.718937,979.48553,21.85241,-0.16497803,0.13347244,0.21220896
66,1166.0437,153.95357,1165.9304,154.12259,-0.11328125,0.1690216,0.20347223
66,1142.0889,136.00864,1141.9534,136.16449,-0.13549805,0.15585327,0.20651866
66,1121.2191,118.18307,1121.1025,118.31713,-0.11657715,0.13406372,0.17766066
66,1186.8912,169.52226,1186.6895,169.59491,-0.20178223,0.072647095,0.21446134
66,157.27086,150.33452,157.04097,150.44856,-0.22988892,0.11404419,0.25662225
66,989.2114,2.8549876,989.0489,2.9713478,-0.16253662,0.11636019,0.19989459
66,1107.7814,110.476326,1107.6703,110.62485,-0.111083984,0.14852142,0.18546769
66,1199.66,178.25446,1199.4392,178.38104,-0.2208252,0.12658691,0.2545349
67,214.27902,64.130844,214.41275,63.887554,0.13372803,-0.24328995,0.27762058
67,47.702644,240.38095,47.786842,240.22353,0.084198,-0.15742493,0.17852706
67,957.2228,1.245513,957.2862,1.017705,0.06341553,-0.227808,0.2364699
67,106.0925,67.06127,106.13021,66.85377,0.037712097,-0.20750427,0.21090336
67,47.255066,68.128265,47.286087,67.886345,0.031021118,-0.24192047,0.24390125
67,1063.9004,84.06826,1063.9597,83.82582,0.059326172,-0.24243927,0.24959245
67,967.3649,12.808657,967.42395,12.587304,0.059020996,-0.22135258,0.2290861
67,1273.5057,230.28522,1273.6737,230.12213,0.16796875,-0.16308594,0.23411648
67,1021.61755,58.022896,1021.63434,57.787197,0.016784668,-0.2356987,0.23629558
67,264.9088,2.8039398,264.8222,2.7284467,-0.08660889,-0.0754931,0.11489259
67,1040.7847,66.098755,1040.8373,65.84146,0.052612305,-0.2572937,0.2626178
67,247.67644,2.0232835,247.53606,1.9705153,-0.14038086,-0.05276823,0.1499709
67,0.9986639,255.70627,0.9687443,255.65894,-0.029919624,-0.047332764,0.055996202
67,71.03723,211.33298,71.10549,211.1869,0.06826019,-0.14607239,0.1612346
67,1078.8533,92.13937,1078.9468,91.90012,0.09350586,-0.23925018,0.2568735
67,1009.8439,44.033974,1009.84406,43.755,0.00018310547,-0.27897263,0.2789727
67,0.7934219,290.46942,0.8269816,290.29422,0.03355968,-0.17520142,0.17838663
67,1091.0045,102.13054,1091.0706,101.842316,0.06604004,-0.28822327,0.2956923
67,979.48553,21.85241,979.5515,21.617477,0.065979004,-0.23493195,0.244021
67,1165.9304,154.12259,1166.0312,153.91965,0.10083008,-0.2029419,0.22661005
67,1141.9534,136.16449,1141.9987,135.90372,0.045288086,-0.2607727,0.26467606
67,1121.1025,118.31713,1121.2242,118.12905,0.1217041,-0.18807983,0.22402212
67,1186.6895,169.59491,1186.8678,169.44048,0.17834473,-0.1544342,0.23591685
67,157.04097,150.44856,157.05194,150.41177,0.010971069,-0.03678894,0.03838998
67,989.0489,2.9713478,989.2267,2.7727962,0.17779541,-0.19855165,0.266522
67,1107.6703,110.62485,1107.803,110.425186,0.13269043,-0.19966125,0.23973186
67,1199.4392,178.38104,1199.6554,178.21497,0.21618652,-0.16607666,0.2726134
68,214.41275,63.887554,214.25386,64.13809,-0.15888977,0.25053787,0.29667354
68,47.786842,240.22353,47.649284,240.42427,-0.13755798,0.20074463,0.24335285
68,957.2862,1.017705,957.2724,1.2738314,-0.013793945,0.2561264,0.2564976
68,106.13021,66.85377,105.9905,67.09761,-0.13970947,0.24384308,0.28103057
68,47.286087,67.886345,47.157204,68.14206,-0.12888336,0.25571442,0.2863578
68,1063.9597,83.82582,1063.936,84.067535,-0.02368164,0.24171448,0.24287179
68,967.42395,12.587304,967.40125,12.82183,-0.022705078,0.23452568,0.23562218
68,1273.6737,230.12213,1273.6355,230.32782,-0.038208008,0.20568848,0.20920707
68,1021.63434,57.787197,1021.6798,58.05162,0.04547119,0.26442337,0.2683046
68,264.8222,2.7284467,264.84213,2.815588,0.019927979,0.087141275,0.08939086
68,1040.8373,65.84146,1040.8477,66.10811,0.010375977,0.26664734,0.26684913
68,247.53606,1.9705153,247.53899,2.0141635,0.0029296875,0.043648243,0.043746453
68,0.9687443,255.65894,0.9234514,255.72023,-0.045292854,0.061294556,0.076213285
68,71.10549,211.1869,71.032104,211.29417,-0.073387146,0.10726929,0.12997067
68,1078.9468,91.90012,1078.9204,92.13565,-0.026367188,0.23552704,0.23699833
68,1009.84406,43.755,1009.8475,43.997253,0.0034179688,0.24225235,0.24227646
68,0.8269816,290.29422,0.81635195,290.3439,-0.010629654,0.049682617,0.050807007
68,1091.0706,101.842316,1091.0696,102.15055,-0.0009765625,0.30823517,0.30823672
68,979.5515,21.617477,979.58765,21.864357,0.036132812,0.24687958,0.24950974
68,1166.0312,153.91965,1165.9614,154.14062,-0.06982422,0.22097778,0.23174685
68,1141.9987,135.90372,1142.0497,136.17358,0.05102539,0.26986694,0.27464843
68,1121.2242,118.12905,1121.2145,118.360756,-0.009765625,0.23170471,0.23191042
68,1186.8678,169.44048,1186.7091,169.56798,-0.1586914,0.12750244,0.20356776
68,157.05194,150.41177,156.91919,150.5035,-0.13275146,0.09172058,0.16135556
68,989.2267,2.7727962,989.2027,2.9074154,-0.023986816,0.13461924,0.13673955
68,1107.803,110.425186,1107.663,110.604126,-0.14001465,0.17893982,0.22720818
68,1199.6554,178.21497,1199.5472,178.40407,-0.1081543,0.18910217,0.21784624
69,214.25386,64.13809,214.18146,64.07743,-0.072402954,-0.060661316,0.09445625
69,47.649284,240.42427,47.57645,240.42009,-0.072834015,-0.004180908,0.07295392
69,957.2724,1.2738314,957.2886,1.1781816,0.016174316,-0.09564972,0.09700762
69,105.9905,67.09761,106.0344,67.01316,0.043899536,-0.08444977,0.095178425
69,47.157204,68.14206,47.097424,68.10281,-0.05978012,-0.039245605,0.071511395
69,1063.936,84.067535,1063.9298,83.97947,-0.006225586,-0.0880661,0.08828588
69,967.40125,12.82183,967.4337,12.7869,0.032470703,-0.03493023,0.04769138
69,1273.6355,230.32782,1273.6213,230.27196,-0.014160156,-0.055862427,0.057629164
69,1021.6798,58.05162,1021.5552,57.941933,-0.12463379,-0.109687805,0.16602708
69,264.84213,2.815588,264.75772,2.7787604,-0.08441162,-0.036827564,0.092095554
69,1040.8477,66.10811,1040.8402,65.98248,-0.007446289,-0.12562561,0.1258461
69,247.53899,2.0141635,247.286,2.2287374,-0.25299072,0.21457386,0.33173218
69,0.9234514,255.72023,0.9245329,255.6878,0.0010814667,-0.032424927,0.032442957
69,71.032104,211.29417,70.90485,211.30006,-0.1272583,0.0058898926,0.12739453
69,1078.9204,92.13565,1078.8997,92.03413,-0.020751953,-0.10152435,0.10362354
69,1009.8475,43.997253,1009.78534,43.913223,-0.06213379,-0.08403015,0.10450681
69,0.81635195,290.3439,0.84302884,290.23798,0.026676893,-0.10592651,0.10923407
69,1091.0696,102.15055,1090.9946,102.02045,-0.07495117,-0.13010406,0.15014908
69,979.58765,21.864357,979.55194,21.811443,-0.035705566,-0.052913666,0.06383372
69,1165.9614,154.14062,1165.9122,154.04655,-0.049194336,-0.094070435,0.106157094
69,1142.0497,136.17358,1141.9884,136.06973,-0.061279297,-0.10385132,0.12058295
69,1121.2145,118.360756,1121.2551,118.29862,0.040649414,-0.06213379,0.07424946
69,1186.7091,169.56798,1186.7515,169.53873,0.0423584,-0.029251099,0.0514768
69,156.91919,150.5035,156.85794,150.508,-0.06124878,0.004501343,0.061413966
69,989.2027,2.9074154,989.1927,2.8829212,-0.010009766,-0.024494171,0.026460534
69,1107.663,110.604126,1107.6926,110.56177,0.029663086,-0.0423584,0.051712018
69,1199.5472,178.40407,1199.5494,178.37476,0.0021972656,-0.029312134,0.029394373
70,214.18146,64.07743,214.20273,64.19008,0.021270752,0.11264801,0.11463865
70,47.57645,240.42009,47.537964,240.47389,-0.03848648,0.05380249,0.06615071
70,957.2886,1.1781816,957.2498,1.2484827,-0.038757324,0.070301056,0.080276825
70,106.0344,67.01316,105.86627,67.14784,-0.16812897,0.1346817,0.2154217
70,47.097424,68.10281,47.155563,68.20596,0.0581398,0.103149414,0.11840624
70,1063.9298,83.97947,1064.0477,84.14531,0.11791992,0.16584015,0.2034897
70,967.4337,12.7869,967.3768,12.811583,-0.0569458,0.024682999,0.062065084
70,1273.6213,230.27196,1273.8062,230.42834,0.18481445,0.15638733,0.242102
70,1021.5552,57.941933,1021.72925,58.129185,0.17407227,0.18725204,0.25566477
70,264.75772,2.7787604,264.83105,2.7904558,0.07333374,0.011695385,0.07426048
70,1040.8402,65.98248,1040.9233,66.15729,0.08312988,0.17480469,0.19356461
70,247.286,2.2287374,247.32428,2.2302485,0.0382843,0.001511097,0.03831411
70,0.9245329,255.6878,0.9142046,255.74638,-0.010328293,0.05857849,0.05948204
70,70.90485,211.30006,70.9035,211.37296,-0.0013427734,0.072891235,0.0729036
70,1078.8997,92.03413,1078.9766,92.16594,0.0769043,0.13181305,0.15260717
70,1009.78534,43.913223,1009.88226,44.063576,0.09692383,0.15035248,0.1788857
70,0.84302884,290.23798,0.82453966,290.28534,-0.018489182,0.04736328,0.050844178
70,1090.9946,102.02045,1091.0468,102.1454,0.052124023,0.12495422,0.13539007
70,979.55194,21.811443,979.4897,21.82786,-0.06225586,0.01641655,0.06438397
70,1165.9122,154.04655,1166.0496,154.23929,0.1373291,0.19273376,0.236655
70,1141.9884,136.06973,1142.1462,136.2665,0.15783691,0.19676208,0.25224555
70,1121.2551,118.29862,1121.1499,118.335686,-0.10522461,0.0370636,0.11156132
70,1186.7515,169.53873,1186.8306,169.69156,0.07910156,0.15283203,0.17208919
70,156.85794,150.508,156.80832,150.5523,-0.049621582,0.044311523,0.06652678
70,989.1927,2.8829212,989.1473,2.936308,-0.045410156,0.05338669,0.07008724
70,1107.6926,110.56177,1107.643,110.632645,-0.049682617,0.070877075,0.08655589
70,1199.5494,178.37476,1199.5953,178.45486,0.045898438,0.08010864,0.092325844
71,214.20273,64.19008,214.3192,63.947643,0.11647034,-0.24243546,0.26896152
71,47.537964,240.47389,47.608337,240.33447,0.070373535,-0.13941956,0.15617377
71,957.2498,1.2484827,957.4898,1.0775108,0.23999023,-0.17097187,0.2946637
71,105.86627,67.14784,105.988846,66.84602,0.12257385,-0.30181885,0.32575905
71,47.155563,68.20596,47.105667,67.92789,-0.04989624,-0.27807617,0.28251725
71,1064.0477,84.14531,1064.1503,83.87213,0.10253906,-0.2731781,0.29178852
71,967.3768,12.811583,967.513,12.618732,0.13623047,-0.19285011,0.23611419
71,1273.8062,230.42834,1273.9911,230.26003,0.18493652,-0.1683197,0.25006607
71,1021.72925,58.129185,1021.83093,57.84461,0.10168457,-0.28457642,0.30219775
71,264.83105,2.7904558,264.82062,2.7003012,-0.010437012,-0.09015465,0.090756774
71,1040.9233,66.15729,1041.0571,65.89688,0.13378906,-0.2604065,0.2927645
71,247.32428,2.2302485,247.3461,2.1272316,0.021820068,-0.10301685,0.10530236
71,0.9142046,255.74638,0.94063187,255.67433,0.026427269,-0.072052,0.07674563
71,70.9035,211.37296,71.01973,211.18927,0.1162262,-0.1836853,0.21736793
71,1078.9766,92.16594,1079.1145,91.914,0.13793945,-0.25193787,0.2872281
71,1009.88226,44.063576,1010.1101,43.839455,0.22784424,-0.2241211,0.3195986
71,0.82453966,290.28534,1.048151,289.95233,0.22361135,-0.3330078,0.40111873
71,1091.0468,102.1454,1091.21,101.89628,0.16320801,-0.24912262,0.29782367
71,979.4897,21.82786,979.69403,21.63841,0.2043457,-0.18944931,0.27865428
71,1166.0496,154.23929,1166.1715,153.97081,0.12194824,-0.2684784,0.29487628
71,1142.1462,136.2665,1142.3154,136.00902,0.16918945,-0.2574768,0.30808988
71,1121.1499,118.335686,1121.3619,118.13382,0.21203613,-0.20186615,0.29276145
71,1186.8306,169.69156,1186.999,169.49377,0.16845703,-0.19778442,0.2598008
71,156.80832,150.5523,156.81436,150.37825,0.0060424805,-0.174057,0.17416185
71,989.1473,2.936308,989.3149,2.8212004,0.16760254,-0.11510754,0.20332327
71,1107.643,110.632645,1107.9657,110.48475,0.3227539,-0.14789581,0.3550257
71,1199.5953,178.45486,1199.8157,178.31161,0.22033691,-0.14324951,0.2628094
72,214.3192,63.947643,214.16217,64.248055,-0.1570282,0.30041122,0.33897603
72,47.608337,240.33447,47.448395,240.58891,-0.15994263,0.2544403,0.30053538
72,957.4898,1.0775108,957.37683,1.3511591,-0.112976074,0.27364826,0.2960523
72,105.988846,66.84602,105.77634,67.20313,-0.21250916,0.35710907,0.4155563
72,47.105667,67.92789,47.032337,68.24309,-0.073329926,0.3152008,0.32361832
72,1064.1503,83.87213,1064.1578,84.23848,0.0075683594,0.36634827,0.36642644
72,967.513,12.618732,967.4971,12.912225,-0.015930176,0.29349232,0.29392433
72,1273.9911,230.26003,1273.9479,230.53975,-0.04321289,0.27972412,0.28304228
72,1021.83093,57.84461,1021.7529,58.185482,-0.07800293,0.34087372,0.34968463
72,264.82062,2.7003012,264.78738,2.788897,-0.033233643,0.08859587,0.094624005
72,1041.0571,65.89688,1040.9966,66.204926,-0.060546875,0.30804443,0.31393835
72,247.3461,2.1272316,247.21568,2.3588076,-0.13041687,0.23157597,0.2657743
72,0.94063187,255.67433,0.86444855,255.82658,-0.07618332,0.1522522,0.17024873
72,71.01973,211.18927,70.78592,211.47334,-0.23381042,0.28407288,0.36791945
72,1079.1145,91.914,1079.093,92.27791,-0.021484375,0.36390686,0.3645405
72,1010.1101,43.839455,1009.9386,44.089066,-0.17150879,0.2496109,0.30285454
72,1.048151,289.95233,0.9861889,290.1488,-0.061962128,0.19647217,0.2060112
72,1091.21,101.89628,1091.1826,102.24537,-0.02734375,0.34909058,0.35015982
72,979.69403,21.63841,979.57355,21.881657,-0.1204834,0.24324608,0.27144963
72,1166.1715,153.97081,1166.1815,154.35632,0.010009766,0.3855133,0.38564324
72,1142.3154,136.00902,1142.1798,136.319,-0.13562012,0.3099823,0.33835167
72,1121.3619,118.13382,1121.2372,118.39607,-0.12475586,0.2622528,0.29041445
72,1186.999,169.49377,1186.9469,169.79143,-0.052124023,0.2976532,0.3021826
72,156.81436,150.37825,156.67076,150.58348,-0.14360046,0.20523071,0.250481
72,989.3149,2.8212004,989.26074,3.011012,-0.054138184,0.1898117,0.19738144
72,1107.9657,110.48475,1107.752,110.70342,-0.21374512,0.2186737,0.30578613
72,1199.8157,178.31161,1199.8036,178.58748,-0.012084961,0.27586365,0.27612823
73,214.16217,64.248055,214.20618,64.09238,0.044006348,-0.1556778,0.16177805
73,47.448395,240.58891,47.461548,240.4492,0.013153076,-0.13970947,0.14032726
73,957.37683,1.3511591,957.407,1.1450424,0.030151367,-0.20611668,0.20831032
73,105.77634,67.20313,105.94222,67.02698,0.16588593,-0.17615509,0.2419685
73,47.032337,68.24309,47.029648,68.052284,-0.0026893616,-0.19080353,0.1908225
73,1064.1578,84.23848,1064.2328,84.06806,0.07495117,-0.17041779,0.1861717
73,967.4971,12.912225,967.5198,12.717472,0.022705078,-0.1947527,0.19607174
73,1273.9479,230.53975,1274.0715,230.39632,0.12365723,-0.14343262,0.189378
73,1021.7529,58.185482,1021.8921,57.991634,0.13916016,-0.19384766,0.2386262
73,264.78738,2.788897,264.82013,2.7395778,0.03274536,-0.049319267,0.059200075
73,1040.9966,66.204926,1041.1602,66.04881,0.16357422,-0.15611267,0.22611433
73,247.21568,2.3588076,247.29733,2.1812563,0.08164978,-0.17755127,0.19542554
73,0.86444855,255.82658,0.8201628,255.7432,-0.044285774,-0.08338928,0.094419286
73,70.78592,211.47334,70.85161,211.31808,0.06568909,-0.15525818,0.1685828
73,1079.093,92.27791,1079.231,92.09801,0.13793945,-0.17990112,0.22669739
73,1009.9386,44.089066,1010.1095,43.93177,0.17089844,-0.15729523,0.23226723
73,0.9861889,290.1488,0.9824409,290.03598,-0.0037479997,-0.11282349,0.11288572
73,1091.1826,102.24537,1091.2844,102.05852,0.10180664,-0.1868515,0.21278645
73,979.57355,21.881657,979.68365,21.802103,0.11010742,-0.079553604,0.13583969
73,1166.1815,154.35632,1166.3331,154.17355,0.15161133,-0.18276978,0.23746744
73,1142.1798,136.319,1142.4176,136.17023,0.23779297,-0.1487732,0.2804977
73,1121.2372,118.39607,1121.3977,118.263626,0.16052246,-0.13244629,0.2081093
73,1186.9469,169.79143,1187.1602,169.6464,0.21325684,-0.14503479,0.25790223
73,156.67076,150.58348,156.64421,150.41856,-0.026550293,-0.16491699,0.16704051
73,989.26074,3.011012,989.38055,2.9351654,0.11981201,-0.07584667,0.1418014
73,1107.752,110.70342,1108.02,110.6142,0.2680664,-0.08922577,0.2825258
73,1199.8036,178.58748,1200.0236,178.48225,0.2199707,-0.10522461,0.24384284
74,214.20618,64.09238,214.07346,64.30066,-0.13272095,0.20828247,0.24697456
74,47.461548,240.4492,47.296467,240.67119,-0.16508102,0.22198486,0.2766388
74,957.407,1.1450424,957.40326,1.3428535,-0.0037231445,0.19781113,0.19784616
74,105.94222,67.02698,105.65222,67.20326,-0.29000092,0.17628479,0.33937716
74,47.029648,68.052284,47.00977,68.2744,-0.019878387,0.22211456,0.2230023
74,1064.2328,84.06806,1064.2186,84.2406,-0.014160156,0.17253876,0.17311884
74,967.5198,12.717472,967.52893,12.900471,0.009155273,0.18299866,0.18322752
74,1274.0715,230.39632,1274.0476,230.56131,-0.023925781,0.16499329,0.166719
74,1021.8921,57.991634,1021.8656,58.21168,-0.026489258,0.220047,0.22163565
74,264.82013,2.7395778,264.75916,2.8467226,-0.06097412,0.10714483,0.123279594
74,1041.1602,66.04881,1041.1951,66.24649,0.03491211,0.19767761,0.20073688
74,247.29733,2.1812563,247.33241,2.1992564,0.035079956,0.018000126,0.039428517
74,0.8201628,255.7432,0.8231983,255.82,0.0030355453,0.076812744,0.0768727
74,70.85161,211.31808,70.6837,211.51805,-0.16790771,0.19996643,0.26111218
74,1079.231,92.09801,1079.1715,92.27976,-0.059448242,0.18175507,0.19123022
74,1010.1095,43.93177,1010.0486,44.145763,-0.060913086,0.21399307,0.22249368
74,0.9824409,290.03598,0.91397357,290.09863,-0.06846732,0.06265259,0.0928069
74,1091.2844,102.05852,1091.3544,102.31653,0.06994629,0.25801086,0.26732394
74,979.68365,21.802103,979.7169,21.982449,0.03326416,0.18034554,0.1833876
74,1166.3331,154.17355,1166.2885,154.34358,-0.044677734,0.17002869,0.1758006
74,1142.4176,136.17023,1142.3284,136.36028,-0.0892334,0.19004822,0.20995457
74,1121.3977,118.263626,1121.3242,118.43437,-0.07348633,0.17074585,0.1858881
74,1187.1602,169.6464,1187.0494,169.77754,-0.11071777,0.13114929,0.17163497
74,156.64421,150.41856,156.57596,150.62125,-0.06825256,0.2026825,0.21386586
74,989.38055,2.9351654,989.4847,3.0963454,0.10412598,0.16118002,0.19188856
74,1108.02,110.6142,1108.0265,110.84227,0.0064697266,0.22807312,0.22816487
74,1200.0236,178.48225,1199.9108,178.5863,-0.11279297,0.10404968,0.1534555
75,214.07346,64.30066,214.13876,64.020966,0.06530762,-0.2796936,0.287217
75,47.296467,240.67119,47.36076,240.40428,0.06429291,-0.26690674,0.27454105
75,957.40326,1.3428535,957.6321,1.2070494,0.2288208,-0.13580418,0.26608595
75,105.65222,67.20326,105.77866,66.936615,0.12644196,-0.26664734,0.2951074
75,47.00977,68.2744,46.941883,67.991684,-0.06788635,-0.28271484,0.29075116
75,1064.2186,84.2406,1064.2817,83.966415,0.06311035,-0.27418518,0.28135464
75,967.52893,12.900471,967.6568,12.713785,0.12786865,-0.18668556,0.22627835
75,1274.0476,230.56131,1274.2295,230.37227,0.18188477,-0.18904114,0.26233304
75,1021.8656,58.21168,1021.94946,57.94492,0.083862305,-0.26676178,0.2796332
75,264.75916,2.8467226,264.6626,2.7667284,-0.09655762,-0.0799942,0.12538917
75,1041.1951,66.24649,1041.2002,65.97851,0.005126953,-0.26798248,0.26803154
75,247.33241,2.1992564,247.21323,2.151299,-0.1191864,-0.04795742,0.128473
75,0.8231983,255.82,0.829253,255.64977,0.0060546994,-0.17024231,0.17034994
75,70.6837,211.51805,70.709915,211.3053,0.0262146,-0.2127533,0.21436223
75,1079.1715,92.27976,1079.27,92.053955,0.09851074,-0.22580719,0.24636
75,1010.0486,44.145763,1010.2569,43.940014,0.20831299,-0.20574951,0.29279202
75,0.91397357,290.09863,0.8831371,289.88104,-0.030836463,-0.21759033,0.21976452
75,1091.3544,102.31653,1091.4425,102.0798,0.088134766,-0.23672485,0.25259927
75,979.7169,21.982449,979.75385,21.68864,0.03692627,-0.29380798,0.2961194
75,1166.2885,154.34358,1166.4093,154.13733,0.12084961,-0.20625305,0.2390501
75,1142.3284,136.36028,1142.4386,136.1257,0.11022949,-0.23457336,0.2591818
75,1121.3242,118.43437,1121.4407,118.2322,0.11645508,-0.20217133,0.23331316
75,1187.0494,169.77754,1187.3123,169.64151,0.26281738,-0.1360321,0.2959353
75,156.57596,150.62125,156.70546,150.46211,0.12950134,-0.15913391,0.20516871
75,989.4847,3.0963454,989.3237,2.941298,-0.1609497,-0.15504742,0.22348268
75,1108.0265,110.84227,1108.1384,110.60911,0.11193848,-0.23316193,0.2586401
75,1199.9108,178.5863,1200.1643,178.42992,0.25354004,-0.15638733,0.29789183
76,214.13876,64.020966,214.05122,64.12065,-0.08753967,0.09968567,0.1326666
76,47.36076,240.40428,47.248623,240.54889,-0.11213684,0.14460754,0.18299183
76,957.6321,1.2070494,957.636,1.2182703,0.00390625,0.011220932,0.0118814185
76,105.77866,66.936615,105.80866,67.026184,0.02999878,0.08956909,0.09445924
76,46.941883,67.991684,46.925587,68.07674,-0.016296387,0.08505249,0.08659964
76,1064.2817,83.966415,1064.2981,84.06926,0.016357422,0.10284424,0.104136944
76,967.6568,12.713785,967.65625,12.706395,-0.0005493164,-0.0073900223,0.00741041
76,1274.2295,230.37227,1274.133,230.46558,-0.09643555,0.093307495,0.13418682
76,1021.94946,57.94492,1022.0218,58.049946,0.07232666,0.105026245,0.1275212
76,264.6626,2.7667284,264.61627,2.7517295,-0.046325684,-0.014998913,0.048693288
76,1041.2002,65.97851,1041.1484,66.07609,-0.051757812,0.097579956,0.11045686
76,247.21323,2.151299,247.14355,2.1606255,-0.06967163,0.009326458,0.07029309
76,0.829253,255.64977,0.84158784,255.69597,0.012334824,0.046203613,0.04782177
76,70.709915,211.3053,70.61548,211.40523,-0.094436646,0.09992981,0.13749272
76,1079.27,92.053955,1079.2789,92.13302,0.008911133,0.079063416,0.07956401
76,1010.2569,43.940014,1010.13434,43.964684,-0.122558594,0.024669647,0.1250168
76,0.8831371,289.88104,0.9242061,289.8781,0.04106897,-0.0029296875,0.041173335
76,1091.4425,102.0798,1091.4569,102.149445,0.014404297,0.06964111,0.07111518
76,979.75385,21.68864,979.74567,21.761335,-0.008178711,0.07269478,0.073153414
76,1166.4093,154.13733,1166.3907,154.23816,-0.018554688,0.10083008,0.10252307
76,1142.4386,136.1257,1142.4023,136.2309,-0.036254883,0.10519409,0.111266404
76,1121.4407,118.2322,1121.4845,118.348045,0.043823242,0.11584473,0.12385668
76,1187.3123,169.64151,1187.2565,169.7235,-0.055786133,0.08198547,0.09916507
76,156.70546,150.46211,156.6217,150.59897,-0.08375549,0.13685608,0.16045114
76,989.3237,2.941298,989.3725,2.886705,0.04876709,-0.054593086,0.07320269
76,1108.1384,110.60911,1108.1632,110.71154,0.024780273,0.10243225,0.10538704
76,1200.1643,178.42992,1200.0173,178.51868,-0.14697266,0.088760376,0.17169556
77,214.05122,64.12065,214.13681,63.94048,0.08558655,-0.18017197,0.19946678
77,47.248623,240.54889,47.275784,240.39575,0.027160645,-0.1531372,0.15552719
77,957.636,1.2182703,957.693,1.1611624,0.057006836,-0.057107925,0.08069135
77,105.80866,67.026184,105.53375,66.83539,-0.27490997,-0.1907959,0.33463198
77,46.925587,68.07674,46.92057,67.89665,-0.005016327,-0.18008423,0.18015409
77,1064.2981,84.06926,1064.3046,83.88018,0.0064697266,-0.18907928,0.18918994
77,967.65625,12.706395,967.7179,12.643393,0.061645508,-0.06300259,0.088144735
77,1274.133,230.46558,1274.2335,230.33401,0.10046387,-0.13156128,0.16553356
77,1022.0218,58.049946,1021.97034,57.88355,-0.051452637,-0.1663971,0.17417051
77,264.61627,2.7517295,264.62897,2.7010527,0.0126953125,-0.050676823,0.05224281
77,1041.1484,66.07609,1041.2482,65.90142,0.099731445,-0.17466736,0.2011344
77,247.14355,2.1606255,247.05379,2.177813,-0.089767456,0.017187595,0.09139808
77,0.84158784,255.69597,0.80599785,255.57956,-0.035589993,-0.1164093,0.12172827
77,70.61548,211.40523,70.681,211.20338,0.06552124,-0.20184326,0.21221153
77,1079.2789,92.13302,1079.3062,91.97433,0.02722168,-0.1586914,0.16100927
77,1010.13434,43.964684,1010.2189,43.822872,0.08453369,-0.14181137,0.16509515
77,0.9242061,289.8781,0.9196491,289.7965,-0.004556954,-0.081604004,0.08173114
77,1091.4569,102.149445,1091.4579,101.986496,0.0009765625,-0.16294861,0.16295153
77,979.74567,21.761335,979.86456,21.627865,0.118896484,-0.13347054,0.17874774
77,1166.3907,154.23816,1166.4465,154.05084,0.055786133,-0.1873169,0.19544746
77,1142.4023,136.2309,1142.493,136.0589,0.09069824,-0.17199707,0.19444579
77,1121.4845,118.348045,1121.5857,118.19008,0.10119629,-0.15796661,0.18760101
77,1187.2565,169.7235,1187.3295,169.6055,0.07299805,-0.117996216,0.13875094
77,156.6217,150.59897,156.82198,150.46895,0.2002716,-0.13002014,0.23877595
77,989.3725,2.886705,989.3737,2.7101083,0.0012207031,-0.17659664,0.17660086
77,1108.1632,110.71154,1108.229,110.54817,0.0657959,-0.16336823,0.17612007
77,1200.0173,178.51868,1200.1449,178.38622,0.12756348,-0.13246155,0.18389808
78,214.13681,63.94048,213.9427,64.20215,-0.19410706,0.26166916,0.32580408
78,47.275784,240.39575,47.069088,240.65137,-0.20669556,0.25561523,0.32872817
78,957.693,1.1611624,957.50616,1.2688065,-0.18682861,0.10764408,0.21562044
78,105.53375,66.83539,105.46972,67.16409,-0.06403351,0.32870483,0.3348838
78,46.92057,67.89665,46.840157,68.20567,-0.08041382,0.309021,0.31931233
78,1064.3046,83.88018,1064.2406,84.159256,-0.063964844,0.27907562,0.28631225
78,967.7179,12.643393,967.5261,12.80393,-0.19177246,0.16053772,0.25009805
78,1274.2335,230.33401,1274.1053,230.52586,-0.12817383,0.19184875,0.23072597
78,1021.97034,57.88355,1021.857,58.1248,-0.113342285,0.2412529,0.266551
78,264.62897,2.7010527,264.61774,2.7444663,-0.011230469,0.04341364,0.044842698
78,1041.2482,65.90142,1041.1747,66.15765,-0.07348633,0.25623322,0.26656276
78,247.05379,2.177813,247.14903,2.1174016,0.09524536,-0.060411453,0.1127884
78,0.80599785,255.57956,0.763234,255.73567,-0.04276383,0.15611267,0.16186386
78,70.681,211.20338,70.48717,211.44687,-0.1938324,0.2434845,0.31121647
78,1079.3062,91.97433,1079.1398,92.18767,-0.16638184,0.21334076,0.2705498
78,1010.2189,43.822872,1010.1779,44.124428,-0.04095459,0.30155563,0.30432397
78,0.9196491,289.7965,0.8563534,289.86685,-0.06329572,0.07034302,0.09462816
78,1091.4579,101.986496,1091.3196,102.20233,-0.13830566,0.21583557,0.25634634
78,979.86456,21.627865,979.5645,21.768097,-0.30004883,0.14023209,0.33120134
78,1166.4465,154.05084,1166.2786,154.2973,-0.16796875,0.24645996,0.29825494
78,1142.493,136.0589,1142.3702,136.31024,-0.122802734,0.25134277,0.27973863
78,1121.5857,118.19008,1121.4022,118.40958,-0.18347168,0.21949768,0.2860788
78,1187.3295,169.6055,1187.1482,169.78963,-0.18127441,0.18412781,0.25838625
78,156.82198,150.46895,156.5688,150.73634,-0.25317383,0.26739502,0.36823508
78,989.3737,2.7101083,989.3741,2.8414173,0.00036621094,0.13130903,0.13130954
78,1108.229,110.54817,1108.039,110.76291,-0.19006348,0.21473694,0.28676835
78,1200.1449,178.38622,1199.9368,178.56377,-0.20812988,0.17755127,0.27357358
79,213.9427,64.20215,214.14775,63.876427,0.2050476,-0.32572174,0.38488853
79,47.069088,240.65137,47.32371,240.29042,0.2546234,-0.36094666,0.44171888
79,957.50616,1.2688065,957.6555,0.9499693,0.14935303,-0.31883717,0.35208446
79,105.46972,67.16409,105.669685,66.74527,0.19996643,-0.41882324,0.46411148
79,46.840157,68.20567,46.97443,67.815475,0.13427353,-0.39019775,0.4126544
79,1064.2406,84.159256,1064.4312,83.82628,0.19055176,-0.3329773,0.38364547
79,967.5261,12.80393,967.68915,12.490176,0.1630249,-0.31375408,0.3535799
79,1274.1053,230.52586,1274.4081,230.23892,0.30273438,-0.28694153,0.41711333
79,1021.857,58.1248,1022.0333,57.78227,0.17633057,-0.3425331,0.38525498
79,264.61774,2.7444663,264.629,2.7020206,0.011260986,-0.04244566,0.04391405
79,1041.1747,66.15765,1041.3595,65.79913,0.18481445,-0.3585205,0.40335262
79,247.14903,2.1174016,247.0765,2.1370635,-0.072525024,0.019661903,0.075142995
79,0.763234,255.73567,0.79210806,255.5428,0.02887404,-0.1928711,0.19502042
79,70.48717,211.44687,70.65291,211.1077,0.16574097,-0.33917236,0.37750226
79,1079.1398,92.18767,1079.3529,91.86377,0.21313477,-0.32389832,0.38773257
79,1010.1779,44.124428,1010.28735,43.72551,0.109436035,-0.39891815,0.4136568
79,0.8563534,289.86685,0.9241447,289.6979,0.06779128,-0.16894531,0.18203895
79,1091.3196,102.20233,1091.4407,101.84928,0.12109375,-0.35305023,0.37324008
79,979.5645,21.768097,979.7902,21.513132,0.22570801,-0.25496483,0.34051603
79,1166.2786,154.2973,1166.4929,153.94278,0.21435547,-0.3545227,0.41428807
79,1142.3702,136.31024,1142.5363,135.93747,0.16601562,-0.37277222,0.408069
79,1121.4022,118.40958,1121.5891,118.04072,0.18688965,-0.36885834,0.41350237
79,1187.1482,169.78963,1187.475,169.54312,0.32678223,-0.24650574,0.4093308
79,156.5688,150.73634,156.9651,150.56874,0.39630127,-0.16760254,0.43028516
79,989.3741,2.8414173,989.45734,2.75589,0.08325195,-0.08552742,0.11935588
79,1108.039,110.76291,1108.2457,110.46289,0.20678711,-0.3000183,0.36437878
79,1199.9368,178.56377,1200.3083,178.34589,0.37158203,-0.21788025,0.43074936
80,214.14775,63.876427,214.03818,64.119225,-0.109573364,0.24279785,0.26637778
80,47.32371,240.29042,47.186096,240.58902,-0.1376152,0.29859924,0.32878482
80,957.6555,0.9499693,957.7287,1.217411,0.07318115,0.26744175,0.27727348
80,105.669685,66.74527,105.478966,67.03544,-0.1907196,0.29016876,0.3472346
80,46.97443,67.815475,46.836742,68.11522,-0.13768768,0.29974365,0.32985476
80,1064.4312,83.82628,1064.4489,84.13243,0.017700195,0.30615234,0.30666357
80,967.68915,12.490176,967.65894,12.696663,-0.030212402,0.2064867,0.2086853
80,1274.4081,230.23892,1274.3652,230.52283,-0.04284668,0.28390503,0.28712
80,1022.0333,57.78227,1022.08606,58.04237,0.052734375,0.26010132,0.26539332
80,264.629,2.7020206,264.6301,2.741901,0.0010986328,0.039880276,0.039895408
80,1041.3595,65.79913,1041.2784,66.04936,-0.08105469,0.25022888,0.2630292
80,247.0765,2.1370635,247.10455,2.1267319,0.028045654,-0.010331631,0.029888147
80,0.79210806,255.5428,0.78058034,255.71153,-0.011527717,0.16873169,0.16912502
80,70.65291,211.1077,70.47356,211.41946,-0.1793518,0.31176758,0.359675
80,1079.3529,91.86377,1079.3387,92.12594,-0.014160156,0.26216888,0.262551
80,1010.28735,43.72551,1010.40656,44.073635,0.11920166,0.34812546,0.3679679
80,0.9241447,289.6979,0.8807529,289.87195,-0.043391764,0.17404175,0.17936939
80,1091.4407,101.84928,1091.4282,102.122406,-0.012451172,0.2731247,0.27340835
80,979.7902,21.513132,979.755,21.723068,-0.035217285,0.20993614,0.21286954
80,1166.4929,153.94278,1166.5317,154.24588,0.03881836,0.3031006,0.30557624
80,1142.5363,135.93747,1142.57,136.30347,0.033691406,0.3659973,0.36754474
80,1121.5891,118.04072,1121.5347,118.32398,-0.05444336,0.28326416,0.28844872
80,1187.475,169.54312,1187.3729,169.7598,-0.10205078,0.2166748,0.23950435
80,156.9651,150.56874,156.86531,150.91588,-0.09979248,0.34713745,0.36119655
80,989.45734,2.75589,989.39886,2.827063,-0.05847168,0.07117319,0.09211168
80,1108.2457,110.46289,1108.2002,110.72659,-0.045532227,0.2637024,0.26760444
80,1200.3083,178.34589,1200.1671,178.55603,-0.14123535,0.21014404,0.25319546
81,214.03818,64.119225,214.0691,64.027466,0.030929565,-0.09175873,0.09683131
81,47.186096,240.58902,47.120106,240.42607,-0.06599045,-0.16294861,0.17580384
81,957.7287,1.217411,957.7149,1.1377745,-0.013793945,-0.079636574,0.08082238
81,105.478966,67.03544,105.62647,66.89793,0.14750671,-0.1375122,0.20166269
81,46.836742,68.11522,46.919777,67.993256,0.083034515,-0.1219635,0.14754601
81,1064.4489,84.13243,1064.3596,83.90801,-0.0892334,-0.22441864,0.24150844
81,967.65894,12.696663,967.6715,12.651354,0.012573242,-0.045309067,0.04702125
81,1274.3652,230.52283,1274.3585,230.3511,-0.006713867,-0.17172241,0.1718536
81,1022.08606,58.04237,1021.9802,57.9023,-0.10583496,-0.14006805,0.17555654
81,264.6301,2.741901,264.67255,2.6900926,0.04244995,-0.051808357,0.06697839
81,1041.2784,66.04936,1041.3094,65.90498,0.03100586,-0.14437866,0.14767045
81,247.10455,2.1267319,247.11482,2.0678635,0.010269165,-0.05886841,0.059757385
81,0.78058034,255.71153,0.7457056,255.56088,-0.034874737,-0.15065002,0.15463401
81,70.47356,211.41946,70.412254,211.27477,-0.061302185,-0.1446991,0.15714893
81,1079.3387,92.12594,1079.2976,91.93344,-0.041137695,-0.19249725,0.19684386
81,1010.40656,44.073635,1010.30176,43.884373,-0.10479736,-0.18926239,0.21633941
81,0.8807529,289.87195,0.89515793,289.75513,0.014405012,-0.11682129,0.11770607
81,1091.4282,102.122406,1091.4741,101.99574,0.045898438,-0.12666321,0.13472281
81,979.755,21.723068,979.8305,21.692238,0.07550049,-0.030830383,0.08155266
81,1166.5317,154.24588,1166.5221,154.08018,-0.009643555,-0.16569519,0.16597559
81,1142.57,136.30347,1142.5619,136.0831,-0.008056641,-0.22036743,0.22051466
81,1121.5347,118.32398,1121.4694,118.12988,-0.06530762,-0.19409943,0.20479178
81,1187.3729,169.7598,1187.4155,169.62221,0.04260254,-0.1375885,0.14403324
81,156.86531,150.91588,156.83519,150.84915,-0.03012085,-0.066726685,0.07321008
81,989.39886,2.827063,989.4415,2.8329,0.042663574,0.0058369637,0.04306101
81,1108.2002,110.72659,1108.1497,110.55506,-0.05053711,-0.17153168,0.17882147
81,1200.1671,178.55603,1200.2247,178.44075,0.057617188,-0.11528015,0.1288769
82,214.0691,64.027466,214.02777,64.16748,-0.04133606,0.14001465,0.14598894
82,47.120106,240.42607,46.938553,240.7369,-0.18155289,0.31082153,0.35996038
82,957.7149,1.1377745,957.7092,1.2801952,-0.0056762695,0.14242077,0.14253384
82,105.62647,66.89793,105.4875,67.081604,-0.13896942,0.18367767,0.23032583
82,46.919777,67.993256,46.842083,68.159744,-0.07769394,0.16648865,0.18372485
82,1064.3596,83.90801,1064.4259,84.168655,0.06628418,0.260643,0.26893935
82,967.6715,12.651354,967.7101,12.784033,0.03857422,0.13267899,0.13817266
82,1274.3585,230.3511,1274.2975,230.60666,-0.061035156,0.2555542,0.26274177
82,1021.9802,57.9023,1021.9616,58.071636,-0.018615723,0.16933441,0.17035459
82,264.67255,2.6900926,264.67365,2.7541718,0.0010986328,0.064079285,0.0640887
82,1041.3094,65.90498,1041.2351,66.09339,-0.07434082,0.1884079,0.20254405
82,247.11482,2.0678635,247.0468,2.1746154,-0.06802368,0.10675192,0.12658276
82,0.7457056,255.56088,0.69721854,255.77556,-0.048487067,0.2146759,0.22008349
82,70.412254,211.27477,70.27869,211.53078,-0.13356781,0.25601196,0.28876024
82,1079.2976,91.93344,1079.3594,92.224976,0.061767578,0.29153442,0.29800597
82,1010.30176,43.884373,1010.2589,43.97334,-0.04284668,0.08896637,0.09874641
82,0.89515793,289.75513,0.84921455,289.92465,-0.04594338,0.16952515,0.17564045
82,1091.4741,101.99574,1091.452,102.20482,-0.022094727,0.20907593,0.21024014
82,979.8305,21.692238,979.7949,21.746101,-0.035583496,0.053863525,0.064555906
82,1166.5221,154.08018,1166.5402,154.34679,0.018066406,0.26660156,0.267213
82,1142.5619,136.0831,1142.5433,136.33853,-0.018554688,0.25543213,0.25610515
82,1121.4694,118.12988,1121.4429,118.3411,-0.026489258,0.21121979,0.21287432
82,1187.4155,169.62221,1187.3977,169.90672,-0.017822266,0.28451538,0.28507304
82,156.83519,150.84915,156.65584,151.12256,-0.1793518,0.27340698,0.32698387
82,989.4415,2.8329,989.49927,2.8881402,0.057739258,0.055240154,0.07990805
82,1108.1497,110.55506,1108.1301,110.71696,-0.01953125,0.16189575,0.16306962
82,1200.2247,178.44075,1200.086,178.61145,-0.13867188,0.17070007,0.21992818
83,214.02777,64.16748,214.01483,64.1895,-0.012939453,0.022018433,0.025539005
83,46.938553,240.7369,47.04887,240.5934,0.11031723,-0.14349365,0.18099812
83,957.7092,1.2801952,957.71844,1.2360525,0.009216309,-0.044142723,0.045094572
83,105.4875,67.081604,105.49998,67.07717,0.01247406,-0.004432678,0.013238233
83,46.842083,68.159744,46.843044,68.13244,0.0009613037,-0.027305603,0.02732252
83,1064.4259,84.168655,1064.4745,84.16154,0.048583984,-0.007118225,0.049102675
83,967.7101,12.784033,967.7193,12.750735,0.009216309,-0.03329754,0.03454948
83,1274.2975,230.60666,1274.457,230.52432,0.1595459,-0.082336426,0.1795388
83,1021.9616,58.071636,1022.03827,58.070686,0.076660156,-0.0009498596,0.07666604
83,264.67365,2.7541718,264.6152,2.8528426,-0.058441162,0.09867072,0.11467903
83,1041.2351,66.09339,1041.408,66.10774,0.17285156,0.014350891,0.17344628
83,247.0468,2.1746154,247.20268,2.0715585,0.15588379,-0.10305691,0.18687023
83,0.69721854,255.77556,0.7336161,255.776,0.036397576,0.00044250488,0.036400266
83,70.27869,211.53078,70.22927,211.53389,-0.04941559,0.003112793,0.04951353
83,1079.3594,92.224976,1079.4294,92.19422,0.07006836,-0.03075409,0.07652051
83,1010.2589,43.97334,1010.3236,44.044067,0.064697266,0.0707283,0.09585525
83,0.84921455,289.92465,0.85898685,289.86133,0.009772301,-0.063323975,0.06407358
83,1091.452,102.20482,1091.5791,102.19113,0.1270752,-0.013687134,0.12781018
83,979.7949,21.746101,979.8782,21.787996,0.08325195,0.041894913,0.0931991
83,1166.5402,154.34679,1166.6344,154.29199,0.09423828,-0.05479431,0.10901041
83,1142.5433,136.33853,1142.6106,136.27782,0.06726074,-0.06071472,0.09061062
83,1121.4429,118.3411,1121.6221,118.352684,0.17919922,0.011581421,0.17957307
83,1187.3977,169.90672,1187.5289,169.78546,0.13122559,-0.1212616,0.17867437
83,156.65584,151.12256,156.7547,151.1844,0.098861694,0.061843872,0.11661174
83,989.49927,2.8881402,989.4498,2.9148006,-0.049438477,0.026660442,0.05616887
83,1108.1301,110.71696,1108.2959,110.72824,0.16577148,0.0112838745,0.16615508
83,1200.086,178.61145,1200.271,178.55531,0.18493652,-0.056137085,0.19326895
84,214.01483,64.1895,214.0456,64.200714,0.030761719,0.01121521,0.032742392
84,47.04887,240.5934,46.994972,240.67911,-0.053897858,0.08570862,0.10124696
84,957.71844,1.2360525,957.9609,1.278471,0.24243164,0.04241848,0.24611466
84,105.49998,67.07717,105.50444,67.085785,0.004463196,0.008613586,0.009701236
84,46.843044,68.13244,46.81223,68.15151,-0.030815125,0.019073486,0.036240444
84,1064.4745,84.16154,1064.5151,84.14409,0.040649414,-0.017448425,0.044235986
84,967.7193,12.750735,967.8608,12.750701,0.14147949,-3.4332275e-05,0.14147949
84,1274.457,230.52432,1274.5048,230.61627,0.047729492,0.09194946,0.103599265
84,1022.03827,58.070686,1022.21423,58.11689,0.17596436,0.046203613,0.18192919
84,264.6152,2.8528426,264.68857,2.8078775,0.07336426,-0.04496503,0.08604748
84,1041.408,66.10774,1041.491,66.13718,0.08300781,0.029434204,0.08807196
84,247.20268,2.0715585,247.16753,2.066661,-0.03515625,-0.0048975945,0.03549575
84,0.7336161,255.776,0.746186,255.80367,0.012569904,0.027664185,0.03038601
84,70.22927,211.53389,70.2703,211.59004,0.041030884,0.056152344,0.069545805
84,1079.4294,92.19422,1079.469,92.20094,0.03955078,0.0067214966,0.04011786
84,1010.3236,44.044067,1010.3958,44.00714,0.07220459,-0.03692627,0.081099026
84,0.85898685,289.86133,0.9148321,289.9321,0.05584526,0.07077026,0.09015056
84,1091.5791,102.19113,1091.574,102.16938,-0.005126953,-0.021751404,0.022347465
84,979.8782,21.787996,979.98206,21.737461,0.103881836,-0.050535202,0.11552161
84,1166.6344,154.29199,1166.7316,154.33424,0.09716797,0.042251587,0.105956644
84,1142.6106,136.27782,1142.6686,136.3021,0.0579834,0.024276733,0.06286044
84,1121.6221,118.352684,1121.6624,118.35225,0.040283203,-0.0004348755,0.04028555
84,1187.5289,169.78546,1187.5549,169.82607,0.026000977,0.040603638,0.048215207
84,156.7547,151.1844,156.74733,151.21971,-0.007369995,0.035308838,0.036069807
84,989.4498,2.9148006,989.4607,2.8999062,0.010864258,-0.0148944855,0.018435774
84,1108.2959,110.72824,1108.3585,110.73125,0.06262207,0.0030059814,0.06269418
84,1200.271,178.55531,1200.3414,178.60583,0.07043457,0.05052185,0.08668037
85,214.0456,64.200714,213.95435,64.24441,-0.09124756,0.043693542,0.10116938
85,46.994972,240.67911,46.887783,240.67816,-0.10718918,-0.0009460449,0.10719335
85,957.9609,1.278471,957.78076,1.2517796,-0.18011475,-0.026691437,0.18208173
85,105.50444,67.085785,105.41013,67.140686,-0.094306946,0.054901123,0.109123476
85,46.81223,68.15151,46.828487,68.22441,0.01625824,0.072898865,0.07468986
85,1064.5151,84.14409,1064.5642,84.193924,0.049072266,0.049835205,0.069940224
85,967.8608,12.750701,967.81506,12.758434,-0.045715332,0.007733345,0.046364818
85,1274.5048,230.61627,1274.4733,230.58469,-0.03149414,-0.031585693,0.044604227
85,1022.21423,58.11689,1022.0087,58.165375,-0.20550537,0.048484802,0.21114743
85,264.68857,2.8078775,264.7132,2.7773643,0.024627686,-0.030513287,0.039212033
85,1041.491,66.13718,1041.4318,66.17244,-0.0592041,0.03526306,0.06891015
85,247.16753,2.066661,247.20703,2.011248,0.039505005,-0.05541277,0.06805307
85,0.746186,255.80367,0.716013,255.79741,-0.030173004,-0.0062561035,0.030814752
85,70.2703,211.59004,70.157036,211.58755,-0.11326599,-0.0024871826,0.11329329
85,1079.469,92.20094,1079.5245,92.26553,0.055541992,0.064590454,0.085187085
85,1010.3958,44.00714,1010.3039,43.97962,-0.091918945,-0.027519226,0.095949985
85,0.9148321,289.9321,0.86260796,289.8723,-0.05222416,-0.059783936,0.079381876
85,1091.574,102.16938,1091.5839,102.184,0.009887695,0.01461792,0.017647948
85,979.98206,21.737461,980.0086,21.885967,0.026550293,0.14850616,0.15086086
85,1166.7316,154.33424,1166.6525,154.30223,-0.07910156,-0.03201294,0.085333966
85,1142.6686,136.3021,1142.6987,136.33664,0.030151367,0.0345459,0.045853287
85,1121.6624,118.35225,1121.6248,118.36945,-0.037597656,0.017204285,0.04134696
85,1187.5549,169.82607,1187.5839,169.8566,0.028930664,0.030532837,0.042062305
85,156.74733,151.21971,156.66028,151.27258,-0.08705139,0.052871704,0.101849705
85,989.4607,2.8999062,989.48834,2.8572412,0.027648926,-0.042665005,0.05084059
85,1108.3585,110.73125,1108.3058,110.73173,-0.052734375,0.00048065186,0.052736565
85,1200.3414,178.60583,1200.3036,178.6101,-0.037841797,0.004272461,0.03808222
86,213.95435,64.24441,214.02884,64.04288,0.07449341,-0.20153046,0.21485761
86,46.887783,240.67816,46.829994,240.60031,-0.05778885,-0.07785034,0.09695477
86,957.78076,1.2517796,957.85876,1.1846724,0.07800293,-0.0671072,0.1028972
86,105.41013,67.140686,105.43328,66.94558,0.023147583,-0.1951065,0.19647484
86,46.828487,68.22441,46.754192,68.00345,-0.074295044,-0.22096252,0.23311841
86,1064.5642,84.193924,1064.5309,83.96312,-0.033325195,-0.23080444,0.2331979
86,967.81506,12.758434,967.92633,12.7220955,0.11126709,-0.036338806,0.11705074
86,1274.4733,230.58469,1274.5868,230.53473,0.11352539,-0.049957275,0.12403122
86,1022.0087,58.165375,1022.10986,57.929634,0.101135254,-0.23574066,0.25651902
86,264.7132,2.7773643,264.53656,2.8077297,-0.17663574,0.030365467,0.1792268
86,1041.4318,66.17244,1041.3336,65.93029,-0.09814453,-0.24214935,0.2612827
86,247.20703,2.011248,247.07257,2.0705042,-0.13446045,0.059256077,0.14693841
86,0.716013,255.79741,0.7442767,255.71432,0.028263688,-0.08308411,0.08775993
86,70.157036,211.58755,70.18593,211.46468,0.028892517,-0.12287903,0.12623008
86,1079.5245,92.26553,1079.5038,92.04247,-0.020751953,-0.22306061,0.22402383
86,1010.3039,43.97962,1010.33356,43.890404,0.029663086,-0.08921814,0.094020076
86,0.86260796,289.8723,0.83871543,289.7633,-0.023892522,-0.10900879,0.11159645
86,1091.5839,102.184,1091.62,102.04307,0.036132812,-0.14093018,0.14548847
86,980.0086,21.885967,979.99475,21.736797,-0.0138549805,-0.14916992,0.14981197
86,1166.6525,154.30223,1166.7566,154.18794,0.10412598,-0.11428833,0.15460932
86,1142.6987,136.33664,1142.7604,136.2074,0.061645508,-0.12924194,0.14319095
86,1121.6248,118.36945,1121.8374,118.295456,0.21264648,-0.0739975,0.22515363
86,1187.5839,169.8566,1187.6416,169.77617,0.057739258,-0.08042908,0.099008374
86,156.66028,151.27258,156.73997,151.21368,0.079696655,-0.058898926,0.099099144
86,989.48834,2.8572412,989.58563,2.8105407,0.09729004,-0.046700478,0.107917964
86,1108.3058,110.73173,1108.3757,110.5956,0.06994629,-0.13613129,0.15304969
86,1200.3036,178.6101,1200.4163,178.55762,0.1126709,-0.052490234,0.12429785
87,214.02884,64.04288,213.96954,64.14194,-0.059295654,0.09906006,0.115450725
87,46.829994,240.60031,46.758495,240.59323,-0.07149887,-0.007080078,0.071848564
87,957.85876,1.1846724,957.80786,1.1905022,-0.05090332,0.005829811,0.05123607
87,105.43328,66.94558,105.26188,67.02989,-0.17140198,0.08431244,0.1910163
87,46.754192,68.00345,46.79676,68.10039,0.042568207,0.09693909,0.10587369
87,1064.5309,83.96312,1064.5381,84.078255,0.0072021484,0.11513519,0.11536024
87,967.92633,12.7220955,967.83954,12.729811,-0.08679199,0.007715225,0.087134235
87,1274.5868,230.53473,1274.5647,230.5486,-0.022094727,0.013870239,0.026087554
87,1022.10986,57.929634,1022.17285,58.032814,0.06298828,0.10317993,0.12088682
87,264.53656,2.8077297,264.53937,2.8053546,0.0028076172,-0.002375126,0.0036774906
87,1041.3336,65.93029,1041.4976,66.093094,0.16394043,0.16280365,0.23104435
87,247.07257,2.0705042,247.04553,2.0677228,-0.027038574,-0.0027813911,0.027181255
87,0.7442767,255.71432,0.6812692,255.74516,-0.063007474,0.030838013,0.0701493
87,70.18593,211.46468,70.072914,211.46574,-0.11301422,0.0010681152,0.11301927
87,1079.5038,92.04247,1079.4945,92.13207,-0.009277344,0.08959961,0.09007863
87,1010.33356,43.890404,1010.30145,43.86411,-0.032104492,-0.026294708,0.041498315
87,0.83871543,289.7633,0.8503638,289.7091,0.011648357,-0.05419922,0.055436805
87,1091.62,102.04307,1091.6553,102.14912,0.03527832,0.106048584,0.11176252
87,979.99475,21.736797,979.94037,21.73524,-0.054382324,-0.0015563965,0.05440459
87,1166.7566,154.18794,1166.7306,154.27449,-0.026000977,0.08654785,0.09036914
87,1142.7604,136.2074,1142.7854,136.29138,0.025024414,0.083984375,0.087633304
87,1121.8374,118.295456,1121.6416,118.29403,-0.19580078,-0.0014266968,0.19580598
87,1187.6416,169.77617,1187.66,169.8327,0.018432617,0.056533813,0.059462875
87,156.73997,151.21368,156.66136,151.22604,-0.07861328,0.012359619,0.07957894
87,989.58563,2.8105407,989.56006,2.8065076,-0.02557373,-0.0040330887,0.025889795
87,1108.3757,110.5956,1108.3074,110.65466,-0.068359375,0.059066772,0.09034316
87,1200.4163,178.55762,1200.42,178.59029,0.0037841797,0.032669067,0.032887504
88,213.96954,64.14194,214.02582,63.956905,0.056274414,-0.18503189,0.19340013
88,46.758495,240.59323,46.747593,240.51906,-0.010902405,-0.07417297,0.07496994
88,957.80786,1.1905022,957.9909,1.158062,0.18304443,-0.032440186,0.18589683
88,105.26188,67.02989,105.39824,66.852646,0.13636017,-0.1772461,0.22362976
88,46.79676,68.10039,46.833855,67.90691,0.037094116,-0.19347382,0.1969977
88,1064.5381,84.078255,1064.5729,83.91038,0.03479004,-0.1678772,0.17144416
88,967.83954,12.729811,967.89276,12.615977,0.053222656,-0.11383343,0.12566106
88,1274.5647,230.5486,1274.6798,230.4548,0.115112305,-0.09379578,0.14848734
88,1022.17285,58.032814,1022.05286,57.827652,-0.11999512,-0.20516205,0.23767687
88,264.53937,2.8053546,264.49683,2.789494,-0.042541504,-0.015860558,0.045401946
88,1041.4976,66.093094,1041.4927,65.844696,-0.0048828125,-0.24839783,0.24844581
88,247.04553,2.0677228,246.91888,2.1245742,-0.12664795,0.056851387,0.13882285
88,0.6812692,255.74516,0.6946205,255.6303,0.013351262,-0.114868164,0.115641475
88,70.072914,211.46574,70.06953,211.38095,-0.0033874512,-0.08479309,0.08486073
88,1079.4945,92.13207,1079.5594,91.987495,0.064941406,-0.14457703,0.1584926
88,1010.30145,43.86411,1010.3334,43.750767,0.031921387,-0.113342285,0.117751636
88,0.8503638,289.7091,0.85651016,289.67493,0.0061463714,-0.034179688,0.034727927
88,1091.6553,102.14912,1091.7186,101.98152,0.06335449,-0.16759491,0.17916988
88,979.94037,21.73524,980.0797,21.673624,0.13934326,-0.061616898,0.15235874
88,1166.7306,154.27449,1166.7146,154.0818,-0.015991211,-0.19268799,0.1933504
88,1142.7854,136.29138,1142.7653,136.08331,-0.020141602,-0.20806885,0.20904146
88,1121.6416,118.29403,1121.7543,118.1657,0.1126709,-0.12832642,0.17077002
88,1187.66,169.8327,1187.684,169.67932,0.023925781,-0.15338135,0.15523621
88,156.66136,151.22604,156.74104,151.10638,0.0796814,-0.119659424,0.14376196
88,989.56006,2.8065076,989.54016,2.8054,-0.019897461,-0.0011076927,0.01992827
88,1108.3074,110.65466,1108.3525,110.50885,0.045166016,-0.14581299,0.15264794
88,1200.42,178.59029,1200.4811,178.4465,0.061035156,-0.14378357,0.15620181
89,214.02582,63.956905,213.8729,64.16123,-0.15292358,0.20432663,0.2552156
89,46.747593,240.51906,46.58469,240.62013,-0.16290283,0.10107422,0.19171157
89,957.9909,1.158062,957.80835,1.142498,-0.18255615,-0.015563965,0.1832184
89,105.39824,66.852646,105.2458,67.02956,-0.15244293,0.1769104,0.23352973
89,46.833855,67.90691,46.680786,68.074646,-0.15306854,0.16773224,0.22707726
89,1064.5729,83.91038,1064.4336,84.01301,-0.13928223,0.102630615,0.17301035
89,967.89276,12.615977,967.82355,12.647045,-0.06921387,0.031067848,0.075866796
89,1274.6798,230.4548,1274.551,230.57759,-0.12878418,0.122787476,0.17793855
89,1022.05286,57.827652,1022.1459,58.005848,0.09301758,0.17819595,0.2010126
89,264.49683,2.789494,264.6527,2.6530614,0.15588379,-0.13643265,0.20715603
89,1041.4927,65.844696,1041.4962,66.053116,0.003540039,0.2084198,0.20844987
89,246.91888,2.1245742,246.82434,2.1714315,-0.09454346,0.046857357,0.10551813
89,0.6946205,255.6303,0.66101646,255.75972,-0.033604026,0.12942505,0.13371639
89,70.06953,211.38095,69.95935,211.48717,-0.11017609,0.10621643,0.15303823
89,1079.5594,91.987495,1079.5491,92.16641,-0.010375977,0.17891693,0.17921755
89,1010.3334,43.750767,1010.3373,43.856224,0.00390625,0.105457306,0.10552963
89,0.85651016,289.67493,0.77447283,289.68994,-0.08203733,0.015014648,0.08340002
89,1091.7186,101.98152,1091.663,102.15208,-0.055664062,0.17055511,0.17940885
89,980.0797,21.673624,980.0047,21.740181,-0.07501221,0.06655693,0.10028288
89,1166.7146,154.0818,1166.6682,154.2702,-0.04638672,0.18840027,0.19402678
89,1142.7653,136.08331,1142.7357,136.23894,-0.029541016,0.15562439,0.15840335
89,1121.7543,118.1657,1121.7208,118.319786,-0.033447266,0.15408325,0.1576717
89,1187.684,169.67932,1187.662,169.8301,-0.021972656,0.1507721,0.15236476
89,156.74104,151.10638,156.63875,151.30157,-0.10229492,0.19519043,0.2203714
89,989.54016,2.8054,989.4575,2.8445153,-0.0826416,0.03911543,0.091431126
89,1108.3525,110.50885,1108.5256,110.756065,0.1730957,0.24721527,0.3017905
89,1200.4811,178.4465,1200.4484,178.60944,-0.032714844,0.16293335,0.16618526
90,213.8729,64.16123,213.98921,64.01914,0.11631775,-0.14208984,0.18362828
90,46.58469,240.62013,46.604286,240.54639,0.0195961,-0.07374573,0.07630491
90,957.80835,1.142498,957.8552,1.0809565,0.046875,-0.061541557,0.077360384
90,105.2458,67.02956,105.270935,66.935135,0.025138855,-0.09442139,0.097710595
90,46.680786,68.074646,46.85647,67.96417,0.17568207,-0.11047363,0.20752978
90,1064.4336,84.01301,1064.5624,83.93965,0.12878418,-0.07335663,0.1482112
90,967.82355,12.647045,967.8214,12.608265,-0.0021362305,-0.038780212,0.038839005
90,1274.551,230.57759,1274.5914,230.49345,0.040405273,-0.08413696,0.09333603
90,1022.1459,58.005848,1022.1737,57.904125,0.027832031,-0.10172272,0.10546152
90,264.6527,2.6530614,264.53943,2.7317252,-0.11328125,0.078663826,0.13791533
90,1041.4962,66.053116,1041.4734,65.935745,-0.022827148,-0.117370605,0.1195698
90,246.82434,2.1714315,246.81895,2.162282,-0.0053863525,-0.009149551,0.010617301
90,0.66101646,255.75972,0.6590767,255.68295,-0.0019397736,-0.07676697,0.07679147
90,69.95935,211.48717,69.89026,211.53973,-0.0690918,0.05256653,0.08681542
90,1079.5491,92.16641,1079.4888,92.037674,-0.060302734,-0.1287384,0.14216186
90,1010.3373,43.856224,1010.39465,43.807716,0.057373047,-0.04850769,0.07513097
90,0.77447283,289.68994,0.78665066,289.64334,0.012177825,-0.04660034,0.04816525
90,1091.663,102.15208,1091.684,102.07179,0.020996094,-0.08028412,0.08298419
90,980.0047,21.740181,980.0182,21.622461,0.0134887695,-0.11771965,0.11848993
90,1166.6682,154.2702,1166.8481,154.2578,0.17993164,-0.0124053955,0.18035878
90,1142.7357,136.23894,1142.7509,136.17206,0.015136719,-0.06687927,0.068570815
90,1121.7208,118.319786,1121.8059,118.23555,0.08508301,-0.084236145,0.119728215
90,1187.662,169.8301,1187.6176,169.68214,-0.044433594,-0.14794922,0.15447755
90,156.63875,151.30157,156.65877,151.26625,0.020019531,-0.035324097,0.04060263
90,989.4575,2.8445153,989.37354,2.8323994,-0.083984375,-0.012115955,0.08485383
90,1108.5256,110.756065,1108.5831,110.68102,0.057495117,-0.075042725,0.09453623
90,1200.4484,178.60944,1200.4734,178.54245,0.025024414,-0.066986084,0.07150774
91,213.98921,64.01914,213.90025,64.11574,-0.08895874,0.096595764,0.13131793
91,46.604286,240.54639,46.556377,240.62627,-0.047908783,0.07987976,0.0931452
91,957.8552,1.0809565,957.8442,1.1425648,-0.011047363,0.061608315,0.062590964
91,105.270935,66.935135,105.255936,67.032715,-0.01499939,0.097579956,0.09872603
91,46.85647,67.96417,46.8083,68.0681,-0.048168182,0.10392761,0.11454747
91,1064.5624,83.93965,1064.478,84.01577,-0.084350586,0.07611847,0.11361797
91,967.8214,12.608265,967.86536,12.688795,0.043945312,0.08053017,0.091740385
91,1274.5914,230.49345,1274.6686,230.57632,0.07714844,0.08287048,0.11322278
91,1022.1737,57.904125,1022.1521,57.977196,-0.021606445,0.073070526,0.076198034
91,264.53943,2.7317252,264.5389,2.6975327,-0.0005187988,-0.034192562,0.034196496
91,1041.4734,65.935745,1041.5413,66.02773,0.067871094,0.09198761,0.114316255
91,246.81895,2.162282,246.91689,2.079132,0.09793091,-0.08314991,0.12846933
91,0.6590767,255.68295,0.64772755,255.76543,-0.011349142,0.082473755,0.08325096
91,69.89026,211.53973,69.92289,211.56635,0.03263092,0.026611328,0.042106293
91,1079.4888,92.037674,1079.5881,92.14975,0.099365234,0.112075806,0.14978129
91,1010.39465,43.807716,1010.4192,43.858887,0.024536133,0.05117035,0.0567488
91,0.78665066,289.64334,0.6125927,289.87637,-0.17405796,0.23303223,0.29086113
91,1091.684,102.07179,1091.7065,102.1758,0.022583008,0.104003906,0.10642746
91,980.0182,21.622461,980.13184,21.807947,0.11364746,0.18548584,0.21753332
91,1166.8481,154.2578,1166.8043,154.2948,-0.043823242,0.037002563,0.057355613
91,1142.7509,136.17206,1142.7141,136.20636,-0.036743164,0.034301758,0.050265998
91,1121.8059,118.23555,1121.7388,118.27099,-0.06713867,0.035438538,0.07591766
91,1187.6176,169.68214,1187.6714,169.80696,0.053833008,0.124816895,0.13593104
91,156.65877,151.26625,156.67166,151.24423,0.012893677,-0.022018433,0.025515843
91,989.37354,2.8323994,989.48926,2.8500352,0.115722656,0.017635822,0.11705877
91,1108.5831,110.68102,1108.5026,110.72928,-0.080566406,0.04825592,0.09391262
91,1200.4734,178.54245,1200.4515,178.58664,-0.021850586,0.044189453,0.04929661
92,213.90025,64.11574,213.92682,64.08142,0.026565552,-0.034317017,0.043397997
92,46.556377,240.62627,46.577053,240.5555,0.02067566,-0.07077026,0.07372864
92,957.8442,1.1425648,957.87994,1.1480799,0.0357666,0.0055150986,0.03618931
92,105.255936,67.032715,105.26264,66.899475,0.006706238,-0.13323975,0.13340841
92,46.8083,68.0681,46.85471,67.97955,0.046409607,-0.08854675,0.09997189
92,1064.478,84.01577,1064.6115,83.988396,0.13342285,-0.027374268,0.13620208
92,967.86536,12.688795,967.8297,12.613198,-0.03564453,-0.07559681,0.083578765
92,1274.6686,230.57632,1274.6432,230.52293,-0.025390625,-0.053390503,0.05912047
92,1022.1521,57.977196,1022.1289,57.930874,-0.02319336,-0.04632187,0.05180393
92,264.5389,2.6975327,264.5401,2.7261746,0.0011901855,0.02864194,0.028666656
92,1041.5413,66.02773,1041.6094,65.96074,0.068115234,-0.06699371,0.09553974
92,246.91689,2.079132,246.96356,2.0055604,0.046676636,-0.07357168,0.08712922
92,0.64772755,255.76543,0.64515877,255.7416,-0.0025687814,-0.023834229,0.023972256
92,69.92289,211.56635,69.92142,211.59329,-0.0014724731,0.026947021,0.026987221
92,1079.5881,92.14975,1079.6304,92.093285,0.042236328,-0.05646515,0.07051397
92,1010.4192,43.858887,1010.41693,43.853535,-0.0022583008,-0.0053520203,0.0058089625
92,0.6125927,289.87637,1.0384779,289.36237,0.4258852,-0.51400757,0.6675193
92,1091.7065,102.1758,1091.7522,102.05723,0.045654297,-0.11856842,0.12705426
92,980.13184,21.807947,980.00946,21.647095,-0.12237549,-0.16085243,0.202112
92,1166.8043,154.2948,1166.78,154.2135,-0.024291992,-0.08129883,0.08485046
92,1142.7141,136.20636,1142.7721,136.19478,0.0579834,-0.011581421,0.059128705
92,1121.7388,118.27099,1121.7476,118.246315,0.0087890625,-0.024673462,0.026192123
92,1187.6714,169.80696,1187.701,169.7363,0.029663086,-0.07066345,0.07663695
92,156.67166,151.24423,156.58168,151.19273,-0.08998108,-0.051498413,0.10367584
92,989.48926,2.8500352,989.4809,2.7678099,-0.008361816,-0.08222532,0.0826494
92,1108.5026,110.72928,1108.6724,110.72163,0.1697998,-0.0076522827,0.16997215
92,1200.4515,178.58664,1200.5298,178.56715,0.07824707,-0.019485474,0.08063676
93,213.92682,64.08142,213.88727,64.096344,-0.03955078,0.014923096,0.042272486
93,46.577053,240.5555,46.471508,240.61383,-0.105545044,0.05833435,0.12059292
93,957.87994,1.1480799,957.7377,1.1329346,-0.14227295,-0.015145302,0.1430768
93,105.26264,66.899475,105.192215,67.02104,-0.07042694,0.12156677,0.14049354
93,46.85471,67.97955,46.702404,68.0709,-0.1523056,0.09134674,0.17759849
93,1064.6115,83.988396,1064.556,84.07126,-0.055419922,0.082862854,0.09968761
93,967.8297,12.613198,967.7723,12.673361,-0.057434082,0.060162544,0.08317575
93,1274.6432,230.52293,1274.6453,230.581,0.0020751953,0.058059692,0.058096766
93,1022.1289,57.930874,1022.1011,57.972893,-0.027832031,0.04201889,0.050400488
93,264.5401,2.7261746,264.48444,2.739532,-0.055664062,0.013357401,0.057244286
93,1041.6094,65.96074,1041.4706,66.02844,-0.13879395,0.06770325,0.15442632
93,246.96356,2.0055604,246.96223,1.9766369,-0.0013275146,-0.028923512,0.02895396
93,0.64515877,255.7416,0.65015125,255.7577,0.004992485,0.016113281,0.016868988
93,69.92142,211.59329,69.89722,211.61885,-0.02420044,0.025558472,0.035197966
93,1079.6304,92.093285,1079.5934,92.16925,-0.036987305,0.07596588,0.08449187
93,1010.41693,43.853535,1010.4473,43.950745,0.030395508,0.09720993,0.10185115
93,1.0384779,289.36237,0.96996593,289.37195,-0.06851196,0.0095825195,0.06917886
93,1091.7522,102.05723,1091.6687,102.13643,-0.083496094,0.079200745,0.11508412
93,980.00946,21.647095,980.00366,21.73256,-0.00579834,0.08546448,0.08566094
93,1166.78,154.2135,1166.7761,154.29851,-0.00390625,0.085006714,0.08509642
93,1142.7721,136.19478,1142.7898,136.27444,0.017700195,0.07966614,0.081608765
93,1121.7476,118.246315,1121.6587,118.224724,-0.08886719,-0.021591187,0.09145248
93,1187.701,169.7363,1187.6238,169.78688,-0.07727051,0.050582886,0.09235453
93,156.58168,151.19273,156.54128,151.26129,-0.040405273,0.06855774,0.07957858
93,989.4809,2.7678099,989.3806,2.764913,-0.10028076,-0.0028967857,0.10032259
93,1108.6724,110.72163,1108.4985,110.731476,-0.17382812,0.009849548,0.17410696
93,1200.5298,178.56715,1200.45,178.60022,-0.079833984,0.033065796,0.086410716
94,213.88727,64.096344,213.97987,63.950806,0.09260559,-0.14553833,0.17250276
94,46.471508,240.61383,46.53915,240.46397,0.06764221,-0.14985657,0.16441551
94,957.7377,1.1329346,957.9173,0.9949846,0.17962646,-0.13794994,0.22648588
94,105.192215,67.02104,105.257355,66.77983,0.06513977,-0.24121094,0.24985176
94,46.702404,68.0709,46.732193,67.88147,0.029788971,-0.18943024,0.19175817
94,1064.556,84.07126,1064.6656,83.965866,0.10961914,-0.105392456,0.15206553
94,967.7723,12.673361,967.8486,12.463692,0.076293945,-0.20966911,0.22311859
94,1274.6453,230.581,1274.736,230.43643,0.09069824,-0.14456177,0.17065835
94,1022.1011,57.972893,1022.181,57.81614,0.079956055,-0.15675354,0.17596774
94,264.48444,2.739532,264.4446,2.8293247,-0.03982544,0.08979273,0.098228306
94,1041.4706,66.02844,1041.5223,65.821915,0.051757812,-0.20652771,0.21291445
94,246.96223,1.9766369,246.9811,1.9502869,0.018859863,-0.026350021,0.032403983
94,0.65015125,255.7577,0.70333767,255.68205,0.053186417,-0.075653076,0.09247801
94,69.89722,211.61885,70.034775,211.50162,0.13755798,-0.11723328,0.18073694
94,1079.5934,92.16925,1079.7035,91.9962,0.11010742,-0.17304993,0.20510954
94,1010.4473,43.950745,1010.4994,43.696777,0.05206299,-0.2539673,0.2592488
94,0.96996593,289.37195,0.9396627,289.34006,-0.03030324,-0.03189087,0.043992203
94,1091.6687,102.13643,1091.6884,101.9368,0.01965332,-0.19963074,0.20059583
94,980.00366,21.73256,980.1602,21.633451,0.15655518,-0.09910774,0.18528861
94,1166.7761,154.29851,1166.8945,154.13707,0.1184082,-0.16143799,0.20020671
94,1142.7898,136.27444,1142.7604,136.02661,-0.029418945,-0.24783325,0.24957323
94,1121.6587,118.224724,1121.8846,118.18829,0.22595215,-0.03643036,0.22887015
94,1187.6238,169.78688,1187.7311,169.63524,0.107299805,-0.15164185,0.18576463
94,156.54128,151.26129,156.60796,151.15045,0.06668091,-0.110839844,0.12935151
94,989.3806,2.764913,989.6194,2.7821264,0.23876953,0.017213345,0.2393892
94,1108.4985,110.731476,1108.6193,110.58248,0.12072754,-0.14899445,0.19176675
94,1200.45,178.60022,1200.4868,178.39684,0.036865234,-0.2033844,0.20669848
95,213.97987,63.950806,213.89896,64.22366,-0.08091736,0.27285767,0.28460312
95,46.53915,240.46397,46.398224,240.75874,-0.14092636,0.2947693,0.32672492
95,957.9173,0.9949846,957.77637,1.222682,-0.14093018,0.22769737,0.2677824
95,105.257355,66.77983,105.20188,67.0845,-0.055473328,0.30467224,0.30968124
95,46.732193,67.88147,46.627754,68.147156,-0.10443878,0.26568604,0.28547597
95,1064.6656,83.965866,1064.605,84.21124,-0.060668945,0.24537659,0.25276548
95,967.8486,12.463692,967.8147,12.7268095,-0.03387451,0.2631178,0.26528937
95,1274.736,230.43643,1274.696,230.73325,-0.039916992,0.29681396,0.29948604
95,1022.181,57.81614,1022.2131,58.13356,0.032043457,0.31742096,0.31903425
95,264.4446,2.8293247,264.54224,2.7830386,0.09762573,-0.046286106,0.10804252
95,1041.5223,65.821915,1041.4746,66.13814,-0.047729492,0.31622314,0.3198049
95,246.9811,1.9502869,247.00558,1.9865036,0.024490356,0.036216736,0.0437199
95,0.70333767,255.68205,0.6560531,255.94855,-0.047284544,0.26649475,0.27065712
95,70.034775,211.50162,69.89804,211.81583,-0.13673401,0.31420898,0.3426711
95,1079.7035,91.9962,1079.606,92.289665,-0.09753418,0.29346466,0.30924815
95,1010.4994,43.696777,1010.45233,43.996365,-0.047058105,0.29958725,0.3032606
95,0.9396627,289.34006,0.92357564,289.43384,-0.016087055,0.09378052,0.09515029
95,1091.6884,101.9368,1091.6719,102.219505,-0.016479492,0.2827072,0.28318712
95,980.1602,21.633451,980.09,21.861809,-0.07019043,0.22835732,0.23890115
95,1166.8945,154.13707,1166.7803,154.40244,-0.11425781,0.2653656,0.28891823
95,1142.7604,136.02661,1142.7212,136.31927,-0.03918457,0.29266357,0.29527512
95,1121.8846,118.18829,1121.642,118.356224,-0.24267578,0.1679306,0.29511392
95,1187.7311,169.63524,1187.6616,169.92041,-0.06945801,0.2851715,0.29350844
95,156.60796,151.15045,156.57455,151.35654,-0.03340149,0.2060852,0.20877445
95,989.6194,2.7821264,989.6157,2.8330894,-0.0036621094,0.050962925,0.05109433
95,1108.6193,110.58248,1108.4019,110.78189,-0.21740723,0.19940948,0.29500854
95,1200.4868,178.39684,1200.4202,178.70505,-0.06665039,0.30821228,0.31533647
96,213.89896,64.22366,213.93733,64.222565,0.038375854,-0.0010986328,0.03839158
96,46.398224,240.75874,46.46331,240.71912,0.065086365,-0.039627075,0.07620066
96,957.77637,1.222682,957.89905,1.3051262,0.122680664,0.08244419,0.14780931
96,105.20188,67.0845,105.18816,67.093445,-0.013717651,0.00894165,0.016374586
96,46.627754,68.147156,46.65782,68.16237,0.030067444,0.015213013,0.033696987
96,1064.605,84.21124,1064.6838,84.22121,0.07885742,0.009963989,0.079484425
96,967.8147,12.7268095,967.8729,12.79974,0.05822754,0.072930336,0.09332352
96,1274.696,230.73325,1274.6489,230.66246,-0.04711914,-0.07078552,0.08503413
96,1022.2131,58.13356,1022.17975,58.103615,-0.033325195,-0.029945374,0.044802833
96,264.54224,2.7830386,264.56256,2.7668972,0.020324707,-0.016141415,0.025954556
96,1041.4746,66.13814,1041.4655,66.11609,-0.009155273,-0.02204895,0.023874154
96,247.00558,1.9865036,247.00061,1.9995604,-0.0049743652,0.013056755,0.013972228
96,0.6560531,255.94855,0.6264782,255.97646,-0.02957493,0.027908325,0.04066388
96,69.89804,211.81583,70.00573,211.74292,0.107688904,-0.072906494,0.13004713
96,1079.606,92.289665,1079.6191,92.283966,0.013183594,-0.0056991577,0.014362713
96,1010.45233,43.996365,1010.4678,43.99869,0.0154418945,0.0023269653,0.015616237
96,0.92357564,289.43384,0.9050368,289.42755,-0.018538833,-0.006286621,0.019575749
96,1091.6719,102.219505,1091.7007,102.23212,0.028808594,0.012611389,0.031448085
96,980.09,21.861809,980.0647,21.87561,-0.02532959,0.013801575,0.028845651
96,1166.7803,154.40244,1166.83,154.39694,0.049682617,-0.005493164,0.04998537
96,1142.7212,136.31927,1142.78,136.33273,0.05883789,0.013458252,0.06035745
96,1121.642,118.356224,1121.7,118.37247,0.0579834,0.016242981,0.06021552
96,1187.6616,169.92041,1187.7493,169.92853,0.087646484,0.008117676,0.088021606
96,156.57455,151.35654,156.56725,151.36044,-0.00730896,0.00390625,0.008287321
96,989.6157,2.8330894,989.5462,2.8522744,-0.06951904,0.019185066,0.07211771
96,1108.4019,110.78189,1108.5177,110.833115,0.11584473,0.051223755,0.12666442
96,1200.4202,178.70505,1200.5775,178.71246,0.15734863,0.0074157715,0.15752329
97,213.93733,64.222565,213.91776,64.22438,-0.019577026,0.0018157959,0.019661054
97,46.46331,240.71912,46.49012,240.69969,0.026809692,-0.019424438,0.033106923
97,957.89905,1.3051262,957.7926,1.2563305,-0.10644531,-0.0487957,0.11709665
97,105.18816,67.093445,105.19534,67.11636,0.0071792603,0.022918701,0.02401684
97,46.65782,68.16237,46.779453,68.17488,0.12163162,0.012512207,0.12227349
97,1064.6838,84.22121,1064.6324,84.22044,-0.0513916,-0.00076293945,0.051397264
97,967.8729,12.79974,967.8489,12.787818,-0.024047852,-0.011921883,0.026840836
97,1274.6489,230.66246,1274.7601,230.73572,0.111206055,0.07325745,0.13316697
97,1022.17975,58.103615,1022.17596,58.117447,-0.0037841797,0.013832092,0.01434039
97,264.56256,2.7668972,264.56805,2.748005,0.005493164,-0.018892288,0.019674689
97,1041.4655,66.11609,1041.5381,66.17685,0.072631836,0.060760498,0.09469542
97,247.00061,1.9995604,246.99873,2.034474,-0.001876831,0.03491354,0.03496395
97,0.6264782,255.97646,0.64721775,255.95984,0.020739555,-0.016616821,0.026575325
97,70.00573,211.74292,69.97477,211.79077,-0.030960083,0.047851562,0.05699385
97,1079.6191,92.283966,1079.6301,92.31885,0.010986328,0.03488159,0.03657082
97,1010.4678,43.99869,1010.47076,44.023357,0.0029907227,0.024665833,0.024846483
97,0.9050368,289.42755,0.8846708,289.39972,-0.020366013,-0.027832031,0.034487627
97,1091.7007,102.23212,1091.7354,102.25952,0.03466797,0.027404785,0.044191517
97,980.0647,21.87561,980.05817,21.869257,-0.0065307617,-0.0063533783,0.009111326
97,1166.83,154.39694,1166.846,154.41245,0.015991211,0.01550293,0.022272397
97,1142.78,136.33273,1142.7773,136.34732,-0.0026855469,0.014587402,0.014832548
97,1121.7,118.37247,1121.6917,118.3461,-0.008300781,-0.026367188,0.02764293
97,1187.7493,169.92853,1187.7039,169.93184,-0.045410156,0.0033111572,0.045530714
97,156.56725,151.36044,156.65271,151.36809,0.08546448,0.0076446533,0.08580569
97,989.5462,2.8522744,989.45496,3.0256858,-0.09124756,0.17341137,0.1959531
97,1108.5177,110.833115,1108.5118,110.8278,-0.005859375,-0.005317688,0.0079126535
97,1200.5775,178.71246,1200.4619,178.67372,-0.115600586,-0.038742065,0.12191982
98,213.91776,64.22438,213.89323,64.185486,-0.024520874,-0.038894653,0.04597899
98,46.49012,240.69969,46.434315,240.70024,-0.055805206,0.0005493164,0.05580791
98,957.7926,1.2563305,957.817,1.1913605,0.024414062,-0.06497002,0.06940569
98,105.19534,67.11636,105.21213,67.07732,0.016784668,-0.03904724,0.042501908
98,46.779453,68.17488,46.75101,68.17053,-0.028442383,-0.004348755,0.028772919
98,1064.6324,84.22044,1064.619,84.15293,-0.013427734,-0.06751251,0.0688349
98,967.8489,12.787818,967.8327,12.779455,-0.016174316,-0.00836277,0.018208362
98,1274.7601,230.73572,1274.5724,230.59619,-0.18774414,-0.13952637,0.23391338
98,1022.17596,58.117447,1022.1945,58.08443,0.018554688,-0.033016205,0.03787276
98,264.56805,2.748005,264.5319,2.7700047,-0.03616333,0.021999836,0.042329412
98,1041.5381,66.17685,1041.4724,66.073326,-0.06567383,-0.103523254,0.122597374
98,246.99873,2.034474,246.76176,2.1653671,-0.236969,0.13089323,0.27071634
98,0.64721775,255.95984,0.5747423,255.87906,-0.07247543,-0.08078003,0.10852696
98,69.97477,211.79077,69.92657,211.7573,-0.048202515,-0.033477783,0.058687687
98,1079.6301,92.31885,1079.5654,92.19846,-0.064697266,-0.12038422,0.13666783
98,1010.47076,44.023357,1010.48517,44.034046,0.014404297,0.010688782,0.01793694
98,0.8846708,289.39972,0.8356343,289.23355,-0.049036503,-0.16616821,0.17325257
98,1091.7354,102.25952,1091.6846,102.238976,-0.05078125,-0.02054596,0.05478021
98,980.05817,21.869257,980.0678,21.895676,0.009643555,0.026418686,0.028123748
98,1166.846,154.41245,1166.7908,154.29701,-0.05517578,-0.11543274,0.12794173
98,1142.7773,136.34732,1142.7778,136.30219,0.00048828125,-0.045135498,0.04513814
98,1121.6917,118.3461,1121.7574,118.35837,0.0657959,0.012268066,0.066929854
98,1187.7039,169.93184,1187.6516,169.84961,-0.052246094,-0.082229614,0.09742363
98,156.65271,151.36809,156.52316,151.3718,-0.12954712,0.0037078857,0.12960017
98,989.45496,3.0256858,989.31995,2.9531226,-0.13500977,-0.07256317,0.15327443
98,1108.5118,110.8278,1108.5338,110.83192,0.021972656,0.004119873,0.022355558
98,1200.4619,178.67372,1200.4423,178.65288,-0.01965332,-0.020843506,0.028647944
99,213.89323,64.185486,213.75282,64.34017,-0.14041138,0.15468597,0.20890932
99,46.434315,240.70024,46.44624,240.91068,0.011924744,0.21043396,0.21077156
99,957.817,1.1913605,957.7998,1.2837133,-0.017211914,0.09235287,0.09394308
99,105.21213,67.07732,104.883995,67.27472,-0.32813263,0.19740295,0.38293466
99,46.75101,68.17053,46.64521,68.30893,-0.10580063,0.13839722,0.17420553
99,1064.619,84.15293,1064.5482,84.26635,-0.07080078,0.11341858,0.13370313
99,967.8327,12.779455,967.79517,12.764233,-0.03753662,-0.015222549,0.04050585
99,1274.5724,230.59619,1274.6611,230.8773,0.08874512,0.28111267,0.29478812
99,1022.1945,58.08443,1022.1294,58.195515,-0.06512451,0.111083984,0.12876667
99,264.5319,2.7700047,264.54675,2.749126,0.014862061,-0.020878792,0.025628204
99,1041.4724,66.073326,1041.3962,66.23071,-0.076171875,0.15738678,0.17485066
99,246.76176,2.1653671,246.76118,2.16722,-0.000579834,0.0018529892,0.0019415912
99,0.5747423,255.87906,0.51882744,256.0979,-0.05591488,0.21884155,0.22587186
99,69.92657,211.7573,69.89501,211.94176,-0.031555176,0.1844635,0.18714303
99,1079.5654,92.19846,1079.3993,92.29446,-0.1661377,0.09599304,0.191876
99,1010.48517,44.034046,1010.5465,44.23625,0.061340332,0.20220566,0.2113049
99,0.8356343,289.23355,0.7986785,289.41788,-0.036955774,0.18432617,0.18799433
99,1091.6846,102.238976,1091.5914,102.29629,-0.09313965,0.05731201,0.10936023
99,980.0678,21.895676,979.9975,21.933977,-0.0703125,0.038301468,0.08006778
99,1166.7908,154.29701,1166.7944,154.54884,0.0036621094,0.25183105,0.25185767
99,1142.7778,136.30219,1142.7194,136.44687,-0.05847168,0.14468384,0.1560524
99,1121.7574,118.35837,1121.6597,118.43975,-0.09777832,0.08138275,0.12721539
99,1187.6516,169.84961,1187.6913,170.07605,0.03967285,0.22644043,0.22988954
99,156.52316,151.3718,156.42741,151.49847,-0.0957489,0.12667847,0.15879321
99,989.31995,2.9531226,989.3054,3.0095768,-0.014526367,0.05645418,0.058293138
99,1108.5338,110.83192,1108.2744,110.79786,-0.2593994,-0.034057617,0.26162565
99,1200.4423,178.65288,1200.3595,178.78606,-0.08276367,0.13317871,0.1568005
100,213.75282,64.34017,213.91069,64.1548,0.15786743,-0.1853714,0.24348445
100,46.44624,240.91068,46.66811,240.64955,0.22187042,-0.26112366,0.34265444
100,957.7998,1.2837133,957.921,1.1366444,0.12121582,-0.14706898,0.19058478
100,104.883995,67.27472,105.0874,67.03341,0.20340729,-0.24131012,0.31560275
100,46.64521,68.30893,46.650925,68.0495,0.0057144165,-0.25942993,0.25949287
100,1064.5482,84.26635,1064.7565,84.15093,0.20825195,-0.11541748,0.23809677
100,967.79517,12.764233,967.906,12.6369095,0.110839844,-0.12732315,0.16880953
100,1274.6611,230.8773,1274.847,230.63417,0.18591309,-0.24313354,0.30606797
100,1022.1294,58.195515,1022.3056,58.01427,0.1762085,-0.1812439,0.2527821
100,264.54675,2.749126,264.55307,2.7232914,0.0063171387,-0.02583456,0.026595691
100,1041.3962,66.23071,1041.737,66.05306,0.3408203,-0.17765045,0.3843412
100,246.76118,2.16722,246.76714,2.166843,0.0059509277,-0.0003771782,0.0059628687
100,0.51882744,256.0979,0.5718355,255.85649,0.05300808,-0.2414093,0.2471605
100,69.89501,211.94176,70.086395,211.70667,0.19138336,-0.23509216,0.30314338
100,1079.3993,92.29446,1079.7013,92.15265,0.30200195,-0.14180756,0.33363837
100,1010.5465,44.23625,1010.6082,44.013042,0.061706543,-0.22320938,0.23158179
100,0.7986785,289.41788,1.0598326,289.04462,0.26115406,-0.3732605,0.45554894
100,1091.5914,102.29629,1091.8595,102.151955,0.2680664,-0.14433289,0.30445293
100,979.9975,21.933977,980.0962,21.74327,0.09869385,-0.19070625,0.21473089
100,1166.7944,154.54884,1167.0789,154.36452,0.28442383,-0.18432617,0.33892927
100,1142.7194,136.44687,1143.0391,136.28442,0.31970215,-0.16244507,0.35860544
100,1121.6597,118.43975,1121.8907,118.29061,0.2310791,-0.1491394,0.27502748
100,1187.6913,170.07605,1187.8212,169.77673,0.12988281,-0.2993164,0.32628188
100,156.42741,151.49847,156.56432,151.2675,0.13690186,-0.23097229,0.2684964
100,989.3054,3.0095768,989.46436,2.9474664,0.15893555,-0.062110424,0.1706406
100,1108.2744,110.79786,1108.567,110.66587,0.29260254,-0.13198853,0.3209941
100,1200.3595,178.78606,1200.6595,178.60617,0.30004883,-0.17988586,0.34984028
101,213.91069,64.1548,213.93166,64.153305,0.020965576,-0.0014953613,0.021018837
101,46.66811,240.64955,46.567528,240.76955,-0.10058212,0.11999512,0.15657456
101,957.921,1.1366444,957.9813,1.1591578,0.060302734,0.02251339,0.064368255
101,105.0874,67.03341,104.95867,67.08565,-0.12873077,0.052238464,0.13892613
101,46.650925,68.0495,46.65088,68.11049,-4.5776367e-05,0.06098938,0.0609894
101,1064.7565,84.15093,1064.8137,84.124725,0.057250977,-0.02620697,0.06296411
101,967.906,12.6369095,967.9586,12.650491,0.052612305,0.013581276,0.054336965
101,1274.847,230.63417,1274.8887,230.72096,0.041625977,0.08679199,0.09625784
101,1022.3056,58.01427,1022.4481,58.08119,0.14251709,0.06691742,0.15744543
101,264.55307,2.7232914,264.54364,2.7028117,-0.009429932,-0.02047968,0.022546416
101,1041.737,66.05306,1041.6985,66.08299,-0.03857422,0.029930115,0.04882399
101,246.76714,2.166843,246.72765,2.2181954,-0.039489746,0.0513525,0.06478055
101,0.5718355,255.85649,0.49809742,255.89369,-0.0737381,0.037200928,0.082590654
101,70.086395,211.70667,70.0472,211.73105,-0.0391922,0.024383545,0.04615827
101,1079.7013,92.15265,1079.762,92.19526,0.060668945,0.04261017,0.07413735
101,1010.6082,44.013042,1010.62067,43.903084,0.012451172,-0.10995865,0.11066136
101,1.0598326,289.04462,1.0475101,289.04193,-0.012322426,-0.0026855469,0.012611675
101,1091.8595,102.151955,1091.8903,102.1342,0.030761719,-0.017753601,0.03551723
101,980.0962,21.74327,980.1695,21.76563,0.07330322,0.022359848,0.076637626
101,1167.0789,154.36452,1167.0726,154.4048,-0.006225586,0.040283203,0.040761434
101,1143.0391,136.28442,1142.9913,136.30931,-0.047729492,0.024887085,0.053828165
101,1121.8907,118.29061,1121.8596,118.30857,-0.03112793,0.017959595,0.035937376
101,1187.8212,169.77673,1187.8734,169.89012,0.052246094,0.11338806,0.12484593
101,156.56432,151.2675,156.49112,151.35168,-0.07319641,0.08418274,0.11155468
101,989.46436,2.9474664,989.3838,2.908845,-0.080566406,-0.038621426,0.08934517
101,1108.567,110.66587,1108.5536,110.67034,-0.013427734,0.004470825,0.014152467
101,1200.6595,178.60617,1200.6437,178.65024,-0.01586914,0.044067383,0.04683763
102,213.93166,64.153305,213.71017,64.12094,-0.22148132,-0.03236389,0.22383341
102,46.567528,240.76955,46.4577,240.68993,-0.10982895,-0.07962036,0.13565323
102,957.9813,1.1591578,957.8764,1.184144,-0.10491943,0.024986267,0.107853614
102,104.95867,67.08565,104.94544,67.00689,-0.01322937,-0.07875824,0.07986161
102,46.65088,68.11049,46.573307,68.09912,-0.07757187,-0.011367798,0.078400396
102,1064.8137,84.124725,1064.6897,84.03499,-0.12402344,-0.08973694,0.15308341
102,967.9586,12.650491,967.88434,12.680878,-0.074279785,0.030386925,0.08025492
102,1274.8887,230.72096,1274.7201,230.59637,-0.1685791,-0.12458801,0.2096213
102,1022.4481,58.08119,1022.1896,57.970497,-0.25854492,-0.11069107,0.28124365
102,264.54364,2.7028117,264.39124,2.6535516,-0.15240479,-0.04926014,0.16016798
102,1041.6985,66.08299,1041.6362,66.026245,-0.06225586,-0.056747437,0.084238134
102,246.72765,2.2181954,246.69855,2.0099225,-0.02909851,-0.20827293,0.21029584
102,0.49809742,255.89369,0.38011742,255.71239,-0.11798,-0.18130493,0.21631171
102,70.0472,211.73105,69.886795,211.66328,-0.16040802,-0.06776428,0.17413422
102,1079.762,92.19526,1079.6342,92.10735,-0.12780762,-0.087905884,0.15512006
102,1010.62067,43.903084,1010.544,43.935814,-0.076660156,0.032730103,0.0833549
102,1.0475101,289.04193,1.0587807,288.67923,0.011270523,-0.36270142,0.36287647
102,1091.8903,102.1342,1091.7886,102.091194,-0.10168457,-0.043006897,0.11040537
102,980.1695,21.76563,980.0276,21.71198,-0.14190674,-0.053649902,0.1517097
102,1167.0726,154.4048,1166.969,154.36008,-0.103637695,-0.04472351,0.11287588
102,1142.9913,136.30931,1142.9075,136.24818,-0.083862305,-0.06112671,0.10377553
102,1121.8596,118.30857,1121.938,118.34758,0.07836914,0.039009094,0.08754103
102,1187.8734,169.89012,1187.7756,169.83842,-0.09777832,-0.051696777,0.1106036
102,156.49112,151.35168,156.33846,151.23756,-0.15266418,-0.11412048,0.19060387
102,989.3838,2.908845,989.3846,2.9002123,0.00079345703,-0.00863266,0.008669048
102,1108.5536,110.67034,1108.5692,110.73144,0.015625,0.06109619,0.06306255
102,1200.6437,178.65024,1200.5276,178.56934,-0.11608887,-0.0809021,0.14149831
103,213.71017,64.12094,213.7348,64.10669,0.024627686,-0.014251709,0.02845407
103,46.4577,240.68993,46.494835,240.72394,0.037136078,0.03401184,0.05035766
103,957.8764,1.184144,957.9265,1.1248245,0.050109863,-0.059319496,0.07765179
103,104.94544,67.00689,104.8317,66.98537,-0.11373901,-0.021522522,0.11575743
103,46.573307,68.09912,46.48965,68.083015,-0.08365631,-0.016105652,0.085192546
103,1064.6897,84.03499,1064.7083,84.002205,0.018554688,-0.03278351,0.03767008
103,967.88434,12.680878,967.9539,12.63842,0.06958008,-0.04245758,0.08151094
103,1274.7201,230.59637,1274.8054,230.65295,0.08532715,0.05657959,0.102381505
103,1022.1896,57.970497,1022.19617,57.933006,0.006591797,-0.037490845,0.038065933
103,264.39124,2.6535516,264.37952,2.6873775,-0.01171875,0.033825874,0.035798308
103,1041.6362,66.026245,1041.6001,65.96311,-0.036132812,-0.06313324,0.07274191
103,246.69855,2.0099225,246.70674,1.9782476,0.00819397,-0.031674862,0.03271755
103,0.38011742,255.71239,0.35791397,255.7771,-0.022203445,0.064712524,0.068415664
103,69.886795,211.66328,69.89558,211.70097,0.008781433,0.03768921,0.038698707
103,1079.6342,92.10735,1079.6355,92.0808,0.0013427734,-0.026550293,0.026584227
103,1010.544,43.935814,1010.5389,43.878033,-0.005126953,-0.05778122,0.05800823
103,1.0587807,288.67923,1.0242014,288.7627,-0.034579277,0.083465576,0.090345055
103,1091.7886,102.091194,1091.7383,102.08638,-0.05029297,-0.004814148,0.050522853
103,980.0276,21.71198,980.06836,21.632523,0.040771484,-0.07945824,0.08930803
103,1166.969,154.36008,1166.9857,154.31612,0.016723633,-0.04396057,0.047034156
103,1142.9075,136.24818,1142.8848,136.24368,-0.022705078,-0.004501343,0.02314698
103,1121.938,118.34758,1121.9353,118.35702,-0.0026855469,0.009437561,0.009812223
103,1187.7756,169.83842,1187.7736,169.83232,-0.0020751953,-0.0061035156,0.0064466535
103,156.33846,151.23756,156.28741,151.20665,-0.05104065,-0.030914307,0.05967279
103,989.3846,2.9002123,989.4265,2.7714434,0.041931152,-0.12876892,0.13542399
103,1108.5692,110.73144,1108.5251,110.68851,-0.044067383,-0.042930603,0.061522115
103,1200.5276,178.56934,1200.5607,178.6081,0.033081055,0.038757324,0.050955728
104,213.7348,64.10669,213.74307,64.12511,0.008270264,0.018417358,0.020189015
104,46.494835,240.72394,46.53236,240.76208,0.037525177,0.038146973,0.053510096
104,957.9265,1.1248245,957.7524,1.0993643,-0.1741333,-0.025460243,0.17598474
104,104.8317,66.98537,104.71118,67.017136,-0.120521545,0.0317688,0.124638274
104,46.48965,68.083015,46.520294,68.08791,0.030643463,0.0048980713,0.031032449
104,1064.7083,84.002205,1064.7793,84.12854,0.07104492,0.12633514,0.1449412
104,967.9539,12.63842,967.89404,12.67005,-0.05987549,0.031629562,0.067716345
104,1274.8054,230.65295,1274.8771,230.6803,0.07165527,0.02734375,0.07669523
104,1022.19617,57.933006,1022.13696,57.995274,-0.0592041,0.062267303,0.08592056
104,264.37952,2.6873775,264.35742,2.7417035,-0.022094727,0.054326057,0.05864723
104,1041.6001,65.96311,1041.5575,66.016396,-0.04260254,0.05328369,0.068221174
104,246.70674,1.9782476,246.73106,1.9131289,0.02432251,-0.06511879,0.06951289
104,0.35791397,255.7771,0.29350758,255.83101,-0.064406395,0.0539093,0.083990455
104,69.89558,211.70097,69.93753,211.66473,0.04195404,-0.036239624,0.05543872
104,1079.6355,92.0808,1079.6155,92.15004,-0.020019531,0.069236755,0.072072946
104,1010.5389,43.878033,1010.5192,43.986965,-0.01965332,0.108932495,0.1106912
104,1.0242014,288.7627,1.0748501,288.74118,0.05064869,-0.021514893,0.055028904
104,1091.7383,102.08638,1091.7643,102.14764,0.026000977,0.06125641,0.06654621
104,980.06836,21.632523,980.1801,21.810007,0.11175537,0.17748451,0.20973797
104,1166.9857,154.31612,1167.074,154.42406,0.088256836,0.107940674,0.13942903
104,1142.8848,136.24368,1142.9818,136.36792,0.0970459,0.12423706,0.15764757
104,1121.9353,118.35702,1121.8722,118.31349,-0.06311035,-0.043525696,0.07666422
104,1187.7736,169.83232,1187.8398,169.88538,0.06628418,0.05305481,0.084902324
104,156.28741,151.20665,156.40381,151.30693,0.11639404,0.10028076,0.1536353
104,989.4265,2.7714434,989.452,2.8248901,0.025512695,0.05344677,0.05922377
104,1108.5251,110.68851,1108.734,110.82752,0.2088623,0.1390152,0.25089577
104,1200.5607,178.6081,1200.5857,178.66565,0.025024414,0.057556152,0.06276091
105,213.74307,64.12511,213.76653,64.11125,0.023452759,-0.0138549805,0.027239537
105,46.53236,240.76208,46.554085,240.81465,0.0217247,0.05256653,0.056878842
105,957.7524,1.0993643,957.9124,1.1104918,0.16003418,0.011127472,0.16042057
105,104.71118,67.017136,104.72632,66.96028,0.015136719,-0.056854248,0.05883473
105,46.520294,68.08791,46.53516,68.05203,0.014865875,-0.035881042,0.038838685
105,1064.7793,84.12854,1064.8043,84.11821,0.025024414,-0.0103302,0.02707276
105,967.89404,12.67005,968.0435,12.653444,0.1494751,-0.016605377,0.15039462
105,1274.8771,230.6803,1274.8601,230.68195,-0.016967773,0.0016479492,0.017047612
105,1022.13696,57.995274,1022.1926,57.963413,0.055664062,-0.03186035,0.064137116
105,264.35742,2.7417035,264.38083,2.7224698,0.023406982,-0.019233704,0.03029558
105,1041.5575,66.016396,1041.6497,65.97681,0.092163086,-0.03958893,0.10030612
105,246.73106,1.9131289,246.72693,1.9234524,-0.004135132,0.0103235245,0.011120902
105,0.29350758,255.83101,0.23753166,255.89899,-0.055975914,0.067977905,0.088058494
105,69.93753,211.66473,69.96396,211.7031,0.026428223,0.038360596,0.046583112
105,1079.6155,92.15004,1079.7163,92.13949,0.10083008,-0.010551453,0.10138066
105,1010.5192,43.986965,1010.64496,43.921387,0.12573242,-0.06557846,0.14180683
105,1.0748501,288.74118,1.2536688,288.69843,0.1788187,-0.042755127,0.18385899
105,1091.7643,102.14764,1091.8225,102.13161,0.05822754,-0.016029358,0.060393598
105,980.1801,21.810007,980.34235,21.802197,0.16223145,-0.0078105927,0.16241935
105,1167.074,154.42406,1167.0491,154.35646,-0.024902344,-0.067596436,0.072037525
105,1142.9818,136.36792,1142.9557,136.27611,-0.026123047,-0.091812134,0.095456176
105,1121.8722,118.31349,1121.8087,118.22493,-0.06347656,-0.08856201,0.10896102
105,1187.8398,169.88538,1187.9026,169.85641,0.06274414,-0.028961182,0.06910555
105,156.40381,151.30693,156.3267,151.3528,-0.07710266,0.04586792,0.08971447
105,989.452,2.8248901,989.4258,2.7519178,-0.026245117,-0.0729723,0.07754845
105,1108.734,110.82752,1108.76,110.8281,0.026000977,0.000579834,0.026007442
105,1200.5857,178.66565,1200.6072,178.6783,0.021484375,0.012649536,0.02493169
106,213.76653,64.11125,213.7167,64.20878,-0.049819946,0.09752655,0.10951463
106,46.554085,240.81465,46.505325,240.85144,-0.04875946,0.03678894,0.061081186
106,957.9124,1.1104918,957.85864,1.1884756,-0.053771973,0.077983856,0.09472543
106,104.72632,66.96028,104.73876,67.080475,0.0124435425,0.12019348,0.1208359
106,46.53516,68.05203,46.573063,68.191315,0.037902832,0.13928223,0.14434737
106,1064.8043,84.11821,1064.7964,84.217636,-0.00793457,0.09942627,0.09974237
106,968.0435,12.653444,967.9091,12.68749,-0.13439941,0.034046173,0.13864467
106,1274.8601,230.68195,1274.8278,230.72157,-0.032348633,0.039627075,0.051154073
106,1022.1926,57.963413,1022.1747,58.06489,-0.017944336,0.10147858,0.10305291
106,264.38083,2.7224698,264.33752,2.7857184,-0.043304443,0.063248634,0.076652884
106,1041.6497,65.97681,1041.7057,66.126144,0.056030273,0.14933777,0.15950285
106,246.72693,1.9234524,246.73444,1.9378119,0.007507324,0.014359474,0.01620353
106,0.23753166,255.89899,0.23420143,255.87044,-0.0033302307,-0.028549194,0.028742772
106,69.96396,211.7031,69.937645,211.7207,-0.026313782,0.017608643,0.031661954
106,1079.7163,92.13949,1079.5299,92.14107,-0.18640137,0.0015792847,0.18640806
106,1010.64496,43.921387,1010.62274,44.08235,-0.022216797,0.16096497,0.16249093
106,1.2536688,288.69843,1.151083,288.78308,-0.10258579,0.08465576,0.13300543
106,1091.8225,102.13161,1091.7505,102.219826,-0.072021484,0.08821869,0.11388429
106,980.34235,21.802197,980.186,21.85416,-0.15637207,0.051963806,0.16478004
106,1167.0491,154.35646,1167.1421,154.54755,0.09301758,0.19108582,0.21252309
106,1142.9557,136.27611,1142.9235,136.38446,-0.032226562,0.10835266,0.11304358
106,1121.8087,118.22493,1121.7496,118.324455,-0.05908203,0.09952545,0.115741104
106,1187.9026,169.85641,1187.8735,169.95448,-0.029052734,0.09806824,0.10228118
106,156.3267,151.3528,156.29153,151.34474,-0.03517151,-0.008056641,0.03608247
106,989.4258,2.7519178,989.47577,3.0505943,0.049987793,0.2986765,0.3028307
106,1108.76,110.8281,1108.6917,110.837975,-0.068359375,0.0098724365,0.06906858
106,1200.6072,178.6783,1200.6744,178.75557,0.06726074,0.07727051,0.10244383
107,213.7167,64.20878,213.8054,64.08369,0.08869934,-0.12509155,0.15334754
107,46.505325,240.85144,46.53239,240.75462,0.027065277,-0.09681702,0.10052892
107,957.85864,1.1884756,957.9251,1.0477915,0.066467285,-0.14068413,0.15559539
107,104.73876,67.080475,104.759285,66.939835,0.020523071,-0.14064026,0.1421298
107,46.573063,68.191315,46.513016,68.01264,-0.06004715,-0.17867279,0.18849304
107,1064.7964,84.217636,1064.8997,84.05563,0.103271484,-0.16200256,0.19211932
107,967.9091,12.68749,967.9245,12.535218,0.015380859,-0.15227222,0.15304706
107,1274.8278,230.72157,1275.014,230.62375,0.1862793,-0.0978241,0.21040326
107,1022.1747,58.06489,1022.2335,57.919582,0.05883789,-0.14530945,0.15676968
107,264.33752,2.7857184,264.36523,2.737668,0.027709961,-0.048050404,0.05546786
107,1041.7057,66.126144,1041.6996,65.95827,-0.0061035156,-0.1678772,0.1679881
107,246.73444,1.9378119,246.70685,1.932662,-0.02758789,-0.0051498413,0.028064435
107,0.23420143,255.87044,0.23405266,255.79257,-0.0001487732,-0.0778656,0.07786574
107,69.937645,211.7207,69.94075,211.6482,0.0031051636,-0.072509766,0.072576225
107,1079.5299,92.14107,1079.7543,92.09386,0.22436523,-0.047210693,0.22927845
107,1010.62274,44.08235,1010.7089,43.90169,0.08618164,-0.18066025,0.20016344
107,1.151083,288.78308,1.0972719,288.8307,-0.053811073,0.047607422,0.071847744
107,1091.7505,102.219826,1091.9211,102.11925,0.1706543,-0.10057831,0.19808808
107,980.186,21.85416,980.1671,21.649212,-0.018859863,-0.20494843,0.20581436
107,1167.1421,154.54755,1167.1907,154.37971,0.048583984,-0.16783142,0.17472203
107,1142.9235,136.38446,1143.0338,136.25656,0.11035156,-0.12789917,0.16892503
107,1121.7496,118.324455,1121.8585,118.213905,0.10888672,-0.11054993,0.15516959
107,1187.8735,169.95448,1187.8593,169.73239,-0.014282227,-0.22209167,0.22255044
107,156.29153,151.34474,156.34857,151.25148,0.057037354,-0.09326172,0.10932066
107,989.47577,3.0505943,989.4333,2.737105,-0.04248047,-0.31348944,0.31635457
107,1108.6917,110.837975,1108.7163,110.70567,0.024658203,-0.13230133,0.1345796
107,1200.6744,178.75557,1200.756,178.6156,0.08154297,-0.13996887,0.16198932
108,213.8054,64.08369,213.63371,64.239944,-0.1716919,0.15625763,0.232152
108,46.53239,240.75462,46.480175,240.86935,-0.052215576,0.114730835,0.12605408
108,957.9251,1.0477915,957.8899,1.0968475,-0.035217285,0.049056053,0.060388356
108,104.759285,66.939835,104.69356,67.092896,-0.065727234,0.15306091,0.16657645
108,46.513016,68.01264,46.497047,68.16794,-0.015968323,0.15529633,0.15611513
108,1064.8997,84.05563,1064.8319,84.25006,-0.06774902,0.19442749,0.20589313
108,967.9245,12.535218,967.967,12.632209,0.04248047,0.096990585,0.10588562
108,1275.014,230.62375,1274.8683,230.76395,-0.14575195,0.14019775,0.20223512
108,1022.2335,57.919582,1022.1908,58.0371,-0.04272461,0.11751938,0.12504478
108,264.36523,2.737668,264.35748,2.74716,-0.007751465,0.0094919205,0.012254867
108,1041.6996,65.95827,1041.5826,66.081566,-0.11694336,0.123298645,0.16993618
108,246.70685,1.932662,246.7223,1.906229,0.015457153,-0.026432991,0.030620689
108,0.23405266,255.79257,0.18319798,255.82066,-0.050854683,0.02809143,0.058097567
108,69.94075,211.6482,69.866165,211.74696,-0.07458496,0.09877014,0.123767756
108,1079.7543,92.09386,1079.5022,92.13676,-0.2520752,0.042900085,0.25569966
108,1010.7089,43.90169,1010.58624,44.004284,-0.122680664,0.10259247,0.15992424
108,1.0972719,288.8307,1.1293602,288.90866,0.03208828,0.07797241,0.08431699
108,1091.9211,102.11925,1091.7394,102.16436,-0.1817627,0.04511261,0.1872774
108,980.1671,21.649212,980.1174,21.770332,-0.049743652,0.12112045,0.13093737
108,1167.1907,154.37971,1167.0603,154.44464,-0.1303711,0.06492615,0.14564349
108,1143.0338,136.25656,1143.0096,136.35027,-0.024169922,0.09370422,0.0967712
108,1121.8585,118.213905,1121.7953,118.290276,-0.06323242,0.07637024,0.09915015
108,1187.8593,169.73239,1187.8739,169.9304,0.0146484375,0.1980133,0.1985544
108,156.34857,151.25148,156.29913,151.3562,-0.049438477,0.10472107,0.11580443
108,989.4333,2.737105,989.5529,2.876679,0.119628906,0.13957405,0.18382597
108,1108.7163,110.70567,1108.4631,110.69873,-0.25317383,-0.006942749,0.25326902
108,1200.756,178.6156,1200.6844,178.71631,-0.0715332,0.10070801,0.123527735
109,213.63371,64.239944,213.5899,64.04666,-0.043807983,-0.19328308,0.19818549
109,46.480175,240.86935,46.41414,240.6531,-0.066036224,-0.21624756,0.2261057
109,957.8899,1.0968475,957.92126,1.0812445,0.03137207,-0.0156030655,0.035038013
109,104.69356,67.092896,104.56464,66.932144,-0.12892151,-0.16075134,0.2060625
109,46.497047,68.16794,46.364063,67.9633,-0.13298416,-0.20463562,0.24405025
109,1064.8319,84.25006,1064.7726,83.99215,-0.059326172,-0.25791168,0.26464698
109,967.967,12.632209,967.9475,12.53512,-0.019470215,-0.097088814,0.09902185
109,1274.8683,230.76395,1274.7997,230.52632,-0.068603516,-0.23762512,0.24733002
109,1022.1908,58.0371,1022.0373,57.81042,-0.15350342,-0.22668076,0.27376533
109,264.35748,2.74716,264.16708,2.750485,-0.19039917,0.0033249855,0.1904282
109,1041.5826,66.081566,1041.6029,65.868034,0.020263672,-0.2135315,0.21449083
109,246.7223,1.906229,246.53897,1.8419943,-0.18333435,-0.06423473,0.19426164
109,0.18319798,255.82066,0.031846046,255.62648,-0.15135193,-0.19418335,0.24620028
109,69.866165,211.74696,69.82878,211.51598,-0.037384033,-0.23098755,0.23399319
109,1079.5022,92.13676,1079.5717,91.98768,0.06945801,-0.14907837,0.16446511
109,1010.58624,44.004284,1010.5642,43.906483,-0.022033691,-0.09780121,0.10025248
109,1.1293602,288.90866,1.12813,288.7076,-0.0012302399,-0.2010498,0.20105356
109,1091.7394,102.16436,1091.7859,102.02299,0.04650879,-0.14137268,0.14882642
109,980.1174,21.770332,980.17664,21.678486,0.059265137,-0.091846466,0.109307505
109,1167.0603,154.44464,1167.0867,154.27974,0.026367188,-0.16490173,0.16699643
109,1143.0096,136.35027,1143.0111,136.2272,0.0014648438,-0.123062134,0.12307085
109,1121.7953,118.290276,1121.7006,118.11666,-0.09472656,-0.1736145,0.19777542
109,1187.8739,169.9304,1187.8206,169.71971,-0.053344727,-0.21069336,0.21734156
109,156.29913,151.3562,156.22778,151.18295,-0.0713501,-0.17324829,0.18736543
109,989.5529,2.876679,989.61475,2.5741968,0.061828613,-0.30248213,0.30873647
109,1108.4631,110.69873,1108.718,110.69695,0.2548828,-0.0017776489,0.254889
109,1200.6844,178.71631,1200.6276,178.5542,-0.056884766,-0.16210938,0.17180026
110,213.5899,64.04666,213.56897,63.97717,-0.020935059,-0.06949234,0.07257728
110,46.41414,240.6531,46.317474,240.67287,-0.09666443,0.019760132,0.09866344
110,957.92126,1.0812445,957.872,1.0091724,-0.04925537,-0.07207203,0.087295294
110,104.56464,66.932144,104.56733,66.87628,0.0026931763,-0.055862427,0.05592731
110,46.364063,67.9633,46.189438,67.921265,-0.1746254,-0.042037964,0.17961408
110,1064.7726,83.99215,1064.7078,83.96401,-0.064819336,-0.028137207,0.07066292
110,967.9475,12.53512,967.9557,12.57491,0.008178711,0.039790154,0.040622007
110,1274.7997,230.52632,1274.7526,230.54758,-0.04711914,0.021255493,0.051691484
110,1022.0373,57.81042,1022.02905,57.817905,-0.008239746,0.007484436,0.011131496
110,264.16708,2.750485,264.1261,2.6998048,-0.040985107,-0.05068016,0.06517866
110,1041.6029,65.868034,1041.634,65.87637,0.03112793,0.008338928,0.032225545
110,246.53897,1.8419943,246.48457,1.8321465,-0.054397583,-0.00984776,0.05528178
110,0.031846046,255.62648,-0.003973007,255.61194,-0.035819054,-0.014541626,0.03865829
110,69.82878,211.51598,69.709526,211.54745,-0.119255066,0.03147888,0.123339735
110,1079.5717,91.98768,1079.5525,91.980156,-0.019165039,-0.007522583,0.02058854
110,1010.5642,43.906483,1010.5808,43.883896,0.016601562,-0.022586823,0.028031703
110,1.12813,288.7076,1.0533628,288.6957,-0.07476711,-0.0119018555,0.075708486
110,1091.7859,102.02299,1091.7406,101.97695,-0.045288086,-0.046035767,0.06457788
110,980.17664,21.678486,980.128,21.6327,-0.04864502,-0.045785904,0.06680334
110,1167.0867,154.27974,1167.086,154.29297,-0.00061035156,0.01322937,0.013243442
110,1143.0111,136.2272,1142.9319,136.17929,-0.07922363,-0.047912598,0.0925851
110,1121.7006,118.11666,1121.6406,118.082664,-0.059936523,-0.033996582,0.06890685
110,1187.8206,169.71971,1187.75,169.7171,-0.07055664,-0.002609253,0.07060487
110,156.22778,151.18295,156.24388,151.18657,0.016098022,0.003616333,0.016499218
110,989.61475,2.5741968,989.32544,2.6579795,-0.28930664,0.08378267,0.30119407
110,1108.718,110.69695,1108.6498,110.66368,-0.068237305,-0.03327179,0.07591668
110,1200.6276,178.5542,1200.5637,178.55273,-0.06384277,-0.0014648438,0.063859574
111,213.56897,63.97717,213.56938,64.190216,0.0004119873,0.21304703,0.21304743
111,46.317474,240.67287,46.32278,240.86922,0.005306244,0.1963501,0.19642179
111,957.872,1.0091724,957.6383,1.0626278,-0.23370361,0.053455353,0.23973913
111,104.56733,66.87628,104.67098,67.0641,0.103652954,0.18782043,0.21452378
111,46.189438,67.921265,46.18459,68.14975,-0.00484848,0.2284851,0.22853655
111,1064.7078,83.96401,1064.6432,84.07079,-0.064575195,0.106781006,0.12478837
111,967.9557,12.57491,967.8851,12.677078,-0.070617676,0.10216808,0.124198124
111,1274.7526,230.54758,1274.7714,230.71254,0.018798828,0.16496277,0.16603045
111,1022.02905,57.817905,1022.2049,58.04996,0.17584229,0.23205566,0.29115346
111,264.1261,2.6998048,264.13123,2.8218775,0.005126953,0.1220727,0.12218031
111,1041.634,65.87637,1041.6533,66.0719,0.01928711,0.19552612,0.19647507
111,246.48457,1.8321465,246.55557,1.9352846,0.070999146,0.10313809,0.12521319
111,-0.003973007,255.61194,0.09956741,255.70857,0.10354042,0.09663391,0.14162886
111,69.709526,211.54745,69.75156,211.70187,0.042030334,0.15441895,0.16003674
111,1079.5525,91.980156,1079.5072,92.10518,-0.045288086,0.12502289,0.13297267
111,1010.5808,43.883896,1010.5734,43.96841,-0.007385254,0.08451462,0.084836684
111,1.0533628,288.6957,1.1841135,288.86688,0.13075066,0.1711731,0.21539722
111,1091.7406,101.97695,1091.7687,102.18073,0.028076172,0.20378113,0.20570615
111,980.128,21.6327,980.0929,21.724667,-0.035095215,0.09196663,0.09843544
111,1167.086,154.29297,1167.0482,154.4268,-0.037841797,0.13383484,0.13908187
111,1142.9319,136.17929,1142.9109,136.28407,-0.020996094,0.104782104,0.10686499
111,1121.6406,118.082664,1121.5646,118.23459,-0.076049805,0.15192413,0.1698956
111,1187.75,169.7171,1187.6909,169.80264,-0.05908203,0.08554077,0.103961095
111,156.24388,151.18657,156.07567,151.2052,-0.16821289,0.018630981,0.16924152
111,989.32544,2.6579795,989.2472,2.784987,-0.07824707,0.12700748,0.14917609
111,1108.6498,110.66368,1108.4254,110.70336,-0.22436523,0.03968048,0.22784708
111,1200.5637,178.55273,1200.4635,178.63145,-0.10021973,0.07872009,0.12743957
112,213.56938,64.190216,213.62036,64.19466,0.050979614,0.0044403076,0.051172625
112,46.32278,240.86922,46.330147,240.81223,0.0073661804,-0.056991577,0.057465646
112,957.6383,1.0626278,957.667,1.1214361,0.028686523,0.058808327,0.065431915
112,104.67098,67.0641,104.65145,67.05307,-0.01953125,-0.0110321045,0.022431608
112,46.18459,68.14975,46.205692,68.13316,0.021102905,-0.016586304,0.026840977
112,1064.6432,84.07079,1064.702,84.13241,0.05883789,0.06161499,0.08519568
112,967.8851,12.677078,967.81836,12.666326,-0.066711426,-0.010752678,0.06757244
112,1274.7714,230.71254,1274.8098,230.70332,0.03845215,-0.009216309,0.03954122
112,1022.2049,58.04996,1022.20337,58.05419,-0.0015258789,0.0042304993,0.004497269
112,264.13123,2.8218775,264.2345,2.740572,0.103271484,-0.081305504,0.13143662
112,1041.6533,66.0719,1041.6458,66.06494,-0.0075683594,-0.006958008,0.010280755
112,246.55557,1.9352846,246.56947,1.9255543,0.013900757,-0.009730339,0.016967926
112,0.09956741,255.70857,0.04510784,255.68535,-0.05445957,-0.023223877,0.059204675
112,69.75156,211.70187,69.7249,211.68326,-0.026657104,-0.018615723,0.032513786
112,1079.5072,92.10518,1079.4974,92.09049,-0.009765625,-0.0146865845,0.017636985
112,1010.5734,43.96841,1010.573,43.996033,-0.0004272461,0.027622223,0.027625527
112,1.1841135,288.86688,1.1312628,288.8409,-0.052850723,-0.025970459,0.05888687
112,1091.7687,102.18073,1091.7472,102.15822,-0.021484375,-0.022514343,0.031120315
112,980.0929,21.724667,980.06976,21.785336,-0.023132324,0.060668945,0.06492939
112,1167.0482,154.4268,1166.9999,154.46632,-0.048339844,0.039520264,0.062438704
112,1142.9109,136.28407,1142.9818,136.3271,0.07092285,0.043029785,0.08295549
112,1121.5646,118.23459,1121.5175,118.22638,-0.04711914,-0.0082092285,0.047828913
112,1187.6909,169.80264,1187.7306,169.85385,0.03967285,0.051208496,0.06477843
112,156.07567,151.2052,156.0856,151.27875,0.009933472,0.07354736,0.07421515
112,989.2472,2.784987,989.2992,2.8156147,0.052001953,0.030627728,0.060351145
112,1108.4254,110.70336,1108.5555,110.76516,0.13012695,0.061798096,0.14405563
112,1200.4635,178.63145,1200.5166,178.65756,0.053100586,0.026107788,0.059171688
113,213.62036,64.19466,213.74754,64.071846,0.127182,-0.122810364,0.17679833
113,46.330147,240.81223,46.436718,240.7852,0.1065712,-0.027023315,0.109943986
113,957.667,1.1214361,957.84186,1.0813332,0.17486572,-0.04010296,0.17940532
113,104.65145,67.05307,104.73844,66.96618,0.08699036,-0.086891174,0.122952834
113,46.205692,68.13316,46.283108,68.04793,0.07741547,-0.085235596,0.11514453
113,1064.702,84.13241,1064.7958,84.02858,0.09375,-0.10382843,0.13989069
113,967.81836,12.666326,967.9152,12.579726,0.09686279,-0.08659935,0.12993017
113,1274.8098,230.70332,1275.029,230.68001,0.21923828,-0.02331543,0.22047457
113,1022.20337,58.05419,1022.18256,57.961826,-0.020812988,-0.092365265,0.094681166
113,264.2345,2.740572,264.274,2.6900256,0.039489746,-0.050546408,0.06414343
113,1041.6458,66.06494,1041.6644,65.96428,0.018676758,-0.10066223,0.1023802
113,246.56947,1.9255543,246.55472,1.9140615,-0.014755249,-0.011492729,0.018702947
113,0.04510784,255.68535,0.20148945,255.6286,0.1563816,-0.056747437,0.16635948
113,69.7249,211.68326,69.78435,211.7303,0.059448242,0.047042847,0.07580978
113,1079.4974,92.09049,1079.5692,92.02166,0.071777344,-0.0688324,0.099447906
113,1010.573,43.996033,1010.69885,43.975555,0.12585449,-0.020477295,0.1275095
113,1.1312628,288.8409,1.1531649,288.92953,0.021902084,0.08862305,0.09128935
113,1091.7472,102.15822,1091.7206,102.029366,-0.026611328,-0.12885284,0.13157211
113,980.06976,21.785336,980.3166,21.824158,0.24682617,0.038822174,0.2498606
113,1166.9999,154.46632,1167.2646,154.3865,0.2647705,-0.079818726,0.27654013
113,1142.9818,136.3271,1143.0784,136.23871,0.09655762,-0.088394165,0.13090798
113,1121.5175,118.22638,1121.7972,118.17782,0.27978516,-0.048561096,0.28396815
113,1187.7306,169.85385,1187.8608,169.76848,0.13024902,-0.085372925,0.15573485
113,156.0856,151.27875,156.22389,151.17209,0.1382904,-0.106658936,0.17464353
113,989.2992,2.8156147,989.37415,2.8285308,0.07495117,0.012916088,0.07605592
113,1108.5555,110.76516,1108.6626,110.690384,0.107055664,-0.074775696,0.13058452
113,1200.5166,178.65756,1200.6006,178.55846,0.083984375,-0.099105835,0.12990512
114,213.74754,64.071846,213.65068,64.16342,-0.09686279,0.09157562,0.13329852
114,46.436718,240.7852,46.368458,240.86122,-0.06826019,0.07601929,0.10216842
114,957.84186,1.0813332,957.82947,1.0928345,-0.012390137,0.011501312,0.016905492
114,104.73844,66.96618,104.59437,67.075745,-0.14407349,0.109565735,0.18100226
114,46.283108,68.04793,46.357944,68.13092,0.07483673,0.08299255,0.111751065
114,1064.7958,84.02858,1064.7157,84.095085,-0.080078125,0.06650543,0.104093604
114,967.9152,12.579726,967.94226,12.659061,0.027038574,0.07933521,0.08381623
114,1275.029,230.68001,1274.984,230.74516,-0.045043945,0.06515503,0.07920944
114,1022.18256,57.961826,1022.14215,58.012894,-0.040405273,0.051067352,0.06511882
114,264.274,2.6900256,264.27747,2.6880393,0.003479004,-0.0019862652,0.004006085
114,1041.6644,65.96428,1041.678,66.036865,0.013549805,0.07258606,0.07383992
114,246.55472,1.9140615,246.58559,1.8888799,0.03086853,-0.025181651,0.03983694
114,0.20148945,255.6286,0.13621902,255.67513,-0.065270424,0.046524048,0.08015432
114,69.78435,211.7303,69.793755,211.7201,0.009407043,-0.01020813,0.013881585
114,1079.5692,92.02166,1079.6256,92.09954,0.056396484,0.07788086,0.09615608
114,1010.69885,43.975555,1010.65686,44.022427,-0.041992188,0.046871185,0.06293053
114,1.1531649,288.92953,1.1341534,288.95175,-0.019011497,0.022216797,0.029240778
114,1091.7206,102.029366,1091.7423,102.0869,0.021728516,0.057533264,0.061499633
114,980.3166,21.824158,980.2931,21.834879,-0.023498535,0.010721207,0.025828771
114,1167.2646,154.3865,1167.0737,154.4176,-0.19091797,0.031097412,0.19343401
114,1143.0784,136.23871,1142.9615,136.30554,-0.11682129,0.066833496,0.134588
114,1121.7972,118.17782,1121.7384,118.268394,-0.05883789,0.09057617,0.10800898
114,1187.8608,169.76848,1187.7771,169.79985,-0.083740234,0.03137207,0.0894239
114,156.22389,151.17209,156.16603,151.33044,-0.057861328,0.15835571,0.16859557
114,989.37415,2.8285308,989.46106,2.7991748,0.08691406,-0.029356003,0.09173783
114,1108.6626,110.690384,1108.5768,110.74212,-0.08581543,0.051734924,0.100203745
114,1200.6006,178.55846,1200.5503,178.61143,-0.05029297,0.052978516,0.07304865
115,213.65068,64.16342,213.72366,64.07367,0.07298279,-0.0897522,0.11568035
115,46.368458,240.86122,46.44715,240.81383,0.07869339,-0.0473938,0.09186306
115,957.82947,1.0928345,957.8904,0.9443054,0.060913086,-0.14852905,0.16053437
115,104.59437,67.075745,104.65612,66.983475,0.06175232,-0.0922699,0.1110274
115,46.357944,68.13092,46.226845,68.05887,-0.1310997,-0.072052,0.14959486
115,1064.7157,84.095085,1064.6962,83.96911,-0.01953125,-0.12597656,0.12748162
115,967.94226,12.659061,968.0033,12.637075,0.061035156,-0.021986008,0.0648743
115,1274.984,230.74516,1275.036,230.70021,0.052001953,-0.044952393,0.06873806
115,1022.14215,58.012894,1022.32947,57.952206,0.1873169,-0.06068802,0.19690265
115,264.27747,2.6880393,264.26898,2.6957512,-0.008483887,0.0077118874,0.011465145
115,1041.678,66.036865,1041.7695,65.97119,0.091552734,-0.06567383,0.11267189
115,246.58559,1.8888799,246.5955,1.8754997,0.009918213,-0.01338017,0.016655326
115,0.13621902,255.67513,0.11279106,255.71442,-0.023427963,0.03929138,0.045745846
115,69.793755,211.7201,69.8549,211.67046,0.061141968,-0.04963684,0.07875377
115,1079.6256,92.09954,1079.641,92.02459,0.015380859,-0.07495117,0.07651307
115,1010.65686,44.022427,1010.61676,43.852375,-0.040100098,-0.17005157,0.17471564
115,1.1341534,288.95175,1.2229862,288.9093,0.088832855,-0.04244995,0.09845443
115,1091.7423,102.0869,1091.7806,102.0179,0.038330078,-0.069000244,0.07893179
115,980.2931,21.834879,980.35333,21.823208,0.0602417,-0.011671066,0.061361846
115,1167.0737,154.4176,1167.3164,154.40268,0.24267578,-0.014923096,0.24313419
115,1142.9615,136.30554,1143.0835,136.24585,0.12194824,-0.059692383,0.13577391
115,1121.7384,118.268394,1121.785,118.16588,0.04663086,-0.102516174,0.11262328
115,1187.7771,169.79985,1187.8522,169.79285,0.07507324,-0.007003784,0.075399235
115,156.16603,151.33044,156.03935,151.32724,-0.12667847,-0.0032043457,0.12671898
115,989.46106,2.7991748,989.40924,2.8523197,-0.051818848,0.05314493,0.07422652
115,1108.5768,110.74212,1108.54,110.59398,-0.036743164,-0.14813995,0.15262866
115,1200.5503,178.61143,1200.7075,178.63625,0.15722656,0.024810791,0.15917213
116,213.72366,64.07367,213.67282,64.054016,-0.050842285,-0.01965332,0.05450863
116,46.44715,240.81383,46.368374,240.80084,-0.07877731,-0.0129852295,0.07984035
116,957.8904,0.9443054,957.7568,0.8746443,-0.13360596,-0.06966114,0.1506759
116,104.65612,66.983475,104.594955,66.93931,-0.061164856,-0.044166565,0.075444184
116,46.226845,68.05887,46.312584,68.00784,0.085739136,-0.05102539,0.09977369
116,1064.6962,83.96911,1064.741,84.01901,0.044799805,0.04990387,0.067062795
116,968.0033,12.637075,968.0112,12.616905,0.00793457,-0.020170212,0.021674752
116,1275.036,230.70021,1274.9563,230.70158,-0.079711914,0.001373291,0.079723746
116,1022.32947,57.952206,1022.28217,57.948025,-0.047302246,-0.004180908,0.047486655
116,264.26898,2.6957512,264.18097,2.7394915,-0.088012695,0.043740273,0.09828248
116,1041.7695,65.97119,1041.6987,65.967415,-0.07080078,-0.0037765503,0.07090143
116,246.5955,1.8754997,246.52464,1.878355,-0.07086182,0.002855301,0.07091932
116,0.11279106,255.71442,0.075675964,255.67656,-0.037115097,-0.037857056,0.053015914
116,69.8549,211.67046,69.75227,211.66841,-0.102622986,-0.0020446777,0.102643356
116,1079.641,92.02459,1079.6771,92.05232,0.036132812,0.02773285,0.045548774
116,1010.61676,43.852375,1010.5397,43.78842,-0.0770874,-0.0639534,0.100162394
116,1.2229862,288.9093,1.2403488,288.8512,0.017362595,-0.05810547,0.060644086
116,1091.7806,102.0179,1091.862,102.08294,0.0814209,0.06504059,0.104209594
116,980.35333,21.823208,980.3724,21.828407,0.019042969,0.0051994324,0.019740028
116,1167.3164,154.40268,1167.3136,154.42514,-0.0028076172,0.022460938,0.022635734
116,1143.0835,136.24585,1143.0933,136.28949,0.009765625,0.043640137,0.044719446
116,1121.785,118.16588,1121.7384,118.12657,-0.04663086,-0.03930664,0.060987286
116,1187.8522,169.79285,1187.8794,169.7906,0.02722168,-0.002243042,0.027313937
116,156.03935,151.32724,155.97931,151.2466,-0.060043335,-0.0806427,0.10054078
116,989.40924,2.8523197,989.34216,2.824864,-0.06707764,-0.027455807,0.07247917
116,1108.54,110.59398,1108.5771,110.666115,0.037109375,0.072135925,0.0811215
116,1200.7075,178.63625,1200.6932,178.6502,-0.014282227,0.013961792,0.019972822
117,213.67282,64.054016,213.6905,63.99765,0.017684937,-0.056365967,0.0590752
117,46.368374,240.80084,46.371952,240.72368,0.003578186,-0.0771637,0.077246614
117,957.7568,0.8746443,957.862,0.9113083,0.10522461,0.03666401,0.11142921
117,104.594955,66.93931,104.56374,66.89715,-0.031211853,-0.042160034,0.052456155
117,46.312584,68.00784,46.26236,67.93938,-0.050224304,-0.06846619,0.08491231
117,1064.741,84.01901,1064.869,83.99488,0.12805176,-0.024131775,0.13030578
117,968.0112,12.616905,968.0457,12.540509,0.034484863,-0.07639599,0.08381857
117,1274.9563,230.70158,1275.0148,230.6124,0.05847168,-0.08918762,0.106646
117,1022.28217,57.948025,1022.2549,57.886726,-0.027282715,-0.06129837,0.06709573
117,264.18097,2.7394915,264.244,2.572647,0.0630188,-0.16684437,0.17834914
117,1041.6987,65.967415,1041.6235,65.89706,-0.07519531,-0.07035828,0.10297874
117,246.52464,1.878355,246.51447,1.8175871,-0.010177612,-0.06076789,0.061614286
117,0.075675964,255.67656,0.07339573,255.6266,-0.0022802353,-0.049957275,0.050009288
117,69.75227,211.66841,69.73288,211.63908,-0.01939392,-0.029327393,0.035159923
117,1079.6771,92.05232,1079.7253,92.03491,0.048217773,-0.017410278,0.05126472
117,1010.5397,43.78842,1010.559,43.74452,0.019348145,-0.04390335,0.047977652
117,1.2403488,288.8512,1.2851171,288.72778,0.044768333,-0.123413086,0.13128212
117,1091.862,102.08294,1092.0105,102.07938,0.1484375,-0.0035629272,0.14848025
117,980.3724,21.828407,980.3537,21.746088,-0.018676758,-0.08231926,0.08441138
117,1167.3136,154.42514,1167.2767,154.374,-0.036865234,-0.05114746,0.06304846
117,1143.0933,136.28949,1143.2001,136.22964,0.10681152,-0.05984497,0.122434154
117,1121.7384,118.12657,1121.7703,118.088234,0.03186035,-0.038337708,0.04984839
117,1187.8794,169.7906,1187.9081,169.73041,0.028686523,-0.060195923,0.066681825
117,155.97931,151.2466,156.13045,151.11627,0.1511383,-0.13032532,0.19956821
117,989.34216,2.824864,989.30383,2.8268542,-0.038330078,0.0019903183,0.038381718
117,1108.5771,110.666115,1108.7771,110.6119,0.19995117,-0.054214478,0.20717065
117,1200.6932,178.6502,1200.7258,178.56421,0.032592773,-0.085998535,0.09196758
118,213.6905,63.99765,213.59279,63.964813,-0.097717285,-0.032836914,0.10308701
118,46.371952,240.72368,46.349327,240.61864,-0.02262497,-0.105041504,0.107450485
118,957.862,0.9113083,957.8985,0.9003506,0.036499023,-0.010957718,0.0381084
118,104.56374,66.89715,104.473526,66.80361,-0.09021759,-0.09353638,0.12995487
118,46.26236,67.93938,46.299656,67.87063,0.037296295,-0.068748474,0.078213595
118,1064.869,83.99488,1064.8917,83.94262,0.022705078,-0.052261353,0.05698043
118,968.0457,12.540509,967.92896,12.454827,-0.116760254,-0.085681915,0.14482524
118,1275.0148,230.6124,1275.0662,230.53983,0.0513916,-0.0725708,0.08892479
118,1022.2549,57.886726,1022.24945,57.811768,-0.005432129,-0.0749588,0.07515537
118,264.244,2.572647,264.1504,2.627902,-0.09359741,0.055254936,0.108690314
118,1041.6235,65.89706,1041.8015,65.8784,0.17797852,-0.01865387,0.17895341
118,246.51447,1.8175871,246.42505,1.8545378,-0.089416504,0.036950707,0.096750535
118,0.07339573,255.6266,0.008942604,255.48181,-0.064453125,-0.14479065,0.15848829
118,69.73288,211.63908,69.62266,211.59308,-0.11022186,-0.04600525,0.119437605
118,1079.7253,92.03491,1079.8418,92.03873,0.11645508,0.0038146973,0.11651754
118,1010.559,43.74452,1010.62195,43.771763,0.062927246,0.027244568,0.068571895
118,1.2851171,288.72778,1.2401018,288.60965,-0.045015335,-0.118133545,0.1264196
118,1092.0105,102.07938,1092.0042,102.07655,-0.0063476562,-0.002822876,0.00694704
118,980.3537,21.746088,980.1953,21.61665,-0.15838623,-0.1294384,0.20454949
118,1167.2767,154.374,1167.2562,154.34547,-0.020507812,-0.028518677,0.035126705
118,1143.2001,136.22964,1143.136,136.1478,-0.064086914,-0.081848145,0.10395312
118,1121.7703,118.088234,1121.6398,117.94394,-0.13049316,-0.14429474,0.19454932
118,1187.9081,169.73041,1187.9259,169.61888,0.017822266,-0.11152649,0.11294153
118,156.13045,151.11627,155.99217,151.04341,-0.13827515,-0.07286072,0.15629683
118,989.30383,2.8268542,989.3596,2.7319555,0.055786133,-0.0948987,0.110081136
118,1108.7771,110.6119,1108.9166,110.6916,0.13952637,0.079696655,0.16068342
118,1200.7258,178.56421,1200.8262,178.51292,0.1003418,-0.05128479,0.11268809
119,213.59279,63.964813,213.65489,63.91387,0.06210327,-0.050941467,0.080323406
119,46.349327,240.61864,46.287193,240.69643,-0.06213379,0.07778931,0.09955794
119,957.8985,0.9003506,958.0275,0.8005295,0.12902832,-0.09982109,0.16313356
119,104.473526,66.80361,104.34332,66.773575,-0.13020325,-0.030036926,0.13362299
119,46.299656,67.87063,46.272003,67.852585,-0.02765274,-0.018043518,0.03301882
119,1064.8917,83.94262,1064.7875,83.7918,-0.10424805,-0.15081787,0.18334036
119,967.92896,12.454827,968.1604,12.4697895,0.23144531,0.014962196,0.23192844
119,1275.0662,230.53983,1275.0714,230.53787,0.0052490234,-0.001953125,0.00560062
119,1022.24945,57.811768,1022.23456,57.712418,-0.014892578,-0.099349976,0.10045997
119,264.1504,2.627902,264.06482,2.686171,-0.08557129,0.058269024,0.10352644
119,1041.8015,65.8784,1041.8864,65.754684,0.08483887,-0.12371826,0.1500128
119,246.42505,1.8545378,246.32544,1.8247919,-0.099609375,-0.029745936,0.10395599
119,0.008942604,255.48181,0.011432648,255.47552,0.0024900436,-0.006286621,0.0067617986
119,69.62266,211.59308,69.64987,211.59073,0.02721405,-0.0023498535,0.027315313
119,1079.8418,92.03873,1079.8395,91.90948,-0.002319336,-0.12924957,0.12927037
119,1010.62195,43.771763,1010.6468,43.66221,0.024841309,-0.10955429,0.11233536
119,1.2401018,288.60965,1.3272352,288.55618,0.08713341,-0.053466797,0.10222979
119,1092.0042,102.07655,1091.9775,101.91375,-0.026611328,-0.16280365,0.16496421
119,980.1953,21.61665,980.24146,21.484356,0.046142578,-0.1322937,0.1401098
119,1167.2562,154.34547,1167.3918,154.27806,0.13562012,-0.06741333,0.15145089
119,1143.136,136.1478,1143.1532,136.06584,0.017211914,-0.081954956,0.08374285
119,1121.6398,117.94394,1121.9692,118.088684,0.32946777,0.14474487,0.35986122
119,1187.9259,169.61888,1188.0106,169.68562,0.0847168,0.06674194,0.10784908
119,155.99217,151.04341,156.09938,151.20558,0.10720825,0.16217041,0.19440383
119,989.3596,2.7319555,989.8396,2.6648746,0.47998047,-0.067080975,0.48464534
119,1108.9166,110.6916,1108.7239,110.492325,-0.19274902,-0.19927216,0.2772392
119,1200.8262,178.51292,1200.8035,178.50145,-0.022705078,-0.011474609,0.025439875
120,213.65489,63.91387,213.60677,63.910572,-0.04812622,-0.0032997131,0.04823921
120,46.287193,240.69643,46.250034,240.68509,-0.037158966,-0.01133728,0.038850002
120,958.0275,0.8005295,958.014,0.8935585,-0.013549805,0.09302902,0.094010614
120,104.34332,66.773575,104.287315,66.76561,-0.056007385,-0.007965088,0.05657093
120,46.272003,67.852585,46.228924,67.85795,-0.043079376,0.0053634644,0.043411974
120,1064.7875,83.7918,1064.7644,83.82107,-0.023071289,0.029266357,0.03726666
120,968.1604,12.4697895,968.08875,12.460221,-0.07165527,-0.009568214,0.07229128
120,1275.0714,230.53787,1275.0553,230.57037,-0.016113281,0.03250122,0.036276262
120,1022.23456,57.712418,1022.2463,57.733253,0.01171875,0.020835876,0.023905288
120,264.06482,2.686171,264.06003,2.67198,-0.0047912598,-0.014191151,0.014978148
120,1041.8864,65.754684,1041.9149,65.7892,0.028564453,0.03451538,0.044802226
120,246.32544,1.8247919,246.30934,1.8290949,-0.016098022,0.0043029785,0.016663192
120,0.011432648,255.47552,-0.012882233,255.44818,-0.02431488,-0.02734375,0.0365909
120,69.64987,211.59073,69.609924,211.55878,-0.03994751,-0.031951904,0.05115396
120,1079.8395,91.90948,1079.8193,91.92634,-0.020141602,0.016860962,0.026267396
120,1010.6468,43.66221,1010.60126,43.666363,-0.045532227,0.0041542053,0.04572134
120,1.3272352,288.55618,1.2333632,288.5711,-0.09387207,0.014923096,0.09505085
120,1091.9775,101.91375,1091.9285,101.92989,-0.049072266,0.016143799,0.051659554
120,980.24146,21.484356,980.15955,21.423388,-0.08190918,-0.0609684,0.10210906
120,1167.3918,154.27806,1167.3082,154.3058,-0.083618164,0.027740479,0.088099554
120,1143.1532,136.06584,1143.1239,136.07219,-0.029296875,0.0063476562,0.029976651
120,1121.9692,118.088684,1121.9465,118.07329,-0.022705078,-0.015396118,0.027432846
120,1188.0106,169.68562,1188.026,169.71857,0.015380859,0.032943726,0.03635739
120,156.09938,151.20558,156.07149,151.14548,-0.027893066,-0.06010437,0.066261284
120,989.8396,2.6648746,989.7251,2.7136483,-0.11450195,0.048773766,0.12445713
120,1108.7239,110.492325,1108.8407,110.57425,0.11682129,0.08192444,0.14268436
120,1200.8035,178.50145,1200.8567,178.54218,0.053222656,0.040725708,0.06701667
121,213.60677,63.910572,213.65364,63.835453,0.046875,-0.07511902,0.088544525
121,46.250034,240.68509,46.281696,240.64055,0.031661987,-0.044540405,0.054647315
121,958.014,0.8935585,958.0194,0.7567673,0.005432129,-0.13679123,0.13689904
121,104.287315,66.76561,104.39139,66.74981,0.10407257,-0.015800476,0.10526516
121,46.228924,67.85795,46.213768,67.74948,-0.015155792,-0.1084671,0.10952082
121,1064.7644,83.82107,1064.9562,83.81953,0.19177246,-0.0015411377,0.19177866
121,968.08875,12.460221,968.1506,12.433015,0.061828613,-0.02720642,0.067549735
121,1275.0553,230.57037,1275.1282,230.46997,0.07287598,-0.10040283,0.12406304
121,1022.2463,57.733253,1022.2761,57.692474,0.029846191,-0.040779114,0.050534457
121,264.06003,2.67198,264.05893,2.6504056,-0.0010986328,-0.021574259,0.021602213
121,1041.9149,65.7892,1041.9183,65.745926,0.0034179688,-0.043273926,0.0434087
121,246.30934,1.8290949,246.29596,1.8274887,-0.013381958,-0.001606226,0.013478011
121,-0.012882233,255.44818,-0.012991905,255.43567,-0.00010967255,-0.012512207,0.012512688
121,69.609924,211.55878,69.61954,211.55461,0.009613037,-0.0041656494,0.010476789
121,1079.8193,91.92634,1079.8179,91.80974,-0.0014648438,-0.11660004,0.11660924
121,1010.60126,43.666363,1010.73773,43.61054,0.13647461,-0.05582428,0.14745057
121,1.2333632,288.5711,1.3154049,288.49557,0.08204174,-0.075531006,0.11151583
121,1091.9285,101.92989,1092.0862,101.90314,0.15771484,-0.026756287,0.15996835
121,980.15955,21.423388,980.238,21.416868,0.078430176,-0.0065193176,0.07870066
121,1167.3082,154.3058,1167.3818,154.22505,0.0736084,-0.08074951,0.10926427
121,1143.1239,136.07219,1143.1749,136.02278,0.05102539,-0.04940796,0.07102631
121,1121.9465,118.07329,1121.9033,117.94244,-0.04321289,-0.13085175,0.13780251
121,1188.026,169.71857,1188.0519,169.6193,0.025878906,-0.09927368,0.102591336
121,156.07149,151.14548,156.17966,150.98497,0.108169556,-0.1605072,0.19355416
121,989.7251,2.7136483,989.9951,2.6780095,0.27001953,-0.03563881,0.27236128
121,1108.8407,110.57425,1108.7661,110.394516,-0.07458496,-0.17973328,0.19459437
121,1200.8567,178.54218,1200.9421,178.51317,0.08544922,-0.029006958,0.09023842
122,213.65364,63.835453,213.59856,63.907524,-0.05508423,0.072071075,0.09071115
122,46.281696,240.64055,46.26187,240.69911,-0.019824982,0.058563232,0.061827842
122,958.0194,0.7567673,958.048,0.77395535,0.028564453,0.017188072,0.033337034
122,104.39139,66.74981,104.38083,66.7489,-0.010559082,-0.00090789795,0.010598042
122,46.213768,67.74948,46.210716,67.77071,-0.0030517578,0.021232605,0.021450799
122,1064.9562,83.81953,1064.9503,83.862465,-0.005859375,0.042938232,0.043336175
122,968.1506,12.433015,968.1913,12.460989,0.04071045,0.027974129,0.04939527
122,1275.1282,230.46997,1275.2784,230.60443,0.15026855,0.13446045,0.20164387
122,1022.2761,57.692474,1022.3257,57.721935,0.049560547,0.029460907,0.057655815
122,264.05893,2.6504056,264.08963,2.6293406,0.030700684,-0.021064997,0.037232593
122,1041.9183,65.745926,1041.911,65.73396,-0.0073242188,-0.011962891,0.014026936
122,246.29596,1.8274887,246.31358,1.8194923,0.017623901,-0.007996321,0.019353114
122,-0.012991905,255.43567,-0.011688232,255.43433,0.0013036728,-0.0013427734,0.0018715243
122,69.61954,211.55461,69.6227,211.57114,0.0031661987,0.016525269,0.016825853
122,1079.8179,91.80974,1079.7573,91.84218,-0.060546875,0.032440186,0.06868981
122,1010.73773,43.61054,1010.6564,43.569496,-0.08135986,-0.041042328,0.09112574
122,1.3154049,288.49557,1.3221264,288.49203,0.0067214966,-0.003540039,0.007596736
122,1092.0862,101.90314,1092.1106,101.96797,0.024414062,0.064834595,0.06927894
122,980.238,21.416868,980.19635,21.391144,-0.041625977,-0.025724411,0.048933294
122,1167.3818,154.22505,1167.4489,154.25926,0.0670166,0.034210205,0.07524336
122,1143.1749,136.02278,1143.1664,136.01599,-0.008544922,-0.006790161,0.0109143015
122,1121.9033,117.94244,1121.8444,117.923935,-0.05895996,-0.018501282,0.061794613
122,1188.0519,169.6193,1188.0752,169.63164,0.02331543,0.01234436,0.02638167
122,156.17966,150.98497,156.09756,151.05107,-0.082092285,0.066101074,0.105396844
122,989.9951,2.6780095,989.8667,2.7306604,-0.12841797,0.05265093,0.13879228
122,1108.7661,110.394516,1108.6749,110.41205,-0.09118652,0.017532349,0.09285669
122,1200.9421,178.51317,1201.016,178.53732,0.07385254,0.024154663,0.077702284
123,213.59856,63.907524,213.6763,63.85217,0.07774353,-0.055355072,0.0954371
123,46.26187,240.69911,46.31195,240.69061,0.050079346,-0.0084991455,0.050795436
123,958.048,0.77395535,958.1305,0.78479767,0.08251953,0.010842323,0.083228774
123,104.38083,66.7489,104.25433,66.735306,-0.12649536,-0.013595581,0.12722388
123,46.210716,67.77071,46.169945,67.768295,-0.040771484,-0.002418518,0.04084315
123,1064.9503,83.862465,1064.9039,83.68116,-0.04638672,-0.18130493,0.18714488
123,968.1913,12.460989,968.37524,12.511735,0.18395996,0.050745964,0.19083087
123,1275.2784,230.60443,1275.1635,230.52426,-0.114990234,-0.08016968,0.1401782
123,1022.3257,57.721935,1022.28314,57.67603,-0.042541504,-0.045906067,0.06258711
123,264.08963,2.6293406,264.1532,2.5791993,0.063568115,-0.050141335,0.08096332
123,1041.911,65.73396,1041.9882,65.737114,0.07714844,0.00315094,0.07721276
123,246.31358,1.8194923,246.282,1.7492801,-0.031585693,-0.070212245,0.07698971
123,-0.011688232,255.43433,0.08236027,255.35147,0.0940485,-0.082855225,0.12533997
123,69.6227,211.57114,69.616875,211.61389,-0.0058288574,0.042755127,0.043150626
123,1079.7573,91.84218,1079.8888,91.7595,0.13146973,-0.08267975,0.15530689
123,1010.6564,43.569496,1010.84155,43.61536,0.18518066,0.045864105,0.19077577
123,1.3221264,288.49203,1.3209448,288.57986,-0.0011816025,0.08782959,0.08783754
123,1092.1106,101.96797,1092.2188,101.91616,0.1081543,-0.05181122,0.11992395
123,980.19635,21.391144,980.36163,21.432953,0.1652832,0.041809082,0.1704891
123,1167.4489,154.25926,1167.6475,154.37816,0.1986084,0.118896484,0.23147714
123,1143.1664,136.01599,1143.3176,136.01492,0.15124512,-0.0010681152,0.15124889
123,1121.8444,117.923935,1122.1147,117.974525,0.27038574,0.050590515,0.2750779
123,1188.0752,169.63164,1188.2006,169.60158,0.12536621,-0.030059814,0.12891966
123,156.09756,151.05107,156.03719,151.1007,-0.06037903,0.049621582,0.07815324
123,989.8667,2.7306604,989.9,2.5580225,0.033325195,-0.17263794,0.17582498
123,1108.6749,110.41205,1108.9429,110.48442,0.26794434,0.07237244,0.2775463
123,1201.016,178.53732,1201.0017,178.44707,-0.014282227,-0.09025574,0.09137877
124,213.6763,63.85217,213.54796,63.97773,-0.12834167,0.12556076,0.17954691
124,46.31195,240.69061,46.10339,240.96309,-0.20856094,0.2724762,0.34313402
124,958.1305,0.78479767,958.0292,0.8806391,-0.10131836,0.09584141,0.13946679
124,104.25433,66.735306,103.99221,66.90497,-0.2621231,0.16966248,0.3122401
124,46.169945,67.768295,46.24092,67.90756,0.07097626,0.13926697,0.15631032
124,1064.9039,83.68116,1065.115,83.9809,0.21105957,0.29974365,0.3665957
124,968.37524,12.511735,968.1732,12.394968,-0.20202637,-0.11676693,0.23334347
124,1275.1635,230.52426,1275.5198,230.80011,0.35632324,0.2758484,0.45062023
124,1022.28314,57.67603,1022.3344,57.8115,0.05126953,0.13547134,0.14484836
124,264.1532,2.5791993,264.1027,2.595209,-0.05050659,0.01600957,0.052983224
124,1041.9882,65.737114,1041.9243,65.90204,-0.06384277,0.16492462,0.1768503
124,246.282,1.7492801,246.29686,1.7402635,0.014862061,-0.009016633,0.01738334
124,0.08236027,255.35147,0.19679165,255.29562,0.11443138,-0.055847168,0.12733203
124,69.616875,211.61389,69.52431,211.74828,-0.092567444,0.13438416,0.16318037
124,1079.8888,91.7595,1079.9498,91.89564,0.061035156,0.13613892,0.14919482
124,1010.84155,43.61536,1010.81433,43.645016,-0.02722168,0.029655457,0.04025501
124,1.3209448,288.57986,1.279561,288.68118,-0.041383743,0.10131836,0.109444164
124,1092.2188,101.91616,1092.1826,101.95847,-0.036132812,0.042312622,0.055641156
124,980.36163,21.432953,980.2541,21.444609,-0.107543945,0.0116558075,0.108173735
124,1167.6475,154.37816,1167.6349,154.43468,-0.012573242,0.056518555,0.0579002
124,1143.3176,136.01492,1143.2422,136.13712,-0.07543945,0.12219238,0.14360394
124,1122.1147,117.974525,1122.0889,118.15156,-0.025878906,0.17703247,0.17891398
124,1188.2006,169.60158,1188.1434,169.65099,-0.057128906,0.04940796,0.075530514
124,156.03719,151.1007,155.8351,151.21062,-0.2020874,0.10992432,0.23004928
124,989.9,2.5580225,989.7843,2.6599183,-0.115722656,0.10189581,0.15418978
124,1108.9429,110.48442,1108.8859,110.57841,-0.057006836,0.09398651,0.10992381
124,1201.0017,178.44707,1201.0807,178.59418,0.07897949,0.14710999,0.16697039
125,213.54796,63.97773,213.59845,63.883026,0.050491333,-0.094703674,0.10732269
125,46.10339,240.96309,46.145462,240.78522,0.042072296,-0.1778717,0.18277971
125,958.0292,0.8806391,958.14197,0.6946831,0.11279297,-0.185956,0.21748997
125,103.99221,66.90497,104.043495,66.74335,0.05128479,-0.1616211,0.1695627
125,46.24092,67.90756,46.239834,67.71935,-0.0010871887,-0.18820953,0.18821266
125,1065.115,83.9809,1065.2014,83.87096,0.08642578,-0.109947205,0.13984922
125,968.1732,12.394968,968.2678,12.330053,0.09460449,-0.0649147,0.114734165
125,1275.5198,230.80011,1275.5297,230.62979,0.009887695,-0.1703186,0.17060538
125,1022.3344,57.8115,1022.38885,57.67632,0.05444336,-0.13518143,0.14573297
125,264.1027,2.595209,264.02966,2.6256866,-0.073028564,0.030477762,0.07913321
125,1041.9243,65.90204,1042.1206,65.72083,0.19628906,-0.18120575,0.26714215
125,246.29686,1.7402635,246.28227,1.7066233,-0.014587402,-0.033640146,0.036666766
125,0.19679165,255.29562,0.07313156,255.27698,-0.12366009,-0.01864624,0.12505798
125,69.52431,211.74828,69.51701,211.64099,-0.007293701,-0.107284546,0.10753219
125,1079.9498,91.89564,1080.1221,91.865524,0.17224121,-0.03011322,0.17485377
125,1010.81433,43.645016,1010.8914,43.581825,0.0770874,-0.06319046,0.09967699
125,1.279561,288.68118,1.1544561,288.6432,-0.1251049,-0.037994385,0.13074712
125,1092.1826,101.95847,1092.2802,101.88418,0.09753418,-0.074295044,0.12260779
125,980.2541,21.444609,980.4243,21.439234,0.17022705,-0.0053749084,0.17031188
125,1167.6349,154.43468,1167.6561,154.27249,0.021240234,-0.16218567,0.1635706
125,1143.2422,136.13712,1143.4965,136.06067,0.25427246,-0.07644653,0.26551566
125,1122.0889,118.15156,1122.317,118.00666,0.22814941,-0.14489746,0.27027288
125,1188.1434,169.65099,1188.2327,169.58772,0.0892334,-0.06326294,0.109383725
125,155.8351,151.21062,155.88431,151.20033,0.049209595,-0.010284424,0.050272793
125,989.7843,2.6599183,990.14014,2.6640973,0.35583496,0.004179001,0.3558595
125,1108.8859,110.57841,1108.9393,110.41713,0.053466797,-0.16127777,0.16990943
125,1201.0807,178.59418,1201.1935,178.54141,0.11279297,-0.052764893,0.124524646
126,213.59845,63.883026,213.69032,63.752575,0.09187317,-0.1304512,0.15955624
126,46.145462,240.78522,46.159504,240.77594,0.014041901,-0.009277344,0.016829856
126,958.14197,0.6946831,958.1153,0.6665516,-0.026672363,-0.028131485,0.038765904
126,104.043495,66.74335,103.804184,66.58567,-0.23931122,-0.1576767,0.28658646
126,46.239834,67.71935,46.275524,67.74272,0.035690308,0.023368835,0.042660292
126,1065.2014,83.87096,1065.34,83.90041,0.1385498,0.029457092,0.14164664
126,968.2678,12.330053,968.3552,12.317344,0.087402344,-0.012709618,0.0883216
126,1275.5297,230.62979,1275.6759,230.6419,0.14624023,0.0121154785,0.14674124
126,1022.38885,57.67632,1022.5276,57.657364,0.13873291,-0.01895523,0.14002186
126,264.02966,2.6256866,264.07214,2.539132,0.04248047,-0.08655453,0.0964172
126,1042.1206,65.72083,1042.2031,65.71646,0.08251953,-0.004371643,0.082635246
126,246.28227,1.7066233,246.29836,1.6397324,0.016082764,-0.066890955,0.0687972
126,0.07313156,255.27698,-0.010884285,255.28642,-0.084015846,0.00944519,0.0845451
126,69.51701,211.64099,69.47621,211.6505,-0.040802002,0.009506226,0.041894767
126,1080.1221,91.865524,1080.1306,91.83241,0.008544922,-0.033111572,0.034196373
126,1010.8914,43.581825,1010.88025,43.49006,-0.011169434,-0.09176636,0.09244361
126,1.1544561,288.6432,1.1421967,288.65463,-0.012259483,0.011444092,0.016770871
126,1092.2802,101.88418,1092.3859,101.878815,0.10571289,-0.0053634644,0.10584886
126,980.4243,21.439234,980.4796,21.300213,0.05529785,-0.13902092,0.14961506
126,1167.6561,154.27249,1167.8827,154.33562,0.2265625,0.06312561,0.23519228
126,1143.4965,136.06067,1143.4554,135.98483,-0.041015625,-0.07583618,0.08621722
126,1122.317,118.00666,1122.2118,117.907166,-0.10522461,-0.099494934,0.14481527
126,1188.2327,169.58772,1188.2897,169.55815,0.057006836,-0.029571533,0.06422036
126,155.88431,151.20033,155.88812,151.19344,0.0038146973,-0.0068969727,0.007881634
126,990.14014,2.6640973,990.5367,2.4189725,0.3965454,-0.24512482,0.4661914
126,1108.9393,110.41713,1109.1162,110.451294,0.17687988,0.03416443,0.18014911
126,1201.1935,178.54141,1201.3976,178.54744,0.20410156,0.0060272217,0.20419054
127,213.69032,63.752575,213.71223,63.810303,0.021911621,0.057727814,0.061746415
127,46.159504,240.77594,46.182617,240.76979,0.02311325,-0.006149292,0.023917276
127,958.1153,0.6665516,958.2534,0.61092186,0.13812256,-0.05562973,0.14890437
127,103.804184,66.58567,104.038185,66.66184,0.23400116,0.076171875,0.24608678
127,46.275524,67.74272,46.27121,67.73532,-0.0043144226,-0.0074005127,0.00856632
127,1065.34,83.90041,1065.4076,83.871574,0.06762695,-0.028839111,0.07351938
127,968.3552,12.317344,968.5277,12.376352,0.17248535,0.0590086,0.18229978
127,1275.6759,230.6419,1275.6913,230.64313,0.015380859,0.0012207031,0.015429224
127,1022.5276,57.657364,1022.4917,57.613113,-0.035888672,-0.04425049,0.05697458
127,264.07214,2.539132,264.0158,2.6404047,-0.05633545,0.10127258,0.1158871
127,1042.2031,65.71646,1042.3125,65.72662,0.109375,0.0101623535,0.10984609
127,246.29836,1.6397324,246.25363,1.6844716,-0.04472351,0.044739246,0.06325972
127,-0.010884285,255.28642,-0.054839134,255.28072,-0.04395485,-0.005706787,0.044323765
127,69.47621,211.6505,69.47152,211.6992,-0.0046920776,0.048706055,0.048931535
127,1080.1306,91.83241,1080.196,91.834206,0.06542969,0.0017929077,0.065454245
127,1010.88025,43.49006,1011.1002,43.60548,0.2199707,0.115421295,0.24841334
127,1.1421967,288.65463,1.1815109,288.57693,0.03931427,-0.077697754,0.087077856
127,1092.3859,101.878815,1092.4943,101.89491,0.10839844,0.016098022,0.10958726
127,980.4796,21.300213,980.6262,21.333817,0.14660645,0.03360367,0.1504083
127,1167.8827,154.33562,1168.0375,154.38591,0.15478516,0.05029297,0.16275081
127,1143.4554,135.98483,1143.5227,136.02283,0.06726074,0.037994385,0.077250116
127,1122.2118,117.907166,1122.3522,117.924126,0.14038086,0.016960144,0.14140166
127,1188.2897,169.55815,1188.3962,169.57864,0.10656738,0.020492554,0.10851982
127,155.88812,151.19344,155.97064,151.0831,0.08251953,-0.1103363,0.13778089
127,1109.1162,110.451294,1109.112,110.374886,-0.0041503906,-0.076408386,0.076521024
127,1201.3976,178.54744,1201.3964,178.5464,-0.0012207031,-0.0010375977,0.0016021002
128,213.71223,63.810303,213.70477,63.760937,-0.007461548,-0.049365997,0.04992671
128,46.182617,240.76979,46.074924,240.73468,-0.10769272,-0.035110474,0.11327165
128,958.2534,0.61092186,958.3129,0.6197815,0.059509277,0.008859634,0.060165167
128,104.038185,66.66184,103.89985,66.65176,-0.13833618,-0.01008606,0.13870338
128,46.27121,67.73532,46.406525,67.69168,0.13531494,-0.043640137,0.14217804
128,1065.4076,83.871574,1065.4241,83.81841,0.016479492,-0.05316162,0.055657268
128,968.5277,12.376352,968.50433,12.279479,-0.023376465,-0.09687328,0.09965386
128,1275.6913,230.64313,1275.705,230.64305,0.013671875,-7.6293945e-05,0.013672088
128,1022.4917,57.613113,1022.56757,57.598095,0.0758667,-0.015018463,0.077338934
128,264.0158,2.6404047,263.90552,2.6865454,-0.11029053,0.04614067,0.11955318
128,1042.3125,65.72662,1042.4474,65.70409,0.1348877,-0.022537231,0.13675751
128,246.25363,1.6844716,246.12402,1.7295771,-0.12960815,0.045105457,0.13723256
128,-0.054839134,255.28072,-0.059817582,255.25964,-0.004978448,-0.021072388,0.021652494
128,69.47152,211.6992,69.37207,211.63603,-0.09944916,-0.06317139,0.117816634
128,1080.196,91.834206,1080.1975,91.75527,0.0014648438,-0.078933716,0.078947306
128,1011.1002,43.60548,1011.0869,43.549652,-0.013305664,-0.055828094,0.057391785
128,1.1815109,288.57693,1.1246252,288.56265,-0.05688572,-0.014282227,0.05865123
128,1092.4943,101.89491,1092.5417,101.88845,0.04748535,-0.006462097,0.047923036
128,980.6262,21.333817,980.7462,21.335926,0.11999512,0.0021095276,0.120013654
128,1168.0375,154.38591,1168.1979,154.42114,0.16040039,0.035232544,0.1642243
128,1143.5227,136.02283,1143.5901,135.99126,0.06738281,-0.031570435,0.07441193
128,1122.3522,117.924126,1122.4514,117.98548,0.099243164,0.06135559,0.11667782
128,1188.3962,169.57864,1188.4053,169.50226,0.009033203,-0.0763855,0.07691777
128,155.97064,151.0831,155.70119,151.26912,-0.26945496,0.1860199,0.32742843
128,1109.112,110.374886,1109.3557,110.519745,0.24365234,0.14485931,0.28346196
128,1201.3964,178.5464,1201.4777,178.54897,0.08129883,0.0025634766,0.08133923
129,213.70477,63.760937,213.66193,63.723003,-0.04284668,-0.03793335,0.057225667
129,46.074924,240.73468,46.086685,240.7013,0.011760712,-0.03338623,0.0353971
129,958.3129,0.6197815,958.3266,0.5650673,0.013671875,-0.054714203,0.05639649
129,103.89985,66.65176,103.88084,66.5535,-0.019012451,-0.09825897,0.10008146
129,46.406525,67.69168,46.24303,67.637085,-0.16349411,-0.054595947,0.17236891
129,1065.4241,83.81841,1065.5293,83.79219,0.10522461,-0.026222229,0.108442724
129,968.50433,12.279479,968.5002,12.16052,-0.0041503906,-0.11895943,0.11903181
129,1275.705,230.64305,1275.705,230.57523,0.0,-0.06782532,0.06782532
129,1022.56757,57.598095,1022.5295,57.555855,-0.038085938,-0.042240143,0.056875024
129,263.90552,2.6865454,263.92294,2.6116326,0.017425537,-0.07491279,0.076912776
129,1042.4474,65.70409,1042.4424,65.61133,-0.005004883,-0.09275818,0.0928931
129,246.12402,1.7295771,245.95706,1.7182732,-0.16696167,-0.011303902,0.16734388
129,-0.059817582,255.25964,-0.13185316,255.1697,-0.07203558,-0.08995056,0.11523987
129,69.37207,211.63603,69.381805,211.58008,0.009735107,-0.05595398,0.056794543
129,1080.1975,91.75527,1080.3068,91.64464,0.10925293,-0.11063385,0.1554865
129,1011.0869,43.549652,1011.1163,43.50125,0.02935791,-0.04840088,0.056608584
129,1.1246252,288.56265,1.1021214,288.53094,-0.022503853,-0.031707764,0.038881946
129,1092.5417,101.88845,1092.6311,101.7817,0.08935547,-0.10675049,0.13921231
129,980.7462,21.335926,980.62463,21.233364,-0.12158203,-0.10256195,0.15906334
129,1168.1979,154.42114,1168.2537,154.34976,0.055786133,-0.071380615,0.09059407
129,1143.5901,135.99126,1143.6104,135.8822,0.020263672,-0.109054565,0.11092121
129,1122.4514,117.98548,1122.4465,117.82222,-0.0048828125,-0.16326141,0.16333441
129,1188.4053,169.50226,1188.5186,169.41895,0.11328125,-0.08331299,0.14061898
129,155.70119,151.26912,155.7261,151.07857,0.024917603,-0.19055176,0.19217403
129,1109.3557,110.519745,1109.3622,110.38308,0.0064697266,-0.13666534,0.1368184
129,1201.4777,178.54897,1201.5643,178.39,0.08666992,-0.15896606,0.18105768
130,213.66193,63.723003,213.52312,63.615707,-0.1388092,-0.10729599,0.1754435
130,46.086685,240.7013,45.90977,240.67368,-0.17691422,-0.027618408,0.17905702
130,958.3266,0.5650673,958.19806,0.36712646,-0.12854004,-0.19794083,0.23601507
130,103.88084,66.5535,103.456665,66.490204,-0.42417145,-0.06329346,0.42886767
130,46.24303,67.637085,46.233177,67.52319,-0.009853363,-0.1138916,0.11431704
130,1065.5293,83.79219,1065.6556,83.783356,0.12634277,-0.008834839,0.1266513
130,968.5002,12.16052,968.4398,11.9853115,-0.06036377,-0.17520809,0.18531503
130,1275.705,230.57523,1275.808,230.50645,0.103027344,-0.06877136,0.12387144
130,1022.5295,57.555855,1022.57465,57.471066,0.045166016,-0.084789276,0.09606868
130,263.92294,2.6116326,263.74332,2.5521462,-0.17962646,-0.05948639,0.18922023
130,1042.4424,65.61133,1042.4087,65.57621,-0.033691406,-0.035118103,0.048666127
130,245.95706,1.7182732,245.85689,1.5784593,-0.10017395,-0.1398139,0.17199636
130,-0.13185316,255.1697,-0.17459202,254.91434,-0.042738855,-0.25535583,0.25890774
130,69.381805,211.58008,69.22794,211.5628,-0.153862,-0.01727295,0.15482852
130,1080.3068,91.64464,1080.3998,91.671364,0.09301758,0.026725769,0.09678087
130,1011.1163,43.50125,1011.23987,43.522354,0.12359619,0.021102905,0.12538481
130,1.1021214,288.53094,1.2323904,288.2647,0.13026905,-0.26623535,0.29639718
130,1092.6311,101.7817,1092.6151,101.69715,-0.015991211,-0.08454895,0.08604792
130,980.62463,21.233364,980.73395,21.265266,0.109313965,0.031902313,0.113874055
130,1168.2537,154.34976,1168.2263,154.24493,-0.02734375,-0.10482788,0.10833543
130,1143.6104,135.8822,1143.6687,135.79018,0.05834961,-0.09202576,0.10896521
130,1122.4465,117.82222,1122.271,117.57958,-0.17553711,-0.24263763,0.2994767
130,1188.5186,169.41895,1188.4966,169.3796,-0.021972656,-0.039352417,0.04507117
130,155.7261,151.07857,155.45767,151.02184,-0.26843262,-0.056732178,0.27436218
130,1109.3622,110.38308,1109.3624,110.27302,0.00024414062,-0.110061646,0.110061914
130,1201.5643,178.39,1201.6024,178.4139,0.038085938,0.023895264,0.04496134
131,213.52312,63.615707,213.49937,63.64516,-0.023742676,0.029453278,0.03783134
131,45.90977,240.67368,45.810143,240.81776,-0.09962845,0.14408875,0.17517817
131,958.19806,0.36712646,958.12555,0.37148952,-0.072509766,0.00436306,0.07264091
131,103.456665,66.490204,103.22989,66.52608,-0.22677612,0.035873413,0.22959597
131,46.233177,67.52319,46.231445,67.54892,-0.0017318726,0.025726318,0.025784547
131,1065.6556,83.783356,1065.5295,83.73792,-0.12609863,-0.045433044,0.13403368
131,968.4398,11.9853115,968.4044,12.014901,-0.03540039,0.029589653,0.04613822
131,1275.808,230.50645,1275.8413,230.64796,0.033325195,0.14151001,0.14538106
131,1022.57465,57.471066,1022.56195,57.498055,-0.0126953125,0.026988983,0.029825764
131,263.74332,2.5521462,263.69464,2.6313822,-0.048675537,0.07923603,0.092992775
131,1042.4087,65.57621,1042.2643,65.5664,-0.14440918,-0.009811401,0.1447421
131,245.85689,1.5784593,245.82442,1.6135874,-0.032470703,0.035128117,0.047836505
131,-0.17459202,254.91434,-0.15529823,254.91068,0.019293785,-0.0036621094,0.019638259
131,69.22794,211.5628,69.13064,211.68008,-0.0973053,0.11727905,0.15238994
131,1080.3998,91.671364,1080.355,91.67091,-0.044799805,-0.00045013428,0.044802066
131,1011.23987,43.522354,1011.1442,43.453976,-0.09564209,-0.06837845,0.11757135
131,1.2323904,288.2647,1.0855856,288.36624,-0.14680481,0.10153198,0.17849481
131,1092.6151,101.69715,1092.6351,101.802864,0.020019531,0.10571289,0.10759181
131,980.73395,21.265266,980.5713,21.183418,-0.16265869,-0.081848145,0.18209055
131,1168.2263,154.24493,1168.0974,154.25568,-0.12890625,0.0107421875,0.12935306
131,1143.6687,135.79018,1143.7198,135.85733,0.05114746,0.06715393,0.08441394
131,1122.271,117.57958,1122.0292,117.62455,-0.24182129,0.04496765,0.24596672
131,1188.4966,169.3796,1188.4644,169.49072,-0.032226562,0.11112976,0.11570814
131,155.45767,151.02184,155.43898,151.06602,-0.018692017,0.044189453,0.047980197
131,1109.3624,110.27302,1109.4613,110.43319,0.09887695,0.16017151,0.18823273
131,1201.6024,178.4139,1201.433,178.44043,-0.1694336,0.026535034,0.17149884
132,213.49937,63.64516,213.50081,63.67723,0.0014343262,0.03207016,0.03210222
132,45.810143,240.81776,45.828907,240.82289,0.018764496,0.005126953,0.0194523
132,958.12555,0.37148952,958.11774,0.37830925,-0.0078125,0.006819725,0.010370333
132,103.22989,66.52608,103.23514,66.55017,0.0052490234,0.024093628,0.024658775
132,46.231445,67.54892,46.140934,67.63952,-0.09051132,0.09059906,0.1280644
132,1065.5295,83.73792,1065.5776,83.78653,0.048095703,0.048606873,0.06838
132,968.4044,12.014901,968.3993,12.0431,-0.005126953,0.028199196,0.028661478
132,1275.8413,230.64796,1275.7225,230.60944,-0.118774414,-0.038528442,0.12486714
132,1022.56195,57.498055,1022.6674,57.557365,0.10546875,0.059310913,0.121001825
132,263.69464,2.6313822,263.61838,2.7266388,-0.07626343,0.09525657,0.122024275
132,1042.2643,65.5664,1042.3466,65.55341,0.08227539,-0.0129852295,0.083293796
132,245.82442,1.6135874,245.77858,1.6080875,-0.045837402,-0.00549984,0.046166174
132,-0.15529823,254.91068,-0.1801849,254.89719,-0.024886668,-0.0134887695,0.028307121
132,69.13064,211.68008,69.10596,211.69539,-0.024681091,0.015304565,0.029041108
132,1080.355,91.67091,1080.3666,91.70665,0.01159668,0.035736084,0.03757061
132,1011.1442,43.453976,1011.2339,43.47358,0.089660645,0.01960373,0.09177874
132,1.0855856,288.36624,1.0410547,288.41565,-0.04453087,0.04940796,0.066514246
132,1092.6351,101.802864,1092.5833,101.80836,-0.051879883,0.005493164,0.052169885
132,980.5713,21.183418,980.5157,21.098637,-0.055603027,-0.08478165,0.10138848
132,1168.0974,154.25568,1168.2821,154.337,0.18469238,0.081329346,0.20180619
132,1143.7198,135.85733,1143.7528,135.93658,0.032958984,0.07925415,0.08583423
132,1122.0292,117.62455,1122.1201,117.60671,0.09094238,-0.017837524,0.09267521
132,1188.4644,169.49072,1188.4641,169.45891,-0.00024414062,-0.031814575,0.03181551
132,155.43898,151.06602,155.44902,151.15132,0.010040283,0.08529663,0.08588552
132,1109.4613,110.43319,1109.3667,110.37792,-0.09460449,-0.055267334,0.109565
132,1201.433,178.44043,1201.5546,178.44504,0.12158203,0.0046081543,0.12166933
133,213.50081,63.67723,213.42697,63.708748,-0.07383728,0.03151703,0.08028242
133,45.828907,240.82289,45.787483,240.8337,-0.041423798,0.010803223,0.042809352
133,958.11774,0.37830925,958.18176,0.35578156,0.06402588,-0.022527695,0.067873485
133,103.23514,66.55017,103.045334,66.559715,-0.18980408,0.009544373,0.1900439
133,46.140934,67.63952,45.980865,67.66426,-0.16006851,0.024742126,0.16196945
133,1065.5776,83.78653,1065.5658,83.75218,-0.01184082,-0.034347534,0.03633123
133,968.3993,12.0431,968.51447,12.088251,0.11517334,0.045150757,0.12370727
133,1275.7225,230.60944,1275.8022,230.59532,0.079711914,-0.01411438,0.08095187
133,1022.6674,57.557365,1022.745,57.58522,0.07757568,0.02785492,0.08242501
133,263.61838,2.7266388,263.61526,2.7031085,-0.003112793,-0.023530245,0.023735246
133,1042.3466,65.55341,1042.5399,65.59419,0.19335938,0.040779114,0.19761272
133,245.77858,1.6080875,245.77362,1.600715,-0.0049591064,-0.0073724985,0.008885182
133,-0.1801849,254.89719,-0.17472363,254.84422,0.0054612756,-0.052963257,0.05324408
133,69.10596,211.69539,69.05631,211.70457,-0.04964447,0.009185791,0.05048715
133,1080.3666,91.70665,1080.4354,91.70921,0.068847656,0.0025634766,0.06889536
133,1011.2339,43.47358,1011.47375,43.626472,0.23986816,0.15289307,0.28445214
133,1.0410547,288.41565,0.98942375,288.3971,-0.051630974,-0.018554688,0.054863777
133,1092.5833,101.80836,1092.6279,101.77034,0.044677734,-0.038017273,0.05866356
133,980.5157,21.098637,980.5496,21.117212,0.033935547,0.018575668,0.03868691
133,1168.2821,154.337,1168.3286,154.35007,0.04650879,0.013061523,0.048308082
133,1143.7528,135.93658,1143.957,136.00758,0.20422363,0.070999146,0.21621324
133,1122.1201,117.60671,1122.083,117.52226,-0.037109375,-0.08444977,0.09224353
133,1188.4641,169.45891,1188.4716,169.4025,0.007446289,-0.056411743,0.05690107
133,155.44902,151.15132,155.54364,151.01775,0.09461975,-0.13357544,0.16369268
133,1109.3667,110.37792,1109.492,110.406555,0.12524414,0.028633118,0.12847549
133,1201.5546,178.44504,1201.6057,178.39923,0.05114746,-0.045806885,0.068661004
134,213.42697,63.708748,213.66728,63.537354,0.24031067,-0.17139435,0.29516986
134,45.787483,240.8337,45.89164,240.75853,0.104156494,-0.075164795,0.12844579
134,958.18176,0.35578156,958.4053,0.37999344,0.22351074,0.024211884,0.2248183
134,103.045334,66.559715,103.099785,66.40765,0.05445099,-0.15206146,0.16151656
134,45.980865,67.66426,46.423477,67.454285,0.4426117,-0.2099762,0.48989296
134,1065.5658,83.75218,1066.1481,83.885345,0.5822754,0.13316345,0.5973082
134,968.51447,12.088251,968.51764,11.89049,0.0031738281,-0.19776154,0.197787
134,1275.8022,230.59532,1276.1216,230.58,0.31933594,-0.015319824,0.3197032
134,1022.745,57.58522,1022.915,57.38465,0.16998291,-0.20056915,0.26291096
134,263.61526,2.7031085,263.7292,2.5760703,0.11392212,-0.12703824,0.17063694
134,1042.5399,65.59419,1042.8403,65.5085,0.30041504,-0.08569336,0.31239805
134,245.77362,1.600715,245.77724,1.6312532,0.003616333,0.030538201,0.030751579
134,-0.17472363,254.84422,-0.11585617,254.83296,0.058867455,-0.011260986,0.05993486
134,69.05631,211.70457,69.14321,211.63431,0.0868988,-0.07026672,0.11175336
134,1080.4354,91.70921,1080.8832,91.730545,0.4477539,0.021331787,0.44826177
134,1011.47375,43.626472,1011.4815,43.33696,0.007751465,-0.28951263,0.28961638
134,0.98942375,288.3971,1.0391684,288.40826,0.049744606,0.011169434,0.050983157
134,1092.6279,101.77034,1093.1549,101.79455,0.52697754,0.024208069,0.5275333
134,980.5496,21.117212,980.69806,20.978523,0.1484375,-0.13868904,0.20314611
134,1168.3286,154.35007,1168.6322,154.30179,0.30358887,-0.04827881,0.3074037
134,1143.957,136.00758,1143.9781,135.79265,0.021118164,-0.2149353,0.21597028
134,1122.083,117.52226,1122.5386,117.54572,0.4555664,0.023460388,0.45617008
134,1188.4716,169.4025,1188.7195,169.33801,0.2479248,-0.06448364,0.25617346
134,155.54364,151.01775,155.23488,151.14166,-0.3087616,0.123916626,0.33269966
134,1109.492,110.406555,1109.204,109.935524,-0.28796387,-0.4710312,0.5520811
134,1201.6057,178.39923,1201.8004,178.33154,0.19470215,-0.06768799,0.20613246
135,213.66728,63.537354,213.5986,63.595497,-0.06867981,0.058143616,0.089986645
135,45.89164,240.75853,45.662056,240.96683,-0.22958374,0.20829773,0.30999458
135,958.4053,0.37999344,958.1839,0.32277012,-0.22137451,-0.05722332,0.2286508
135,103.099785,66.40765,103.04302,66.51427,-0.056762695,0.10661316,0.12078232
135,46.423477,67.454285,46.191574,67.53972,-0.23190308,0.08543396,0.24713963
135,1066.1481,83.885345,1065.9082,83.816635,-0.23986816,-0.06871033,0.24951522
135,968.51764,11.89049,968.4178,11.83543,-0.099853516,-0.055059433,0.11402748
135,1276.1216,230.58,1276.0571,230.63934,-0.064453125,0.05934143,0.087610565
135,1022.915,57.38465,1022.89166,57.4472,-0.02331543,0.06254959,0.06675373
135,263.7292,2.5760703,263.7033,2.5950108,-0.025878906,0.018940449,0.032069586
135,1042.8403,65.5085,1042.8756,65.557205,0.03527832,0.048706055,0.060140166
135,245.77724,1.6312532,245.52142,1.6753416,-0.2558136,0.044088364,0.25958502
135,-0.11585617,254.83296,-0.13459527,254.7481,-0.018739104,-0.084869385,0.086913556
135,69.14321,211.63431,68.947525,211.7931,-0.19568634,0.15879822,0.25201192
135,1080.8832,91.730545,1080.7365,91.693146,-0.14672852,-0.037399292,0.15141983
135,1011.4815,43.33696,1011.4658,43.345688,-0.015686035,0.008728027,0.017950771
135,1.0391684,288.40826,0.99622154,288.34622,-0.042946815,-0.062042236,0.075456396
135,1093.1549,101.79455,1093.0034,101.76289,-0.15148926,-0.031654358,0.15476109
135,980.69806,20.978523,980.6881,21.029068,-0.0099487305,0.05054474,0.05151454
135,1168.6322,154.30179,1168.7343,154.55841,0.10205078,0.2566223,0.2761691
135,1143.9781,135.79265,1143.8865,135.8461,-0.091674805,0.053451538,0.10611945
135,1122.5386,117.54572,1122.353,117.54996,-0.18554688,0.004234314,0.18559518
135,1188.7195,169.33801,1188.717,169.41551,-0.0024414062,0.07749939,0.077537835
135,155.23488,151.14166,155.20732,151.3139,-0.027557373,0.17224121,0.17443177
135,1109.204,109.935524,1109.117,110.00992,-0.08703613,0.074394226,0.11449799
135,1201.8004,178.33154,1201.9188,178.49716,0.1184082,0.1656189,0.20359303
136,213.5986,63.595497,213.54942,63.597984,-0.049179077,0.0024871826,0.04924193
136,45.662056,240.96683,45.75854,240.84511,0.09648514,-0.12171936,0.1553222
136,958.1839,0.32277012,958.2793,0.28441715,0.09539795,-0.038352966,0.10281886
136,103.04302,66.51427,102.78359,66.486046,-0.25942993,-0.02822113,0.26096037
136,46.191574,67.53972,46.137367,67.482834,-0.05420685,-0.056884766,0.07857645
136,1065.9082,83.816635,1065.858,83.80501,-0.0501709,-0.011627197,0.05150059
136,968.4178,11.83543,968.42236,11.769284,0.0045776367,-0.0661459,0.06630411
136,1276.0571,230.63934,1276.0591,230.61827,0.001953125,-0.021072388,0.021162707
136,1022.89166,57.4472,1022.85504,57.423477,-0.036621094,-0.023723602,0.04363386
136,263.7033,2.5950108,263.6323,2.5622554,-0.071014404,-0.032755375,0.0782046
136,1042.8756,65.557205,1042.9425,65.58113,0.06689453,0.023925781,0.071044505
136,245.52142,1.6753416,245.52193,1.6722059,0.00050354004,-0.0031356812,0.003175854
136,-0.13459527,254.7481,-0.12519734,254.70427,0.009397939,-0.043823242,0.044819616
136,68.947525,211.7931,68.89717,211.76164,-0.050354004,-0.031463623,0.059375796
136,1080.7365,91.693146,1080.8239,91.691635,0.087402344,-0.0015106201,0.0874154
136,1011.4658,43.345688,1011.41656,43.36409,-0.04925537,0.0184021,0.05258069
136,0.99622154,288.34622,1.0136042,288.3449,0.017382622,-0.0013122559,0.017432084
136,1093.0034,101.76289,1093.0013,101.72347,-0.0020751953,-0.03942108,0.039475664
136,980.6881,21.029068,980.69336,21.005678,0.0052490234,-0.023389816,0.023971561
136,1168.7343,154.55841,1168.6417,154.34598,-0.0925293,-0.21243286,0.23170972
136,1143.8865,135.8461,1143.8779,135.76852,-0.008544922,-0.07757568,0.07804488
136,1122.353,117.54996,1122.6277,117.64409,0.2746582,0.09413147,0.29034096
136,1188.717,169.41551,1188.6221,169.30568,-0.0949707,-0.10983276,0.14519872
136,155.20732,151.3139,155.02353,151.10332,-0.18379211,-0.21058655,0.2795107
136,1109.117,110.00992,1109.4647,110.13204,0.34777832,0.12212372,0.3685973
136,1201.9188,178.49716,1202.06,178.5595,0.14123535,0.062332153,0.1543785
137,213.54942,63.597984,213.59721,63.541096,0.047790527,-0.05688858,0.07429835
137,45.75854,240.84511,45.718224,240.883,-0.040317535,0.037887573,0.055326052
137,958.2793,0.28441715,958.4235,0.33850956,0.14422607,0.054092407,0.1540362
137,102.78359,66.486046,102.87963,66.48787,0.09603882,0.0018234253,0.096056126
137,46.137367,67.482834,46.090363,67.47131,-0.0470047,-0.011520386,0.04839588
137,1065.858,83.80501,1066.075,83.74431,0.21691895,-0.060699463,0.22525153
137,968.42236,11.769284,968.74976,11.865854,0.32739258,0.096570015,0.34133804
137,1276.0591,230.61827,1276.2108,230.62842,0.1517334,0.010147095,0.15207231
137,1022.85504,57.423477,1022.99567,57.38069,0.140625,-0.042785645,0.14698981
137,263.6323,2.5622554,263.6808,2.6238317,0.04849243,0.061576366,0.07837834
137,1042.9425,65.58113,1042.9877,65.55626,0.045166016,-0.024871826,0.05156139
137,245.52193,1.6722059,245.52394,1.6491784,0.0020141602,-0.02302754,0.023115458
137,-0.12519734,254.70427,-0.1396697,254.71463,-0.014472365,0.010360718,0.017798703
137,68.89717,211.76164,68.93988,211.76299,0.04270935,0.0013427734,0.042730454
137,1080.8239,91.691635,1080.887,91.69382,0.06311035,0.0021820068,0.06314806
137,1011.41656,43.36409,1011.5533,43.322987,0.13671875,-0.041103363,0.1427638
137,1.0136042,288.3449,1.039525,288.31674,0.025920868,-0.028167725,0.038279396
137,1093.0013,101.72347,1093.0902,101.74208,0.08886719,0.018608093,0.09079448
137,980.69336,21.005678,980.9661,21.047817,0.2727661,0.042139053,0.2760019
137,1168.6417,154.34598,1168.7683,154.37102,0.12658691,0.025039673,0.12903965
137,1143.8779,135.76852,1143.9194,135.6604,0.041503906,-0.10812378,0.115815915
137,1122.6277,117.64409,1122.6813,117.56026,0.053588867,-0.08383179,0.09949641
137,1188.6221,169.30568,1188.7529,169.28294,0.13085938,-0.022735596,0.13281974
137,155.02353,151.10332,155.18723,150.97496,0.16369629,-0.12835693,0.20801918
137,1109.4647,110.13204,1109.598,110.10942,0.13330078,-0.022621155,0.13520657
137,1202.06,178.5595,1202.1941,178.50006,0.1340332,-0.059432983,0.14661916
138,213.59721,63.541096,213.56262,63.483612,-0.034591675,-0.057483673,0.06708917
138,45.718224,240.883,45.717537,240.87909,-0.0006866455,-0.00390625,0.0039661406
138,958.4235,0.33850956,958.3305,0.23830509,-0.09301758,-0.10020447,0.1367231
138,102.87963,66.48787,102.936714,66.403854,0.05708313,-0.08401489,0.101572566
138,46.090363,67.47131,46.146866,67.49184,0.056503296,0.020523071,0.060115047
138,1066.075,83.74431,1066.2606,83.79208,0.18566895,0.04777527,0.19171707
138,968.74976,11.865854,968.5518,11.694476,-0.19793701,-0.17137814,0.26181966
138,1276.2108,230.62842,1276.3099,230.66177,0.099121094,0.033355713,0.10458296
138,1022.99567,57.38069,1023.0106,57.32275,0.014953613,-0.057941437,0.05983996
138,263.6808,2.6238317,263.63678,2.6474195,-0.044006348,0.023587704,0.049929336
138,1042.9877,65.55626,1043.0353,65.53534,0.047607422,-0.0209198,0.052001007
138,245.52394,1.6491784,245.58034,1.5887516,0.056396484,-0.06042683,0.082655706
138,-0.1396697,254.71463,-0.14039516,254.60175,-0.00072546303,-0.11288452,0.11288685
138,68.93988,211.76299,68.91121,211.77028,-0.028671265,0.007293701,0.029584447
138,1080.887,91.69382,1080.8896,91.6329,0.0026855469,-0.060920715,0.06097988
138,1011.5533,43.322987,1011.63525,43.296032,0.081970215,-0.02695465,0.08628829
138,1.039525,288.31674,0.98755455,288.29868,-0.051970482,-0.018066406,0.05502114
138,1093.0902,101.74208,1093.1128,101.70094,0.022583008,-0.041137695,0.046928693
138,980.9661,21.047817,980.88904,20.858345,-0.0770874,-0.1894722,0.20455362
138,1168.7683,154.37102,1168.8499,154.36476,0.08154297,-0.0062561035,0.08178261
138,1143.9194,135.6604,1144.0063,135.63568,0.08691406,-0.024719238,0.09036092
138,1122.6813,117.56026,1122.6991,117.559166,0.017822266,-0.0010910034,0.017855627
138,1188.7529,169.28294,1188.8381,169.21985,0.08520508,-0.06309509,0.10602309
138,155.18723,150.97496,155.15094,151.022,-0.0362854,0.047042847,0.05941094
138,1109.598,110.10942,1109.7611,110.20642,0.16308594,0.09700012,0.1897526
138,1202.1941,178.50006,1202.2208,178.49864,0.026733398,-0.0014190674,0.026771035
139,213.56262,63.483612,213.46706,63.61965,-0.095565796,0.13603973,0.1662517
139,45.717537,240.87909,45.609108,241.03117,-0.108428955,0.15208435,0.18677925
139,958.3305,0.23830509,958.35925,0.23857212,0.028747559,0.0002670288,0.0287488
139,102.936714,66.403854,103.07933,66.44191,0.14261627,0.03805542,0.1476063
139,46.146866,67.49184,46.101482,67.492355,-0.045383453,0.0005187988,0.04538642
139,1066.2606,83.79208,1066.2765,83.80616,0.01586914,0.014076233,0.021212496
139,968.5518,11.694476,968.598,11.759368,0.046203613,0.064891815,0.079660036
139,1276.3099,230.66177,1276.3132,230.73065,0.0032958984,0.068878174,0.068956986
139,1023.0106,57.32275,1023.0479,57.341103,0.03729248,0.018352509,0.04156373
139,263.63678,2.6474195,263.5994,2.6404104,-0.037384033,-0.0070090294,0.03803541
139,1043.0353,65.53534,1042.9072,65.461105,-0.12805176,-0.07423401,0.14801331
139,245.58034,1.5887516,245.612,1.4127874,0.031661987,-0.17596412,0.17878996
139,-0.14039516,254.60175,-0.15434963,254.63263,-0.013954461,0.030883789,0.03389005
139,68.91121,211.77028,68.85181,211.80978,-0.059402466,0.039505005,0.07133932
139,1080.8896,91.6329,1081.0342,91.68993,0.14453125,0.057037354,0.1553787
139,1011.63525,43.296032,1011.6135,43.230354,-0.021728516,-0.06567764,0.06917862
139,0.98755455,288.29868,0.9638065,288.40802,-0.02374804,0.10934448,0.11189364
139,1093.1128,101.70094,1093.1724,101.73736,0.059570312,0.0364151,0.06981892
139,980.88904,20.858345,980.835,20.822647,-0.054016113,-0.035697937,0.0647463
139,1168.8499,154.36476,1169.0638,154.54404,0.21398926,0.17927551,0.27916145
139,1144.0063,135.63568,1144.0265,135.68445,0.020141602,0.04876709,0.052762803
139,1122.6991,117.559166,1122.6411,117.49459,-0.0579834,-0.064575195,0.08678727
139,1188.8381,169.21985,1188.7933,169.21811,-0.044799805,-0.001739502,0.044833563
139,155.15094,151.022,154.9402,150.93344,-0.21073914,-0.08856201,0.22859181
139,1109.7611,110.20642,1109.8416,110.25114,0.080444336,0.04471588,0.092036955
139,1202.2208,178.49864,1202.288,178.56317,0.06713867,0.06452942,0.09312168
140,213.46706,63.61965,213.26512,63.761597,-0.20193481,0.14194489,0.24683197
140,45.609108,241.03117,45.51175,241.0605,-0.0973587,0.029327393,0.10167995
140,958.35925,0.23857212,958.23645,0.15817642,-0.122802734,-0.0803957,0.14677867
140,103.07933,66.44191,102.75381,66.47087,-0.32552338,0.028961182,0.32680914
140,46.101482,67.492355,45.914337,67.628654,-0.18714523,0.13629913,0.23151846
140,1066.2765,83.80616,1066.3793,83.88031,0.1027832,0.074150085,0.1267384
140,968.598,11.759368,968.51416,11.748949,-0.083862305,-0.010418892,0.08450703
140,1276.3132,230.73065,1276.3424,230.79634,0.029174805,0.06568909,0.07187646
140,1023.0479,57.341103,1022.9552,57.476624,-0.0927124,0.13552094,0.1641996
140,263.5994,2.6404104,263.63492,2.5941525,0.03552246,-0.046257973,0.058323625
140,1042.9072,65.461105,1042.9698,65.48299,0.06262207,0.021881104,0.06633481
140,245.612,1.4127874,245.62013,1.3593864,0.008132935,-0.053400993,0.054016765
140,-0.15434963,254.63263,-0.14735548,254.621,0.006994143,-0.011627197,0.013568705
140,68.85181,211.80978,68.733635,211.88603,-0.11817169,0.07624817,0.14063546
140,1081.0342,91.68993,1081.0159,91.71768,-0.018310547,0.027748108,0.033245053
140,1011.6135,43.230354,1011.68964,43.263515,0.07611084,0.033161163,0.083021216
140,0.9638065,288.40802,1.1718292,288.19275,0.20802271,-0.215271,0.2993577
140,1093.1724,101.73736,1093.4398,101.96421,0.26745605,0.22685242,0.3507061
140,980.835,20.822647,980.9468,21.043573,0.11175537,0.22092628,0.24758369
140,1169.0638,154.54404,1169.197,154.60379,0.13317871,0.059753418,0.14596932
140,1144.0265,135.68445,1143.9128,135.66727,-0.11364746,-0.017181396,0.11493888
140,1122.6411,117.49459,1122.6721,117.516846,0.03100586,0.022254944,0.038166028
140,1188.7933,169.21811,1188.6261,169.20207,-0.16723633,-0.016036987,0.1680035
140,154.9402,150.93344,154.77504,151.08838,-0.16516113,0.15493774,0.2264595
140,1109.8416,110.25114,1110.0829,110.4517,0.24133301,0.20056152,0.3137938
140,1202.288,178.56317,1202.3673,178.6292,0.0793457,0.06602478,0.103223115
141,213.26512,63.761597,213.41904,63.616047,0.1539154,-0.14554977,0.21183647
141,45.51175,241.0605,45.40511,241.0129,-0.10663986,-0.047607422,0.1167841
141,958.23645,0.15817642,958.46106,0.050165176,0.22460938,-0.108011246,0.24923041
141,102.75381,66.47087,102.507805,66.35512,-0.2460022,-0.115753174,0.27187476
141,45.914337,67.628654,45.85472,67.323,-0.05961609,-0.30565643,0.311416
141,1066.3793,83.88031,1066.5759,83.891365,0.19665527,0.011054993,0.19696575
141,968.51416,11.748949,968.797,11.6784725,0.2828369,-0.07047653,0.29148528
141,1276.3424,230.79634,1276.5034,230.72713,0.16101074,-0.06921387,0.17525701
141,1022.9552,57.476624,1023.0145,57.392864,0.059326172,-0.08375931,0.1026412
141,263.63492,2.5941525,263.51505,2.6382656,-0.11987305,0.04411316,0.12773222
141,1042.9698,65.48299,1043.1827,65.47398,0.21289062,-0.009002686,0.21308088
141,245.62013,1.3593864,245.5135,1.2618103,-0.10662842,-0.09757614,0.14453624
141,-0.14735548,254.621,-0.12434958,254.30354,0.023005903,-0.3174591,0.31829163
141,68.733635,211.88603,68.5217,211.95074,-0.21193695,0.064712524,0.22159643
141,1081.0159,91.71768,1081.1683,91.63947,0.15246582,-0.07820892,0.17135479
141,1011.68964,43.263515,1011.8692,43.311577,0.17956543,0.04806137,0.1858861
141,1.1718292,288.19275,0.9635646,288.14407,-0.20826465,-0.048675537,0.21387723
141,1093.4398,101.96421,1093.8882,102.068954,0.44836426,0.10474396,0.46043652
141,980.9468,21.043573,981.0837,20.867516,0.13690186,-0.17605782,0.22302124
141,1169.197,154.60379,1169.4098,154.61143,0.21276855,0.0076446533,0.21290585
141,1143.9128,135.66727,1143.9736,135.54544,0.060791016,-0.12182617,0.13615125
141,1122.6721,117.516846,1122.6886,117.373055,0.016479492,-0.1437912,0.14473245
141,1188.6261,169.20207,1188.6953,169.13837,0.06921387,-0.063705444,0.09406882
141,1110.0829,110.4517,1110.0768,110.30792,-0.0061035156,-0.14377594,0.14390543
141,1202.3673,178.6292,1202.6713,178.68353,0.30395508,0.054336548,0.30877364
142,213.41904,63.616047,213.37657,63.549885,-0.04246521,-0.06616211,0.07861754
142,45.40511,241.0129,45.316307,241.06944,-0.08880234,0.056549072,0.10527893
142,958.46106,0.050165176,958.44775,-0.056031227,-0.013305664,-0.1061964,0.10702671
142,102.507805,66.35512,102.12896,66.369545,-0.3788452,0.014427185,0.3791198
142,45.85472,67.323,45.891346,67.44359,0.03662491,0.12059021,0.1260293
142,1066.5759,83.891365,1066.722,83.890465,0.14611816,-0.00090026855,0.14612094
142,968.797,11.6784725,968.5677,11.438799,-0.22930908,-0.23967361,0.33170182
142,1276.5034,230.72713,1276.6427,230.7298,0.13928223,0.002670288,0.13930783
142,1023.0145,57.392864,1023.05945,57.272743,0.044921875,-0.120121,0.12824598
142,263.51505,2.6382656,263.50595,2.5644355,-0.009094238,-0.07383013,0.074388124
142,1043.1827,65.47398,1043.2795,65.366554,0.09680176,-0.107429504,0.1446087
142,245.5135,1.2618103,245.43001,1.2789001,-0.083496094,0.017089844,0.08522711
142,-0.12434958,254.30354,-0.119445905,254.18486,0.004903674,-0.11868286,0.11878412
142,68.5217,211.95074,68.48999,211.87952,-0.031707764,-0.07122803,0.07796675
142,1081.1683,91.63947,1081.2095,91.55537,0.041137695,-0.084106445,0.09362801
142,1011.8692,43.311577,1012.14215,43.379253,0.27294922,0.067676544,0.28121415
142,0.9635646,288.14407,0.9473743,288.12265,-0.01619029,-0.02142334,0.026853027
142,1093.8882,102.068954,1093.7955,101.904175,-0.09265137,-0.16477966,0.1890413
142,981.0837,20.867516,981.1587,20.837822,0.07501221,-0.029693604,0.08067553
142,1169.4098,154.61143,1169.4105,154.43364,0.0007324219,-0.17779541,0.17779692
142,1143.9736,135.54544,1144.3412,135.61548,0.3675537,0.07003784,0.3741671
142,1122.6886,117.373055,1122.8234,117.333466,0.13476562,-0.03958893,0.14046016
142,1188.6953,169.13837,1188.8893,169.05655,0.19396973,-0.08181763,0.2105193
142,1110.0768,110.30792,1110.3843,110.32206,0.30749512,0.014137268,0.30781993
142,1202.6713,178.68353,1203.0748,178.83597,0.40356445,0.1524353,0.431394
143,213.37657,63.549885,213.35455,63.54507,-0.022018433,-0.004814148,0.022538576
143,45.316307,241.06944,45.261997,241.14716,-0.054309845,0.07771301,0.09480966
143,958.44775,-0.056031227,958.71497,-0.0252285,0.2672119,0.030802727,0.26898146
143,102.12896,66.369545,102.17637,66.216354,0.047409058,-0.15319061,0.16035892
143,45.891346,67.44359,46.444187,67.40894,0.5528412,-0.03464508,0.5539257
143,1066.722,83.890465,1067.2318,83.93953,0.5097656,0.049064636,0.5121214
143,968.5677,11.438799,968.8972,11.3705225,0.3295288,-0.068276405,0.3365277
143,1276.6427,230.7298,1276.6421,230.72908,-0.00061035156,-0.0007171631,0.0009417282
143,1023.05945,57.272743,1023.1495,57.110134,0.090026855,-0.1626091,0.18586703
143,263.50595,2.5644355,263.48727,2.5765276,-0.018676758,0.0120921135,0.022249505
143,1043.2795,65.366554,1043.3964,65.348465,0.11682129,-0.018089294,0.11821352
143,245.43001,1.2789001,245.26735,1.1936293,-0.16265869,-0.08527088,0.18365449
143,-0.119445905,254.18486,-0.103764534,253.90953,0.015681371,-0.2753296,0.2757758
143,68.48999,211.87952,68.358444,211.94594,-0.13154602,0.06642151,0.14736408
143,1081.2095,91.55537,1081.727,91.59355,0.5175781,0.03818512,0.5189848
143,0.9473743,288.12265,0.9651787,288.06613,0.017804444,-0.056518555,0.059256606
143,1093.7955,101.904175,1094.5497,102.12307,0.7541504,0.21889496,0.78527564
143,981.1587,20.837822,981.2237,20.648937,0.06500244,-0.18888474,0.19975676
143,1169.4105,154.43364,1169.6677,154.48515,0.25720215,0.051513672,0.26231012
143,1144.3412,135.61548,1144.7291,135.71994,0.38793945,0.10446167,0.40175772
143,1122.8234,117.333466,1122.8602,117.10346,0.036865234,-0.23000336,0.23293902
143,1188.8893,169.05655,1188.8365,168.95065,-0.052734375,-0.105895996,0.11829994
143,1110.3843,110.32206,1110.4949,110.134865,0.1105957,-0.18719482,0.21742427
143,1203.0748,178.83597,1203.0537,178.73756,-0.021118164,-0.09840393,0.10064448
144,213.35455,63.54507,213.06924,63.536804,-0.28530884,-0.008266449,0.28542858
144,45.261997,241.14716,44.935562,241.3119,-0.3264351,0.16474915,0.36565304
144,958.71497,-0.0252285,958.50714,-0.1968193,-0.2078247,-0.1715908,0.2695079
144,102.17637,66.216354,100.98666,66.36184,-1.1897125,0.14548492,1.1985749
144,46.444187,67.40894,45.840523,67.32971,-0.6036644,-0.07923126,0.6088418
144,1067.2318,83.93953,1067.2933,84.01857,0.061523438,0.07904053,0.10016256
144,968.8972,11.3705225,968.7215,11.154687,-0.17572021,-0.21583557,0.278321
144,1276.6421,230.72908,1276.7457,230.78745,0.103637695,0.05836487,0.11894213
144,1023.1495,57.110134,1023.2486,57.25714,0.099121094,0.14700699,0.17730214
144,263.48727,2.5765276,263.23962,2.5465279,-0.24765015,-0.029999733,0.24946058
144,1043.3964,65.348465,1043.594,65.40753,0.19763184,0.059066772,0.20626979
144,245.26735,1.1936293,244.91469,1.302165,-0.35266113,0.10853577,0.36898494
144,-0.103764534,253.90953,-0.078315735,253.55806,0.0254488,-0.35147095,0.35239106
144,68.358444,211.94594,68.0242,212.0663,-0.33424377,0.12036133,0.35525447
144,1081.727,91.59355,1081.3231,91.44587,-0.40393066,-0.14768219,0.4300814
144,0.9651787,288.06613,0.9811344,287.87314,0.015955687,-0.19299316,0.1936516
144,1094.5497,102.12307,1094.3666,102.03975,-0.18310547,-0.08332062,0.20117141
144,1169.6677,154.48515,1169.9186,154.6012,0.2508545,0.11604309,0.2763946
144,1144.7291,135.71994,1144.4136,135.4827,-0.31555176,-0.23724365,0.39478788
144,1122.8602,117.10346,1122.78,117.08868,-0.080200195,-0.014785767,0.08155176
144,1188.8365,168.95065,1189.0925,169.05371,0.25598145,0.10305786,0.27594823
144,1203.0537,178.73756,1203.1199,178.73068,0.06616211,-0.006881714,0.06651904
145,213.06924,63.536804,212.938,63.434597,-0.13124084,-0.102207184,0.16634442
145,44.935562,241.3119,44.6653,241.36221,-0.27026367,0.050308228,0.2749061
145,958.50714,-0.1968193,958.17755,-0.32038498,-0.32958984,-0.123565674,0.3519914
145,100.98666,66.36184,100.65191,66.2726,-0.3347473,-0.08924103,0.34643865
145,45.840523,67.32971,45.74837,67.347885,-0.09215164,0.018173218,0.09392652
145,1067.2933,84.01857,1067.5701,84.065285,0.2767334,0.046714783,0.28064862
145,968.7215,11.154687,968.49146,11.025013,-0.2300415,-0.12967396,0.26407278
145,1276.7457,230.78745,1276.6847,230.74472,-0.061035156,-0.04272461,0.0745029
145,1023.2486,57.25714,1023.175,57.19554,-0.0736084,-0.06159973,0.09598293
145,263.23962,2.5465279,262.9046,2.4854646,-0.33502197,-0.06106329,0.3405414
145,1043.594,65.40753,1043.5181,65.362305,-0.075927734,-0.04522705,0.08837707
145,244.91469,1.302165,244.51384,1.0549278,-0.4008484,-0.2472372,0.4709625
145,-0.078315735,253.55806,-0.11060198,253.38683,-0.03228624,-0.17123413,0.17425135
145,68.0242,212.0663,67.73916,211.9441,-0.2850418,-0.12219238,0.31012872
145,1081.3231,91.44587,1081.2382,91.271576,-0.08496094,-0.17429352,0.19389841
145,0.9811344,287.87314,0.92488575,287.52582,-0.056248665,-0.34732056,0.35184583
145,1094.3666,102.03975,1094.6238,102.222336,0.25720215,0.18258667,0.31542167
145,1169.9186,154.6012,1170.2699,154.80219,0.35131836,0.20098877,0.40474817
145,1122.78,117.08868,1122.7823,117.08448,0.002319336,-0.004196167,0.00479449
145,1189.0925,169.05371,1188.948,168.89848,-0.14453125,-0.15522766,0.21209645
145,1203.1199,178.73068,1203.3892,178.90913,0.2692871,0.17845154,0.32304877
146,212.938,63.434597,213.02484,63.334885,0.08683777,-0.09971237,0.13222463
146,44.6653,241.36221,44.67273,241.25084,0.0074310303,-0.1113739,0.11162153
146,958.17755,-0.32038498,957.9165,-0.5006857,-0.26104736,-0.18030071,0.31726027
146,100.65191,66.2726,100.642944,66.082085,-0.008964539,-0.19051361,0.1907244
146,45.74837,67.347885,45.869892,67.1815,0.121520996,-0.16638184,0.20603463
146,1067.5701,84.065285,1067.7976,83.96239,0.22753906,-0.102897644,0.24972375
146,968.49146,11.025013,968.3111,10.706155,-0.18035889,-0.31885815,0.36633298
146,1276.6847,230.74472,1276.9055,230.60568,0.2208252,-0.13903809,0.26095086
146,1023.175,57.19554,1023.2106,57.005573,0.035583496,-0.18996811,0.19327201
146,1043.5181,65.362305,1043.7129,65.16019,0.19482422,-0.20211792,0.28072786
146,244.51384,1.0549278,244.55772,1.0127554,0.043884277,-0.042172432,0.060863324
146,-0.11060198,253.38683,-0.059783936,253.16516,0.05081804,-0.22166443,0.22741503
146,67.73916,211.9441,67.74057,211.93378,0.001411438,-0.0103302,0.010426179
146,0.92488575,287.52582,0.9937811,287.45197,0.06889534,-0.07385254,0.100998834
146,1094.6238,102.222336,1095.2345,102.363014,0.6107178,0.1406784,0.62671095
146,1170.2699,154.80219,1170.9694,155.00055,0.6994629,0.19836426,0.72704655
146,1122.7823,117.08448,1121.9337,116.13722,-0.8486328,-0.947258,1.2718
146,1188.948,168.89848,1188.868,168.65619,-0.079956055,-0.24229431,0.25514606
146,1203.3892,178.90913,1203.8655,178.97162,0.47631836,0.06248474,0.48039934
147,213.02484,63.334885,212.99055,63.215946,-0.0342865,-0.118938446,0.12378173
147,44.67273,241.25084,44.552643,241.16422,-0.12008667,-0.086624146,0.14806941
147,957.9165,-0.5006857,958.424,-0.50442505,0.5075073,-0.003739357,0.5075211
147,100.642944,66.082085,100.22983,65.882805,-0.41311646,-0.19927979,0.45866942
147,45.869892,67.1815,45.76373,66.99916,-0.106163025,-0.18234253,0.21099618
147,1067.7976,83.96239,1068.106,83.96304,0.3083496,0.00065612793,0.30835032
147,968.3111,10.706155,968.2966,10.286236,-0.014526367,-0.419919,0.4201702
147,1276.9055,230.60568,1276.8978,230.48325,-0.0076904297,-0.12243652,0.12267781
147,1023.2106,57.005573,1023.40515,56.95116,0.19458008,-0.05441284,0.20204495
147,1043.7129,65.16019,1043.9061,65.127625,0.1932373,-0.032562256,0.19596162
147,244.55772,1.0127554,244.25284,0.9055557,-0.30488586,-0.10719967,0.32318285
147,-0.059783936,253.16516,-0.1034565,252.8652,-0.04367256,-0.29995728,0.30311987
147,67.74057,211.93378,67.44176,212.0342,-0.29881287,0.10041809,0.31523472
147,0.9937811,287.45197,0.99657726,287.3186,0.002796173,-0.13336182,0.13339113
147,1095.2345,102.363014,1095.3939,102.1642,0.15942383,-0.19881439,0.2548394
147,1170.9694,155.00055,1171.1879,154.90102,0.21850586,-0.09953308,0.24010757
147,1121.9337,116.13722,1121.8325,115.97403,-0.10119629,-0.16319275,0.1920223
147,1188.868,168.65619,1188.6982,168.29881,-0.1697998,-0.3573761,0.39566356
147,1203.8655,178.97162,1204.386,179.127,0.5205078,0.15538025,0.5432047
148,212.99055,63.215946,212.8066,63.240093,-0.18395996,0.024147034,0.185538
148,44.552643,241.16422,44.556362,241.1805,0.0037193298,0.016281128,0.016700555
148,100.22983,65.882805,100.19711,65.802284,-0.032714844,-0.08052063,0.08691279
148,45.76373,66.99916,45.924183,66.97531,0.1604538,-0.023849487,0.16221659
148,1068.106,83.96304,1068.3604,83.826065,0.25439453,-0.13697815,0.28892836
148,1276.8978,230.48325,1277.2898,230.4343,0.39196777,-0.048950195,0.39501247
148,1023.40515,56.95116,1023.5457,56.647926,0.14056396,-0.3032341,0.33422917
148,1043.9061,65.127625,1043.842,64.971565,-0.064086914,-0.15605927,0.16870575
148,244.25284,0.9055557,244.26283,0.76030445,0.009994507,-0.14525127,0.14559472
148,-0.1034565,252.8652,-0.042050585,252.76822,0.061405912,-0.09698486,0.11479002
148,67.44176,212.0342,67.40605,211.98325,-0.035705566,-0.050949097,0.062214933
148,0.99657726,287.3186,0.9778786,287.4007,-0.018698692,0.082092285,0.08419492
148,1171.1879,154.90102,1171.8842,155.15807,0.69628906,0.25704956,0.74222165
148,1121.8325,115.97403,1122.449,116.095795,0.6164551,0.12176514,0.6283658
148,1188.6982,168.29881,1188.8207,168.1347,0.12243652,-0.16410828,0.20474918
148,1204.386,179.127,1204.9604,179.22647,0.5744629,0.099472046,0.5830114
149,212.8066,63.240093,213.02003,63.27155,0.21343994,0.031455994,0.21574542
149,44.556362,241.1805,44.51378,241.38556,-0.042583466,0.20506287,0.20943765
149,100.19711,65.802284,98.95363,65.85746,-1.2434845,0.05517578,1.2447081
149,45.924183,66.97531,46.684307,66.9135,0.7601242,-0.061813354,0.76263344
149,1277.2898,230.4343,1277.2603,230.50046,-0.029541016,0.06616211,0.07245755
149,1023.5457,56.647926,1023.7288,56.707172,0.18310547,0.059246063,0.19245183
149,1043.842,64.971565,1044.2382,65.09352,0.39611816,0.12195587,0.41446692
149,-0.042050585,252.76822,0.9423914,251.72754,0.984442,-1.0406799,1.4325294
149,67.40605,211.98325,67.25258,212.29585,-0.1534729,0.3126068,0.3482484
149,0.9778786,287.4007,1.1517191,287.29385,0.17384052,-0.10684204,0.2040484
149,1171.8842,155.15807,1171.9283,155.32079,0.044189453,0.16271973,0.16861321
149,1188.8207,168.1347,1188.0637,167.70973,-0.756958,-0.42497253,0.8680939
149,1204.9604,179.22647,1205.7206,179.82611,0.76013184,0.5996399,0.96817786
150,213.02003,63.27155,212.90741,63.21685,-0.11262512,-0.054698944,0.1252054
150,44.51378,241.38556,44.411865,241.30487,-0.10191345,-0.08068848,0.12998839
150,98.95363,65.85746,98.86692,65.75484,-0.08670807,-0.102622986,0.13434942
150,46.684307,66.9135,45.935,66.9834,-0.7493057,0.06990051,0.75255907
150,1277.2603,230.50046,1277.2527,230.41618,-0.0075683594,-0.08427429,0.08461345
150,1023.7288,56.707172,1024.0531,56.62446,0.3242798,-0.08271408,0.33466253
150,1044.2382,65.09352,1044.1672,65.03087,-0.07092285,-0.06265259,0.09463296
150,0.9423914,251.72754,0.8953034,251.55148,-0.047087967,-0.17605591,0.18224423
150,67.25258,212.29585,67.04573,212.38461,-0.20684814,0.088760376,0.2250879
150,1.1517191,287.29385,1.1869011,287.2702,0.035182,-0.023651123,0.04239279
150,1171.9283,155.32079,1172.4316,155.46169,0.5032959,0.14089966,0.5226466
150,1188.0637,167.70973,1188.1627,167.61821,0.09899902,-0.09152222,0.13482256
150,1205.7206,179.82611,1206.0071,179.9561,0.28649902,0.12998962,0.3146093
151,212.90741,63.21685,212.8001,63.289673,-0.10731506,0.07282257,0.12969059
151,44.411865,241.30487,44.41163,241.15907,-0.00023651123,-0.14579773,0.14579792
151,98.86692,65.75484,98.851234,65.813095,-0.015686035,0.058258057,0.06033285
151,45.935,66.9834,45.816948,66.75745,-0.11805344,-0.22595215,0.2549333
151,1277.2527,230.41618,1277.2594,230.27623,0.006713867,-0.13995361,0.14011456
151,1024.0531,56.62446,1024.1575,56.55831,0.10437012,-0.06614685,0.12356588
151,1044.1672,65.03087,1044.2283,64.88991,0.061035156,-0.1409607,0.15360731
151,0.8953034,251.55148,1.0580721,251.28105,0.16276866,-0.27043152,0.3156372
151,67.04573,212.38461,67.1178,212.18402,0.07206726,-0.20059204,0.21314515
151,1.1869011,287.2702,1.3716955,286.8311,0.18479443,-0.43911743,0.47641695
151,1172.4316,155.46169,1171.9637,155.13118,-0.4678955,-0.33050537,0.5728525
151,1188.1627,167.61821,1187.9781,167.4103,-0.18457031,-0.20791626,0.27802044
151,1206.0071,179.9561,1206.1758,179.88501,0.16870117,-0.0710907,0.18306822
152,212.8001,63.289673,213.00581,63.108395,0.205719,-0.18127823,0.27419353
152,44.41163,241.15907,44.484913,241.11945,0.07328415,-0.039627075,0.08331189
152,98.851234,65.813095,98.630455,65.898125,-0.22077942,0.0850296,0.23658738
152,45.816948,66.75745,46.21585,66.57594,0.3989029,-0.1815033,0.43825445
152,1277.2594,230.27623,1277.2869,230.27217,0.02746582,-0.004058838,0.027764104
152,1024.1575,56.55831,1024.3386,56.543793,0.18115234,-0.014518738,0.18173324
152,1044.2283,64.88991,1044.5471,64.94943,0.31884766,0.059524536,0.3243563
152,1.0580721,251.28105,1.1629801,251.20973,0.10490799,-0.07131958,0.12685491
152,67.1178,212.18402,67.11452,212.204,-0.0032806396,0.019973755,0.02024138
152,1.3716955,286.8311,1.3286257,286.95654,-0.04306984,0.12545776,0.13264488
152,1171.9637,155.13118,1172.115,154.95973,0.15124512,-0.17144775,0.22862506
153,213.00581,63.108395,212.9507,63.02554,-0.055114746,-0.082855225,0.09951193
153,44.484913,241.11945,44.379993,241.09439,-0.10491943,-0.025054932,0.107869536
153,98.630455,65.898125,98.49427,65.51656,-0.13618469,-0.38156128,0.4051361
153,46.21585,66.57594,46.061024,66.57916,-0.15482712,0.0032196045,0.15486059
153,1277.2869,230.27217,1277.4009,230.10223,0.11401367,-0.16993713,0.20464054
153,1024.3386,56.543793,1024.3214,56.538265,-0.017211914,-0.0055274963,0.0180777
153,1.1629801,251.20973,1.0627804,251.18925,-0.1001997,-0.020477295,0.102270715
153,67.11452,212.204,67.15952,212.03137,0.0450058,-0.17262268,0.17839314
153,1.3286257,286.95654,1.3649025,286.89233,0.036276817,-0.064208984,0.07374822
153,1172.115,154.95973,1172.4169,155.07445,0.30187988,0.114715576,0.32294136
154,212.9507,63.02554,213.02495,62.90915,0.07424927,-0.11639023,0.13805665
154,44.379993,241.09439,44.37836,241.02478,-0.0016326904,-0.069610596,0.069629736
154,98.49427,65.51656,98.5465,65.49864,0.052230835,-0.017921448,0.055219907
154,46.061024,66.57916,46.186226,66.631165,0.12520218,0.052001953,0.13557208
154,1277.4009,230.10223,1277.2799,230.10019,-0.12097168,-0.0020446777,0.12098896
154,1024.3214,56.538265,1024.1084,56.323112,-0.2130127,-0.21515274,0.30276248
154,1.0627804,251.18925,1.5506296,250.63997,0.48784924,-0.5492859,0.73465085
154,67.15952,212.03137,67.02655,212.0835,-0.13297272,0.052124023,0.14282387
154,1.3649025,286.89233,1.2590933,286.70544,-0.10580921,-0.18688965,0.21476343
155,213.02495,62.90915,213.2116,62.631283,0.18664551,-0.27786636,0.33473313
155,44.37836,241.02478,44.44296,240.98755,0.06459808,-0.037231445,0.07455932
155,98.5465,65.49864,99.074234,65.28586,0.52773285,-0.21278381,0.56901574
155,46.186226,66.631165,46.260296,66.55279,0.07406998,-0.07837677,0.10783914
155,1277.2799,230.10019,1277.5059,229.97836,0.22595215,-0.12182617,0.25670215
155,1024.1084,56.323112,1024.4159,56.202065,0.30749512,-0.12104797,0.33046308
155,1.5506296,250.63997,1.4651774,250.72102,-0.0854522,0.08105469,0.1177792
155,67.02655,212.0835,67.0265,212.0572,-5.340576e-05,-0.026290894,0.026290948
155,1.2590933,286.70544,1.146244,286.994,-0.112849236,0.2885437,0.30982643
156,213.2116,62.631283,213.07027,62.756638,-0.1413269,0.12535477,0.18891032
156,44.44296,240.98755,44.44597,240.94557,0.0030097961,-0.04197693,0.042084694
156,99.074234,65.28586,98.286095,65.487564,-0.78813934,0.20170593,0.813541
156,46.260296,66.55279,46.520664,66.41159,0.26036835,-0.1411972,0.2961897
156,1277.5059,229.97836,1277.4897,229.90846,-0.016113281,-0.06990051,0.07173367
156,1024.4159,56.202065,1024.5215,56.173534,0.10559082,-0.02853012,0.10937728
156,1.4651774,250.72102,1.5951109,250.44165,0.12993348,-0.27937317,0.3081105
156,67.0265,212.0572,66.863785,212.22568,-0.1627121,0.16847229,0.23421815
156,1.146244,286.994,1.2790642,286.89938,0.13282013,-0.09460449,0.16306807
157,213.07027,62.756638,213.0401,62.683754,-0.030166626,-0.072883606,0.07887994
157,44.44597,240.94557,44.43286,240.91472,-0.0131073,-0.030853271,0.033522017
157,98.286095,65.487564,98.11757,65.44072,-0.1685257,-0.046844482,0.17491518
157,46.520664,66.41159,46.696465,66.62214,0.17580032,0.2105484,0.2742925
157,1277.4897,229.90846,1277.7546,229.7652,0.26489258,-0.14326477,0.30115256
157,1024.5215,56.173534,1024.675,56.128513,0.15356445,-0.045021057,0.16002792
157,1.2790642,286.89938,1.3382626,286.77448,0.05919838,-0.12490845,0.13822651
158,213.0401,62.683754,213.1251,62.623646,0.085006714,-0.060108185,0.104111165
158,44.43286,240.91472,44.40719,240.77928,-0.025672913,-0.13543701,0.13784876
158,98.11757,65.44072,97.68989,65.24582,-0.42768097,-0.19490051,0.46999705
158,46.696465,66.62214,46.723175,66.45557,0.02671051,-0.16657257,0.16870055
158,1277.7546,229.7652,1277.647,229.79337,-0.107666016,0.028167725,0.11128967
158,1024.675,56.128513,1024.5156,56.06962,-0.15942383,-0.05889511,0.16995467
158,1.3382626,286.77448,1.437583,286.66867,0.09932041,-0.10580444,0.14511763
159,213.1251,62.623646,213.1577,62.579697,0.032592773,-0.043949127,0.054715764
159,44.40719,240.77928,44.442974,240.77132,0.035785675,-0.007965088,0.036661386
159,97.68989,65.24582,97.53623,65.397865,-0.153656,0.1520462,0.2161671
159,46.723175,66.45557,47.065357,66.505554,0.34218216,0.049987793,0.3458141
159,1277.647,229.79337,1277.7882,229.70801,0.14123535,-0.085357666,0.16502531
159,1024.5156,56.06962,1024.7756,55.981216,0.26000977,-0.088401794,0.27462694
159,1.437583,286.66867,1.444767,286.60223,0.0071840286,-0.06643677,0.066824056
160,213.1577,62.579697,213.35687,62.34967,0.19917297,-0.23002625,0.30427283
160,44.442974,240.77132,44.574066,240.61107,0.13109207,-0.1602478,0.2070374
160,97.53623,65.397865,97.837234,65.2926,0.3010025,-0.10526276,0.31887734
160,47.065357,66.505554,46.57167,66.32626,-0.49368668,-0.17929077,0.52523494
160,1277.7882,229.70801,1277.7721,229.62148,-0.016113281,-0.08653259,0.08802004
160,1024.7756,55.981216,1024.6968,56.023296,-0.07885742,0.042079926,0.089382395
160,1.444767,286.60223,1.510704,286.59808,0.06593704,-0.0041503906,0.06606754
161,213.35687,62.34967,213.38918,62.297634,0.032302856,-0.052036285,0.061247446
161,44.574066,240.61107,44.581264,240.47821,0.0071983337,-0.13285828,0.13305314
161,97.837234,65.2926,97.592834,64.98732,-0.24440002,-0.3052826,0.39106116
161,46.57167,66.32626,46.94947,66.256645,0.3778,-0.069618225,0.3841608
161,1277.7721,229.62148,1277.642,229.48915,-0.13012695,-0.13232422,0.18558751
161,1024.6968,56.023296,1024.9476,55.947266,0.2508545,-0.07603073,0.26212335
161,1.510704,286.59808,1.5278625,286.47086,0.017158508,-0.12722778,0.12837961
162,213.38918,62.297634,213.43341,62.221046,0.04423523,-0.07658768,0.08844449
162,44.581264,240.47821,44.543777,240.53775,-0.03748703,0.059539795,0.07035811
162,97.592834,64.98732,97.44379,65.24873,-0.14904785,0.26141357,0.30091912
162,46.94947,66.256645,46.94906,66.3815,-0.0004119873,0.12485504,0.12485572
162,1277.642,229.48915,1277.8116,229.40384,0.16967773,-0.08531189,0.18991749
162,1024.9476,55.947266,1025.145,56.08244,0.1973877,0.1351738,0.23923598
163,213.43341,62.221046,213.52036,61.969612,0.08694458,-0.25143433,0.26604244
163,44.543777,240.53775,44.58139,240.10463,0.037612915,-0.43312073,0.43475085
163,97.44379,65.24873,97.53935,64.79594,0.095565796,-0.45279694,0.46277195
163,46.94906,66.3815,46.7258,66.17497,-0.22325897,-0.20652771,0.30413526
163,1277.8116,229.40384,1278.1289,229.2285,0.31726074,-0.17533875,0.3624887
163,1025.145,56.08244,1025.2622,55.943817,0.1171875,-0.13862228,0.18151872
164,213.52036,61.969612,213.4605,61.9949,-0.05986023,0.025287628,0.06498239
164,44.58139,240.10463,44.4748,240.14337,-0.10659027,0.038742065,0.11341267
164,97.53935,64.79594,97.14238,64.946915,-0.39697266,0.15097809,0.42471364
164,46.7258,66.17497,46.689236,65.98734,-0.036563873,-0.1876297,0.19115916
164,1278.1289,229.2285,1278.0516,229.04315,-0.07727051,-0.18534851,0.20081037
164,1025.2622,55.943817,1025.2668,55.710293,0.004638672,-0.23352432,0.23357038
165,213.4605,61.9949,213.4951,61.849274,0.034606934,-0.14562607,0.14968164
165,44.4748,240.14337,44.45404,240.14272,-0.020759583,-0.00065612793,0.020769948
165,97.14238,64.946915,96.989586,64.783226,-0.15279388,-0.16368866,0.22391951
165,46.689236,65.98734,46.58331,65.957306,-0.10592651,-0.030036926,0.11010288
165,1278.0516,229.04315,1278.2808,228.9784,0.22912598,-0.0647583,0.23810156
165,1025.2668,55.710293,1025.7678,55.677044,0.50097656,-0.0332489,0.5020787
166,213.4951,61.849274,213.53354,61.825634,0.03843689,-0.023639679,0.04512459
166,44.45404,240.14272,44.537365,240.14253,0.08332443,-0.00018310547,0.08332463
166,96.989586,64.783226,97.02424,64.835976,0.03465271,0.052749634,0.06311366
166,46.58331,65.957306,47.016907,65.789536,0.43359756,-0.16777039,0.46492338
166,1278.2808,228.9784,1278.4696,228.94177,0.18884277,-0.036621094,0.19236085
166,1025.7678,55.677044,1025.2494,55.295685,-0.5184326,-0.3813591,0.64358926
167,213.53354,61.825634,213.66655,61.508633,0.13301086,-0.31700134,0.34377572
167,44.537365,240.14253,44.552425,240.00146,0.015060425,-0.1410675,0.14186916
167,97.02424,64.835976,97.05606,64.77876,0.031822205,-0.05721283,0.065467246
167,47.016907,65.789536,47.31852,65.602844,0.30161285,-0.18669128,0.35471672
167,1278.4696,228.94177,1278.422,228.91724,-0.047607422,-0.024536133,0.05355827
167,1025.2494,55.295685,1025.9808,55.513832,0.7314453,0.21814728,0.7632827
168,213.66655,61.508633,213.60944,61.524914,-0.057113647,0.016281128,0.05938892
168,44.552425,240.00146,44.3609,239.91461,-0.1915245,-0.08685303,0.21029761
168,97.05606,64.77876,96.83254,64.7674,-0.22351837,-0.011360168,0.22380687
168,47.31852,65.602844,46.626072,65.741394,-0.69244766,0.1385498,0.70617265
168,1278.422,228.91724,1278.3357,228.9162,-0.08630371,-0.0010375977,0.08630995
168,1025.9808,55.513832,1025.8555,55.470356,-0.12536621,-0.043476105,0.13269083
169,213.60944,61.524914,213.45122,61.34079,-0.15821838,-0.184124,0.2427647
169,44.3609,239.91461,44.33664,239.52705,-0.024261475,-0.38755798,0.38831663
169,96.83254,64.7674,97.00778,64.5367,0.17523956,-0.23070526,0.28971335
169,46.626072,65.741394,46.876434,65.355316,0.2503624,-0.38607788,0.4601494
169,1278.3357,228.9162,1278.2327,228.45847,-0.103027344,-0.45773315,0.4691847
169,1025.8555,55.470356,1025.7885,55.408356,-0.0670166,-0.062000275,0.09129764
170,213.45122,61.34079,213.21718,60.42604,-0.2340393,-0.91474915,0.94421417
170,44.33664,239.52705,44.233395,238.44206,-0.10324478,-1.0849915,1.0898926
170,97.00778,64.5367,96.20418,63.42967,-0.8036041,-1.107029,1.367952
170,46.876434,65.355316,47.00546,64.413895,0.1290245,-0.9414215,0.95022196
170,1278.2327,228.45847,1278.52,227.3156,0.28735352,-1.142868,1.1784394
170,1025.7885,55.408356,1026.3993,54.68885,0.61083984,-0.7195053,0.943829
171,213.21718,60.42604,213.0829,59.085762,-0.13427734,-1.3402786,1.3469882
171,44.233395,238.44206,44.339478,236.85338,0.106082916,-1.5886841,1.592222
171,96.20418,63.42967,96.06057,61.695614,-0.1436081,-1.7340546,1.739991
171,47.00546,64.413895,46.627316,63.03249,-0.3781433,-1.3814049,1.4322262
171,1278.52,227.3156,1278.3724,225.81236,-0.14758301,-1.5032349,1.5104622
171,1026.3993,54.68885,1026.051,53.181473,-0.3482666,-1.5073776,1.5470866
172,213.0829,59.085762,212.55452,58.695656,-0.52838135,-0.3901062,0.6567874
172,44.339478,236.85338,43.94042,236.3564,-0.3990593,-0.49697876,0.63736665
172,96.06057,61.695614,96.50221,61.489197,0.44164276,-0.20641708,0.4875001
172,46.627316,63.03249,46.20425,62.74385,-0.4230652,-0.28863907,0.5121491
172,1278.3724,225.81236,1278.2971,225.62741,-0.07531738,-0.18495178,0.19969945
172,1026.051,53.181473,1025.9021,53.056274,-0.14892578,-0.12519836,0.1945598
173,212.55452,58.695656,212.8142,58.505653,0.25967407,-0.19000244,0.3217632
173,43.94042,236.3564,44.022465,236.46866,0.08204651,0.11225891,0.13904564
173,96.50221,61.489197,96.20373,61.809235,-0.2984848,0.32003784,0.43762702
173,46.20425,62.74385,46.22256,62.71255,0.018310547,-0.03129959,0.03626211
173,1278.2971,225.62741,1278.3837,225.48177,0.08654785,-0.14564514,0.1694197
173,1025.9021,53.056274,1026.1885,52.952618,0.28637695,-0.10365677,0.3045595
174,212.8142,58.505653,212.79742,58.32228,-0.01676941,-0.1833725,0.18413769
174,44.022465,236.46866,44.057835,236.11623,0.035369873,-0.35243225,0.35420266
174,96.20373,61.809235,96.48535,61.17017,0.28162384,-0.6390648,0.6983665
174,46.22256,62.71255,46.176167,62.13573,-0.04639435,-0.5768204,0.57868314
174,1278.3837,225.48177,1278.4135,225.44635,0.029785156,-0.03541565,0.04627552
174,1026.1885,52.952618,1026.1609,52.717403,-0.02758789,-0.23521423,0.23682657
175,212.79742,58.32228,212.96129,58.38091,0.16386414,0.058628082,0.17403652
175,44.057835,236.11623,44.015587,236.36732,-0.042247772,0.25109863,0.25462797
175,96.48535,61.17017,96.448845,61.51262,-0.036506653,0.3424492,0.3443896
175,46.176167,62.13573,45.913197,62.435413,-0.26296997,0.29968262,0.3987015
175,1278.4135,225.44635,1278.3527,225.42285,-0.060791016,-0.023498535,0.0651746
175,1026.1609,52.717403,1026.1517,52.737434,-0.009155273,0.020030975,0.022024054
176,212.96129,58.38091,212.90196,58.511604,-0.059326172,0.13069534,0.14353003
176,44.015587,236.36732,43.887375,236.46799,-0.12821198,0.10066223,0.16300674
176,45.913197,62.435413,45.731697,62.31855,-0.18149948,-0.11686325,0.2158682
176,1278.3527,225.42285,1278.5399,225.37631,0.18725586,-0.046539307,0.19295248
176,1026.1517,52.737434,1026.123,52.742023,-0.028686523,0.004589081,0.02905127
177,212.90196,58.511604,212.97684,58.520245,0.07487488,0.008640289,0.07537176
177,43.887375,236.46799,43.97275,236.49316,0.08537674,0.025177002,0.08901162
177,45.731697,62.31855,45.90164,62.41476,0.16994476,0.09621048,0.1952887
177,1278.5399,225.37631,1278.467,225.43944,-0.07287598,0.06312561,0.09641447
178,52.0,234.0,52.161762,233.97897,0.16176224,-0.021026611,0.16312309
178,1266.0,223.0,1266.2244,222.87291,0.22436523,-0.12709045,0.25785992
178,228.0,51.0,228.07286,50.974796,0.07286072,-0.025203705,0.07709676
178,37.0,250.0,37.253693,249.8504,0.25369263,-0.14959717,0.29451528
178,3.0,242.0,3.1211066,241.93596,0.121106625,-0.06404114,0.13699664
178,1131.0,45.0,1131.3031,44.982414,0.3031006,-0.017585754,0.30361032
178,3.0,283.0,3.351121,282.65454,0.35112095,-0.34545898,0.49257267
178,1259.0,641.0,1258.9403,640.845,-0.059692383,-0.1550293,0.16612424
178,887.0,660.0,886.9685,659.70776,-0.03149414,-0.29223633,0.29392847
178,900.0,672.0,900.12384,671.86755,0.12384033,-0.13244629,0.18132415
178,796.0,636.0,796.12885,636.30145,0.12884521,0.30145264,0.32783344
178,947.0,224.0,946.3474,223.9733,-0.6525879,-0.02670288,0.653134
178,41.0,619.0,41.497883,618.68585,0.49788284,-0.31414795,0.58870727
178,1117.0,37.0,1116.981,37.088516,-0.019042969,0.088516235,0.090541475
178,955.0,666.0,955.40356,665.7076,0.40356445,-0.29241943,0.49837074
178,687.0,671.0,686.5573,670.73364,-0.442688,-0.26635742,0.516642
178,807.0,178.0,806.847,177.62617,-0.15301514,-0.37382507,0.40392923
178,865.0,643.0,864.9986,642.97363,-0.0014038086,-0.026367188,0.026404532
178,623.0,633.0,622.8506,633.1706,-0.14941406,0.17059326,0.2267744
178,198.0,666.0,196.91064,665.63617,-1.0893555,-0.36383057,1.1485069
178,127.0,568.0,126.89446,567.9694,-0.105537415,-0.030578613,0.1098781
178,167.0,541.0,166.86061,541.1359,-0.13938904,0.1359253,0.19469203
178,1094.0,39.0,1094.1161,39.063133,0.11608887,0.06313324,0.1321455
178,805.0,224.0,804.8645,223.90594,-0.13549805,-0.094055176,0.16494271
178,734.0,584.0,733.9303,583.8871,-0.06970215,-0.11291504,0.13269588
178,1059.0,64.0,1058.9764,63.882584,-0.02355957,-0.11741638,0.11975667
178,778.0,664.0,777.9964,664.07153,-0.0036010742,0.0715332,0.07162379
178,752.0,581.0,751.8009,581.02167,-0.19909668,0.02166748,0.20027223
178,847.0,575.0,847.1821,575.13824,0.1821289,0.13824463,0.2286537
178,336.0,657.0,335.99298,657.24426,-0.007019043,0.2442627,0.24436352
178,220.0,616.0,220.30486,615.7665,0.30485535,-0.23352051,0.38401642
178,1075.0,69.0,1075.0433,68.906586,0.04333496,-0.09341431,0.102976464
178,388.0,226.0,387.9903,225.86827,-0.00970459,-0.13172913,0.13208611
178,937.0,626.0,937.07336,625.8938,0.07336426,-0.10620117,0.12907751
178,657.0,224.0,657.27435,223.97998,0.27435303,-0.020019531,0.27508247
178,351.0,647.0,350.7942,646.69904,-0.20581055,-0.30096436,0.364606
178,935.0,175.0,935.0642,175.0016,0.064208984,0.0016021729,0.06422897
178,557.0,620.0,557.2285,619.4065,0.22851562,-0.59350586,0.63597846
178,787.0,601.0,786.85767,600.8907,-0.14233398,-0.109313965,0.17946729
178,1220.0,32.0,1220.1968,31.557835,0.19677734,-0.44216537,0.48397473
178,835.0,663.0,834.8036,663.07,-0.19641113,0.070007324,0.20851465
178,245.0,597.0,245.2519,596.43854,0.25190735,-0.5614624,0.61538386
179,52.161762,233.97897,52.127907,233.98956,-0.03385544,0.0105896,0.03547295
179,1266.2244,222.87291,1266.1384,223.1627,-0.0859375,0.28979492,0.30226868
179,228.07286,50.974796,228.04439,51.13447,-0.0284729,0.1596756,0.16219433
179,37.253693,249.8504,37.16743,249.98033,-0.08626175,0.12992859,0.15595682
179,3.1211066,241.93596,2.9890003,242.147,-0.1321063,0.21104431,0.24898148
179,1258.9403,640.845,1259.0493,640.81177,0.10900879,-0.033203125,0.11395334
179,886.9685,659.70776,886.95667,660.18,-0.01184082,0.472229,0.47237742
179,900.12384,671.86755,900.1825,672.0869,0.058654785,0.21936035,0.22706683
179,1116.981,37.088516,1117.2925,37.49751,0.31152344,0.40899277,0.5141225
179,806.847,177.62617,804.62476,177.7441,-2.222229,0.11791992,2.2253554
179,864.9986,642.97363,864.7599,643.1144,-0.2387085,0.14074707,0.27711275
179,622.8506,633.1706,622.9326,633.0833,0.08203125,-0.08728027,0.11977885
179,126.89446,567.9694,127.04412,567.9774,0.1496582,0.0079956055,0.14987163
179,166.86061,541.1359,167.39241,541.5862,0.5317993,0.45025635,0.6968079
179,1094.1161,39.063133,1096.2736,38.881844,2.1574707,-0.18128967,2.165074
179,733.9303,583.8871,733.97174,584.20105,0.04144287,0.31396484,0.3166882
179,1058.9764,63.882584,1058.7222,64.01808,-0.25427246,0.13549805,0.28812185
179,777.9964,664.07153,777.9743,664.17944,-0.022094727,0.107910156,0.11014889
179,751.8009,581.02167,751.8199,580.71893,0.018981934,-0.30273438,0.30332887
179,847.1821,575.13824,847.234,575.27374,0.051879883,0.13549805,0.14509046
179,335.99298,657.24426,336.0279,657.2993,0.03491211,0.05505371,0.06519023
179,220.30486,615.7665,219.26118,616.19006,-1.0436707,0.42358398,1.1263533
179,1075.0433,68.906586,1074.548,69.03318,-0.49536133,0.12659454,0.5112817
179,557.2285,619.4065,557.0563,620.0261,-0.17224121,0.6196289,0.64312285
179,786.85767,600.8907,787.0898,600.6096,0.2321167,-0.2810669,0.36452264
179,245.2519,596.43854,245.62286,597.0221,0.37095642,0.5835571,0.6914821
180,52.127907,233.98956,51.995876,234.12556,-0.13203049,0.13600159,0.18954809
180,1266.1384,223.1627,1266.1232,222.9254,-0.015258789,-0.23730469,0.23779476
180,228.04439,51.13447,228.02411,51.101643,-0.02027893,-0.032829285,0.03858752
180,37.16743,249.98033,37.059,249.97647,-0.10843277,-0.0038604736,0.108501464
180,2.9890003,242.147,3.0028949,242.16177,0.013894558,0.014770508,0.020278724
180,1259.0493,640.81177,1258.8186,640.6564,-0.23071289,-0.15539551,0.2781658
180,886.95667,660.18,886.88,659.73663,-0.076660156,-0.44335938,0.44993812
180,900.1825,672.0869,900.20874,671.62976,0.026245117,-0.45715332,0.45790607
180,1117.2925,37.49751,1116.9235,37.484947,-0.36901855,-0.012561798,0.3692323
180,804.62476,177.7441,804.19824,178.17937,-0.42651367,0.43527222,0.6094061
180,864.7599,643.1144,864.88684,642.8419,0.12695312,-0.27246094,0.3005862
180,622.9326,633.0833,622.8711,632.97107,-0.061523438,-0.11224365,0.12799911
180,127.04412,567.9774,127.31482,567.68695,0.27069855,-0.2904663,0.3970496
180,167.39241,541.5862,166.90335,541.24426,-0.48905945,-0.34191895,0.5967308
180,1096.2736,38.881844,1096.4011,38.796276,0.12756348,-0.085567474,0.15360415
180,733.97174,584.20105,733.3875,583.8721,-0.5842285,-0.3289795,0.67048526
180,1058.7222,64.01808,1059.1183,64.14621,0.39611816,0.12812805,0.41632488
180,777.9743,664.17944,778.3776,663.9304,0.4033203,-0.24902344,0.47400415
180,751.8199,580.71893,752.2885,580.7985,0.46862793,0.079589844,0.4753385
180,847.234,575.27374,846.99664,575.01605,-0.23736572,-0.25769043,0.35035247
180,336.0279,657.2993,335.88788,657.3953,-0.14001465,0.0960083,0.16976954
180,219.26118,616.19006,219.35411,615.92566,0.092926025,-0.2644043,0.2802586
180,1074.548,69.03318,1074.8169,68.91283,0.2689209,-0.1203537,0.29462427
180,557.0563,620.0261,557.30597,619.85004,0.24969482,-0.17608643,0.30553877
180,787.0898,600.6096,787.14703,600.6928,0.057250977,0.08319092,0.100987144
180,245.62286,597.0221,245.37096,596.82544,-0.25190735,-0.19665527,0.3195788
181,51.995876,234.12556,51.892635,233.86577,-0.10324097,-0.25979614,0.2795581
181,1266.1232,222.9254,1266.0337,223.12462,-0.08947754,0.19921875,0.21839035
181,228.02411,51.101643,227.99121,50.905716,-0.03289795,-0.19592667,0.1986694
181,37.059,249.97647,36.834595,249.93994,-0.22440338,-0.03652954,0.22735716
181,3.0028949,242.16177,2.9176497,241.78897,-0.08524513,-0.37280273,0.38242465
181,1258.8186,640.6564,1258.5671,640.72894,-0.25146484,0.0725708,0.26172712
181,886.88,659.73663,886.948,659.95166,0.067993164,0.21502686,0.22552077
181,900.20874,671.62976,900.1079,671.62805,-0.10083008,-0.0017089844,0.10084456
181,1116.9235,37.484947,1117.0442,37.62278,0.12072754,0.13783264,0.1832293
181,864.88684,642.8419,864.85333,642.9114,-0.0335083,0.06945801,0.077118225
181,622.8711,632.97107,622.21564,633.47156,-0.65545654,0.5004883,0.8246889
181,166.90335,541.24426,167.11404,541.1234,0.21069336,-0.12084961,0.24289158
181,1096.4011,38.796276,1095.9701,38.978516,-0.43103027,0.18223953,0.46797258
181,733.3875,583.8721,732.82404,583.72003,-0.56347656,-0.15203857,0.58362794
181,1059.1183,64.14621,1059.2662,64.14618,0.14794922,-3.0517578e-05,0.14794922
181,752.2885,580.7985,751.53107,580.7395,-0.7574463,-0.059020996,0.75974226
181,846.99664,575.01605,847.19794,575.03906,0.20129395,0.023010254,0.20260485
181,335.88788,657.3953,335.62445,657.19794,-0.26342773,-0.1973877,0.32917485
181,219.35411,615.92566,219.6646,616.1993,0.31048584,0.2736206,0.41384742
181,1074.8169,68.91283,1074.5311,69.04944,-0.2857666,0.13661194,0.31674182
181,557.30597,619.85004,557.24854,619.6653,-0.057434082,-0.18475342,0.1934748
181,787.14703,600.6928,786.095,600.833,-1.052063,0.14019775,1.0613633
181,245.37096,596.82544,245.07306,596.8807,-0.29789734,0.055236816,0.30297512
182,51.892635,233.86577,51.759464,233.63922,-0.13317108,-0.22654724,0.26278925
182,1266.0337,223.12462,1265.8248,222.579,-0.2088623,-0.5456238,0.5842335
182,227.99121,50.905716,227.65994,50.826736,-0.3312683,-0.07897949,0.34055316
182,36.834595,249.93994,36.93785,249.58224,0.103256226,-0.35769653,0.37230185
182,2.9176497,241.78897,2.8643842,241.5475,-0.05326557,-0.24147034,0.24727544
182,1258.5671,640.72894,1258.5234,640.4154,-0.043701172,-0.3135376,0.3165685
182,886.948,659.95166,886.7081,659.4286,-0.23986816,-0.5230713,0.5754479
182,900.1079,671.62805,899.8139,671.3083,-0.29400635,-0.31976318,0.43438256
182,1117.0442,37.62278,1116.1743,37.56098,-0.86987305,-0.061798096,0.8720654
182,864.85333,642.9114,864.9362,642.7602,0.08288574,-0.15118408,0.17241424
182,622.21564,633.47156,621.95154,633.1766,-0.26409912,-0.2949829,0.3959334
182,167.11404,541.1234,167.00867,541.2343,-0.1053772,0.11090088,0.15298156
182,1095.9701,38.978516,1095.8033,38.714134,-0.16674805,-0.2643814,0.3125739
182,732.82404,583.72003,733.3129,583.6114,0.4888916,-0.10864258,0.50081754
182,1059.2662,64.14618,1058.9614,63.916508,-0.30480957,-0.22967148,0.3816515
182,751.53107,580.7395,751.8951,580.63605,0.36401367,-0.10345459,0.37842938
182,847.19794,575.03906,847.1517,574.95605,-0.04626465,-0.08300781,0.09503007
182,335.62445,657.19794,335.7738,657.3623,0.14935303,0.16436768,0.22208795
182,219.6646,616.1993,219.73091,615.80505,0.0663147,-0.39422607,0.39976472
182,557.24854,619.6653,557.35034,619.4718,0.10180664,-0.19348145,0.21863134
182,786.095,600.833,785.74896,600.17676,-0.3460083,-0.65625,0.74187994
182,245.07306,596.8807,245.3037,596.3408,0.2306366,-0.53985596,0.5870585
183,51.759464,233.63922,51.6888,233.31982,-0.07066345,-0.31939697,0.32712036
183,1265.8248,222.579,1265.753,222.51462,-0.071777344,-0.06437683,0.09641765
183,227.65994,50.826736,227.5148,50.689377,-0.1451416,-0.13735962,0.1998343
183,36.93785,249.58224,36.714104,249.42467,-0.22374725,-0.15757751,0.27366677
183,2.8643842,241.5475,2.8158796,241.27266,-0.04850459,-0.2748413,0.2790886
183,1258.5234,640.4154,1258.6935,640.3837,0.17004395,-0.031677246,0.17296934
183,886.7081,659.4286,886.5872,659.3914,-0.120910645,-0.03717041,0.12649515
183,899.8139,671.3083,899.8852,671.3346,0.07128906,0.026306152,0.075987786
183,1116.1743,37.56098,1116.4255,37.631344,0.2512207,0.07036209,0.26088822
183,864.9362,642.7602,864.37726,642.79614,-0.55895996,0.035949707,0.5601148
183,621.95154,633.1766,622.0849,632.9249,0.13336182,-0.25164795,0.28480178
183,167.00867,541.2343,167.15247,540.8164,0.14379883,-0.4179077,0.44195583
183,1095.8033,38.714134,1095.9945,38.703842,0.19116211,-0.010292053,0.19143896
183,733.3129,583.6114,733.43756,583.55206,0.12463379,-0.059326172,0.13803324
183,1058.9614,63.916508,1058.954,63.686462,-0.007446289,-0.23004532,0.2301658
183,847.1517,574.95605,847.29877,574.94763,0.14709473,-0.008422852,0.14733568
183,335.7738,657.3623,335.48795,657.221,-0.28585815,-0.14129639,0.3188723
183,219.73091,615.80505,219.45691,615.8035,-0.27400208,-0.0015258789,0.27400634
183,785.74896,600.17676,786.3186,599.9739,0.5696411,-0.20288086,0.6046914
183,245.3037,596.3408,245.17969,596.2711,-0.12400818,-0.06970215,0.14225477
184,51.6888,233.31982,51.687458,233.54689,-0.0013427734,0.22706604,0.22707
184,1265.753,222.51462,1265.8298,222.60951,0.07678223,0.09489441,0.12206744
184,227.5148,50.689377,227.52696,50.72826,0.012161255,0.03888321,0.040740643
184,36.714104,249.42467,36.827812,249.52983,0.113708496,0.105163574,0.15488383
184,2.8158796,241.27266,2.8806286,241.40938,0.064749,0.13671875,0.15127608
184,1258.6935,640.3837,1258.3308,640.372,-0.3626709,-0.01171875,0.36286017
184,886.5872,659.3914,886.8046,659.5116,0.21740723,0.12017822,0.24841237
184,899.8852,671.3346,900.17944,671.5005,0.2942505,0.16589355,0.33779287
184,1116.4255,37.631344,1116.6136,37.64106,0.18811035,0.009716034,0.18836111
184,864.37726,642.79614,864.7953,642.7971,0.4180298,0.0009765625,0.41803092
184,622.0849,632.9249,622.3346,633.12585,0.24969482,0.20092773,0.32049876
184,167.15247,540.8164,167.4961,540.78595,0.34362793,-0.030456543,0.344975
184,1095.9945,38.703842,1095.7523,38.783886,-0.2421875,0.08004379,0.25507215
184,1058.954,63.686462,1058.2646,63.734394,-0.68933105,0.04793167,0.69099545
184,847.29877,574.94763,847.1996,575.06525,-0.09918213,0.117614746,0.15385163
184,219.45691,615.8035,219.64783,615.80194,0.19091797,-0.0015869141,0.19092457
184,245.17969,596.2711,245.4106,596.02563,0.23091125,-0.2454834,0.33701944
185,51.687458,233.54689,51.724846,233.57552,0.037387848,0.028625488,0.047087893
185,1265.8298,222.60951,1265.8226,222.59987,-0.0072021484,-0.009643555,0.012036158
185,227.52696,50.72826,227.82562,50.44395,0.29866028,-0.2843094,0.4123467
185,36.827812,249.52983,36.79596,249.54356,-0.031852722,0.01373291,0.03468701
185,2.8806286,241.40938,2.8702002,241.41618,-0.010428429,0.00680542,0.012452545
185,1258.3308,640.372,1258.3021,640.3463,-0.028686523,-0.0256958,0.038512215
185,886.8046,659.5116,886.7987,659.6058,-0.00592041,0.094177246,0.09436315
185,900.17944,671.5005,900.0974,671.3525,-0.08203125,-0.14801025,0.16922222
185,1116.6136,37.64106,1116.7535,37.63494,0.13989258,-0.0061187744,0.14002633
185,864.7953,642.7971,864.58606,642.68195,-0.20922852,-0.11517334,0.23883356
185,622.3346,633.12585,621.76294,633.1852,-0.5716553,0.059326172,0.57472545
185,167.4961,540.78595,167.08775,541.0164,-0.40834045,0.23046875,0.46888992
185,1058.2646,63.734394,1058.4478,63.454422,0.18310547,-0.27997208,0.33453247
185,847.1996,575.06525,847.2825,575.2129,0.08288574,0.14764404,0.16931866
185,219.64783,615.80194,219.72191,615.8076,0.07408142,0.0056762695,0.07429857
185,245.4106,596.02563,245.23123,596.437,-0.17936707,0.41137695,0.44878006
186,51.724846,233.57552,51.724274,233.8413,-0.0005722046,0.2657776,0.2657782
186,1265.8226,222.59987,1265.9143,222.87445,0.091674805,0.2745819,0.28948143
186,227.82562,50.44395,227.88478,50.738647,0.059158325,0.2946968,0.30057597
186,36.79596,249.54356,36.85788,249.7801,0.061920166,0.23654175,0.24451198
186,1258.3021,640.3463,1258.638,640.69995,0.33581543,0.3536377,0.48767984
186,886.7987,659.6058,886.77515,659.7502,-0.02355957,0.14440918,0.14631836
186,900.0974,671.3525,900.38904,671.57715,0.29162598,0.22467041,0.3681338
186,1116.7535,37.63494,1116.5039,37.915527,-0.24963379,0.28058624,0.37556046
186,864.58606,642.68195,864.3209,642.9137,-0.26513672,0.23175049,0.3521445
186,621.76294,633.1852,622.2373,633.10565,0.47436523,-0.07952881,0.48098567
186,167.08775,541.0164,167.38623,541.197,0.29847717,0.18060303,0.348864
186,847.2825,575.2129,847.33026,574.8349,0.047790527,-0.37799072,0.3809999
186,219.72191,615.8076,219.50423,616.07294,-0.21768188,0.26531982,0.34319094
186,245.23123,596.437,245.18193,596.50256,-0.049301147,0.06555176,0.08202217
187,51.724274,233.8413,51.66158,233.8176,-0.06269455,-0.0236969,0.0670235
187,1265.9143,222.87445,1266.0813,222.83157,0.16699219,-0.042877197,0.17240894
187,227.88478,50.738647,227.68672,50.674683,-0.19805908,-0.063964844,0.20813194
187,36.85788,249.7801,36.806114,249.55672,-0.051765442,-0.22338867,0.229308
187,1258.638,640.69995,1258.6772,640.61993,0.03930664,-0.08001709,0.08915014
187,886.77515,659.7502,886.7275,659.5354,-0.047668457,-0.21478271,0.22000885
187,1116.5039,37.915527,1116.2595,37.73851,-0.24438477,-0.17701721,0.30175984
187,864.3209,642.9137,864.3498,642.4177,0.028869629,-0.49597168,0.49681118
187,622.2373,633.10565,622.04974,633.1678,-0.18756104,0.06213379,0.1975848
187,167.38623,541.197,167.65059,541.3617,0.26435852,0.16467285,0.31145236
187,219.50423,616.07294,219.70312,615.8426,0.19889832,-0.23034668,0.30433556
187,245.18193,596.50256,245.47786,596.27783,0.29592896,-0.22473145,0.3715887
188,51.66158,233.8176,51.731194,233.80855,0.06961441,-0.009048462,0.07020001
188,1266.0813,222.83157,1265.9441,222.84169,-0.13720703,0.010116577,0.13757949
188,227.68672,50.674683,227.89311,50.83176,0.20639038,0.15707779,0.2593654
188,36.806114,249.55672,36.63171,249.84906,-0.17440414,0.29234314,0.34041345
188,1258.6772,640.61993,1258.5442,640.88916,-0.13305664,0.26922607,0.3003111
188,886.7275,659.5354,886.9717,659.8293,0.24420166,0.29388428,0.3821026
188,1116.2595,37.73851,1115.911,37.366745,-0.34851074,-0.37176514,0.50957733
188,864.3498,642.4177,864.23627,642.51074,-0.11352539,0.09301758,0.14676608
188,622.04974,633.1678,621.7198,633.323,-0.32995605,0.1552124,0.3646394
188,167.65059,541.3617,167.23938,541.56836,-0.4112091,0.20666504,0.460221
188,219.70312,615.8426,219.7209,616.1215,0.01777649,0.27893066,0.27949655
188,245.47786,596.27783,245.48068,596.7211,0.002822876,0.44329834,0.44330734
189,51.731194,233.80855,51.64922,233.8451,-0.08197403,0.0365448,0.089751124
189,1265.9441,222.84169,1265.854,222.86334,-0.09008789,0.021652222,0.092653364
189,227.89311,50.83176,227.67819,50.798107,-0.21492004,-0.03365326,0.2175389
189,36.63171,249.84906,36.69054,249.80058,0.05883026,-0.048477173,0.076230146
189,1258.5442,640.88916,1258.394,640.7932,-0.15014648,-0.095947266,0.17818487
189,886.9717,659.8293,887.2225,659.859,0.25079346,0.029724121,0.25254875
189,1115.911,37.366745,1116.2664,37.55683,0.35534668,0.19008636,0.40299392
189,864.23627,642.51074,864.47546,642.7158,0.23919678,0.20507812,0.3150748
189,621.7198,633.323,621.6828,633.0069,-0.036987305,-0.31610107,0.31825766
189,167.23938,541.56836,167.38696,541.2255,0.14758301,-0.34283447,0.37325087
189,219.7209,616.1215,218.90576,615.8896,-0.8151398,-0.2319336,0.847494
189,245.48068,596.7211,245.25293,596.42816,-0.22775269,-0.29296875,0.37108216
190,51.64922,233.8451,51.64678,233.75406,-0.0024414062,-0.091033936,0.091066666
190,1265.854,222.86334,1265.8263,222.8883,-0.027709961,0.024963379,0.037296277
190,227.67819,50.798107,227.54036,50.79398,-0.13783264,-0.0041275024,0.13789442
190,36.69054,249.80058,36.59397,249.83917,-0.09656906,0.038589478,0.1039939
190,1258.394,640.7932,1257.9753,640.60004,-0.41870117,-0.19317627,0.46111575
190,887.2225,659.859,886.92267,659.6263,-0.2998047,-0.23272705,0.37953225
190,1116.2664,37.55683,1117.1292,37.529385,0.86279297,-0.027446747,0.86322945
190,864.47546,642.7158,864.4413,642.60425,-0.034179688,-0.111572266,0.11669028
190,621.6828,633.0069,621.66437,633.14355,-0.018432617,0.13665771,0.13789523
190,167.38696,541.2255,168.05696,541.4167,0.66999817,0.19116211,0.6967356
190,218.90576,615.8896,218.74461,615.8212,-0.16114807,-0.068359375,0.17504773
190,245.25293,596.42816,245.20229,596.35345,-0.05064392,-0.07470703,0.0902549
191,51.64678,233.75406,51.649395,233.79877,0.0026168823,0.044708252,0.044784773
191,1265.8263,222.8883,1265.885,222.80522,0.05871582,-0.08308411,0.101737484
191,227.54036,50.79398,227.71646,50.718243,0.17610168,-0.075737,0.1916974
191,36.59397,249.83917,36.596848,249.74615,0.0028762817,-0.09301758,0.093062036
191,1257.9753,640.60004,1257.9763,640.38855,0.0009765625,-0.21148682,0.21148907
191,886.92267,659.6263,886.93176,659.7399,0.009094238,0.11364746,0.114010744
191,1117.1292,37.529385,1117.0684,37.529106,-0.060791016,-0.0002784729,0.060791653
191,864.4413,642.60425,864.3709,642.603,-0.070373535,-0.0012207031,0.07038412
191,621.66437,633.14355,621.30237,633.21326,-0.3619995,0.06970215,0.36864892
191,168.05696,541.4167,167.4164,540.95807,-0.64056396,-0.45861816,0.7878152
191,218.74461,615.8212,218.75061,615.5184,0.005996704,-0.30285645,0.3029158
191,245.20229,596.35345,245.67465,596.40753,0.47236633,0.05407715,0.47545168
192,51.649395,233.79877,51.57407,233.95961,-0.07532501,0.1608429,0.17760713
192,1265.885,222.80522,1265.6927,223.0446,-0.19226074,0.23937988,0.3070292
192,227.71646,50.718243,227.77113,50.707726,0.05467224,-0.01051712,0.055674624
192,36.596848,249.74615,36.552082,249.91852,-0.044765472,0.17236328,0.17808159
192,1257.9763,640.38855,1258.1643,640.6814,0.18798828,0.29284668,0.34799248
192,886.93176,659.7399,886.7342,659.92535,-0.1975708,0.1854248,0.27095494
192,1117.0684,37.529106,1117.0128,37.518852,-0.055541992,-0.010253906,0.056480575
192,864.3709,642.603,864.1692,642.776,-0.20172119,0.17297363,0.2657279
192,621.30237,633.21326,621.1784,633.32043,-0.1239624,0.107177734,0.16387112
192,167.4164,540.95807,167.56042,541.1317,0.14402771,0.17364502,0.22560269
192,218.75061,615.5184,219.35226,616.1236,0.60165405,0.6052246,0.8533958
192,245.67465,596.40753,245.62823,596.38654,-0.046417236,-0.020996094,0.05094503
193,51.57407,233.95961,51.63292,233.95883,0.058849335,-0.00077819824,0.05885448
193,1265.6927,223.0446,1265.8756,222.96619,0.18286133,-0.07841492,0.19896524
193,227.77113,50.707726,227.85323,50.744205,0.082092285,0.03647995,0.08983279
193,36.552082,249.91852,36.74843,249.77151,0.19634628,-0.14700317,0.24527901
193,1258.1643,640.6814,1258.2557,640.3945,0.091430664,-0.28692627,0.30114156
193,886.7342,659.92535,886.75745,659.841,0.023254395,-0.084350586,0.08749736
193,1117.0128,37.518852,1117.4618,37.771275,0.4489746,0.25242233,0.5150682
193,864.1692,642.776,864.20105,642.4928,0.03186035,-0.28320312,0.28498963
193,621.1784,633.32043,621.4561,633.6379,0.27770996,0.31744385,0.42177412
193,167.56042,541.1317,167.69664,541.1228,0.13621521,-0.008911133,0.13650638
193,219.35226,616.1236,219.2899,616.00464,-0.06236267,-0.11895752,0.13431305
193,245.62823,596.38654,246.49052,596.6952,0.8622894,0.3086548,0.9158662
194,51.63292,233.95883,51.531105,234.04907,-0.10181427,0.09024048,0.13604958
194,1265.8756,222.96619,1265.9791,223.19844,0.103515625,0.23225403,0.25427824
194,227.85323,50.744205,227.70888,50.966465,-0.14434814,0.22225952,0.26502016
194,36.74843,249.77151,36.55474,250.02652,-0.19368744,0.25500488,0.3202223
194,1258.2557,640.3945,1258.3876,640.7022,0.13183594,0.30773926,0.33478972
194,886.75745,659.841,886.8505,659.92114,0.09307861,0.08013916,0.12282473
194,864.20105,642.4928,864.3456,642.74896,0.14453125,0.25616455,0.29412508
194,621.4561,633.6379,621.7008,633.32825,0.24468994,-0.30963135,0.39464507
194,167.69664,541.1228,167.46552,541.23553,-0.23112488,0.11273193,0.25715208
194,219.2899,616.00464,218.68163,616.1127,-0.60827637,0.10803223,0.6177954
194,246.49052,596.6952,246.41017,596.33026,-0.08035278,-0.3649292,0.37367082
