frame,x_old,y_old,x_new,y_new,dx,dy,displacement
0,1019.0,185.0,1018.7343,185.51883,-0.26568604,0.51882935,0.58290046
0,824.0,265.0,815.1905,263.7614,-8.809509,-1.2385864,8.896153
0,647.0,256.0,639.1733,256.636,-7.826721,0.6359863,7.8525186
0,879.0,398.0,871.8456,396.11646,-7.154419,-1.8835449,7.3982058
0,1022.0,164.0,1021.9511,164.45198,-0.04888916,0.4519806,0.454617
0,858.0,399.0,853.12415,397.52512,-4.8758545,-1.474884,5.0940394
0,1016.0,205.0,1015.8236,205.47112,-0.1763916,0.4711151,0.50305414
0,634.0,389.0,628.75806,390.3694,-5.2419434,1.3693848,5.417858
0,854.0,381.0,848.75824,379.63266,-5.2417603,-1.3673401,5.4171643
0,947.0,398.0,939.7435,395.9763,-7.2564697,-2.0237122,7.5333767
0,1021.0,113.0,1020.89014,113.41014,-0.10986328,0.410141,0.42460048
0,631.0,473.0,627.38446,474.25717,-3.6155396,1.2571716,3.8278723
0,631.0,371.0,625.60864,371.05087,-5.3913574,0.050872803,5.3915973
0,1004.0,187.0,1003.8379,187.3127,-0.16210938,0.31269836,0.3522211
0,799.0,172.0,799.0082,172.48563,0.008178711,0.48562622,0.4856951
0,996.0,154.0,995.982,154.22617,-0.018005371,0.22616577,0.22688136
0,882.0,422.0,876.3532,420.51385,-5.6467896,-1.486145,5.8390803
0,838.0,313.0,830.43243,311.37042,-7.567566,-1.6295776,7.741032
0,871.0,379.0,864.3788,377.31458,-6.621216,-1.6854248,6.8323607
0,985.0,192.0,984.7152,192.26918,-0.28479004,0.2691803,0.39187166
0,845.0,493.0,840.4429,490.79514,-4.557129,-2.2048645,5.0624948
0,932.0,394.0,924.98285,392.0239,-7.017151,-1.9761047,7.290089
1,1018.7343,185.51883,1018.67194,186.29678,-0.06237793,0.7779541,0.7804509
1,815.1905,263.7614,806.7435,263.05093,-8.44696,-0.71047974,8.476788
1,639.1733,256.636,631.67017,257.4984,-7.503113,0.86242676,7.552515
1,871.8456,396.11646,864.4701,394.31433,-7.3754883,-1.802124,7.592462
1,1021.9511,164.45198,1021.6721,165.1708,-0.2789917,0.7188263,0.77106917
1,853.12415,397.52512,848.33795,396.57162,-4.786194,-0.9534912,4.8802457
1,1015.8236,205.47112,1015.8118,205.968,-0.011779785,0.4968872,0.4970268
1,628.75806,390.3694,623.68677,391.4305,-5.071289,1.0611267,5.181116
1,848.75824,379.63266,843.33844,378.4939,-5.4198,-1.1387634,5.5381413
1,939.7435,395.9763,932.0376,394.04022,-7.7059326,-1.9360657,7.945423
1,1020.89014,113.41014,1020.76935,113.94425,-0.120788574,0.534111,0.54759884
1,627.38446,474.25717,623.5371,475.29297,-3.847351,1.0357971,3.9843426
1,625.60864,371.05087,620.04596,371.32965,-5.562683,0.27877808,5.5696645
1,1003.8379,187.3127,1003.77716,187.80618,-0.06072998,0.4934845,0.49720728
1,799.0082,172.48563,798.8413,173.05176,-0.16687012,0.5661316,0.59021235
1,995.982,154.22617,995.74725,154.73402,-0.23474121,0.5078583,0.55948496
1,876.3532,420.51385,871.458,419.2747,-4.8952026,-1.2391663,5.049608
1,830.43243,311.37042,822.8686,310.34064,-7.563843,-1.0297852,7.633621
1,864.3788,377.31458,857.213,375.67584,-7.1657715,-1.6387329,7.350764
1,984.7152,192.26918,984.6419,192.93732,-0.07330322,0.6681366,0.6721457
1,840.4429,490.79514,836.14545,489.0481,-4.2974243,-1.7470398,4.638966
1,924.98285,392.0239,916.486,390.02167,-8.496826,-2.0022278,8.729546
2,1018.67194,186.29678,1018.6684,186.75864,-0.003540039,0.46185303,0.4618666
2,806.7435,263.05093,798.75415,262.3157,-7.98938,-0.7352295,8.023139
2,631.67017,257.4984,624.4803,258.3286,-7.1898804,0.8302002,7.2376523
2,864.4701,394.31433,857.55475,392.88147,-6.915344,-1.4328613,7.062229
2,1021.6721,165.1708,1021.67303,165.6205,0.00091552734,0.44969177,0.4496927
2,848.33795,396.57162,843.6756,395.62454,-4.6623535,-0.9470825,4.7575736
2,1015.8118,205.968,1015.6792,206.66087,-0.1326294,0.6928711,0.70545083
2,623.68677,391.4305,618.81824,392.59323,-4.8685303,1.1627197,5.0054474
2,843.33844,378.4939,838.05927,377.49948,-5.279175,-0.9944153,5.372015
2,932.0376,394.04022,925.18146,392.50317,-6.85614,-1.5370483,7.02632
2,1020.76935,113.94425,1020.65955,114.55939,-0.109802246,0.6151352,0.62485826
2,623.5371,475.29297,620.0886,476.38446,-3.4484863,1.0914917,3.6171
2,620.04596,371.32965,614.4607,372.6374,-5.585266,1.3077393,5.736321
2,1003.77716,187.80618,1003.7332,188.34253,-0.043945312,0.53634644,0.53814375
2,798.8413,173.05176,798.69257,173.68373,-0.14874268,0.63197327,0.64924157
2,995.74725,154.73402,995.7892,155.32411,0.041931152,0.5900879,0.5915758
2,871.458,419.2747,866.48315,418.3283,-4.9748535,-0.9463806,5.0640697
2,822.8686,310.34064,816.16205,309.67188,-6.706543,-0.6687622,6.7398043
2,857.213,375.67584,850.8428,374.42352,-6.3702393,-1.2523193,6.4921684
2,984.6419,192.93732,984.3977,193.41524,-0.24420166,0.47792053,0.5366959
2,836.14545,489.0481,831.48193,487.73935,-4.663513,-1.3087463,4.843673
2,916.486,390.02167,910.1225,388.5447,-6.3635254,-1.4769592,6.5326767
3,1018.6684,186.75864,1018.6045,187.35225,-0.06390381,0.5936127,0.59704244
3,798.75415,262.3157,791.6223,261.6333,-7.131836,-0.68240356,7.164409
3,624.4803,258.3286,617.887,258.99548,-6.5932617,0.6668701,6.626901
3,857.55475,392.88147,851.82245,391.7625,-5.7323,-1.1189575,5.8404903
3,1021.67303,165.6205,1021.6487,166.32571,-0.024353027,0.70521545,0.70563585
3,843.6756,395.62454,839.1695,394.7057,-4.5061035,-0.91885376,4.5988326
3,1015.6792,206.66087,1015.6938,207.20569,0.014587402,0.54481506,0.5450103
3,618.81824,392.59323,614.44885,393.52722,-4.369385,0.9339905,4.468094
3,838.05927,377.49948,833.5,376.7429,-4.559265,-0.7565918,4.6216154
3,925.18146,392.50317,918.95715,391.0336,-6.224304,-1.469574,6.395437
3,1020.65955,114.55939,1020.55304,115.18149,-0.10650635,0.62210083,0.63115215
3,620.0886,476.38446,616.7214,477.40173,-3.3672485,1.017273,3.517557
3,614.4607,372.6374,609.6505,373.19144,-4.8101807,0.55404663,4.841984
3,1003.7332,188.34253,1003.6824,189.08887,-0.050842285,0.7463379,0.7480676
3,798.69257,173.68373,798.73425,174.12427,0.04168701,0.4405365,0.44250447
3,995.7892,155.32411,995.7415,155.99617,-0.047668457,0.6720581,0.6737465
3,866.48315,418.3283,862.10016,417.4767,-4.3829956,-0.851593,4.464959
3,816.16205,309.67188,809.70044,308.93976,-6.461609,-0.7321167,6.502952
3,850.8428,374.42352,845.4177,373.3877,-5.425049,-1.0358276,5.5230513
3,984.3977,193.41524,984.4693,194.01318,0.07159424,0.59794617,0.602217
3,831.48193,487.73935,827.6917,486.222,-3.7902222,-1.5173645,4.0826683
3,910.1225,388.5447,903.7295,387.14474,-6.3930054,-1.3999634,6.544495
4,1018.6045,187.35225,1018.5585,187.90306,-0.046020508,0.55081177,0.5527309
4,791.6223,261.6333,784.3555,261.03638,-7.2667847,-0.5969238,7.2912607
4,617.887,258.99548,611.42206,259.93915,-6.464966,0.94366455,6.5334744
4,851.82245,391.7625,845.9135,390.5897,-5.9089355,-1.172821,6.024204
4,1021.6487,166.32571,1021.637,166.81587,-0.011657715,0.49015808,0.4902967
4,839.1695,394.7057,835.21967,393.95123,-3.949829,-0.75445557,4.021238
4,1015.6938,207.20569,1015.6615,207.85518,-0.032287598,0.64949036,0.6502924
4,614.44885,393.52722,610.08704,394.7619,-4.3618164,1.2346802,4.5331974
4,833.5,376.7429,829.0942,376.04544,-4.4058228,-0.69744873,4.460685
4,918.95715,391.0336,912.68774,389.75992,-6.269409,-1.2736816,6.3974805
4,1020.55304,115.18149,1020.5373,115.67056,-0.01574707,0.4890747,0.48932815
4,616.7214,477.40173,613.57306,478.57117,-3.1483154,1.1694336,3.3584914
4,609.6505,373.19144,604.86035,373.53903,-4.790161,0.3475952,4.8027563
4,1003.6824,189.08887,1003.5984,189.63258,-0.083984375,0.54371643,0.55016446
4,798.73425,174.12427,798.68744,174.6666,-0.046813965,0.5423279,0.54434466
4,995.7415,155.99617,995.7011,156.42064,-0.040405273,0.424469,0.42638776
4,862.10016,417.4767,857.99884,416.7574,-4.1013184,-0.71932983,4.1639223
4,809.70044,308.93976,803.54285,308.40207,-6.157593,-0.5376892,6.1810236
4,845.4177,373.3877,839.5511,372.30386,-5.866638,-1.0838318,5.9659142
4,984.4693,194.01318,984.4562,194.4866,-0.013122559,0.4734192,0.473601
4,827.6917,486.222,823.8459,484.70508,-3.8458252,-1.5169067,4.134172
4,903.7295,387.14474,898.02936,386.00708,-5.7001343,-1.1376648,5.8125563
5,1018.5585,187.90306,1018.5415,188.54771,-0.016967773,0.6446533,0.64487654
5,784.3555,261.03638,776.8198,260.54163,-7.5357056,-0.49475098,7.5519295
5,611.42206,259.93915,604.6313,260.67773,-6.7907715,0.7385864,6.830819
5,845.9135,390.5897,839.82794,389.30957,-6.0855713,-1.2801208,6.218753
5,1021.637,166.81587,1021.4437,167.36229,-0.19329834,0.54641724,0.5795999
5,835.21967,393.95123,830.4628,392.93253,-4.756836,-1.0187073,4.8646946
5,1015.6615,207.85518,1015.5919,208.41818,-0.06958008,0.56300354,0.56728685
5,610.08704,394.7619,605.3643,395.87817,-4.7227173,1.116272,4.8528466
5,829.0942,376.04544,824.1323,375.15088,-4.961853,-0.89456177,5.0418477
5,912.68774,389.75992,906.0005,388.378,-6.687256,-1.3819275,6.828552
5,1020.5373,115.67056,1020.4796,116.322044,-0.057678223,0.6514816,0.6540299
5,613.57306,478.57117,610.26013,479.59985,-3.3129272,1.0286865,3.4689598
5,604.86035,373.53903,599.5442,374.56326,-5.316162,1.024231,5.413929
5,1003.5984,189.63258,1003.49615,190.20946,-0.10223389,0.5768738,0.58586276
5,798.68744,174.6666,798.7558,175.28079,0.068359375,0.6141968,0.61798924
5,995.7011,156.42064,995.541,156.86246,-0.16009521,0.44181824,0.4699296
5,857.99884,416.7574,853.337,416.05322,-4.661865,-0.7041626,4.7147465
5,803.54285,308.40207,797.0836,307.79468,-6.4592285,-0.60739136,6.4877234
5,839.5511,372.30386,833.6039,371.21884,-5.9472046,-1.085022,6.0453715
5,984.4562,194.4866,984.40295,195.18883,-0.053222656,0.70222473,0.7042388
5,823.8459,484.70508,819.46606,483.34866,-4.379822,-1.3564148,4.5850515
5,898.02936,386.00708,890.3716,384.47897,-7.657776,-1.5281067,7.8087544
6,1018.5415,188.54771,1018.41394,188.75197,-0.12756348,0.20425415,0.2408157
6,776.8198,260.54163,769.5304,259.7375,-7.2894287,-0.8041382,7.333649
6,604.6313,260.67773,598.1132,261.20673,-6.5180664,0.5289917,6.539497
6,839.82794,389.30957,834.59875,388.33887,-5.229187,-0.9707031,5.3185205
6,1021.4437,167.36229,1021.3607,167.58667,-0.08300781,0.2243805,0.23924235
6,830.4628,392.93253,825.5442,392.02002,-4.91864,-0.9125061,5.0025682
6,1015.5919,208.41818,1015.44403,208.6318,-0.14788818,0.21362305,0.2598186
6,605.3643,395.87817,600.5594,396.79785,-4.8049316,0.91967773,4.8921547
6,824.1323,375.15088,818.8599,374.17365,-5.2724,-0.9772339,5.3622
6,906.0005,388.378,899.3572,387.07367,-6.6433105,-1.3043213,6.7701426
6,1020.4796,116.322044,1020.33575,116.60475,-0.14385986,0.2827072,0.31720504
6,610.26013,479.59985,606.3854,480.16617,-3.8747559,0.5663147,3.915922
6,599.5442,374.56326,594.0609,376.48392,-5.4832764,1.9206543,5.8099256
6,1003.49615,190.20946,1003.3928,190.44897,-0.10333252,0.23951721,0.26085648
6,798.7558,175.28079,798.6582,175.56326,-0.097595215,0.2824707,0.29885536
6,995.541,156.86246,995.4025,157.25417,-0.13848877,0.39170837,0.4154691
6,853.337,416.05322,848.1598,415.0565,-5.177185,-0.9967346,5.27226
6,797.0836,307.79468,790.232,306.7075,-6.8516235,-1.0871887,6.9373426
6,833.6039,371.21884,828.1717,370.18103,-5.43219,-1.0378113,5.5304375
6,984.40295,195.18883,984.4179,195.43132,0.014953613,0.24249268,0.2429533
6,819.46606,483.34866,814.887,481.78506,-4.5790405,-1.5635986,4.8386416
6,890.3716,384.47897,884.86584,383.43408,-5.5057373,-1.0448914,5.604011
7,1018.41394,188.75197,1018.22656,188.99466,-0.18737793,0.24269104,0.30660957
7,769.5304,259.7375,762.44684,259.31616,-7.083557,-0.42132568,7.096076
7,598.1132,261.20673,591.6137,261.6565,-6.4995117,0.44976807,6.515055
7,834.59875,388.33887,828.4684,387.44778,-6.130371,-0.89108276,6.1947947
7,1021.3607,167.58667,1021.22986,167.82626,-0.13085938,0.2395935,0.27300042
7,825.5442,392.02002,819.65466,391.2072,-5.8895264,-0.8128052,5.9453487
7,1015.44403,208.6318,1015.26746,208.86621,-0.1765747,0.23440552,0.29346988
7,600.5594,396.79785,595.18677,397.3416,-5.3726196,0.5437622,5.4000664
7,818.8599,374.17365,813.2153,373.52554,-5.6446533,-0.6481018,5.681738
7,899.3572,387.07367,892.81384,386.0392,-6.543335,-1.0344543,6.6246
7,1020.33575,116.60475,1020.16473,116.97554,-0.17102051,0.37078857,0.4083285
7,606.3854,480.16617,601.6685,480.7811,-4.716858,0.6149292,4.7567725
7,594.0609,376.48392,588.4842,376.55423,-5.576721,0.0703125,5.5771646
7,1003.3928,190.44897,1003.30743,190.697,-0.08538818,0.24803162,0.26231816
7,798.6582,175.56326,798.68054,175.66855,0.022338867,0.105285645,0.10762942
7,995.4025,157.25417,995.2356,157.60716,-0.16693115,0.35299683,0.3904776
7,848.1598,415.0565,842.68134,414.2159,-5.4784546,-0.8405762,5.5425653
7,790.232,306.7075,783.69916,306.3029,-6.532837,-0.40460205,6.5453544
7,828.1717,370.18103,822.1013,369.39444,-6.0703735,-0.7865906,6.121124
7,984.4179,195.43132,983.943,195.6832,-0.47491455,0.25187683,0.53757393
7,814.887,481.78506,809.4011,480.5372,-5.485901,-1.2478638,5.626035
7,884.86584,383.43408,878.5462,382.3991,-6.319641,-1.0349731,6.4038296
8,1018.22656,188.99466,1018.2082,189.16875,-0.018371582,0.17408752,0.17505422
8,762.44684,259.31616,756.01086,258.9828,-6.435974,-0.33337402,6.4446025
8,591.6137,261.6565,585.3909,261.97797,-6.2227783,0.32147217,6.2310762
8,828.4684,387.44778,822.2157,386.71457,-6.2526855,-0.73321533,6.295529
8,1021.22986,167.82626,1021.2204,168.00192,-0.009460449,0.17565918,0.17591375
8,819.65466,391.2072,813.4017,390.4871,-6.2529907,-0.7201233,6.2943206
8,1015.26746,208.86621,1015.24493,209.01897,-0.022521973,0.15275574,0.1544071
8,595.18677,397.3416,589.6912,397.53326,-5.4955444,0.19165039,5.498885
8,813.2153,373.52554,806.97296,373.03522,-6.2423096,-0.49032593,6.2615376
8,892.81384,386.0392,886.2113,385.1638,-6.602539,-0.87542725,6.660322
8,1020.16473,116.97554,1020.12555,117.15056,-0.03918457,0.17501831,0.17935117
8,601.6685,480.7811,596.28973,480.8821,-5.378784,0.10101318,5.3797326
8,588.4842,376.55423,582.96045,376.58194,-5.5237427,0.027709961,5.5238123
8,1003.30743,190.697,1003.2925,190.85133,-0.014953613,0.1543274,0.15505016
8,798.68054,175.66855,798.6395,175.8034,-0.041015625,0.13485718,0.14095652
8,995.2356,157.60716,995.176,157.7558,-0.059570312,0.14863586,0.16012883
8,842.68134,414.2159,836.5964,413.47272,-6.084961,-0.7431946,6.1301785
8,783.69916,306.3029,777.2665,305.9416,-6.432678,-0.3612976,6.4428163
8,822.1013,369.39444,815.8669,368.80322,-6.234436,-0.59121704,6.2624063
8,983.943,195.6832,983.9506,195.83249,0.0076293945,0.14929199,0.14948681
8,809.4011,480.5372,803.21234,479.94284,-6.1887817,-0.59436035,6.2172565
8,878.5462,382.3991,871.54315,381.5551,-7.0030518,-0.84399414,7.0537267
9,1018.2082,189.16875,1018.1853,189.33214,-0.022888184,0.16339111,0.16498643
9,756.01086,258.9828,750.21185,258.87457,-5.799011,-0.10821533,5.800021
9,585.3909,261.97797,580.14746,262.15686,-5.243469,0.17889404,5.24652
9,822.2157,386.71457,816.1788,386.27832,-6.0369263,-0.43624878,6.052668
9,1021.2204,168.00192,1021.21356,168.16402,-0.0068359375,0.16209412,0.1622382
9,813.4017,390.4871,807.4118,389.99014,-5.989868,-0.49694824,6.0104475
9,1015.24493,209.01897,1015.2645,209.18094,0.019592285,0.16197205,0.1631527
9,589.6912,397.53326,584.21875,397.4804,-5.472473,-0.052856445,5.4727283
9,806.97296,373.03522,801.04065,372.4715,-5.932312,-0.5637207,5.9590354
9,886.2113,385.1638,880.2766,384.53946,-5.9346924,-0.6243286,5.9674416
9,1020.12555,117.15056,1020.0899,117.283844,-0.03564453,0.13328552,0.13796943
9,596.28973,480.8821,590.9079,480.87552,-5.381836,-0.006591797,5.38184
9,582.96045,376.58194,577.5838,376.3839,-5.376648,-0.19802856,5.3802934
9,1003.2925,190.85133,1003.2757,191.01367,-0.016784668,0.16233826,0.16320366
9,798.6395,175.8034,798.5929,175.96788,-0.04663086,0.16447449,0.170957
9,995.176,157.7558,995.1666,157.90236,-0.009399414,0.14656067,0.14686176
9,836.5964,413.47272,830.7966,412.9504,-5.7998047,-0.52230835,5.8232756
9,777.2665,305.9416,771.39685,305.5959,-5.869629,-0.34570312,5.879801
9,815.8669,368.80322,810.27594,368.46133,-5.5909424,-0.34188843,5.601386
9,983.9506,195.83249,983.9631,196.004,0.012451172,0.17150879,0.17196016
9,803.21234,479.94284,797.7622,479.28488,-5.4501343,-0.657959,5.4897065
9,871.54315,381.5551,865.0196,380.8437,-6.5235596,-0.7114258,6.5622373
10,1018.1853,189.33214,1018.1441,189.47641,-0.04119873,0.14427185,0.150039
10,750.21185,258.87457,744.9553,258.8519,-5.256531,-0.02267456,5.25658
10,580.14746,262.15686,575.1128,262.26846,-5.034668,0.11160278,5.035905
10,816.1788,386.27832,810.1979,385.74414,-5.980896,-0.5341797,6.0047035
10,1021.21356,168.16402,1021.20685,168.29108,-0.006713867,0.12705994,0.12723719
10,807.4118,389.99014,801.3319,389.5121,-6.079895,-0.47805786,6.0986605
10,1015.2645,209.18094,1015.25964,209.35164,-0.0048828125,0.17070007,0.1707699
10,584.21875,397.4804,578.8684,397.44095,-5.350342,-0.03945923,5.350487
10,801.04065,372.4715,794.9245,372.01852,-6.11615,-0.4529724,6.132901
10,880.2766,384.53946,874.5684,384.0107,-5.708191,-0.52874756,5.7326274
10,1020.0899,117.283844,1020.068,117.40642,-0.021911621,0.12257385,0.12451694
10,590.9079,480.87552,585.49774,480.87964,-5.4101562,0.004119873,5.4101577
10,577.5838,376.3839,572.4344,376.57098,-5.149414,0.18707275,5.152811
10,1003.2757,191.01367,1003.27167,191.21497,-0.0040283203,0.20129395,0.20133425
10,798.5929,175.96788,798.5625,176.13373,-0.030395508,0.16584778,0.16861013
10,995.1666,157.90236,995.0127,158.05699,-0.15393066,0.15463257,0.21818772
10,830.7966,412.9504,825.2503,412.44946,-5.5462646,-0.50094604,5.5688415
10,771.39685,305.5959,766.1542,305.57138,-5.242676,-0.024505615,5.242733
10,810.27594,368.46133,804.45087,367.94727,-5.8250732,-0.5140686,5.8477125
10,983.9631,196.004,984.0018,196.18977,0.03869629,0.18577576,0.1897631
10,797.7622,479.28488,791.88416,479.01508,-5.8780518,-0.2698059,5.8842406
10,865.0196,380.8437,859.4545,380.3957,-5.5650635,-0.44799805,5.5830665
11,1018.1441,189.47641,1018.1929,189.48204,0.04876709,0.005630493,0.049091052
11,744.9553,258.8519,744.9564,258.8545,0.0010986328,0.0025939941,0.0028170552
11,575.1128,262.26846,575.113,262.2678,0.00018310547,-0.0006713867,0.00069590786
11,810.1979,385.74414,810.198,385.74423,0.00012207031,9.1552734e-05,0.00015258789
11,1021.20685,168.29108,1021.21313,168.29048,0.006286621,-0.0005950928,0.006314724
11,801.3319,389.5121,801.33185,389.51224,-6.1035156e-05,0.00015258789,0.00016434219
11,1015.25964,209.35164,1015.2791,209.36746,0.019470215,0.015823364,0.025089202
11,578.8684,397.44095,578.886,397.44135,0.017578125,0.00039672852,0.017582601
11,794.9245,372.01852,794.9244,372.01843,-0.00012207031,-9.1552734e-05,0.00015258789
11,874.5684,384.0107,874.5665,384.01147,-0.0018920898,0.00076293945,0.0020401177
11,1020.068,117.40642,1020.0698,117.51902,0.0018310547,0.112602234,0.11261712
11,585.49774,480.87964,585.5208,480.92813,0.023071289,0.04849243,0.05370103
11,572.4344,376.57098,572.4186,376.43607,-0.015808105,-0.13491821,0.13584116
11,1003.27167,191.21497,1003.2935,191.26892,0.021850586,0.053955078,0.05821167
11,798.5625,176.13373,798.60645,176.16711,0.043945312,0.03338623,0.055189047
11,995.0127,158.05699,995.0068,158.12929,-0.00592041,0.07229614,0.07253815
11,825.2503,412.44946,825.237,412.46014,-0.013305664,0.010681152,0.017062465
11,766.1542,305.57138,766.05164,305.548,-0.10253906,-0.023376465,0.10516995
11,804.45087,367.94727,804.45087,367.9473,0.0,3.0517578e-05,3.0517578e-05
11,984.0018,196.18977,983.98413,196.29433,-0.01763916,0.10455322,0.10603073
11,791.88416,479.01508,791.8842,479.0151,6.1035156e-05,3.0517578e-05,6.823938e-05
11,859.4545,380.3957,858.9958,380.295,-0.45874023,-0.10067749,0.46965793
12,1018.1929,189.48204,1018.2252,189.503,0.032348633,0.020965576,0.038548533
12,744.9564,258.8545,740.0792,258.8319,-4.8771973,-0.022583008,4.8772497
12,575.113,262.2678,570.4286,262.4484,-4.684387,0.18060303,4.6878676
12,810.198,385.74423,804.64655,385.36664,-5.5514526,-0.377594,5.5642796
12,1021.21313,168.29048,1021.2198,168.29971,0.006652832,0.009231567,0.011379017
12,801.33185,389.51224,795.7293,389.1446,-5.602539,-0.36764526,5.6145887
12,1015.2791,209.36746,1015.29724,209.38896,0.018127441,0.021499634,0.02812185
12,578.886,397.44135,574.2518,397.38867,-4.6342163,-0.05267334,4.634516
12,794.9244,372.01843,789.5433,371.7417,-5.3811035,-0.2767334,5.3882146
12,874.5665,384.01147,869.606,383.6849,-4.9605103,-0.3265686,4.971248
12,1020.0698,117.51902,1020.07776,117.646194,0.00793457,0.12717438,0.12742166
12,585.5208,480.92813,580.6867,480.91592,-4.8341064,-0.012207031,4.8341217
12,572.4186,376.43607,567.78815,376.15094,-4.630432,-0.28512573,4.639202
12,1003.2935,191.26892,1003.3334,191.35986,0.039855957,0.09094238,0.09929257
12,798.60645,176.16711,798.8268,176.30591,0.22033691,0.13879395,0.2604076
12,995.0068,158.12929,994.8745,158.2512,-0.13226318,0.121917725,0.17988186
12,825.237,412.46014,820.2981,412.14273,-4.938904,-0.31741333,4.9490933
12,766.05164,305.548,761.1286,305.45947,-4.9230347,-0.088531494,4.9238305
12,804.45087,367.9473,799.35095,367.70715,-5.0999146,-0.24014282,5.1055655
12,983.98413,196.29433,983.9816,196.42957,-0.0025024414,0.13523865,0.1352618
12,791.8842,479.0151,786.9024,478.71426,-4.9818115,-0.3008423,4.9908867
12,858.9958,380.295,855.5412,380.2301,-3.4545898,-0.06491089,3.4551995
13,1018.2252,189.503,1018.4669,189.74966,0.24169922,0.24665833,0.34533873
13,740.0792,258.8319,735.8486,258.89536,-4.230652,0.063446045,4.2311273
13,570.4286,262.4484,566.4234,262.46582,-4.005188,0.017425537,4.0052257
13,804.64655,385.36664,800.2063,385.36203,-4.4402466,-0.0046081543,4.440249
13,1021.2198,168.29971,1021.4648,168.53084,0.24499512,0.23112488,0.3368105
13,795.7293,389.1446,791.10626,389.09006,-4.623047,-0.054534912,4.6233683
13,1015.29724,209.38896,1015.4534,209.63544,0.15618896,0.24647522,0.2917962
13,574.2518,397.38867,569.84863,397.48553,-4.403137,0.09686279,4.4042025
13,789.5433,371.7417,784.8581,371.67374,-4.6851807,-0.06796265,4.6856737
13,869.606,383.6849,865.09375,383.64603,-4.512268,-0.038879395,4.512436
13,1020.07776,117.646194,1020.326,117.917816,0.24822998,0.2716217,0.3679626
13,580.6867,480.91592,576.20374,481.0766,-4.482971,0.16067505,4.4858494
13,567.78815,376.15094,563.50586,376.01434,-4.2822876,-0.13659668,4.284466
13,1003.3334,191.35986,1003.5609,191.68193,0.22753906,0.32206726,0.39433658
13,798.8268,176.30591,798.8425,176.43141,0.01574707,0.12550354,0.12648758
13,994.8745,158.2512,995.21326,158.42796,0.33874512,0.17675781,0.38208845
13,820.2981,412.14273,816.0067,412.1038,-4.291382,-0.03894043,4.2915587
13,761.1286,305.45947,756.6378,305.55496,-4.4907837,0.0954895,4.491799
13,799.35095,367.70715,794.86456,367.68814,-4.486389,-0.019012451,4.4864297
13,983.9816,196.42957,984.28564,196.58348,0.3040161,0.1539154,0.3407576
13,786.9024,478.71426,782.06885,478.71606,-4.833557,0.0018005371,4.8335576
13,855.5412,380.2301,851.3042,380.2389,-4.2369995,0.0087890625,4.237009
14,1018.4669,189.74966,1018.7112,190.05899,0.2442627,0.30932617,0.39414078
14,735.8486,258.89536,731.84485,259.1311,-4.003723,0.23574829,4.010658
14,566.4234,262.46582,562.42413,262.66516,-3.9992676,0.19934082,4.0042324
14,800.2063,385.36203,795.07886,385.50726,-5.1274414,0.14523315,5.129498
14,1021.4648,168.53084,1021.6825,168.81554,0.2177124,0.2846985,0.3584019
14,791.10626,389.09006,785.76324,389.2057,-5.3430176,0.1156311,5.344269
14,1015.4534,209.63544,1015.7388,209.89008,0.28533936,0.25463867,0.38243875
14,569.84863,397.48553,565.38153,397.47958,-4.467102,-0.0059509277,4.467106
14,784.8581,371.67374,779.72015,371.733,-5.1379395,0.059265137,5.1382813
14,865.09375,383.64603,860.0949,383.703,-4.9988403,0.05697632,4.999165
14,1020.326,117.917816,1020.63385,118.226135,0.30786133,0.3083191,0.43570548
14,576.20374,481.0766,570.9997,481.1919,-5.2040405,0.11529541,5.2053175
14,563.50586,376.01434,559.1436,375.8807,-4.3622437,-0.13363647,4.36429
14,1003.5609,191.68193,1003.8582,192.063,0.29730225,0.381073,0.4833273
14,798.8425,176.43141,799.1633,176.75267,0.32080078,0.32125854,0.45400462
14,995.21326,158.42796,995.43787,158.61182,0.22460938,0.18385315,0.29026082
14,816.0067,412.1038,811.3084,412.44385,-4.698303,0.34005737,4.7105937
14,756.6378,305.55496,752.2786,305.59216,-4.359192,0.037200928,4.3593507
14,794.86456,367.68814,790.4399,367.9206,-4.4246826,0.2324524,4.430784
14,984.28564,196.58348,984.50806,196.74438,0.22241211,0.16090393,0.2745127
14,782.06885,478.71606,776.9017,478.99896,-5.1671753,0.28289795,5.174914
14,851.3042,380.2389,845.8468,380.26532,-5.4573975,0.026428223,5.4574614
15,1018.7112,190.05899,1018.825,190.2251,0.11383057,0.16610718,0.2013678
15,731.84485,259.1311,727.89484,259.5254,-3.9500122,0.3942871,3.9696422
15,562.42413,262.66516,558.6446,262.6354,-3.779541,-0.029754639,3.779658
15,795.07886,385.50726,789.49066,385.7053,-5.588196,0.19802856,5.5917034
15,1021.6825,168.81554,1021.9288,169.08757,0.24627686,0.2720337,0.36695313
15,785.76324,389.2057,779.60046,389.34116,-6.162781,0.13546753,6.1642694
15,1015.7388,209.89008,1015.8094,210.04503,0.070617676,0.154953,0.17028591
15,565.38153,397.47958,560.38336,397.38315,-4.998169,-0.09643555,4.9990993
15,779.72015,371.733,773.89703,372.06616,-5.82312,0.3331604,5.832643
15,860.0949,383.703,855.6356,384.24252,-4.4592896,0.53952026,4.491809
15,1020.63385,118.226135,1020.7748,118.3982,0.14093018,0.17206573,0.22241388
15,570.9997,481.1919,565.21204,481.2143,-5.7876587,0.022399902,5.787702
15,559.1436,375.8807,554.57,376.0176,-4.5736084,0.13690186,4.575657
15,1003.8582,192.063,1004.08716,192.18471,0.22894287,0.1217041,0.25928116
15,799.1633,176.75267,799.21594,176.86226,0.052612305,0.10958862,0.12156365
15,995.43787,158.61182,995.5697,158.79955,0.13183594,0.18772888,0.2293967
15,811.3084,412.44385,805.34076,412.51053,-5.9676514,0.06668091,5.968024
15,752.2786,305.59216,747.52386,305.66284,-4.7547607,0.07067871,4.755286
15,790.4399,367.9206,785.7782,368.52838,-4.661682,0.6077881,4.7011366
15,984.50806,196.74438,984.51917,196.8596,0.011108398,0.115219116,0.11575336
15,776.9017,478.99896,771.05615,479.51657,-5.84552,0.51760864,5.868392
15,845.8468,380.26532,838.4704,380.25345,-7.376404,-0.011871338,7.3764133
16,1018.825,190.2251,1018.94495,190.36722,0.11993408,0.14212036,0.18596338
16,727.89484,259.5254,724.12646,260.11664,-3.7683716,0.59124756,3.8144722
16,558.6446,262.6354,554.63293,262.6716,-4.0116577,0.036193848,4.011821
16,789.49066,385.7053,783.6121,386.17136,-5.87854,0.46606445,5.8969865
16,1021.9288,169.08757,1021.93787,169.28217,0.009094238,0.19459534,0.19480772
16,779.60046,389.34116,772.6255,389.64355,-6.9749756,0.30239868,6.981528
16,1015.8094,210.04503,1015.91455,210.1929,0.105163574,0.14787292,0.18145461
16,560.38336,397.38315,554.81226,397.1182,-5.571106,-0.2649536,5.5774026
16,773.89703,372.06616,767.3411,372.3659,-6.555908,0.29974365,6.562757
16,855.6356,384.24252,850.25433,384.6401,-5.3812866,0.397583,5.3959537
16,1020.7748,118.3982,1020.9443,118.57666,0.16949463,0.17845917,0.24612214
16,565.21204,481.2143,558.24725,480.9198,-6.9647827,-0.29449463,6.971006
16,554.57,376.0176,549.42896,376.15915,-5.1410522,0.14154053,5.143
16,1004.08716,192.18471,1004.1985,192.34013,0.111328125,0.15542603,0.19118369
16,799.21594,176.86226,799.2836,177.04279,0.06768799,0.18052673,0.19279929
16,995.5697,158.79955,995.5344,159.23933,-0.03527832,0.43978882,0.4412015
16,805.34076,412.51053,799.6455,412.98038,-5.6952515,0.46984863,5.7145996
16,747.52386,305.66284,742.826,306.6045,-4.697876,0.9416504,4.7913194
16,785.7782,368.52838,780.9974,369.1507,-4.7808228,0.62231445,4.8211555
16,984.51917,196.8596,984.53644,196.99008,0.01727295,0.1304779,0.13161625
16,771.05615,479.51657,764.2832,480.44727,-6.772949,0.9306946,6.836595
16,838.4704,380.25345,836.04224,381.2635,-2.4281616,1.0100403,2.6298575
17,1018.94495,190.36722,1018.93884,190.50084,-0.0061035156,0.13362122,0.13376054
17,724.12646,260.11664,719.93726,260.65073,-4.189209,0.53408813,4.223118
17,554.63293,262.6716,550.3716,262.44547,-4.2613525,-0.22613525,4.267349
17,783.6121,386.17136,777.45447,386.79868,-6.157654,0.62731934,6.189526
17,1021.93787,169.28217,1021.925,169.32121,-0.012878418,0.03904724,0.041116185
17,772.6255,389.64355,764.57275,389.8397,-8.052734,0.19613647,8.055122
17,1015.91455,210.1929,1015.8236,210.41862,-0.09094238,0.22572327,0.2433547
17,554.81226,397.1182,548.8897,396.46997,-5.9225464,-0.6482239,5.957915
17,767.3411,372.3659,759.5165,372.40692,-7.824646,0.041015625,7.8247538
17,850.25433,384.6401,844.4645,385.10233,-5.789856,0.46221924,5.8082767
17,1020.9443,118.57666,1020.9286,118.716225,-0.015686035,0.13956451,0.14044325
17,558.24725,480.9198,550.2151,480.1152,-8.032166,-0.80459595,8.072364
17,549.42896,376.15915,543.566,375.1322,-5.862976,-1.026947,5.9522357
17,1004.1985,192.34013,1004.2402,192.77428,0.04168701,0.43414307,0.43613988
17,799.2836,177.04279,799.3508,177.2438,0.06719971,0.20101929,0.21195413
17,995.5344,159.23933,995.21967,159.36313,-0.3147583,0.123794556,0.33822754
17,799.6455,412.98038,792.3391,413.2101,-7.3063965,0.22973633,7.3100076
17,742.826,306.6045,737.3596,306.79123,-5.4663696,0.18673706,5.4695582
17,780.9974,369.1507,775.3903,369.79245,-5.6070557,0.64175415,5.643662
17,984.53644,196.99008,984.58154,197.30103,0.04510498,0.3109436,0.31419802
17,764.2832,480.44727,756.7724,481.3071,-7.510803,0.85983276,7.5598598
17,836.04224,381.2635,827.3385,381.2721,-8.703735,0.008605957,8.70374
18,1018.93884,190.50084,1018.9239,190.63109,-0.014953613,0.13024902,0.1311046
18,719.93726,260.65073,716.4092,261.58157,-3.5280762,0.93084717,3.6488078
18,550.3716,262.44547,546.53064,261.92303,-3.8409424,-0.5224304,3.8763092
18,777.45447,386.79868,771.27856,387.81952,-6.1759033,1.0208435,6.2597046
18,1021.925,169.32121,1021.91046,169.34712,-0.014526367,0.025909424,0.029703764
18,764.57275,389.8397,755.0349,390.27582,-9.537842,0.4361267,9.547808
18,1015.8236,210.41862,1015.9422,210.42017,0.11859131,0.0015411377,0.11860132
18,548.8897,396.46997,541.6101,395.62927,-7.279602,-0.84069824,7.3279862
18,759.5165,372.40692,751.13654,373.1228,-8.379944,0.71588135,8.410466
18,844.4645,385.10233,838.3703,385.9738,-6.0941772,0.87145996,6.156171
18,1020.9286,118.716225,1020.90985,118.88011,-0.018737793,0.16388702,0.16495472
18,550.2151,480.1152,541.3805,479.23758,-8.834595,-0.8776245,8.878079
18,543.566,375.1322,536.72125,374.7437,-6.8447266,-0.38848877,6.8557425
18,1004.2402,192.77428,1004.2745,192.89957,0.034301758,0.12528992,0.12990063
18,799.3508,177.2438,799.43335,177.36998,0.08251953,0.12617493,0.15076335
18,995.21967,159.36313,994.998,159.49226,-0.22167969,0.12913513,0.25654975
18,792.3391,413.2101,784.619,413.7786,-7.720093,0.56848145,7.740995
18,737.3596,306.79123,732.06244,307.53494,-5.29718,0.7437134,5.3491335
18,775.3903,369.79245,770.5505,371.19775,-4.8398438,1.405304,5.0397387
18,984.58154,197.30103,984.5699,197.53275,-0.011657715,0.23171997,0.23201303
18,756.7724,481.3071,748.4446,482.67175,-8.32782,1.3646545,8.43889
18,827.3385,381.2721,821.4475,382.2184,-5.890991,0.9463196,5.9665146
19,1018.9239,190.63109,1018.86536,190.65376,-0.058532715,0.02267456,0.06277113
19,716.4092,261.58157,713.70276,262.82877,-2.706421,1.2471924,2.9799669
19,546.53064,261.92303,543.5149,261.43594,-3.015747,-0.48709106,3.0548303
19,771.27856,387.81952,765.32056,389.32605,-5.958008,1.5065308,6.145526
19,1021.91046,169.34712,1021.8996,169.35808,-0.010864258,0.010955811,0.015429254
19,755.0349,390.27582,745.1396,391.0316,-9.895325,0.7557678,9.924144
19,1015.9422,210.42017,1015.9287,210.41774,-0.0134887695,-0.0024261475,0.013705221
19,541.6101,395.62927,532.18835,394.63257,-9.421753,-0.9967041,9.474326
19,751.13654,373.1228,742.29443,374.14398,-8.842102,1.0211792,8.900875
19,838.3703,385.9738,832.9474,387.21115,-5.4229126,1.2373657,5.5622888
19,1020.90985,118.88011,1020.92017,118.9176,0.010314941,0.037490845,0.038883947
19,541.3805,479.23758,531.88214,478.0285,-9.498352,-1.2090759,9.574996
19,1004.2745,192.89957,1004.2623,192.99153,-0.012145996,0.09196472,0.09276333
19,799.43335,177.36998,765.3614,175.32387,-34.07196,-2.046112,34.133343
19,994.998,159.49226,994.8341,159.52072,-0.1638794,0.028457642,0.16633187
19,784.619,413.7786,776.1438,414.32822,-8.47522,0.5496216,8.493023
19,732.06244,307.53494,727.1868,308.87695,-4.8756104,1.3420105,5.056933
19,770.5505,371.19775,765.4998,372.73697,-5.050659,1.5392151,5.2799945
19,984.5699,197.53275,984.57587,197.59232,0.0059814453,0.059570312,0.059869856
19,748.4446,482.67175,738.66113,484.8036,-9.783447,2.131836,10.01302
19,821.4475,382.2184,816.61896,383.58533,-4.8285522,1.3669128,5.0183034
20,1018.86536,190.65376,1018.7965,190.66287,-0.068847656,0.009109497,0.069447696
20,713.70276,262.82877,712.1027,264.52307,-1.6000366,1.6943054,2.3304052
20,543.5149,261.43594,541.53925,260.67664,-1.975647,-0.75930786,2.116537
20,765.32056,389.32605,759.88306,391.50674,-5.4375,2.1806946,5.858484
20,1021.8996,169.35808,1021.8834,169.34238,-0.016174316,-0.015701294,0.022541942
20,745.1396,391.0316,734.8476,392.20435,-10.291992,1.17276,10.358594
20,1015.9287,210.41774,1015.92065,210.41116,-0.008056641,-0.006576538,0.010400015
20,532.18835,394.63257,521.6918,392.96814,-10.496582,-1.6644287,10.627727
20,742.29443,374.14398,732.6677,375.31137,-9.626709,1.1673889,9.697233
20,832.9474,387.21115,827.5134,389.18274,-5.43396,1.9715881,5.780578
20,1020.92017,118.9176,1020.9299,118.957146,0.00970459,0.03954315,0.04071658
20,531.88214,478.0285,521.41907,476.0888,-10.463074,-1.9396973,10.641351
20,1004.2623,192.99153,1004.2741,193.10986,0.011779785,0.11833191,0.118916795
20,994.8341,159.52072,994.6709,159.55658,-0.16320801,0.035858154,0.16710074
20,776.1438,414.32822,768.1949,415.59323,-7.9489136,1.2650146,8.0489435
20,727.1868,308.87695,722.86633,310.16022,-4.3204956,1.2832642,4.5070443
20,765.4998,372.73697,760.62805,375.08722,-4.871765,2.3502502,5.409045
20,984.57587,197.59232,984.6005,197.66835,0.024658203,0.076034546,0.079932965
20,738.66113,484.8036,728.8853,487.3064,-9.775818,2.5028076,10.091118
20,816.61896,383.58533,811.0033,385.5746,-5.6156616,1.9892578,5.9575834
21,1018.7965,190.66287,1018.8163,190.67734,0.01977539,0.014465332,0.024501264
21,712.1027,264.52307,711.61383,266.71774,-0.4888916,2.1946716,2.2484658
21,541.53925,260.67664,540.49695,259.8627,-1.0422974,-0.8139343,1.3224496
21,759.88306,391.50674,754.65,394.01218,-5.233032,2.5054321,5.8018804
21,1021.8834,169.34238,1021.88184,169.34909,-0.0015869141,0.006713867,0.006898863
21,734.8476,392.20435,723.88135,393.67612,-10.966248,1.4717712,11.064569
21,1015.92065,210.41116,1015.8904,210.40576,-0.030273438,-0.0054016113,0.03075156
21,521.6918,392.96814,511.11194,391.02402,-10.579834,-1.9441223,10.756974
21,732.6677,375.31137,722.7995,376.96173,-9.868225,1.6503601,10.005277
21,827.5134,389.18274,822.6498,391.48233,-4.8636475,2.299591,5.379887
21,1020.9299,118.957146,1020.9413,118.99297,0.011413574,0.035827637,0.037601717
21,521.41907,476.0888,511.56937,474.05756,-9.849701,-2.03125,10.056967
21,1004.2741,193.10986,1004.3387,193.19324,0.064575195,0.08337402,0.10545702
21,994.6709,159.55658,994.5233,159.5581,-0.14758301,0.0015258789,0.14759089
21,768.1949,415.59323,760.31635,417.19305,-7.87854,1.599823,8.0393305
21,722.86633,310.16022,719.0925,311.93375,-3.7738037,1.773529,4.169772
21,760.62805,375.08722,756.58154,377.65265,-4.046509,2.5654297,4.791207
21,984.6005,197.66835,984.6325,197.73868,0.031982422,0.07032776,0.07725845
21,728.8853,487.3064,717.481,490.3086,-11.404297,3.0021973,11.792844
21,811.0033,385.5746,806.5863,387.95706,-4.416992,2.3824768,5.018567
22,1018.8163,190.67734,1018.83545,190.69539,0.019165039,0.018051147,0.026327603
22,711.61383,266.71774,711.7609,269.16116,0.14709473,2.4434204,2.447844
22,540.49695,259.8627,540.41516,259.0542,-0.08178711,-0.8085022,0.8126284
22,754.65,394.01218,750.13837,396.94427,-4.5116577,2.9320984,5.38073
22,1021.88184,169.34909,1021.8704,169.35782,-0.011413574,0.008728027,0.014368303
22,723.88135,393.67612,713.67395,395.65805,-10.207397,1.9819336,10.39803
22,1015.8904,210.40576,1015.86316,210.39836,-0.02722168,-0.0074005127,0.028209705
22,511.11194,391.02402,500.96378,388.8927,-10.148163,-2.1313171,10.369557
22,722.7995,376.96173,713.8805,379.86557,-8.919006,2.903839,9.379816
22,822.6498,391.48233,818.2132,394.33133,-4.4365845,2.848999,5.272578
22,1020.9413,118.99297,1020.95526,119.05529,0.013977051,0.062316895,0.06386512
22,511.56937,474.05756,501.8549,471.6876,-9.714478,-2.3699646,9.99939
22,1004.3387,193.19324,1004.41833,193.28946,0.07965088,0.096221924,0.12491165
22,994.5233,159.5581,994.3534,159.59454,-0.16992188,0.03643799,0.17378484
22,760.31635,417.19305,752.3274,419.31406,-7.9889526,2.1210022,8.265713
22,719.0925,311.93375,716.1726,313.76767,-2.9199219,1.8339233,3.4480746
22,756.58154,377.65265,752.54865,380.74188,-4.032898,3.0892334,5.080121
22,984.6325,197.73868,984.6433,197.80606,0.010803223,0.06738281,0.06824334
22,717.481,490.3086,707.0473,493.2128,-10.433716,2.9042053,10.830366
22,806.5863,387.95706,802.1582,390.70602,-4.4281006,2.7489624,5.2119927
23,1018.83545,190.69539,1018.8571,191.01558,0.02166748,0.32019043,0.3209227
23,711.7609,269.16116,711.97186,271.3902,0.2109375,2.2290344,2.238993
23,540.41516,259.0542,540.32635,258.49335,-0.08880615,-0.56085205,0.5678394
23,750.13837,396.94427,745.4474,401.19196,-4.690979,4.2476807,6.328355
23,1021.8704,169.35782,1022.14105,169.59056,0.27062988,0.23274231,0.3569447
23,713.67395,395.65805,704.0579,398.67654,-9.616028,3.0184937,10.078655
23,1015.86316,210.39836,1015.9235,210.60808,0.06036377,0.2097168,0.21823135
23,500.96378,388.8927,491.5353,386.8227,-9.428467,-2.0700073,9.653027
23,713.8805,379.86557,705.0212,384.5266,-8.859314,4.6610413,10.010632
23,818.2132,394.33133,813.6378,398.18787,-4.5753784,3.8565369,5.983892
23,1020.95526,119.05529,1021.02997,119.09304,0.07470703,0.037750244,0.083703175
23,501.8549,471.6876,492.89795,469.17896,-8.95694,-2.5086365,9.301614
23,1004.41833,193.28946,1004.4984,193.45407,0.080078125,0.16461182,0.18305616
23,994.3534,159.59454,994.21075,159.60788,-0.14263916,0.013336182,0.14326124
23,752.3274,419.31406,745.13696,422.7276,-7.1904297,3.4135437,7.959558
23,716.1726,313.76767,713.8327,315.5465,-2.3399048,1.7788391,2.9392896
23,752.54865,380.74188,748.9713,385.03543,-3.5773315,4.2935486,5.588547
23,984.6433,197.80606,984.6612,197.87119,0.0178833,0.06512451,0.06753528
23,707.0473,493.2128,696.9468,495.92926,-10.100525,2.7164612,10.4594345
23,802.1582,390.70602,800.61255,395.18167,-1.5456543,4.475647,4.7350254
24,540.32635,258.49335,502.57977,397.45627,-37.746582,138.96292,143.99826
24,491.5353,386.8227,538.1375,476.56046,46.602203,89.73776,101.11692
24,492.89795,469.17896,504.28683,468.39413,11.3888855,-0.78482056,11.4158945
25,712.0,275.0,712.1327,276.65967,0.13269043,1.659668,1.6649638
25,699.0,412.0,692.7967,415.7973,-6.203308,3.7973022,7.2732754
25,483.0,392.0,476.7485,390.21646,-6.2514954,-1.7835388,6.500939
25,703.0,386.0,698.96704,391.40454,-4.032959,5.404541,6.743428
25,696.0,429.0,690.4998,433.26468,-5.500183,4.264679,6.959849
25,1022.0,183.0,989.4809,180.23747,-32.519104,-2.7625275,32.63623
25,743.0,408.0,738.7998,413.51245,-4.2001953,5.512451,6.9302783
25,809.0,410.0,805.59644,415.00406,-3.4035645,5.004059,6.0518475
25,681.0,498.0,673.4287,499.58127,-7.571289,1.5812683,7.734651
25,485.0,466.0,479.13968,464.0671,-5.860321,-1.9328918,6.1708536
25,705.0,341.0,705.0309,342.65952,0.030883789,1.6595154,1.6598028
25,755.0,439.0,750.902,444.17014,-4.0980225,5.1701355,6.597279
26,712.1327,276.65967,712.3427,278.07498,0.21002197,1.4153137,1.4308118
26,692.7967,415.7973,687.75665,419.2316,-5.040039,3.4342957,6.0988836
26,476.7485,390.21646,471.22568,388.4374,-5.522827,-1.7790527,5.8022966
26,698.96704,391.40454,696.2306,394.72974,-2.7364502,3.3251953,4.3064003
26,690.4998,433.26468,685.78815,437.1467,-4.71167,3.882019,6.1049085
26,738.7998,413.51245,734.7745,417.41064,-4.0253296,3.8981934,5.603498
26,805.59644,415.00406,802.4152,418.51736,-3.1812134,3.5133057,4.7395606
26,673.4287,499.58127,667.43146,500.883,-5.9972534,1.3017273,6.1369
26,479.13968,464.0671,473.83737,462.21545,-5.302307,-1.851654,5.616323
26,705.0309,342.65952,708.27814,315.18878,3.2472534,-27.470734,27.661995
26,750.902,444.17014,746.69434,448.5935,-4.2076416,4.4233704,6.1049533
27,712.3427,278.07498,712.35486,279.18906,0.012145996,1.1140747,1.1141409
27,687.75665,419.2316,684.2932,420.7506,-3.46344,1.5190125,3.7819064
27,471.22568,388.4374,466.77313,386.7551,-4.452545,-1.682312,4.759762
27,696.2306,394.72974,694.46405,395.9883,-1.7665405,1.2585754,2.1690269
27,685.78815,437.1467,682.4896,438.82266,-3.298523,1.6759644,3.6998796
27,734.7745,417.41064,731.2474,419.03677,-3.5270996,1.6261292,3.8839061
27,802.4152,418.51736,799.403,419.88095,-3.012207,1.3635864,3.3064723
27,667.43146,500.883,662.25433,501.82275,-5.177124,0.9397583,5.261726
27,473.83737,462.21545,469.70288,460.67123,-4.134491,-1.54422,4.4134603
27,708.27814,315.18878,710.51996,295.35098,2.2418213,-19.8378,19.964067
27,746.69434,448.5935,743.5625,450.8806,-3.131836,2.2871094,3.8780491
28,712.35486,279.18906,712.1755,280.22968,-0.17938232,1.0406189,1.0559667
28,684.2932,420.7506,681.279,421.45953,-3.0142212,0.70892334,3.096466
28,466.77313,386.7551,462.59436,385.03546,-4.178772,-1.719635,4.5187697
28,694.46405,395.9883,692.71,396.53146,-1.7540283,0.54315186,1.8361996
28,682.4896,438.82266,679.20496,439.83344,-3.284668,1.0107727,3.4366705
28,731.2474,419.03677,727.74554,419.53583,-3.501831,0.49905396,3.537213
28,799.403,419.88095,796.62714,420.4427,-2.775879,0.56173706,2.8321462
28,662.25433,501.82275,657.17584,502.4334,-5.078491,0.61065674,5.115073
28,469.70288,460.67123,465.66437,458.82822,-4.038513,-1.8430176,4.439178
28,710.51996,295.35098,711.48047,280.10385,0.96051025,-15.247131,15.277356
28,743.5625,450.8806,740.8755,451.9887,-2.6870117,1.1080933,2.9065275
29,712.1755,280.22968,711.937,280.83524,-0.23846436,0.6055603,0.6508214
29,681.279,421.45953,677.6884,422.28482,-3.5905762,0.82528687,3.6842008
29,462.59436,385.03546,457.49963,382.58978,-5.0947266,-2.4456787,5.651335
29,692.71,396.53146,690.56793,396.8739,-2.1420898,0.34243774,2.1692884
29,679.20496,439.83344,675.2678,440.61487,-3.9371338,0.7814331,4.013933
29,727.74554,419.53583,723.8329,419.95828,-3.9126587,0.42245483,3.935399
29,796.62714,420.4427,793.0721,420.72562,-3.5550537,0.28292847,3.5662944
29,657.17584,502.4334,651.14075,502.7109,-6.035095,0.27749634,6.0414715
29,465.66437,458.82822,460.9068,456.47797,-4.7575684,-2.3502502,5.3064237
29,711.48047,280.10385,711.33795,280.733,-0.14251709,0.6291504,0.64509016
29,740.8755,451.9887,737.3002,452.9216,-3.5753174,0.93289185,3.6950212
30,711.937,280.83524,711.00415,281.37466,-0.9328613,0.5394287,1.0775962
30,677.6884,422.28482,673.92786,422.61438,-3.760559,0.32955933,3.774972
30,457.49963,382.58978,452.87723,380.3395,-4.622406,-2.2502747,5.141048
30,690.56793,396.8739,688.0832,397.01993,-2.4847412,0.14602661,2.4890285
30,675.2678,440.61487,670.87445,440.87854,-4.3933716,0.26367188,4.4012766
30,723.8329,419.95828,719.6769,420.17892,-4.156006,0.22064209,4.1618586
30,793.0721,420.72562,789.1828,420.7255,-3.8892822,-0.00012207031,3.8892822
30,651.14075,502.7109,644.9738,502.51038,-6.166931,-0.200531,6.170191
30,460.9068,456.47797,456.34677,454.16458,-4.560028,-2.313385,5.1132774
30,711.33795,280.733,710.38477,281.26996,-0.95318604,0.5369568,1.094023
30,737.3002,452.9216,733.2024,453.47693,-4.0977783,0.55532837,4.1352363
31,711.00415,281.37466,711.0041,281.3762,-6.1035156e-05,0.0015258789,0.0015270992
31,673.92786,422.61438,673.87366,422.74567,-0.05419922,0.13128662,0.14203426
31,452.87723,380.3395,452.87793,380.3468,0.0007019043,0.007293701,0.007327397
31,688.0832,397.01993,688.0839,397.03915,0.0007324219,0.019226074,0.01924002
31,670.87445,440.87854,670.87396,440.87906,-0.00048828125,0.0005187988,0.00071244006
31,719.6769,420.17892,719.6853,420.1739,0.008422852,-0.0050354004,0.009813241
31,789.1828,420.7255,789.169,420.6884,-0.013793945,-0.037109375,0.03959013
31,644.9738,502.51038,644.9738,502.5103,0.0,-6.1035156e-05,6.1035156e-05
31,456.34677,454.16458,456.34686,454.1646,9.1552734e-05,3.0517578e-05,9.650506e-05
31,710.38477,281.26996,710.3834,281.27136,-0.0013427734,0.0014038086,0.0019426063
31,733.2024,453.47693,733.20264,453.47696,0.00024414062,3.0517578e-05,0.00024604058
32,711.0041,281.3762,709.9482,281.8062,-1.0559082,0.4300232,1.140115
32,673.87366,422.74567,669.7118,422.82593,-4.161865,0.08026123,4.162639
32,452.87793,380.3468,447.87546,377.6956,-5.002472,-2.6512146,5.661596
32,688.0839,397.03915,685.41925,397.391,-2.6646729,0.35183716,2.6878004
32,670.87396,440.87906,666.2828,441.22626,-4.5911865,0.3471985,4.6042957
32,719.6853,420.1739,714.72974,420.1069,-4.9555664,-0.066986084,4.9560194
32,789.169,420.6884,785.1627,420.6391,-4.0062866,-0.04928589,4.00659
32,644.9738,502.5103,638.4365,502.25616,-6.5372925,-0.2541504,6.542231
32,456.34686,454.1646,451.57626,451.653,-4.7705994,-2.5115967,5.3913574
32,710.3834,281.27136,709.3463,281.70685,-1.0371094,0.43548584,1.1248306
32,733.20264,453.47696,728.56805,453.9257,-4.6345825,0.44873047,4.6562552
33,709.9482,281.8062,708.811,282.50027,-1.137207,0.6940613,1.3322766
33,669.7118,422.82593,665.6201,423.3438,-4.091675,0.5178833,4.124319
33,447.87546,377.6956,442.9007,375.2773,-4.974762,-2.418274,5.5313926
33,685.41925,397.391,682.80646,397.68936,-2.612793,0.29837036,2.629774
33,666.2828,441.22626,661.6308,441.5624,-4.6519775,0.33615112,4.664107
33,714.72974,420.1069,710.9705,420.4098,-3.7592163,0.30288696,3.7713985
33,785.1627,420.6391,781.1422,420.6249,-4.020508,-0.014190674,4.020533
33,638.4365,502.25616,631.7359,501.97845,-6.7006226,-0.27770996,6.7063746
33,451.57626,451.653,446.81482,449.12238,-4.761444,-2.5306396,5.392169
33,709.3463,281.70685,708.22614,282.40585,-1.1201782,0.6990051,1.3203815
33,728.56805,453.9257,724.40967,454.39096,-4.158386,0.465271,4.1843343
34,708.811,282.50027,707.6653,283.22742,-1.1456909,0.72714233,1.3569611
34,665.6201,423.3438,661.7742,423.57956,-3.8459473,0.23574829,3.8531659
34,442.9007,375.2773,438.29028,373.1608,-4.6104126,-2.116516,5.0730214
34,682.80646,397.68936,680.3916,398.04675,-2.414856,0.35739136,2.441159
34,661.6308,441.5624,657.1832,441.92673,-4.447571,0.36431885,4.462467
34,710.9705,420.4098,706.52313,420.43167,-4.4473877,0.021881104,4.4474416
34,781.1422,420.6249,777.17084,420.5299,-3.9713745,-0.09500122,3.9725106
34,631.7359,501.97845,625.5707,501.79623,-6.165222,-0.18222046,6.1679144
34,446.81482,449.12238,442.52396,446.7324,-4.290863,-2.3899841,4.911571
34,708.22614,282.40585,707.0499,283.10437,-1.1762085,0.69851685,1.3679883
34,724.40967,454.39096,720.28784,454.84598,-4.121826,0.4550171,4.1468654
35,707.6653,283.22742,706.7498,284.16953,-0.9154663,0.94210815,1.3136386
35,661.7742,423.57956,658.26544,424.20062,-3.508728,0.62106323,3.5632699
35,438.29028,373.1608,434.34692,371.46274,-3.9433594,-1.6980591,4.2934237
35,680.3916,398.04675,678.1564,398.9156,-2.2352295,0.86883545,2.3981507
35,657.1832,441.92673,653.4657,442.4121,-3.7175293,0.48538208,3.7490826
35,706.52313,420.43167,703.14185,420.94702,-3.3812866,0.51535034,3.420334
35,777.17084,420.5299,773.6097,420.74585,-3.5611572,0.21594238,3.5676985
35,625.5707,501.79623,619.8726,502.09726,-5.698059,0.3010254,5.706005
35,442.52396,446.7324,438.6947,444.89288,-3.8292542,-1.839508,4.248173
35,707.0499,283.10437,706.1649,284.05524,-0.88500977,0.9508667,1.2989957
35,720.28784,454.84598,716.3631,455.5191,-3.9247437,0.6731262,3.9820487
36,706.7498,284.16953,706.2624,285.20074,-0.48742676,1.0312195,1.1406132
36,658.26544,424.20062,655.45544,425.17667,-2.8099976,0.9760437,2.9746845
36,434.34692,371.46274,431.09174,370.12366,-3.255188,-1.3390808,3.519856
36,678.1564,398.9156,676.3818,399.88718,-1.7745972,0.97158813,2.0231607
36,653.4657,442.4121,650.10156,443.29645,-3.3641357,0.8843384,3.4784284
36,703.14185,420.94702,700.10535,421.6922,-3.036499,0.7451782,3.1265984
36,773.6097,420.74585,771.0645,421.5327,-2.545166,0.78686523,2.6640246
36,619.8726,502.09726,615.119,502.57373,-4.753601,0.47647095,4.7774205
36,438.6947,444.89288,435.58972,443.5723,-3.1049805,-1.3205872,3.374145
36,706.1649,284.05524,705.5643,285.08383,-0.600647,1.028595,1.1911273
36,716.3631,455.5191,713.1133,456.80557,-3.249817,1.2864685,3.495184
37,706.2624,285.20074,705.7788,286.1999,-0.48358154,0.9991455,1.1100193
37,655.45544,425.17667,653.3855,426.21835,-2.0699463,1.041687,2.3172805
37,431.09174,370.12366,428.56033,369.18958,-2.5314026,-0.93408203,2.6982417
37,676.3818,399.88718,675.1039,400.88525,-1.2778931,0.9980774,1.6214713
37,650.10156,443.29645,647.53174,444.0324,-2.5698242,0.7359619,2.6731322
37,700.10535,421.6922,698.0029,422.48364,-2.102417,0.7914429,2.2464504
37,771.0645,421.5327,768.7629,422.13074,-2.3016357,0.59802246,2.3780577
37,615.119,502.57373,611.4222,503.07983,-3.6968384,0.5061035,3.7313206
37,435.58972,443.5723,433.3289,442.62875,-2.2608337,-0.9435425,2.4498248
37,705.5643,285.08383,705.17847,286.09314,-0.38580322,1.0093079,1.0805306
37,713.1133,456.80557,710.61444,457.64172,-2.4988403,0.8361511,2.635024
38,705.7788,286.1999,705.5237,287.10004,-0.25512695,0.9001465,0.93560326
38,653.3855,426.21835,651.6438,426.7235,-1.7416992,0.5051575,1.8134774
38,428.56033,369.18958,426.99042,368.6852,-1.5699158,-0.504364,1.6489447
38,675.1039,400.88525,674.0774,401.46652,-1.0264893,0.5812683,1.179641
38,647.53174,444.0324,645.7153,444.6736,-1.8164673,0.64120483,1.926317
38,698.0029,422.48364,696.1587,423.12848,-1.8442383,0.6448364,1.9537218
38,768.7629,422.13074,767.2563,422.73453,-1.5065918,0.6037903,1.6230778
38,611.4222,503.07983,608.9301,503.43665,-2.4920654,0.35681152,2.51748
38,433.3289,442.62875,431.65063,442.20343,-1.6782532,-0.4253235,1.7313099
38,705.17847,286.09314,704.838,286.9607,-0.3404541,0.8675537,0.9319648
38,710.61444,457.64172,709.2651,458.40204,-1.3493652,0.76031494,1.548827
39,705.5237,287.10004,1026.7454,67.10297,321.22168,-219.99707,389.33542
39,651.6438,426.7235,616.35645,478.03168,-35.287354,51.308167,62.27138
39,426.99042,368.6852,269.87952,293.79327,-157.1109,-74.89194,174.0478
39,674.0774,401.46652,738.55066,407.7424,64.47327,6.275879,64.778
39,645.7153,444.6736,692.04956,456.56018,46.33429,11.886566,47.834682
39,696.1587,423.12848,928.5407,438.74634,232.38202,15.617859,232.90625
39,431.65063,442.20343,334.99142,405.42218,-96.65921,-36.78125,103.42081
39,704.838,286.9607,1017.174,63.274307,312.336,-223.68639,384.1736
40,616.35645,478.03168,613.1917,481.70465,-3.164734,3.6729736,4.848327
40,738.55066,407.7424,783.0112,416.54333,44.46057,8.800934,45.323273
40,692.04956,456.56018,689.8836,458.72064,-2.1659546,2.1604614,3.0592406
40,928.5407,438.74634,401.49078,395.90543,-527.0499,-42.84091,528.7882
41,704.0,287.0,703.8481,287.11792,-0.1519165,0.11791992,0.19231156
41,761.0,417.0,760.676,417.13965,-0.3239746,0.13964844,0.35279062
41,671.0,404.0,670.63776,404.13168,-0.36224365,0.13168335,0.3854361
41,425.0,359.0,424.44467,358.56277,-0.55532837,-0.43722534,0.7067925
41,605.0,420.0,604.27966,419.99634,-0.7203369,-0.0036621094,0.7203462
41,429.0,440.0,428.3926,439.6866,-0.60739136,-0.313385,0.68347234
41,604.0,503.0,603.2231,502.95187,-0.7769165,-0.04812622,0.77840567
41,1022.0,178.0,1022.0218,178.00012,0.02178955,0.00012207031,0.021789894
41,655.0,430.0,654.58545,430.07236,-0.41455078,0.07235718,0.42081815
41,548.0,250.0,548.0204,249.95712,0.020385742,-0.042877197,0.047476653
41,1018.0,211.0,1017.98706,211.03494,-0.012939453,0.034942627,0.037261464
41,698.0,356.0,697.82825,356.10138,-0.17175293,0.101379395,0.19944134
41,705.0,329.0,704.761,329.0779,-0.23901367,0.07791138,0.25139156
41,762.0,447.0,761.6572,447.10797,-0.34277344,0.10797119,0.3593764
42,703.8481,287.11792,703.7115,287.22876,-0.13659668,0.110839844,0.17590941
42,760.676,417.13965,760.20905,417.1612,-0.46697998,0.02154541,0.46747673
42,670.63776,404.13168,670.23584,404.27573,-0.4019165,0.14404297,0.42694876
42,424.44467,358.56277,424.22934,358.52786,-0.21533203,-0.03491211,0.21814385
42,604.27966,419.99634,603.9978,420.03738,-0.28186035,0.041046143,0.28483337
42,428.3926,439.6866,428.01715,439.55746,-0.37545776,-0.12915039,0.39704958
42,603.2231,502.95187,602.7235,503.1368,-0.49957275,0.18493652,0.53270483
42,1022.0218,178.00012,1022.04095,178.01073,0.019165039,0.010604858,0.021903465
42,654.58545,430.07236,654.1526,430.10458,-0.43286133,0.032226562,0.4340593
42,548.0204,249.95712,548.01306,249.95413,-0.0073242188,-0.0029907227,0.007911296
42,1017.98706,211.03494,1017.9544,211.06654,-0.03265381,0.031600952,0.045441076
42,697.82825,356.10138,697.6537,356.2752,-0.17456055,0.17382812,0.24634853
42,704.761,329.0779,704.71893,329.12857,-0.042053223,0.05065918,0.065839395
42,761.6572,447.10797,761.02014,447.21893,-0.63708496,0.110961914,0.64667594
43,703.7115,287.22876,703.61584,287.30835,-0.09564209,0.079589844,0.12442649
43,760.20905,417.1612,759.95386,417.3973,-0.255188,0.2361145,0.347665
43,670.23584,404.27573,669.9367,404.39084,-0.2991333,0.115112305,0.32051766
43,424.22934,358.52786,423.70963,358.49347,-0.51971436,-0.03439331,0.52085114
43,603.9978,420.03738,603.2854,420.29407,-0.71240234,0.25668335,0.75723404
43,428.01715,439.55746,427.58374,439.55563,-0.43341064,-0.0018310547,0.43341452
43,602.7235,503.1368,602.24097,503.16187,-0.48254395,0.025054932,0.48319396
43,1022.04095,178.01073,1022.0757,178.01497,0.034729004,0.0042419434,0.03498711
43,654.1526,430.10458,653.7852,430.17175,-0.3673706,0.06716919,0.37346065
43,548.01306,249.95413,547.7779,249.83891,-0.23516846,-0.115219116,0.26187715
43,1017.9544,211.06654,1017.90375,211.07869,-0.05065918,0.012145996,0.05209489
43,697.6537,356.2752,697.52216,356.44632,-0.13153076,0.17111206,0.21582326
43,704.71893,329.12857,704.54565,329.25128,-0.17327881,0.12271118,0.21232894
43,761.02014,447.21893,760.7757,447.31915,-0.2444458,0.10021973,0.2641926
44,703.61584,287.30835,703.56714,287.5748,-0.048706055,0.26644897,0.27086404
44,759.95386,417.3973,759.8504,417.59402,-0.10345459,0.19671631,0.22226146
44,669.9367,404.39084,669.745,404.5984,-0.19171143,0.20755005,0.28254256
44,423.70963,358.49347,423.43997,358.40085,-0.26965332,-0.09262085,0.2851167
44,603.2854,420.29407,602.7678,420.29736,-0.5175781,0.0032958984,0.5175886
44,427.58374,439.55563,427.41638,439.60495,-0.1673584,0.049316406,0.17447333
44,602.24097,503.16187,601.97144,503.25592,-0.26953125,0.094055176,0.2854706
44,1022.0757,178.01497,1022.12976,178.2519,0.05407715,0.23693848,0.24303123
44,653.7852,430.17175,653.567,430.29254,-0.21820068,0.120788574,0.24940212
44,547.7779,249.83891,547.7804,250.03294,0.0025024414,0.19403076,0.1940469
44,1017.90375,211.07869,1017.9669,211.2861,0.06317139,0.20741272,0.21681942
44,697.52216,356.44632,697.463,356.63776,-0.059143066,0.19143677,0.20036452
44,704.54565,329.25128,704.48706,329.6767,-0.05859375,0.42541504,0.42943123
44,760.7757,447.31915,760.6995,447.54697,-0.076171875,0.22781372,0.24021083
45,703.56714,287.5748,703.51996,287.8385,-0.047180176,0.2637024,0.26788974
45,759.8504,417.59402,759.6699,417.89316,-0.18048096,0.2991333,0.34936243
45,669.745,404.5984,669.6012,404.7849,-0.14379883,0.18652344,0.23551878
45,423.43997,358.40085,423.4403,358.59793,0.00033569336,0.19708252,0.1970828
45,602.7678,420.29736,602.5576,420.74,-0.21020508,0.44262695,0.4900049
45,427.41638,439.60495,427.37985,439.8095,-0.03652954,0.20455933,0.20779538
45,601.97144,503.25592,601.7828,503.3647,-0.18865967,0.10876465,0.21776643
45,1022.12976,178.2519,1022.1582,178.4666,0.028442383,0.21469116,0.216567
45,653.567,430.29254,653.40735,430.38306,-0.15966797,0.09051514,0.18353978
45,547.7804,250.03294,547.771,250.2008,-0.009399414,0.16786194,0.16812488
45,1017.9669,211.2861,1017.99567,211.44632,0.028747559,0.16021729,0.16277592
45,697.463,356.63776,697.42474,356.86377,-0.038269043,0.22601318,0.22923018
45,704.48706,329.6767,704.4359,330.0585,-0.05114746,0.38180542,0.3852161
45,760.6995,447.54697,760.5725,447.72668,-0.12701416,0.17971802,0.22007081
46,703.51996,287.8385,703.4498,288.21222,-0.070129395,0.37371826,0.38024133
46,759.6699,417.89316,760.18774,416.43518,0.51782227,-1.4579773,1.5472032
46,669.6012,404.7849,670.65155,403.38187,1.050354,-1.4030457,1.7526497
46,423.4403,358.59793,423.33316,359.02176,-0.10714722,0.42382812,0.43716222
46,602.5576,420.74,602.5395,421.00876,-0.018127441,0.2687683,0.26937893
46,427.37985,439.8095,427.31796,439.98615,-0.06188965,0.17663574,0.18716441
46,601.7828,503.3647,601.6354,503.64264,-0.1473999,0.2779541,0.31461915
46,1022.1582,178.4666,1022.1365,178.78928,-0.021728516,0.3226776,0.32340837
46,653.40735,430.38306,654.1715,428.90982,0.76416016,-1.4732361,1.659628
46,547.771,250.2008,547.85236,250.45511,0.08135986,0.25430298,0.26700082
46,1017.99567,211.44632,1017.9266,211.72217,-0.0690918,0.2758484,0.2843695
46,697.42474,356.86377,697.3862,357.0817,-0.038513184,0.21792603,0.221303
46,704.4359,330.0585,704.3851,330.4858,-0.050842285,0.42730713,0.4303212
46,760.5725,447.72668,760.699,446.05832,0.12646484,-1.6683655,1.6731517
47,703.4498,288.21222,703.4001,288.5994,-0.049743652,0.3871765,0.39035892
47,760.18774,416.43518,760.88477,414.2461,0.6970215,-2.189087,2.2973769
47,670.65155,403.38187,672.1589,401.0197,1.5073242,-2.362152,2.8021042
47,423.33316,359.02176,423.29996,359.3216,-0.033203125,0.2998352,0.30166802
47,602.5395,421.00876,602.5115,421.63812,-0.028015137,0.629364,0.62998724
47,427.31796,439.98615,427.25854,440.32693,-0.059417725,0.3407898,0.34593084
47,601.6354,503.64264,601.5231,504.0875,-0.11230469,0.44485474,0.45881158
47,1022.1365,178.78928,1022.0928,179.1796,-0.043701172,0.39031982,0.39275864
47,654.1715,428.90982,655.59216,426.6239,1.4206543,-2.2859192,2.6914096
47,547.85236,250.45511,547.7213,250.88977,-0.13104248,0.43466187,0.45398575
47,1017.9266,211.72217,1017.86096,212.0425,-0.06561279,0.32032776,0.32697845
47,697.3862,357.0817,697.3468,357.30887,-0.03942871,0.22717285,0.23056914
47,704.3851,330.4858,704.3539,330.73282,-0.031188965,0.24700928,0.24897055
47,760.699,446.05832,761.2257,443.6232,0.5267334,-2.4351196,2.4914365
48,703.4001,288.5994,703.3917,288.95377,-0.008361816,0.35437012,0.35446876
48,760.88477,414.2461,761.7903,411.54828,0.9055176,-2.697815,2.845728
48,672.1589,401.0197,674.3867,398.15848,2.2278442,-2.8612366,3.6262882
48,423.29996,359.3216,423.33362,359.74368,0.03366089,0.42208862,0.42342868
48,602.5115,421.63812,602.3029,422.17255,-0.20855713,0.5344238,0.57367665
48,427.25854,440.32693,427.3155,440.6608,0.0569458,0.3338623,0.33868402
48,601.5231,504.0875,601.4366,504.37997,-0.08648682,0.29248047,0.30499965
48,1022.0928,179.1796,1022.09033,179.63708,-0.0024414062,0.457489,0.45749554
48,655.59216,426.6239,657.44415,423.69745,1.8519897,-2.9264526,3.4632342
48,547.7213,250.88977,547.9303,251.31903,0.20898438,0.42926025,0.4774294
48,1017.86096,212.0425,1017.9508,212.52191,0.08984375,0.4794159,0.4877617
48,697.3468,357.30887,697.2749,357.92178,-0.071899414,0.61291504,0.61711776
48,704.3539,330.73282,704.33435,331.20493,-0.01953125,0.47210693,0.47251076
48,761.2257,443.6232,762.21124,440.71066,0.98553467,-2.9125366,3.0747597
49,703.3917,288.95377,703.46405,289.32632,0.07232666,0.3725586,0.37951422
49,761.7903,411.54828,762.6188,410.5938,0.8284912,-0.9544678,1.2638854
49,674.3867,398.15848,675.2571,397.1316,0.8703613,-1.026886,1.3461143
49,423.33362,359.74368,423.41223,360.12372,0.07861328,0.3800354,0.38808113
49,602.3029,422.17255,602.56226,422.57404,0.25933838,0.40148926,0.47796446
49,427.3155,440.6608,427.3438,441.04922,0.028320312,0.38842773,0.38945878
49,601.4366,504.37997,601.6054,504.85168,0.16882324,0.4717102,0.5010108
49,1022.09033,179.63708,1022.3437,179.9088,0.25335693,0.27171326,0.37150753
49,657.44415,423.69745,658.2322,422.6296,0.7880249,-1.0678406,1.3271272
49,547.9303,251.31903,547.9191,251.57216,-0.011169434,0.25312805,0.25337437
49,1017.9508,212.52191,1018.2849,212.74722,0.33410645,0.22531128,0.40297925
49,697.2749,357.92178,697.4345,358.0782,0.15960693,0.15640259,0.22346397
49,704.33435,331.20493,704.3916,331.70535,0.057250977,0.50042725,0.50369143
49,762.21124,440.71066,762.87897,439.5875,0.6677246,-1.123169,1.3066616
50,703.46405,289.32632,703.5689,289.66498,0.1048584,0.33865356,0.35451588
50,762.6188,410.5938,763.11676,410.5693,0.49798584,-0.024505615,0.49858844
50,675.2571,397.1316,675.461,397.0198,0.20391846,-0.11178589,0.23254853
50,423.41223,360.12372,423.45395,360.568,0.04171753,0.4442749,0.44622925
50,602.56226,422.57404,602.61115,423.0128,0.04888916,0.43875122,0.44146663
50,427.3438,441.04922,427.38623,441.166,0.042419434,0.116760254,0.12422707
50,601.6054,504.85168,601.6443,504.9964,0.038879395,0.14471436,0.14984609
50,1022.3437,179.9088,1022.5117,180.24083,0.16802979,0.33203125,0.37212732
50,658.2322,422.6296,658.72253,422.46964,0.49035645,-0.15997314,0.5157915
50,547.9191,251.57216,547.91956,251.8651,0.0004272461,0.29293823,0.29293853
50,1018.2849,212.74722,1018.47473,213.01509,0.18981934,0.26786804,0.32830575
50,697.4345,358.0782,697.5034,358.40125,0.06890869,0.32305908,0.33032647
50,704.3916,331.70535,704.4623,332.4045,0.07067871,0.6991577,0.7027211
50,762.87897,439.5875,763.5504,439.52002,0.67144775,-0.067474365,0.6748295
51,703.5689,289.66498,703.5691,289.6647,0.00018310547,-0.0002746582,0.0003300981
51,763.11676,410.5693,763.13434,410.57663,0.017578125,0.0073242188,0.019042969
51,675.461,397.0198,675.65106,397.001,0.19006348,-0.018798828,0.1909909
51,423.45395,360.568,423.45355,360.56854,-0.00039672852,0.0005493164,0.0006776002
51,602.61115,423.0128,602.60925,423.01642,-0.0018920898,0.0036315918,0.0040949313
51,427.38623,441.166,427.4189,441.29352,0.032684326,0.12753296,0.13165455
51,601.6443,504.9964,601.7061,505.16986,0.061828613,0.17346191,0.1841516
51,1022.5117,180.24083,1022.5115,180.24356,-0.00024414062,0.0027313232,0.0027422127
51,658.72253,422.46964,658.8353,422.47937,0.11279297,0.009735107,0.1132123
51,547.91956,251.8651,547.91974,251.86522,0.00018310547,0.00012207031,0.00022006538
51,1018.47473,213.01509,1018.4772,213.01456,0.0024414062,-0.0005340576,0.0024991361
51,697.5034,358.40125,697.5027,358.41333,-0.0007324219,0.012084961,0.012107135
51,704.4623,332.4045,704.4621,332.40292,-0.00018310547,-0.0015869141,0.0015974429
51,763.5504,439.52002,763.79553,439.53717,0.24511719,0.017150879,0.24571648
52,703.5691,289.6647,703.69934,289.8382,0.13024902,0.17349243,0.21694338
52,763.13434,410.57663,763.29834,410.9297,0.16400146,0.35305786,0.38928953
52,675.65106,397.001,675.61475,397.14578,-0.036315918,0.14477539,0.14926071
52,423.45355,360.56854,423.58008,360.84592,0.12652588,0.27737427,0.3048693
52,602.60925,423.01642,602.84985,423.2823,0.24060059,0.26586914,0.35857362
52,427.4189,441.29352,427.52966,441.4348,0.11074829,0.14129639,0.17952675
52,601.7061,505.16986,601.91797,505.25558,0.21185303,0.08572388,0.22853947
52,1022.5115,180.24356,1022.75604,180.24669,0.24456787,0.0031280518,0.24458788
52,658.8353,422.47937,658.95624,422.3772,0.120910645,-0.10217285,0.15829933
52,547.91974,251.86522,548.10095,252.07298,0.18121338,0.20776367,0.2756883
52,1018.4772,213.01456,1018.7789,213.17291,0.30169678,0.15835571,0.3407308
52,697.5027,358.41333,697.5395,358.97766,0.0368042,0.56433105,0.5655299
52,704.4621,332.40292,704.5095,332.9402,0.047424316,0.53726196,0.539351
52,763.79553,439.53717,763.83844,439.56882,0.042907715,0.03164673,0.053315923
53,703.69934,289.8382,703.85803,290.01913,0.1586914,0.18093872,0.24066944
53,763.29834,410.9297,763.5305,410.94617,0.23217773,0.016479492,0.23276184
53,675.61475,397.14578,675.6307,397.2542,0.015930176,0.108428955,0.10959292
53,423.58008,360.84592,423.69592,360.9656,0.11584473,0.11968994,0.16657035
53,602.84985,423.2823,603.2031,423.40546,0.35327148,0.123168945,0.37412742
53,427.52966,441.4348,427.58044,441.3141,0.05078125,-0.12072754,0.1309728
53,601.91797,505.25558,602.1129,505.36456,0.19494629,0.10897827,0.22333902
53,1022.75604,180.24669,1023.0721,180.29599,0.31604004,0.049301147,0.31986234
53,658.95624,422.3772,659.0909,422.3413,0.13464355,-0.035888672,0.13934448
53,548.10095,252.07298,548.238,252.23543,0.13702393,0.16244507,0.21251813
53,1018.7789,213.17291,1019.16174,213.31963,0.38287354,0.14671326,0.41002065
53,697.5395,358.97766,697.75616,358.8476,0.2166748,-0.13006592,0.25271547
53,704.5095,332.9402,704.7014,333.26324,0.19189453,0.32305908,0.3757535
53,763.83844,439.56882,763.8828,439.66376,0.04437256,0.094940186,0.10479772
54,703.85803,290.01913,703.9299,289.94318,0.07183838,-0.07595825,0.104548596
54,763.5305,410.94617,763.51733,410.85516,-0.013183594,-0.09100342,0.091953404
54,675.6307,397.2542,675.93524,397.22223,0.30456543,-0.031982422,0.30624005
54,423.69592,360.9656,423.6955,360.90662,-0.0004272461,-0.05899048,0.058992025
54,603.2031,423.40546,603.2421,423.33508,0.039001465,-0.070373535,0.080458365
54,427.58044,441.3141,427.64005,441.2262,0.05960083,-0.087890625,0.10619332
54,602.1129,505.36456,602.11847,505.08096,0.005554199,-0.28359985,0.28365424
54,1023.0721,180.29599,1023.36816,180.32109,0.29608154,0.025100708,0.2971436
54,659.0909,422.3413,659.15704,422.47723,0.06616211,0.1359253,0.15117244
54,548.238,252.23543,548.20374,252.24284,-0.034240723,0.0074157715,0.035034563
54,1019.16174,213.31963,1019.4656,213.31493,0.303833,-0.004699707,0.30386934
54,697.75616,358.8476,697.7549,359.0971,-0.0012817383,0.24951172,0.24951501
54,704.7014,333.26324,704.71124,333.61053,0.00982666,0.34729004,0.34742904
54,763.8828,439.66376,764.1273,439.41125,0.24450684,-0.25250244,0.35148412
55,703.9299,289.94318,703.4643,289.80234,-0.46557617,-0.14083862,0.48641205
55,763.51733,410.85516,763.50916,410.74976,-0.008178711,-0.105407715,0.105724536
55,675.93524,397.22223,675.4077,396.86124,-0.52752686,-0.36099243,0.6392184
55,423.6955,360.90662,423.68726,360.83258,-0.008239746,-0.074035645,0.07449275
55,603.2421,423.33508,603.2661,423.23227,0.023986816,-0.10281372,0.10557476
55,427.64005,441.2262,427.69202,441.15134,0.051971436,-0.07485962,0.09113173
55,602.11847,505.08096,602.08875,504.83823,-0.029724121,-0.24273682,0.24454996
55,1023.36816,180.32109,1023.569,180.35674,0.20080566,0.03564453,0.20394471
55,659.15704,422.47723,658.85114,422.02463,-0.3059082,-0.4526062,0.5462895
55,548.20374,252.24284,547.8755,252.17775,-0.32824707,-0.065093994,0.33463916
55,1019.4656,213.31493,1019.7393,213.31982,0.27374268,0.0048980713,0.2737865
55,697.7549,359.0971,697.30927,358.69998,-0.44561768,-0.39712524,0.5968949
55,704.71124,333.61053,704.25696,333.9496,-0.45428467,0.3390503,0.5668595
55,764.1273,439.41125,764.52936,438.98785,0.40203857,-0.42340088,0.5838693
56,703.4643,289.80234,701.93945,289.11157,-1.5248413,-0.6907654,1.6740065
56,763.50916,410.74976,762.2665,409.976,-1.2426758,-0.7737427,1.463872
56,675.4077,396.86124,673.9557,396.12503,-1.4520264,-0.73620605,1.6279987
56,423.68726,360.83258,422.99976,360.63327,-0.6875,-0.1993103,0.7158078
56,603.2661,423.23227,602.8189,422.52484,-0.4472046,-0.707428,0.8369267
56,427.69202,441.15134,426.93878,440.9288,-0.75323486,-0.22253418,0.78541976
56,602.08875,504.83823,601.5377,503.8147,-0.5510254,-1.023529,1.1624287
56,1023.569,180.35674,1023.78894,180.34956,0.2199707,-0.007171631,0.22008757
56,658.85114,422.02463,657.4856,420.88568,-1.3655396,-1.1389465,1.7781726
56,547.8755,252.17775,546.6363,251.82779,-1.2391968,-0.34996033,1.2876649
56,1019.7393,213.31982,1020.1041,213.31415,0.36480713,-0.0056762695,0.36485127
56,697.30927,358.69998,695.9519,357.1588,-1.3573608,-1.5411682,2.0536864
56,704.25696,333.9496,702.7645,333.24567,-1.4924316,-0.70391846,1.6501071
56,764.52936,438.98785,763.4646,437.885,-1.0647583,-1.1028442,1.532963
57,701.93945,289.11157,699.9708,288.18918,-1.9686279,-0.9223938,2.174007
57,762.2665,409.976,760.4611,408.88434,-1.8053589,-1.0916748,2.109757
57,673.9557,396.12503,671.86194,394.87817,-2.09375,-1.2468567,2.4368916
57,422.99976,360.63327,421.74246,360.14487,-1.2572937,-0.48840332,1.3488237
57,602.8189,422.52484,601.85425,421.54688,-0.96466064,-0.9779663,1.3736769
57,426.93878,440.9288,425.847,440.30048,-1.0917969,-0.6283264,1.2596883
57,601.5377,503.8147,600.8433,502.38675,-0.694397,-1.427948,1.5878358
57,1023.78894,180.34956,1024.0302,180.3227,0.24121094,-0.026870728,0.242703
57,657.4856,420.88568,656.076,419.54987,-1.4096069,-1.3358154,1.9420079
57,546.6363,251.82779,544.785,251.44621,-1.8513184,-0.38157654,1.8902328
57,1020.1041,213.31415,1020.45715,213.31543,0.35302734,0.0012817383,0.35302967
57,695.9519,357.1588,693.93835,355.77057,-2.0135498,-1.3882446,2.445732
57,702.7645,333.24567,700.64154,333.04108,-2.1229858,-0.20458984,2.1328213
57,763.4646,437.885,761.7354,436.6251,-1.729187,-1.2599182,2.139505
58,699.9708,288.18918,697.85394,287.4124,-2.1168823,-0.7767639,2.2548952
58,760.4611,408.88434,758.49133,407.8985,-1.9697876,-0.98583984,2.2027128
58,671.86194,394.87817,669.51874,393.8771,-2.3432007,-1.0010681,2.548083
58,421.74246,360.14487,420.08752,359.37988,-1.6549377,-0.76498413,1.8231894
58,601.85425,421.54688,599.93884,420.4449,-1.9154053,-1.1019897,2.2097871
58,425.847,440.30048,424.0664,439.45053,-1.7805786,-0.84994507,1.973035
58,600.8433,502.38675,598.8362,501.09738,-2.007141,-1.2893677,2.3855994
58,1024.0302,180.3227,1024.2218,180.33115,0.19165039,0.008453369,0.19183673
58,656.076,419.54987,654.19867,418.39664,-1.8773193,-1.1532288,2.2032397
58,544.785,251.44621,542.8398,250.88455,-1.9451904,-0.56166077,2.0246553
58,1020.45715,213.31543,1020.8334,213.30345,0.3762207,-0.011978149,0.37641135
58,693.93835,355.77057,691.8491,355.65652,-2.0892334,-0.11404419,2.0923438
58,700.64154,333.04108,698.50854,332.91272,-2.1329956,-0.12835693,2.1368542
58,761.7354,436.6251,760.02704,435.20407,-1.708374,-1.4210205,2.2221255
59,697.85394,287.4124,695.5425,286.76776,-2.3114624,-0.6446533,2.3996742
59,758.49133,407.8985,755.70685,406.70276,-2.7844849,-1.1957397,3.0303712
59,669.51874,393.8771,666.93024,393.21808,-2.588501,-0.6590271,2.6710773
59,420.08752,359.37988,417.83273,358.5266,-2.2547913,-0.8532715,2.4108412
59,599.93884,420.4449,597.0728,419.42834,-2.8660278,-1.0165405,3.0409653
59,424.0664,439.45053,421.9776,438.236,-2.0888062,-1.2145386,2.4162397
59,598.8362,501.09738,595.91614,499.77817,-2.920044,-1.3192139,3.2042131
59,1024.2218,180.33115,1024.3765,180.34119,0.15466309,0.010040283,0.15498863
59,654.19867,418.39664,651.4121,417.25372,-2.78656,-1.1429138,3.0118382
59,542.8398,250.88455,541.0262,250.31691,-1.8135986,-0.5676422,1.9003572
59,1020.8334,213.30345,1021.18134,213.29948,0.34796143,-0.003967285,0.34798405
59,691.8491,355.65652,689.38947,355.38696,-2.4596558,-0.26956177,2.4743829
59,698.50854,332.91272,696.11896,332.94424,-2.3895874,0.03152466,2.3897953
59,760.02704,435.20407,757.81055,433.78326,-2.2164917,-1.4208069,2.6327796
60,695.5425,286.76776,692.976,286.1414,-2.5664673,-0.6263733,2.6417983
60,755.70685,406.70276,752.4942,405.4542,-3.2126465,-1.2485657,3.4467394
60,666.93024,393.21808,664.66614,392.4629,-2.2640991,-0.755188,2.3867245
60,417.83273,358.5266,415.3194,357.43106,-2.5133362,-1.0955505,2.7417312
60,597.0728,419.42834,593.5587,418.29846,-3.5140991,-1.1298828,3.6912773
60,421.9776,438.236,419.62213,437.2258,-2.3554688,-1.0101929,2.562952
60,595.91614,499.77817,592.73895,498.46063,-3.177185,-1.3175354,3.4395356
60,1024.3765,180.34119,1024.3744,180.35104,-0.0020751953,0.009857178,0.010073251
60,651.4121,417.25372,648.66943,416.25003,-2.7426758,-1.0036926,2.9205596
60,541.0262,250.31691,539.1403,249.71951,-1.8858643,-0.59739685,1.9782232
60,1021.18134,213.29948,1021.179,213.30219,-0.002319336,0.0027008057,0.0035600099
60,689.38947,355.38696,687.14777,354.61603,-2.2416992,-0.77093506,2.3705602
60,696.11896,332.94424,693.73413,332.37717,-2.3848267,-0.56707764,2.4513211
60,757.81055,433.78326,755.11066,432.3747,-2.6998901,-1.4085693,3.045238
61,692.976,286.1414,690.2675,285.90622,-2.708496,-0.23516846,2.7186863
61,752.4942,405.4542,749.1956,404.59845,-3.298584,-0.8557434,3.4077783
61,664.66614,392.4629,660.6807,391.97897,-3.9854126,-0.48391724,4.014684
61,415.3194,357.43106,412.33386,356.3622,-2.9855347,-1.0688477,3.1710963
61,593.5587,418.29846,589.5906,417.5439,-3.9681396,-0.7545471,4.039242
61,419.62213,437.2258,416.79956,435.55673,-2.8225708,-1.6690674,3.2791297
61,592.73895,498.46063,588.748,497.0214,-3.9909668,-1.4392395,4.2425494
61,1024.3744,180.35104,1024.4624,180.40524,0.088012695,0.05419922,0.10336242
61,648.66943,416.25003,645.20825,415.02368,-3.4611816,-1.2263489,3.672017
61,539.1403,249.71951,537.08984,249.31854,-2.050476,-0.40097046,2.089313
61,1021.179,213.30219,1021.8307,213.45937,0.65167236,0.15718079,0.6703601
61,687.14777,354.61603,684.29095,354.16965,-2.8568115,-0.44638062,2.891475
61,693.73413,332.37717,690.9414,332.60715,-2.7927246,0.22998047,2.802178
61,755.11066,432.3747,752.0663,431.01126,-3.0443726,-1.3634338,3.3357391
62,690.2675,285.90622,687.6947,285.70245,-2.572815,-0.20376587,2.5808713
62,749.1956,404.59845,745.37305,403.87952,-3.8225708,-0.7189331,3.8895903
62,660.6807,391.97897,656.665,391.58273,-4.015747,-0.39624023,4.0352488
62,412.33386,356.3622,409.3291,355.2207,-3.0047607,-1.14151,3.2142856
62,589.5906,417.5439,585.58466,416.8475,-4.0059204,-0.69641113,4.066004
62,416.79956,435.55673,414.02475,434.1286,-2.7748108,-1.4281311,3.1207585
62,588.748,497.0214,584.5006,495.68817,-4.2473755,-1.3332214,4.451705
62,1024.4624,180.40524,1024.4648,180.4557,0.0024414062,0.050460815,0.050519843
62,645.20825,415.02368,641.6589,413.85153,-3.5493774,-1.1721497,3.737916
62,537.08984,249.31854,535.17126,248.80331,-1.9185791,-0.5152283,1.9865563
62,1021.8307,213.45937,1022.36646,213.54459,0.5357666,0.08522034,0.5425019
62,684.29095,354.16965,681.5546,354.05728,-2.7363281,-0.11236572,2.7386343
62,690.9414,332.60715,688.34906,333.06674,-2.5923462,0.45959473,2.6327715
62,752.0663,431.01126,749.69745,429.877,-2.3688354,-1.1342468,2.6263847
63,687.6947,285.70245,685.1686,285.5731,-2.526123,-0.12936401,2.5294333
63,745.37305,403.87952,741.5691,403.12372,-3.803955,-0.75579834,3.878312
63,656.665,391.58273,652.8544,391.31342,-3.810608,-0.26931763,3.8201132
63,409.3291,355.2207,406.3413,354.01404,-2.987793,-1.206665,3.222258
63,585.58466,416.8475,581.43414,415.96994,-4.1505127,-0.8775635,4.242272
63,414.02475,434.1286,411.1107,432.56314,-2.9140625,-1.5654602,3.3079338
63,584.5006,495.68817,580.1668,494.2202,-4.3338013,-1.4679565,4.575667
63,1024.4648,180.4557,1024.5046,180.48386,0.039794922,0.028152466,0.048746254
63,641.6589,413.85153,638.36017,412.9401,-3.298706,-0.911438,3.4223063
63,535.17126,248.80331,533.3572,248.28877,-1.8140869,-0.5145416,1.8856469
63,1022.36646,213.54459,1022.6884,213.6157,0.32196045,0.071121216,0.32972226
63,681.5546,354.05728,678.8737,353.88315,-2.6809082,-0.1741333,2.6865575
63,688.34906,333.06674,685.7025,333.39813,-2.6465454,0.33139038,2.6672125
63,749.69745,429.877,747.38184,428.88626,-2.3156128,-0.9907532,2.5186613
64,685.1686,285.5731,682.45624,285.1921,-2.7123413,-0.38098145,2.7389674
64,741.5691,403.12372,738.088,402.16937,-3.481079,-0.9543457,3.6095273
64,652.8544,391.31342,649.2045,390.72525,-3.6498413,-0.5881653,3.6969285
64,406.3413,354.01404,403.2471,352.70358,-3.0942078,-1.3104553,3.36027
64,581.43414,415.96994,577.34045,414.87665,-4.093689,-1.0932922,4.237166
64,411.1107,432.56314,408.06238,430.62662,-3.0483093,-1.9365234,3.6114142
64,580.1668,494.2202,575.8907,492.66513,-4.276123,-1.5550842,4.550112
64,1024.5046,180.48386,1024.4175,180.54857,-0.0871582,0.064712524,0.10855535
64,638.36017,412.9401,635.0396,411.83383,-3.3205566,-1.1062622,3.4999874
64,533.3572,248.28877,531.68134,247.60255,-1.6758423,-0.68621826,1.8108956
64,1022.6884,213.6157,1023.64294,213.70805,0.9545288,0.09234619,0.95898545
64,678.8737,353.88315,676.19055,353.31873,-2.6831665,-0.5644226,2.741889
64,685.7025,333.39813,682.99286,333.5231,-2.7096558,0.12496948,2.712536
64,747.38184,428.88626,744.2306,427.4058,-3.151245,-1.4804688,3.4816854
65,682.45624,285.1921,679.0198,284.26044,-3.4364624,-0.93167114,3.5605175
65,738.088,402.16937,733.9967,400.5656,-4.0913086,-1.6037598,4.3944116
65,649.2045,390.72525,645.19507,389.77045,-4.0094604,-0.95480347,4.12158
65,403.2471,352.70358,400.13547,351.09976,-3.1116333,-1.6038208,3.500643
65,577.34045,414.87665,573.0971,413.2426,-4.243347,-1.6340332,4.5470934
65,408.06238,430.62662,405.26965,429.07254,-2.7927246,-1.5540771,3.1960077
65,575.8907,492.66513,571.74615,490.48682,-4.1445312,-2.1783142,4.682114
65,1024.4175,180.54857,1024.3513,180.6,-0.06616211,0.051437378,0.083804704
65,635.0396,411.83383,631.37024,409.97177,-3.6693726,-1.8620605,4.114798
65,531.68134,247.60255,529.05225,246.89468,-2.6290894,-0.7078705,2.7227175
65,1023.64294,213.70805,1024.4896,213.81293,0.8466797,0.10487366,0.85315
65,676.19055,353.31873,672.8559,352.2433,-3.3346558,-1.0754395,3.5037835
65,682.99286,333.5231,679.709,333.20483,-3.2838745,-0.31826782,3.2992613
65,744.2306,427.4058,740.88367,425.36078,-3.3469238,-2.0450134,3.9222417
66,679.0198,284.26044,675.82904,282.17465,-3.1907349,-2.085785,3.8119926
66,733.9967,400.5656,730.4118,397.80795,-3.5849,-2.75766,4.5228524
66,645.19507,389.77045,643.472,387.72205,-1.7230835,-2.0484009,2.6767447
66,400.13547,351.09976,396.52905,349.54434,-3.6064148,-1.5554199,3.9275384
66,573.0971,413.2426,552.8936,404.6635,-20.203491,-8.579102,21.949533
66,405.26965,429.07254,401.3362,428.85995,-3.9334412,-0.21258545,3.9391816
66,571.74615,490.48682,566.3948,493.0232,-5.3513794,2.536377,5.9220324
66,1024.3513,180.6,700.77136,571.8462,-323.57996,391.2462,507.718
66,631.37024,409.97177,626.6368,408.7882,-4.7334595,-1.1835632,4.879186
66,529.05225,246.89468,525.33295,245.0383,-3.7192993,-1.8563843,4.1568437
66,672.8559,352.2433,672.61334,317.1337,-0.24255371,-35.10959,35.110428
66,679.709,333.20483,679.0132,301.1761,-0.6958008,-32.028748,32.036304
66,740.88367,425.36078,626.79596,410.16177,-114.08771,-15.199005,115.09567
68,61.0,406.0,105.316864,420.04724,44.316864,14.047241,46.489883
68,101.0,404.0,2.2054691,284.94482,-98.79453,-119.055176,154.70776
68,19.0,425.0,16.72019,430.17578,-2.27981,5.1757812,5.655638
68,119.0,213.0,322.22174,370.29224,203.22174,157.29224,256.98233
68,98.0,318.0,744.0918,253.77148,646.0918,-64.228516,649.2765
68,120.0,234.0,310.55603,103.01416,190.55603,-130.98584,231.23341
68,34.0,430.0,64.177124,476.66687,30.177124,46.66687,55.573875
68,154.0,226.0,146.92694,230.79004,-7.073059,4.790039,8.542402
68,88.0,263.0,685.52313,435.4641,597.52313,172.46411,621.9146
68,85.0,345.0,731.6471,534.27856,646.6471,189.27856,673.77954
68,55.0,457.0,50.40535,449.00806,-4.5946503,-7.9919434,9.218567
68,34.0,309.0,38.859695,308.98108,4.8596954,-0.018920898,4.859732
68,45.0,470.0,47.091293,462.81616,2.0912933,-7.183838,7.4820476
68,78.0,498.0,77.725494,496.28613,-0.27450562,-1.7138672,1.7357115
68,11.0,445.0,13.453136,439.17175,2.4531364,-5.828247,6.3234754
68,41.0,372.0,53.140125,369.7185,12.140125,-2.2814941,12.352646
68,75.0,381.0,377.36902,313.24536,302.36902,-67.75464,309.86725
68,23.0,388.0,27.269142,389.06567,4.269142,1.0656738,4.4001403
68,42.0,395.0,45.45703,401.62292,3.4570312,6.622925,7.47089
68,22.0,468.0,23.268425,463.31616,1.268425,-4.683838,4.8525496
68,128.0,339.0,242.32147,576.7189,114.32147,237.71887,263.77957
68,204.0,311.0,531.56714,477.24756,327.56714,166.24756,367.33972
68,93.0,294.0,753.32965,184.01648,660.32965,-109.98352,669.42633
68,111.0,365.0,210.01215,342.6648,99.012146,-22.335205,101.500084
68,61.0,264.0,883.07025,476.33145,822.07025,212.33145,849.04895
68,35.0,518.0,30.451813,521.0957,-4.5481873,3.0957031,5.501762
68,155.0,427.0,153.30414,426.63806,-1.6958618,-0.36193848,1.734055
68,46.0,443.0,36.40161,435.29187,-9.598389,-7.70813,12.310335
68,70.0,529.0,67.46811,528.6094,-2.5318909,-0.390625,2.561847
68,45.0,343.0,113.783066,500.95227,68.783066,157.95227,172.27893
68,140.0,419.0,129.48059,422.50403,-10.519409,3.5040283,11.087659
77,395.0,429.0,398.5715,426.56778,3.5715027,-2.4322205,4.321033
77,407.0,333.0,408.2516,333.76602,1.2515869,0.7660217,1.4673988
77,505.0,242.0,507.13715,242.84726,2.137146,0.8472595,2.2989652
78,669.0,317.0,669.08545,317.56512,0.08544922,0.5651245,0.57154816
78,423.0,319.0,422.99033,318.9261,-0.009674072,-0.073913574,0.074543975
78,663.0,274.0,661.83844,273.85672,-1.16156,-0.14328003,1.1703637
78,488.0,255.0,486.50015,254.16933,-1.4998474,-0.8306732,1.7145146
78,477.0,269.0,476.3778,267.5339,-0.6221924,-1.466095,1.5926574
78,505.0,242.0,502.90244,242.23738,-2.0975647,0.23738098,2.1109543
78,690.0,317.0,685.71924,316.67664,-4.2807617,-0.32336426,4.292958
78,586.0,489.0,584.5744,486.963,-1.4255981,-2.0369873,2.486292
78,570.0,493.0,569.85394,491.3061,-0.14605713,-1.6939087,1.7001939
78,558.0,481.0,558.76843,480.82718,0.7684326,-0.17282104,0.7876267
78,408.0,332.0,408.07413,332.17346,0.0741272,0.17346191,0.18863688
78,394.0,347.0,394.0142,347.1874,0.014190674,0.18740845,0.18794493
78,464.0,280.0,464.24982,278.368,0.2498169,-1.6319885,1.6509982
78,399.0,429.0,399.00772,429.2437,0.0077209473,0.24371338,0.24383564
78,628.0,466.0,627.649,466.02332,-0.35101318,0.02331543,0.35178667
78,437.0,307.0,436.8111,306.33896,-0.18890381,-0.66104126,0.68750286
79,422.99033,318.9261,422.74158,318.7974,-0.24874878,-0.12869263,0.28006738
79,661.83844,273.85672,656.3991,273.3606,-5.439331,-0.49612427,5.4619102
79,486.50015,254.16933,484.65033,253.45918,-1.849823,-0.71014404,1.9814514
79,476.3778,267.5339,473.5892,268.78854,-2.7886047,1.2546387,3.057848
79,502.90244,242.23738,500.03363,242.22896,-2.868805,-0.008422852,2.868817
79,408.07413,332.17346,407.93158,332.20795,-0.1425476,0.034484863,0.14665955
79,394.0142,347.1874,393.87167,347.34552,-0.14251709,0.15811157,0.21286237
79,399.00772,429.2437,399.36865,430.4043,0.3609314,1.1605835,1.2154117
79,436.8111,306.33896,436.4853,306.50827,-0.32580566,0.16931152,0.3671726
80,422.74158,318.7974,421.86008,318.97137,-0.88150024,0.17398071,0.8985054
80,656.3991,273.3606,653.9689,268.83838,-2.4302368,-4.522217,5.1338577
80,484.65033,253.45918,484.9934,247.10796,0.3430786,-6.351227,6.360486
80,473.5892,268.78854,460.866,275.18155,-12.723206,6.3930054,14.239047
80,500.03363,242.22896,492.2513,242.0291,-7.782318,-0.19985962,7.784884
80,407.93158,332.20795,417.87997,322.5475,9.948395,-9.660461,13.86705
80,393.87167,347.34552,393.66852,347.49628,-0.20315552,0.15075684,0.25298178
80,399.36865,430.4043,400.82568,436.06815,1.4570312,5.663849,5.8482585
81,421.86008,318.97137,421.9023,318.74023,0.042236328,-0.23114014,0.23496738
81,653.9689,268.83838,654.4285,268.2401,0.45965576,-0.5982666,0.75445765
81,484.9934,247.10796,485.04565,247.11049,0.052246094,0.002532959,0.052307457
81,492.2513,242.0291,492.3214,241.95824,0.07009888,-0.07086182,0.09967572
81,417.87997,322.5475,417.91022,322.33142,0.03024292,-0.21606445,0.21817076
81,393.66852,347.49628,393.59537,347.60394,-0.073150635,0.107666016,0.13016522
82,421.9023,318.74023,399.46082,342.89294,-22.441498,24.15271,32.96929
82,654.4285,268.2401,649.095,266.82425,-5.333557,-1.415863,5.5182877
82,485.04565,247.11049,481.5759,248.44858,-3.469757,1.338089,3.71883
82,492.3214,241.95824,489.77496,242.36351,-2.5464478,0.40527344,2.5784962
82,417.91022,322.33142,401.1725,340.48474,-16.737732,18.15332,24.691998
82,393.59537,347.60394,393.4547,349.56732,-0.14065552,1.9633789,1.9684107
83,399.46082,342.89294,400.9196,343.47662,1.4587708,0.5836792,1.5712076
83,649.095,266.82425,643.49646,266.73434,-5.5985107,-0.089904785,5.5992327
83,481.5759,248.44858,480.32355,248.59286,-1.2523499,0.14428711,1.2606343
83,489.77496,242.36351,488.8498,243.05185,-0.9251709,0.68833923,1.1531488
83,401.1725,340.48474,400.711,342.8717,-0.46148682,2.386963,2.4311647
83,393.4547,349.56732,395.58563,349.99387,2.1309204,0.4265442,2.1731918
84,400.9196,343.47662,400.56845,343.62726,-0.35113525,0.15063477,0.3820822
84,643.49646,266.73434,638.93616,265.90607,-4.5603027,-0.8282776,4.6349115
84,480.32355,248.59286,473.66437,248.21812,-6.6591797,-0.3747406,6.6697154
84,488.8498,243.05185,480.56137,243.01555,-8.288422,-0.03630066,8.288501
84,400.711,342.8717,400.4301,342.96887,-0.2808838,0.09716797,0.29721594
84,395.58563,349.99387,394.6866,350.82874,-0.89901733,0.8348694,1.2268819
85,400.56845,343.62726,398.3103,344.35696,-2.2581482,0.7297058,2.373121
85,638.93616,265.90607,637.70465,259.977,-1.2315063,-5.929077,6.0556226
85,473.66437,248.21812,467.54697,246.70877,-6.117401,-1.5093536,6.300853
85,480.56137,243.01555,474.93103,240.74533,-5.6303406,-2.270218,6.0708013
85,400.4301,342.96887,398.2199,343.64615,-2.210205,0.6772766,2.3116467
85,394.6866,350.82874,393.98196,348.91232,-0.7046509,-1.9164124,2.0418544
86,398.3103,344.35696,398.62766,343.63095,0.3173523,-0.7260132,0.79234314
86,637.70465,259.977,637.70746,259.98157,0.0028076172,0.0045776367,0.0053700535
86,474.93103,240.74533,475.43353,241.05048,0.50250244,0.30514526,0.5878965
86,398.2199,343.64615,398.47165,343.01404,0.2517395,-0.6321106,0.6803944
86,393.98196,348.91232,394.27115,347.841,0.28918457,-1.0713196,1.1096636
87,637.70746,259.98157,757.77167,264.98474,120.06421,5.003174,120.16841
87,475.43353,241.05048,473.58484,238.19711,-1.8486938,-2.853363,3.3999045
87,398.47165,343.01404,396.937,334.8985,-1.5346375,-8.11554,8.259364
87,394.27115,347.841,425.09207,280.9006,30.820923,-66.9404,73.694954
88,540.0,243.0,540.0803,243.27216,0.080322266,0.27215576,0.2837612
88,434.0,171.0,417.78516,179.08104,-16.214844,8.081039,18.116962
88,703.0,466.0,702.2629,466.73373,-0.7371216,0.73373413,1.0400548
88,319.0,303.0,319.08148,304.35507,0.08148193,1.355072,1.3575196
88,588.0,199.0,588.0333,199.02106,0.033325195,0.021057129,0.039420445
88,538.0,204.0,538.14417,204.12927,0.14416504,0.12927246,0.19363607
88,256.0,253.0,255.90706,252.8637,-0.092941284,-0.13630676,0.16497763
88,403.0,335.0,403.11646,335.37558,0.11645508,0.37557983,0.39322004
88,300.0,249.0,297.73798,249.69202,-2.262024,0.6920166,2.3655105
88,272.0,398.0,273.06952,397.5271,1.069519,-0.4729004,1.169404
88,370.0,310.0,370.07968,310.10974,0.0796814,0.10974121,0.13561806
88,241.0,299.0,243.37811,299.00748,2.3781128,0.0074768066,2.3781245
88,419.0,277.0,406.36267,282.76648,-12.637329,5.7664795,13.890801
88,628.0,498.0,628.1604,495.87982,0.16040039,-2.1201782,2.1262372
88,424.0,185.0,428.00366,194.385,4.003662,9.3849945,10.203305
88,372.0,195.0,372.26724,194.81818,0.26724243,-0.18182373,0.32323116
88,394.0,291.0,395.30685,292.26993,1.3068542,1.269928,1.8222473
88,346.0,235.0,346.13104,235.10976,0.13104248,0.10975647,0.17093453
88,492.0,209.0,440.2587,285.1835,-51.741302,76.1835,92.09282
88,289.0,517.0,289.2537,517.25946,0.25369263,0.25946045,0.36287695
88,428.0,251.0,449.90112,228.52325,21.901123,-22.476746,31.382532
88,504.0,467.0,503.60028,473.0279,-0.39971924,6.027893,6.0411315
88,742.0,318.0,744.8034,317.64224,2.8034058,-0.35775757,2.826141
88,498.0,531.0,497.94388,531.17053,-0.056121826,0.17053223,0.17952967
88,411.0,166.0,411.27933,166.30545,0.2793274,0.30545044,0.41391274
88,315.0,236.0,314.72485,235.92735,-0.27514648,-0.072647095,0.28457546
88,571.0,565.0,569.5859,564.71045,-1.4141235,-0.28955078,1.4434628
88,386.0,202.0,386.28427,201.7478,0.28427124,-0.25219727,0.38001788
88,283.0,248.0,282.81558,248.60442,-0.18441772,0.6044159,0.6319244
88,358.0,468.0,350.4421,490.3568,-7.557892,22.356812,23.599762
88,666.0,239.0,666.0518,239.03426,0.051818848,0.03425598,0.062118154
88,438.0,268.0,456.09787,227.44823,18.09787,-40.551773,44.406975
88,510.0,240.0,495.56488,238.87279,-14.43512,-1.1272125,14.479064
88,341.0,449.0,344.20813,462.3955,3.20813,13.395508,13.774314
88,444.0,253.0,454.01733,224.84995,10.017334,-28.150055,29.879301
88,368.0,222.0,366.58292,222.34262,-1.4170837,0.34262085,1.4579147
88,496.0,498.0,516.1615,439.80988,20.161499,-58.190125,61.5839
88,467.0,183.0,454.86017,184.31998,-12.139832,1.3199768,12.211382
88,559.0,170.0,559.70123,170.10329,0.7012329,0.10328674,0.7087988
88,329.0,326.0,329.10638,326.0666,0.10638428,0.066589355,0.125506
88,324.0,500.0,323.97598,499.9339,-0.024017334,-0.066101074,0.070329115
88,311.0,211.0,310.95172,210.96353,-0.04827881,-0.036468506,0.060504507
88,556.0,193.0,556.23645,190.86983,0.2364502,-2.1301727,2.1432555
88,375.0,472.0,359.6681,473.47342,-15.331909,1.4734192,15.402545
88,382.0,422.0,380.96558,429.0053,-1.0344238,7.00531,7.081271
88,620.0,474.0,619.4433,474.3435,-0.55670166,0.34350586,0.6541506
88,359.0,504.0,358.78845,503.55264,-0.21154785,-0.44735718,0.49485448
88,442.0,550.0,441.97916,548.9458,-0.020843506,-1.0541992,1.0544052
88,298.0,325.0,298.4068,323.60498,0.40679932,-1.3950195,1.4531225
88,580.0,213.0,579.90845,213.05267,-0.091552734,0.05267334,0.10562378
89,540.0803,243.27216,539.72107,243.2831,-0.35925293,0.010940552,0.3594195
89,417.78516,179.08104,417.75702,179.06038,-0.028137207,-0.0206604,0.0349078
89,588.0333,199.02106,588.04443,198.99623,0.011108398,-0.02482605,0.027197964
89,538.14417,204.12927,538.26794,204.18207,0.1237793,0.05279541,0.13456845
89,403.11646,335.37558,400.73187,331.1836,-2.3845825,-4.191986,4.822757
89,370.07968,310.10974,370.37668,310.3072,0.29699707,0.19744873,0.35664165
89,406.36267,282.76648,406.4398,282.85922,0.07711792,0.09274292,0.120616846
89,428.00366,194.385,428.17114,194.44366,0.16748047,0.058670044,0.17745952
89,372.26724,194.81818,372.8956,195.14525,0.62835693,0.32707214,0.7083845
89,395.30685,292.26993,395.46732,292.3049,0.16046143,0.034973145,0.16422847
89,346.13104,235.10976,353.82507,233.99138,7.694031,-1.1183777,7.7748876
89,289.2537,517.25946,291.06677,517.5124,1.8130798,0.2529297,1.830637
89,449.90112,228.52325,449.8827,228.35413,-0.018432617,-0.16912842,0.1701299
89,497.94388,531.17053,492.80627,530.2652,-5.1376038,-0.9053345,5.2167616
89,411.27933,166.30545,411.16672,166.23843,-0.11260986,-0.0670166,0.13104276
89,386.28427,201.7478,386.2513,201.97458,-0.032958984,0.22677612,0.22915868
89,666.0518,239.03426,665.99994,238.86687,-0.051879883,-0.16738892,0.17524432
89,454.01733,224.84995,453.87173,224.5502,-0.14559937,-0.29974365,0.3332348
89,329.10638,326.0666,329.2805,326.26193,0.17410278,0.19534302,0.261669
89,323.97598,499.9339,323.81625,500.25204,-0.159729,0.31814575,0.35599166
89,310.95172,210.96353,310.94302,211.04637,-0.00869751,0.082839966,0.0832953
89,619.4433,474.3435,620.83606,477.55148,1.3927612,3.2079773,3.4972708
89,579.90845,213.05267,580.2363,213.15048,0.32788086,0.09780884,0.34215847
90,539.72107,243.2831,539.51544,243.23875,-0.20562744,-0.04434204,0.21035413
90,417.75702,179.06038,417.7121,178.99915,-0.044921875,-0.06123352,0.07594418
90,588.04443,198.99623,588.0099,199.02036,-0.0345459,0.024124146,0.042135417
90,538.26794,204.18207,538.08887,204.34898,-0.17907715,0.1669159,0.24480511
90,400.73187,331.1836,400.5538,331.24683,-0.17807007,0.06323242,0.18896373
90,370.37668,310.3072,370.1702,310.3356,-0.20648193,0.028411865,0.2084275
90,406.4398,282.85922,406.5096,283.06015,0.06982422,0.20092773,0.2127143
90,428.17114,194.44366,428.32428,194.49622,0.1531372,0.05255127,0.16190319
90,372.8956,195.14525,372.74063,195.1661,-0.15496826,0.020858765,0.15636575
90,395.46732,292.3049,395.44482,292.2994,-0.022491455,-0.005493164,0.023152547
90,449.8827,228.35413,449.89084,228.3017,0.008148193,-0.0524292,0.05305859
90,411.16672,166.23843,411.0002,166.0809,-0.1665039,-0.15753174,0.22921562
90,386.2513,201.97458,386.2449,202.16263,-0.0064086914,0.18804932,0.18815848
90,665.99994,238.86687,666.1025,238.88477,0.10253906,0.01789856,0.10408947
90,329.2805,326.26193,329.09766,326.07217,-0.18283081,-0.1897583,0.26350582
90,310.94302,211.04637,311.048,211.08255,0.10498047,0.03617859,0.11103958
91,539.51544,243.23875,539.5475,243.25496,0.032043457,0.016204834,0.035907935
91,417.7121,178.99915,417.71326,178.99802,0.001159668,-0.0011291504,0.0016185829
91,588.0099,199.02036,587.56506,199.61299,-0.44482422,0.5926361,0.74100345
91,370.1702,310.3356,370.36536,310.11603,0.19515991,-0.21957397,0.29376882
91,406.5096,283.06015,406.20056,282.48123,-0.3090515,-0.57891846,0.6562465
91,428.32428,194.49622,428.32004,194.51962,-0.0042419434,0.023406982,0.023788251
91,372.74063,195.1661,372.74063,195.1661,0.0,0.0,0.0
91,395.44482,292.2994,395.63705,292.08127,0.19223022,-0.21813965,0.2907531
91,449.89084,228.3017,450.06943,228.3144,0.17858887,0.012710571,0.17904061
91,411.0002,166.0809,410.99576,166.0392,-0.0044555664,-0.04170227,0.041939616
91,386.2449,202.16263,386.25946,202.16127,0.014556885,-0.0013580322,0.014620094
91,666.1025,238.88477,666.1048,238.88496,0.002319336,0.00019836426,0.002327803
91,329.09766,326.07217,329.10797,325.89767,0.010314941,-0.17449951,0.1748041
93,770.0,352.0,785.7961,374.36273,15.796082,22.362732,27.37897
93,505.0,453.0,552.97754,387.6521,47.97754,-65.3479,81.06906
94,639.0,331.0,638.9975,330.9997,-0.0025024414,-0.00030517578,0.002520981
94,691.0,327.0,691.004,327.0009,0.0040283203,0.00088500977,0.004124392
94,604.0,311.0,603.97974,311.00604,-0.020263672,0.0060424805,0.021145402
94,687.0,351.0,686.9542,350.99588,-0.045776367,-0.004119873,0.045961387
94,392.0,367.0,391.99973,367.0005,-0.0002746582,0.00048828125,0.00056022825
94,601.0,253.0,600.93,252.99586,-0.070007324,-0.004135132,0.07012934
94,616.0,326.0,616.0001,326.00012,0.00012207031,0.00012207031,0.00017263349
94,627.0,342.0,627.001,342.00027,0.0009765625,0.0002746582,0.0010144513
94,590.0,378.0,590.0007,378.0001,0.0006713867,9.1552734e-05,0.0006776002
94,669.0,323.0,668.99805,322.9997,-0.001953125,-0.00030517578,0.0019768232
94,647.0,347.0,646.9925,346.9983,-0.007507324,-0.0017089844,0.0076993858
94,1013.0,225.0,1013.1849,225.14635,0.18487549,0.14634705,0.2357889
94,603.0,339.0,603.001,339.00046,0.0009765625,0.00045776367,0.0010785277
94,1011.0,198.0,1011.00073,198.00569,0.0007324219,0.0056915283,0.005738461
94,867.0,369.0,866.998,368.9999,-0.0020141602,-9.1552734e-05,0.0020162398
94,835.0,354.0,835.00073,354.0003,0.0007324219,0.00030517578,0.00079345703
94,953.0,374.0,953.00037,374.0001,0.00036621094,9.1552734e-05,0.0003774816
94,885.0,372.0,885.0006,371.99976,0.00061035156,-0.00024414062,0.00065736874
94,626.0,369.0,626.00037,369.0022,0.00036621094,0.0021972656,0.0022275741
94,811.0,348.0,810.99664,347.99982,-0.0033569336,-0.00018310547,0.0033619236
94,847.0,367.0,847.00116,367.0008,0.001159668,0.00079345703,0.0014051348
94,787.0,355.0,787.0,355.0,0.0,0.0,0.0
94,779.0,370.0,779.00146,370.00003,0.0014648438,3.0517578e-05,0.0014651616
94,631.0,318.0,631.0051,318.0006,0.005126953,0.00061035156,0.005163156
94,743.0,337.0,742.9991,337.00037,-0.00091552734,0.00036621094,0.0009860531
94,671.0,352.0,671.00574,352.00052,0.0057373047,0.0005187988,0.0057607135
94,761.0,352.0,761.0008,352.00024,0.00079345703,0.00024414062,0.0008301679
94,927.0,368.0,927.0008,368.0,0.00079345703,0.0,0.00079345703
94,1018.0,385.0,1018.0,385.0,0.0,0.0,0.0
94,610.0,374.0,610.0007,374.00125,0.0006713867,0.0012512207,0.0014199695
94,715.0,334.0,714.99536,333.99997,-0.004638672,-3.0517578e-05,0.0046387725
94,843.0,382.0,842.9974,381.99997,-0.0026245117,-3.0517578e-05,0.0026246891
94,971.0,375.0,970.9933,374.99957,-0.006713867,-0.0004272461,0.0067274477
94,987.0,378.0,987.0005,377.99997,0.00048828125,-3.0517578e-05,0.000489234
95,638.9975,330.9997,636.211,329.71014,-2.786499,-1.2895508,3.0704262
95,691.004,327.0009,687.8192,325.78275,-3.1848145,-1.2181396,3.409825
95,603.97974,311.00604,600.6301,309.80286,-3.3496094,-1.203186,3.5591488
95,686.9542,350.99588,683.7265,349.70505,-3.2277222,-1.2908325,3.4762678
95,391.99973,367.0005,391.59924,367.11777,-0.40048218,0.11727905,0.4173013
95,600.93,252.99586,596.4031,252.71071,-4.5269165,-0.28515625,4.5358887
95,616.0001,326.00012,613.0254,324.71832,-2.9747314,-1.2817993,3.2391415
95,627.001,342.00027,624.18463,340.7523,-2.8163452,-1.2479858,3.0804658
95,590.0007,378.0001,591.4068,346.65244,1.4061279,-31.347656,31.379177
95,668.99805,322.9997,662.0435,321.11612,-6.954529,-1.8835754,7.2050905
95,646.9925,346.9983,644.16534,345.7017,-2.8271484,-1.2966003,3.110296
95,603.001,339.00046,600.2861,337.71274,-2.7149048,-1.2877197,3.0048177
95,866.998,368.9999,870.6483,369.01434,3.6503296,0.014434814,3.6503582
95,835.00073,354.0003,838.85016,354.09735,3.8494263,0.0970459,3.8506494
95,953.00037,374.0001,940.77875,371.29202,-12.221619,-2.7080688,12.518051
95,885.0006,371.99976,887.9242,371.89325,2.923584,-0.10650635,2.9255235
95,626.00037,369.0022,596.98413,378.55817,-29.016235,9.555969,30.549278
95,810.99664,347.99982,814.7715,347.9995,3.7748413,-0.00030517578,3.7748413
95,847.00116,367.0008,850.58746,366.93817,3.5863037,-0.06262207,3.5868504
95,787.0,355.0,787.362,354.36713,0.3619995,-0.63287354,0.7290902
95,779.00146,370.00003,773.61597,368.5051,-5.385498,-1.4949341,5.5891337
95,631.0051,318.0006,628.3697,316.80902,-2.635437,-1.1915894,2.8923025
95,742.9991,337.00037,730.4031,334.24902,-12.596008,-2.7513428,12.892995
95,671.00574,352.00052,667.8699,350.68256,-3.1358643,-1.3179626,3.401569
95,761.0008,352.00024,746.2316,348.51785,-14.769165,-3.4823914,15.174165
95,927.0008,368.0,917.74646,365.83304,-9.2543335,-2.1669617,9.504652
95,1018.0,385.0,1013.2342,383.71436,-4.765808,-1.2856445,4.9361734
95,610.0007,374.00125,598.43646,342.47424,-11.564209,-31.527008,33.580994
95,714.99536,333.99997,714.68616,333.1537,-0.3092041,-0.84628296,0.90100056
95,842.9974,381.99997,846.7069,381.98663,3.7095337,-0.013336182,3.7095575
95,970.9933,374.99957,953.0086,371.41547,-17.98468,-3.5841064,18.338335
95,987.0005,377.99997,977.28595,375.75677,-9.714539,-2.2431946,9.970164
96,636.211,329.71014,632.97076,328.86575,-3.2402344,-0.84439087,3.3484495
96,687.8192,325.78275,682.53613,324.99283,-5.283081,-0.789917,5.3418083
96,600.6301,309.80286,597.91925,309.78815,-2.7108765,-0.014709473,2.7109163
96,683.7265,349.70505,678.65356,347.5549,-5.072937,-2.1501465,5.509793
96,391.59924,367.11777,391.71564,379.02072,0.11639404,11.902954,11.903523
96,596.4031,252.71071,592.27563,252.24702,-4.1274414,-0.46368408,4.153405
96,613.0254,324.71832,609.8024,323.78537,-3.2229614,-0.9329529,3.3552768
96,624.18463,340.7523,620.8556,339.59308,-3.3290405,-1.1592102,3.5250928
96,644.16534,345.7017,630.2861,341.82407,-13.879272,-3.8776245,14.410766
96,600.2861,337.71274,601.34076,337.56573,1.0546875,-0.14700317,1.0648829
96,596.98413,378.55817,616.3656,339.96512,19.38147,-38.59305,43.186394
96,814.7715,347.9995,901.8819,363.35294,87.11041,15.353424,88.4531
96,787.362,354.36713,773.84937,352.17935,-13.512634,-2.1877747,13.688595
96,773.61597,368.5051,810.34827,373.8961,36.7323,5.390991,37.125793
96,628.3697,316.80902,629.5738,316.8255,1.2041016,0.016479492,1.2042143
96,730.4031,334.24902,653.46027,318.47375,-76.94281,-15.775269,78.54333
96,667.8699,350.68256,662.1631,348.13156,-5.706787,-2.5509949,6.2509995
96,746.2316,348.51785,690.20483,337.86688,-56.026794,-10.65097,57.03021
96,598.43646,342.47424,597.8728,341.873,-0.56365967,-0.6012573,0.8241496
96,714.68616,333.1537,706.13074,331.83115,-8.55542,-1.3225403,8.65704
97,632.97076,328.86575,630.91644,328.45062,-2.0543213,-0.41513062,2.0958457
97,682.53613,324.99283,680.2108,324.43936,-2.3253174,-0.5534668,2.3902776
97,597.91925,309.78815,596.14606,309.36362,-1.7731934,-0.42453003,1.8233048
97,678.65356,347.5549,676.1869,347.26688,-2.4666748,-0.2880249,2.4834337
97,391.71564,379.02072,392.0775,379.38663,0.36187744,0.36590576,0.5146283
97,592.27563,252.24702,574.7575,253.48297,-17.518127,1.2359467,17.561672
97,609.8024,323.78537,607.6109,323.34808,-2.1915283,-0.43728638,2.2347295
97,620.8556,339.59308,616.74475,338.7835,-4.11084,-0.8095703,4.1897984
97,630.2861,341.82407,628.00446,341.46375,-2.2816162,-0.36032104,2.3098927
97,601.34076,337.56573,599.4901,337.30545,-1.850647,-0.26028442,1.8688613
97,616.3656,339.96512,611.33905,339.02835,-5.0265503,-0.9367676,5.1130953
97,901.8819,363.35294,974.1668,376.8644,72.28491,13.511475,73.53685
97,773.84937,352.17935,918.82983,378.0777,144.98047,25.898346,147.27545
97,810.34827,373.8961,939.6714,396.19107,129.32312,22.294983,131.23085
97,629.5738,316.8255,627.95416,316.59915,-1.6196289,-0.22634888,1.635369
97,653.46027,318.47375,654.3541,318.67795,0.89385986,0.20419312,0.9168862
97,662.1631,348.13156,662.3938,348.19962,0.23071289,0.0680542,0.24054067
97,690.20483,337.86688,687.49286,337.71625,-2.711975,-0.15063477,2.7161553
97,597.8728,341.873,595.8789,341.6016,-1.9938965,-0.27139282,2.0122817
97,706.13074,331.83115,714.6092,333.80765,8.478455,1.9765015,8.705789
98,630.91644,328.45062,628.69305,328.03326,-2.2233887,-0.4173584,2.2622213
98,680.2108,324.43936,678.6332,324.27606,-1.5776367,-0.16329956,1.5860656
98,596.14606,309.36362,593.95605,309.12653,-2.1900024,-0.23709106,2.2027988
98,676.1869,347.26688,674.7701,347.37015,-1.4168091,0.103271484,1.4205679
98,392.0775,379.38663,390.91208,379.34814,-1.1654358,-0.038482666,1.1660709
98,607.6109,323.34808,605.21277,323.03336,-2.3981323,-0.31472778,2.4186964
98,616.74475,338.7835,615.22766,338.68454,-1.5170898,-0.098968506,1.5203146
98,628.00446,341.46375,627.08954,341.59674,-0.914917,0.1329956,0.92453283
98,599.4901,337.30545,597.30396,337.17227,-2.1861572,-0.13317871,2.19021
98,611.33905,339.02835,609.4793,338.91165,-1.8597412,-0.11669922,1.8633991
98,974.1668,376.8644,958.63885,373.61035,-15.527954,-3.2540588,15.865253
98,918.82983,378.0777,861.7626,367.8533,-57.06726,-10.224396,57.97595
98,939.6714,396.19107,905.09106,390.4547,-34.580322,-5.7363586,35.05288
98,627.95416,316.59915,626.5605,316.4034,-1.3936768,-0.19573975,1.4073553
98,654.3541,318.67795,654.66724,318.5976,0.31311035,-0.08035278,0.32325634
98,662.3938,348.19962,660.69617,348.25885,-1.6976318,0.05923462,1.698665
98,687.49286,337.71625,686.0664,337.19495,-1.4264526,-0.52130127,1.5187238
98,595.8789,341.6016,592.6562,341.29526,-3.2227173,-0.30633545,3.237244
98,714.6092,333.80765,629.5608,316.09567,-85.0484,-17.711975,86.87315
99,628.69305,328.03326,625.6654,327.7642,-3.027649,-0.2690735,3.039582
99,678.6332,324.27606,676.6852,324.12384,-1.947998,-0.15222168,1.9539365
99,593.95605,309.12653,591.488,308.64847,-2.4680786,-0.47805786,2.5139513
99,674.7701,347.37015,673.1363,347.35153,-1.6337891,-0.018615723,1.6338952
99,390.91208,379.34814,388.29956,379.57187,-2.6125183,0.22372437,2.6220803
99,605.21277,323.03336,602.8041,322.8752,-2.4086914,-0.15814209,2.4138772
99,615.22766,338.68454,612.60455,338.58926,-2.623108,-0.09527588,2.6248376
99,627.08954,341.59674,625.1577,341.6534,-1.9318237,0.056671143,1.9326549
99,597.30396,337.17227,595.0078,337.21585,-2.2961426,0.0435791,2.296556
99,609.4793,338.91165,606.6353,338.84018,-2.8439941,-0.07147217,2.844892
99,958.63885,373.61035,959.3622,373.4704,0.72332764,-0.13995361,0.7367428
99,861.7626,367.8533,823.9313,360.74664,-37.8313,-7.106659,38.49301
99,905.09106,390.4547,551.0368,323.49393,-354.05426,-66.960785,360.33063
99,626.5605,316.4034,623.89154,316.29526,-2.6689453,-0.1081543,2.671136
99,654.66724,318.5976,654.10046,318.63803,-0.56677246,0.04043579,0.56821305
99,660.69617,348.25885,656.0645,347.9935,-4.631653,-0.26535034,4.639248
99,686.0664,337.19495,684.56824,336.76605,-1.498169,-0.42889404,1.5583518
99,592.6562,341.29526,589.8238,341.2096,-2.8323975,-0.08566284,2.8336926
99,629.5608,316.09567,626.66046,315.9444,-2.9003296,-0.15127563,2.904272
100,625.6654,327.7642,621.9585,327.61362,-3.7069092,-0.15057373,3.7099662
100,676.6852,324.12384,673.8408,323.95758,-2.8443604,-0.16625977,2.8492153
100,591.488,308.64847,587.7895,308.41296,-3.6984863,-0.23550415,3.7059767
100,673.1363,347.35153,671.637,347.61243,-1.4992676,0.26089478,1.521798
100,388.29956,379.57187,385.24713,379.70523,-3.0524292,0.13336182,3.055341
100,602.8041,322.8752,599.1569,322.87082,-3.6471558,-0.0043945312,3.6471584
100,612.60455,338.58926,609.0327,338.64044,-3.5718384,0.05117798,3.5722048
100,625.1577,341.6534,622.3258,341.8609,-2.8319092,0.20748901,2.8395002
100,595.0078,337.21585,591.11096,337.49295,-3.8968506,0.2770996,3.9066904
100,606.6353,338.84018,602.45825,338.94897,-4.177063,0.108795166,4.1784797
100,959.3622,373.4704,959.7101,373.06473,0.3479004,-0.40567017,0.53441834
100,823.9313,360.74664,820.8278,360.3396,-3.1034546,-0.40704346,3.1300344
100,623.89154,316.29526,620.53204,316.33743,-3.359497,0.042175293,3.3597617
100,654.10046,318.63803,653.4514,318.97858,-0.64904785,0.34054565,0.7329628
100,656.0645,347.9935,655.95795,348.8839,-0.10656738,0.8904114,0.8967659
100,684.56824,336.76605,682.3741,336.43027,-2.1941528,-0.3357849,2.2196977
100,589.8238,341.2096,585.51855,341.33502,-4.305237,0.12542725,4.3070636
100,626.66046,315.9444,622.8961,315.85193,-3.7643433,-0.09246826,3.7654788
101,621.9585,327.61362,616.5479,327.58633,-5.4105835,-0.027282715,5.410652
101,673.8408,323.95758,669.5297,324.0875,-4.311096,0.12991333,4.313053
101,587.7895,308.41296,583.40704,308.2128,-4.3824463,-0.2001648,4.387015
101,671.637,347.61243,667.7105,348.26202,-3.9265137,0.64959717,3.979885
101,385.24713,379.70523,408.2437,271.97028,22.996582,-107.734955,110.16199
101,599.1569,322.87082,594.4005,323.0872,-4.7564087,0.21636963,4.7613277
101,609.0327,338.64044,606.40186,339.43283,-2.6308594,0.7923889,2.7475991
101,622.3258,341.8609,624.2444,343.99606,1.9185791,2.1351624,2.8705163
101,591.11096,337.49295,586.06195,337.73935,-5.049011,0.24639893,5.05502
101,602.45825,338.94897,596.0197,338.92096,-6.4385376,-0.028015137,6.4385986
101,959.7101,373.06473,969.69653,374.90256,9.98645,1.8378296,10.154152
101,820.8278,360.3396,816.33374,359.9465,-4.4940796,-0.39309692,4.511239
101,620.53204,316.33743,616.98,316.63153,-3.552063,0.2940979,3.5642173
101,653.4514,318.97858,648.0644,318.70102,-5.387024,-0.27755737,5.3941693
101,655.95795,348.8839,653.9238,350.13388,-2.0341187,1.2499695,2.3874803
101,682.3741,336.43027,678.4721,336.35553,-3.9019775,-0.07473755,3.9026933
101,585.51855,341.33502,577.2042,339.43863,-8.314331,-1.8963928,8.527861
101,622.8961,315.85193,618.8658,316.0594,-4.0303345,0.2074585,4.0356703
102,616.5479,327.58633,612.142,328.37717,-4.405884,0.7908325,4.4762964
102,669.5297,324.0875,665.9198,324.79324,-3.6099243,0.7057495,3.6782653
102,583.40704,308.2128,578.9072,308.85034,-4.499817,0.6375427,4.5447564
102,667.7105,348.26202,664.72174,349.43555,-2.9887695,1.173523,3.2109032
102,408.2437,271.97028,401.14478,278.45776,-7.098938,6.487488,9.616778
102,594.4005,323.0872,590.0489,323.89722,-4.3516235,0.8100281,4.4263725
102,606.40186,339.43283,603.5025,340.65668,-2.899353,1.2238464,3.1470697
102,624.2444,343.99606,621.0259,345.29672,-3.2185059,1.3006592,3.4713821
102,586.06195,337.73935,581.2818,338.71906,-4.7801514,0.9797058,4.8795156
102,596.0197,338.92096,591.81586,339.9521,-4.2038574,1.0311279,4.328469
102,969.69653,374.90256,979.1023,376.69376,9.405762,1.7911987,9.574798
102,816.33374,359.9465,810.21405,359.7683,-6.11969,-0.17819214,6.1222835
102,616.98,316.63153,612.7804,317.5147,-4.199585,0.8831787,4.291447
102,648.0644,318.70102,644.22455,319.56134,-3.8398438,0.86032104,3.9350417
102,653.9238,350.13388,650.5057,351.4507,-3.4181519,1.3168335,3.6630332
102,678.4721,336.35553,675.59064,337.0654,-2.8814697,0.7098694,2.9676225
102,577.2042,339.43863,572.20953,340.35306,-4.99469,0.9144287,5.077707
102,618.8658,316.0594,614.65906,316.91034,-4.206726,0.85095215,4.29193
103,612.142,328.37717,605.88727,330.37695,-6.2547607,1.9997864,6.566672
103,665.9198,324.79324,660.57635,326.77533,-5.343445,1.9820862,5.6992164
103,578.9072,308.85034,573.20624,310.67856,-5.700989,1.8282166,5.9869566
103,664.72174,349.43555,660.2021,351.87997,-4.5196533,2.4444275,5.1383357
103,401.14478,278.45776,396.03244,274.58124,-5.112335,-3.8765259,6.4158726
103,590.0489,323.89722,585.0234,326.21176,-5.0255127,2.3145447,5.532892
103,603.5025,340.65668,598.3648,343.04208,-5.1376953,2.3854065,5.6644573
103,621.0259,345.29672,616.39136,347.97955,-4.6345215,2.6828308,5.3550324
103,581.2818,338.71906,575.54065,341.1712,-5.74115,2.4521484,6.2429028
103,591.81586,339.9521,586.4307,342.40817,-5.385132,2.4560852,5.9187837
103,979.1023,376.69376,976.78625,378.1546,-2.31604,1.460846,2.7382681
103,810.21405,359.7683,807.3482,361.5918,-2.8658447,1.8234863,3.396788
103,612.7804,317.5147,606.8541,319.58658,-5.9262695,2.071869,6.2780023
103,644.22455,319.56134,653.38257,323.70822,9.15802,4.146881,10.053157
103,650.5057,351.4507,645.37506,354.07617,-5.130615,2.6254578,5.7633533
103,675.59064,337.0654,671.2492,339.10248,-4.3414307,2.0370789,4.795593
103,572.20953,340.35306,566.2583,342.71906,-5.951233,2.3659973,6.4043045
103,614.65906,316.91034,608.6695,318.96637,-5.989563,2.0560303,6.332624
104,605.88727,330.37695,599.0929,333.55984,-6.7943726,3.1828918,7.5029526
104,660.57635,326.77533,654.823,330.02634,-5.753357,3.251007,6.6083403
104,573.20624,310.67856,567.2273,313.8855,-5.978943,3.2069397,6.7847047
104,660.2021,351.87997,655.0999,355.1223,-5.102173,3.24234,6.045241
104,396.03244,274.58124,389.15485,275.8469,-6.877594,1.2656555,6.993081
104,585.0234,326.21176,580.70685,330.02026,-4.3165283,3.8085022,5.756484
104,598.3648,343.04208,592.4077,346.57333,-5.9570923,3.53125,6.925076
104,616.39136,347.97955,611.18414,351.6875,-5.2072144,3.7079468,6.392492
104,575.54065,341.1712,569.5717,344.81613,-5.968933,3.644928,6.99383
104,586.4307,342.40817,582.31537,346.50793,-4.1153564,4.099762,5.8089767
104,976.78625,378.1546,877.79755,365.42868,-98.98871,-12.725922,99.803375
104,807.3482,361.5918,802.9552,364.26865,-4.3930054,2.6768494,5.144319
104,606.8541,319.58658,600.10144,322.85986,-6.7526855,3.273285,7.504209
104,653.38257,323.70822,647.5988,326.92935,-5.7837524,3.2211304,6.6202326
104,645.37506,354.07617,640.25165,357.56616,-5.123413,3.4899902,6.1991444
104,671.2492,339.10248,665.372,342.19183,-5.8771973,3.0893555,6.639696
104,566.2583,342.71906,559.96185,346.17398,-6.2964478,3.4549255,7.1820445
104,608.6695,318.96637,602.2149,322.2807,-6.45459,3.314331,7.255792
105,599.0929,333.55984,593.0336,338.18893,-6.059265,4.6290894,7.6251664
105,654.823,330.02634,649.9635,334.64917,-4.859497,4.6228333,6.707108
105,567.2273,313.8855,561.3888,318.1695,-5.838501,4.2839966,7.2415967
105,655.0999,355.1223,650.387,360.554,-4.7128906,5.431671,7.191272
105,389.15485,275.8469,381.4684,275.46667,-7.686432,-0.3802185,7.69583
105,580.70685,330.02026,575.7855,334.9248,-4.9213257,4.904541,6.9479475
105,592.4077,346.57333,588.32715,351.7257,-4.0805664,5.1523743,6.5725174
105,611.18414,351.6875,607.6387,357.17334,-3.5454712,5.48584,6.53183
105,569.5717,344.81613,563.47125,349.6771,-6.100464,4.860962,7.800296
105,582.31537,346.50793,578.61896,351.8529,-3.6964111,5.3449707,6.498628
105,877.79755,365.42868,592.33325,324.4367,-285.4643,-40.991974,288.39246
105,802.9552,364.26865,751.90656,360.87332,-51.048645,-3.3953247,51.161434
105,600.10144,322.85986,595.76227,327.91162,-4.3391724,5.051758,6.65948
105,647.5988,326.92935,642.44946,331.46185,-5.149353,4.532501,6.859986
105,640.25165,357.56616,635.9364,363.0787,-4.3152466,5.5125427,7.000677
105,665.372,342.19183,658.5244,346.2303,-6.847595,4.038452,7.949758
105,559.96185,346.17398,553.72205,350.70035,-6.239807,4.526367,7.7086444
105,602.2149,322.2807,597.5631,327.26712,-4.6517944,4.9864197,6.8193526
106,593.0336,338.18893,593.0345,338.189,0.0008544922,6.1035156e-05,0.0008566692
106,649.9635,334.64917,649.964,334.64978,0.00048828125,0.00061035156,0.0007816314
106,561.3888,318.1695,561.38873,318.1694,-6.1035156e-05,-9.1552734e-05,0.00011003269
106,650.387,360.554,650.38727,360.5541,0.00024414062,0.00012207031,0.00027295752
106,381.4684,275.46667,381.46878,275.4654,0.00036621094,-0.0012817383,0.001333028
106,575.7855,334.9248,575.7858,334.9251,0.00030517578,0.00030517578,0.00043158373
106,588.32715,351.7257,588.327,351.7258,-0.00012207031,9.1552734e-05,0.00015258789
106,607.6387,357.17334,607.63995,357.17365,0.0012817383,0.00030517578,0.0013175679
106,563.47125,349.6771,563.4707,349.6769,-0.0005493164,-0.00018310547,0.0005790303
106,578.61896,351.8529,578.6183,351.85284,-0.0006713867,-6.1035156e-05,0.0006741553
106,592.33325,324.4367,592.33417,324.43713,0.00091552734,0.0004272461,0.0010103117
106,751.90656,360.87332,751.9004,360.8717,-0.006164551,-0.0016174316,0.006373207
106,595.76227,327.91162,595.76447,327.9117,0.0021972656,9.1552734e-05,0.002199172
106,642.44946,331.46185,642.44855,331.4613,-0.00091552734,-0.0005493164,0.0010676791
106,635.9364,363.0787,635.9376,363.07907,0.0012207031,0.00036621094,0.0012744515
106,658.5244,346.2303,658.5244,346.2303,0.0,0.0,0.0
106,553.72205,350.70035,553.7205,350.6987,-0.0015258789,-0.0016479492,0.0022458946
106,597.5631,327.26712,597.5706,327.2711,0.007507324,0.003967285,0.008491129
107,593.0345,338.189,585.85016,343.96423,-7.184326,5.775238,9.217804
107,649.964,334.64978,645.921,340.7342,-4.0429688,6.0844116,7.3051805
107,561.38873,318.1694,556.31226,323.9915,-5.076477,5.8220825,7.7244587
107,650.38727,360.5541,646.7698,367.18045,-3.6174927,6.626343,7.5494814
107,381.46878,275.4654,380.39285,254.28905,-1.0759277,-21.176346,21.203661
107,575.7858,334.9251,579.3527,342.72925,3.5668945,7.804138,8.580635
107,588.327,351.7258,584.14655,358.40137,-4.180481,6.6755676,7.8765235
107,607.63995,357.17365,603.90924,364.1466,-3.730713,6.9729614,7.90825
107,563.4707,349.6769,557.7787,356.2112,-5.6920166,6.5343018,8.665803
107,578.6183,351.85284,579.3468,359.45227,0.7285156,7.5994263,7.634266
107,592.33417,324.43713,589.7226,330.70166,-2.6115723,6.2645264,6.787091
107,751.9004,360.8717,403.98657,300.87982,-347.91382,-59.991882,353.04822
107,595.76447,327.9117,592.02094,334.08224,-3.7435303,6.170532,7.2173047
107,642.44855,331.4613,638.3189,337.47308,-4.1296387,6.01178,7.2935185
107,635.9376,363.07907,631.8098,369.95898,-4.1278076,6.8799133,8.023216
107,658.5244,346.2303,654.8071,352.18082,-3.7172852,5.950531,7.0161977
107,553.7205,350.6987,548.12646,357.33185,-5.594055,6.633148,8.677102
107,597.5706,327.2711,594.1125,333.43924,-3.45813,6.168152,7.0714045
108,585.85016,343.96423,582.578,351.37503,-3.2721558,7.410797,8.101044
108,645.921,340.7342,643.64526,347.8061,-2.2757568,7.0718994,7.4290533
108,556.31226,323.9915,552.5769,330.83118,-3.7353516,6.839691,7.7932167
108,646.7698,367.18045,645.47485,375.1233,-1.2949219,7.9428406,8.047704
108,380.39285,254.28905,375.0232,254.6417,-5.3696594,0.35264587,5.3812265
108,579.3527,342.72925,577.0783,350.32968,-2.274414,7.6004333,7.9334445
108,584.14655,358.40137,583.7782,366.7931,-0.36834717,8.391724,8.399804
108,603.90924,364.1466,601.7776,372.23706,-2.1316528,8.090454,8.366564
108,557.7787,356.2112,553.30865,364.0437,-4.4700317,7.832489,9.018263
108,579.3468,359.45227,581.57227,368.40527,2.2254639,8.953003,9.225451
108,589.7226,330.70166,589.0249,338.43878,-0.6976929,7.7371216,7.7685146
108,592.02094,334.08224,590.57544,341.69415,-1.4454956,7.611908,7.747942
108,638.3189,337.47308,636.0355,344.5372,-2.2833862,7.0641174,7.423989
108,631.8098,369.95898,630.0045,377.95117,-1.8052979,7.9921875,8.193544
108,654.8071,352.18082,652.612,359.19852,-2.1951294,7.0177,7.353007
108,548.12646,357.33185,543.5789,365.05457,-4.5475464,7.7227173,8.9621725
108,594.1125,333.43924,592.6906,341.02133,-1.421875,7.5820923,7.714263
109,582.578,351.37503,581.31494,359.72687,-1.2630615,8.351837,8.446804
109,643.64526,347.8061,642.9041,356.2969,-0.7411499,8.490814,8.5231
109,552.5769,330.83118,550.15845,338.87305,-2.418457,8.04187,8.3976555
109,645.47485,375.1233,645.2563,384.9976,-0.2185669,9.874298,9.876717
109,375.0232,254.6417,372.51193,254.7723,-2.511261,0.13059998,2.5146546
109,577.0783,350.32968,576.425,358.99643,-0.6533203,8.666748,8.691338
109,583.7782,366.7931,584.4926,376.73117,0.7144165,9.93808,9.963725
109,601.7776,372.23706,601.17523,381.92654,-0.60235596,9.689484,9.708188
109,553.30865,364.0437,549.63,373.01694,-3.67865,8.973236,9.698011
109,581.57227,368.40527,582.3585,378.3441,0.7862549,9.938812,9.969864
109,589.0249,338.43878,588.6017,346.9694,-0.42321777,8.530609,8.541101
109,590.57544,341.69415,589.8079,350.20166,-0.7675171,8.507507,8.542058
109,636.0355,344.5372,635.21014,352.99612,-0.8253784,8.458923,8.499096
109,630.0045,377.95117,629.20654,387.62674,-0.79797363,9.675568,9.708418
109,652.612,359.19852,652.46014,367.62216,-0.15185547,8.423645,8.425014
109,543.5789,365.05457,539.4505,371.90906,-4.128418,6.854492,8.001743
109,592.6906,341.02133,591.95514,349.5139,-0.73547363,8.492554,8.524341
110,581.31494,359.72687,581.4685,367.6541,0.15356445,7.927246,7.9287333
110,642.9041,356.2969,643.1342,363.75076,0.23010254,7.4538574,7.4574084
110,550.15845,338.87305,547.56213,346.67767,-2.5963135,7.8046265,8.225146
110,645.2563,384.9976,646.51105,393.95636,1.2547607,8.958771,9.046215
110,372.51193,254.7723,371.3176,254.4342,-1.1943359,-0.338089,1.2412665
110,576.425,358.99643,577.3342,367.08994,0.9092407,8.093506,8.144419
110,584.4926,376.73117,584.6834,385.9307,0.1907959,9.199524,9.201502
110,601.17523,381.92654,601.75885,391.04422,0.58361816,9.117676,9.136335
110,549.63,373.01694,545.53766,381.59122,-4.092346,8.57428,9.500819
110,582.3585,378.3441,582.3416,387.52313,-0.016906738,9.179047,9.179062
110,588.6017,346.9694,589.8278,354.99274,1.2261353,8.023346,8.116495
110,589.8079,350.20166,590.599,358.1812,0.79107666,7.979553,8.01867
110,635.21014,352.99612,635.6529,360.54947,0.44274902,7.5533447,7.56631
110,629.20654,387.62674,630.1637,396.5269,0.9571533,8.9001465,8.951467
110,652.46014,367.62216,652.9496,375.00745,0.48944092,7.3852844,7.401485
110,539.4505,371.90906,534.9921,377.8823,-4.458374,5.973236,7.4536333
110,591.95514,349.5139,592.8051,357.47067,0.8499756,7.956787,8.002057
111,581.4685,367.6541,578.90125,373.3157,-2.5672607,5.6615906,6.216465
111,643.1342,363.75076,641.52716,369.383,-1.6070557,5.6322327,5.857019
111,547.56213,346.67767,545.13104,352.27963,-2.4310913,5.601959,6.10673
111,646.51105,393.95636,645.1046,401.0549,-1.4064331,7.0985413,7.2365284
111,371.3176,254.4342,371.19388,253.7404,-0.12371826,-0.6938019,0.70474625
111,577.3342,367.08994,575.5175,372.87143,-1.8167114,5.781494,6.0602074
111,584.6834,385.9307,582.80743,392.73615,-1.8759766,6.8054504,7.0592804
111,601.75885,391.04422,598.6316,397.71823,-3.1272583,6.674011,7.3703575
111,545.53766,381.59122,538.70764,384.68997,-6.830017,3.098755,7.500094
111,582.3416,387.52313,580.4702,394.34702,-1.8713989,6.823883,7.07584
111,589.8278,354.99274,588.38684,360.72595,-1.440979,5.7332153,5.911529
111,590.599,358.1812,588.78033,363.8846,-1.8186646,5.7033997,5.9863434
111,635.6529,360.54947,633.8362,366.1261,-1.8167114,5.5766296,5.8650866
111,630.1637,396.5269,628.49854,403.46082,-1.6651611,6.9339294,7.1310687
111,652.9496,375.00745,652.04205,380.6943,-0.90753174,5.686859,5.7588177
111,534.9921,377.8823,529.5228,379.45462,-5.4692993,1.5723267,5.690821
111,592.8051,357.47067,590.8955,363.15265,-1.9096069,5.6819763,5.994285
112,578.90125,373.3157,576.0229,375.21707,-2.878357,1.9013672,3.4496574
112,641.52716,369.383,638.9504,371.40973,-2.5767822,2.0267334,3.2783313
112,545.13104,352.27963,542.31555,354.2531,-2.8154907,1.9734802,3.4382572
112,645.1046,401.0549,642.60815,403.59668,-2.49646,2.5417786,3.5627167
112,371.19388,253.7404,370.96378,253.29674,-0.23010254,-0.44366455,0.49978536
112,575.5175,372.87143,572.895,374.8928,-2.6224976,2.0213623,3.3111024
112,582.80743,392.73615,578.83563,395.2023,-3.9718018,2.466156,4.6751614
112,598.6316,397.71823,595.02295,400.1185,-3.6086426,2.4002686,4.334004
112,538.70764,384.68997,532.48816,386.17145,-6.2194824,1.4814758,6.3934913
112,580.4702,394.34702,576.3024,396.8678,-4.1677856,2.5207825,4.870809
112,588.38684,360.72595,585.7791,362.6667,-2.607727,1.9407349,3.250645
112,588.78033,363.8846,585.92377,365.82382,-2.8565674,1.939209,3.4526088
112,633.8362,366.1261,631.1771,368.10043,-2.6590576,1.9743347,3.3118854
112,628.49854,403.46082,625.80817,406.08002,-2.6903687,2.6192017,3.7547705
112,652.04205,380.6943,651.333,382.86627,-0.7090454,2.1719666,2.2847722
112,529.5228,379.45462,521.08075,381.11777,-8.442078,1.663147,8.604344
112,590.8955,363.15265,588.06775,365.09662,-2.8277588,1.9439697,3.4315066
113,576.0229,375.21707,571.90753,376.44775,-4.1153564,1.2306824,4.2954326
113,638.9504,371.40973,634.4448,372.3758,-4.505554,0.96606445,4.60796
113,542.31555,354.2531,538.2181,355.21057,-4.097473,0.9574585,4.2078514
113,642.60815,403.59668,639.1719,405.41766,-3.4362793,1.8209839,3.8889585
113,370.96378,253.29674,369.42157,252.50162,-1.5422058,-0.79512024,1.7351123
113,572.895,374.8928,568.78973,376.1594,-4.1052856,1.2666016,4.2962365
113,578.83563,395.2023,573.4039,396.5192,-5.4317627,1.3168945,5.5891194
113,595.02295,400.1185,591.1827,401.77106,-3.840271,1.6525574,4.180745
113,532.48816,386.17145,525.1014,387.16562,-7.38678,0.99417114,7.453381
113,576.3024,396.8678,570.5868,398.19836,-5.715637,1.3305664,5.8684683
113,585.7791,362.6667,582.4934,363.9174,-3.2857056,1.2507019,3.5156958
113,585.92377,365.82382,582.7277,367.10077,-3.196045,1.276947,3.4416997
113,631.1771,368.10043,626.6555,369.0926,-4.5216064,0.992157,4.629179
113,625.80817,406.08002,622.2933,407.77844,-3.5148926,1.6984253,3.9037313
113,651.333,382.86627,647.11884,383.69534,-4.2141724,0.82907104,4.2949514
113,521.08075,381.11777,504.3321,382.3414,-16.748657,1.2236328,16.793297
113,588.06775,365.09662,584.9163,366.34738,-3.1514282,1.2507629,3.3905616
114,571.90753,376.44775,568.2232,377.80347,-3.6843262,1.3557129,3.9258397
114,634.4448,372.3758,629.3462,373.39737,-5.098633,1.0215759,5.1999683
114,538.2181,355.21057,534.1023,356.11075,-4.1157837,0.900177,4.213074
114,639.1719,405.41766,633.77216,406.96646,-5.399719,1.5487976,5.6174498
114,369.42157,252.50162,368.33688,251.54694,-1.0846863,-0.9546814,1.4449779
114,568.78973,376.1594,566.9321,377.79477,-1.857605,1.635376,2.474904
114,573.4039,396.5192,567.7775,398.09033,-5.626343,1.5711365,5.8415923
114,591.1827,401.77106,586.0007,403.35703,-5.182007,1.585968,5.41927
114,525.1014,387.16562,516.57306,388.33356,-8.52832,1.1679382,8.607923
114,570.5868,398.19836,564.9434,399.72495,-5.6433716,1.5265808,5.8462033
114,582.4934,363.9174,578.8178,365.2966,-3.6755981,1.3792114,3.9258435
114,582.7277,367.10077,578.9158,368.448,-3.8119507,1.347229,4.043018
114,626.6555,369.0926,621.5005,370.0628,-5.1550293,0.97021484,5.245536
114,622.2933,407.77844,616.8216,409.51743,-5.4716797,1.7389832,5.741371
114,647.11884,383.69534,642.168,384.7842,-4.9508057,1.0888672,5.069133
114,504.3321,382.3414,487.9754,383.45816,-16.35669,1.1167603,16.39477
114,584.9163,366.34738,581.1469,367.6677,-3.7694092,1.3203125,3.9939542
115,568.2232,377.80347,564.3622,379.1644,-3.861023,1.3609314,4.093853
115,629.3462,373.39737,625.1281,374.58823,-4.2180786,1.1908569,4.382959
115,534.1023,356.11075,532.45435,357.3872,-1.6479492,1.2764587,2.0844865
115,633.77216,406.96646,629.17365,408.6869,-4.5985107,1.7204285,4.909804
115,368.33688,251.54694,367.91406,250.89915,-0.42282104,-0.6477814,0.7735621
115,566.9321,377.79477,563.1585,379.17566,-3.7736206,1.3808899,4.0183415
115,567.7775,398.09033,561.9613,399.45663,-5.816223,1.3663025,5.974549
115,586.0007,403.35703,581.2894,405.23215,-4.7112427,1.8751221,5.070689
115,516.57306,388.33356,506.3515,390.14456,-10.221558,1.8110046,10.380751
115,564.9434,399.72495,559.02734,401.11002,-5.9160767,1.3850708,6.0760503
115,578.8178,365.2966,575.7418,366.56116,-3.0759888,1.2645569,3.3257797
115,578.9158,368.448,575.62494,369.7111,-3.2908325,1.263092,3.5249085
115,621.5005,370.0628,617.30884,371.32083,-4.1916504,1.2580261,4.376364
115,616.8216,409.51743,612.10284,411.20316,-4.71875,1.68573,5.010817
115,642.168,384.7842,637.4042,385.8429,-4.763855,1.0586853,4.880075
115,581.1469,367.6677,577.78357,368.9369,-3.3633423,1.2691956,3.5948474
116,564.3622,379.1644,560.5142,380.43015,-3.8479614,1.2657471,4.050793
116,625.1281,374.58823,621.17426,375.73056,-3.9538574,1.142334,4.11557
116,532.45435,357.3872,531.34174,358.74756,-1.1126099,1.3603516,1.7574006
116,629.17365,408.6869,625.5283,410.48776,-3.6453247,1.8008728,4.065899
116,367.91406,250.89915,368.4094,250.22357,0.4953308,-0.6755829,0.837714
116,563.1585,379.17566,559.52576,380.46536,-3.6327515,1.2897034,3.8548954
116,561.9613,399.45663,556.37067,401.02808,-5.590637,1.5714417,5.807293
116,581.2894,405.23215,575.96466,406.77304,-5.324768,1.5408936,5.54324
116,506.3515,390.14456,496.20114,392.3517,-10.15036,2.2071533,10.387557
116,559.02734,401.11002,553.39526,402.6393,-5.63208,1.5292969,5.836015
116,575.7418,366.56116,572.7368,367.814,-3.005005,1.2528381,3.2557116
116,575.62494,369.7111,572.44934,370.99628,-3.1755981,1.2851868,3.4258034
116,617.30884,371.32083,613.285,372.4066,-4.0238647,1.0857544,4.167775
116,612.10284,411.20316,608.24445,413.0233,-3.8583984,1.8201294,4.2661586
116,637.4042,385.8429,633.58624,387.07077,-3.8179321,1.2278748,4.0105214
116,577.78357,368.9369,574.66754,370.22958,-3.1160278,1.2926941,3.3735273
117,560.5142,380.43015,557.50336,381.4643,-3.0108643,1.0341492,3.183515
117,621.17426,375.73056,617.4279,376.68985,-3.746338,0.95928955,3.8672063
117,531.34174,358.74756,530.179,359.88696,-1.1627197,1.1394043,1.627931
117,625.5283,410.48776,621.73676,412.1673,-3.791565,1.6795349,4.1469026
117,368.4094,250.22357,368.96008,249.41962,0.5506897,-0.8039551,0.9744757
117,559.52576,380.46536,556.7219,381.51675,-2.803833,1.0513916,2.994479
117,556.37067,401.02808,552.3547,402.52396,-4.015991,1.4958801,4.2855387
117,575.96466,406.77304,572.21094,408.4962,-3.7537231,1.7231445,4.130335
117,496.20114,392.3517,487.99808,394.0039,-8.203064,1.6521912,8.367795
117,553.39526,402.6393,549.2619,404.08344,-4.133362,1.4441223,4.378375
117,572.7368,367.814,570.7301,368.8775,-2.0067139,1.0635071,2.2711117
117,572.44934,370.99628,570.43854,372.07297,-2.0108032,1.0766907,2.2809193
117,613.285,372.4066,609.54456,373.39142,-3.7404175,0.98483276,3.8678958
117,608.24445,413.0233,604.1419,414.72275,-4.102539,1.6994629,4.440608
117,633.58624,387.07077,629.7142,387.98322,-3.8720703,0.91244507,3.9781258
117,574.66754,370.22958,572.483,371.29047,-2.1845703,1.0608826,2.4285426
118,557.50336,381.4643,555.9548,381.91232,-1.548584,0.44802856,1.6120924
118,617.4279,376.68985,614.92914,377.2568,-2.4987793,0.56695557,2.5622914
118,530.179,359.88696,530.1533,360.45746,-0.0256958,0.5704956,0.571074
118,621.73676,412.1673,619.29565,413.4219,-2.441101,1.2546082,2.7446342
118,368.96008,249.41962,369.1853,249.22351,0.22521973,-0.19610596,0.29863265
118,556.7219,381.51675,555.2354,381.97824,-1.4865112,0.46148682,1.5564978
118,552.3547,402.52396,549.43005,403.62704,-2.9246216,1.1030884,3.1257346
118,572.21094,408.4962,569.1991,409.56082,-3.0118408,1.0646362,3.1944695
118,487.99808,394.0039,481.59543,395.27805,-6.402649,1.2741394,6.528196
118,549.2619,404.08344,546.1391,405.1386,-3.1228027,1.0551758,3.2962544
118,570.7301,368.8775,569.67474,369.4443,-1.0553589,0.566803,1.1979349
118,570.43854,372.07297,569.19366,372.60837,-1.244873,0.5354004,1.3551245
118,609.54456,373.39142,607.09546,373.95517,-2.4490967,0.5637512,2.5131433
118,604.1419,414.72275,601.4381,415.9837,-2.7037964,1.2609558,2.9833746
118,629.7142,387.98322,626.9694,388.4686,-2.744751,0.48538208,2.787338
118,572.483,371.29047,571.09033,371.8164,-1.3926392,0.52593994,1.4886426
119,555.9548,381.91232,555.12994,382.76392,-0.8248291,0.851593,1.1855605
119,614.92914,377.2568,612.6672,377.74817,-2.261963,0.49136353,2.3147168
119,530.1533,360.45746,529.89734,361.5533,-0.25598145,1.0958557,1.1253561
119,619.29565,413.4219,617.43304,414.55664,-1.8626099,1.1347351,2.181041
119,369.1853,249.22351,369.41858,248.95682,0.23327637,-0.26669312,0.3543206
119,555.2354,381.97824,554.4007,382.83282,-0.8347168,0.85458374,1.1945984
119,549.43005,403.62704,547.4457,404.66345,-1.984375,1.0364075,2.238724
119,569.1991,409.56082,567.32666,410.584,-1.8724365,1.0231934,2.1337626
119,481.59543,395.27805,476.5612,396.07297,-5.0342407,0.7949219,5.096615
119,546.1391,405.1386,544.15454,406.1696,-1.9845581,1.0309753,2.2363768
119,569.67474,369.4443,569.2073,370.23822,-0.46746826,0.7939148,0.92131823
119,569.19366,372.60837,568.74445,373.40494,-0.44921875,0.7965698,0.9145059
119,607.09546,373.95517,604.92316,374.54684,-2.1723022,0.5916748,2.2514386
119,601.4381,415.9837,599.46454,416.98425,-1.9735718,1.0005493,2.21271
119,626.9694,388.4686,625.1864,389.08072,-1.78302,0.6121216,1.8851666
119,571.09033,371.8164,570.6957,372.6202,-0.39465332,0.8038025,0.8954606
120,555.12994,382.76392,553.721,383.13797,-1.4089355,0.37405396,1.4577434
120,612.6672,377.74817,610.84235,378.1461,-1.8248291,0.3979187,1.86771
120,529.89734,361.5533,529.8114,362.31552,-0.0859375,0.76220703,0.7670364
120,617.43304,414.55664,615.127,415.20605,-2.3060303,0.64941406,2.3957283
120,369.41858,248.95682,369.3614,248.61864,-0.05718994,-0.33818054,0.34298217
120,554.4007,382.83282,552.98175,383.22104,-1.4189453,0.3882141,1.4710934
120,547.4457,404.66345,546.08417,405.4525,-1.3615112,0.7890625,1.5736367
120,567.32666,410.584,565.36566,411.3259,-1.9609985,0.7418823,2.0966413
120,476.5612,396.07297,472.75565,396.5193,-3.805542,0.44631958,3.8316252
120,544.15454,406.1696,542.7974,406.96436,-1.3571167,0.7947693,1.5727123
120,569.2073,370.23822,567.93164,370.6458,-1.2756348,0.40759277,1.3391699
120,568.74445,373.40494,567.2556,373.8105,-1.4888306,0.4055481,1.5430766
120,604.92316,374.54684,603.13794,374.92587,-1.7852173,0.37902832,1.8250104
120,599.46454,416.98425,597.14124,417.57733,-2.3233032,0.5930786,2.3978074
120,625.1864,389.08072,619.62555,388.98453,-5.560852,-0.096191406,5.5616837
120,570.6957,372.6202,569.02484,373.0783,-1.6708374,0.45809937,1.732499
121,553.721,383.13797,553.1912,383.56824,-0.52978516,0.43026733,0.68249714
121,610.84235,378.1461,608.8936,378.3617,-1.9487305,0.21560669,1.9606215
121,529.8114,362.31552,529.84283,363.00235,0.031433105,0.6868286,0.6875475
121,615.127,415.20605,613.75244,416.0589,-1.3745728,0.85284424,1.6176506
121,369.3614,248.61864,369.20935,247.94284,-0.15203857,-0.6757965,0.692688
121,552.98175,383.22104,552.3919,383.6329,-0.58984375,0.41186523,0.7194085
121,546.08417,405.4525,544.30054,406.13275,-1.7836304,0.6802368,1.908942
121,565.36566,411.3259,562.6654,411.76404,-2.7002563,0.43814087,2.7355716
121,472.75565,396.5193,468.66327,396.764,-4.0923767,0.24472046,4.099687
121,542.7974,406.96436,541.01953,407.62457,-1.7778931,0.6602173,1.8965206
121,567.93164,370.6458,567.3876,371.10507,-0.5440674,0.45925903,0.71198887
121,567.2556,373.8105,566.70264,374.2812,-0.5529785,0.47070312,0.7261864
121,603.13794,374.92587,601.1648,375.1235,-1.9731445,0.19763184,1.9830173
121,597.14124,417.57733,595.61926,418.3844,-1.5219727,0.8070679,1.7227186
121,619.62555,388.98453,617.2434,389.17847,-2.382141,0.19393921,2.3900228
121,569.02484,373.0783,568.78406,373.5098,-0.24078369,0.43148804,0.4941242
122,553.1912,383.56824,551.8425,383.84518,-1.3486938,0.27694702,1.376835
122,608.8936,378.3617,606.3362,378.57925,-2.557434,0.21755981,2.5666714
122,529.84283,363.00235,529.67206,363.56564,-0.17077637,0.56329346,0.588612
122,613.75244,416.0589,611.3153,416.51306,-2.4371338,0.4541626,2.4790895
122,369.20935,247.94284,368.4759,247.66005,-0.7334595,-0.28279114,0.7860876
122,552.3919,383.6329,550.9932,383.91943,-1.3986816,0.28652954,1.4277288
122,544.30054,406.13275,542.29224,406.69077,-2.0083008,0.5580139,2.0843828
122,562.6654,411.76404,559.61865,412.1658,-3.046753,0.40176392,3.0731282
122,468.66327,396.764,464.36365,396.9022,-4.2996216,0.1381836,4.3018417
122,541.01953,407.62457,539.0556,408.20615,-1.9639282,0.5815735,2.048229
122,567.3876,371.10507,566.5424,371.45126,-0.8451538,0.3461914,0.91330904
122,566.70264,374.2812,565.5947,374.5962,-1.1079102,0.31500244,1.1518209
122,601.1648,375.1235,598.56976,375.36453,-2.5950317,0.24102783,2.6062012
122,595.61926,418.3844,593.06824,418.90573,-2.5510254,0.5213318,2.6037507
122,617.2434,389.17847,614.4744,389.38074,-2.768982,0.20227051,2.77636
122,568.78406,373.5098,567.9499,373.8826,-0.8341675,0.37280273,0.91368335
123,551.8425,383.84518,550.64777,384.1222,-1.1947632,0.27700806,1.2264553
123,606.3362,378.57925,603.7935,378.79135,-2.5426636,0.21209717,2.5514944
123,529.67206,363.56564,528.80194,364.1063,-0.8701172,0.5406494,1.024405
123,611.3153,416.51306,608.751,417.1299,-2.564331,0.6168518,2.6374798
123,368.4759,247.66005,367.64523,247.21461,-0.83065796,-0.44543457,0.94255215
123,550.9932,383.91943,549.8932,384.2004,-1.1000366,0.28097534,1.1353536
123,542.29224,406.69077,540.1964,407.37302,-2.0958252,0.682251,2.2040758
123,559.61865,412.1658,557.4343,412.86707,-2.1843262,0.7012634,2.2941341
123,464.36365,396.9022,459.8749,396.89035,-4.488739,-0.01184082,4.4887547
123,539.0556,408.20615,536.9318,408.80228,-2.1237793,0.5961304,2.205858
123,566.5424,371.45126,565.2599,371.70242,-1.2825317,0.25115967,1.3068929
123,565.5947,374.5962,564.1704,374.85263,-1.4243164,0.2564392,1.4472175
123,598.56976,375.36453,596.08905,375.5956,-2.480713,0.2310791,2.4914522
123,593.06824,418.90573,590.5339,419.40616,-2.5343628,0.50042725,2.5832968
123,614.4744,389.38074,611.88055,389.58325,-2.593872,0.20251465,2.6017656
123,567.9499,373.8826,566.93695,374.2084,-1.0129395,0.32580566,1.0640467
124,550.64777,384.1222,550.0866,384.30725,-0.5611572,0.1850586,0.59088415
124,603.7935,378.79135,601.074,379.05905,-2.7195435,0.2677002,2.7326872
124,528.80194,364.1063,528.6207,364.40363,-0.18121338,0.29733276,0.34820262
124,608.751,417.1299,606.463,417.558,-2.2879639,0.4281006,2.3276703
124,367.64523,247.21461,367.16492,246.61964,-0.48031616,-0.5949707,0.7646527
124,549.8932,384.2004,549.2748,384.3726,-0.6184082,0.17218018,0.64193046
124,540.1964,407.37302,537.9891,407.88797,-2.2073364,0.5149536,2.2666078
124,557.4343,412.86707,554.0349,413.18256,-3.399414,0.31549072,3.4140224
124,459.8749,396.89035,455.47723,396.93533,-4.3976746,0.04498291,4.397905
124,536.9318,408.80228,534.70294,409.34372,-2.2288818,0.5414429,2.2937033
124,565.2599,371.70242,563.9319,372.0368,-1.3280029,0.3343811,1.3694533
124,564.1704,374.85263,562.86896,375.19565,-1.3014526,0.34301758,1.3458974
124,596.08905,375.5956,593.33984,375.84738,-2.7492065,0.25177002,2.760711
124,590.5339,419.40616,587.84406,419.99747,-2.6898193,0.5913086,2.754047
124,611.88055,389.58325,609.0533,389.81583,-2.8272705,0.23257446,2.8368204
124,566.93695,374.2084,566.4391,374.56186,-0.49786377,0.3534546,0.6105723
125,550.0866,384.30725,549.1897,384.4306,-0.8969116,0.12335205,0.9053542
125,601.074,379.05905,598.8901,379.25342,-2.183899,0.19436646,2.192531
125,528.6207,364.40363,527.9558,364.78595,-0.664917,0.38232422,0.7669983
125,606.463,417.558,604.64,418.14328,-1.822998,0.5852661,1.9146432
125,367.16492,246.61964,366.31213,246.08765,-0.8527832,-0.5319977,1.0051173
125,549.2748,384.3726,548.16846,384.4864,-1.1063232,0.11380005,1.1121608
125,537.9891,407.88797,535.6939,408.30142,-2.295166,0.41345215,2.3321085
125,554.0349,413.18256,551.22705,413.59998,-2.8078613,0.41741943,2.8387187
125,455.47723,396.93533,451.40125,396.9012,-4.075989,-0.034118652,4.0761313
125,534.70294,409.34372,532.3813,409.73868,-2.3216553,0.3949585,2.3550107
125,563.9319,372.0368,562.67053,372.23776,-1.2613525,0.20095825,1.2772605
125,562.86896,375.19565,561.2477,375.3554,-1.6212769,0.15975952,1.6291292
125,593.33984,375.84738,591.1699,376.0464,-2.1699219,0.19900513,2.1790283
125,587.84406,419.99747,585.7023,420.4605,-2.1417847,0.4630432,2.1912668
125,609.0533,389.81583,606.8348,390.02054,-2.2185059,0.20471191,2.2279305
125,566.4391,374.56186,565.262,374.75104,-1.177063,0.18917847,1.1921686
126,549.1897,384.4306,549.1897,384.43054,0.0,-6.1035156e-05,6.1035156e-05
126,598.8901,379.25342,598.8917,379.25403,0.0016479492,0.00061035156,0.0017573462
126,527.9558,364.78595,527.95593,364.78592,0.00012207031,-3.0517578e-05,0.0001258272
126,604.64,418.14328,604.6292,418.14578,-0.010803223,0.0025024414,0.011089266
126,366.31213,246.08765,366.3103,246.08882,-0.0018310547,0.0011749268,0.0021755951
126,548.16846,384.4864,548.1679,384.4863,-0.0005493164,-9.1552734e-05,0.00055689353
126,535.6939,408.30142,535.6937,408.30154,-0.00018310547,0.00012207031,0.00022006538
126,551.22705,413.59998,551.2271,413.59982,6.1035156e-05,-0.00015258789,0.00016434219
126,451.40125,396.9012,451.40134,396.9016,9.1552734e-05,0.00039672852,0.00040715528
126,532.3813,409.73868,532.38116,409.73862,-0.00012207031,-6.1035156e-05,0.00013647876
126,562.67053,372.23776,562.67053,372.2377,0.0,-6.1035156e-05,6.1035156e-05
126,561.2477,375.3554,561.248,375.35547,0.00030517578,6.1035156e-05,0.00031121945
126,591.1699,376.0464,591.1703,376.04648,0.00036621094,9.1552734e-05,0.0003774816
126,585.7023,420.4605,585.7018,420.46054,-0.00048828125,3.0517578e-05,0.000489234
126,606.8348,390.02054,606.8256,390.01987,-0.009155273,-0.0006713867,0.009179858
126,565.262,374.75104,565.2609,374.75092,-0.0010986328,-0.00012207031,0.0011053937
127,549.1897,384.43054,548.29346,384.47488,-0.89624023,0.04434204,0.8973365
127,598.8917,379.25403,596.6641,379.31198,-2.2276,0.05795288,2.2283537
127,527.95593,364.78592,527.2284,365.20328,-0.72753906,0.4173584,0.8387497
127,604.6292,418.14578,601.9755,418.34918,-2.6536865,0.20339966,2.6614702
127,366.3103,246.08882,365.53027,245.88495,-0.7800293,-0.20387268,0.8062318
127,548.1679,384.4863,547.3329,384.5295,-0.835022,0.04321289,0.8361394
127,535.6937,408.30154,534.0408,408.58615,-1.6529541,0.28460693,1.6772771
127,551.2271,413.59982,548.5769,413.7788,-2.6502075,0.1789856,2.6562448
127,451.40134,396.9016,448.0424,396.72458,-3.3589478,-0.17703247,3.3636098
127,532.38116,409.73862,530.63,410.02356,-1.7511597,0.28494263,1.7741907
127,562.67053,372.2377,561.3768,372.32764,-1.2937622,0.0899353,1.2968843
127,561.248,375.35547,559.9638,375.4263,-1.2841797,0.0708313,1.2861316
127,591.1703,376.04648,588.864,376.04004,-2.3062744,-0.006439209,2.3062835
127,585.7018,420.46054,583.1899,420.6879,-2.5119019,0.22735596,2.52217
127,606.8256,390.01987,604.69366,390.13858,-2.131958,0.11871338,2.1352606
127,565.2609,374.75092,562.9949,374.80698,-2.2660522,0.05606079,2.2667456
128,548.29346,384.47488,547.5587,384.4199,-0.7347412,-0.054992676,0.7367963
128,596.6641,379.31198,594.995,379.2085,-1.6691284,-0.10348511,1.6723334
128,527.2284,365.20328,527.0387,365.0973,-0.18969727,-0.10598755,0.21729799
128,601.9755,418.34918,600.8229,418.52856,-1.1526489,0.17938232,1.1665237
128,365.53027,245.88495,364.82693,245.26723,-0.7033386,-0.61772156,0.93609035
128,547.3329,384.5295,546.84607,384.46292,-0.4868164,-0.066589355,0.49134952
128,534.0408,408.58615,532.54016,408.81424,-1.5006104,0.22808838,1.5178457
128,548.5769,413.7788,547.3605,414.07925,-1.2164307,0.30044556,1.2529849
128,448.0424,396.72458,445.42938,396.46884,-2.6130066,-0.2557373,2.6254914
128,530.63,410.02356,529.3733,410.24274,-1.2567139,0.21917725,1.2756835
128,561.3768,372.32764,560.65765,372.30585,-0.7191162,-0.02178955,0.71944624
128,559.9638,375.4263,559.0921,375.41638,-0.8717041,-0.009918213,0.8717605
128,588.864,376.04004,587.24835,375.9459,-1.6156616,-0.09414673,1.6184024
128,583.1899,420.6879,581.8718,420.81564,-1.3180542,0.12774658,1.3242303
128,604.69366,390.13858,602.9017,390.0508,-1.7919922,-0.087768555,1.7941402
128,562.9949,374.80698,562.6106,374.81927,-0.38427734,0.012298584,0.3844741
129,547.5587,384.4199,542.1872,384.5186,-5.371521,0.09869385,5.3724275
129,594.995,379.2085,592.7364,379.49017,-2.258606,0.28167725,2.2761025
129,527.0387,365.0973,515.56116,363.8776,-11.477539,-1.219696,11.542165
129,600.8229,418.52856,511.3209,409.31168,-89.50198,-9.216888,89.97531
129,364.82693,245.26723,363.84894,245.68489,-0.9779968,0.41766357,1.0634475
129,546.84607,384.46292,540.93787,384.5478,-5.908203,0.084869385,5.9088125
129,532.54016,408.81424,529.63806,407.41315,-2.9020996,-1.4010925,3.2226143
129,547.3605,414.07925,543.1487,412.0991,-4.211792,-1.9801636,4.654056
129,445.42938,396.46884,443.832,396.33807,-1.5973816,-0.13076782,1.6027253
129,529.3733,410.24274,526.25476,408.93668,-3.1185303,-1.3060608,3.38098
129,560.65765,372.30585,551.90955,372.1823,-8.748108,-0.123535156,8.74898
129,559.0921,375.41638,551.4376,375.36954,-7.65448,-0.046844482,7.6546235
129,587.24835,375.9459,585.0152,376.2942,-2.2331543,0.34829712,2.2601523
129,581.8718,420.81564,580.0511,419.46243,-1.8207397,-1.3532104,2.2685397
129,602.9017,390.0508,599.61914,390.0185,-3.2825317,-0.032318115,3.2826908
129,562.6106,374.81927,550.22406,374.46225,-12.386536,-0.35702515,12.391681
130,592.7364,379.49017,451.0771,407.39874,-141.6593,27.90857,144.3823
130,511.3209,409.31168,244.15674,298.77185,-267.16415,-110.539825,289.12927
130,363.84894,245.68489,480.76456,332.12076,116.91562,86.43587,145.39746
130,529.63806,407.41315,500.33395,399.9309,-29.304108,-7.482239,30.24425
130,543.1487,412.0991,544.6211,403.41275,1.4724121,-8.68634,8.81025
130,526.25476,408.93668,499.98148,401.6876,-26.273285,-7.2490845,27.254993
130,585.0152,376.2942,405.8874,396.56732,-179.1278,20.273132,180.27138
130,580.0511,419.46243,265.73767,388.131,-314.31342,-31.33142,315.87115
130,599.61914,390.0185,432.23578,412.21893,-167.38336,22.20044,168.84918
131,451.0771,407.39874,448.7383,407.10934,-2.3387756,-0.2893982,2.3566124
131,480.76456,332.12076,482.9657,324.15955,2.2011414,-7.961212,8.259898
131,500.33395,399.9309,498.75528,399.9497,-1.5786743,0.018798828,1.5787863
131,544.6211,403.41275,542.8997,403.46616,-1.7213745,0.05340576,1.7222028
131,499.98148,401.6876,498.44006,401.71088,-1.5414124,0.023284912,1.5415882
131,405.8874,396.56732,405.0914,396.51767,-0.79599,-0.0496521,0.7975371
131,265.73767,388.131,263.77002,387.05023,-1.9676514,-1.08078,2.244936
131,432.23578,412.21893,430.32224,411.96136,-1.9135437,-0.25756836,1.9308006
132,448.7383,407.10934,445.44476,407.0441,-3.2935486,-0.06524658,3.294195
132,482.9657,324.15955,486.62924,314.6566,3.6635437,-9.50296,10.184685
132,498.75528,399.9497,497.14322,400.2007,-1.6120605,0.25100708,1.6314851
132,542.8997,403.46616,541.72345,403.93225,-1.1762695,0.46609497,1.2652488
132,498.44006,401.71088,496.79718,401.93866,-1.6428833,0.2277832,1.658599
132,405.0914,396.51767,402.95786,396.48257,-2.133545,-0.035095215,2.1338336
132,263.77002,387.05023,261.38882,386.28976,-2.381195,-0.7604675,2.49968
132,430.32224,411.96136,427.12192,411.80084,-3.2003174,-0.16052246,3.2043405
133,445.44476,407.0441,441.2319,407.30438,-4.21286,0.26028442,4.220893
133,486.62924,314.6566,491.9005,302.04095,5.2712708,-12.615631,13.672617
133,497.14322,400.2007,495.0481,400.73593,-2.0951233,0.5352173,2.162406
133,541.72345,403.93225,539.4531,404.38492,-2.2703247,0.45266724,2.3150122
133,496.79718,401.93866,494.729,402.52197,-2.0681763,0.583313,2.148862
133,402.95786,396.48257,400.30853,396.6101,-2.6493225,0.12753296,2.6523902
133,261.38882,386.28976,258.36853,384.39163,-3.0202942,-1.8981323,3.5672235
133,427.12192,411.80084,421.96777,411.6701,-5.1541443,-0.1307373,5.1558022
134,441.2319,407.30438,435.0407,407.4842,-6.1911926,0.17980957,6.1938033
134,491.9005,302.04095,499.21027,288.10193,7.3097534,-13.939026,15.739408
134,495.0481,400.73593,491.97104,401.3427,-3.077057,0.606781,3.1363134
134,539.4531,404.38492,535.7038,404.86774,-3.7493286,0.4828186,3.7802882
134,494.729,402.52197,491.68463,403.12036,-3.0443726,0.5983887,3.1026237
134,400.30853,396.6101,383.52957,394.26852,-16.778961,-2.3415833,16.941563
134,258.36853,384.39163,254.06895,382.97488,-4.299576,-1.416748,4.526978
134,421.96777,411.6701,415.56897,411.58972,-6.3988037,-0.0803833,6.3993087
135,435.0407,407.4842,428.93182,407.5003,-6.1088867,0.016113281,6.1089077
135,499.21027,288.10193,502.14175,277.94516,2.931488,-10.156769,10.571356
135,491.97104,401.3427,488.60754,401.77344,-3.3634949,0.4307251,3.390962
135,535.7038,404.86774,532.4043,405.35104,-3.2994995,0.48330688,3.3347087
135,491.68463,403.12036,488.3692,403.5724,-3.3154297,0.45202637,3.3461025
135,383.52957,394.26852,350.03946,387.64474,-33.490112,-6.6237793,34.138866
135,254.06895,382.97488,249.88274,381.13892,-4.1862183,-1.835968,4.571127
135,415.56897,411.58972,409.1822,411.42645,-6.38678,-0.16326904,6.3888664
136,428.93182,407.5003,422.39185,407.25415,-6.539978,-0.24615479,6.544609
136,502.14175,277.94516,497.84564,277.89624,-4.296112,-0.048919678,4.2963905
136,488.60754,401.77344,485.03125,402.01288,-3.576294,0.23944092,3.5843005
136,532.4043,405.35104,528.6855,405.4948,-3.718811,0.14376831,3.721589
136,488.3692,403.5724,484.81122,403.78775,-3.5579834,0.21536255,3.5644953
136,350.03946,387.64474,330.8523,383.56506,-19.187164,-4.0796814,19.616093
136,249.88274,381.13892,245.70348,379.36444,-4.1792603,-1.7744751,4.540372
136,409.1822,411.42645,403.7934,411.2596,-5.388794,-0.1668396,5.391376
137,422.39185,407.25415,416.01443,406.53888,-6.377411,-0.715271,6.417397
137,497.84564,277.89624,489.09653,276.7808,-8.749115,-1.115448,8.819934
137,485.03125,402.01288,481.12488,401.80182,-3.906372,-0.21105957,3.9120696
137,528.6855,405.4948,524.3831,405.21298,-4.302368,-0.28182983,4.3115892
137,484.81122,403.78775,480.8932,403.61237,-3.9180298,-0.17538452,3.9219532
137,330.8523,383.56506,298.5256,375.61343,-32.32669,-7.9516296,33.290287
137,245.70348,379.36444,240.99449,376.05844,-4.7089844,-3.3059998,5.753622
137,403.7934,411.2596,397.2092,410.39127,-6.584198,-0.86834717,6.6412115
138,416.01443,406.53888,410.15298,405.53183,-5.86145,-1.0070496,5.947331
138,489.09653,276.7808,488.34506,276.74677,-0.75146484,-0.0340271,0.7522348
138,481.12488,401.80182,476.96036,401.12247,-4.1645203,-0.6793518,4.2195673
138,524.3831,405.21298,519.51794,404.3329,-4.8651733,-0.88009644,4.944136
138,480.8932,403.61237,476.76718,402.90805,-4.126007,-0.7043152,4.1856894
138,298.5256,375.61343,292.32352,373.5733,-6.2020874,-2.0401306,6.5290136
138,240.99449,376.05844,236.91504,374.6698,-4.0794525,-1.3886414,4.3093224
138,397.2092,410.39127,391.20813,409.06247,-6.001068,-1.3287964,6.1464233
139,410.15298,405.53183,405.71066,403.9125,-4.442322,-1.6193237,4.728259
139,488.34506,276.74677,481.1459,275.26077,-7.1991577,-1.4859924,7.350921
139,476.96036,401.12247,473.82492,399.88135,-3.135437,-1.2411194,3.372142
139,519.51794,404.3329,515.548,403.0713,-3.9699707,-1.2615967,4.1656084
139,476.76718,402.90805,473.67636,401.70023,-3.0908203,-1.2078247,3.318435
139,292.32352,373.5733,292.4494,373.2133,0.12588501,-0.36001587,0.38139015
139,236.91504,374.6698,233.30043,372.85162,-3.6146088,-1.8181763,4.046129
139,391.20813,409.06247,386.60022,407.43326,-4.60791,-1.6292114,4.8874497
140,405.71066,403.9125,402.87592,401.77594,-2.8347473,-2.1365662,3.5497477
140,481.1459,275.26077,474.2625,273.13846,-6.8833923,-2.1223145,7.2031455
140,473.82492,399.88135,470.72864,398.16727,-3.096283,-1.7140808,3.5390735
140,515.548,403.0713,512.22876,401.2058,-3.3192139,-1.8654785,3.8075175
140,473.67636,401.70023,470.5991,399.97275,-3.0772705,-1.727478,3.5289905
140,292.4494,373.2133,290.7697,371.87167,-1.6796875,-1.3416138,2.1497157
140,233.30043,372.85162,230.50609,371.51553,-2.794342,-1.3360901,3.0973349
140,386.60022,407.43326,372.67813,402.37906,-13.922089,-5.054199,14.811127
141,402.87592,401.77594,401.4208,399.54086,-1.4551086,-2.235077,2.6670039
141,474.2625,273.13846,469.9135,271.25082,-4.348999,-1.8876343,4.740987
141,470.72864,398.16727,468.3119,396.02548,-2.416748,-2.1417847,3.2292278
141,512.22876,401.2058,509.12668,399.02667,-3.1020813,-2.1791382,3.790983
141,470.5991,399.97275,468.2094,397.83475,-2.389679,-2.1380005,3.2064953
141,290.7697,371.87167,287.15237,370.0234,-3.61734,-1.8482666,4.062172
141,230.50609,371.51553,228.09724,370.07062,-2.408844,-1.4449158,2.8089697
141,372.67813,402.37906,369.49893,399.59177,-3.1791992,-2.7872925,4.2280383
142,401.4208,399.54086,400.43686,397.54044,-0.98394775,-2.0004272,2.2293186
142,469.9135,271.25082,463.276,268.99316,-6.637512,-2.25766,7.0109625
142,468.3119,396.02548,466.12308,394.01556,-2.1888123,-2.0099182,2.9716444
142,509.12668,399.02667,507.19678,397.11133,-1.9299011,-1.9153442,2.7190185
142,468.2094,397.83475,466.03262,395.82632,-2.1767883,-2.0084229,2.9617848
142,287.15237,370.0234,281.79797,368.09494,-5.3544006,-1.9284668,5.6910973
142,228.09724,370.07062,226.2819,369.32077,-1.8153381,-0.7498474,1.964109
142,369.49893,399.59177,367.68008,397.5417,-1.8188477,-2.0500793,2.7406263
143,400.43686,397.54044,399.66782,395.91833,-0.76904297,-1.6221008,1.7951708
143,463.276,268.99316,461.46817,267.9672,-1.8078308,-1.0259705,2.0786695
143,466.12308,394.01556,464.42017,392.53696,-1.7029114,-1.4786072,2.2552576
143,507.19678,397.11133,505.22134,395.5724,-1.9754333,-1.5389404,2.5041316
143,466.03262,395.82632,464.33148,394.37955,-1.7011414,-1.4467773,2.2331696
143,281.79797,368.09494,280.25754,367.23584,-1.5404358,-0.85910034,1.7638015
143,226.2819,369.32077,224.6803,368.6021,-1.6016083,-0.71865845,1.7554541
143,367.68008,397.5417,372.23105,397.34897,4.5509644,-0.1927185,4.555043
144,399.66782,395.91833,398.89636,394.88504,-0.77145386,-1.0332947,1.2895111
144,461.46817,267.9672,458.1229,266.9463,-3.3452759,-1.0209045,3.4975872
144,464.42017,392.53696,463.1747,391.5774,-1.2454529,-0.9595642,1.5722328
144,505.22134,395.5724,503.21082,394.55917,-2.0105286,-1.0132141,2.2514057
144,464.33148,394.37955,463.07333,393.41904,-1.2581482,-0.96051025,1.5828824
144,280.25754,367.23584,280.25897,366.81967,0.0014343262,-0.4161682,0.4161707
144,224.6803,368.6021,223.3633,368.07642,-1.3170013,-0.5256958,1.4180439
144,372.23105,397.34897,371.7092,396.37506,-0.5218506,-0.9739075,1.104909
145,398.89636,394.88504,397.6148,394.1798,-1.2815552,-0.7052307,1.462783
145,458.1229,266.9463,459.50317,266.96384,1.3802795,0.017547607,1.3803911
145,463.1747,391.5774,461.64435,390.87863,-1.530365,-0.698761,1.6823448
145,503.21082,394.55917,501.7945,393.9315,-1.4163208,-0.62768555,1.5491784
145,463.07333,393.41904,461.60324,392.70877,-1.4700928,-0.7102661,1.6326821
145,280.25897,366.81967,280.79932,366.7037,0.54034424,-0.1159668,0.55264837
145,223.3633,368.07642,222.02226,367.74878,-1.3410339,-0.32763672,1.3804774
145,371.7092,396.37506,373.00168,396.1406,1.2924805,-0.23446655,1.3135754
146,397.6148,394.1798,397.61414,394.17975,-0.0006713867,-6.1035156e-05,0.0006741553
146,459.50317,266.96384,459.03336,266.89053,-0.46981812,-0.07330322,0.47550228
146,461.64435,390.87863,461.6443,390.88635,-6.1035156e-05,0.0077209473,0.0077211885
146,501.7945,393.9315,501.83453,393.94644,0.040039062,0.014953613,0.042740345
146,461.60324,392.70877,461.60175,392.71765,-0.0014953613,0.008880615,0.009005633
146,280.79932,366.7037,280.5734,366.71738,-0.22592163,0.013671875,0.22633493
146,222.02226,367.74878,222.02228,367.74887,1.5258789e-05,9.1552734e-05,9.281559e-05
146,373.00168,396.1406,373.00266,396.14075,0.0009765625,0.00015258789,0.0009884116
147,397.61414,394.17975,395.85855,393.41522,-1.7555847,-0.76452637,1.9148312
147,459.03336,266.89053,459.2874,266.87845,0.25405884,-0.012084961,0.2543461
147,461.6443,390.88635,460.40945,390.57678,-1.2348328,-0.3095703,1.2730459
147,501.83453,393.94644,500.53168,393.5628,-1.3028564,-0.38363647,1.3581649
147,461.60175,392.71765,460.36606,392.42386,-1.2356873,-0.29379272,1.2701328
147,280.5734,366.71738,277.6354,365.6889,-2.9379883,-1.0284729,3.1128013
147,222.02228,367.74887,220.51962,366.95538,-1.502655,-0.79348755,1.6992924
147,373.00266,396.14075,374.26865,396.1266,1.2659912,-0.014160156,1.2660704
148,395.85855,393.41522,393.19946,392.90305,-2.6590881,-0.5121765,2.7079651
148,459.2874,266.87845,456.8173,266.46375,-2.4701233,-0.41470337,2.5046933
148,460.40945,390.57678,459.50876,390.30045,-0.9006958,-0.27633667,0.9421332
148,500.53168,393.5628,498.51736,393.1432,-2.0143127,-0.4196167,2.0575554
148,460.36606,392.42386,459.4644,392.1341,-0.90167236,-0.2897644,0.9470884
148,277.6354,365.6889,277.33475,365.45578,-0.30065918,-0.23312378,0.38045058
148,220.51962,366.95538,218.62546,366.16284,-1.894165,-0.7925415,2.053286
148,374.26865,396.1266,373.83978,396.01694,-0.42886353,-0.10964966,0.442659
149,393.19946,392.90305,511.32373,269.54807,118.12427,-123.35498,170.79167
149,459.50876,390.30045,639.30975,412.22452,179.801,21.924072,181.13272
149,459.4644,392.1341,644.2433,414.56528,184.7789,22.431183,186.13544
149,277.33475,365.45578,275.2792,487.6651,-2.055542,122.20932,122.22661
149,373.83978,396.01694,240.25467,320.1544,-133.58511,-75.86255,153.62328
150,639.30975,412.22452,635.19745,412.21033,-4.1123047,-0.014190674,4.1123295
150,644.2433,414.56528,640.2689,414.5447,-3.9743652,-0.020568848,3.9744184
150,240.25467,320.1544,236.99255,320.10794,-3.2621155,-0.046447754,3.2624462
151,485.0,262.0,484.44025,262.58255,-0.5597534,0.58255005,0.80789137
151,538.0,369.0,535.2449,369.43237,-2.755127,0.43237305,2.7888477
151,380.0,386.0,375.00427,386.1689,-4.9957275,0.1689148,4.9985824
151,211.0,345.0,208.52438,343.4771,-2.4756165,-1.5228882,2.906521
151,388.0,466.0,383.34476,466.07324,-4.655243,0.07324219,4.655819
151,469.0,361.0,467.75104,361.5138,-1.2489624,0.51379395,1.3505152
151,224.0,424.0,221.40503,422.39005,-2.5949707,-1.6099548,3.0538218
151,488.0,330.0,487.48038,330.12943,-0.5196228,0.12942505,0.53549856
151,532.0,396.0,528.97504,396.53613,-3.0249634,0.5361328,3.072107
151,342.0,237.0,342.3079,236.53435,0.30789185,-0.46565247,0.5582379
152,484.44025,262.58255,483.6648,263.33643,-0.77545166,0.75387573,1.0815054
152,535.2449,369.43237,532.5918,369.90533,-2.6530762,0.47296143,2.6949036
152,375.00427,386.1689,369.46127,386.30646,-5.5429993,0.13754272,5.5447054
152,208.52438,343.4771,205.56805,341.94592,-2.9563293,-1.531189,3.3293278
152,383.34476,466.07324,378.2646,466.3235,-5.0801697,0.25024414,5.0863295
152,467.75104,361.5138,465.87943,362.25555,-1.8716125,0.74176025,2.0132415
152,221.40503,422.39005,218.59206,420.34375,-2.812973,-2.0462952,3.4785259
152,487.48038,330.12943,486.67618,331.24435,-0.8041992,1.1149292,1.3747013
152,528.97504,396.53613,526.58154,397.0646,-2.3934937,0.5284729,2.4511416
152,342.3079,236.53435,342.62973,235.98729,0.32183838,-0.5470581,0.6347066
153,483.6648,263.33643,483.04398,264.05908,-0.6208191,0.72265625,0.95270586
153,532.5918,369.90533,529.6945,370.24783,-2.8972778,0.34249878,2.9174516
153,369.46127,386.30646,363.56537,386.3143,-5.8959045,0.007843018,5.89591
153,205.56805,341.94592,202.57304,340.25067,-2.9950104,-1.6952515,3.4415061
153,378.2646,466.3235,372.82867,466.20856,-5.435913,-0.1149292,5.4371276
153,465.87943,362.25555,463.89462,362.86038,-1.9848022,0.6048279,2.0749114
153,218.59206,420.34375,215.6736,418.4277,-2.918457,-1.9160461,3.491221
153,486.67618,331.24435,485.8936,331.82504,-0.7825928,0.5806885,0.9745001
153,526.58154,397.0646,523.6964,397.5767,-2.8851318,0.51208496,2.9302247
153,342.62973,235.98729,342.96268,235.49124,0.33294678,-0.49604797,0.5974254
154,483.04398,264.05908,482.08,264.95102,-0.96398926,0.89193726,1.3133268
154,529.6945,370.24783,526.61285,370.73932,-3.081665,0.4914856,3.1206117
154,363.56537,386.3143,357.5462,386.41245,-6.019165,0.09814453,6.019965
154,202.57304,340.25067,199.60384,338.52945,-2.9692078,-1.7212219,3.4320254
154,372.82867,466.20856,367.1361,466.1088,-5.692566,-0.09976196,5.69344
154,463.89462,362.86038,461.96524,363.49207,-1.9293823,0.63168335,2.0301576
154,215.6736,418.4277,212.75174,416.13663,-2.9218597,-2.2910767,3.7129903
154,485.8936,331.82504,485.0585,332.33734,-0.835083,0.5122986,0.9797007
154,523.6964,397.5767,520.5616,397.82327,-3.1348267,0.24658203,3.1445096
154,342.96268,235.49124,343.39926,234.91542,0.43658447,-0.5758209,0.72261727
155,482.08,264.95102,481.06152,265.49323,-1.0184631,0.5422058,1.1538
155,526.61285,370.73932,523.4034,370.77625,-3.2094727,0.03692627,3.209685
155,357.5462,386.41245,351.9372,386.22784,-5.609009,-0.18460083,5.612046
155,199.60384,338.52945,196.843,336.7267,-2.7608337,-1.8027344,3.2972798
155,367.1361,466.1088,361.80728,465.77756,-5.328827,-0.3312378,5.339112
155,461.96524,363.49207,460.2564,363.9519,-1.7088318,0.45983887,1.7696209
155,212.75174,416.13663,210.15746,414.21405,-2.594284,-1.9225769,3.2290266
155,485.0585,332.33734,484.01086,332.84393,-1.0476379,0.5065918,1.1636926
155,520.5616,397.82327,517.41956,398.11368,-3.1420288,0.29040527,3.1554208
155,343.39926,234.91542,343.853,234.43709,0.45373535,-0.47833252,0.659301
156,481.06152,265.49323,480.14856,265.70074,-0.91296387,0.20751953,0.93625176
156,523.4034,370.77625,521.41394,370.74643,-1.9894409,-0.029815674,1.9896643
156,351.9372,386.22784,348.48392,385.94495,-3.4532776,-0.28289795,3.464846
156,196.843,336.7267,195.26053,335.69482,-1.5824738,-1.0318909,1.8891854
156,361.80728,465.77756,358.60657,465.07904,-3.200714,-0.69851685,3.276049
156,460.2564,363.9519,459.0692,363.81433,-1.1871948,-0.13757324,1.1951393
156,210.15746,414.21405,208.44856,413.13705,-1.7088928,-1.0769958,2.0199592
156,484.01086,332.84393,483.02795,333.12485,-0.98291016,0.2809143,1.0222647
156,517.41956,398.11368,515.54504,397.91656,-1.8745117,-0.19711304,1.8848469
156,343.853,234.43709,343.62344,233.97937,-0.22955322,-0.4577179,0.51205504
157,480.14856,265.70074,479.62405,265.84644,-0.5245056,0.14569092,0.5443638
157,521.41394,370.74643,520.9126,370.5544,-0.5013428,-0.1920166,0.53685653
157,348.48392,385.94495,347.43695,385.71173,-1.0469666,-0.23321533,1.0726268
157,195.26053,335.69482,194.627,335.27582,-0.63352966,-0.41900635,0.75955653
157,358.60657,465.07904,357.76804,464.86713,-0.8385315,-0.21191406,0.86489457
157,459.0692,363.81433,458.43823,363.51184,-0.63098145,-0.30249023,0.6997413
157,208.44856,413.13705,208.13503,412.5707,-0.3135376,-0.5663452,0.6473428
157,483.02795,333.12485,482.50864,333.05597,-0.5193176,-0.068878174,0.52386546
157,515.54504,397.91656,515.14734,397.57916,-0.39770508,-0.33740234,0.52154547
157,343.62344,233.97937,343.43094,233.83385,-0.19250488,-0.14552307,0.24131949
158,479.62405,265.84644,479.64493,265.9112,0.020874023,0.0647583,0.06803942
158,520.9126,370.5544,524.4555,368.09882,3.5429077,-2.455597,4.310702
158,347.43695,385.71173,347.4886,385.94962,0.051635742,0.23788452,0.2434241
158,194.627,335.27582,194.68442,335.4566,0.057418823,0.18078613,0.18968539
158,357.76804,464.86713,357.81967,464.96564,0.051635742,0.09851074,0.11122327
158,458.43823,363.51184,461.00555,360.93994,2.5673218,-2.5718994,3.6339796
158,208.13503,412.5707,208.22864,412.535,0.09361267,-0.035705566,0.100190915
158,482.50864,333.05597,482.50137,333.0347,-0.0072631836,-0.021270752,0.022476627
158,515.14734,397.57916,518.7549,394.31174,3.607544,-3.2674255,4.867283
158,343.43094,233.83385,343.7397,234.00168,0.30874634,0.16783142,0.35141385
159,479.64493,265.9112,479.6937,266.20242,0.04876709,0.29122925,0.2952841
159,524.4555,368.09882,531.9978,361.7555,7.5422974,-6.3433228,9.85515
159,347.4886,385.94962,347.5234,386.18054,0.034820557,0.23092651,0.23353699
159,194.68442,335.4566,194.72731,335.60596,0.042892456,0.14935303,0.15539011
159,357.81967,464.96564,357.86218,465.08704,0.042510986,0.121398926,0.12862691
159,461.00555,360.93994,467.78082,354.05768,6.7752686,-6.882263,9.657629
159,208.22864,412.535,208.29999,412.45703,0.0713501,-0.07797241,0.10569075
159,482.50137,333.0347,482.51645,333.02332,0.015075684,-0.011383057,0.01889048
159,518.7549,394.31174,527.6912,387.2466,8.93634,-7.0651245,11.391847
159,343.7397,234.00168,343.6776,234.22618,-0.062072754,0.22450256,0.2329258
160,479.6937,266.20242,479.6168,266.39124,-0.0769043,0.18881226,0.20387334
160,531.9978,361.7555,542.3485,353.1118,10.350708,-8.643707,13.485208
160,347.5234,386.18054,347.4452,386.30322,-0.07821655,0.122680664,0.14549355
160,194.72731,335.60596,194.73209,335.6651,0.004776001,0.059143066,0.059335593
160,357.86218,465.08704,357.76483,465.0911,-0.097351074,0.004058838,0.09743565
160,467.78082,354.05768,476.06982,344.78366,8.289001,-9.274017,12.438446
160,208.29999,412.45703,208.301,412.52426,0.0010070801,0.067230225,0.067237765
160,482.51645,333.02332,482.51422,333.4507,-0.0022277832,0.42739868,0.4274045
160,527.6912,387.2466,538.66046,377.55548,10.969238,-9.691132,14.637015
160,343.6776,234.22618,343.66748,234.33907,-0.010131836,0.11288452,0.1133383
161,479.6168,266.39124,479.53516,266.40588,-0.08163452,0.0146484375,0.08293836
161,542.3485,353.1118,552.008,344.59067,9.659485,-8.521118,12.880803
161,347.4452,386.30322,347.36203,386.40906,-0.0831604,0.10583496,0.13459826
161,194.73209,335.6651,194.7222,335.74237,-0.009887695,0.07727051,0.077900566
161,357.76483,465.0911,357.6586,465.13382,-0.10623169,0.04272461,0.11450137
161,476.06982,344.78366,480.35245,334.25842,4.2826233,-10.525238,11.363164
161,208.301,412.52426,208.26662,412.48065,-0.03437805,-0.04360962,0.055530615
161,482.51422,333.4507,483.10938,334.32642,0.5951538,0.8757019,1.058802
161,538.66046,377.55548,549.27124,368.66306,10.610779,-8.892426,13.844272
161,343.66748,234.33907,343.64984,234.43361,-0.01763916,0.09454346,0.096174866
162,479.53516,266.40588,479.46265,266.49634,-0.072509766,0.0904541,0.115929335
162,552.008,344.59067,560.3183,338.9382,8.310303,-5.652466,10.050448
162,347.36203,386.40906,347.28067,386.51443,-0.08135986,0.1053772,0.13313068
162,194.7222,335.74237,194.71306,335.81152,-0.009140015,0.06915283,0.069754235
162,357.6586,465.13382,357.6081,465.11746,-0.05050659,-0.016357422,0.05308937
162,480.35245,334.25842,480.01733,326.34427,-0.33511353,-7.914154,7.921246
162,208.26662,412.48065,208.2127,412.5,-0.0539093,0.019348145,0.057276204
162,483.10938,334.32642,482.74655,326.20502,-0.3628235,-8.121399,8.129499
162,549.27124,368.66306,556.7872,362.65256,7.51593,-6.010498,9.623684
162,343.64984,234.43361,343.63525,234.5301,-0.014587402,0.09649658,0.09759294
163,479.46265,266.49634,479.39612,266.5732,-0.06652832,0.07687378,0.10166413
163,560.3183,338.9382,563.1081,336.68454,2.789795,-2.253662,3.586356
163,347.28067,386.51443,347.2028,386.6037,-0.07788086,0.089263916,0.11846297
163,194.71306,335.81152,194.71964,335.85208,0.006576538,0.04055786,0.0410876
163,357.6081,465.11746,357.5578,465.13544,-0.05029297,0.017974854,0.053408597
163,480.01733,326.34427,479.76804,323.5495,-0.2492981,-2.7947693,2.8058662
163,208.2127,412.5,208.13913,412.53528,-0.07357788,0.03527832,0.08159819
163,482.74655,326.20502,482.5327,323.4695,-0.21383667,-2.7355042,2.7438493
163,556.7872,362.65256,560.0955,360.05734,3.3083496,-2.5952148,4.204797
163,343.63525,234.5301,343.639,234.60011,0.003753662,0.070007324,0.070107885
164,479.39612,266.5732,477.4177,265.54816,-1.9784241,-1.0250549,2.2282054
164,563.1081,336.68454,560.2102,335.36362,-2.8978882,-1.3209229,3.1847436
164,347.2028,386.6037,348.67853,386.16458,1.4757385,-0.43911743,1.5396845
164,194.71964,335.85208,193.95584,336.67557,-0.76379395,0.8234863,1.12317
164,357.5578,465.13544,358.86682,464.334,1.309021,-0.8014221,1.534866
164,479.76804,323.5495,477.78293,322.79974,-1.9851074,-0.74975586,2.1219766
164,208.13913,412.53528,207.35664,413.20447,-0.78248596,0.66918945,1.029611
164,482.5327,323.4695,480.55338,322.71945,-1.9793396,-0.75006104,2.11669
164,560.0955,360.05734,557.60974,358.77222,-2.4857788,-1.2851257,2.7983289
164,343.639,234.60011,341.0964,234.56952,-2.5426025,-0.030593872,2.5427866
165,477.4177,265.54816,475.0874,264.40997,-2.3302917,-1.1381836,2.5933995
165,560.2102,335.36362,556.60175,335.3886,-3.6084595,0.024993896,3.608546
165,348.67853,386.16458,350.2133,385.4204,1.5347595,-0.74417114,1.7056605
165,193.95584,336.67557,192.85997,337.76694,-1.095871,1.0913696,1.546616
165,358.86682,464.334,360.3632,463.6238,1.4963684,-0.7102051,1.6563543
165,477.78293,322.79974,475.5029,323.246,-2.2800293,0.44625854,2.3232908
165,207.35664,413.20447,206.4776,414.37198,-0.8790436,1.167511,1.4614375
165,480.55338,322.71945,478.2802,323.23758,-2.2731628,0.51812744,2.3314643
165,557.60974,358.77222,553.8433,358.6001,-3.7664185,-0.17211914,3.7703493
165,341.0964,234.56952,337.56366,234.6681,-3.5327454,0.098587036,3.5341208
166,475.0874,264.40997,475.08734,264.40997,-6.1035156e-05,0.0,6.1035156e-05
166,556.60175,335.3886,556.6021,335.37903,0.00036621094,-0.0095825195,0.009589515
166,350.2133,385.4204,350.21326,385.41864,-3.0517578e-05,-0.0017700195,0.0017702826
166,192.85997,337.76694,192.86023,337.76642,0.0002593994,-0.0005187988,0.00058003474
166,360.3632,463.6238,360.35074,463.60834,-0.012451172,-0.015472412,0.019860191
166,475.5029,323.246,475.50314,323.24634,0.00024414062,0.00033569336,0.00041508395
166,206.4776,414.37198,206.47755,414.37195,-4.5776367e-05,-3.0517578e-05,5.5016346e-05
166,478.2802,323.23758,478.28036,323.2377,0.00015258789,0.00012207031,0.00019540785
166,553.8433,358.6001,553.8531,358.65424,0.009765625,0.054138184,0.05501191
166,337.56366,234.6681,337.5643,234.66821,0.00064086914,0.00010681152,0.00064970914
167,475.08734,264.40997,473.13852,263.42694,-1.948822,-0.9830322,2.1827185
167,556.6021,335.37903,553.5401,335.81058,-3.0620117,0.43154907,3.0922725
167,350.21326,385.41864,351.3911,384.83408,1.1778564,-0.5845642,1.3149377
167,192.86023,337.76642,192.33362,338.41455,-0.5266113,0.6481323,0.8351018
167,360.35074,463.60834,361.54996,462.82858,1.1992188,-0.77975464,1.4304346
167,475.50314,323.24634,473.8279,324.208,-1.6752319,0.9616699,1.9316343
167,206.47755,414.37195,205.77428,415.17307,-0.7032776,0.80111694,1.0660149
167,478.28036,323.2377,476.59567,324.2503,-1.6846924,1.0126038,1.9655927
167,553.8531,358.65424,550.75616,358.9955,-3.0969238,0.34127808,3.1156714
167,337.5643,234.66821,334.74414,234.72812,-2.82016,0.059906006,2.820796
168,473.13852,263.42694,471.35864,262.70737,-1.7798767,-0.719574,1.9198302
168,553.5401,335.81058,549.8387,337.07224,-3.701416,1.2616577,3.910532
168,351.3911,384.83408,352.03308,384.3997,0.6419678,-0.4343872,0.77512246
168,192.33362,338.41455,191.34592,339.15225,-0.9877014,0.7377014,1.2327845
168,361.54996,462.82858,362.03305,462.3327,0.48309326,-0.49588013,0.69229776
168,473.8279,324.208,472.06247,325.94644,-1.7654419,1.7384338,2.4776878
168,205.77428,415.17307,204.9414,416.0221,-0.8328705,0.84902954,1.1893378
168,476.59567,324.2503,474.77658,326.02457,-1.8190918,1.7742615,2.5410821
168,550.75616,358.9955,547.23883,360.35114,-3.517334,1.3556213,3.7695289
168,334.74414,234.72812,332.31226,234.77353,-2.4318848,0.045410156,2.4323087
169,471.35864,262.70737,469.04703,261.91345,-2.311615,-0.7939148,2.444149
169,549.8387,337.07224,545.0312,339.22177,-4.807495,2.1495361,5.266167
169,352.03308,384.3997,352.31567,384.01566,0.28259277,-0.3840332,0.47680202
169,191.34592,339.15225,190.13982,340.03592,-1.2061005,0.883667,1.4951742
169,362.03305,462.3327,362.4475,461.84686,0.41445923,-0.48583984,0.63860536
169,472.06247,325.94644,470.1034,328.8045,-1.9590759,2.8580627,3.46504
169,204.9414,416.0221,203.91373,416.85556,-1.0276794,0.8334656,1.3231741
169,474.77658,326.02457,472.78775,328.9575,-1.9888306,2.9329224,3.5436535
169,547.23883,360.35114,542.7405,362.69,-4.498352,2.3388672,5.0700564
169,332.31226,234.77353,329.4101,234.86502,-2.9021606,0.0914917,2.9036024
170,469.04703,261.91345,465.7369,260.93744,-3.3101196,-0.9760132,3.4510133
170,545.0312,339.22177,539.86444,341.3644,-5.166748,2.1426392,5.5934057
170,352.31567,384.01566,352.22348,383.57678,-0.0921936,-0.4388733,0.44845226
170,190.13982,340.03592,188.26257,340.869,-1.877243,0.83306885,2.053788
170,362.4475,461.84686,362.32297,461.36813,-0.12454224,-0.47872925,0.49466398
170,470.1034,328.8045,466.5979,331.15283,-3.5054932,2.3483276,4.219375
170,203.91373,416.85556,201.90251,417.9489,-2.0112152,1.0933533,2.2891936
170,472.78775,328.9575,469.34818,331.353,-3.4395752,2.3955078,4.1915555
170,542.7405,362.69,537.28064,365.11053,-5.459839,2.4205322,5.9723377
170,329.4101,234.86502,325.40707,235.04584,-4.0030212,0.18081665,4.007103
171,465.7369,260.93744,461.25903,260.0031,-4.4778748,-0.9343262,4.5743117
171,539.86444,341.3644,534.23724,342.7128,-5.6271973,1.3483887,5.786493
171,352.22348,383.57678,351.67172,383.0816,-0.5517578,-0.49517822,0.74137586
171,188.26257,340.869,185.26729,342.38437,-2.995285,1.5153809,3.3568008
171,362.32297,461.36813,361.7686,460.8613,-0.5543823,-0.50683594,0.75114745
171,466.5979,331.15283,462.3955,332.54266,-4.2023926,1.3898315,4.426255
171,201.90251,417.9489,199.1376,419.52945,-2.7649078,1.5805359,3.1847777
171,469.34818,331.353,465.15936,332.73474,-4.1888123,1.3817444,4.410824
171,537.28064,365.11053,531.2721,366.4534,-6.008545,1.342865,6.156777
171,325.40707,235.04584,319.83224,235.51527,-5.574829,0.46943665,5.594559
172,461.25903,260.0031,455.52527,259.06177,-5.7337646,-0.9413452,5.810524
172,534.23724,342.7128,527.7538,342.7581,-6.4834595,0.045288086,6.483618
172,351.67172,383.0816,349.93866,382.56647,-1.7330627,-0.5151367,1.8080022
172,185.26729,342.38437,181.28134,343.87262,-3.9859467,1.4882507,4.254722
172,361.7686,460.8613,360.15753,460.44012,-1.6110535,-0.4211731,1.6651967
172,462.3955,332.54266,456.48178,332.72174,-5.913727,0.17907715,5.9164376
172,199.1376,419.52945,195.15227,421.1741,-3.9853363,1.6446533,4.311356
172,465.15936,332.73474,459.24615,332.92645,-5.913208,0.19171143,5.916315
172,531.2721,366.4534,524.98517,366.5667,-6.2869263,0.11331177,6.287947
172,319.83224,235.51527,313.22256,235.97578,-6.60968,0.46051025,6.6257033
173,455.52527,259.06177,448.54373,258.05322,-6.981537,-1.0085449,7.054007
173,527.7538,342.7581,521.65204,342.23788,-6.1017456,-0.52020264,6.1238804
173,349.93866,382.56647,347.55945,381.8996,-2.3792114,-0.6668701,2.4709032
173,181.28134,343.87262,176.19223,345.8276,-5.0891113,1.9549866,5.4516993
173,360.15753,460.44012,357.66412,459.70123,-2.4934082,-0.7388916,2.6005855
173,456.48178,332.72174,449.9154,331.92004,-6.5663757,-0.8016968,6.6151347
173,195.15227,421.1741,190.4022,423.315,-4.750061,2.1408997,5.210233
173,459.24615,332.92645,452.72406,332.18655,-6.5220947,-0.7398987,6.5639296
173,524.98517,366.5667,519.1168,366.08926,-5.868347,-0.4774475,5.8877378
173,313.22256,235.97578,305.4691,236.49892,-7.753479,0.5231323,7.7711067
174,448.54373,258.05322,441.0303,257.03333,-7.5134277,-1.0198975,7.582334
174,521.65204,342.23788,513.75116,341.4311,-7.900879,-0.8067932,7.941965
174,347.55945,381.8996,344.56888,381.23923,-2.99057,-0.6603699,3.0626128
174,176.19223,345.8276,170.61241,347.6402,-5.5798187,1.8125916,5.8668447
174,357.66412,459.70123,354.93027,458.95792,-2.7338562,-0.74331665,2.833106
174,449.9154,331.92004,442.6289,331.3803,-7.286499,-0.5397339,7.3064613
174,190.4022,423.315,185.15602,425.4662,-5.2461853,2.151184,5.6701016
174,452.72406,332.18655,445.4191,331.5953,-7.304962,-0.59124756,7.3288503
174,519.1168,366.08926,511.5613,365.16852,-7.5555115,-0.92074585,7.6114078
174,305.4691,236.49892,296.68576,237.34285,-8.783325,0.8439331,8.823776
175,441.0303,257.03333,433.23993,256.10864,-7.7903748,-0.9246826,7.8450603
175,513.75116,341.4311,505.48972,340.91345,-8.261444,-0.51763916,8.277645
175,344.56888,381.23923,341.29056,380.5378,-3.2783203,-0.701416,3.3525167
175,170.61241,347.6402,164.95041,349.46597,-5.6620026,1.8257751,5.949095
175,354.93027,458.95792,351.6028,458.20514,-3.3274536,-0.7527771,3.4115422
175,442.6289,331.3803,434.72525,331.11026,-7.903656,-0.27005005,7.908268
175,185.15602,425.4662,179.60718,427.37656,-5.5488434,1.9103699,5.8684897
175,445.4191,331.5953,437.46774,331.25055,-7.951355,-0.34475708,7.9588256
175,511.5613,365.16852,503.03772,364.64798,-8.52359,-0.52053833,8.53947
175,296.68576,237.34285,288.21448,237.87288,-8.471283,0.5300293,8.487848
