frame,x_old,y_old,x_new,y_new,dx,dy,displacement
0,311.0,239.0,311.6625,238.72006,0.6625061,-0.27993774,0.7192214
0,50.0,375.0,52.96097,374.67026,2.9609718,-0.32974243,2.9792757
0,65.0,347.0,67.57255,347.31827,2.572548,0.31826782,2.5921607
0,74.0,461.0,76.987175,461.40323,2.987175,0.40322876,3.0142674
0,269.0,370.0,272.47916,369.26285,3.4791565,-0.7371521,3.556392
0,140.0,242.0,140.72327,242.32684,0.7232666,0.32684326,0.7936883
0,51.0,402.0,53.949024,401.87805,2.9490242,-0.12194824,2.9515445
0,322.0,292.0,322.62244,291.83502,0.6224365,-0.16497803,0.6439293
0,33.0,350.0,34.766098,350.42892,1.766098,0.42892456,1.8174373
1,311.6625,238.72006,312.25748,238.45128,0.5949707,-0.26878357,0.65286654
1,52.96097,374.67026,55.962017,374.16855,3.0010452,-0.501709,3.0426936
1,67.57255,347.31827,70.04326,347.42767,2.4707108,0.10940552,2.473132
1,76.987175,461.40323,79.945335,461.5834,2.9581604,0.18017578,2.9636424
1,272.47916,369.26285,275.6397,368.49246,3.160553,-0.77038574,3.2530892
1,140.72327,242.32684,141.26062,242.55305,0.5373535,0.22621155,0.583027
1,53.949024,401.87805,56.88829,401.56668,2.9392662,-0.31137085,2.9557128
1,322.62244,291.83502,323.30054,291.3042,0.6781006,-0.53082275,0.8611581
1,34.766098,350.42892,36.232018,350.656,1.4659195,0.2270813,1.4834034
2,312.25748,238.45128,313.2165,237.97174,0.9590149,-0.47953796,1.0722249
2,55.962017,374.16855,58.67199,373.7977,2.7099724,-0.3708496,2.7352293
2,70.04326,347.42767,72.567406,347.32693,2.524147,-0.100738525,2.5261564
2,79.945335,461.5834,82.67516,461.52707,2.729828,-0.05633545,2.7304091
2,275.6397,368.49246,278.30957,367.84335,2.6698608,-0.6491089,2.7476354
2,141.26062,242.55305,142.47966,242.47484,1.2190399,-0.07821655,1.2215466
2,56.88829,401.56668,59.62639,401.35547,2.7380981,-0.21121216,2.7462323
2,323.30054,291.3042,324.38705,291.082,1.0865173,-0.22219849,1.109005
2,36.232018,350.656,38.059612,350.67392,1.8275948,0.017913818,1.8276826
3,313.2165,237.97174,314.4579,237.69159,1.241394,-0.28015137,1.272613
3,58.67199,373.7977,61.0261,373.23914,2.3541107,-0.55856323,2.419469
3,72.567406,347.32693,74.6274,347.02408,2.0599976,-0.30285645,2.0821412
3,82.67516,461.52707,84.51294,461.21677,1.8377762,-0.31030273,1.863789
3,278.30957,367.84335,280.63913,367.2934,2.3295593,-0.5499573,2.3935955
3,142.47966,242.47484,143.6453,242.42175,1.1656342,-0.053085327,1.1668423
3,59.62639,401.35547,61.794987,401.09637,2.1685982,-0.25909424,2.184021
3,324.38705,291.082,325.43604,290.78354,1.0489807,-0.2984619,1.0906146
3,38.059612,350.67392,39.843513,350.44727,1.7839012,-0.22665405,1.7982423
4,314.4579,237.69159,315.88373,237.42987,1.4258423,-0.26171875,1.449663
4,61.0261,373.23914,62.558186,372.70602,1.5320854,-0.5331116,1.6221879
4,74.6274,347.02408,76.06309,346.62915,1.4356842,-0.39492798,1.4890122
4,84.51294,461.21677,86.12868,460.6959,1.6157379,-0.520874,1.6976216
4,280.63913,367.2934,282.1825,367.03308,1.5433655,-0.26031494,1.5651648
4,143.6453,242.42175,144.95128,242.14023,1.3059845,-0.28152466,1.3359834
4,61.794987,401.09637,63.322773,400.58145,1.5277863,-0.5149231,1.6122272
4,325.43604,290.78354,326.72064,290.20795,1.2846069,-0.57559204,1.4076651
4,39.843513,350.44727,41.338516,350.02618,1.4950027,-0.42108154,1.5531719
5,315.88373,237.42987,317.45398,237.21902,1.5702515,-0.21084595,1.5843439
5,62.558186,372.70602,63.34783,372.46338,0.78964615,-0.24264526,0.8260858
5,76.06309,346.62915,77.198105,346.07706,1.1350174,-0.5520935,1.2621695
5,86.12868,460.6959,86.87378,460.00613,0.7451019,-0.6897583,1.0153538
5,282.1825,367.03308,282.65958,367.03986,0.4770813,0.0067749023,0.4771294
5,144.95128,242.14023,146.76056,241.67477,1.8092804,-0.4654541,1.8681924
5,63.322773,400.58145,64.25882,400.10663,0.9360466,-0.474823,1.0495905
5,326.72064,290.20795,328.38422,290.31717,1.6635742,0.10922241,1.6671559
5,41.338516,350.02618,42.54142,349.45175,1.2029037,-0.5744324,1.3330228
6,317.45398,237.21902,319.19528,237.2923,1.7413025,0.073272705,1.7428434
6,63.34783,372.46338,63.92219,372.1147,0.5743599,-0.34869385,0.6719202
6,77.198105,346.07706,77.7414,345.57626,0.5432968,-0.50079346,0.7388948
6,86.87378,460.00613,87.34758,459.26025,0.47380066,-0.7458801,0.8836426
6,282.65958,367.03986,282.49716,367.21042,-0.16241455,0.17056274,0.23552099
6,146.76056,241.67477,148.75964,241.18393,1.9990845,-0.49084473,2.0584624
6,64.25882,400.10663,64.602875,399.63492,0.34405518,-0.4717102,0.5838531
6,328.38422,290.31717,330.12506,290.3112,1.7408447,-0.0059814453,1.740855
6,42.54142,349.45175,44.02421,348.71286,1.4827919,-0.7388916,1.6566933
7,319.19528,237.2923,320.937,237.40935,1.7417297,0.11705017,1.7456584
7,63.92219,372.1147,64.02332,371.91376,0.10113144,-0.20092773,0.22494337
7,77.7414,345.57626,78.21437,345.01715,0.47296906,-0.55911255,0.73232955
7,87.34758,459.26025,87.37203,458.31027,0.02445221,-0.9499817,0.95029634
7,282.49716,367.21042,282.30978,367.3298,-0.18737793,0.119384766,0.22217833
7,148.75964,241.18393,150.64685,240.65587,1.887207,-0.5280609,1.9596936
7,64.602875,399.63492,64.90411,399.14676,0.301239,-0.48815918,0.5736239
7,330.12506,290.3112,331.74237,290.282,1.6173096,-0.029174805,1.6175727
7,44.02421,348.71286,45.296173,347.97476,1.2719612,-0.73809814,1.4706033
8,320.937,237.40935,322.6965,237.57957,1.759491,0.17022705,1.7677063
8,64.02332,371.91376,64.13227,371.8648,0.108947754,-0.048950195,0.11943925
8,78.21437,345.01715,78.77853,344.4401,0.5641556,-0.5770569,0.80701065
8,87.37203,458.31027,87.49927,457.52917,0.12723541,-0.7810974,0.79139245
8,282.30978,367.3298,281.83377,367.79272,-0.47601318,0.46292114,0.6639914
8,150.64685,240.65587,152.61775,240.2069,1.9709015,-0.4489746,2.0213933
8,64.90411,399.14676,65.159676,398.75357,0.25556183,-0.39318848,0.46894458
8,331.74237,290.282,333.51553,290.5491,1.7731628,0.26708984,1.7931657
8,45.296173,347.97476,46.532555,347.3035,1.2363815,-0.67126465,1.4068531
9,322.6965,237.57957,324.47977,237.85677,1.7832642,0.27719116,1.8046789
9,64.13227,371.8648,64.44949,371.89407,0.3172226,0.029266357,0.31856975
9,78.77853,344.4401,79.23351,344.14883,0.45498657,-0.29125977,0.5402268
9,87.49927,457.52917,87.74515,457.04675,0.24588013,-0.48242188,0.5414683
9,281.83377,367.79272,281.47375,368.33496,-0.36001587,0.5422363,0.6508699
9,152.61775,240.2069,154.80151,239.77449,2.1837616,-0.43240356,2.2261598
9,65.159676,398.75357,65.44792,398.47308,0.28824615,-0.28048706,0.40219253
9,333.51553,290.5491,335.24182,290.64612,1.7262878,0.09701538,1.7290118
9,46.532555,347.3035,47.931763,346.84213,1.3992081,-0.46136475,1.4733094
10,324.47977,237.85677,326.2646,238.3645,1.7848206,0.5077362,1.8556348
10,64.44949,371.89407,65.002106,372.04312,0.5526123,0.14904785,0.5723597
10,79.23351,344.14883,79.99493,343.84903,0.7614136,-0.2998047,0.8183114
10,87.74515,457.04675,88.310555,456.74484,0.5654068,-0.3019104,0.6409639
10,281.47375,368.33496,281.4845,369.05823,0.0107421875,0.7232666,0.72334635
10,154.80151,239.77449,156.89203,239.65039,2.0905151,-0.12409973,2.0941954
10,65.44792,398.47308,65.92418,398.36066,0.47625732,-0.11242676,0.48934734
10,335.24182,290.64612,336.78534,290.78964,1.5435181,0.14352417,1.5501765
10,47.931763,346.84213,49.401123,346.55237,1.4693604,-0.2897644,1.4976593
11,326.2646,238.3645,328.21393,238.89584,1.9493408,0.53134155,2.0204587
11,65.002106,372.04312,65.629196,372.1709,0.62709045,0.1277771,0.63997614
11,79.99493,343.84903,80.96247,343.68317,0.96754456,-0.16586304,0.9816583
11,88.310555,456.74484,88.829414,456.26978,0.51885986,-0.47506714,0.70349437
11,281.4845,369.05823,281.29175,369.80234,-0.19274902,0.7441101,0.768669
11,156.89203,239.65039,159.00038,239.56844,2.1083527,-0.081954956,2.1099448
11,65.92418,398.36066,66.61952,398.3656,0.695343,0.0049438477,0.6953606
11,336.78534,290.78964,338.63242,291.19382,1.8470764,0.4041748,1.8907799
11,49.401123,346.55237,50.99095,346.25427,1.5898285,-0.2980957,1.6175338
12,328.21393,238.89584,330.38232,239.41486,2.168396,0.51901245,2.2296445
12,65.629196,372.1709,66.24805,372.01843,0.6188507,-0.15246582,0.6373555
12,80.96247,343.68317,82.10076,343.25613,1.1382904,-0.42703247,1.2157557
12,88.829414,456.26978,89.29949,455.65063,0.4700775,-0.6191406,0.7773725
12,281.29175,369.80234,281.3094,370.56042,0.01763916,0.75808716,0.7582923
12,159.00038,239.56844,161.52235,239.35602,2.5219727,-0.2124176,2.5309024
12,66.61952,398.3656,67.19969,398.05264,0.5801697,-0.31295776,0.659196
12,338.63242,291.19382,340.68466,291.56653,2.052246,0.37271118,2.0858157
12,50.99095,346.25427,52.476604,345.72717,1.4856529,-0.5270996,1.5763878
13,330.38232,239.41486,332.55597,239.98141,2.173645,0.56655884,2.2462685
13,66.24805,372.01843,67.15085,371.9847,0.9028015,-0.033721924,0.9034311
13,82.10076,343.25613,83.21721,342.97815,1.1164474,-0.27798462,1.1505349
13,89.29949,455.65063,89.863594,455.01318,0.5641022,-0.6374512,0.8512081
13,281.3094,370.56042,281.32687,371.2154,0.017486572,0.65496826,0.6552016
13,161.52235,239.35602,164.07094,239.32326,2.548584,-0.03276062,2.5487945
13,67.19969,398.05264,68.01895,398.03488,0.81925964,-0.01776123,0.81945217
13,340.68466,291.56653,342.82724,292.1951,2.1425781,0.62857056,2.2328775
13,52.476604,345.72717,54.64535,345.31537,2.168747,-0.4118042,2.2074978
14,332.55597,239.98141,334.7214,240.51978,2.1654358,0.5383606,2.2313547
14,67.15085,371.9847,67.73529,371.75778,0.58444214,-0.22692871,0.62695235
14,83.21721,342.97815,84.084496,342.67856,0.8672867,-0.29959106,0.91757345
14,89.863594,455.01318,90.601654,454.50635,0.73806,-0.50683594,0.89532965
14,281.32687,371.2154,281.0771,371.93146,-0.24978638,0.71606445,0.7583809
14,164.07094,239.32326,166.82938,238.8803,2.758438,-0.44296265,2.7937782
14,68.01895,398.03488,68.6893,397.7687,0.6703491,-0.26617432,0.7212605
14,342.82724,292.1951,345.0898,292.66544,2.2625732,0.4703369,2.3109424
14,54.64535,345.31537,56.40408,344.88028,1.758728,-0.4350891,1.811747
15,334.7214,240.51978,336.88495,240.84341,2.1635437,0.32363892,2.1876159
15,67.73529,371.75778,68.39496,371.55585,0.65966797,-0.20193481,0.6898837
15,84.084496,342.67856,85.069244,342.40866,0.98474884,-0.26989746,1.0210656
15,90.601654,454.50635,91.096634,454.01663,0.49497986,-0.48971558,0.6962948
15,281.0771,371.93146,280.7871,372.6616,-0.28997803,0.73013306,0.785609
15,166.82938,238.8803,168.99652,238.84808,2.1671448,-0.032211304,2.1673841
15,68.6893,397.7687,69.35244,397.63678,0.66313934,-0.13192749,0.67613506
15,345.0898,292.66544,347.08835,292.89246,1.9985352,0.22702026,2.0113878
15,56.40408,344.88028,57.942627,344.50372,1.5385475,-0.3765564,1.583958
16,336.88495,240.84341,338.88547,241.63702,2.0005188,0.7936096,2.152183
16,68.39496,371.55585,69.0969,371.5242,0.70194244,-0.03164673,0.7026555
16,85.069244,342.40866,86.130806,342.30084,1.0615616,-0.1078186,1.0670228
16,91.096634,454.01663,91.86739,453.66824,0.7707596,-0.34838867,0.8458398
16,280.7871,372.6616,281.09537,373.563,0.30825806,0.9013977,0.9526494
16,168.99652,238.84808,171.36377,238.84126,2.3672485,-0.0068206787,2.3672583
16,69.35244,397.63678,70.202866,397.68143,0.8504257,0.044647217,0.8515969
16,347.08835,292.89246,349.03552,293.51782,1.9471741,0.6253662,2.0451334
16,57.942627,344.50372,59.656822,344.34808,1.7141953,-0.15563965,1.7212464
17,338.88547,241.63702,340.7461,242.2058,1.8606262,0.56877136,1.9456184
17,69.0969,371.5242,69.8178,371.50906,0.7209015,-0.015136719,0.7210604
17,86.130806,342.30084,87.09213,342.16254,0.9613266,-0.13830566,0.97122467
17,91.86739,453.66824,92.572876,453.4275,0.7054825,-0.24075317,0.7454312
17,281.09537,373.563,281.09448,374.32776,-0.00088500977,0.7647705,0.764771
17,171.36377,238.84126,173.45294,238.86673,2.0891724,0.025466919,2.0893276
17,70.202866,397.68143,70.92173,397.68387,0.71886444,0.0024414062,0.71886855
17,349.03552,293.51782,350.76508,293.84714,1.7295532,0.3293152,1.7606257
17,59.656822,344.34808,61.383915,344.1201,1.7270927,-0.22799683,1.7420769
18,340.7461,242.2058,342.3989,242.8132,1.6528015,0.6074066,1.7608792
18,69.8178,371.50906,70.3593,371.56824,0.5414963,0.059173584,0.5447199
18,87.09213,342.16254,88.11977,342.1626,1.0276337,6.1035156e-05,1.0276337
18,92.572876,453.4275,93.37826,453.2714,0.8053818,-0.15609741,0.82036954
18,281.09448,374.32776,281.3667,375.05704,0.2722168,0.72927856,0.7784274
18,173.45294,238.86673,175.32375,239.03113,1.8708038,0.1643982,1.8780133
18,70.92173,397.68387,71.68135,397.69986,0.75962067,0.015991211,0.759789
18,350.76508,293.84714,352.5082,294.594,1.7431335,0.7468567,1.8963939
18,61.383915,344.1201,62.77728,344.01862,1.393364,-0.10147095,1.3970538
19,342.3989,242.8132,343.82285,243.5821,1.4239502,0.76890564,1.6182861
19,70.3593,371.56824,71.39383,371.64423,1.0345306,0.07598877,1.0373176
19,88.11977,342.1626,89.26246,342.268,1.1426926,0.105407715,1.1475439
19,93.37826,453.2714,94.04896,453.19852,0.6707001,-0.07287598,0.6746477
19,281.3667,375.05704,281.36798,375.76526,0.0012817383,0.70822144,0.7082226
19,175.32375,239.03113,177.20944,239.16054,1.8856964,0.12940979,1.8901317
19,71.68135,397.69986,72.52528,397.89008,0.8439331,0.19021606,0.8651042
19,352.5082,294.594,353.75693,294.79865,1.2487183,0.20465088,1.2653772
19,62.77728,344.01862,64.39011,344.11987,1.6128273,0.101257324,1.6160027
20,343.82285,243.5821,345.37753,244.20131,1.5546875,0.61920166,1.6734587
20,71.39383,371.64423,72.17822,371.77975,0.7843933,0.13552856,0.7960156
20,89.26246,342.268,90.32763,342.29556,1.0651703,0.027557373,1.0655267
20,94.04896,453.19852,94.61276,453.206,0.5638046,0.0074768066,0.5638542
20,281.36798,375.76526,281.47455,376.6449,0.10656738,0.8796387,0.88607043
20,177.20944,239.16054,179.03581,239.41824,1.8263702,0.2577057,1.8444622
20,72.52528,397.89008,73.31621,398.17294,0.7909241,0.28286743,0.839985
20,353.75693,294.79865,355.31223,295.34604,1.5552979,0.5473938,1.6488152
20,64.39011,344.11987,65.57761,344.1837,1.1875,0.063812256,1.1892133
21,345.37753,244.20131,346.86755,245.03659,1.4900208,0.8352814,1.7081735
21,72.17822,371.77975,72.913956,372.00964,0.73573303,0.22988892,0.7708126
21,90.32763,342.29556,91.15334,342.4592,0.8257141,0.16363525,0.84177214
21,94.61276,453.206,95.30063,453.18228,0.6878662,-0.023712158,0.6882748
21,281.47455,376.6449,281.47595,377.64273,0.0014038086,0.99783325,0.99783427
21,179.03581,239.41824,180.95265,239.66049,1.9168396,0.24224854,1.9320865
21,73.31621,398.17294,74.05347,398.42038,0.7372589,0.24743652,0.7776732
21,355.31223,295.34604,356.7498,296.08176,1.437561,0.7357178,1.6148877
21,65.57761,344.1837,67.0612,344.32706,1.4835968,0.14337158,1.4905083
22,346.86755,245.03659,348.38898,245.65533,1.5214233,0.6187439,1.642429
22,72.913956,372.00964,73.72453,372.21213,0.8105774,0.20248413,0.8354852
22,91.15334,342.4592,92.100136,342.64624,0.9467926,0.18704224,0.96509117
22,95.30063,453.18228,95.92305,452.99478,0.62242126,-0.1875,0.65004957
22,281.47595,377.64273,281.70047,378.4248,0.22451782,0.782074,0.81366324
22,180.95265,239.66049,182.77063,239.83578,1.8179779,0.17529297,1.8264095
22,74.05347,398.42038,74.71933,398.6843,0.66586304,0.26391602,0.7162578
22,356.7498,296.08176,358.25766,296.78082,1.5078735,0.69906616,1.6620398
22,67.0612,344.32706,68.34994,344.3476,1.2887344,0.02053833,1.2888981
23,348.38898,245.65533,349.83823,246.18066,1.4492493,0.5253296,1.5415235
23,73.72453,372.21213,74.724625,372.2132,1.0000916,0.0010681152,1.0000921
23,92.100136,342.64624,93.23848,342.63474,1.1383438,-0.011505127,1.138402
23,95.92305,452.99478,96.87368,452.87946,0.9506302,-0.11532593,0.9576
23,281.70047,378.4248,282.23227,378.8605,0.5317993,0.43569946,0.6874915
23,182.77063,239.83578,184.25694,240.0704,1.4863129,0.23461914,1.5047166
23,74.71933,398.6843,75.823814,398.73273,1.1044846,0.048431396,1.1055459
23,358.25766,296.78082,359.69452,297.26218,1.4368591,0.48135376,1.5153434
23,68.34994,344.3476,69.66278,344.34396,1.3128433,-0.0036315918,1.3128483
24,349.83823,246.18066,351.12357,246.18465,1.2853394,0.003982544,1.2853456
24,74.724625,372.2132,75.68937,371.9478,0.96474457,-0.26538086,1.0005794
24,93.23848,342.63474,94.34428,342.3473,1.1057968,-0.28744507,1.1425459
24,96.87368,452.87946,97.93707,452.62012,1.0633926,-0.25933838,1.0945594
24,282.23227,378.8605,282.95242,378.9517,0.7201538,0.09118652,0.7259039
24,184.25694,240.0704,185.88586,239.84839,1.6289215,-0.22201538,1.6439818
24,75.823814,398.73273,76.812386,398.63373,0.98857117,-0.09899902,0.99351585
24,359.69452,297.26218,360.98645,297.24652,1.2919312,-0.015655518,1.292026
24,69.66278,344.34396,71.27913,344.03497,1.6163483,-0.30899048,1.6456175
25,351.12357,246.18465,352.35364,246.2773,1.230072,0.09265137,1.2335564
25,75.68937,371.9478,76.75435,371.6506,1.0649796,-0.2972107,1.1056743
25,94.34428,342.3473,95.42634,342.0834,1.0820618,-0.2638855,1.1137743
25,97.93707,452.62012,98.89933,452.24808,0.9622574,-0.3720398,1.0316747
25,282.95242,378.9517,283.95706,378.86465,1.0046387,-0.08703613,1.0084018
25,185.88586,239.84839,187.08936,239.65942,1.2034912,-0.18896484,1.218236
25,76.812386,398.63373,77.94826,398.38333,1.1358719,-0.25039673,1.1631438
25,360.98645,297.24652,362.02734,297.15048,1.0408936,-0.09603882,1.0453147
25,71.27913,344.03497,72.23239,343.7435,0.9532623,-0.2914734,0.9968279
26,352.35364,246.2773,353.19138,246.04385,0.83773804,-0.23344421,0.8696558
26,76.75435,371.6506,77.977646,371.4563,1.2232971,-0.19430542,1.2386324
26,95.42634,342.0834,96.49437,342.07977,1.0680313,-0.0036315918,1.0680375
26,98.89933,452.24808,100.121956,452.31808,1.2226257,0.070007324,1.2246284
26,283.95706,378.86465,285.24896,378.59946,1.2919006,-0.26519775,1.3188393
26,187.08936,239.65942,187.7954,239.65097,0.7060394,-0.008453369,0.70609003
26,77.94826,398.38333,79.18929,398.28098,1.2410355,-0.10235596,1.2452493
26,362.02734,297.15048,362.85645,297.09247,0.82910156,-0.058013916,0.8311288
26,72.23239,343.7435,73.19921,343.76212,0.96681976,0.018615723,0.966999
27,353.19138,246.04385,353.6489,245.82188,0.45751953,-0.2219696,0.50852203
27,77.977646,371.4563,79.43394,371.50565,1.4562912,0.049346924,1.4571271
27,96.49437,342.07977,97.70758,342.11246,1.213211,0.032684326,1.2136512
27,100.121956,452.31808,101.31958,452.39487,1.1976242,0.07678223,1.200083
27,285.24896,378.59946,287.21497,378.35245,1.9660034,-0.24700928,1.9814599
27,187.7954,239.65097,188.11928,239.6196,0.32388306,-0.03137207,0.3253989
27,79.18929,398.28098,80.389694,398.23203,1.2004013,-0.048950195,1.201399
27,362.85645,297.09247,363.34027,296.86386,0.48382568,-0.22860718,0.5351154
27,73.19921,343.76212,73.97446,343.81842,0.77524567,0.05630493,0.77728766
28,353.6489,245.82188,353.90244,245.6581,0.25354004,-0.16378784,0.3018427
28,79.43394,371.50565,80.92845,371.5944,1.4945145,0.08874512,1.497147
28,97.70758,342.11246,99.33466,341.97058,1.6270828,-0.14187622,1.6332567
28,101.31958,452.39487,102.75375,453.08548,1.4341736,0.6906128,1.5917914
28,287.21497,378.35245,289.22647,378.16565,2.0115051,-0.1867981,2.02016
28,188.11928,239.6196,187.99684,239.86588,-0.12243652,0.24627686,0.2750327
28,80.389694,398.23203,81.82087,398.4436,1.4311752,0.21157837,1.4467301
28,363.34027,296.86386,363.55145,296.86185,0.21118164,-0.0020141602,0.21119125
28,73.97446,343.81842,74.31331,343.8377,0.33885193,0.01928711,0.33940038
29,353.90244,245.6581,354.17987,245.50278,0.2774353,-0.15531921,0.31795347
29,80.92845,371.5944,82.70816,371.6523,1.7797089,0.057922363,1.7806512
29,99.33466,341.97058,101.50859,341.7312,2.1739273,-0.23937988,2.1870673
29,102.75375,453.08548,104.62781,453.9539,1.874054,0.8684082,2.0654807
29,289.22647,378.16565,291.86868,377.81476,2.642212,-0.3508911,2.6654096
29,187.99684,239.86588,188.03389,240.38158,0.03704834,0.5157013,0.51703036
29,81.82087,398.4436,83.64431,398.87698,1.8234406,0.43338013,1.8742342
29,363.55145,296.86185,363.79803,296.8491,0.24658203,-0.012756348,0.24691176
29,74.31331,343.8377,74.63863,343.84274,0.325325,0.0050354004,0.32536396
30,354.17987,245.50278,354.52548,245.27594,0.34561157,-0.22683716,0.4134035
30,82.70816,371.6523,85.05303,371.49854,2.3448715,-0.15377808,2.3499086
30,101.50859,341.7312,104.10879,341.1884,2.6001968,-0.54281616,2.6562517
30,104.62781,453.9539,106.800186,454.638,2.1723785,0.68411255,2.277551
30,291.86868,377.81476,294.63257,377.38745,2.7638855,-0.42730713,2.7967222
30,188.03389,240.38158,188.12689,240.76837,0.09300232,0.38679504,0.39781886
30,83.64431,398.87698,85.69221,399.3371,2.0478973,0.46011353,2.0989492
30,363.79803,296.8491,364.0914,296.4848,0.29336548,-0.36428833,0.46772778
30,74.63863,343.84274,74.88664,343.72388,0.24800873,-0.11886597,0.27502263
31,354.52548,245.27594,354.8988,244.97945,0.37332153,-0.29649353,0.4767362
31,85.05303,371.49854,87.69082,371.04047,2.6377869,-0.45806885,2.6772647
31,104.10879,341.1884,106.792725,340.65088,2.683937,-0.5375061,2.7372305
31,106.800186,454.638,109.22939,455.4317,2.4292068,0.7937012,2.5555835
31,294.63257,377.38745,297.87616,377.11203,3.2435913,-0.27542114,3.2552638
31,188.12689,240.76837,188.24097,241.14575,0.11407471,0.37738037,0.39424482
31,85.69221,399.3371,88.253426,399.8479,2.5612183,0.5108032,2.6116583
31,364.0914,296.4848,364.56827,296.23083,0.47686768,-0.2539673,0.5402797
31,74.88664,343.72388,75.118935,343.60077,0.23229218,-0.12310791,0.26289773
32,354.8988,244.97945,355.61014,244.53935,0.7113342,-0.440094,0.8364683
32,87.69082,371.04047,90.71977,370.2446,3.0289536,-0.7958679,3.131767
32,106.792725,340.65088,109.911644,340.20053,3.1189194,-0.4503479,3.1512651
32,109.22939,455.4317,111.9151,455.88095,2.685707,0.44924927,2.7230217
32,297.87616,377.11203,301.53015,376.32806,3.6539917,-0.78396606,3.7371457
32,188.24097,241.14575,188.66258,241.33707,0.4216156,0.1913147,0.46299142
32,88.253426,399.8479,91.11206,400.0,2.858635,0.15209961,2.8626785
32,364.56827,296.23083,365.23633,296.13382,0.6680603,-0.09701538,0.6750678
32,75.118935,343.60077,76.523315,343.41446,1.4043808,-0.18630981,1.4166851
33,355.61014,244.53935,356.6263,244.05193,1.0161743,-0.48742676,1.1270293
33,90.71977,370.2446,93.582695,370.04764,2.8629227,-0.19696045,2.86969
33,109.911644,340.20053,112.42352,340.37903,2.511879,0.17849731,2.518213
33,111.9151,455.88095,114.80208,456.1287,2.8869781,0.2477417,2.8975883
33,301.53015,376.32806,304.65735,375.63724,3.1271973,-0.6908264,3.2025933
33,188.66258,241.33707,189.72023,241.54243,1.0576477,0.20536804,1.0774019
33,91.11206,400.0,93.91294,399.7591,2.8008804,-0.24090576,2.8112216
33,365.23633,296.13382,366.24265,295.35706,1.0063171,-0.7767639,1.2712342
33,76.523315,343.41446,78.408966,343.6967,1.8856506,0.28222656,1.9066542
34,356.6263,244.05193,358.17776,243.71944,1.5514526,-0.332489,1.5866803
34,93.582695,370.04764,96.60466,369.5679,3.021965,-0.47973633,3.0598073
34,112.42352,340.37903,115.24553,340.23804,2.8220062,-0.14099121,2.825526
34,114.80208,456.1287,117.8198,455.874,3.017723,-0.2546997,3.0284524
34,304.65735,375.63724,308.178,374.92752,3.5206604,-0.7097168,3.5914826
34,189.72023,241.54243,191.26572,241.52089,1.5454865,-0.02154541,1.5456367
34,93.91294,399.7591,96.981964,399.46594,3.0690231,-0.29315186,3.0829923
34,366.24265,295.35706,367.699,295.07516,1.4563599,-0.28189087,1.4833902
34,78.408966,343.6967,80.39962,343.62778,1.990654,-0.06890869,1.9918463
35,358.17776,243.71944,359.8929,243.251,1.7151489,-0.46842957,1.7779657
35,96.60466,369.5679,100.050606,368.8233,3.4459457,-0.7445984,3.5254743
35,115.24553,340.23804,118.14518,339.85272,2.8996506,-0.38531494,2.9251394
35,117.8198,455.874,121.066315,455.6254,3.2465134,-0.24859619,3.2560174
35,308.178,374.92752,311.63318,374.12878,3.4551697,-0.7987366,3.5462906
35,191.26572,241.52089,192.94598,241.26859,1.6802673,-0.25230408,1.6991043
35,96.981964,399.46594,100.27406,398.97153,3.292099,-0.49441528,3.329018
35,367.699,295.07516,369.462,294.81906,1.7630005,-0.25610352,1.7815049
35,80.39962,343.62778,83.03474,343.40997,2.6351166,-0.21780396,2.6441026
36,359.8929,243.251,361.4127,242.71957,1.5197754,-0.5314331,1.6100119
36,100.050606,368.8233,102.776,367.96158,2.7253952,-0.86172485,2.8583822
36,118.14518,339.85272,120.78764,339.3093,2.6424637,-0.5434265,2.6977632
36,121.066315,455.6254,123.57881,455.14288,2.512497,-0.48251343,2.5584097
36,311.63318,374.12878,314.34924,373.17383,2.7160645,-0.95495605,2.879053
36,192.94598,241.26859,194.53879,241.03644,1.592804,-0.23214722,1.6096325
36,100.27406,398.97153,102.988304,398.4218,2.714241,-0.54971313,2.7693481
36,369.462,294.81906,370.8929,294.35306,1.4309082,-0.46600342,1.5048779
36,83.03474,343.40997,84.94111,342.9547,1.9063721,-0.45526123,1.9599789
37,361.4127,242.71957,362.9046,242.44566,1.4919128,-0.27391052,1.516849
37,102.776,367.96158,105.23713,367.39557,2.4611282,-0.5660095,2.5253751
37,120.78764,339.3093,122.79974,339.01428,2.0121002,-0.29501343,2.0336125
37,123.57881,455.14288,125.75762,454.4827,2.1788101,-0.66018677,2.2766335
37,314.34924,373.17383,316.54843,372.62115,2.1991882,-0.55267334,2.2675707
37,194.53879,241.03644,196.26218,240.74182,1.7233887,-0.2946167,1.74839
37,102.988304,398.4218,105.282005,397.9621,2.2937012,-0.4597168,2.339317
37,370.8929,294.35306,372.3834,294.04025,1.4904785,-0.31280518,1.5229489
37,84.94111,342.9547,87.06418,342.59515,2.1230698,-0.3595581,2.1533015
38,362.9046,242.44566,364.4309,242.19093,1.5263062,-0.25473022,1.5474166
38,105.23713,367.39557,107.449486,366.83093,2.2123566,-0.56463623,2.283273
38,122.79974,339.01428,124.89696,338.54782,2.0972137,-0.46646118,2.1484625
38,125.75762,454.4827,127.82781,453.76154,2.0701904,-0.7211609,2.1922047
38,316.54843,372.62115,318.42416,372.01877,1.8757324,-0.6023865,1.9700867
38,196.26218,240.74182,197.94374,240.4977,1.6815643,-0.24412537,1.6991928
38,105.282005,397.9621,107.50535,397.31094,2.223343,-0.65115356,2.3167336
38,372.3834,294.04025,373.8391,294.158,1.455719,0.11773682,1.4604723
38,87.06418,342.59515,89.301094,342.17825,2.2369156,-0.41690063,2.2754335
39,364.4309,242.19093,365.99258,242.05089,1.561676,-0.14004517,1.5679427
39,107.449486,366.83093,109.392815,366.5208,1.9433289,-0.31011963,1.967918
39,124.89696,338.54782,126.63082,338.37418,1.7338638,-0.17364502,1.7425374
39,127.82781,453.76154,129.80453,453.53186,1.9767227,-0.2296753,1.990021
39,318.42416,372.01877,320.1234,371.8601,1.6992493,-0.15866089,1.7066404
39,197.94374,240.4977,199.70683,240.28687,1.763092,-0.21083069,1.7756529
39,107.50535,397.31094,109.47485,396.80408,1.9695053,-0.50686646,2.0336826
39,373.8391,294.158,375.4559,293.5795,1.6167908,-0.5784912,1.7171676
39,89.301094,342.17825,91.06811,341.89377,1.7670135,-0.28448486,1.7897677
40,365.99258,242.05089,367.3506,241.97018,1.3580017,-0.080703735,1.3603977
40,109.392815,366.5208,111.57191,366.2646,2.1790924,-0.2562256,2.1941047
40,126.63082,338.37418,128.80702,338.15652,2.1762009,-0.21765137,2.187058
40,129.80453,453.53186,131.84497,453.31012,2.0404358,-0.22174072,2.052449
40,320.1234,371.8601,322.13037,371.57675,2.006958,-0.2833557,2.0268624
40,199.70683,240.28687,201.19743,240.31653,1.4906006,0.029663086,1.4908957
40,109.47485,396.80408,111.583824,396.58353,2.1089706,-0.22055054,2.1204717
40,375.4559,293.5795,376.7698,293.6027,1.3139038,0.02319336,1.3141085
40,91.06811,341.89377,92.962845,341.7918,1.8947372,-0.10195923,1.8974786
41,367.3506,241.97018,368.81924,241.96687,1.4686584,-0.0033111572,1.4686621
41,111.57191,366.2646,114.07664,365.94904,2.5047302,-0.31555176,2.524529
41,128.80702,338.15652,131.02266,338.1579,2.2156372,0.001373291,2.2156377
41,131.84497,453.31012,134.3118,453.2983,2.4668274,-0.011810303,2.4668558
41,322.13037,371.57675,324.59906,371.36362,2.468689,-0.21313477,2.4778724
41,201.19743,240.31653,202.72588,240.47307,1.5284424,0.15653992,1.5364376
41,111.583824,396.58353,114.00218,396.39615,2.4183578,-0.18737793,2.425606
41,376.7698,293.6027,378.23297,293.50574,1.4631653,-0.096954346,1.466374
41,92.962845,341.7918,94.83065,341.81265,1.8678055,0.020843506,1.8679217
42,368.81924,241.96687,370.2801,241.95116,1.460846,-0.015716553,1.4609305
42,114.07664,365.94904,116.6409,365.81036,2.5642624,-0.13867188,2.5680094
42,131.02266,338.1579,133.56995,338.14252,2.547287,-0.015380859,2.5473335
42,134.3118,453.2983,136.75671,453.41083,2.4449158,0.11251831,2.4475036
42,324.59906,371.36362,327.38327,371.12326,2.7842102,-0.24035645,2.7945657
42,202.72588,240.47307,204.2724,240.57178,1.546524,0.09870911,1.549671
42,114.00218,396.39615,116.577126,396.334,2.5749435,-0.06213379,2.5756931
42,378.23297,293.50574,379.4498,293.5885,1.2168274,0.08276367,1.2196388
42,94.83065,341.81265,96.79557,341.93375,1.96492,0.12109375,1.968648
43,370.2801,241.95116,371.65128,241.83493,1.3711853,-0.1162262,1.3761023
43,116.6409,365.81036,119.421425,365.64963,2.7805252,-0.16073608,2.7851672
43,133.56995,338.14252,136.01328,338.1711,2.4433289,0.02859497,2.4434962
43,136.75671,453.41083,139.51248,453.44382,2.7557678,0.032989502,2.7559652
43,327.38327,371.12326,330.11322,370.76,2.72995,-0.36325073,2.7540112
43,204.2724,240.57178,205.7403,240.7454,1.4678955,0.17362976,1.4781287
43,116.577126,396.334,119.38659,396.30975,2.8094635,-0.024261475,2.8095682
43,379.4498,293.5885,380.7669,293.32275,1.3171082,-0.26574707,1.34365
43,96.79557,341.93375,99.20124,341.97525,2.4056702,0.041503906,2.4060283
44,371.65128,241.83493,373.1936,241.70674,1.5423279,-0.12818909,1.5476459
44,119.421425,365.64963,122.368095,365.24802,2.9466705,-0.40161133,2.9739132
44,136.01328,338.1711,138.6365,337.90897,2.62323,-0.262146,2.6362958
44,139.51248,453.44382,142.37077,453.37277,2.8582916,-0.07104492,2.8591745
44,330.11322,370.76,333.00714,370.33096,2.893921,-0.42904663,2.9255528
44,205.7403,240.7454,207.52634,240.72481,1.7860413,-0.020599365,1.78616
44,119.38659,396.30975,122.24756,395.87643,2.8609695,-0.4333191,2.8935983
44,380.7669,293.32275,382.3466,293.09903,1.5796814,-0.22372437,1.5954454
44,99.20124,341.97525,101.52706,341.92307,2.325821,-0.05218506,2.3264062
45,373.1936,241.70674,374.81857,241.51515,1.6249695,-0.19158936,1.636225
45,122.368095,365.24802,125.43257,364.7128,3.064476,-0.5352173,3.1108634
45,138.6365,337.90897,141.37332,337.7687,2.7368164,-0.14025879,2.7404082
45,142.37077,453.37277,145.06332,453.18164,2.6925507,-0.19113159,2.6993258
45,333.00714,370.33096,335.7965,369.74695,2.7893677,-0.5840149,2.84985
45,207.52634,240.72481,209.17339,240.74457,1.647049,0.019760132,1.6471674
45,122.24756,395.87643,125.1224,395.5657,2.8748398,-0.31072998,2.8915837
45,382.3466,293.09903,383.9377,292.90872,1.5911255,-0.19030762,1.602466
45,101.52706,341.92307,103.55136,341.68243,2.0242996,-0.2406311,2.0385516
46,374.81857,241.51515,376.27173,241.25136,1.4531555,-0.26379395,1.476905
46,125.43257,364.7128,128.04538,364.3644,2.6128082,-0.34838867,2.6359327
46,141.37332,337.7687,143.77556,337.548,2.402237,-0.22070312,2.412354
46,145.06332,453.18164,147.60791,452.81058,2.5445862,-0.37106323,2.5714989
46,335.7965,369.74695,338.51733,369.27533,2.7208252,-0.47161865,2.7613971
46,209.17339,240.74457,210.75807,240.63438,1.5846863,-0.110183716,1.5885123
46,125.1224,395.5657,127.778984,395.18307,2.6565857,-0.3826294,2.6839993
46,383.9377,292.90872,385.32578,292.712,1.3880615,-0.19671631,1.4019315
46,103.55136,341.68243,105.86033,341.55637,2.3089676,-0.12606812,2.3124065
47,376.27173,241.25136,377.65387,240.93985,1.3821411,-0.31150818,1.4168103
47,128.04538,364.3644,130.68875,364.0502,2.6433716,-0.31420898,2.6619806
47,143.77556,337.548,146.28639,337.30786,2.5108337,-0.24014282,2.5222917
47,147.60791,452.81058,150.07288,452.51855,2.4649658,-0.2920227,2.4822035
47,338.51733,369.27533,341.04895,368.73904,2.5316162,-0.5362854,2.587795
47,210.75807,240.63438,212.30309,240.62486,1.5450134,-0.009521484,1.5450428
47,127.778984,395.18307,130.32597,394.8096,2.5469894,-0.37347412,2.574226
47,385.32578,292.712,386.67075,292.6553,1.3449707,-0.05670166,1.3461654
47,105.86033,341.55637,107.8302,341.44113,1.9698715,-0.115234375,1.9732392
48,377.65387,240.93985,379.09055,240.74088,1.436676,-0.19897461,1.4503893
48,130.68875,364.0502,133.10596,363.62994,2.4172058,-0.42025757,2.4534671
48,146.28639,337.30786,148.26741,337.3112,1.9810181,0.003326416,1.9810208
48,150.07288,452.51855,152.25491,452.2761,2.1820374,-0.24246216,2.195467
48,341.04895,368.73904,343.3115,368.2052,2.2625427,-0.533844,2.3246696
48,212.30309,240.62486,213.69017,240.50291,1.387085,-0.12194824,1.3924353
48,130.32597,394.8096,132.62276,394.58804,2.2967834,-0.22155762,2.307445
48,386.67075,292.6553,388.09036,292.1831,1.4196167,-0.4721985,1.4960892
48,107.8302,341.44113,109.56274,341.3205,1.7325363,-0.12063599,1.7367312
49,379.09055,240.74088,380.50436,240.50868,1.4138184,-0.232193,1.4327581
49,133.10596,363.62994,134.9726,363.36786,1.8666382,-0.26208496,1.8849474
49,148.26741,337.3112,150.26247,336.84598,1.9950562,-0.46520996,2.0485775
49,152.25491,452.2761,154.2209,451.97067,1.9659882,-0.30541992,1.9895705
49,343.3115,368.2052,345.3097,367.9488,1.9981995,-0.2564087,2.0145833
49,213.69017,240.50291,215.25891,240.28896,1.5687408,-0.21395874,1.5832644
49,132.62276,394.58804,134.71945,394.15698,2.096695,-0.4310608,2.1405473
49,388.09036,292.1831,389.4536,292.0928,1.3632507,-0.09030151,1.3662382
49,109.56274,341.3205,111.36924,341.0735,1.8065033,-0.24700928,1.8233124
50,380.50436,240.50868,382.031,240.52718,1.5266418,0.018493652,1.5267539
50,134.9726,363.36786,137.16643,363.14545,2.1938324,-0.22241211,2.2050776
50,150.26247,336.84598,152.11246,336.79144,1.8499908,-0.054534912,1.8507944
50,154.2209,451.97067,156.29674,451.7242,2.0758362,-0.24645996,2.0904157
50,345.3097,367.9488,347.26968,367.76205,1.9599915,-0.18673706,1.968867
50,215.25891,240.28896,216.97179,240.27802,1.7128754,-0.010940552,1.7129103
50,134.71945,394.15698,136.72687,394.02237,2.0074158,-0.13461304,2.011924
50,389.4536,292.0928,390.93524,292.10062,1.4816284,0.0078125,1.481649
50,111.36924,341.0735,113.3872,340.86606,2.0179596,-0.20742798,2.0285923
51,382.031,240.52718,383.5609,240.49986,1.5299072,-0.027313232,1.530151
51,137.16643,363.14545,138.92789,362.85083,1.7614594,-0.2946167,1.7859278
51,152.11246,336.79144,153.82314,336.5248,1.7106781,-0.26663208,1.7313324
51,156.29674,451.7242,157.93092,451.47565,1.6341858,-0.24856567,1.6529816
51,347.26968,367.76205,348.6826,367.64615,1.4129028,-0.11590576,1.4176489
51,216.97179,240.27802,218.61383,240.17389,1.6420441,-0.10412598,1.6453422
51,136.72687,394.02237,138.4735,393.68616,1.7466278,-0.33621216,1.7786926
51,390.93524,292.10062,392.46268,291.718,1.5274353,-0.3826294,1.5746313
51,113.3872,340.86606,115.24343,340.6777,1.8562317,-0.18835449,1.8657634
52,383.5609,240.49986,385.2998,240.54584,1.7388916,0.04597473,1.7394992
52,138.92789,362.85083,140.54556,362.78293,1.6176758,-0.06790161,1.6191002
52,153.82314,336.5248,155.76334,336.30432,1.9402008,-0.2204895,1.9526892
52,157.93092,451.47565,159.62083,451.18542,1.6899109,-0.29022217,1.7146509
52,348.6826,367.64615,350.22055,367.61234,1.5379639,-0.033813477,1.5383356
52,218.61383,240.17389,220.45894,240.15504,1.845108,-0.018844604,1.8452042
52,138.4735,393.68616,140.1904,393.29187,1.7169037,-0.3942871,1.761596
52,392.46268,291.718,393.90878,292.07037,1.446106,0.35238647,1.4884216
52,115.24343,340.6777,116.9576,340.54776,1.7141724,-0.12994385,1.7190906
53,385.2998,240.54584,387.0545,240.58144,1.7546997,0.035598755,1.7550608
53,140.54556,362.78293,142.33678,362.51715,1.791214,-0.2657776,1.8108244
53,155.76334,336.30432,157.51161,336.0878,1.7482758,-0.21652222,1.7616328
53,159.62083,451.18542,161.19565,450.69324,1.5748138,-0.4921875,1.6499355
53,350.22055,367.61234,351.7031,367.57092,1.482544,-0.041412354,1.4831222
53,220.45894,240.15504,222.40146,239.88892,1.9425201,-0.26612854,1.9606655
53,140.1904,393.29187,141.95761,393.1881,1.7672119,-0.103759766,1.7702553
53,393.90878,292.07037,395.7206,291.8616,1.8118286,-0.20877075,1.8238169
53,116.9576,340.54776,118.75097,340.23065,1.7933655,-0.31710815,1.8211857
54,387.0545,240.58144,388.77704,240.57979,1.7225342,-0.0016479492,1.7225349
54,142.33678,362.51715,143.90309,362.07233,1.5663147,-0.44482422,1.6282538
54,157.51161,336.0878,159.2163,335.588,1.7046814,-0.49978638,1.7764361
54,161.19565,450.69324,162.68716,450.216,1.4915161,-0.4772339,1.5660052
54,351.7031,367.57092,352.9951,367.55194,1.2919922,-0.018981934,1.2921317
54,222.40146,239.88892,224.42358,239.6312,2.0221252,-0.25772095,2.0384824
54,141.95761,393.1881,143.46625,392.70187,1.5086365,-0.48623657,1.5850585
54,395.7206,291.8616,397.54855,291.97525,1.8279419,0.11364746,1.8314713
54,118.75097,340.23065,120.64812,339.7457,1.8971481,-0.48495483,1.9581501
55,388.77704,240.57979,390.777,240.56662,1.9999695,-0.013168335,2.0000129
55,143.90309,362.07233,145.421,361.59814,1.5179138,-0.47418213,1.590255
55,159.2163,335.588,160.76718,335.08618,1.5508881,-0.50183105,1.6300578
55,162.68716,450.216,163.9351,449.46603,1.2479401,-0.7499695,1.4559562
55,352.9951,367.55194,354.08243,367.43835,1.0873413,-0.113586426,1.093258
55,224.42358,239.6312,226.49776,239.27989,2.074173,-0.3513031,2.1037128
55,143.46625,392.70187,144.94426,392.22345,1.4780121,-0.47842407,1.5535152
55,397.54855,291.97525,399.4302,292.09796,1.8816528,0.12271118,1.8856499
55,120.64812,339.7457,122.561775,339.1745,1.9136581,-0.5711975,1.9970864
56,390.777,240.56662,392.79514,240.50719,2.0181274,-0.059432983,2.0190024
56,145.421,361.59814,146.60507,360.9863,1.1840668,-0.6118469,1.3328056
56,160.76718,335.08618,161.95326,334.53174,1.1860809,-0.55444336,1.3092729
56,163.9351,449.46603,165.20364,448.59558,1.2685394,-0.8704529,1.5384669
56,354.08243,367.43835,354.84735,367.26044,0.7649231,-0.17791748,0.785342
56,226.49776,239.27989,228.56522,238.73085,2.067459,-0.54904175,2.1391199
56,144.94426,392.22345,146.11366,391.5321,1.1694031,-0.6913452,1.3584777
56,399.4302,292.09796,401.42093,291.86533,1.9907227,-0.2326355,2.0042694
56,122.561775,339.1745,124.20794,338.51834,1.646164,-0.65615845,1.7721173
57,392.79514,240.50719,395.01514,240.31163,2.2200012,-0.19555664,2.2285976
57,146.60507,360.9863,148.09348,360.43787,1.4884033,-0.5484314,1.5862286
57,161.95326,334.53174,163.7458,333.75497,1.7925415,-0.7767639,1.9536037
57,165.20364,448.59558,166.51904,447.73685,1.3153992,-0.85873413,1.5708913
57,354.84735,367.26044,356.1483,367.03098,1.3009338,-0.22946167,1.3210154
57,228.56522,238.73085,230.86331,238.25986,2.2980957,-0.47099304,2.345864
57,146.11366,391.5321,147.6019,390.8282,1.4882355,-0.70391846,1.646313
57,401.42093,291.86533,403.5364,291.68173,2.1154785,-0.18359375,2.1234303
57,124.20794,338.51834,126.29264,337.64844,2.0847015,-0.86990356,2.2589185
58,395.01514,240.31163,397.2867,240.32135,2.271576,0.009719849,2.2715967
58,148.09348,360.43787,149.72081,360.0529,1.6273346,-0.38497925,1.672252
58,163.7458,333.75497,165.64847,333.22815,1.9026642,-0.52682495,1.9742532
58,166.51904,447.73685,168.25739,447.0994,1.7383423,-0.6374512,1.8515339
58,356.1483,367.03098,357.48602,366.904,1.337738,-0.12698364,1.3437514
58,230.86331,238.25986,233.53621,237.62135,2.6728973,-0.638504,2.7481024
58,147.6019,390.8282,149.25798,390.21432,1.6560822,-0.6138611,1.7661917
58,403.5364,291.68173,405.63754,291.6076,2.1011353,-0.0741272,2.1024425
58,126.29264,337.64844,128.55798,337.12808,2.2653427,-0.5203552,2.324338
59,397.2867,240.32135,399.53778,240.32733,2.251068,0.0059814453,2.251076
59,149.72081,360.0529,151.71538,359.54666,1.9945679,-0.5062256,2.057806
59,165.64847,333.22815,167.64528,332.7138,1.9968109,-0.51434326,2.06199
59,168.25739,447.0994,170.26495,446.38104,2.0075684,-0.7183533,2.13222
59,357.48602,366.904,358.97668,366.88885,1.4906616,-0.015136719,1.4907385
59,233.53621,237.62135,235.95271,237.36356,2.416504,-0.25779724,2.430216
59,149.25798,390.21432,151.25874,389.7186,2.000763,-0.49572754,2.0612612
59,405.63754,291.6076,407.8639,291.60974,2.2263489,0.0021362305,2.2263498
59,128.55798,337.12808,130.70448,336.55023,2.1464996,-0.57785034,2.2229195
60,399.53778,240.32733,401.96106,240.33414,2.4232788,0.00680542,2.4232883
60,151.71538,359.54666,154.00276,359.11993,2.287384,-0.4267273,2.326848
60,167.64528,332.7138,169.95753,332.23407,2.3122559,-0.47973633,2.3614984
60,170.26495,446.38104,172.23492,445.79617,1.9699707,-0.5848694,2.054959
60,358.97668,366.88885,360.9349,367.0403,1.9582214,0.15145874,1.96407
60,235.95271,237.36356,238.57458,237.17433,2.621872,-0.18922424,2.6286914
60,151.25874,389.7186,153.55008,389.16553,2.291336,-0.55307007,2.3571396
60,407.8639,291.60974,410.29178,291.72092,2.427887,0.11117554,2.4304311
60,130.70448,336.55023,133.34924,336.06076,2.6447601,-0.48947144,2.6896725
61,401.96106,240.33414,404.52118,240.49763,2.5601196,0.16349792,2.565335
61,154.00276,359.11993,156.02582,358.91742,2.023056,-0.20251465,2.0331671
61,169.95753,332.23407,172.20781,331.9678,2.2502747,-0.26626587,2.265973
61,172.23492,445.79617,174.29155,445.4282,2.0566254,-0.36798096,2.0892863
61,360.9349,367.0403,362.53983,367.17288,1.6049194,0.13256836,1.6103853
61,238.57458,237.17433,241.36966,236.8571,2.7950745,-0.31723022,2.813019
61,153.55008,389.16553,155.58093,388.91592,2.0308533,-0.24960327,2.0461345
61,410.29178,291.72092,412.6875,291.7929,2.3957214,0.07199097,2.396803
61,133.34924,336.06076,135.73322,335.64435,2.3839722,-0.41641235,2.4200666
62,404.52118,240.49763,407.03845,240.76872,2.517273,0.27108765,2.5318277
62,156.02582,358.91742,158.20255,358.62885,2.1767273,-0.28857422,2.1957724
62,172.20781,331.9678,174.46295,331.65436,2.2551422,-0.31344604,2.2768211
62,174.29155,445.4282,176.37595,444.76898,2.0843964,-0.6592102,2.1861532
62,362.53983,367.17288,364.3348,367.40643,1.7949829,0.23355103,1.8101132
62,241.36966,236.8571,243.98439,236.85022,2.6147308,-0.006881714,2.61474
62,155.58093,388.91592,157.88731,388.59995,2.3063812,-0.315979,2.3279254
62,412.6875,291.7929,415.2329,291.89938,2.5454102,0.10647583,2.547636
62,135.73322,335.64435,138.32455,335.38446,2.591339,-0.2598877,2.6043386
63,407.03845,240.76872,409.6984,241.21745,2.6599426,0.44873047,2.6975274
63,158.20255,358.62885,160.43073,358.65714,2.22818,0.028289795,2.2283595
63,174.46295,331.65436,176.88094,331.44836,2.417984,-0.20599365,2.4267428
63,176.37595,444.76898,178.35568,444.50266,1.9797363,-0.2663269,1.99757
63,364.3348,367.40643,366.15854,367.64008,1.8237305,0.23364258,1.8386358
63,243.98439,236.85022,246.87749,236.84042,2.893097,-0.009796143,2.8931136
63,157.88731,388.59995,159.91727,388.43277,2.029953,-0.1671753,2.0368252
63,415.2329,291.89938,417.70337,292.09024,2.470459,0.19085693,2.4778204
63,138.32455,335.38446,140.97989,335.15332,2.6553345,-0.23114014,2.6653757
64,409.6984,241.21745,412.06317,241.57646,2.3647766,0.3590088,2.391873
64,160.43073,358.65714,162.4208,358.7466,1.9900818,0.08947754,1.9920924
64,176.88094,331.44836,179.32243,331.28726,2.4414978,-0.1611023,2.4468071
64,178.35568,444.50266,180.41148,444.25742,2.0558014,-0.24523926,2.070377
64,366.15854,367.64008,367.86426,367.86078,1.705719,0.22070312,1.7199382
64,246.87749,236.84042,249.55098,236.85797,2.6734924,0.017547607,2.67355
64,159.91727,388.43277,161.97037,388.33035,2.0531006,-0.10241699,2.0556536
64,417.70337,292.09024,420.12558,292.52136,2.4222107,0.43112183,2.4602785
64,140.97989,335.15332,143.36464,334.99268,2.3847504,-0.16064453,2.390155
65,412.06317,241.57646,414.36325,241.80669,2.3000793,0.23022461,2.3115728
65,162.4208,358.7466,164.89278,358.74646,2.4719696,-0.00015258789,2.4719696
65,179.32243,331.28726,181.56558,331.26498,2.2431488,-0.022277832,2.2432594
65,180.41148,444.25742,182.64569,444.2608,2.2342072,0.0033874512,2.2342098
65,367.86426,367.86078,369.93597,368.30963,2.0717163,0.44885254,2.1197822
65,249.55098,236.85797,251.9973,236.89717,2.4463196,0.03919983,2.4466336
65,161.97037,388.33035,164.41711,388.3678,2.4467468,0.03744507,2.4470332
65,420.12558,292.52136,422.41833,292.6912,2.2927551,0.16983032,2.2990365
65,143.36464,334.99268,145.84975,334.99673,2.4851074,0.004058838,2.4851108
66,414.36325,241.80669,416.36145,242.10388,1.9981995,0.29719543,2.0201797
66,164.89278,358.74646,167.61537,358.74048,2.7225952,-0.0059814453,2.722602
66,181.56558,331.26498,184.17656,331.4477,2.6109772,0.18270874,2.617362
66,182.64569,444.2608,185.11182,444.4533,2.4661255,0.19250488,2.4736276
66,369.93597,368.30963,372.42917,368.53183,2.4931946,0.22219849,2.5030763
66,251.9973,236.89717,254.21938,237.184,2.2220764,0.28683472,2.2405128
66,164.41711,388.3678,166.92804,388.45926,2.5109253,0.09146118,2.5125904
66,422.41833,292.6912,424.4248,292.99072,2.0064697,0.29953003,2.028704
66,145.84975,334.99673,148.21077,335.1614,2.361023,0.16467285,2.3667588
67,416.36145,242.10388,418.2121,242.38144,1.850647,0.27755737,1.871345
67,167.61537,358.74048,170.31636,358.89886,2.7009888,0.15838623,2.7056286
67,184.17656,331.4477,186.60605,331.74487,2.4294891,0.29718018,2.4475975
67,185.11182,444.4533,187.84413,444.72632,2.732315,0.27301025,2.7459207
67,372.42917,368.53183,375.31592,368.68027,2.8867493,0.1484375,2.8905632
67,254.21938,237.184,256.10443,237.48027,1.8850555,0.29626465,1.9081948
67,166.92804,388.45926,169.66693,388.66867,2.7388916,0.20941162,2.7468855
67,424.4248,292.99072,426.1167,293.21893,1.6918945,0.22821045,1.7072161
67,148.21077,335.1614,150.35117,335.5464,2.140396,0.38497925,2.1747425
68,418.2121,242.38144,419.6756,242.46484,1.463501,0.08340454,1.4658757
68,170.31636,358.89886,173.29149,359.2015,2.9751282,0.30264282,2.9904816
68,186.60605,331.74487,189.35884,332.2894,2.7527924,0.54452515,2.8061314
68,187.84413,444.72632,190.64401,445.40198,2.799881,0.6756592,2.8802514
68,375.31592,368.68027,378.51962,368.66684,3.2037048,-0.013427734,3.203733
68,256.10443,237.48027,257.57358,238.10747,1.4691467,0.62719727,1.5974256
68,169.66693,388.66867,172.52916,389.13174,2.8622284,0.46307373,2.8994462
68,426.1167,293.21893,427.5842,293.4383,1.4674988,0.21936035,1.4838032
68,150.35117,335.5464,152.71523,336.20084,2.3640594,0.65444946,2.452974
69,419.6756,242.46484,420.92102,242.64499,1.2454224,0.18014526,1.2583836
69,173.29149,359.2015,176.51813,359.36816,3.2266388,0.1666565,3.2309399
69,189.35884,332.2894,192.3341,332.7919,2.9752655,0.50250244,3.017402
69,190.64401,445.40198,193.6947,446.12646,3.0506897,0.7244873,3.1355364
69,378.51962,368.66684,382.01718,368.67764,3.4975586,0.010803223,3.4975753
69,257.57358,238.10747,258.9132,238.5933,1.3396301,0.48583984,1.4250085
69,172.52916,389.13174,175.6744,389.3872,3.1452332,0.25546265,3.1555905
69,427.5842,293.4383,428.8324,293.52597,1.2481995,0.087677,1.251275
69,152.71523,336.20084,154.92253,336.82483,2.207306,0.6239929,2.2938106
70,420.92102,242.64499,422.21234,242.6305,1.2913208,-0.01449585,1.2914022
70,176.51813,359.36816,180.04971,359.61084,3.5315857,0.24267578,3.5399137
70,192.3341,332.7919,195.20778,333.39804,2.8736725,0.60614014,2.936903
70,193.6947,446.12646,196.88142,447.1466,3.1867218,1.0201416,3.3460252
70,382.01718,368.67764,386.02808,368.56628,4.010895,-0.11135864,4.01244
70,258.9132,238.5933,259.9513,239.26335,1.0380859,0.67004395,1.235549
70,175.6744,389.3872,178.96906,389.9316,3.2946625,0.5444031,3.3393376
70,428.8324,293.52597,429.89984,293.5642,1.0674438,0.038238525,1.0681286
70,154.92253,336.82483,156.66644,337.56418,1.7439117,0.73934937,1.8941662
71,422.21234,242.6305,423.2114,242.62346,0.99905396,-0.0070343018,0.9990787
71,180.04971,359.61084,183.72548,359.98285,3.675766,0.37200928,3.6945426
71,195.20778,333.39804,198.27576,334.04425,3.067978,0.6462097,3.1352952
71,196.88142,447.1466,200.61276,448.18967,3.7313385,1.0430603,3.8743854
71,386.02808,368.56628,389.97922,368.40802,3.9511414,-0.15826416,3.9543097
71,259.9513,239.26335,260.94296,239.86618,0.9916687,0.602829,1.1605213
71,178.96906,389.9316,182.61,390.3598,3.6409454,0.42819214,3.6660378
71,429.89984,293.5642,430.97223,293.58612,1.0723877,0.021911621,1.0726116
71,156.66644,337.56418,158.98737,338.42828,2.3209229,0.8641052,2.4765623
72,423.2114,242.62346,424.35886,242.43938,1.1474609,-0.18408203,1.1621329
72,183.72548,359.98285,187.86508,360.3442,4.1396027,0.36135864,4.155345
72,198.27576,334.04425,201.83824,334.6074,3.5624847,0.56314087,3.6067195
72,200.61276,448.18967,204.47185,449.26163,3.859085,1.0719604,4.0052013
72,389.97922,368.40802,394.70587,367.8578,4.726654,-0.55023193,4.7585726
72,260.94296,239.86618,262.01013,240.53452,1.0671692,0.66833496,1.2591751
72,182.61,390.3598,186.66106,390.82925,4.051056,0.4694519,4.078166
72,430.97223,293.58612,432.19888,293.48706,1.226654,-0.09906006,1.2306474
72,158.98737,338.42828,161.49344,339.19272,2.506073,0.7644348,2.620069
73,424.35886,242.43938,425.51318,242.2144,1.1543274,-0.22497559,1.1760466
73,187.86508,360.3442,192.1795,360.782,4.3144226,0.43780518,4.336579
73,201.83824,334.6074,205.25323,335.31534,3.4149933,0.7079468,3.487602
73,204.47185,449.26163,208.53651,450.12454,4.0646667,0.86291504,4.1552544
73,394.70587,367.8578,399.48685,367.28003,4.7809753,-0.5777588,4.8157587
73,262.01013,240.53452,263.05072,241.13068,1.0405884,0.5961609,1.1992631
73,186.66106,390.82925,190.6516,391.1048,3.9905396,0.2755432,4.000041
73,432.19888,293.48706,433.26038,293.2277,1.0614929,-0.2593689,1.0927211
73,161.49344,339.19272,163.71513,339.90228,2.221695,0.7095642,2.3322542
74,425.51318,242.2144,426.73962,241.9651,1.2264404,-0.2492981,1.2515213
74,192.1795,360.782,196.39261,361.21008,4.2131042,0.42807007,4.2347956
74,205.25323,335.31534,208.75838,335.83368,3.5051422,0.51834106,3.5432613
74,208.53651,450.12454,212.70255,450.8628,4.166031,0.73825073,4.230937
74,399.48685,367.28003,404.1322,366.86746,4.645355,-0.41256714,4.66364
74,263.05072,241.13068,264.21393,241.63626,1.163208,0.5055847,1.2683331
74,190.6516,391.1048,195.05933,391.40295,4.40773,0.29815674,4.417803
74,433.26038,293.2277,434.41122,293.03583,1.1508484,-0.19186401,1.1667322
74,163.71513,339.90228,166.43164,340.6517,2.716507,0.74942017,2.8179853
75,426.73962,241.9651,428.019,241.69289,1.2793884,-0.2722168,1.3080279
75,196.39261,361.21008,200.8838,361.61838,4.4911957,0.40829468,4.5097165
75,208.75838,335.83368,212.50441,336.41177,3.7460327,0.5780945,3.7903767
75,212.70255,450.8628,216.98006,451.85114,4.2775116,0.9883423,4.390208
75,404.1322,366.86746,409.15207,366.33707,5.019867,-0.5303955,5.0478096
75,264.21393,241.63626,265.47266,242.27187,1.258728,0.63560486,1.4101027
75,195.05933,391.40295,199.37045,391.74728,4.3111267,0.34432983,4.324856
75,434.41122,293.03583,435.69907,293.16238,1.2878418,0.1265564,1.2940452
75,166.43164,340.6517,168.97438,341.41364,2.5427399,0.7619324,2.654443
76,428.019,241.69289,429.50583,241.48004,1.4868164,-0.21284485,1.501974
76,200.8838,361.61838,205.4809,361.8882,4.5970917,0.26983643,4.605004
76,212.50441,336.41177,216.24985,336.85263,3.7454376,0.44085693,3.7712939
76,216.98006,451.85114,221.16019,452.38425,4.18013,0.5331116,4.213988
76,409.15207,366.33707,413.69473,365.72455,4.5426636,-0.6125183,4.5837727
76,265.47266,242.27187,267.07907,242.68092,1.6064148,0.40905762,1.6576781
76,199.37045,391.74728,203.7135,391.8435,4.343048,0.096221924,4.344114
76,435.69907,293.16238,437.24875,292.95837,1.5496826,-0.20401001,1.5630535
76,168.97438,341.41364,171.70175,341.87256,2.7273712,0.45892334,2.7657123
77,429.50583,241.48004,431.34036,241.35434,1.8345337,-0.1257019,1.8388351
77,205.4809,361.8882,209.7123,362.1925,4.2313995,0.30429077,4.2423263
77,216.24985,336.85263,220.14273,337.17352,3.8928833,0.32089233,3.9060864
77,221.16019,452.38425,225.36137,452.82794,4.201187,0.44369507,4.2245517
77,413.69473,365.72455,417.55875,365.18842,3.8640137,-0.5361328,3.9010308
77,267.07907,242.68092,269.05402,243.17923,1.9749451,0.49830627,2.03684
77,203.7135,391.8435,207.9459,391.85245,4.2324066,0.00894165,4.232416
77,437.24875,292.95837,438.84158,292.66043,1.5928345,-0.29794312,1.6204604
77,171.70175,341.87256,174.76501,342.37292,3.063263,0.5003662,3.10386
78,431.34036,241.35434,433.56644,241.25885,2.2260742,-0.0954895,2.2281213
78,209.7123,362.1925,213.64188,362.13168,3.9295807,-0.060821533,3.9300513
78,220.14273,337.17352,223.6294,337.17477,3.4866638,0.0012512207,3.486664
78,225.36137,452.82794,229.08908,452.81393,3.727707,-0.014007568,3.7277331
78,417.55875,365.18842,421.8218,364.7555,4.2630615,-0.43292236,4.284987
78,269.05402,243.17923,271.38412,243.29967,2.3301086,0.12043762,2.333219
78,207.9459,391.85245,211.89305,391.73074,3.9471436,-0.1217041,3.9490194
78,438.84158,292.66043,440.98157,292.73645,2.1399841,0.07601929,2.1413338
78,174.76501,342.37292,177.72475,342.44894,2.959732,0.07601929,2.9607081
79,433.56644,241.25885,435.80954,241.29536,2.243103,0.036514282,2.2434003
79,213.64188,362.13168,217.08337,362.07455,3.4414978,-0.057128906,3.441972
79,223.6294,337.17477,226.80496,337.17865,3.1755676,0.0038757324,3.17557
79,229.08908,452.81393,232.33075,452.8271,3.2416687,0.013153076,3.2416954
79,421.8218,364.7555,424.70938,364.64682,2.8875732,-0.108673096,2.8896177
79,271.38412,243.29967,274.0601,243.41315,2.6759644,0.113479614,2.6783695
79,211.89305,391.73074,215.1778,391.5326,3.2847443,-0.19815063,3.2907155
79,440.98157,292.73645,443.39093,292.6757,2.4093628,-0.060760498,2.4101288
79,177.72475,342.44894,180.77629,342.44275,3.0515442,-0.0061950684,3.0515504
80,435.80954,241.29536,438.5714,241.42409,2.7618713,0.12872314,2.7648695
80,217.08337,362.07455,220.14476,361.6836,3.061386,-0.3909607,3.0862494
80,226.80496,337.17865,229.84222,336.80463,3.037262,-0.37402344,3.060205
80,232.33075,452.8271,235.27605,452.39215,2.9452972,-0.43493652,2.977238
80,424.70938,364.64682,427.25284,364.54694,2.543457,-0.09988403,2.5454175
80,274.0601,243.41315,276.9988,243.40927,2.9387207,-0.0038757324,2.9387233
80,215.1778,391.5326,218.20709,391.26242,3.0292969,-0.27017212,3.0413208
80,443.39093,292.6757,446.08337,292.68652,2.6924438,0.01083374,2.6924655
80,180.77629,342.44275,183.9439,342.18155,3.1676025,-0.26119995,3.1783535
81,438.5714,241.42409,441.55902,241.58302,2.9876099,0.15893555,2.9918344
81,220.14476,361.6836,222.43074,361.23123,2.2859802,-0.45236206,2.3303084
81,229.84222,336.80463,232.33937,336.42212,2.4971466,-0.38250732,2.5262725
81,235.27605,452.39215,237.42104,451.55588,2.144989,-0.8362732,2.3022447
81,427.25284,364.54694,429.33496,364.77505,2.0821228,0.2281189,2.094582
81,276.9988,243.40927,280.33896,242.92656,3.340149,-0.4827118,3.374849
81,218.20709,391.26242,220.50067,390.56982,2.293579,-0.69259644,2.3958704
81,446.08337,292.68652,448.89352,292.71744,2.8101501,0.030914307,2.8103201
81,183.9439,342.18155,186.81087,341.68945,2.8669739,-0.49209595,2.9088998
82,441.55902,241.58302,444.7269,241.80536,3.1678772,0.22233582,3.17567
82,222.43074,361.23123,224.13788,360.53067,1.7071381,-0.7005615,1.8452932
82,232.33937,336.42212,234.58125,335.6673,2.2418823,-0.7548218,2.3655427
82,237.42104,451.55588,238.85132,450.55176,1.4302826,-1.0041199,1.7475597
82,429.33496,364.77505,430.4081,365.06213,1.0731506,0.28707886,1.1108855
82,280.33896,242.92656,283.77124,242.51129,3.4322815,-0.41526794,3.4573116
82,220.50067,390.56982,222.22888,390.20175,1.7282104,-0.3680725,1.7669716
82,448.89352,292.71744,451.95975,292.9734,3.0662231,0.25595093,3.0768874
82,186.81087,341.68945,189.55052,340.9191,2.7396545,-0.7703552,2.8459013
83,444.7269,241.80536,448.07596,242.28017,3.34906,0.47480774,3.3825502
83,224.13788,360.53067,225.48247,359.96188,1.3445892,-0.5687866,1.4599447
83,234.58125,335.6673,236.45036,335.1715,1.8691101,-0.49578857,1.9337474
83,238.85132,450.55176,240.32683,449.59097,1.4755096,-0.9607849,1.7607489
83,430.4081,365.06213,431.39877,365.56497,0.9906616,0.50283813,1.110971
83,283.77124,242.51129,287.26602,242.20148,3.4947815,-0.30981445,3.5084875
83,222.22888,390.20175,223.61618,389.70807,1.3872986,-0.49368286,1.4725217
83,451.95975,292.9734,455.25076,293.20105,3.2910156,0.22766113,3.2988806
83,189.55052,340.9191,192.23946,340.2385,2.6889343,-0.680603,2.773732
84,448.07596,242.28017,451.3027,242.84593,3.2267456,0.5657654,3.2759697
84,225.48247,359.96188,226.79576,359.47018,1.3132935,-0.49169922,1.4023223
84,236.45036,335.1715,238.37292,334.60614,1.9225616,-0.56536865,2.0039673
84,240.32683,449.59097,241.52412,448.79028,1.1972961,-0.8006897,1.4403548
84,431.39877,365.56497,432.19812,366.37732,0.7993469,0.8123474,1.139677
84,287.26602,242.20148,290.75848,241.8388,3.4924622,-0.3626709,3.5112422
84,223.61618,389.70807,224.88878,389.28024,1.2725983,-0.42782593,1.3425876
84,455.25076,293.20105,458.45734,293.6265,3.2065735,0.42544556,3.2346742
84,192.23946,340.2385,194.83788,339.6405,2.5984192,-0.59799194,2.6663415
85,451.3027,242.84593,454.2966,243.23685,2.9938965,0.39091492,3.0193098
85,226.79576,359.47018,228.31535,359.06317,1.5195923,-0.40701294,1.5731561
85,238.37292,334.60614,240.35847,334.13055,1.9855499,-0.47558594,2.0417128
85,241.52412,448.79028,243.03914,448.18158,1.5150146,-0.6087036,1.6327246
85,432.19812,366.37732,433.1161,366.83032,0.91796875,0.45300293,1.0236592
85,290.75848,241.8388,294.01562,241.62129,3.257141,-0.21751404,3.264396
85,224.88878,389.28024,226.38553,388.93912,1.4967499,-0.3411255,1.5351309
85,458.45734,293.6265,461.29953,293.75586,2.8421936,0.12936401,2.8451362
85,194.83788,339.6405,197.53429,339.13882,2.6964111,-0.50167847,2.742684
86,454.2966,243.23685,457.2976,243.50533,3.001007,0.2684784,3.0129926
86,228.31535,359.06317,229.91687,358.7658,1.6015167,-0.29736328,1.6288894
86,240.35847,334.13055,242.37819,333.69455,2.0197144,-0.43600464,2.0662396
86,243.03914,448.18158,244.54492,447.4255,1.5057831,-0.756073,1.6849419
86,433.1161,366.83032,434.38406,367.37827,1.2679749,0.5479431,1.3813044
86,294.01562,241.62129,297.20145,241.39684,3.1858215,-0.22445679,3.1937187
86,226.38553,388.93912,228.15756,388.63797,1.7720337,-0.30114746,1.7974408
86,461.29953,293.75586,464.327,294.0864,3.0274658,0.3305359,3.0454562
86,197.53429,339.13882,200.09569,338.57645,2.5614014,-0.5623779,2.6224122
87,457.2976,243.50533,460.5437,243.98927,3.2460938,0.48394775,3.2819705
87,229.91687,358.7658,231.92189,358.55502,2.0050201,-0.21078491,2.0160694
87,242.37819,333.69455,244.70354,333.39587,2.325348,-0.29867554,2.344451
87,244.54492,447.4255,246.53539,447.1852,1.9904633,-0.24029541,2.0049155
87,434.38406,367.37827,436.16348,367.86002,1.779419,0.4817505,1.8434792
87,297.20145,241.39684,300.43436,241.23672,3.2329102,-0.16011047,3.2368724
87,228.15756,388.63797,230.16321,388.47018,2.0056458,-0.16778564,2.0126517
87,464.327,294.0864,467.30872,294.48245,2.98172,0.39605713,3.0079088
87,200.09569,338.57645,202.79472,338.23236,2.6990356,-0.3440857,2.72088
88,460.5437,243.98927,463.51544,244.35147,2.9717407,0.36219788,2.9937317
88,231.92189,358.55502,234.54211,358.42212,2.620224,-0.13290405,2.6235924
88,244.70354,333.39587,247.63846,333.13055,2.9349213,-0.26531982,2.9468894
88,246.53539,447.1852,248.98808,446.74634,2.4526978,-0.4388733,2.4916532
88,436.16348,367.86002,438.4592,368.29,2.2957153,0.42999268,2.3356376
88,300.43436,241.23672,303.90277,241.10397,3.4684143,-0.13275146,3.470954
88,230.16321,388.47018,232.732,388.39832,2.5687866,-0.0718689,2.5697918
88,467.30872,294.48245,470.30963,294.73523,3.0009155,0.2527771,3.0115428
88,202.79472,338.23236,205.75327,337.97668,2.9585419,-0.25567627,2.969569
89,463.51544,244.35147,466.77017,244.50189,3.2547302,0.15042114,3.2582042
89,234.54211,358.42212,237.892,358.3001,3.349884,-0.12200928,3.3521051
89,247.63846,333.13055,250.92747,333.0256,3.2890167,-0.10494995,3.2906907
89,248.98808,446.74634,252.05641,446.56006,3.0683289,-0.1862793,3.0739784
89,438.4592,368.29,441.61362,368.50546,3.154419,0.2154541,3.1617684
89,303.90277,241.10397,307.05374,241.09363,3.1509705,-0.010345459,3.1509874
89,232.732,388.39832,236.11166,388.1703,3.3796692,-0.22802734,3.387353
89,470.30963,294.73523,473.41254,294.886,3.1029053,0.15075684,3.1065655
89,205.75327,337.97668,209.01012,337.82437,3.2568512,-0.15231323,3.2604108
90,466.77017,244.50189,470.043,244.77412,3.2728271,0.27223206,3.2841296
90,237.892,358.3001,241.8279,358.27423,3.9358978,-0.025878906,3.935983
90,250.92747,333.0256,254.67786,333.0312,3.7503815,0.005584717,3.7503858
90,252.05641,446.56006,255.83784,446.65765,3.781433,0.097595215,3.7826924
90,441.61362,368.50546,445.26712,368.73517,3.6535034,0.22970581,3.6607175
90,307.05374,241.09363,310.51627,241.29395,3.4625244,0.20031738,3.4683142
90,236.11166,388.1703,239.61768,388.12338,3.506012,-0.046905518,3.5063257
90,473.41254,294.886,476.64737,294.97476,3.2348328,0.088775635,3.2360506
90,209.01012,337.82437,212.52423,337.82693,3.5141144,0.0025634766,3.5141153
91,470.043,244.77412,473.29736,244.89844,3.254364,0.124313354,3.2567375
91,241.8279,358.27423,246.08705,358.26007,4.2591553,-0.014160156,4.2591786
91,254.67786,333.0312,258.6759,333.0195,3.9980469,-0.011688232,3.998064
91,255.83784,446.65765,259.74652,446.84564,3.9086761,0.18798828,3.9131942
91,445.26712,368.73517,449.38757,368.748,4.120453,0.012817383,4.120473
91,310.51627,241.29395,313.78946,241.45772,3.2731934,0.16377258,3.277288
91,239.61768,388.12338,243.851,388.01566,4.233322,-0.10772705,4.2346926
91,476.64737,294.97476,479.65002,295.1025,3.002655,0.12774658,3.005371
91,212.52423,337.82693,216.27411,337.82156,3.749878,-0.0053710938,3.7498817
92,473.29736,244.89844,476.5295,244.90326,3.2321472,0.0048217773,3.2321508
92,246.08705,358.26007,250.86049,358.10696,4.7734375,-0.15310669,4.7758923
92,258.6759,333.0195,263.1027,332.9622,4.4267883,-0.05731201,4.4271593
92,259.74652,446.84564,264.3393,446.80243,4.5927734,-0.04321289,4.5929766
92,449.38757,368.748,454.14096,368.4859,4.7533875,-0.26208496,4.7606072
92,313.78946,241.45772,317.20328,241.51396,3.4138184,0.056243896,3.4142816
92,243.851,388.01566,248.66263,387.79388,4.8116302,-0.22177124,4.816738
92,479.65002,295.1025,482.89505,295.10104,3.2450256,-0.0014648438,3.2450259
92,216.27411,337.82156,220.1621,337.80902,3.8879852,-0.012542725,3.8880055
93,476.5295,244.90326,480.0305,244.71341,3.5009766,-0.18984985,3.5061204
93,250.86049,358.10696,255.74268,357.93988,4.882187,-0.16708374,4.885045
93,263.1027,332.9622,267.90515,332.85965,4.8024597,-0.10253906,4.8035545
93,264.3393,446.80243,269.07092,446.79404,4.7316284,-0.008392334,4.731636
93,454.14096,368.4859,459.01093,368.24234,4.8699646,-0.24356079,4.8760514
93,317.20328,241.51396,320.9163,241.52492,3.7130127,0.010955811,3.713029
93,248.66263,387.79388,253.49315,387.56842,4.8305206,-0.22546387,4.8357797
93,482.89505,295.10104,486.40732,295.0344,3.512268,-0.06665039,3.5129004
93,220.1621,337.80902,224.54343,337.76215,4.3813324,-0.046875,4.381583
94,480.0305,244.71341,483.5154,244.65584,3.4849243,-0.05757141,3.4853997
94,255.74268,357.93988,261.00223,357.95752,5.259552,0.01763916,5.2595816
94,267.90515,332.85965,272.89426,332.9321,4.989105,0.07244873,4.989631
94,269.07092,446.79404,274.28244,446.96234,5.2115173,0.16830444,5.2142344
94,459.01093,368.24234,464.53113,367.9893,5.5202026,-0.25305176,5.5259995
94,320.9163,241.52492,324.39337,241.69434,3.4770813,0.16941833,3.4812064
94,253.49315,387.56842,258.7561,387.36935,5.2629547,-0.19906616,5.266718
94,486.40732,295.0344,489.64267,295.05176,3.2353516,0.017364502,3.235398
94,224.54343,337.76215,228.91727,337.92944,4.3738403,0.16729736,4.377039
95,483.5154,244.65584,486.7564,244.61388,3.2409973,-0.04196167,3.2412689
95,261.00223,357.95752,266.9487,358.24988,5.946472,0.2923584,5.953655
95,272.89426,332.9321,278.01205,333.3925,5.117798,0.46038818,5.138464
95,274.28244,446.96234,279.76846,447.66843,5.486023,0.7060852,5.531275
95,464.53113,367.9893,470.26202,367.7972,5.730896,-0.19207764,5.7341137
95,324.39337,241.69434,327.85352,242.08072,3.460144,0.38638306,3.4816504
95,258.7561,387.36935,264.68573,387.3292,5.9296265,-0.040161133,5.9297624
95,489.64267,295.05176,492.8828,295.04767,3.2401428,-0.0040893555,3.2401454
95,228.91727,337.92944,233.21642,338.46667,4.2991486,0.53723145,4.3325853
96,486.7564,244.61388,489.85675,244.50787,3.1003418,-0.10600281,3.1021535
96,266.9487,358.24988,272.96478,358.69672,6.016083,0.44683838,6.0326543
96,278.01205,333.3925,283.42963,333.7793,5.417572,0.3868103,5.4313636
96,279.76846,447.66843,285.55582,448.48312,5.7873535,0.81469727,5.8444157
96,470.26202,367.7972,475.82,367.52365,5.5579834,-0.27355957,5.5647116
96,327.85352,242.08072,331.03592,242.58199,3.1824036,0.5012665,3.2216394
96,264.68573,387.3292,270.61493,387.28888,5.929199,-0.04031372,5.929336
96,492.8828,295.04767,495.75815,294.8523,2.8753357,-0.19537354,2.8819656
96,233.21642,338.46667,237.83809,339.01028,4.6216736,0.5436096,4.653534
97,489.85675,244.50787,492.5342,244.2973,2.6774597,-0.21057129,2.6857271
97,272.96478,358.69672,279.20425,359.12042,6.2394714,0.42370605,6.2538414
97,283.42963,333.7793,288.58466,334.44604,5.1550293,0.66674805,5.197969
97,285.55582,448.48312,291.38947,449.4698,5.8336487,0.9866638,5.916499
97,475.82,367.52365,482.01337,367.1475,6.1933594,-0.37615967,6.204772
97,331.03592,242.58199,333.90482,243.11104,2.8688965,0.52905273,2.91727
97,270.61493,387.28888,276.65555,387.1474,6.040619,-0.14147949,6.0422754
97,495.75815,294.8523,498.51263,294.83322,2.754486,-0.019073486,2.7545521
97,237.83809,339.01028,241.78342,339.7671,3.9453278,0.7568054,4.017258
98,492.5342,244.2973,495.02957,243.97972,2.4953613,-0.31758118,2.515489
98,279.20425,359.12042,285.5663,359.74918,6.3620605,0.62875366,6.3930545
98,288.58466,334.44604,293.99976,335.1618,5.4151,0.7157593,5.462199
98,291.38947,449.4698,297.3923,450.4721,6.002838,1.0023193,6.085943
98,482.01337,367.1475,488.32776,366.6822,6.314392,-0.4653015,6.331513
98,333.90482,243.11104,336.2972,243.77985,2.392395,0.668808,2.4841213
98,276.65555,387.1474,282.75333,387.08945,6.0977783,-0.05795288,6.0980535
98,498.51263,294.83322,500.82883,294.65015,2.3161926,-0.18307495,2.3234167
98,241.78342,339.7671,245.89354,340.60223,4.1101227,0.83514404,4.194112
99,495.02957,243.97972,497.39517,243.73618,2.3656006,-0.24354553,2.3781044
99,285.5663,359.74918,292.16074,360.31796,6.5944214,0.5687866,6.6189055
99,293.99976,335.1618,299.53918,335.88962,5.5394287,0.7278137,5.587037
99,297.3923,450.4721,303.78265,451.70868,6.3903503,1.2365723,6.508893
99,488.32776,366.6822,494.23923,366.07086,5.9114685,-0.6113281,5.9429946
99,336.2972,243.77985,338.76584,244.43016,2.468628,0.65031433,2.5528479
99,282.75333,387.08945,289.33093,387.2828,6.577606,0.19335938,6.5804477
99,500.82883,294.65015,503.12222,294.6435,2.293396,-0.006652832,2.2934055
99,245.89354,340.60223,250.18324,341.45847,4.2897034,0.8562317,4.3743215
100,497.39517,243.73618,499.52914,243.37653,2.1339722,-0.35964966,2.1640668
100,292.16074,360.31796,298.43076,360.7868,6.2700195,0.46884155,6.287524
100,299.53918,335.88962,304.88727,336.52817,5.3480835,0.6385498,5.3860693
100,303.78265,451.70868,309.79922,452.5639,6.016571,0.8552246,6.07705
100,494.23923,366.07086,500.61902,365.3578,6.3797913,-0.71307373,6.419518
100,338.76584,244.43016,341.1588,245.05719,2.3929749,0.6270294,2.4737613
100,289.33093,387.2828,295.63538,387.3037,6.3044434,0.020904541,6.304478
100,503.12222,294.6435,506.51788,294.27878,3.3956604,-0.36471558,3.4151907
100,250.18324,341.45847,254.01418,342.30923,3.8309326,0.85076904,3.9242647
101,499.52914,243.37653,502.0453,243.05983,2.5161438,-0.31669617,2.5359962
101,298.43076,360.7868,304.80847,361.17087,6.377716,0.38406372,6.38927
101,304.88727,336.52817,310.1507,337.02994,5.2634277,0.50177,5.287291
101,309.79922,452.5639,315.8298,453.32947,6.0305786,0.76556396,6.078977
101,500.61902,365.3578,506.652,364.6429,6.0329895,-0.71487427,6.075196
101,341.1588,245.05719,343.67517,245.63925,2.5163574,0.58206177,2.582799
101,295.63538,387.3037,301.93713,387.4554,6.301758,0.15170288,6.3035836
101,506.51788,294.27878,510.328,294.05695,3.8101196,-0.22183228,3.816572
101,254.01418,342.30923,258.30435,342.90442,4.2901764,0.5951843,4.331265
102,502.0453,243.05983,504.47937,242.74048,2.434082,-0.3193512,2.454942
102,304.80847,361.17087,311.00165,361.3852,6.1931763,0.21432495,6.1968837
102,310.1507,337.02994,315.4274,337.4604,5.276703,0.43045044,5.294231
102,315.8298,453.32947,321.97925,453.81223,6.1494446,0.48275757,6.168365
102,506.652,364.6429,512.8677,363.67432,6.2156677,-0.9685974,6.290684
102,343.67517,245.63925,346.38235,246.13516,2.7071838,0.49591064,2.7522304
102,301.93713,387.4554,308.22385,387.5249,6.2867126,0.069488525,6.2870965
102,510.328,294.05695,514.24524,293.60352,3.9172363,-0.45343018,3.9433918
102,258.30435,342.90442,262.46252,343.43756,4.1581726,0.5331421,4.1922116
103,504.47937,242.74048,507.29483,242.441,2.8154602,-0.29948425,2.8313437
103,311.00165,361.3852,317.15237,361.4043,6.1507263,0.019104004,6.150756
103,315.4274,337.4604,320.84662,337.69672,5.41922,0.23632812,5.424371
103,321.97925,453.81223,327.71823,453.99094,5.738983,0.17871094,5.741765
103,512.8677,363.67432,518.57666,363.1247,5.7089844,-0.5496216,5.73538
103,346.38235,246.13516,349.40027,246.40303,3.0179138,0.26786804,3.0297782
103,308.22385,387.5249,314.46155,387.4868,6.2377014,-0.038116455,6.2378182
103,514.24524,293.60352,518.03503,293.30356,3.789795,-0.29995728,3.801647
103,262.46252,343.43756,266.96143,343.67044,4.4989014,0.23287964,4.504925
104,507.29483,242.441,510.13083,242.01083,2.8359985,-0.43016052,2.868436
104,317.15237,361.4043,323.36465,361.43982,6.2122803,0.03552246,6.212382
104,320.84662,337.69672,326.25342,337.92487,5.4067993,0.22814941,5.4116106
104,327.71823,453.99094,333.82858,454.26797,6.1103516,0.27703857,6.1166286
104,518.57666,363.1247,524.7768,362.27484,6.2001343,-0.8498535,6.258108
104,349.40027,246.40303,352.42737,246.64719,3.0270996,0.24415588,3.03693
104,314.46155,387.4868,320.68542,387.31442,6.223877,-0.17236328,6.226263
104,518.03503,293.30356,522.0952,292.616,4.0601807,-0.68756104,4.1179857
104,266.96143,343.67044,271.51785,343.9002,4.556427,0.22976685,4.5622168
105,510.13083,242.01083,512.7876,241.62323,2.6567688,-0.38760376,2.6848943
105,323.36465,361.43982,329.80136,361.62784,6.4367065,0.1880188,6.439452
105,326.25342,337.92487,331.92133,338.2287,5.6679077,0.303833,5.676046
105,333.82858,454.26797,340.39072,454.69766,6.562134,0.4296875,6.5761867
105,524.7768,362.27484,530.796,361.48694,6.019226,-0.78790283,6.0705748
105,352.42737,246.64719,355.62302,247.09273,3.1956482,0.44554138,3.2265577
105,320.68542,387.31442,327.20197,387.3814,6.5165405,0.066986084,6.516885
105,522.0952,292.616,526.2378,292.59866,4.142578,-0.017333984,4.1426144
105,271.51785,343.9002,276.10486,344.27322,4.5870056,0.37301636,4.6021476
106,512.7876,241.62323,515.5487,241.44629,2.7611084,-0.17694092,2.766772
106,329.80136,361.62784,335.69177,361.71454,5.8904114,0.08670044,5.8910494
106,331.92133,338.2287,337.0154,338.47946,5.0940857,0.25076294,5.100254
106,340.39072,454.69766,346.10617,454.84753,5.715454,0.14987183,5.7174187
106,530.796,361.48694,536.2713,360.65225,5.475281,-0.8346863,5.5385375
106,355.62302,247.09273,358.62854,247.5628,3.0055237,0.4700775,3.0420628
106,327.20197,387.3814,333.19345,387.51822,5.9914856,0.1368103,5.9930477
106,526.2378,292.59866,529.97906,292.27377,3.741272,-0.32489014,3.7553523
106,276.10486,344.27322,280.35672,344.5338,4.2518616,0.2605896,4.2598395
107,515.5487,241.44629,518.0874,241.14343,2.5386963,-0.30285645,2.5566971
107,335.69177,361.71454,341.17084,361.52277,5.479065,-0.19177246,5.48242
107,337.0154,338.47946,341.92505,338.43994,4.9096375,-0.039520264,4.9097967
107,346.10617,454.84753,351.32623,454.72913,5.2200623,-0.1184082,5.221405
107,536.2713,360.65225,541.2358,359.96408,4.9644775,-0.6881714,5.0119476
107,358.62854,247.5628,361.63123,247.57973,3.0026855,0.016921997,3.0027332
107,333.19345,387.51822,338.72345,387.33957,5.529999,-0.1786499,5.5328836
107,529.97906,292.27377,533.5989,291.72687,3.619812,-0.5469055,3.660894
107,280.35672,344.5338,284.58673,344.52493,4.230011,-0.008880615,4.23002
108,518.0874,241.14343,520.7715,240.73433,2.684082,-0.4091034,2.7150805
108,341.17084,361.52277,345.89624,361.3189,4.725403,-0.20385742,4.729798
108,341.92505,338.43994,346.31113,338.39514,4.386078,-0.044799805,4.386307
108,351.32623,454.72913,355.95956,454.39838,4.6333313,-0.3307495,4.6451216
108,541.2358,359.96408,545.7,359.27655,4.4642334,-0.6875305,4.516866
108,361.63123,247.57973,364.68314,247.53398,3.0519104,-0.04574585,3.0522532
108,338.72345,387.33957,343.5191,387.07486,4.7956543,-0.26470947,4.802954
108,533.5989,291.72687,536.92377,291.48145,3.3248901,-0.24542236,3.3339355
108,284.58673,344.52493,288.46408,344.48135,3.8773499,-0.0435791,3.8775947
109,520.7715,240.73433,523.60223,240.52893,2.8307495,-0.20539856,2.8381915
109,345.89624,361.3189,349.7477,360.74448,3.851471,-0.5744324,3.8940725
109,346.31113,338.39514,349.94598,338.06656,3.6348572,-0.32858276,3.6496785
109,355.95956,454.39838,359.7756,453.82474,3.81604,-0.5736389,3.8589149
109,545.7,359.27655,549.2336,358.61673,3.5335693,-0.65982056,3.5946453
109,364.68314,247.53398,367.78568,247.32483,3.102539,-0.20915222,3.109581
109,343.5191,387.07486,347.56693,386.41977,4.047821,-0.65509033,4.1004877
109,536.92377,291.48145,540.24164,291.22855,3.317871,-0.25289917,3.3274956
109,288.46408,344.48135,292.06143,344.0121,3.597351,-0.4692688,3.6278296
110,523.60223,240.52893,526.85724,240.34102,3.255005,-0.18791199,3.2604244
110,349.7477,360.74448,353.31244,359.95703,3.5647278,-0.78744507,3.6506648
110,349.94598,338.06656,353.44608,337.34598,3.5000916,-0.72058105,3.5734966
110,359.7756,453.82474,363.07712,452.7336,3.3015137,-1.0911255,3.4771464
110,549.2336,358.61673,552.2753,358.23004,3.041748,-0.38668823,3.0662289
110,367.78568,247.32483,371.33295,246.87546,3.5472717,-0.44937134,3.5756218
110,347.56693,386.41977,351.00357,385.598,3.4366455,-0.82177734,3.5335324
110,540.24164,291.22855,543.4221,290.7941,3.180481,-0.43444824,3.2100163
110,292.06143,344.0121,295.63712,343.3155,3.5756836,-0.69659424,3.642905
111,526.85724,240.34102,530.7761,240.27798,3.9188843,-0.06303406,3.9193912
111,353.31244,359.95703,356.74463,359.0001,3.43219,-0.9569397,3.5630972
111,353.44608,337.34598,357.03217,336.3829,3.58609,-0.96307373,3.7131596
111,363.07712,452.7336,366.1281,451.58102,3.0509949,-1.1525879,3.2614458
111,552.2753,358.23004,555.1934,358.15445,2.9180908,-0.07559204,2.9190698
111,371.33295,246.87546,375.54324,246.28285,4.2102966,-0.5926056,4.251797
111,351.00357,385.598,354.33676,384.605,3.333191,-0.99298096,3.4779553
111,543.4221,290.7941,546.9046,290.72052,3.482483,-0.07357788,3.4832602
111,295.63712,343.3155,299.84592,342.29837,4.2088013,-1.0171204,4.329959
112,530.7761,240.27798,535.2732,240.30571,4.4970703,0.02772522,4.4971557
112,356.74463,359.0001,359.46295,357.75528,2.7183228,-1.244812,2.9897885
112,357.03217,336.3829,360.3858,335.15207,3.3536377,-1.230835,3.572372
112,366.1281,451.58102,368.54742,449.85214,2.4193115,-1.7288818,2.973567
112,555.1934,358.15445,557.1972,358.22693,2.0037842,0.07247925,2.0050945
112,375.54324,246.28285,380.20917,245.49861,4.665924,-0.7842407,4.731372
112,354.33676,384.605,356.82602,383.48523,2.4892578,-1.1197815,2.7295265
112,546.9046,290.72052,550.5814,290.69144,3.6768188,-0.029083252,3.676934
112,299.84592,342.29837,303.4031,341.07288,3.55719,-1.2254944,3.7623713
113,535.2732,240.30571,539.77014,240.40857,4.4969482,0.1028595,4.4981246
113,359.46295,357.75528,361.60648,356.56918,2.1435242,-1.1860962,2.4498
113,360.3858,335.15207,363.32797,333.85855,2.9421692,-1.2935181,3.2139616
113,368.54742,449.85214,370.8224,448.37726,2.2749634,-1.474884,2.711225
113,557.1972,358.22693,559.2271,358.28516,2.0299072,0.05822754,2.0307422
113,380.20917,245.49861,384.90323,244.5454,4.6940613,-0.95321655,4.789868
113,356.82602,383.48523,359.10495,382.2044,2.2789307,-1.2808228,2.6141982
113,550.5814,290.69144,553.9212,290.62762,3.3397827,-0.063812256,3.3403924
113,303.4031,341.07288,307.30737,339.70685,3.9042664,-1.3660278,4.136342
114,539.77014,240.40857,544.51154,240.58122,4.741394,0.1726532,4.7445364
114,361.60648,356.56918,364.2275,355.40515,2.6210327,-1.164032,2.8678882
114,363.32797,333.85855,366.387,332.64124,3.059021,-1.2173157,3.2923346
114,370.8224,448.37726,372.86337,446.6691,2.040985,-1.7081604,2.6614718
114,559.2271,358.28516,561.2058,358.61465,1.9786987,0.3294983,2.0059454
114,384.90323,244.5454,389.90756,243.79002,5.0043335,-0.7553711,5.0610213
114,359.10495,382.2044,361.38205,380.96933,2.2770996,-1.2350769,2.590482
114,553.9212,290.62762,557.79987,290.84485,3.878662,0.21722412,3.88474
114,307.30737,339.70685,311.48315,338.41248,4.1757812,-1.2943726,4.37179
115,544.51154,240.58122,549.3479,240.85762,4.8363647,0.2763977,4.8442564
115,364.2275,355.40515,366.3529,354.30954,2.1253967,-1.0956116,2.3911662
115,366.387,332.64124,369.26898,331.38098,2.8819885,-1.2602539,3.1454885
115,372.86337,446.6691,374.88605,445.1633,2.0226746,-1.5057983,2.5216346
115,561.2058,358.61465,563.1486,358.92267,1.94281,0.30801392,1.9670749
115,389.90756,243.79002,394.95914,242.9539,5.0515747,-0.8361206,5.120303
115,361.38205,380.96933,363.38776,379.98407,2.0057068,-0.98526,2.2346358
115,557.79987,290.84485,561.4909,291.07892,3.69104,0.23406982,3.6984544
115,311.48315,338.41248,315.13815,336.9945,3.6549988,-1.4179688,3.9204147
116,549.3479,240.85762,554.467,241.30705,5.1190796,0.44943237,5.1387706
116,366.3529,354.30954,368.439,353.1668,2.08609,-1.1427307,2.378572
116,369.26898,331.38098,372.18066,330.17725,2.9116821,-1.2037354,3.150694
116,374.88605,445.1633,376.66074,443.45074,1.7746887,-1.7125549,2.466245
116,563.1486,358.92267,564.69,359.43845,1.5413818,0.5157776,1.6253875
116,394.95914,242.9539,400.19794,242.13684,5.2388,-0.8170624,5.302133
116,363.38776,379.98407,365.37048,378.71207,1.982727,-1.2720032,2.3556738
116,561.4909,291.07892,565.0088,291.3227,3.5178833,0.24377441,3.5263195
116,315.13815,336.9945,318.96445,335.62207,3.826294,-1.3724365,4.0649853
117,554.467,241.30705,559.2189,241.65546,4.751892,0.34840393,4.7646475
117,368.439,353.1668,370.42603,352.1479,1.98703,-1.0189209,2.2330446
117,372.18066,330.17725,375.06973,328.7123,2.8890686,-1.4649353,3.2392519
117,376.66074,443.45074,378.55008,441.8889,1.8893433,-1.5618591,2.4513307
117,564.69,359.43845,566.2754,360.02203,1.5853882,0.58358765,1.6893876
117,400.19794,242.13684,405.11392,241.56339,4.915985,-0.5734558,4.9493194
117,365.37048,378.71207,367.2993,377.49078,1.9288025,-1.221283,2.2829392
117,565.0088,291.3227,568.73926,291.55212,3.7304688,0.22943115,3.7375174
117,318.96445,335.62207,323.02753,334.3583,4.06308,-1.2637634,4.255081
118,559.2189,241.65546,564.2171,242.1091,4.99823,0.4536438,5.0187745
118,370.42603,352.1479,372.29523,351.03192,1.8692017,-1.1159668,2.1769927
118,375.06973,328.7123,377.8922,327.47876,2.8224792,-1.233551,3.0802658
118,378.55008,441.8889,380.40256,440.21878,1.852478,-1.670105,2.4941783
118,566.2754,360.02203,567.49146,360.51816,1.2160645,0.49612427,1.3133743
118,405.11392,241.56339,410.24283,240.68193,5.1289062,-0.88145447,5.2040987
118,367.2993,377.49078,369.1188,376.3714,1.819519,-1.1193848,2.1362753
118,568.73926,291.55212,572.32526,291.91614,3.5859985,0.36401367,3.6044266
118,323.02753,334.3583,326.54242,332.92245,3.5148926,-1.435852,3.7968595
119,564.2171,242.1091,569.1683,242.53291,4.951172,0.42381287,4.9692774
119,372.29523,351.03192,374.18045,349.82153,1.8852234,-1.2103882,2.2403364
119,377.8922,327.47876,380.66772,326.2326,2.7755127,-1.2461548,3.0424287
119,380.40256,440.21878,382.0917,438.48642,1.689148,-1.7323608,2.419565
119,567.49146,360.51816,568.71735,361.01025,1.2258911,0.49209595,1.3209722
119,410.24283,240.68193,415.51056,239.9688,5.2677307,-0.71313477,5.315783
119,369.1188,376.3714,370.8615,375.25635,1.7427063,-1.1150513,2.0689042
119,572.32526,291.91614,575.988,292.1613,3.6627197,0.2451477,3.6709146
119,326.54242,332.92245,330.56866,331.46466,4.026245,-1.4577942,4.282034
120,569.1683,242.53291,574.8278,243.03752,5.659546,0.50460815,5.6819973
120,374.18045,349.82153,376.01187,348.51093,1.8314209,-1.3106079,2.2520647
120,380.66772,326.2326,383.68875,324.57547,3.0210266,-1.657135,3.4456782
120,382.0917,438.48642,383.8496,436.49316,1.757904,-1.9932556,2.657686
120,568.71735,361.01025,570.0168,361.60913,1.2994385,0.59887695,1.4308019
120,415.51056,239.9688,421.13885,239.00299,5.628296,-0.96580505,5.7105603
120,370.8615,375.25635,372.69437,373.97137,1.8328552,-1.2849731,2.2384179
120,575.988,292.1613,580.128,292.47153,4.1400146,0.3102417,4.151623
120,330.56866,331.46466,334.72552,329.79987,4.1568604,-1.6647949,4.4778376
121,574.8278,243.03752,580.5644,243.54282,5.7365723,0.5052948,5.758783
121,376.01187,348.51093,377.72992,347.2412,1.7180481,-1.2697144,2.13632
121,383.68875,324.57547,386.6621,322.89627,2.9733582,-1.6791992,3.4147575
121,383.8496,436.49316,385.7226,434.44,1.8729858,-2.0531616,2.7791274
121,570.0168,361.60913,571.3381,362.01895,1.3212891,0.40982056,1.3833863
121,421.13885,239.00299,426.94995,238.06178,5.811096,-0.9412079,5.8868256
121,372.69437,373.97137,374.62234,372.65878,1.9279785,-1.3125916,2.3323803
121,580.128,292.47153,584.6883,292.62592,4.5603027,0.15438843,4.5629153
121,334.72552,329.79987,339.24005,328.07257,4.5145264,-1.7272949,4.8336835
122,580.5644,243.54282,586.1493,243.74748,5.5849,0.20466614,5.588649
122,377.72992,347.2412,380.3118,345.93237,2.5818787,-1.3088379,2.894677
122,386.6621,322.89627,389.9041,321.51572,3.2420044,-1.3805542,3.5237086
122,385.7226,434.44,387.95615,432.58966,2.233551,-1.8503418,2.9004335
122,571.3381,362.01895,573.1037,362.46182,1.765625,0.4428711,1.8203204
122,426.94995,238.06178,432.55264,237.20985,5.6026917,-0.8519287,5.6670923
122,374.62234,372.65878,377.03085,371.68167,2.4085083,-0.9771118,2.5991652
122,584.6883,292.62592,590.1043,292.89233,5.4160156,0.26641846,5.4225645
122,339.24005,328.07257,343.65152,326.54752,4.4114685,-1.5250549,4.6676383
123,586.1493,243.74748,591.62866,244.28908,5.47937,0.54159546,5.5060716
123,380.3118,345.93237,383.00125,344.87024,2.6894531,-1.0621338,2.891589
123,389.9041,321.51572,393.5175,320.30316,3.6133728,-1.2125549,3.8113978
123,387.95615,432.58966,390.68896,430.82602,2.7328186,-1.7636414,3.2524958
123,573.1037,362.46182,575.4159,362.89426,2.3121948,0.43243408,2.352285
123,432.55264,237.20985,438.1353,236.44154,5.582672,-0.76831055,5.635293
123,377.03085,371.68167,379.75693,370.6923,2.7260742,-0.9893799,2.900061
123,590.1043,292.89233,595.6347,293.07806,5.5303955,0.18572998,5.5335135
123,343.65152,326.54752,348.17404,325.10767,4.522522,-1.4398499,4.746196
124,591.62866,244.28908,596.8745,244.56403,5.2458496,0.27494812,5.25305
124,383.00125,344.87024,385.7501,343.83582,2.7488403,-1.0344238,2.9370317
124,393.5175,320.30316,396.96045,319.1904,3.4429626,-1.1127625,3.6183188
124,390.68896,430.82602,393.38794,429.38495,2.6989746,-1.4410706,3.0595994
124,575.4159,362.89426,577.63947,363.2066,2.2235718,0.3123474,2.2454026
124,438.1353,236.44154,443.41553,235.74648,5.2802124,-0.69506836,5.325764
124,379.75693,370.6923,382.4325,369.6612,2.6755676,-1.0310974,2.8673725
124,595.6347,293.07806,600.7558,293.25522,5.1210938,0.17715454,5.124157
124,348.17404,325.10767,352.24667,323.84442,4.072632,-1.2632446,4.2640495
125,596.8745,244.56403,601.83246,244.93295,4.957947,0.368927,4.971654
125,385.7501,343.83582,388.2973,342.85516,2.5472107,-0.98065186,2.7294614
125,396.96045,319.1904,400.06686,318.13477,3.1064148,-1.0556335,3.2808802
125,393.38794,429.38495,395.95734,427.86127,2.569397,-1.5236816,2.9872072
125,577.63947,363.2066,579.65717,363.45074,2.0177002,0.24414062,2.032417
125,443.41553,235.74648,448.39328,235.0737,4.9777527,-0.67277527,5.0230117
125,382.4325,369.6612,385.06137,368.7371,2.6288757,-0.9241028,2.7865667
125,600.7558,293.25522,605.51184,293.43573,4.7560425,0.18051147,4.7594666
125,352.24667,323.84442,356.2952,322.6067,4.048523,-1.2377319,4.2334995
126,601.83246,244.93295,606.34985,245.24478,4.517395,0.3118286,4.528145
126,388.2973,342.85516,390.62363,341.85855,2.3263245,-0.99661255,2.5308144
126,400.06686,318.13477,403.12225,316.99652,3.0553894,-1.1382446,3.2605221
126,395.95734,427.86127,398.06592,426.45453,2.1085815,-1.4067383,2.534764
126,579.65717,363.45074,581.52106,363.6536,1.8638916,0.20285034,1.8748974
126,448.39328,235.0737,452.96826,234.32463,4.5749817,-0.7490692,4.635899
126,385.06137,368.7371,387.42664,367.97992,2.365265,-0.75717163,2.483503
126,605.51184,293.43573,610.057,293.67285,4.545166,0.23712158,4.5513473
126,356.2952,322.6067,359.95264,321.5821,3.6574402,-1.0245972,3.7982452
127,606.34985,245.24478,610.6022,245.44641,4.2523193,0.20162964,4.2570972
127,390.62363,341.85855,392.6675,341.07535,2.0438843,-0.7832031,2.1888056
127,403.12225,316.99652,405.638,316.19028,2.515747,-0.8062439,2.641782
127,398.06592,426.45453,400.22162,425.11343,2.1557007,-1.341095,2.538815
127,581.52106,363.6536,583.0917,363.69952,1.5706177,0.045928955,1.5712891
127,452.96826,234.32463,457.1407,233.77684,4.1724243,-0.5477905,4.20823
127,387.42664,367.97992,389.5613,367.18558,2.134674,-0.79434204,2.277677
127,610.057,293.67285,614.1253,293.85876,4.0682983,0.18591309,4.072544
127,359.95264,321.5821,363.24423,320.58908,3.2915955,-0.9930115,3.4381204
128,610.6022,245.44641,614.34735,245.66016,3.7451782,0.21374512,3.7512727
128,392.6675,341.07535,394.97397,340.48407,2.3064575,-0.5912781,2.381041
128,405.638,316.19028,408.25818,315.50888,2.6201782,-0.6813965,2.70733
128,400.22162,425.11343,402.4401,424.0904,2.2184753,-1.0230408,2.4429991
128,583.0917,363.69952,584.9567,363.86087,1.8650513,0.16134644,1.8720174
128,457.1407,233.77684,460.84692,233.38737,3.7062378,-0.38946533,3.7266448
128,389.5613,367.18558,391.71555,366.56375,2.1542358,-0.6218262,2.2421865
128,614.1253,293.85876,617.8521,294.00204,3.7268066,0.14328003,3.72956
128,363.24423,320.58908,366.40814,319.8154,3.16391,-0.77368164,3.257132
129,614.34735,245.66016,617.6956,245.88847,3.3482666,0.22831726,3.356042
129,394.97397,340.48407,397.26703,339.96173,2.2930603,-0.52233887,2.3518002
129,408.25818,315.50888,410.7078,315.02374,2.4496155,-0.48513794,2.4971933
129,402.4401,424.0904,404.55695,423.29733,2.1168518,-0.7930603,2.2605324
129,584.9567,363.86087,586.97,363.9222,2.0132446,0.061340332,2.014179
129,460.84692,233.38737,464.1764,233.04259,3.3294678,-0.3447876,3.3472726
129,391.71555,366.56375,393.9712,366.0656,2.2556458,-0.49813843,2.3099957
129,617.8521,294.00204,621.2289,294.40955,3.37677,0.40750122,3.4012694
129,366.40814,319.8154,369.29608,319.33298,2.8879395,-0.48242188,2.9279559
130,617.6956,245.88847,620.92365,246.15694,3.2280273,0.26846313,3.2391715
130,397.26703,339.96173,399.6425,339.72797,2.3754578,-0.23376465,2.3869321
130,410.7078,315.02374,413.51202,314.66348,2.8042297,-0.36026,2.8272765
130,404.55695,423.29733,407.0449,422.99966,2.4879456,-0.29766846,2.5056894
130,586.97,363.9222,589.2697,364.2715,2.2997437,0.3493042,2.32612
130,464.1764,233.04259,467.38962,232.80025,3.2132263,-0.24234009,3.222352
130,393.9712,366.0656,396.4932,365.8197,2.5220032,-0.24591064,2.5339637
130,621.2289,294.40955,624.2532,294.54233,3.024292,0.13278198,3.0272055
130,369.29608,319.33298,372.3111,319.00827,3.0150146,-0.32470703,3.032449
131,620.92365,246.15694,623.6864,246.33405,2.7627563,0.17710876,2.7684274
131,399.6425,339.72797,402.32504,339.66272,2.6825562,-0.06524658,2.6833496
131,413.51202,314.66348,416.12897,314.6457,2.6169434,-0.017791748,2.617004
131,407.0449,422.99966,409.58524,422.77692,2.5403442,-0.2227478,2.5500913
131,589.2697,364.2715,591.97064,364.3637,2.7009277,0.0921936,2.7025008
131,467.38962,232.80025,470.1038,232.80594,2.7141724,0.0056915283,2.7141783
131,396.4932,365.8197,399.08878,365.73645,2.595581,-0.08325195,2.5969157
131,624.2532,294.54233,626.96326,294.5232,2.710083,-0.019134521,2.7101507
131,372.3111,319.00827,374.8482,318.96988,2.5371094,-0.038391113,2.5373998
132,623.6864,246.33405,626.236,246.47656,2.5496216,0.14251709,2.5536017
132,402.32504,339.66272,405.51025,339.67426,3.1852112,0.0115356445,3.1852322
132,416.12897,314.6457,419.1542,314.7823,3.025238,0.13659668,3.0283203
132,409.58524,422.77692,412.6035,423.0435,3.0182495,0.26657104,3.0299983
132,591.97064,364.3637,595.26215,364.61707,3.291504,0.25335693,3.3012402
132,470.1038,232.80594,472.50848,232.9731,2.4046936,0.16716003,2.4104967
132,399.08878,365.73645,402.1816,365.71393,3.0928345,-0.022521973,3.0929165
132,626.96326,294.5232,629.4642,294.8588,2.5009155,0.3356018,2.5233326
132,374.8482,318.96988,377.86646,319.1206,3.0182495,0.15072632,3.0220106
133,626.236,246.47656,628.4756,246.51404,2.239563,0.037475586,2.2398765
133,405.51025,339.67426,408.957,340.1043,3.4467468,0.4300537,3.4734724
133,419.1542,314.7823,422.17996,315.25754,3.0257568,0.47525024,3.0628529
133,412.6035,423.0435,415.8414,423.7186,3.237915,0.67510986,3.307547
133,595.26215,364.61707,599.24994,364.78036,3.987793,0.16329956,3.9911351
133,472.50848,232.9731,474.5423,233.39796,2.0338135,0.42486572,2.077717
133,402.1816,365.71393,405.61182,366.19907,3.4302063,0.48513794,3.4643433
133,629.4642,294.8588,631.57605,294.80344,2.1118774,-0.055358887,2.112603
133,377.86646,319.1206,380.2079,319.5521,2.3414307,0.43148804,2.3808568
134,628.4756,246.51404,629.9405,246.2895,1.4649048,-0.22453308,1.4820125
134,408.957,340.1043,412.91458,340.5384,3.9575806,0.43408203,3.9813151
134,422.17996,315.25754,425.36353,315.89413,3.1835632,0.6365967,3.2465875
134,415.8414,423.7186,419.5171,424.69748,3.6756897,0.97888184,3.8038013
134,599.24994,364.78036,603.71826,364.63098,4.4683228,-0.14938354,4.470819
134,474.5423,233.39796,475.8675,233.73418,1.3251953,0.33621216,1.36718
134,405.61182,366.19907,409.3786,366.43344,3.7667847,0.234375,3.774069
134,631.57605,294.80344,633.0902,294.65668,1.5141602,-0.14675903,1.5212559
134,380.2079,319.5521,382.6333,320.23523,2.425415,0.683136,2.5197842
135,629.9405,246.2895,631.1386,245.76189,1.1981201,-0.5276184,1.3091497
135,412.91458,340.5384,417.32303,341.25592,4.4084473,0.7175293,4.4664593
135,425.36353,315.89413,428.97324,316.6619,3.6097107,0.76776123,3.6904564
135,419.5171,424.69748,423.8035,426.25046,4.2864075,1.5529785,4.55906
135,603.71826,364.63098,608.7715,364.43536,5.0532227,-0.19561768,5.057008
135,475.8675,233.73418,476.91492,234.22664,1.0474243,0.49246216,1.1574181
135,409.3786,366.43344,413.72903,367.1257,4.3504333,0.69226074,4.4051666
135,633.0902,294.65668,634.11725,294.57532,1.0270386,-0.08135986,1.0302562
135,382.6333,320.23523,384.75958,321.1414,2.1262817,0.90615845,2.3113194
136,631.1386,245.76189,632.1424,245.28024,1.0037842,-0.48164368,1.1133568
136,417.32303,341.25592,421.7139,341.9713,4.390869,0.71539307,4.448766
136,428.97324,316.6619,432.61203,317.4976,3.638794,0.83569336,3.7335246
136,423.8035,426.25046,427.96164,427.73465,4.158142,1.4841919,4.4150844
136,608.7715,364.43536,614.0833,364.23874,5.3118286,-0.19662476,5.3154664
136,476.91492,234.22664,477.7647,234.77856,0.8497925,0.55192566,1.0132961
136,413.72903,367.1257,418.20145,367.58163,4.472412,0.45593262,4.4955916
136,634.11725,294.57532,634.95654,294.17914,0.83929443,-0.3961792,0.92810184
136,384.75958,321.1414,386.96753,322.12888,2.2079468,0.9874878,2.4187107
137,632.1424,245.28024,632.85547,244.72173,0.71307373,-0.55851746,0.90576816
137,421.7139,341.9713,426.3518,342.55978,4.637909,0.58847046,4.675093
137,432.61203,317.4976,436.02386,318.22977,3.4118347,0.73217773,3.489513
137,427.96164,427.73465,432.2064,428.98907,4.244751,1.254425,4.4262276
137,614.0833,364.23874,619.46265,363.6225,5.3793335,-0.61624146,5.414516
137,477.7647,234.77856,478.42892,235.3357,0.6642151,0.5571289,0.8669338
137,418.20145,367.58163,422.53537,367.82382,4.3339233,0.2421875,4.340685
137,634.95654,294.17914,635.7379,293.76712,0.7813721,-0.41201782,0.88334644
137,386.96753,322.12888,389.36206,322.86435,2.3945312,0.73547363,2.5049353
138,632.85547,244.72173,633.84985,244.26913,0.99438477,-0.45259094,1.0925381
138,426.3518,342.55978,430.77634,343.10364,4.42453,0.54385376,4.4578295
138,436.02386,318.22977,439.52103,318.85852,3.4971619,0.62875366,3.553234
138,432.2064,428.98907,436.43097,430.1539,4.224579,1.1648254,4.382224
138,619.46265,363.6225,624.7193,363.29663,5.256653,-0.3258667,5.2667437
138,478.42892,235.3357,479.49307,235.70312,1.064148,0.36743164,1.1257962
138,422.53537,367.82382,427.06454,368.29044,4.529175,0.46661377,4.5531473
138,635.7379,293.76712,637.53674,293.36563,1.7988281,-0.40148926,1.8430887
138,389.36206,322.86435,391.6051,323.6222,2.243042,0.757843,2.367607
139,633.84985,244.26913,635.09937,243.72913,1.2495117,-0.54000854,1.3612086
139,430.77634,343.10364,435.03116,343.65433,4.254822,0.5506897,4.290311
139,439.52103,318.85852,442.94644,319.50513,3.425415,0.64660645,3.48591
139,436.43097,430.1539,440.46558,431.09656,4.034607,0.9426575,4.143266
139,624.7193,363.29663,629.2818,362.83917,4.5625,-0.4574585,4.5853763
139,479.49307,235.70312,480.6198,236.15369,1.1267395,0.45056152,1.2134857
139,427.06454,368.29044,431.3179,368.5921,4.253357,0.30166626,4.2640414
139,637.53674,293.36563,640.18964,293.13333,2.652893,-0.2322998,2.6630442
139,391.6051,323.6222,394.11578,324.37527,2.5106812,0.7530823,2.621193
140,635.09937,243.72913,636.5408,243.54361,1.4414062,-0.18551636,1.4532956
140,435.03116,343.65433,439.00906,344.18625,3.9779053,0.5319214,4.013312
140,442.94644,319.50513,446.22226,320.2521,3.2758179,0.74697876,3.3599048
140,440.46558,431.09656,444.48062,431.8926,4.015045,0.796051,4.0931997
140,629.2818,362.83917,633.5475,362.58792,4.265686,-0.25125122,4.273079
140,480.6198,236.15369,482.01254,236.58879,1.3927307,0.43510437,1.4591143
140,431.3179,368.5921,435.30518,369.00778,3.9872742,0.41567993,4.0088835
140,640.18964,293.13333,642.5245,292.98846,2.3348389,-0.14486694,2.3393288
140,394.11578,324.37527,396.50916,325.0646,2.3933716,0.68933105,2.4906635
141,636.5408,243.54361,638.3085,243.36244,1.7677002,-0.1811676,1.7769597
141,439.00906,344.18625,443.00098,344.41922,3.9919128,0.23297119,3.9987054
141,446.22226,320.2521,449.47812,320.631,3.2558594,0.37890625,3.2778332
141,444.48062,431.8926,448.2236,432.5321,3.742981,0.63949585,3.7972176
141,633.5475,362.58792,637.8277,362.37964,4.2802124,-0.20828247,4.285277
141,482.01254,236.58879,483.83508,236.87761,1.8225403,0.28881836,1.8452829
141,435.30518,369.00778,439.29022,369.35742,3.9850464,0.3496399,4.0003552
141,642.5245,292.98846,645.3037,292.70703,2.7792358,-0.2814331,2.793449
141,396.50916,325.0646,399.4679,325.55945,2.9587402,0.49484253,2.9998355
142,638.3085,243.36244,640.3094,243.15483,2.0009155,-0.20761108,2.0116575
142,443.00098,344.41922,446.58807,344.7457,3.5870972,0.32647705,3.6019235
142,449.47812,320.631,452.7565,321.02475,3.2783813,0.3937378,3.301941
142,448.2236,432.5321,451.71597,433.0545,3.4923706,0.5223999,3.5312254
142,637.8277,362.37964,641.5731,362.3021,3.7454224,-0.077545166,3.7462249
142,483.83508,236.87761,485.66895,237.15536,1.8338623,0.27775574,1.8547773
142,439.29022,369.35742,443.0111,369.48965,3.7208862,0.13223267,3.7232351
142,645.3037,292.70703,647.8908,292.88486,2.5870972,0.17782593,2.5932014
142,399.4679,325.55945,402.0624,325.97308,2.594513,0.41363525,2.6272783
143,640.3094,243.15483,642.05145,242.90944,1.7420654,-0.24539185,1.7592638
143,446.58807,344.7457,449.97556,344.82104,3.3874817,0.0753479,3.3883195
143,452.7565,321.02475,455.67175,321.18903,2.9152527,0.16427612,2.9198775
143,451.71597,433.0545,454.95673,433.3471,3.2407532,0.29260254,3.2539358
143,641.5731,362.3021,645.0999,361.91183,3.5267944,-0.3902588,3.5483208
143,485.66895,237.15536,487.48206,237.33458,1.8131104,0.17921448,1.8219459
143,443.0111,369.48965,446.32303,369.6457,3.3119202,0.15603638,3.3155937
143,647.8908,292.88486,650.3077,292.61963,2.41687,-0.26522827,2.4313798
143,402.0624,325.97308,404.50665,326.06906,2.4442444,0.09597778,2.446128
144,642.05145,242.90944,643.5615,242.65616,1.5100708,-0.25328064,1.5311645
144,449.97556,344.82104,453.3434,344.92554,3.367859,0.10449219,3.3694794
144,455.67175,321.18903,458.6552,321.19202,2.9834595,0.0029907227,2.983461
144,454.95673,433.3471,458.25372,433.60983,3.296997,0.26272583,3.3074484
144,645.0999,361.91183,648.7137,361.6185,3.6137695,-0.29333496,3.6256552
144,487.48206,237.33458,488.98926,237.3364,1.5072021,0.0018157959,1.5072033
144,446.32303,369.6457,449.60553,369.69342,3.2825012,0.047729492,3.2828484
144,650.3077,292.61963,652.74493,292.4731,2.4372559,-0.1465149,2.4416556
144,404.50665,326.06906,406.7883,326.09048,2.2816467,0.02142334,2.2817473
145,643.5615,242.65616,645.2994,242.33907,1.737854,-0.3170929,1.7665459
145,453.3434,344.92554,456.1237,344.89948,2.7802734,-0.026062012,2.7803955
145,458.6552,321.19202,461.23737,321.1876,2.5821533,-0.004425049,2.5821571
145,458.25372,433.60983,460.92056,433.7315,2.6668396,0.121673584,2.6696138
145,648.7137,361.6185,651.7684,361.17664,3.0546875,-0.441864,3.0864801
145,488.98926,237.3364,490.7661,237.33942,1.7768555,0.0030212402,1.776858
145,449.60553,369.69342,452.59354,369.63467,2.9880066,-0.058746338,2.988584
145,652.74493,292.4731,654.9223,292.11328,2.1773682,-0.35983276,2.2069008
145,406.7883,326.09048,408.96606,326.06885,2.177765,-0.021636963,2.1778724
146,645.2994,242.33907,647.13837,242.0945,1.8389893,-0.24456787,1.8551806
146,456.1237,344.89948,459.1305,344.80527,3.0068054,-0.09420776,3.008281
146,461.23737,321.1876,463.8625,321.14993,2.625122,-0.03765869,2.6253922
146,460.92056,433.7315,463.97247,433.74875,3.0519104,0.017242432,3.0519593
146,651.7684,361.17664,654.9696,360.72644,3.201233,-0.4501953,3.232734
146,490.7661,237.33942,492.6165,237.30406,1.8503723,-0.035354614,1.85071
146,452.59354,369.63467,455.54688,369.56104,2.9533386,-0.073638916,2.9542565
146,654.9223,292.11328,657.218,291.6933,2.2957153,-0.4199829,2.3338153
146,408.96606,326.06885,411.43634,325.80212,2.4702759,-0.26672363,2.4846337
147,647.13837,242.0945,648.94714,241.74635,1.8087769,-0.34814453,1.8419768
147,459.1305,344.80527,462.35638,344.80386,3.225891,-0.0014038086,3.2258914
147,463.8625,321.14993,466.585,321.15726,2.7225037,0.0073242188,2.7225134
147,463.97247,433.74875,466.94943,433.821,2.9769592,0.072265625,2.9778364
147,654.9696,360.72644,658.2944,360.51147,3.324768,-0.21496582,3.3317103
147,492.6165,237.30406,494.28903,237.24704,1.6725464,-0.057022095,1.6735182
147,455.54688,369.56104,458.7528,369.5323,3.2059326,-0.028747559,3.2060616
147,657.218,291.6933,659.54895,291.52527,2.3309326,-0.16802979,2.3369813
147,411.43634,325.80212,413.6738,325.79843,2.2374573,-0.003692627,2.2374604
148,648.94714,241.74635,650.5054,241.58867,1.5582275,-0.15768433,1.5661857
148,462.35638,344.80386,465.86102,345.0061,3.5046387,0.20223999,3.5104692
148,466.585,321.15726,469.54004,321.35443,2.9550476,0.19717407,2.9616184
148,466.94943,433.821,470.45016,434.45023,3.5007324,0.6292114,3.5568295
148,658.2944,360.51147,661.9469,360.28516,3.6525269,-0.22631836,3.6595318
148,494.28903,237.24704,495.88297,237.45476,1.5939331,0.2077179,1.6074108
148,458.7528,369.5323,462.24142,369.62555,3.488617,0.09326172,3.4898634
148,659.54895,291.52527,662.0111,291.47888,2.4621582,-0.04638672,2.4625952
148,413.6738,325.79843,416.32767,326.0521,2.6538696,0.2536621,2.6659648
149,650.5054,241.58867,652.1057,241.33662,1.6003418,-0.25204468,1.6200681
149,465.86102,345.0061,469.15088,345.3521,3.289856,0.3460083,3.3080015
149,469.54004,321.35443,472.49673,321.82245,2.9566956,0.46801758,2.9935079
149,470.45016,434.45023,473.83008,434.98868,3.3799133,0.53845215,3.4225347
149,661.9469,360.28516,665.5863,359.95758,3.6394043,-0.32757568,3.6541169
149,495.88297,237.45476,497.45242,237.66827,1.569458,0.21351624,1.5839152
149,462.24142,369.62555,465.68988,370.0015,3.4484558,0.37594604,3.4688878
149,662.0111,291.47888,664.3009,291.43182,2.289795,-0.047058105,2.2902784
149,416.32767,326.0521,418.74554,326.2278,2.4178772,0.17572021,2.4242542
150,652.1057,241.33662,653.5646,241.25002,1.4588623,-0.08660889,1.4614309
150,469.15088,345.3521,473.3322,345.72397,4.1813354,0.3718567,4.197838
150,472.49673,321.82245,475.76642,322.21436,3.2696838,0.39190674,3.2930872
150,473.83008,434.98868,477.60226,435.75137,3.7721863,0.7626953,3.8485184
150,665.5863,359.95758,669.8448,359.89194,4.258484,-0.06564331,4.25899
150,497.45242,237.66827,498.9994,238.2369,1.5469666,0.5686188,1.6481605
150,465.68988,370.0015,469.84015,370.59158,4.1502686,0.5900879,4.192008
150,664.3009,291.43182,666.84033,291.3612,2.5394287,-0.070617676,2.5404103
150,418.74554,326.2278,421.17673,326.67007,2.4311829,0.44226074,2.4710817
151,653.5646,241.25002,655.08167,241.07814,1.5170898,-0.171875,1.5267949
151,473.3322,345.72397,477.30835,346.23312,3.9761353,0.5091553,4.008602
151,475.76642,322.21436,479.163,322.86,3.396576,0.6456299,3.457393
151,477.60226,435.75137,481.54623,436.6005,3.9439697,0.8491211,4.0343404
151,669.8448,359.89194,673.99475,359.64505,4.1499634,-0.2468872,4.157301
151,498.9994,238.2369,500.54956,238.62294,1.5501709,0.38604736,1.5975176
151,469.84015,370.59158,473.7062,371.03207,3.8660583,0.44049072,3.8910718
151,666.84033,291.3612,669.246,291.1582,2.4056396,-0.20300293,2.4141898
151,421.17673,326.67007,423.94205,327.19708,2.7653198,0.52700806,2.81509
152,655.08167,241.07814,656.64575,240.73694,1.5640869,-0.34120178,1.6008706
152,477.30835,346.23312,481.1223,346.51758,3.8139648,0.28445435,3.8245578
152,479.163,322.86,482.4153,323.26172,3.2523193,0.4017334,3.277037
152,481.54623,436.6005,485.41046,437.15732,3.8642273,0.55682373,3.9041395
152,673.99475,359.64505,678.04565,359.4223,4.0509033,-0.2227478,4.057023
152,500.54956,238.62294,502.33044,238.80737,1.7808838,0.18443298,1.7904085
152,473.7062,371.03207,477.6971,371.28998,3.9909058,0.25790405,3.9992304
152,669.246,291.1582,671.83936,290.98447,2.5933838,-0.17373657,2.5991967
152,423.94205,327.19708,426.57535,327.5059,2.6333008,0.30880737,2.651346
153,656.64575,240.73694,658.21387,240.48904,1.5681152,-0.24789429,1.5875884
153,481.1223,346.51758,485.20877,346.77243,4.0864563,0.2548523,4.0943956
153,482.4153,323.26172,485.6069,323.7632,3.1915894,0.50149536,3.2307491
153,485.41046,437.15732,489.39426,437.6811,3.9837952,0.5237732,4.0180793
153,678.04565,359.4223,682.25653,358.86807,4.2108765,-0.55422974,4.2471933
153,502.33044,238.80737,503.78192,239.15459,1.451477,0.34721375,1.4924285
153,477.6971,371.28998,481.7706,371.60632,4.0734863,0.3163452,4.0857515
153,671.83936,290.98447,674.4233,290.64267,2.5839233,-0.34179688,2.6064315
153,426.57535,327.5059,429.2518,327.9685,2.6764526,0.46261597,2.7161393
154,658.21387,240.48904,659.32544,240.08972,1.1115723,-0.3993225,1.1811229
154,485.20877,346.77243,488.8433,347.19034,3.6345215,0.4179077,3.6584687
154,485.6069,323.7632,488.5969,324.37524,2.9899902,0.61203,3.0519865
154,489.39426,437.6811,493.1939,438.36456,3.799652,0.6834717,3.8606334
154,682.25653,358.86807,685.9617,358.2721,3.7051392,-0.5959778,3.752765
154,503.78192,239.15459,504.90338,239.5386,1.12146,0.38401794,1.1853869
154,481.7706,371.60632,485.74222,371.87546,3.9716187,0.26913452,3.9807272
154,674.4233,290.64267,676.4969,290.17786,2.0736084,-0.46481323,2.1250656
154,429.2518,327.9685,431.7285,328.47287,2.4766846,0.504364,2.5275185
155,659.32544,240.08972,660.1039,239.60696,0.7784424,-0.48275757,0.9159844
155,488.8433,347.19034,491.99847,347.55588,3.155182,0.36553955,3.1762857
155,488.5969,324.37524,491.58838,325.21426,2.9914856,0.8390198,3.106918
155,493.1939,438.36456,496.86404,439.08594,3.6701355,0.7213745,3.7403576
155,685.9617,358.2721,689.94507,357.6882,3.9833984,-0.5838928,4.0259647
155,504.90338,239.5386,505.8525,239.76355,0.9491272,0.22494507,0.9754192
155,485.74222,371.87546,488.87717,372.36313,3.1349487,0.4876709,3.172653
155,676.4969,290.17786,678.52264,289.75427,2.0257568,-0.42358398,2.0695686
155,431.7285,328.47287,433.83798,329.0404,2.109497,0.5675354,2.1845078
156,660.1039,239.60696,660.84436,239.16193,0.7404785,-0.44503784,0.8639254
156,491.99847,347.55588,494.616,348.20035,2.6175232,0.6444702,2.6956947
156,491.58838,325.21426,494.27725,325.80997,2.6888733,0.5957031,2.75407
156,496.86404,439.08594,500.92636,439.86417,4.062317,0.77822876,4.136189
156,689.94507,357.6882,694.36975,356.96912,4.4246826,-0.7190857,4.4827337
156,505.8525,239.76355,506.78665,240.2713,0.93414307,0.50775146,1.0632191
156,488.87717,372.36313,491.71582,373.02008,2.8386536,0.6569519,2.9136815
156,678.52264,289.75427,680.55914,289.4983,2.036499,-0.25598145,2.052524
156,433.83798,329.0404,436.0806,329.67596,2.2426147,0.6355591,2.3309345
157,660.84436,239.16193,661.64764,238.79056,0.8032837,-0.3713684,0.8849741
157,494.616,348.20035,497.2877,348.87997,2.671692,0.67962646,2.756779
157,494.27725,325.80997,496.82318,326.6098,2.545929,0.7998352,2.668612
157,500.92636,439.86417,505.04602,440.8228,4.1196594,0.9586487,4.229728
157,694.36975,356.96912,698.4516,356.50638,4.081848,-0.46273804,4.1079936
157,506.78665,240.2713,507.75363,240.68523,0.96698,0.41392517,1.051848
157,491.71582,373.02008,494.28845,373.58466,2.5726318,0.5645752,2.6338527
157,680.55914,289.4983,682.83075,289.3221,2.2716064,-0.17617798,2.278428
157,436.0806,329.67596,438.5517,330.3116,2.4710999,0.63565063,2.5515459
158,661.64764,238.79056,662.4422,238.46744,0.79455566,-0.32312012,0.8577443
158,497.2877,348.87997,499.92096,349.5953,2.6332703,0.71533203,2.7287016
158,496.82318,326.6098,499.18756,327.2815,2.36438,0.6716919,2.4579387
158,505.04602,440.8228,509.20578,441.61404,4.1597595,0.79122925,4.2343407
158,698.4516,356.50638,702.5841,355.7255,4.1325073,-0.7808838,4.205639
158,507.75363,240.68523,508.5194,241.19627,0.7657776,0.51104736,0.9206436
158,494.28845,373.58466,496.8242,374.34723,2.535736,0.76257324,2.6479192
158,682.83075,289.3221,684.8012,289.2319,1.970459,-0.09020996,1.9725229
158,438.5517,330.3116,440.8265,330.9346,2.2748108,0.62298584,2.3585749
159,662.4422,238.46744,663.1603,238.12433,0.7180786,-0.34310913,0.79583967
159,499.92096,349.5953,502.39993,350.36566,2.4789734,0.7703552,2.5959115
159,499.18756,327.2815,501.62894,327.96384,2.4413757,0.6823425,2.5349374
159,509.20578,441.61404,513.53235,442.57825,4.3265686,0.9642029,4.4327064
159,702.5841,355.7255,706.42883,355.32343,3.8447266,-0.4020691,3.8656929
159,508.5194,241.19627,509.46503,241.66255,0.9456177,0.46627808,1.0543282
159,496.8242,374.34723,499.46243,375.07712,2.6382446,0.7298889,2.7373476
159,684.8012,289.2319,686.9046,289.14102,2.1033936,-0.09088135,2.105356
159,440.8265,330.9346,443.3302,331.67224,2.5036926,0.7376404,2.6100938
160,663.1603,238.12433,663.91943,237.84421,0.7591553,-0.28012085,0.8091875
160,502.39993,350.36566,504.84518,351.17307,2.4452515,0.80740356,2.5751028
160,501.62894,327.96384,504.17358,328.66666,2.5446472,0.7028198,2.6399214
160,513.53235,442.57825,517.6643,443.34235,4.131958,0.7640991,4.202014
160,706.42883,355.32343,710.0011,354.6789,3.5722656,-0.64453125,3.6299453
160,509.46503,241.66255,510.49576,242.24202,1.0307312,0.5794678,1.1824507
160,499.46243,375.07712,502.04947,375.5727,2.5870361,0.49557495,2.634075
160,686.9046,289.14102,689.2816,289.31412,2.3770142,0.1730957,2.3833084
160,443.3302,331.67224,445.67664,332.38263,2.3464355,0.7103882,2.451614
161,663.91943,237.84421,664.7944,237.55934,0.87493896,-0.28486633,0.9201451
161,504.84518,351.17307,507.13358,351.6376,2.288391,0.46453857,2.3350654
161,504.17358,328.66666,506.407,329.08777,2.233429,0.42111206,2.2727826
161,517.6643,443.34235,521.33484,443.8098,3.6705322,0.46746826,3.7001803
161,710.0011,354.6789,713.12616,354.29343,3.125061,-0.38546753,3.1487446
161,510.49576,242.24202,511.71283,242.78903,1.2170715,0.5470123,1.3343484
161,502.04947,375.5727,504.40143,376.06488,2.3519592,0.4921875,2.4029067
161,689.2816,289.31412,691.0951,289.2109,1.8134766,-0.10321045,1.8164111
161,445.67664,332.38263,448.24017,332.89795,2.5635376,0.5153198,2.6148193
162,664.7944,237.55934,666.06915,237.32826,1.2747803,-0.2310791,1.2955548
162,507.13358,351.6376,509.61295,352.0565,2.47937,0.41888428,2.514506
162,506.407,329.08777,508.82892,329.52097,2.4219055,0.43319702,2.4603426
162,521.33484,443.8098,525.33734,444.30893,4.0025024,0.499115,4.033502
162,713.12616,354.29343,715.7383,353.68372,2.6121216,-0.6097107,2.6823359
162,511.71283,242.78903,512.9869,242.97932,1.2740479,0.19029236,1.2881805
162,504.40143,376.06488,507.118,376.27603,2.7165833,0.21115112,2.724777
162,691.0951,289.2109,693.3173,289.2101,2.222229,-0.00079345703,2.222229
162,448.24017,332.89795,450.61798,333.2276,2.3778076,0.32965088,2.4005497
163,666.06915,237.32826,667.58966,236.88734,1.5205078,-0.44091797,1.5831465
163,509.61295,352.0565,511.94388,352.24963,2.3309326,0.19314575,2.3389213
163,508.82892,329.52097,511.1742,329.528,2.3452759,0.0070495605,2.3452864
163,525.33734,444.30893,528.59143,444.35217,3.2540894,0.04324341,3.2543766
163,715.7383,353.68372,718.8094,353.1373,3.071106,-0.54641724,3.119337
163,512.9869,242.97932,514.7053,243.06148,1.7184448,0.08215332,1.7204074
163,507.118,376.27603,509.5537,376.53223,2.4356995,0.25619507,2.449136
163,693.3173,289.2101,695.9547,289.43887,2.6373901,0.22875977,2.6472926
163,450.61798,333.2276,453.0294,333.28342,2.4114075,0.05581665,2.4120533
164,667.58966,236.88734,669.0206,236.44131,1.4309692,-0.44602966,1.4988713
164,511.94388,352.24963,514.2872,352.2257,2.3432922,-0.023925781,2.3434143
164,511.1742,329.528,513.38715,329.5301,2.2129517,0.0020751953,2.2129526
164,528.59143,444.35217,531.8661,444.27173,3.2746582,-0.080444336,3.2756462
164,718.8094,353.1373,721.4084,352.5134,2.598999,-0.62390137,2.6728354
164,514.7053,243.06148,516.3779,243.06573,1.6726074,0.004257202,1.6726128
164,509.5537,376.53223,512.0195,376.49863,2.4657593,-0.033599854,2.4659882
164,695.9547,289.43887,698.1073,289.11316,2.152588,-0.3257141,2.1770906
164,453.0294,333.28342,455.45508,333.3323,2.4256897,0.04888916,2.4261825
165,669.0206,236.44131,670.9774,236.20045,1.9567871,-0.24085999,1.971555
165,514.2872,352.2257,516.78503,352.17767,2.4978638,-0.048034668,2.4983256
165,513.38715,329.5301,515.8291,329.47647,2.4419556,-0.053619385,2.4425442
165,531.8661,444.27173,535.12976,444.04163,3.2636719,-0.23010254,3.2717733
165,721.4084,352.5134,724.3996,351.9403,2.991211,-0.5730896,3.0456157
165,516.3779,243.06573,518.27905,243.05856,1.901123,-0.007171631,1.9011365
165,512.0195,376.49863,514.5757,376.4235,2.5562134,-0.07513428,2.5573175
165,698.1073,289.11316,701.1103,289.69968,3.0029907,0.58651733,3.0597312
165,455.45508,333.3323,458.17838,333.3137,2.723297,-0.018615723,2.7233608
166,670.9774,236.20045,672.78973,235.71803,1.8123169,-0.48242188,1.8754262
166,516.78503,352.17767,519.34033,352.12277,2.5552979,-0.054901123,2.5558875
166,515.8291,329.47647,518.4102,329.45203,2.5811157,-0.02444458,2.5812316
166,535.12976,444.04163,538.5933,443.9822,3.463562,-0.059417725,3.4640715
166,724.3996,351.9403,727.2539,351.464,2.854309,-0.47631836,2.8937795
166,518.27905,243.05856,520.29126,242.90543,2.012207,-0.1531372,2.0180259
166,514.5757,376.4235,517.30115,376.2342,2.7254639,-0.18930054,2.7320302
166,701.1103,289.69968,703.41504,289.3806,2.3047485,-0.31906128,2.3267286
166,458.17838,333.3137,460.6322,333.19263,2.453827,-0.12106323,2.4568117
167,672.78973,235.71803,674.6973,235.34776,1.9075928,-0.37026978,1.9431958
167,519.34033,352.12277,521.80054,351.82758,2.460205,-0.29519653,2.4778519
167,518.4102,329.45203,520.6774,329.12613,2.267212,-0.32589722,2.290515
167,538.5933,443.9822,541.59186,443.74304,2.9985352,-0.23916626,3.008058
167,727.2539,351.464,730.0559,350.68207,2.802002,-0.7819214,2.9090576
167,520.29126,242.90543,522.25757,242.67078,1.9663086,-0.23464966,1.98026
167,517.30115,376.2342,519.7807,375.99866,2.4795532,-0.23553467,2.490715
167,703.41504,289.3806,705.1723,288.13382,1.7572632,-1.2467957,2.15464
167,460.6322,333.19263,463.17795,332.92096,2.5457458,-0.27166748,2.5602002
168,674.6973,235.34776,676.59686,234.85971,1.8995361,-0.48805237,1.9612324
168,521.80054,351.82758,524.29645,351.57178,2.4959106,-0.25579834,2.5089843
168,520.6774,329.12613,523.09753,328.91962,2.420105,-0.20651245,2.4289
168,541.59186,443.74304,544.6924,443.48697,3.100525,-0.256073,3.1110816
168,730.0559,350.68207,732.93445,350.31027,2.87854,-0.37179565,2.9024515
168,522.25757,242.67078,524.26697,242.38376,2.0093994,-0.28701782,2.0297945
168,519.7807,375.99866,522.38794,375.69998,2.6072388,-0.29867554,2.6242907
168,705.1723,288.13382,710.2956,292.14346,5.123291,4.0096436,6.505794
168,463.17795,332.92096,465.5208,332.61008,2.342865,-0.31088257,2.363401
169,676.59686,234.85971,678.61224,234.55107,2.0153809,-0.30863953,2.0388768
169,524.29645,351.57178,526.5416,351.41443,2.2451782,-0.15734863,2.2506852
169,523.09753,328.91962,525.4276,328.5084,2.3300781,-0.41122437,2.3660874
169,544.6924,443.48697,547.56445,443.0975,2.8720703,-0.38946533,2.8983567
169,732.93445,350.31027,735.5916,349.638,2.6571655,-0.6722717,2.74089
169,524.26697,242.38376,526.25684,242.1048,1.9898682,-0.27896118,2.009327
169,522.38794,375.69998,524.6635,375.45004,2.2755737,-0.24993896,2.2892587
169,710.2956,292.14346,712.9689,292.2987,2.6732788,0.15524292,2.6777825
169,465.5208,332.61008,467.90253,332.17047,2.3817139,-0.4396057,2.4219444
170,678.61224,234.55107,680.57916,234.07835,1.966919,-0.4727173,2.0229266
170,526.5416,351.41443,528.75116,350.91803,2.2095337,-0.49639893,2.2646084
170,525.4276,328.5084,527.6524,328.26114,2.2247925,-0.24725342,2.2384896
170,547.56445,443.0975,550.08246,442.7269,2.5180054,-0.37060547,2.5451324
170,735.5916,349.638,737.9343,349.22055,2.3427124,-0.41744995,2.3796146
170,526.25684,242.1048,528.2791,241.7072,2.0222778,-0.39759827,2.060993
170,524.6635,375.45004,526.7828,375.2358,2.1192627,-0.2142334,2.1300635
170,712.9689,292.2987,713.07385,288.43356,0.10498047,-3.8651428,3.8665683
170,467.90253,332.17047,470.29993,331.73895,2.3974,-0.43151855,2.4359257
171,680.57916,234.07835,682.79156,233.56828,2.2124023,-0.5100708,2.2704396
171,528.75116,350.91803,531.0557,350.415,2.3045654,-0.50302124,2.3588243
171,527.6524,328.26114,529.7871,327.5184,2.1347046,-0.7427368,2.260226
171,550.08246,442.7269,552.6002,441.99847,2.5177612,-0.7284241,2.6210158
171,737.9343,349.22055,740.47845,348.41293,2.5441284,-0.8076172,2.6692386
171,528.2791,241.7072,530.48584,241.32713,2.206726,-0.38006592,2.2392163
171,526.7828,375.2358,529.18,374.45374,2.3972168,-0.782074,2.5215645
171,713.07385,288.43356,713.7496,285.21143,0.6757202,-3.2221375,3.2922285
171,470.29993,331.73895,472.73788,331.09808,2.4379578,-0.64086914,2.520784
172,682.79156,233.56828,685.42633,233.21765,2.6347656,-0.3506317,2.657994
172,531.0557,350.415,533.54755,349.58975,2.4918213,-0.82525635,2.624923
172,529.7871,327.5184,532.32294,326.76883,2.5358276,-0.74957275,2.644292
172,552.6002,441.99847,554.9027,441.11224,2.3024902,-0.88623047,2.4671574
172,740.47845,348.41293,742.99286,347.9424,2.5144043,-0.47052002,2.5580497
172,530.48584,241.32713,532.9649,240.58356,2.479065,-0.74357605,2.5881786
172,529.18,374.45374,531.5803,373.74057,2.4003296,-0.7131653,2.504034
172,713.7496,285.21143,716.41724,285.0316,2.6676636,-0.17984009,2.6737187
172,472.73788,331.09808,475.23325,330.37405,2.4953613,-0.72402954,2.5982778
173,685.42633,233.21765,688.44183,232.691,3.015503,-0.5266571,3.0611477
173,533.54755,349.58975,536.0473,348.42926,2.4997559,-1.160492,2.7559972
173,532.32294,326.76883,534.94104,325.75494,2.618103,-1.0138855,2.8075662
173,554.9027,441.11224,556.9331,440.02347,2.0303955,-1.0887756,2.3038964
173,742.99286,347.9424,745.4691,347.45197,2.4762573,-0.490448,2.5243592
173,532.9649,240.58356,535.98883,239.7556,3.0239258,-0.82795715,3.1352255
173,531.5803,373.74057,534.0618,372.73782,2.4815063,-1.0027466,2.676448
173,716.41724,285.0316,719.55237,284.9862,3.1351318,-0.04537964,3.1354601
173,475.23325,330.37405,477.6993,329.38242,2.4660645,-0.9916382,2.657973
174,688.44183,232.691,691.8044,232.62204,3.3625488,-0.06895447,3.363256
174,536.0473,348.42926,538.53156,347.65305,2.484253,-0.7762146,2.602695
174,534.94104,325.75494,537.4945,325.1027,2.5534668,-0.6522522,2.6354554
174,556.9331,440.02347,558.8859,439.00714,1.9528198,-1.0163269,2.20146
174,745.4691,347.45197,747.6447,347.32095,2.1755981,-0.13101196,2.1795392
174,535.98883,239.7556,538.99457,239.14186,3.0057373,-0.613739,3.067757
174,534.0618,372.73782,536.49896,371.81598,2.4371338,-0.9218445,2.6056511
174,719.55237,284.9862,722.66095,285.1598,3.1085815,0.17358398,3.1134243
174,477.6993,329.38242,480.3418,328.62073,2.6424866,-0.76168823,2.7500734
175,691.8044,232.62204,694.7545,232.52235,2.9501343,-0.09968567,2.951818
175,538.53156,347.65305,540.8287,346.9431,2.2971191,-0.7099304,2.4043205
175,537.4945,325.1027,540.036,324.63287,2.541504,-0.46981812,2.584564
175,558.8859,439.00714,560.5879,438.3507,1.7019653,-0.6564331,1.8241684
175,747.6447,347.32095,749.6068,347.27417,1.9620972,-0.046783447,1.9626548
175,538.99457,239.14186,541.9981,238.61269,3.00354,-0.5291748,3.0498
175,536.49896,371.81598,538.62555,371.09454,2.126587,-0.72143555,2.2456272
175,722.66095,285.1598,725.1067,285.12598,2.4457397,-0.033813477,2.4459734
175,480.3418,328.62073,482.78488,328.1175,2.4430847,-0.50323486,2.4943752
176,694.7545,232.52235,697.48926,232.53879,2.7347412,0.016433716,2.7347906
176,540.8287,346.9431,542.98456,346.2141,2.1558838,-0.7290039,2.2758033
176,540.036,324.63287,542.1286,324.09854,2.0925903,-0.5343323,2.1597328
176,560.5879,438.3507,561.5852,437.52576,0.99731445,-0.8249512,1.2942877
176,749.6068,347.27417,751.59515,347.48,1.9883423,0.20584106,1.9989686
176,541.9981,238.61269,544.629,238.27983,2.6309204,-0.33285522,2.6518927
176,538.62555,371.09454,540.50323,370.41983,1.8776855,-0.67471313,1.9952295
176,725.1067,285.12598,727.557,285.541,2.4503174,0.41500854,2.4852138
176,482.78488,328.1175,484.77206,327.5238,1.9871826,-0.59368896,2.0739722
177,697.48926,232.53879,700.2373,232.76901,2.7480469,0.23022461,2.7576737
177,542.98456,346.2141,544.75586,345.6839,1.7713013,-0.5302124,1.8489547
177,542.1286,324.09854,544.18115,323.60037,2.0525513,-0.49816895,2.112141
177,561.5852,437.52576,562.63257,437.06244,1.0473633,-0.46331787,1.1452656
177,751.59515,347.48,753.1039,347.98166,1.508728,0.50164795,1.5899405
177,544.629,238.27983,547.15717,237.931,2.5281372,-0.34883118,2.5520895
177,540.50323,370.41983,542.15356,369.94043,1.6503296,-0.47940063,1.7185496
177,727.557,285.541,729.10364,284.75598,1.5466309,-0.78500366,1.7344445
177,484.77206,327.5238,486.75598,327.01636,1.9839172,-0.5074463,2.0477865
178,700.2373,232.76901,702.7736,233.16777,2.536316,0.39875793,2.5674708
178,544.75586,345.6839,546.6054,345.20535,1.8495483,-0.47854614,1.9104543
178,544.18115,323.60037,545.9749,323.1619,1.7937622,-0.43847656,1.8465765
178,562.63257,437.06244,563.5341,436.55896,0.9015503,-0.503479,1.0326103
178,753.1039,347.98166,754.4947,348.42218,1.3908081,0.44052124,1.4589058
178,547.15717,237.931,549.64343,237.66351,2.486267,-0.26748657,2.5006146
178,542.15356,369.94043,543.7113,369.42194,1.5577393,-0.51849365,1.6417634
178,729.10364,284.75598,731.09845,285.01062,1.994812,0.25463867,2.0109987
178,486.75598,327.01636,488.5347,326.51544,1.778717,-0.5009155,1.8479043
179,702.7736,233.16777,705.3631,233.4171,2.5894775,0.24932861,2.601453
179,546.6054,345.20535,548.1372,344.91724,1.5317993,-0.28811646,1.5586598
179,545.9749,323.1619,547.7403,322.83405,1.7653809,-0.32785034,1.7955655
179,563.5341,436.55896,564.2996,436.1025,0.7655029,-0.45645142,0.891259
179,754.4947,348.42218,755.72705,348.83847,1.2323608,0.41629028,1.3007731
179,549.64343,237.66351,552.17615,237.43556,2.5327148,-0.22795105,2.5429523
179,543.7113,369.42194,545.2028,369.0468,1.4915161,-0.37512207,1.5379652
179,731.09845,285.01062,732.9785,284.9837,1.8800659,-0.026916504,1.8802587
179,488.5347,326.51544,490.15918,326.09048,1.6244812,-0.42495728,1.679145
180,705.3631,233.4171,707.8321,233.79199,2.4689941,0.3748932,2.497294
180,548.1372,344.91724,549.7685,344.66412,1.6312866,-0.2531128,1.6508065
180,547.7403,322.83405,549.4313,322.62228,1.690979,-0.21176147,1.7041869
180,564.2996,436.1025,565.1524,435.73346,0.8527832,-0.36904907,0.9292128
180,755.72705,348.83847,757.1512,349.36026,1.4241333,0.52178955,1.5167135
180,552.17615,237.43556,554.36224,237.32936,2.1860962,-0.10620117,2.1886742
180,545.2028,369.0468,546.747,368.75677,1.5441895,-0.29003906,1.5711918
180,732.9785,284.9837,734.0377,284.02435,1.0592041,-0.9593506,1.429079
180,490.15918,326.09048,491.75333,325.67166,1.5941467,-0.41882324,1.6482465
181,707.8321,233.79199,710.2193,234.25621,2.387207,0.46421814,2.4319243
181,549.7685,344.66412,551.4495,344.38638,1.6810303,-0.27774048,1.70382
181,549.4313,322.62228,551.26355,322.40604,1.8322754,-0.21624756,1.8449922
181,565.1524,435.73346,566.093,435.4886,0.9406128,-0.24487305,0.97196466
181,757.1512,349.36026,758.48785,349.8681,1.3366699,0.507843,1.429892
181,554.36224,237.32936,556.6005,237.2322,2.2382812,-0.09716797,2.2403893
181,546.747,368.75677,548.2915,368.4461,1.5444946,-0.31066895,1.5754298
181,734.0377,284.02435,735.5064,283.69116,1.468689,-0.33319092,1.5060091
181,491.75333,325.67166,493.4709,325.4888,1.7175598,-0.18286133,1.7272666
182,710.2193,234.25621,712.5045,234.36635,2.2852173,0.11013794,2.28787
182,551.4495,344.38638,553.18317,344.09485,1.7336426,-0.29153442,1.7579843
182,551.26355,322.40604,552.9834,322.05414,1.7198486,-0.3518982,1.7554804
182,566.093,435.4886,567.33624,435.23816,1.2432251,-0.25042725,1.2681965
182,758.48785,349.8681,760.1964,350.201,1.7085571,0.33288574,1.7406839
182,556.6005,237.2322,558.84467,236.89287,2.2441406,-0.33932495,2.2696495
182,548.2915,368.4461,549.865,368.21793,1.5734863,-0.22817993,1.5899451
182,735.5064,283.69116,737.5017,283.9527,1.9953003,0.26153564,2.012368
182,493.4709,325.4888,495.24362,325.15228,1.7727356,-0.33651733,1.8043933
183,712.5045,234.36635,714.6468,234.50255,2.142273,0.13619995,2.1465983
183,553.18317,344.09485,554.9229,343.854,1.7397461,-0.24084473,1.7563379
183,552.9834,322.05414,554.8607,321.92,1.8773193,-0.13412476,1.8821045
183,567.33624,435.23816,568.85815,434.98532,1.5219116,-0.25283813,1.542771
183,760.1964,350.201,761.8543,350.4764,1.657898,0.27542114,1.6806197
183,558.84467,236.89287,560.84607,236.87006,2.0014038,-0.02281189,2.0015337
183,549.865,368.21793,551.52655,367.83466,1.66156,-0.38327026,1.7051915
183,737.5017,283.9527,739.5421,284.04758,2.0404053,0.09487915,2.0426102
183,495.24362,325.15228,497.09595,324.91263,1.8523254,-0.23965454,1.8677644
184,714.6468,234.50255,717.0637,234.74417,2.4169312,0.24162292,2.4289787
184,554.9229,343.854,556.9225,343.72113,1.9995728,-0.13287354,2.0039828
184,554.8607,321.92,556.9467,321.78836,2.0859985,-0.13165283,2.090149
184,568.85815,434.98532,570.7681,434.8428,1.9099731,-0.14251709,1.9152828
184,761.8543,350.4764,763.691,350.63123,1.8366699,0.15481567,1.8431832
184,560.84607,236.87006,563.20874,236.80453,2.362671,-0.06552124,2.3635793
184,551.52655,367.83466,553.5586,367.73645,2.0320435,-0.09820557,2.0344152
184,739.5421,284.04758,741.5219,283.79248,1.9797974,-0.25509644,1.9961643
184,497.09595,324.91263,499.22583,324.7143,2.1298828,-0.19833374,2.1390972
185,717.0637,234.74417,719.3102,234.8402,2.24646,0.09602356,2.2485113
185,556.9225,343.72113,558.91895,343.61203,1.99646,-0.10910034,1.9994388
185,556.9467,321.78836,559.03595,321.65137,2.0892334,-0.13699341,2.09372
185,570.7681,434.8428,572.65845,434.72733,1.8903198,-0.115478516,1.8938438
185,763.691,350.63123,766.0557,350.66403,2.364746,0.032806396,2.3649738
185,563.20874,236.80453,565.3362,236.77138,2.1274414,-0.03315735,2.1276999
185,553.5586,367.73645,555.564,367.64572,2.0054321,-0.09072876,2.0074835
185,741.5219,283.79248,744.14264,284.54932,2.6207275,0.75683594,2.727822
185,499.22583,324.7143,501.44962,324.48877,2.2237854,-0.2255249,2.2351918
186,719.3102,234.8402,721.2769,234.86383,1.9667358,0.023635864,1.9668778
186,558.91895,343.61203,561.212,343.75262,2.2930298,0.14059448,2.2973359
186,559.03595,321.65137,561.21295,321.68018,2.177002,0.028808594,2.1771927
186,572.65845,434.72733,575.3839,434.77533,2.7254639,0.04800415,2.7258866
186,766.0557,350.66403,768.5471,350.78687,2.491394,0.12283325,2.4944203
186,565.3362,236.77138,567.3246,236.79495,1.9884033,0.02357483,1.988543
186,555.564,367.64572,557.8869,367.72266,2.322876,0.076934814,2.3241496
186,744.14264,284.54932,746.34357,284.65826,2.2009277,0.108947754,2.2036226
186,501.44962,324.48877,503.71255,324.527,2.2629395,0.038238525,2.2632625
187,721.2769,234.86383,723.2777,234.86894,2.0007935,0.0051116943,2.0008
187,561.212,343.75262,563.7119,343.9609,2.499939,0.20828247,2.5086005
187,561.21295,321.68018,563.5727,321.9473,2.3597412,0.26712036,2.374812
187,575.3839,434.77533,578.2517,434.99234,2.8677979,0.2170105,2.8759968
187,768.5471,350.78687,771.6304,350.76624,3.083252,-0.020629883,3.083321
187,567.3246,236.79495,569.3125,237.08754,1.987915,0.29258728,2.0093317
187,557.8869,367.72266,560.3682,367.9335,2.4813232,0.21084595,2.4902654
187,746.34357,284.65826,748.5897,284.40927,2.2461548,-0.24899292,2.2599134
187,503.71255,324.527,506.20874,324.7039,2.4961853,0.17687988,2.5024445
188,723.2777,234.86894,724.706,234.80862,1.4282837,-0.060317993,1.4295567
188,563.7119,343.9609,565.89545,344.40637,2.1835327,0.4454651,2.2285094
188,563.5727,321.9473,565.6743,322.2665,2.1016235,0.31921387,2.125728
188,578.2517,434.99234,581.47296,435.47498,3.2212524,0.4826355,3.257208
188,771.6304,350.76624,774.2284,350.77997,2.5980225,0.01373291,2.5980587
188,569.3125,237.08754,570.80634,237.3686,1.4938354,0.2810669,1.520047
188,560.3682,367.9335,562.7619,368.28714,2.3936768,0.3536377,2.4196587
188,748.5897,284.40927,751.176,285.2242,2.5863037,0.8149414,2.7116592
188,506.20874,324.7039,508.53442,325.11606,2.3256836,0.4121704,2.361925
189,724.706,234.80862,726.3919,234.60014,1.6859131,-0.20848083,1.6987547
189,565.89545,344.40637,568.19794,344.5966,2.3024902,0.19021606,2.310334
189,565.6743,322.2665,568.0343,322.50192,2.3599854,0.2354126,2.3716977
189,581.47296,435.47498,584.6059,435.6831,3.1329346,0.20812988,3.1398404
189,774.2284,350.77997,777.0367,350.56943,2.8082886,-0.21054077,2.8161697
189,570.80634,237.3686,572.5692,237.40889,1.7628784,0.040283203,1.7633386
189,562.7619,368.28714,565.1281,368.4732,2.366211,0.18606567,2.3735151
189,751.176,285.2242,754.1038,286.4002,2.9277954,1.1759949,3.1551466
189,508.53442,325.11606,510.8256,325.232,2.2911682,0.11593628,2.2940996
190,726.3919,234.60014,728.1854,234.35155,1.7935181,-0.24859619,1.8106648
190,568.19794,344.5966,570.4701,344.72473,2.2721558,0.12814331,2.2757664
190,568.0343,322.50192,570.28973,322.68106,2.2554321,0.17913818,2.262535
190,584.6059,435.6831,587.6024,435.8462,2.996521,0.16308594,3.0009558
190,777.0367,350.56943,780.0161,350.17334,2.9794312,-0.39608765,3.0056438
190,572.5692,237.40889,574.2956,237.42447,1.7263794,0.015579224,1.7264497
190,565.1281,368.4732,567.5289,368.63776,2.4007568,0.16455078,2.4063895
190,754.1038,286.4002,756.2968,286.03067,2.1929932,-0.36953735,2.2239103
190,510.8256,325.232,513.16595,325.32812,2.3403625,0.09613037,2.342336
191,728.1854,234.35155,729.7513,234.08289,1.5658569,-0.2686615,1.5887375
191,570.4701,344.72473,572.4767,344.72473,2.0065918,0.0,2.0065918
191,570.28973,322.68106,572.0482,322.66895,1.7584839,-0.0121154785,1.7585256
191,587.6024,435.8462,590.4009,435.96082,2.798462,0.11462402,2.8008084
191,780.0161,350.17334,782.4232,349.65887,2.4071045,-0.51446533,2.4614685
191,574.2956,237.42447,575.78973,237.43094,1.4941406,0.0064697266,1.4941547
191,567.5289,368.63776,569.60223,368.62607,2.0733643,-0.011688232,2.0733974
191,756.2968,286.03067,758.29376,285.68686,1.9969482,-0.34381104,2.0263288
191,513.16595,325.32812,515.16724,325.32843,2.0012817,0.00030517578,2.0012817
192,729.7513,234.08289,730.9929,233.56657,1.2416382,-0.51631165,1.3447093
192,572.4767,344.72473,574.27405,344.78394,1.7973633,0.0592041,1.7983382
192,572.0482,322.66895,573.76733,322.66928,1.7191162,0.00033569336,1.7191162
192,590.4009,435.96082,592.95667,435.94937,2.5557861,-0.011444092,2.555812
192,782.4232,349.65887,785.0455,349.29175,2.6222534,-0.36712646,2.6478283
192,575.78973,237.43094,577.09155,237.28395,1.3018188,-0.14698792,1.3100908
192,569.60223,368.62607,571.5934,368.6547,1.9911499,0.028625488,1.9913557
192,758.29376,285.68686,760.32245,285.65817,2.0286865,-0.028686523,2.0288894
192,515.16724,325.32843,517.1544,325.35468,1.9871826,0.026245117,1.987356
193,730.9929,233.56657,732.0566,233.39792,1.0636597,-0.1686554,1.0769478
193,574.27405,344.78394,575.8479,344.89868,1.5738525,0.114746094,1.57803
193,573.76733,322.66928,575.41486,322.66208,1.647522,-0.0072021484,1.6475378
193,592.95667,435.94937,595.6599,436.09805,2.703247,0.14868164,2.7073328
193,785.0455,349.29175,787.59576,348.90564,2.550293,-0.3861084,2.5793555
193,577.09155,237.28395,578.357,237.35983,1.2654419,0.07588196,1.267715
193,571.5934,368.6547,573.46625,368.65067,1.8728638,-0.0040283203,1.8728681
193,760.32245,285.65817,765.7064,291.59146,5.383972,5.9332886,8.011933
193,517.1544,325.35468,518.88104,325.34213,1.7266235,-0.012542725,1.7266691
194,732.0566,233.39792,732.98236,233.03343,0.92578125,-0.3644867,0.99494797
194,575.8479,344.89868,577.64734,345.04425,1.7994385,0.14556885,1.8053169
194,575.41486,322.66208,576.90955,322.6314,1.49469,-0.030670166,1.4950045
194,595.6599,436.09805,598.4403,436.3142,2.7803955,0.216156,2.7887852
194,787.59576,348.90564,789.88654,348.36652,2.2907715,-0.53912354,2.3533568
194,578.357,237.35983,579.3401,237.43167,0.98309326,0.07183838,0.98571455
194,573.46625,368.65067,575.2908,368.70352,1.8245239,0.052856445,1.8252894
194,765.7064,291.59146,766.01404,288.87448,0.3076172,-2.71698,2.7343388
194,518.88104,325.34213,520.7706,325.41846,1.8895874,0.07632446,1.8911283
195,732.98236,233.03343,734.23096,232.75394,1.2485962,-0.27949524,1.2794961
195,577.64734,345.04425,579.56384,345.31,1.9165039,0.26574707,1.9348408
195,576.90955,322.6314,578.602,322.8604,1.6924438,0.2290039,1.7078668
195,598.4403,436.3142,601.1618,436.58554,2.7214966,0.2713318,2.734989
195,789.88654,348.36652,792.34045,348.03012,2.4539185,-0.33639526,2.4768684
195,579.3401,237.43167,580.4825,237.5324,1.142395,0.10072327,1.1468267
195,575.2908,368.70352,577.2596,368.87286,1.968811,0.16934204,1.9760804
195,766.01404,288.87448,768.1633,289.29333,2.149292,0.41885376,2.1897247
195,520.7706,325.41846,522.70294,325.4847,1.932312,0.06625366,1.9334475
196,734.23096,232.75394,735.3842,232.6462,1.1532593,-0.10774231,1.1582812
196,579.56384,345.31,581.4779,345.58704,1.9140625,0.27703857,1.9340076
196,578.602,322.8604,580.4281,323.21393,1.8261108,0.35351562,1.8600146
196,601.1618,436.58554,603.8766,436.86108,2.7147827,0.2755432,2.7287302
196,792.34045,348.03012,794.72504,347.8787,2.3845825,-0.15142822,2.389386
196,580.4825,237.5324,581.8798,237.63866,1.3973389,0.10626221,1.4013734
196,577.2596,368.87286,579.2668,369.15515,2.0072021,0.2822876,2.0269551
196,768.1633,289.29333,770.2072,289.461,2.0438843,0.16766357,2.0507495
196,522.70294,325.4847,524.3796,325.68243,1.6766357,0.19772339,1.6882541
197,735.3842,232.6462,736.6239,232.58337,1.239685,-0.062820435,1.2412758
197,581.4779,345.58704,583.3924,345.79608,1.9144897,0.20904541,1.9258689
197,580.4281,323.21393,582.17676,323.39743,1.7486572,0.1835022,1.7582592
197,603.8766,436.86108,606.53705,437.1116,2.6604614,0.2505188,2.6722302
197,794.72504,347.8787,797.17725,347.70285,2.4522095,-0.17584229,2.458506
197,581.8798,237.63866,583.415,237.9317,1.5351562,0.29304504,1.5628756
197,579.2668,369.15515,581.17444,369.4094,1.9076538,0.25424194,1.9245212
197,770.2072,289.461,772.29156,289.66443,2.0843506,0.20343018,2.0942543
197,524.3796,325.68243,526.6149,325.92148,2.2353516,0.23904419,2.2480967
198,736.6239,232.58337,737.91156,232.5209,1.2876587,-0.062469482,1.2891731
198,583.3924,345.79608,585.2434,345.9697,1.8510132,0.1736145,1.8591374
198,582.17676,323.39743,583.96643,323.48065,1.7896729,0.083221436,1.7916068
198,606.53705,437.1116,609.1704,437.25974,2.6333618,0.14813232,2.6375248
198,797.17725,347.70285,799.664,347.49698,2.4867554,-0.20587158,2.4952626
198,583.415,237.9317,584.7179,238.18748,1.3029175,0.25578308,1.3277873
198,581.17444,369.4094,583.23236,369.43607,2.0579224,0.026672363,2.0580952
198,772.29156,289.66443,774.23254,289.39288,1.940979,-0.2715454,1.9598818
198,526.6149,325.92148,528.4728,325.99808,1.8578491,0.07659912,1.8594276
199,737.91156,232.5209,739.41003,232.49702,1.4984741,-0.023880005,1.4986644
199,585.2434,345.9697,587.4542,346.26053,2.2108154,0.29083252,2.229863
199,583.96643,323.48065,585.9882,323.7844,2.0217896,0.30374146,2.0444784
199,609.1704,437.25974,612.0376,437.50555,2.8671875,0.24581909,2.8777058
199,799.664,347.49698,802.43866,347.38617,2.7746582,-0.110809326,2.77687
199,584.7179,238.18748,586.32056,238.2816,1.6026611,0.09411621,1.6054223
199,583.23236,369.43607,585.49884,369.71884,2.2664795,0.28277588,2.2840517
199,774.23254,289.39288,776.23413,289.25092,2.001587,-0.14196777,2.0066154
199,528.4728,325.99808,530.91077,326.2278,2.4379883,0.22973633,2.4487886
200,739.41003,232.49702,740.7094,232.29471,1.2993774,-0.20231628,1.3150337
200,587.4542,346.26053,589.56836,346.48785,2.1141357,0.22732544,2.1263225
200,585.9882,323.7844,588.0168,323.9969,2.0285645,0.2124939,2.0396636
200,612.0376,437.50555,614.859,437.64102,2.8214111,0.13546753,2.8246615
200,802.43866,347.38617,805.40247,347.12375,2.9638062,-0.26242065,2.9754012
200,586.32056,238.2816,587.8907,238.3152,1.5701294,0.033599854,1.5704888
200,585.49884,369.71884,587.83234,369.9056,2.333496,0.18676758,2.3409584
200,776.23413,289.25092,778.4049,289.09872,2.1707764,-0.15219116,2.176105
200,530.91077,326.2278,532.9755,326.32632,2.0647583,0.09851074,2.067107
201,740.7094,232.29471,742.2408,232.23003,1.5313721,-0.06468201,1.5327375
201,589.56836,346.48785,591.6804,346.55438,2.1120605,0.06652832,2.1131082
201,588.0168,323.9969,590.00336,324.11603,1.9865723,0.119140625,1.9901416
201,614.859,437.64102,618.0728,437.84286,3.2138062,0.20184326,3.2201383
201,805.40247,347.12375,808.20825,346.61365,2.8057861,-0.5101013,2.8517783
201,587.8907,238.3152,589.40497,238.47906,1.5142822,0.16386414,1.5231225
201,587.83234,369.9056,590.0356,369.96286,2.203247,0.057250977,2.2039907
201,778.4049,289.09872,780.21564,288.3077,1.81073,-0.7910156,1.9759678
201,532.9755,326.32632,535.1975,326.3258,2.2219849,-0.0005187988,2.2219849
202,742.2408,232.23003,743.52264,231.73126,1.2818604,-0.49876404,1.375475
202,591.6804,346.55438,594.1684,346.65912,2.487976,0.10473633,2.4901795
202,590.00336,324.11603,592.1158,324.0851,2.1124268,-0.030914307,2.112653
202,618.0728,437.84286,621.6536,437.90506,3.5808105,0.062194824,3.5813506
202,808.20825,346.61365,811.19995,345.8751,2.9916992,-0.7385559,3.081514
202,589.40497,238.47906,590.8796,238.5079,1.4746094,0.028839111,1.4748913
202,590.0356,369.96286,592.5566,370.04474,2.520996,0.08187866,2.5223253
202,780.21564,288.3077,782.3996,287.77542,2.18396,-0.5322876,2.2478902
202,535.1975,326.3258,537.68286,326.32303,2.4853516,-0.0027770996,2.485353
203,743.52264,231.73126,744.83795,231.31015,1.3153076,-0.42111206,1.3810755
203,594.1684,346.65912,596.44446,346.8723,2.276062,0.2131958,2.286025
203,592.1158,324.0851,594.2967,324.3436,2.1809082,0.2584839,2.1961727
203,621.6536,437.90506,625.19977,438.00882,3.5461426,0.103759766,3.5476604
203,811.19995,345.8751,814.58405,345.34293,3.3840942,-0.5321655,3.4256816
203,590.8796,238.5079,592.42487,238.59074,1.5452881,0.082839966,1.5475069
203,592.5566,370.04474,595.0398,370.08987,2.4832153,0.045135498,2.4836254
203,782.3996,287.77542,785.48914,288.33377,3.0895386,0.5583496,3.1395864
203,537.68286,326.32303,540.2281,326.31842,2.545227,-0.0046081543,2.5452313
204,744.83795,231.31015,746.16187,230.76698,1.3239136,-0.5431671,1.4310058
204,596.44446,346.8723,598.75684,346.88162,2.312378,0.009307861,2.3123968
204,594.2967,324.3436,596.6175,324.2519,2.3208008,-0.09170532,2.3226118
204,625.19977,438.00882,628.9812,438.00793,3.781433,-0.00088500977,3.7814333
204,814.58405,345.34293,817.676,344.5852,3.09198,-0.75772095,3.18347
204,592.42487,238.59074,594.03357,238.51501,1.6087036,-0.07572937,1.6104851
204,595.0398,370.08987,597.58203,370.01617,2.5422363,-0.07369995,2.5433044
204,785.48914,288.33377,791.55774,292.57983,6.0686035,4.246063,7.4065514
204,540.2281,326.31842,542.76776,326.20895,2.5396729,-0.10946655,2.5420308
205,746.16187,230.76698,747.6358,230.2689,1.473938,-0.4980774,1.5558195
205,598.75684,346.88162,601.3358,346.9003,2.5789795,0.018676758,2.5790472
205,596.6175,324.2519,598.6859,324.1435,2.0684204,-0.10839844,2.071259
205,628.9812,438.00793,632.5522,437.81967,3.570984,-0.18826294,3.575943
205,817.676,344.5852,820.7022,343.62555,3.026184,-0.95965576,3.1747015
205,594.03357,238.51501,595.67944,238.44852,1.645874,-0.0664978,1.6472168
205,597.58203,370.01617,600.1683,369.9724,2.5862427,-0.043762207,2.586613
205,791.55774,292.57983,791.3987,288.60938,-0.15905762,-3.970459,3.9736435
205,542.76776,326.20895,545.1713,325.93436,2.4035645,-0.27459717,2.4191995
206,747.6358,230.2689,749.02106,229.86127,1.3852539,-0.40763855,1.4439867
206,601.3358,346.9003,603.643,346.92328,2.30719,0.022979736,2.3073044
206,598.6859,324.1435,600.8954,324.13754,2.2094727,-0.0059509277,2.2094805
206,632.5522,437.81967,635.8097,437.8137,3.2575073,-0.0059814453,3.2575128
206,820.7022,343.62555,823.7276,343.16165,3.0253906,-0.4638977,3.0607498
206,595.67944,238.44852,597.25385,238.43279,1.5744019,-0.015731812,1.5744804
206,600.1683,369.9724,602.5838,369.93362,2.4155273,-0.03878784,2.4158387
206,791.3987,288.60938,772.48584,261.4543,-18.912842,-27.15506,33.092186
206,545.1713,325.93436,547.54004,325.85715,2.3687134,-0.07720947,2.3699715
207,749.02106,229.86127,750.2659,229.56084,1.244873,-0.3004303,1.280612
207,603.643,346.92328,605.6746,346.96002,2.0316162,0.036743164,2.0319483
207,600.8954,324.13754,602.7523,324.11536,1.8569336,-0.02218628,1.8570662
207,635.8097,437.8137,638.739,437.81964,2.9293213,0.0059509277,2.9293272
207,823.7276,343.16165,826.4311,342.59283,2.7034912,-0.56881714,2.7626832
207,597.25385,238.43279,598.68164,238.43312,1.4277954,0.00033569336,1.4277954
207,602.5838,369.93362,604.72675,369.90128,2.1429443,-0.032348633,2.1431885
207,772.48584,261.4543,774.24054,261.19504,1.7546997,-0.25927734,1.773752
207,547.54004,325.85715,549.7494,325.82892,2.2093506,-0.02822876,2.2095308
208,750.2659,229.56084,751.3133,229.28769,1.0473633,-0.27314758,1.0823952
208,605.6746,346.96002,607.5114,346.97247,1.836792,0.012451172,1.8368342
208,602.7523,324.11536,604.3658,324.09332,1.6134644,-0.022033691,1.6136148
208,638.739,437.81964,641.52734,437.8064,2.78833,-0.013244629,2.7883615
208,826.4311,342.59283,828.8973,342.17844,2.4661865,-0.4143982,2.5007603
208,598.68164,238.43312,599.95154,238.43141,1.2698975,-0.0017089844,1.2698987
208,604.72675,369.90128,606.6297,369.85822,1.9029541,-0.043060303,1.9034413
208,774.24054,261.19504,775.0852,260.03372,0.8446655,-1.1613159,1.4360064
208,549.7494,325.82892,551.88605,325.82056,2.1366577,-0.008361816,2.1366742
209,751.3133,229.28769,752.3076,228.99382,0.99432373,-0.29386902,1.0368407
209,607.5114,346.97247,609.2216,346.954,1.7102051,-0.018463135,1.7103047
209,604.3658,324.09332,605.8657,324.06415,1.499939,-0.029174805,1.5002227
209,641.52734,437.8064,643.7618,437.8157,2.234436,0.009307861,2.2344553
209,828.8973,342.17844,830.91425,341.68216,2.0169678,-0.49627686,2.0771253
209,599.95154,238.43141,601.22046,238.41714,1.2689209,-0.014266968,1.2690011
209,606.6297,369.85822,608.3686,369.78976,1.7388916,-0.06845093,1.7402384
209,775.0852,260.03372,776.4604,259.85962,1.3751831,-0.17410278,1.3861603
209,551.88605,325.82056,553.4636,325.8126,1.5775757,-0.007965088,1.5775957
210,752.3076,228.99382,753.1677,228.80133,0.8601074,-0.19248962,0.8813836
210,609.2216,346.954,610.55835,346.92163,1.336731,-0.03237915,1.337123
210,605.8657,324.06415,607.02716,324.00192,1.161438,-0.06222534,1.1631037
210,643.7618,437.8157,645.67145,437.79333,1.909668,-0.022369385,1.909799
210,830.91425,341.68216,832.60986,341.45953,1.6956177,-0.22262573,1.71017
210,601.22046,238.41714,602.0528,238.40166,0.8323364,-0.015487671,0.8324805
210,608.3686,369.78976,609.6587,369.6657,1.2901001,-0.124053955,1.2960508
210,776.4604,259.85962,777.4287,259.4184,0.96832275,-0.44122314,1.0641085
210,553.4636,325.8126,554.8541,325.73743,1.3905029,-0.075164795,1.3925331
211,753.1677,228.80133,754.361,228.64877,1.1932983,-0.15255737,1.2030107
211,610.55835,346.92163,611.88873,346.86636,1.3303833,-0.055267334,1.3315308
211,607.02716,324.00192,608.33154,323.86923,1.3043823,-0.13269043,1.3111141
211,645.67145,437.79333,647.30347,437.56973,1.632019,-0.2236023,1.6472657
211,832.60986,341.45953,834.1647,341.25647,1.5548096,-0.20306396,1.5680139
211,602.0528,238.40166,603.25476,238.27348,1.2019653,-0.12817383,1.20878
211,609.6587,369.6657,611.1795,369.55856,1.520813,-0.10714722,1.5245829
211,777.4287,259.4184,778.28076,258.79193,0.8520508,-0.62646484,1.0575674
211,554.8541,325.73743,556.23846,325.55368,1.3843384,-0.18374634,1.3964797
212,754.361,228.64877,756.02875,228.57101,1.6677246,-0.07775879,1.6695365
212,611.88873,346.86636,613.4296,346.5154,1.5408936,-0.35095215,1.5803546
212,608.33154,323.86923,609.88055,323.5713,1.5490112,-0.29794312,1.5774049
212,647.30347,437.56973,648.5165,437.29987,1.2130127,-0.26986694,1.2426697
212,834.1647,341.25647,835.5783,341.25922,1.4136353,0.002746582,1.4136379
212,603.25476,238.27348,604.9756,237.89734,1.7208252,-0.3761444,1.761455
212,611.1795,369.55856,612.71466,369.22055,1.5351562,-0.3380127,1.5719279
212,778.28076,258.79193,780.1977,259.14227,1.9169312,0.3503418,1.9486828
212,556.23846,325.55368,557.72455,325.1673,1.486084,-0.38638306,1.5354927
213,756.02875,228.57101,758.0812,228.63353,2.0524292,0.06251526,2.0533812
213,613.4296,346.5154,614.83093,345.9158,1.4013062,-0.5996094,1.5242015
213,609.88055,323.5713,611.5133,323.26047,1.6327515,-0.31082153,1.6620733
213,648.5165,437.29987,649.288,436.7717,0.7715454,-0.5281677,0.9350099
213,835.5783,341.25922,836.6114,341.3471,1.033081,0.087890625,1.036813
213,604.9756,237.89734,606.9657,237.65475,1.9901123,-0.24258423,2.0048425
213,612.71466,369.22055,613.9203,368.7829,1.2056274,-0.4376526,1.2826056
213,780.1977,259.14227,778.7045,255.31288,-1.4931641,-3.8293915,4.110204
213,557.72455,325.1673,559.0811,324.6986,1.3565674,-0.46868896,1.4352506
214,758.0812,228.63353,760.5828,228.64772,2.501648,0.014190674,2.5016882
214,614.83093,345.9158,616.3804,345.23105,1.5494385,-0.6847534,1.6940032
214,611.5133,323.26047,613.357,322.53165,1.843689,-0.7288208,1.9825158
214,649.288,436.7717,649.9366,435.9113,0.6485596,-0.8604126,1.077469
214,836.6114,341.3471,837.77295,341.52554,1.16156,0.17843628,1.1751857
214,606.9657,237.65475,609.24994,237.1468,2.2842407,-0.5079498,2.3400362
214,613.9203,368.7829,615.31793,368.03503,1.397644,-0.74786377,1.5851527
214,778.7045,255.31288,781.0555,255.44485,2.3509521,0.13197327,2.3546536
214,559.0811,324.6986,560.9442,323.8559,1.8630981,-0.8427124,2.0448225
215,760.5828,228.64772,763.5673,228.80411,2.984497,0.15638733,2.9885917
215,616.3804,345.23105,618.14465,344.29367,1.7642822,-0.9373779,1.9978411
215,613.357,322.53165,615.3845,321.66602,2.0275269,-0.8656311,2.2045822
215,649.9366,435.9113,650.5303,434.94644,0.59368896,-0.96484375,1.132868
215,837.77295,341.52554,838.99866,341.60764,1.225708,0.082092285,1.228454
215,609.24994,237.1468,611.957,236.44945,2.7070312,-0.6973572,2.7954116
215,615.31793,368.03503,616.83844,367.1099,1.5205078,-0.9251404,1.7798395
215,781.0555,255.44485,782.18884,253.82149,1.1333618,-1.6233673,1.9798561
215,560.9442,323.8559,562.48944,322.8796,1.545227,-0.97628784,1.8278031
216,763.5673,228.80411,766.6609,228.83046,3.093567,0.026351929,3.0936792
216,618.14465,344.29367,619.85657,343.4604,1.7119141,-0.8332825,1.9039458
216,615.3845,321.66602,617.31775,320.72055,1.9332275,-0.9454651,2.1520393
216,650.5303,434.94644,651.1728,434.0342,0.6425171,-0.91223145,1.1157932
216,838.99866,341.60764,840.2136,341.71918,1.2149658,0.11154175,1.2200751
216,611.957,236.44945,614.6903,235.9521,2.7333374,-0.49734497,2.7782161
216,616.83844,367.1099,618.4805,366.20187,1.6420898,-0.90802,1.8764219
216,782.18884,253.82149,784.32043,253.14258,2.1315918,-0.6789093,2.2370965
216,562.48944,322.8796,564.3258,321.9357,1.8363647,-0.9439087,2.0647516
217,766.6609,228.83046,769.79224,228.83578,3.1313477,0.0053253174,3.1313522
217,619.85657,343.4604,621.8953,342.43668,2.0387573,-1.0237122,2.2813413
217,617.31775,320.72055,619.6619,319.76157,2.3441772,-0.9589844,2.5327492
217,651.1728,434.0342,652.09393,432.90216,0.9211426,-1.1320496,1.4594656
217,840.2136,341.71918,841.7482,341.7835,1.5346069,0.064331055,1.5359547
217,614.6903,235.9521,617.6741,235.14754,2.9837646,-0.8045654,3.090336
217,618.4805,366.20187,620.3985,365.28534,1.9179688,-0.9165344,2.1257093
217,784.32043,253.14258,787.3294,253.23285,3.0089722,0.090270996,3.010326
217,564.3258,321.9357,566.5544,320.91415,2.2285767,-1.0215454,2.4515524
218,769.79224,228.83578,772.8131,228.98685,3.020874,0.15106201,3.0246487
218,621.8953,342.43668,623.79694,341.72726,1.9016113,-0.7094116,2.0296283
218,619.6619,319.76157,621.80676,319.13974,2.1448364,-0.6218262,2.2331572
218,652.09393,432.90216,652.9857,432.03625,0.89178467,-0.86590576,1.2430096
218,841.7482,341.7835,843.3961,341.95148,1.6478882,0.16796875,1.6564265
218,617.6741,235.14754,620.44403,234.62964,2.7699585,-0.51789856,2.8179584
218,620.3985,365.28534,622.0804,364.55188,1.6818848,-0.7334595,1.8348567
218,787.3294,253.23285,790.0426,253.55997,2.7131958,0.32711792,2.7328444
218,566.5544,320.91415,568.4655,320.05093,1.9111328,-0.8632202,2.0970402
219,772.8131,228.98685,775.7749,229.06226,2.961792,0.075408936,2.9627519
219,623.79694,341.72726,625.65485,341.15735,1.8579102,-0.5699158,1.9433564
219,621.80676,319.13974,623.85046,318.561,2.0437012,-0.57873535,2.1240642
219,652.9857,432.03625,654.0431,431.41125,1.057373,-0.625,1.2282764
219,843.3961,341.95148,845.04114,342.41766,1.6450195,0.46618652,1.709801
219,620.44403,234.62964,623.09247,234.17238,2.6484375,-0.45726013,2.6876214
219,622.0804,364.55188,623.81274,363.91965,1.7323608,-0.63223267,1.8441237
219,790.0426,253.55997,793.23376,254.46721,3.191162,0.9072418,3.31762
219,568.4655,320.05093,570.3489,319.4211,1.8833618,-0.6298218,1.9858819
220,775.7749,229.06226,778.4716,229.25441,2.6967163,0.19215393,2.7035534
220,625.65485,341.15735,627.5026,340.44247,1.8477783,-0.71487427,1.9812446
220,623.85046,318.561,625.84,317.97253,1.989563,-0.58847046,2.074767
220,654.0431,431.41125,654.84625,430.6646,0.8031616,-0.74664307,1.0966059
220,845.04114,342.41766,846.3773,342.605,1.3361816,0.18734741,1.3492517
220,623.09247,234.17238,625.6081,233.63185,2.515625,-0.54052734,2.5730407
220,623.81274,363.91965,625.52936,363.28726,1.7166138,-0.63238525,1.8293917
220,793.23376,254.46721,796.1939,255.38037,2.960144,0.91316223,3.0977924
220,570.3489,319.4211,572.2686,318.73608,1.9197388,-0.6850281,2.0382984
221,778.4716,229.25441,781.16016,229.45546,2.6885376,0.2010498,2.6960444
221,627.5026,340.44247,629.26337,340.00443,1.7607422,-0.43804932,1.8144145
221,625.84,317.97253,627.6765,317.49884,1.8364868,-0.47369385,1.8965943
221,654.84625,430.6646,655.92175,430.11972,1.0755005,-0.54489136,1.2056566
221,846.3773,342.605,847.65967,342.8712,1.2823486,0.26617432,1.3096819
221,625.6081,233.63185,628.10736,233.34975,2.4992676,-0.2821045,2.5151384
221,625.52936,363.28726,627.126,362.8271,1.5966187,-0.46017456,1.6616112
221,796.1939,255.38037,807.2653,267.8934,11.071411,12.513031,16.707846
221,572.2686,318.73608,573.9296,318.28796,1.6610107,-0.44812012,1.7203977
222,781.16016,229.45546,783.4211,229.74625,2.2609253,0.29078674,2.2795482
222,629.26337,340.00443,630.8813,339.75043,1.6179199,-0.2539978,1.6377362
222,627.6765,317.49884,629.4897,317.2708,1.8131714,-0.22802734,1.8274537
222,655.92175,430.11972,656.8886,429.79773,0.9668579,-0.32199097,1.0190645
222,847.65967,342.8712,849.23517,343.374,1.5755005,0.5028076,1.6537888
222,628.10736,233.34975,630.264,233.23859,2.1566162,-0.11116028,2.1594791
222,627.126,362.8271,628.77594,362.52237,1.6499634,-0.30471802,1.6778654
222,807.2653,267.8934,809.3942,268.2664,2.1289062,0.37298584,2.1613328
222,573.9296,318.28796,575.7451,317.9671,1.8154907,-0.32086182,1.8436266
223,783.4211,229.74625,786.0277,229.96419,2.6066284,0.21794128,2.6157236
223,630.8813,339.75043,632.79626,339.36664,1.914978,-0.38378906,1.9530579
223,629.4897,317.2708,631.5341,316.93628,2.0444336,-0.3345337,2.0716228
223,656.8886,429.79773,658.2119,429.4133,1.3233032,-0.38442993,1.3780123
223,849.23517,343.374,850.7619,343.57684,1.5267334,0.20285034,1.5401504
223,630.264,233.23859,632.5876,232.91708,2.3236084,-0.3215027,2.345745
223,628.77594,362.52237,630.48145,362.08676,1.7055054,-0.4356079,1.7602565
223,809.3942,268.2664,811.36896,268.17776,1.9747314,-0.08862305,1.976719
223,575.7451,317.9671,577.68146,317.61966,1.9363403,-0.34744263,1.9672647
224,786.0277,229.96419,788.8136,230.06303,2.7858887,0.098846436,2.7876418
224,632.79626,339.36664,634.8302,338.8684,2.0339355,-0.49822998,2.0940695
224,631.5341,316.93628,633.764,316.69357,2.2298584,-0.2427063,2.2430282
224,658.2119,429.4133,659.7607,428.91425,1.5487671,-0.49905396,1.6271861
224,850.7619,343.57684,852.52856,343.69073,1.7666626,0.1138916,1.77033
224,632.5876,232.91708,635.13007,232.59705,2.5424805,-0.32003784,2.5625439
224,630.48145,362.08676,632.42523,361.59116,1.9437866,-0.49560547,2.005974
224,811.36896,268.17776,813.72174,268.30063,2.3527832,0.12286377,2.355989
224,577.68146,317.61966,579.7416,317.2611,2.0601196,-0.35855103,2.0910885
225,788.8136,230.06303,791.58044,230.09329,2.7668457,0.030258179,2.7670112
225,634.8302,338.8684,637.12415,338.43704,2.2939453,-0.43136597,2.3341513
225,633.764,316.69357,636.022,316.21075,2.2579956,-0.4828186,2.3090384
225,659.7607,428.91425,661.3081,428.3913,1.5474243,-0.5229492,1.6334007
225,852.52856,343.69073,854.4957,343.80725,1.9671631,0.11651611,1.9706107
225,635.13007,232.59705,637.845,232.35144,2.7149048,-0.24560547,2.7259917
225,632.42523,361.59116,634.5461,361.1142,2.1208496,-0.47695923,2.1738198
225,813.72174,268.30063,816.883,269.31592,3.161255,1.0152893,3.3202927
225,579.7416,317.2611,581.9374,316.6975,2.1958008,-0.56359863,2.2669768
226,791.58044,230.09329,794.3349,230.09918,2.7544556,0.0058898926,2.754462
226,637.12415,338.43704,639.5996,337.9244,2.4754639,-0.5126343,2.5279865
226,636.022,316.21075,638.57007,315.69586,2.5480957,-0.5148926,2.5995972
226,661.3081,428.3913,663.4948,427.7274,2.1867065,-0.6639099,2.2852707
226,854.4957,343.80725,856.88403,343.78427,2.3883057,-0.022979736,2.388416
226,637.845,232.35144,640.60376,232.11394,2.758789,-0.23750305,2.7689936
226,634.5461,361.1142,637.0501,360.61777,2.5040283,-0.49642944,2.5527632
226,816.883,269.31592,819.64905,269.35187,2.7660522,0.035949707,2.766286
226,581.9374,316.6975,584.35455,316.228,2.4171753,-0.46951294,2.4623523
227,794.3349,230.09918,797.2604,229.97983,2.925476,-0.11935425,2.9279099
227,639.5996,337.9244,642.1502,337.4355,2.5505981,-0.48892212,2.597036
227,638.57007,315.69586,641.1976,315.24747,2.6275024,-0.44839478,2.665488
227,663.4948,427.7274,665.6952,427.14258,2.2003784,-0.58480835,2.2767665
227,856.88403,343.78427,859.41766,343.43546,2.5336304,-0.34881592,2.5575292
227,640.60376,232.11394,643.52563,231.59969,2.921875,-0.5142517,2.9667842
227,637.0501,360.61777,639.4308,360.14444,2.3806763,-0.47332764,2.427274
227,819.64905,269.35187,822.4813,269.36548,2.8322754,0.01361084,2.832308
227,584.35455,316.228,587.19226,315.68494,2.8377075,-0.5430603,2.8892038
228,797.2604,229.97983,800.07666,230.05653,2.8162842,0.07670593,2.8173285
228,642.1502,337.4355,644.8934,337.18286,2.743164,-0.2526245,2.754772
228,641.1976,315.24747,643.96106,315.00955,2.7634888,-0.23791504,2.7737112
228,665.6952,427.14258,668.49176,426.64337,2.7965698,-0.49920654,2.8407764
228,859.41766,343.43546,862.5098,343.51758,3.092163,0.0821228,3.0932536
228,643.52563,231.59969,646.24225,231.49644,2.7166138,-0.10324097,2.7185748
228,639.4308,360.14444,642.1677,359.74808,2.7369385,-0.3963623,2.76549
228,822.4813,269.36548,825.4581,269.35544,2.9768066,-0.010040283,2.9768236
228,587.19226,315.68494,589.95264,315.43277,2.760376,-0.25216675,2.7718701
229,800.07666,230.05653,802.5657,229.79597,2.4890137,-0.26055908,2.5026147
229,644.8934,337.18286,647.69214,337.1017,2.798767,-0.08114624,2.7999432
229,643.96106,315.00955,646.72095,314.9104,2.7598877,-0.09915161,2.7616682
229,668.49176,426.64337,672.0167,426.68436,3.5249634,0.040985107,3.5252016
229,862.5098,343.51758,865.78094,343.281,3.2711182,-0.23657227,3.2796617
229,646.24225,231.49644,648.79724,231.36255,2.5549927,-0.13389587,2.5584986
229,642.1677,359.74808,645.0953,359.65454,2.9275513,-0.09353638,2.9290452
229,825.4581,269.35544,828.5683,269.5451,3.1101685,0.18966675,3.1159463
229,589.95264,315.43277,592.9065,315.22946,2.9538574,-0.2033081,2.960846
230,802.5657,229.79597,804.65076,229.7317,2.085083,-0.06427002,2.0860734
230,647.69214,337.1017,650.4648,337.34845,2.772644,0.24673462,2.7836006
230,646.72095,314.9104,649.38275,315.03174,2.6618042,0.12133789,2.6645684
230,672.0167,426.68436,675.7948,426.87775,3.7780762,0.1933899,3.7830224
230,865.78094,343.281,869.45337,343.0635,3.6724243,-0.21749878,3.6788592
230,648.79724,231.36255,651.05975,231.45613,2.2625122,0.09358215,2.2644467
230,645.0953,359.65454,648.0821,359.85983,2.9868164,0.20529175,2.993863
230,828.5683,269.5451,832.622,271.50812,4.053711,1.9630127,4.503997
230,592.9065,315.22946,595.94666,315.25443,3.0401611,0.024963379,3.0402634
231,804.65076,229.7317,806.4236,229.71191,1.7728271,-0.01979065,1.7729377
231,650.4648,337.34845,653.4998,337.76025,3.0350342,0.4118042,3.0628443
231,649.38275,315.03174,652.05334,315.5773,2.6705933,0.54556274,2.725749
231,675.7948,426.87775,680.03296,427.44287,4.238159,0.5651245,4.275671
231,869.45337,343.0635,873.2513,342.87296,3.7979126,-0.19055176,3.8026898
231,651.05975,231.45613,653.03876,231.8974,1.9790039,0.44126892,2.0276031
231,648.0821,359.85983,651.05585,360.1728,2.973755,0.31295776,2.9901774
231,832.622,271.50812,834.64996,270.9181,2.027954,-0.59002686,2.1120439
231,595.94666,315.25443,598.8661,315.6813,2.9194336,0.42687988,2.9504776
232,806.4236,229.71191,807.8588,229.62648,1.4352417,-0.08543396,1.4377822
232,653.4998,337.76025,656.50714,338.49078,3.0073242,0.7305298,3.0947816
232,652.05334,315.5773,654.5929,316.20383,2.5395508,0.6265259,2.6156936
232,680.03296,427.44287,684.7797,428.19803,4.746765,0.7551575,4.8064585
232,873.2513,342.87296,877.2319,342.58008,3.9805908,-0.2928772,3.9913507
232,653.03876,231.8974,654.85486,232.47583,1.8161011,0.5784302,1.9059917
232,651.05585,360.1728,654.3035,360.85736,3.2476807,0.6845703,3.319046
232,834.64996,270.9181,837.3687,271.17422,2.71875,0.25613403,2.7307885
232,598.8661,315.6813,602.1903,316.17712,3.3242188,0.4958191,3.360992
233,807.8588,229.62648,809.3232,229.56291,1.4643555,-0.063568115,1.4657346
233,656.50714,338.49078,659.46783,339.20282,2.9606934,0.71203613,3.045111
233,654.5929,316.20383,657.473,316.76352,2.880127,0.5596924,2.9340053
233,684.7797,428.19803,689.5124,428.98074,4.732666,0.78271484,4.796954
233,877.2319,342.58008,881.5332,342.35767,4.3013306,-0.22241211,4.307077
233,654.85486,232.47583,656.8462,233.20975,1.991333,0.73391724,2.1222727
233,654.3035,360.85736,657.5457,361.7398,3.2421875,0.8824463,3.3601327
233,837.3687,271.17422,835.5666,265.4442,-1.802124,-5.730011,6.006719
233,602.1903,316.17712,605.5106,316.77362,3.3203125,0.5964966,3.3734674
234,809.3232,229.56291,810.41925,229.34077,1.0960693,-0.22213745,1.1183528
234,659.46783,339.20282,662.5621,339.9609,3.0942383,0.75808716,3.1857505
234,657.473,316.76352,659.89923,317.38776,2.4262085,0.62423706,2.5052264
234,689.5124,428.98074,694.5103,429.7621,4.997925,0.78134155,5.058631
234,881.5332,342.35767,885.3332,341.84204,3.7999878,-0.515625,3.8348112
234,656.8462,233.20975,658.369,233.69586,1.5228271,0.4861145,1.5985337
234,657.5457,361.7398,660.9875,362.41052,3.4417725,0.67071533,3.5065162
234,835.5666,265.4442,844.5763,273.89197,9.009705,8.447754,12.350681
234,605.5106,316.77362,608.72675,317.40366,3.2161255,0.6300354,3.2772563
235,810.41925,229.34077,811.44745,229.211,1.0281982,-0.129776,1.0363559
235,662.5621,339.9609,665.5604,340.7047,2.998352,0.74380493,3.089233
235,659.89923,317.38776,662.0597,317.88458,2.1604614,0.49682617,2.2168512
235,694.5103,429.7621,699.48505,430.58932,4.9747314,0.82724,5.0430427
235,885.3332,341.84204,889.681,341.31366,4.3478394,-0.52838135,4.379828
235,658.369,233.69586,659.8138,234.35313,1.4447632,0.65727234,1.5872452
235,660.9875,362.41052,664.0914,363.1502,3.1038818,0.73968506,3.1908019
235,844.5763,273.89197,846.9092,273.73755,2.3328857,-0.15441895,2.3379908
235,608.72675,317.40366,611.8454,318.00684,3.1186523,0.60317993,3.1764474
236,811.44745,229.211,812.34106,228.81233,0.8936157,-0.39866638,0.9785111
236,665.5604,340.7047,668.3856,341.38763,2.8251953,0.68292236,2.9065635
236,662.0597,317.88458,664.1822,318.45593,2.1224976,0.5713501,2.198053
236,699.48505,430.58932,704.37915,431.08737,4.894104,0.49804688,4.9193807
236,889.681,341.31366,893.1963,340.46695,3.5152588,-0.8467102,3.6157935
236,659.8138,234.35313,661.1716,234.75038,1.3577881,0.3972473,1.4147062
236,664.0914,363.1502,667.2527,363.6127,3.161316,0.4624939,3.1949677
236,846.9092,273.73755,843.6548,267.05807,-3.2543945,-6.679474,7.4301047
236,611.8454,318.00684,614.98,318.5099,3.1345825,0.50305176,3.174692
237,812.34106,228.81233,812.4171,228.43817,0.076049805,-0.37416077,0.38181126
237,668.3856,341.38763,670.3201,341.91437,1.9345093,0.5267334,2.0049374
237,664.1822,318.45593,665.3384,318.5509,1.156189,0.0949707,1.1600829
237,704.37915,431.08737,708.09033,431.53436,3.7111816,0.44699097,3.7380035
237,893.1963,340.46695,896.2815,339.74237,3.085205,-0.72457886,3.1691492
237,661.1716,234.75038,661.9065,235.02367,0.7349243,0.2732849,0.7840908
237,667.2527,363.6127,669.1643,364.0938,1.9116211,0.48110962,1.9712336
237,843.6548,267.05807,843.7978,265.4782,0.14300537,-1.5798645,1.5863236
237,614.98,318.5099,616.86395,318.7753,1.8839722,0.26541138,1.9025757
238,812.4171,228.43817,812.14166,228.23648,-0.27545166,-0.20169067,0.3413982
238,670.3201,341.91437,670.54803,341.7781,0.22790527,-0.13626099,0.26553318
238,665.3384,318.5509,665.3112,318.5478,-0.027160645,-0.003112793,0.027338436
238,708.09033,431.53436,708.90875,431.32642,0.8184204,-0.20794678,0.84442514
238,896.2815,339.74237,896.7829,339.27548,0.5014038,-0.46688843,0.6851208
238,661.9065,235.02367,661.6844,235.01866,-0.22210693,-0.005004883,0.22216332
238,669.1643,364.0938,669.541,364.06592,0.37670898,-0.027893066,0.37774023
238,843.7978,265.4782,843.869,265.39722,0.07122803,-0.08099365,0.107858256
238,616.86395,318.7753,616.5519,318.8711,-0.31207275,0.09579468,0.32644454
239,812.14166,228.23648,811.8386,227.99442,-0.30303955,-0.24206543,0.3878513
239,670.54803,341.7781,669.0373,339.0221,-1.5107422,-2.756012,3.1429198
239,665.3112,318.5478,664.2804,317.3941,-1.0308228,-1.1536865,1.5471225
239,708.90875,431.32642,708.6859,431.11368,-0.22283936,-0.21273804,0.30808255
239,896.7829,339.27548,896.5089,339.00198,-0.27398682,-0.27349854,0.38713074
239,661.6844,235.01866,661.46564,235.00723,-0.21875,-0.011428833,0.21904835
239,669.541,364.06592,668.806,362.61438,-0.73498535,-1.4515381,1.6270114
239,843.869,265.39722,843.91364,265.3969,0.0446167,-0.00030517578,0.044617742
239,616.5519,318.8711,612.04553,316.90137,-4.5063477,-1.9697266,4.9180274
240,811.8386,227.99442,811.65454,227.79926,-0.18408203,-0.19515991,0.26827893
240,669.0373,339.0221,665.7196,330.3858,-3.317688,-8.6362915,9.251626
240,664.2804,317.3941,658.3122,311.65726,-5.9682007,-5.736847,8.278335
240,708.6859,431.11368,708.46594,430.68494,-0.2199707,-0.42874146,0.48187792
240,896.5089,339.00198,896.12946,338.55988,-0.37945557,-0.44210815,0.58262
240,661.46564,235.00723,661.3239,234.75511,-0.14172363,-0.25212097,0.2892241
240,668.806,362.61438,666.88074,358.02515,-1.925293,-4.5892334,4.9767275
240,843.91364,265.3969,843.765,265.25238,-0.1486206,-0.14453125,0.20730983
240,612.04553,316.90137,603.646,310.28162,-8.399536,-6.619751,10.694546
241,811.65454,227.79926,811.4527,227.61815,-0.20184326,-0.18110657,0.27118313
241,665.7196,330.3858,653.3797,314.56726,-12.339905,-15.8185425,20.062391
241,658.3122,311.65726,646.9093,300.24084,-11.402893,-11.416412,16.135689
241,708.46594,430.68494,708.31323,430.39188,-0.15270996,-0.2930603,0.3304613
241,896.12946,338.55988,895.87946,338.3012,-0.25,-0.258667,0.3597341
241,661.3239,234.75511,661.1909,234.51868,-0.1329956,-0.23643494,0.2712735
241,666.88074,358.02515,664.25134,351.38348,-2.6293945,-6.6416626,7.1432066
241,843.765,265.25238,843.6069,265.0884,-0.15814209,-0.16397095,0.2278056
241,603.646,310.28162,591.17926,298.20987,-12.466736,-12.071747,17.353575
242,811.4527,227.61815,811.28625,227.44756,-0.16644287,-0.17059326,0.2383386
242,653.3797,314.56726,629.389,296.20728,-23.990723,-18.359985,30.209995
242,646.9093,300.24084,627.1273,282.87372,-19.781982,-17.367126,26.32383
242,708.31323,430.39188,708.0606,429.9876,-0.2526245,-0.40426636,0.4767079
242,895.87946,338.3012,895.5176,337.87814,-0.36187744,-0.4230652,0.55672204
242,661.1909,234.51868,660.97516,234.29164,-0.21575928,-0.22703552,0.3132047
242,664.25134,351.38348,663.8936,349.8183,-0.35772705,-1.5651855,1.6055448
242,843.6069,265.0884,843.46136,264.90912,-0.14550781,-0.17929077,0.23090626
242,591.17926,298.20987,573.50793,281.18802,-17.671326,-17.02185,24.53608
243,811.28625,227.44756,811.21564,227.23793,-0.070617676,-0.20962524,0.22120036
243,629.389,296.20728,606.9618,275.75342,-22.427185,-20.453857,30.353565
243,627.1273,282.87372,604.46,262.6239,-22.667297,-20.249817,30.39509
243,708.0606,429.9876,707.9862,429.67212,-0.074401855,-0.31549072,0.32414508
243,895.5176,337.87814,895.28625,337.62506,-0.23132324,-0.25308228,0.34287181
243,660.97516,234.29164,660.92316,234.02995,-0.052001953,-0.26168823,0.26680505
243,663.8936,349.8183,663.82605,349.46848,-0.06756592,-0.349823,0.3562882
243,843.46136,264.90912,843.71783,265.18738,0.25646973,0.27825928,0.3784243
243,573.50793,281.18802,552.1265,262.19412,-21.381409,-18.993896,28.599524
244,811.21564,227.23793,811.1156,227.15381,-0.10003662,-0.084121704,0.13070495
244,606.9618,275.75342,579.546,253.65172,-27.415771,-22.1017,35.21519
244,604.46,262.6239,576.8647,240.67984,-27.595337,-21.944061,35.256836
244,707.9862,429.67212,707.781,429.4251,-0.2052002,-0.24700928,0.3211241
244,895.28625,337.62506,895.12994,337.4648,-0.15631104,-0.1602478,0.22385821
244,660.92316,234.02995,660.86346,233.80711,-0.059692383,-0.22283936,0.23069581
244,663.82605,349.46848,663.68225,349.15088,-0.14379883,-0.31759644,0.34863392
244,843.71783,265.18738,843.70667,265.18365,-0.011169434,-0.0037231445,0.011773617
244,552.1265,262.19412,525.80725,241.5498,-26.319275,-20.644318,33.449844
245,811.1156,227.15381,810.8574,227.0058,-0.2581787,-0.14801025,0.29759583
245,579.546,253.65172,548.43616,231.51411,-31.109863,-22.137604,38.18242
245,576.8647,240.67984,545.84534,218.02034,-31.019348,-22.6595,38.414227
245,707.781,429.4251,707.6936,429.15353,-0.087402344,-0.27157593,0.28529397
245,895.12994,337.4648,894.8344,337.26065,-0.29553223,-0.2041626,0.35919586
245,660.86346,233.80711,660.7235,233.69226,-0.13995361,-0.114852905,0.18104751
245,663.68225,349.15088,663.5377,348.96396,-0.14453125,-0.18692017,0.23628041
245,843.70667,265.18365,843.5547,265.11508,-0.15197754,-0.068573,0.1667316
245,525.80725,241.5498,494.86923,220.51704,-30.938019,-21.03276,37.4104
246,810.8574,227.0058,810.61536,226.85999,-0.24206543,-0.14581299,0.28258997
246,548.43616,231.51411,519.62085,211.75461,-28.815308,-19.759506,34.939377
246,545.84534,218.02034,516.2184,198.17143,-29.626953,-19.848907,35.6614
246,707.6936,429.15353,707.56195,428.8621,-0.13165283,-0.29144287,0.319799
246,894.8344,337.26065,894.5457,337.02405,-0.2886963,-0.23660278,0.37326455
246,660.7235,233.69226,660.597,233.5841,-0.12652588,-0.1081543,0.16645165
246,663.5377,348.96396,663.4145,348.8238,-0.12322998,-0.14016724,0.18663462
246,843.5547,265.11508,843.381,265.02594,-0.17370605,-0.089141846,0.1952436
246,494.86923,220.51704,462.07672,200.9718,-32.79251,-19.545242,38.175453
247,810.61536,226.85999,810.41565,226.73595,-0.19970703,-0.1240387,0.23509252
247,519.62085,211.75461,487.0917,193.58044,-32.529144,-18.174164,37.261852
247,516.2184,198.17143,484.0564,180.37225,-32.161987,-17.79918,36.758728
247,707.56195,428.8621,707.4079,428.6211,-0.15405273,-0.24099731,0.28602788
247,894.5457,337.02405,894.2456,336.74686,-0.30010986,-0.27719116,0.40853503
247,660.597,233.5841,660.46564,233.47955,-0.13134766,-0.10455322,0.16787967
247,663.4145,348.8238,663.3102,348.74094,-0.10430908,-0.082855225,0.13321176
247,843.381,265.02594,843.2148,264.91962,-0.16619873,-0.10632324,0.19729838
247,462.07672,200.9718,429.6503,184.2015,-32.426422,-16.770294,36.50638
248,810.41565,226.73595,810.4136,226.73448,-0.0020751953,-0.0014648438,0.0025401188
248,487.0917,193.58044,452.54022,176.01038,-34.551483,-17.570068,38.762253
248,484.0564,180.37225,450.37976,163.2006,-33.676636,-17.171646,37.80187
248,707.4079,428.6211,707.23474,428.3853,-0.17315674,-0.23577881,0.29253188
248,894.2456,336.74686,894.14514,336.64377,-0.10046387,-0.10308838,0.14394514
248,660.46564,233.47955,660.46655,233.47679,0.00091552734,-0.0027618408,0.0029096315
248,663.3102,348.74094,663.3125,348.7455,0.002319336,0.0045776367,0.005131674
248,843.2148,264.91962,843.21204,264.91785,-0.002746582,-0.0017700195,0.0032675192
248,429.6503,184.2015,391.6933,168.42473,-37.957,-15.776779,41.10524
249,810.4136,226.73448,810.11597,226.54979,-0.29760742,-0.18469238,0.35025913
249,452.54022,176.01038,420.35327,163.96056,-32.18695,-12.04982,34.36856
249,450.37976,163.2006,417.3445,149.96216,-33.035248,-13.238449,35.589104
249,707.23474,428.3853,707.1657,427.98456,-0.06903076,-0.40075684,0.40665868
249,894.14514,336.64377,893.6992,336.49866,-0.44592285,-0.14511108,0.4689397
249,660.46655,233.47679,660.3983,233.24458,-0.068237305,-0.23220825,0.24202687
249,663.3125,348.7455,663.15656,348.2835,-0.15594482,-0.46200562,0.48761457
249,843.21204,264.91785,841.8767,263.6066,-1.3353271,-1.3112488,1.8714892
249,391.6933,168.42473,354.5459,156.1598,-37.1474,-12.264923,39.119785
250,810.11597,226.54979,810.1356,226.41785,0.01965332,-0.13194275,0.13339843
250,420.35327,163.96056,383.25378,154.88182,-37.099487,-9.078735,38.19418
250,417.3445,149.96216,381.33218,139.03963,-36.01233,-10.922531,37.632294
250,707.1657,427.98456,707.21454,427.72025,0.048828125,-0.26431274,0.26878506
250,893.6992,336.49866,893.61786,336.2329,-0.08135986,-0.26574707,0.2779225
250,660.3983,233.24458,660.4513,233.0668,0.052978516,-0.17778015,0.18550609
250,663.15656,348.2835,663.1965,348.04785,0.039916992,-0.23565674,0.23901352
250,841.8767,263.6066,841.90564,263.46814,0.028930664,-0.13845825,0.14144848
250,354.5459,156.1598,316.68808,146.67482,-37.85782,-9.484985,39.02793
251,810.1356,226.41785,810.164,226.26575,0.028381348,-0.15209961,0.1547249
251,383.25378,154.88182,342.47318,142.61546,-40.78061,-12.266357,42.58546
251,381.33218,139.03963,340.37357,127.21605,-40.95862,-11.823578,42.63104
251,707.21454,427.72025,707.2901,427.3835,0.07556152,-0.33673096,0.34510475
251,893.61786,336.2329,893.4775,335.84103,-0.14038086,-0.39187622,0.41626164
251,660.4513,233.0668,660.4958,232.84705,0.04449463,-0.21975708,0.2242163
251,663.1965,348.04785,663.22394,347.79044,0.02746582,-0.25741577,0.2588769
251,841.90564,263.46814,841.9234,263.29025,0.01776123,-0.17788696,0.17877145
251,316.68808,146.67482,276.69907,136.31277,-39.989014,-10.362045,41.309723
252,810.164,226.26575,810.1372,226.05168,-0.026794434,-0.21406555,0.21573596
252,342.47318,142.61546,297.9008,127.32683,-44.572388,-15.288635,47.121548
252,340.37357,127.21605,295.40695,111.21443,-44.966614,-16.001617,47.7289
252,707.2901,427.3835,707.15765,426.77893,-0.13244629,-0.60458374,0.6189212
252,893.4775,335.84103,893.35236,335.48398,-0.12512207,-0.35705566,0.37834412
252,660.4958,232.84705,660.5422,232.6546,0.04638672,-0.19244385,0.19795546
252,663.22394,347.79044,663.26245,347.551,0.038513184,-0.23944092,0.24251848
252,841.9234,263.29025,841.88873,263.07623,-0.03466797,-0.21401978,0.21680944
252,276.69907,136.31277,232.0322,121.75776,-44.66687,-14.555016,46.97848
253,810.1372,226.05168,810.13153,225.8263,-0.0056762695,-0.22538757,0.22545904
253,297.9008,127.32683,245.52768,105.953674,-52.373108,-21.373154,56.56637
253,295.40695,111.21443,241.22414,85.93076,-54.182816,-25.283669,59.791653
253,707.15765,426.77893,707.17633,426.7222,0.018676758,-0.056732178,0.059727393
253,893.35236,335.48398,893.5192,335.45905,0.16687012,-0.024932861,0.1687225
253,660.5422,232.6546,660.57263,232.48026,0.030456543,-0.17434692,0.17698714
253,663.26245,347.551,663.28937,347.31088,0.026916504,-0.2401123,0.24161626
253,841.88873,263.07623,841.90814,262.8913,0.01940918,-0.18493652,0.18595223
253,232.0322,121.75776,179.07072,99.28624,-52.96147,-22.47152,57.531616
254,810.13153,225.8263,809.9518,225.80772,-0.17974854,-0.018569946,0.18070522
254,245.52768,105.953674,180.68669,71.85899,-64.84099,-34.09468,73.25845
254,241.22414,85.93076,170.0084,44.13152,-71.21573,-41.799244,82.57637
254,707.17633,426.7222,707.1005,426.47314,-0.075805664,-0.24905396,0.26033512
254,893.5192,335.45905,893.2496,335.28223,-0.26965332,-0.17681885,0.3224559
254,660.57263,232.48026,660.53094,232.40953,-0.04168701,-0.07072449,0.08209604
254,663.28937,347.31088,663.226,347.18732,-0.06335449,-0.123565674,0.1388606
254,841.90814,262.8913,841.71783,262.81207,-0.19030762,-0.07922363,0.2061392
254,179.07072,99.28624,74.32463,72.99454,-104.74609,-26.291702,107.99536
255,809.9518,225.80772,809.78864,225.78745,-0.16314697,-0.02027893,0.16440246
255,180.68669,71.85899,32.40648,222.77667,-148.28021,150.91768,211.57307
255,170.0084,44.13152,8.82161,99.616234,-161.1868,55.484715,170.46916
255,707.1005,426.47314,706.98865,426.23367,-0.11187744,-0.23947144,0.26431635
255,893.2496,335.28223,892.91364,334.99692,-0.3359375,-0.28530884,0.44074386
255,660.53094,232.40953,660.4909,232.33247,-0.040039062,-0.077056885,0.0868383
255,663.226,347.18732,663.1869,347.08405,-0.039123535,-0.103271484,0.11043392
255,841.71783,262.81207,841.565,262.74573,-0.15283203,-0.066345215,0.16661127
256,809.78864,225.78745,809.6297,225.76508,-0.15893555,-0.022369385,0.16050202
256,32.40648,222.77667,32.680344,222.74287,0.27386475,-0.033798218,0.27594244
256,706.98865,426.23367,706.8632,425.95703,-0.12542725,-0.27664185,0.30374774
256,892.91364,334.99692,892.69476,334.89874,-0.21887207,-0.09817505,0.23988189
256,660.4909,232.33247,660.43353,232.26723,-0.057373047,-0.06524658,0.08688373
256,663.1869,347.08405,663.1359,346.9767,-0.050964355,-0.10733032,0.11881567
256,841.565,262.74573,841.4699,262.7618,-0.09509277,0.016082764,0.0964432
257,809.6297,225.76508,809.49963,225.74231,-0.13006592,-0.022766113,0.13204332
257,32.680344,222.74287,33.139183,222.74509,0.45883942,0.0022125244,0.45884475
257,706.8632,425.95703,706.74176,425.70914,-0.12145996,-0.24789429,0.2760509
257,892.69476,334.89874,892.5405,334.8084,-0.15423584,-0.09033203,0.17874163
257,660.43353,232.26723,660.36163,232.18826,-0.071899414,-0.07896423,0.10679361
257,663.1359,346.9767,663.0835,346.87277,-0.0524292,-0.10394287,0.1164171
257,841.4699,262.7618,841.3897,262.76337,-0.080200195,0.0015563965,0.0802153
258,809.49963,225.74231,809.5157,225.763,0.016052246,0.020690918,0.026187567
258,33.139183,222.74509,33.60096,222.54239,0.46177673,-0.20269775,0.5043056
258,706.74176,425.70914,706.8142,425.58182,0.07244873,-0.12731934,0.14648901
258,892.5405,334.8084,892.4762,334.7216,-0.064331055,-0.08682251,0.10805847
258,660.36163,232.18826,660.4346,232.18407,0.07293701,-0.004196167,0.073057614
258,663.0835,346.87277,663.09283,346.75613,0.009338379,-0.11663818,0.11701141
258,841.3897,262.76337,841.3408,262.72607,-0.04888916,-0.03729248,0.061488852
259,809.5157,225.763,809.52954,225.78285,0.0138549805,0.019851685,0.024208467
259,33.60096,222.54239,33.860176,222.70946,0.2592163,0.16706848,0.30839095
259,706.8142,425.58182,706.86816,425.47562,0.053955078,-0.10620117,0.11912111
259,892.4762,334.7216,892.4011,334.61176,-0.07507324,-0.10983276,0.13303845
259,660.4346,232.18407,660.5075,232.17804,0.07293701,-0.0060272217,0.07318562
259,663.09283,346.75613,663.08887,346.63147,-0.003967285,-0.12466431,0.12472742
259,841.3408,262.72607,841.3056,262.7007,-0.035217285,-0.025360107,0.043398067
260,809.52954,225.78285,809.5443,225.80363,0.014770508,0.02078247,0.025496647
260,33.860176,222.70946,34.164803,222.72162,0.30462646,0.012161255,0.30486912
260,706.86816,425.47562,706.87006,425.3491,0.0018920898,-0.12652588,0.12654002
260,892.4011,334.61176,892.40564,334.6044,0.0045166016,-0.0073547363,0.008630865
260,660.5075,232.17804,660.58203,232.17252,0.074523926,-0.0055236816,0.074728355
260,663.08887,346.63147,663.18585,346.59998,0.09698486,-0.03149414,0.101970315
260,841.3056,262.7007,841.2423,262.6778,-0.06329346,-0.022918701,0.06731515
261,809.5443,225.80363,809.5623,225.82718,0.018005371,0.023544312,0.029639972
261,34.164803,222.72162,34.539005,222.85005,0.37420273,0.12843323,0.3956296
261,706.87006,425.3491,706.97894,425.23724,0.10888672,-0.111846924,0.1560963
261,892.40564,334.6044,892.3247,334.48544,-0.08093262,-0.11895752,0.14387836
261,660.58203,232.17252,660.6389,232.16866,0.056884766,-0.0038604736,0.05701561
261,663.18585,346.59998,663.29584,346.54178,0.10998535,-0.05819702,0.1244334
261,841.2423,262.6778,841.21265,262.66074,-0.029663086,-0.017059326,0.0342187
262,809.5623,225.82718,809.62115,225.82793,0.05883789,0.00074768066,0.05884264
262,34.539005,222.85005,34.64345,222.77675,0.10444641,-0.07330322,0.12760256
262,706.97894,425.23724,707.1044,425.16702,0.12542725,-0.07022095,0.14374621
262,892.3247,334.48544,892.37164,334.4546,0.046936035,-0.030853271,0.05616864
262,660.6389,232.16866,660.7702,232.1687,0.13128662,4.5776367e-05,0.13128662
262,663.29584,346.54178,663.387,346.29724,0.09118652,-0.24453735,0.26098564
262,841.21265,262.66074,841.23267,262.61676,0.020019531,-0.04397583,0.04831827
263,809.62115,225.82793,809.69684,225.827,0.075683594,-0.00093078613,0.075689316
263,34.64345,222.77675,34.961193,222.66032,0.3177414,-0.11642456,0.33839956
263,707.1044,425.16702,707.1774,425.10233,0.07305908,-0.064697266,0.097587734
263,892.37164,334.4546,892.4295,334.39108,0.057861328,-0.06350708,0.085913226
263,660.7702,232.1687,660.9021,232.15706,0.13189697,-0.011642456,0.13240981
263,663.387,346.29724,663.42694,346.2584,0.039916992,-0.038848877,0.055701002
263,841.23267,262.61676,841.25385,262.5512,0.0211792,-0.06555176,0.068888254
264,809.69684,225.827,809.7674,225.82729,0.07055664,0.000289917,0.07055724
264,34.961193,222.66032,35.488354,222.49107,0.52716064,-0.16925049,0.5536642
264,707.1774,425.10233,707.30725,424.88583,0.12982178,-0.2164917,0.25243285
264,892.4295,334.39108,892.4832,334.3452,0.053710938,-0.04586792,0.070630945
264,660.9021,232.15706,660.9951,232.15405,0.09301758,-0.0030059814,0.09306613
264,663.42694,346.2584,663.5109,346.16623,0.083984375,-0.092163086,0.12468925
264,841.25385,262.5512,841.2739,262.49493,0.020080566,-0.056274414,0.0597498
265,809.7674,225.82729,809.8506,225.82138,0.08319092,-0.0059051514,0.083400235
265,35.488354,222.49107,35.459457,222.64354,-0.028896332,0.15246582,0.15517998
265,707.30725,424.88583,707.27686,424.70544,-0.030395508,-0.1803894,0.18293229
265,892.4832,334.3452,892.5416,334.27106,0.058410645,-0.074157715,0.09439899
265,660.9951,232.15405,661.0765,232.14728,0.08135986,-0.0067749023,0.08164145
265,663.5109,346.16623,663.58875,346.06265,0.077819824,-0.10357666,0.12955327
265,841.2739,262.49493,841.3107,262.43,0.0368042,-0.064941406,0.0746454
266,809.8506,225.82138,809.85114,225.82167,0.0005493164,0.000289917,0.0006211283
266,35.459457,222.64354,35.849968,222.63118,0.39051056,-0.012359619,0.39070612
266,707.27686,424.70544,707.4151,424.704,0.13824463,-0.0014343262,0.13825206
266,892.5416,334.27106,892.5351,334.26572,-0.0065307617,-0.005340576,0.008436386
266,661.0765,232.14728,661.1963,232.14426,0.11981201,-0.0030212402,0.1198501
266,663.58875,346.06265,663.66144,346.0454,0.07269287,-0.017242432,0.0747098
266,841.3107,262.43,841.34644,262.40265,0.035705566,-0.02734375,0.04497297
267,809.85114,225.82167,809.85156,225.8215,0.0004272461,-0.00016784668,0.00045903347
267,35.849968,222.63118,36.03618,222.6034,0.18621063,-0.027786255,0.18827234
267,707.4151,424.704,707.4219,424.7051,0.0067749023,0.0010986328,0.0068634027
267,892.5351,334.26572,892.53186,334.2633,-0.0032348633,-0.0024108887,0.0040344424
267,661.1963,232.14426,661.30145,232.15366,0.105163574,0.009399414,0.105582796
267,663.66144,346.0454,663.73956,346.03552,0.078125,-0.009887695,0.07874822
267,841.34644,262.40265,841.36816,262.36475,0.021728516,-0.037902832,0.043689277
268,809.85156,225.8215,809.85236,225.82164,0.00079345703,0.0001373291,0.00080525357
268,36.03618,222.6034,36.339462,222.72772,0.3032837,0.12432861,0.32777828
268,707.4219,424.7051,707.42487,424.70618,0.0029907227,0.0010681152,0.003175735
268,892.53186,334.2633,892.5185,334.24942,-0.013366699,-0.013885498,0.019273706
268,661.30145,232.15366,661.3845,232.14926,0.08306885,-0.0043945312,0.08318501
268,663.73956,346.03552,663.8167,346.0243,0.07714844,-0.011230469,0.07796156
268,841.36816,262.36475,841.4298,262.35632,0.061645508,-0.008422852,0.06221827
