frame,x_old,y_old,x_new,y_new,dx,dy,displacement
0,48.0,241.0,49.287876,241.10487,1.2878761,0.10487366,1.292139
0,214.0,64.0,214.98268,64.06015,0.9826813,0.060150146,0.98452044
0,105.0,67.0,105.64918,66.98625,0.64917755,-0.013748169,0.6493231
0,247.0,3.0,246.52533,3.12146,-0.4746704,0.12145996,0.4899638
0,2.0,256.0,13.384576,243.49246,11.384576,-12.507538,16.912926
0,248.0,24.0,248.69121,24.145126,0.6912079,0.14512634,0.706279
0,1268.0,231.0,1266.0638,231.00716,-1.9361572,0.007156372,1.9361705
0,136.0,120.0,246.4561,-1.6070185,110.4561,-121.60702,164.28273
0,236.0,37.0,236.49298,37.179226,0.49298096,0.17922592,0.5245495
0,11.0,278.0,10.147763,280.52386,-0.85223675,2.5238647,2.6638694
0,73.0,212.0,73.59171,212.60802,0.59171295,0.60801697,0.8484155
0,1021.0,58.0,1020.4266,58.03834,-0.5734253,0.038341522,0.57470566
0,25.0,234.0,21.452923,236.33919,-3.5470772,2.3391876,4.2489476
0,157.0,99.0,226.99591,23.93026,69.99591,-75.06974,102.63963
0,157.0,122.0,256.5717,13.51349,99.571686,-108.48651,147.25435
0,192.0,87.0,192.55168,87.311485,0.5516815,0.3114853,0.6335421
0,1081.0,98.0,1080.3704,97.847885,-0.6296387,-0.15211487,0.6477529
0,1040.0,66.0,1040.3209,65.937,0.32092285,-0.06300354,0.3270488
0,83.0,173.0,139.35184,115.95341,56.351837,-57.046593,80.1863
0,265.0,3.0,265.4469,3.7181964,0.4468994,0.7181964,0.8458872
0,24.0,264.0,24.421291,265.04214,0.42129135,1.0421448,1.1240784
0,202.0,52.0,200.66203,52.20796,-1.3379669,0.20795822,1.3540318
0,12.0,244.0,11.70023,243.03093,-0.29977036,-0.96907043,1.0143765
0,218.0,34.0,217.47166,33.61335,-0.5283356,-0.3866501,0.65470356
0,106.0,176.0,154.50288,125.85136,48.502884,-50.148643,69.76687
0,58.0,226.0,57.500156,227.72263,-0.4998436,1.7226257,1.7936786
0,186.0,73.0,185.11333,72.942795,-0.886673,-0.0572052,0.88851637
0,145.0,138.0,253.44841,20.550135,108.44841,-117.44987,159.86096
0,202.0,75.0,202.73965,75.3204,0.73965454,0.32039642,0.8060662
0,85.0,200.0,92.123726,193.7382,7.123726,-6.261795,9.484595
0,107.0,149.0,154.63681,100.75042,47.63681,-48.24958,67.8033
0,64.0,192.0,57.702286,197.12874,-6.297714,5.1287384,8.121894
0,170.0,109.0,210.12389,69.05596,40.123886,-39.94404,56.61672
0,120.0,136.0,167.9329,87.77737,47.932907,-48.222633,67.992546
0,39.0,217.0,66.253815,187.3527,27.253815,-29.647293,40.27074
0,1209.0,181.0,1142.9144,135.08966,-66.08557,-45.91034,80.46777
0,1139.0,138.0,1139.166,138.09613,0.16601562,0.09613037,0.19183908
0,225.0,52.0,225.69658,52.466816,0.696579,0.46681595,0.8385341
0,94.0,188.0,150.94592,129.0256,56.945923,-58.974396,81.98059
0,982.0,25.0,982.06555,25.03995,0.06555176,0.039949417,0.076765805
0,96.0,160.0,144.5607,110.54184,48.5607,-49.45816,69.312706
0,172.0,85.0,172.47388,83.265144,0.47387695,-1.7348557,1.7984114
0,130.0,150.0,223.37885,51.706905,93.378845,-98.29309,135.57707
0,1164.0,158.0,1139.2229,140.6341,-24.7771,-17.365906,30.25689
1,49.287876,241.10487,50.58269,241.28702,1.2948151,0.18214417,1.3075637
1,214.98268,64.06015,216.07655,64.140335,1.0938721,0.08018494,1.0968071
1,105.64918,66.98625,106.15612,67.01297,0.50694275,0.02671814,0.5076463
1,246.52533,3.12146,246.22563,2.1544957,-0.29969788,-0.96696424,1.0123432
1,13.384576,243.49246,13.105942,242.63185,-0.27863407,-0.86061096,0.9045928
1,248.69121,24.145126,255.07047,17.04334,6.379257,-7.1017857,9.546218
1,1266.0638,231.00716,1264.6211,230.96663,-1.442749,-0.040527344,1.4433181
1,246.4561,-1.6070185,246.08842,-2.8130713,-0.36767578,-1.2060528,1.2608523
1,236.49298,37.179226,237.00716,37.42977,0.5141754,0.2505455,0.57196975
1,10.147763,280.52386,10.878221,281.27402,0.7304573,0.7501526,1.0470419
1,73.59171,212.60802,74.53007,212.88026,0.9383545,0.2722473,0.97705054
1,1020.4266,58.03834,1019.96985,58.035137,-0.45672607,-0.0032043457,0.4567373
1,21.452923,236.33919,8.054269,248.25859,-13.398654,11.919403,17.9331
1,226.99591,23.93026,231.21558,18.365074,4.2196655,-5.5651855,6.9840436
1,256.5717,13.51349,257.10794,13.214171,0.5362549,-0.2993183,0.61413413
1,192.55168,87.311485,192.22476,88.732704,-0.32691956,1.4212189,1.4583344
1,1040.3209,65.937,1041.1776,65.87759,0.85668945,-0.059410095,0.85874695
1,139.35184,115.95341,201.75659,52.21062,62.404755,-63.742786,89.204796
1,265.4469,3.7181964,265.79272,3.8547144,0.3458252,0.136518,0.37179595
1,24.421291,265.04214,24.997522,265.65186,0.576231,0.6097107,0.8389215
1,200.66203,52.20796,199.69582,52.09162,-0.96621704,-0.11633682,0.97319555
1,11.70023,243.03093,11.036416,242.53275,-0.6638136,-0.4981842,0.8299614
1,217.47166,33.61335,216.99393,33.1435,-0.47773743,-0.46984863,0.6700677
1,154.50288,125.85136,256.428,14.183987,101.925125,-111.66737,151.18973
1,57.500156,227.72263,57.4069,229.11073,-0.093257904,1.3881073,1.3912364
1,185.11333,72.942795,184.36551,72.97046,-0.747818,0.027664185,0.7483295
1,253.44841,20.550135,253.66812,20.923311,0.2197113,0.37317657,0.43305174
1,202.73965,75.3204,203.36084,75.67363,0.6211853,0.35323334,0.71459424
1,92.123726,193.7382,146.86292,136.94977,54.73919,-56.788437,78.87525
1,154.63681,100.75042,174.53719,80.52661,19.900375,-20.223808,28.373003
1,57.702286,197.12874,105.065346,148.90665,47.36306,-48.22209,67.591644
1,210.12389,69.05596,210.98204,69.18469,0.8581543,0.12873077,0.86775595
1,167.9329,87.77737,191.9096,62.478165,23.9767,-25.299202,34.855873
1,66.253815,187.3527,126.076775,127.221375,59.82296,-60.131332,84.82077
1,1142.9144,135.08966,1143.0293,134.6479,0.114868164,-0.4417572,0.45644727
1,1139.166,138.09613,1138.9138,138.13554,-0.25219727,0.039413452,0.25525847
1,225.69658,52.466816,226.06192,53.297596,0.3653412,0.83078,0.90756243
1,150.94592,129.0256,264.3011,2.997491,113.35516,-126.028114,169.50658
1,982.06555,25.03995,982.07184,24.788542,0.006286621,-0.25140762,0.2514862
1,144.5607,110.54184,207.0686,46.209732,62.507904,-64.33211,89.69871
1,172.47388,83.265144,197.91154,55.63602,25.437668,-27.629124,37.55587
1,223.37885,51.706905,223.74377,52.40953,0.3649292,0.7026253,0.79174215
1,1139.2229,140.6341,1138.9393,140.93044,-0.28356934,0.29634094,0.41015792
2,50.58269,241.28702,51.59885,241.33313,1.016159,0.04611206,1.0172048
2,216.07655,64.140335,216.9324,64.285095,0.8558502,0.14476013,0.8680064
2,106.15612,67.01297,106.66986,67.17198,0.51374054,0.15901184,0.5377863
2,246.22563,2.1544957,246.14972,1.3568134,-0.075912476,-0.7976823,0.8012863
2,13.105942,242.63185,10.345192,244.31206,-2.7607498,1.6802063,3.2318466
2,255.07047,17.04334,255.71298,17.617168,0.6425171,0.57382774,0.86145604
2,1264.6211,230.96663,1262.4083,230.97508,-2.2127686,0.008453369,2.2127848
2,246.08842,-2.8130713,245.8347,-3.5120697,-0.25372314,-0.69899845,0.74362236
2,237.00716,37.42977,237.54727,37.66059,0.54011536,0.2308197,0.58736897
2,10.878221,281.27402,10.402072,283.30487,-0.4761486,2.0308533,2.0859249
2,74.53007,212.88026,78.05103,210.37845,3.5209656,-2.5018158,4.3192916
2,1019.96985,58.035137,1019.4209,58.0427,-0.5489502,0.0075645447,0.5490023
2,8.054269,248.25859,7.006078,248.24623,-1.0481911,-0.012359619,1.0482639
2,231.21558,18.365074,231.20747,17.60836,-0.008102417,-0.75671387,0.7567572
2,257.10794,13.214171,257.18304,14.4739685,0.07510376,1.2597971,1.2620338
2,192.22476,88.732704,192.86984,89.06912,0.64508057,0.33641815,0.7275343
2,1041.1776,65.87759,1041.3141,65.80994,0.13647461,-0.06764984,0.15232143
2,201.75659,52.21062,201.07588,52.148746,-0.68070984,-0.06187439,0.68351614
2,265.79272,3.8547144,266.6604,4.195437,0.8676758,0.34072256,0.93217653
2,24.997522,265.65186,26.96324,264.99417,1.9657173,-0.6576843,2.0728226
2,199.69582,52.09162,199.03178,52.006847,-0.664032,-0.08477402,0.66942143
2,11.036416,242.53275,9.161436,243.36365,-1.87498,0.8309021,2.0508409
2,216.99393,33.1435,216.44112,32.8042,-0.55281067,-0.33930206,0.6486336
2,256.428,14.183987,256.2206,15.789481,-0.20739746,1.6054945,1.6188349
2,57.4069,229.11073,60.412083,226.78377,3.0051842,-2.3269653,3.8007762
2,184.36551,72.97046,183.50742,72.949875,-0.85809326,-0.020584106,0.85834014
2,253.66812,20.923311,254.37234,21.423576,0.70422363,0.5002651,0.86382645
2,203.36084,75.67363,203.98027,75.9027,0.61943054,0.22907257,0.6604305
2,146.86292,136.94977,236.37686,41.66677,89.51395,-95.283,130.73483
2,174.53719,80.52661,174.74191,79.3822,0.20472717,-1.1444092,1.1625772
2,105.065346,148.90665,155.08191,98.59455,50.016563,-50.312096,70.94338
2,210.98204,69.18469,211.7297,69.37345,0.7476654,0.18875885,0.7711248
2,191.9096,62.478165,191.26636,62.30234,-0.6432495,-0.17582321,0.6668461
2,126.076775,127.221375,194.84467,57.72827,68.76789,-69.4931,97.76663
2,1143.0293,134.6479,1143.2894,134.24612,0.26013184,-0.40177917,0.47863877
2,1138.9138,138.13554,1138.9491,138.27446,0.03527832,0.13891602,0.14332557
2,226.06192,53.297596,226.49988,53.79254,0.43795776,0.49494553,0.6608919
2,264.3011,2.997491,265.15723,3.3432455,0.85614014,0.34575462,0.9233213
2,982.07184,24.788542,981.9777,24.755413,-0.09411621,-0.03312874,0.099776626
2,207.0686,46.209732,206.26743,46.18819,-0.801178,-0.021541595,0.80146754
2,197.91154,55.63602,197.42752,55.327,-0.48402405,-0.309021,0.57425886
2,223.74377,52.40953,223.88287,53.266125,0.13909912,0.8565941,0.8678145
2,1138.9393,140.93044,1139.0165,141.40082,0.07714844,0.4703827,0.47666734
3,51.59885,241.33313,52.51327,241.33746,0.9144211,0.004333496,0.91443133
3,216.9324,64.285095,217.72713,64.31035,0.7947235,0.025253296,0.79512465
3,106.66986,67.17198,107.2395,67.06111,0.5696411,-0.11087036,0.58033025
3,246.14972,1.3568134,245.7286,0.5339403,-0.42111206,-0.8228731,0.92436767
3,10.345192,244.31206,9.753536,243.87466,-0.59165573,-0.4373932,0.73577803
3,255.71298,17.617168,255.99832,17.676186,0.28533936,0.05901718,0.29137874
3,1262.4083,230.97508,1260.3851,230.98387,-2.0231934,0.0087890625,2.0232124
3,245.8347,-3.5120697,245.49913,-4.5208654,-0.3355713,-1.0087957,1.0631448
3,237.54727,37.66059,237.6994,38.233894,0.15213013,0.5733032,0.5931443
3,10.402072,283.30487,10.630383,284.3922,0.22831059,1.0873413,1.1110522
3,78.05103,210.37845,77.73344,211.52979,-0.31759644,1.1513367,1.1943382
3,1019.4209,58.0427,1019.9358,58.058308,0.5148926,0.0156059265,0.515129
3,7.006078,248.24623,6.8576765,247.31302,-0.14840126,-0.9332123,0.9449381
3,231.20747,17.60836,231.57256,16.319998,0.3650818,-1.2883625,1.3390902
3,257.18304,14.4739685,257.51022,14.500492,0.32717896,0.02652359,0.3282523
3,192.86984,89.06912,193.1611,89.47751,0.29125977,0.40838623,0.50160897
3,1041.3141,65.80994,1042.285,65.78933,0.97094727,-0.020606995,0.9711659
3,201.07588,52.148746,200.03307,52.260906,-1.0428162,0.11215973,1.0488305
3,266.6604,4.195437,266.61298,4.7884865,-0.047424316,0.5930495,0.5949427
3,26.96324,264.99417,28.209602,264.73993,1.2463627,-0.25424194,1.2720294
3,199.03178,52.006847,198.0087,52.117012,-1.0230865,0.11016464,1.0290006
3,9.161436,243.36365,8.768401,242.70999,-0.39303493,-0.653656,0.7627205
3,216.44112,32.8042,215.97713,32.249905,-0.46398926,-0.5542946,0.72286135
3,256.2206,15.789481,256.52234,15.823438,0.3017273,0.033956528,0.30363202
3,60.412083,226.78377,60.473602,227.66173,0.061519623,0.8779602,0.88011295
3,183.50742,72.949875,182.90654,72.77836,-0.60087585,-0.17151642,0.6248757
3,254.37234,21.423576,254.51376,21.699993,0.14141846,0.27641678,0.31049222
3,203.98027,75.9027,204.58025,76.12125,0.5999756,0.218544,0.6385391
3,236.37686,41.66677,236.55014,42.275494,0.17327881,0.6087227,0.63290507
3,174.74191,79.3822,174.55724,78.75537,-0.18467712,-0.62683105,0.6534698
3,155.08191,98.59455,178.4853,74.89492,23.403397,-23.69963,33.30753
3,211.7297,69.37345,212.51308,69.44066,0.783371,0.06720734,0.7862486
3,191.26636,62.30234,190.87312,61.77128,-0.39323425,-0.5310631,0.66080344
3,194.84467,57.72827,194.3717,57.233334,-0.47296143,-0.4949379,0.68458456
3,1143.2894,134.24612,1143.6489,134.18723,0.35949707,-0.058898926,0.36429003
3,1138.9491,138.27446,1138.9114,138.6106,-0.037719727,0.33613586,0.3382456
3,226.49988,53.79254,227.17189,53.840633,0.6720123,0.04809189,0.67373097
3,265.15723,3.3432455,265.15714,3.8552256,-9.1552734e-05,0.51198006,0.51198006
3,981.9777,24.755413,982.4473,24.723839,0.4696045,-0.03157425,0.47066477
3,206.26743,46.18819,205.19482,46.22382,-1.0726013,0.035629272,1.073193
3,197.42752,55.327,196.65555,55.133,-0.77197266,-0.19400024,0.79597604
3,223.88287,53.266125,224.18549,53.73865,0.3026123,0.47252655,0.5611199
3,1139.0165,141.40082,1139.1422,142.31776,0.12573242,0.9169464,0.92552656
4,52.51327,241.33746,53.378498,241.4206,0.86522675,0.08312988,0.8692111
4,217.72713,64.31035,218.41177,64.368774,0.6846466,0.058425903,0.68713504
4,107.2395,67.06111,107.58723,67.069756,0.3477249,0.008644104,0.34783235
4,245.7286,0.5339403,245.35599,0.3100109,-0.37261963,-0.2239294,0.43472952
4,9.753536,243.87466,9.518597,243.3973,-0.23493958,-0.47737122,0.5320525
4,255.99832,17.676186,256.27264,18.004936,0.2743225,0.3287506,0.4281703
4,1260.3851,230.98387,1259.147,230.97333,-1.2381592,-0.010543823,1.2382041
4,245.49913,-4.5208654,245.18768,-4.824296,-0.31144714,-0.30343056,0.43482113
4,237.6994,38.233894,237.97633,38.531403,0.27693176,0.29750824,0.40645093
4,10.630383,284.3922,10.817921,284.86053,0.18753815,0.46832275,0.5044767
4,77.73344,211.52979,77.76622,212.16731,0.03278351,0.63752747,0.6383698
4,1019.9358,58.058308,1019.4269,58.09586,-0.50891113,0.03755188,0.51029474
4,6.8576765,247.31302,6.632764,246.79095,-0.22491264,-0.5220642,0.56845117
4,231.57256,16.319998,231.564,15.720982,-0.008560181,-0.5990162,0.59907734
4,257.51022,14.500492,257.53308,15.115101,0.022857666,0.61460876,0.6150336
4,193.1611,89.47751,193.59383,89.71968,0.432724,0.24217224,0.49588048
4,1042.285,65.78933,1042.7418,65.750626,0.4567871,-0.03870392,0.45842388
4,200.03307,52.260906,199.49944,52.189632,-0.5336304,-0.0712738,0.5383691
4,266.61298,4.7884865,267.06668,4.821134,0.45370483,0.03264761,0.45487794
4,28.209602,264.73993,28.47297,265.15536,0.2633667,0.4154358,0.49188304
4,198.0087,52.117012,197.41237,52.059044,-0.59632874,-0.05796814,0.5991396
4,8.768401,242.70999,8.482083,242.30672,-0.28631783,-0.40327454,0.49457887
4,215.97713,32.249905,215.69008,32.003345,-0.28704834,-0.24655914,0.3784021
4,256.52234,15.823438,256.65088,16.32991,0.12854004,0.5064726,0.5225294
4,60.473602,227.66173,63.3857,224.974,2.912098,-2.687729,3.9628527
4,182.90654,72.77836,182.38725,72.60512,-0.5192871,-0.17324066,0.5474225
4,254.51376,21.699993,254.79276,22.099628,0.2789917,0.39963531,0.48738563
4,204.58025,76.12125,204.91197,76.292984,0.33172607,0.17173767,0.3735452
4,236.55014,42.275494,236.7996,42.58812,0.24946594,0.31262589,0.39996025
4,174.55724,78.75537,174.42662,78.242294,-0.13061523,-0.5130768,0.52944136
4,178.4853,74.89492,178.13445,74.5544,-0.3508606,-0.34052277,0.4889365
4,212.51308,69.44066,213.06323,69.48361,0.55015564,0.04295349,0.5518299
4,190.87312,61.77128,190.25948,61.668556,-0.61364746,-0.10272217,0.6221857
4,194.3717,57.233334,194.18616,56.608543,-0.18554688,-0.6247902,0.65175945
4,1143.6489,134.18723,1143.3815,133.82607,-0.26745605,-0.36116028,0.44941017
4,1138.9114,138.6106,1138.1853,138.4907,-0.7260742,-0.119888306,0.7359055
4,227.17189,53.840633,227.5727,54.019466,0.4008026,0.17883301,0.43888947
4,265.15714,3.8552256,265.61542,3.8760219,0.45828247,0.020796299,0.4587541
4,982.4473,24.723839,982.23364,24.7594,-0.21368408,0.035560608,0.21662281
4,205.19482,46.22382,205.07205,45.792164,-0.12277222,-0.43165588,0.44877592
4,196.65555,55.133,196.2894,54.77207,-0.3661499,-0.36092758,0.5141347
4,224.18549,53.73865,224.61044,53.942844,0.42495728,0.20419312,0.47146952
4,1139.1422,142.31776,1138.5647,142.59721,-0.57751465,0.27944946,0.6415724
5,53.378498,241.4206,53.95647,241.40366,0.5779724,-0.016937256,0.57822055
5,218.41177,64.368774,218.88033,64.39215,0.46855164,0.023376465,0.46913442
5,107.58723,67.069756,107.91991,67.07124,0.33267975,0.0014877319,0.33268306
5,245.35599,0.3100109,245.04488,0.07782364,-0.31111145,-0.23218727,0.3882026
5,9.518597,243.3973,8.654142,243.68748,-0.86445427,0.29019165,0.911862
5,256.27264,18.004936,256.47635,18.343302,0.20370483,0.33836555,0.39495176
5,1259.147,230.97333,1257.3364,230.92606,-1.8105469,-0.04727173,1.8111639
5,245.18768,-4.824296,244.96255,-5.188813,-0.22512817,-0.3645172,0.42843378
5,237.97633,38.531403,238.30273,38.68597,0.32640076,0.15456772,0.36114904
5,10.817921,284.86053,11.017772,285.6483,0.19985104,0.78775024,0.8127059
5,77.76622,212.16731,77.78541,212.58817,0.019187927,0.42085266,0.42128986
5,1019.4269,58.09586,1019.84424,58.098873,0.4173584,0.0030136108,0.41736928
5,6.632764,246.79095,6.034189,246.88089,-0.59857464,0.0899353,0.6052933
5,231.564,15.720982,231.49133,15.293355,-0.07266235,-0.4276266,0.43375608
5,257.53308,15.115101,257.63202,15.580257,0.09893799,0.46515656,0.47556213
5,193.59383,89.71968,193.75957,90.11534,0.16574097,0.3956604,0.4289723
5,1042.7418,65.750626,1043.2284,65.70915,0.48657227,-0.04147339,0.48833656
5,199.49944,52.189632,199.00113,52.077312,-0.49830627,-0.11231995,0.5108081
5,267.06668,4.821134,267.41495,5.011498,0.3482666,0.19036388,0.39689803
5,28.47297,265.15536,28.858936,265.3623,0.38596725,0.2069397,0.4379438
5,197.41237,52.059044,196.90736,51.97904,-0.5050049,-0.080005646,0.5113031
5,8.482083,242.30672,7.8085566,242.43361,-0.67352676,0.12689209,0.68537575
5,215.69008,32.003345,215.46478,31.595024,-0.22529602,-0.40832138,0.4663525
5,256.65088,16.32991,256.82114,16.710855,0.17025757,0.3809452,0.41726118
5,63.3857,224.974,63.45974,225.42403,0.07403946,0.45002747,0.45607737
5,182.38725,72.60512,181.67511,72.74202,-0.71214294,0.13690186,0.72518253
5,254.79276,22.099628,255.08997,22.352148,0.2972107,0.2525196,0.39000046
5,204.91197,76.292984,205.2688,76.47889,0.35682678,0.18590546,0.40235084
5,236.7996,42.58812,237.14243,42.751045,0.3428192,0.16292572,0.3795653
5,174.42662,78.242294,174.14413,77.97276,-0.28248596,-0.26953125,0.39044258
5,178.13445,74.5544,177.6072,74.483055,-0.5272522,-0.07134247,0.532057
5,213.06323,69.48361,213.5431,69.52195,0.47987366,0.038337708,0.48140264
5,190.25948,61.668556,189.77834,61.539455,-0.48114014,-0.1291008,0.49815944
5,194.18616,56.608543,193.80087,56.37766,-0.38528442,-0.23088455,0.44916785
5,1143.3815,133.82607,1144.2034,133.66795,0.8218994,-0.15811157,0.8369695
5,1138.1853,138.4907,1138.8295,138.72433,0.64416504,0.23362732,0.6852228
5,227.5727,54.019466,227.8456,54.092648,0.27290344,0.07318115,0.28254515
5,265.61542,3.8760219,265.93268,4.0922656,0.31726074,0.21624374,0.38394755
5,982.23364,24.7594,982.4955,24.71667,0.26184082,-0.04273033,0.26530454
5,205.07205,45.792164,204.55202,45.594032,-0.5200348,-0.19813156,0.5565001
5,196.2894,54.77207,195.76988,54.689186,-0.519516,-0.08288574,0.5260864
5,224.61044,53.942844,224.82309,54.130074,0.21264648,0.18722916,0.2833254
5,1138.5647,142.59721,1139.4276,143.30273,0.86291504,0.70552063,1.1146218
6,53.95647,241.40366,54.15369,241.44368,0.19721985,0.040023804,0.20124009
6,218.88033,64.39215,219.32718,64.419464,0.44685364,0.027313232,0.4476876
6,107.91991,67.07124,108.12793,67.05506,0.20802307,-0.016181946,0.20865151
6,245.04488,0.07782364,244.65547,-0.007903099,-0.3894043,-0.08572674,0.39872897
6,8.654142,243.68748,8.559835,243.24408,-0.094306946,-0.44340515,0.45332322
6,256.47635,18.343302,256.50256,18.80442,0.0262146,0.4611187,0.46186325
6,1257.3364,230.92606,1256.6765,230.88046,-0.6599121,-0.04559326,0.66148525
6,244.96255,-5.188813,244.54143,-5.4024563,-0.42112732,-0.21364307,0.47221985
6,238.30273,38.68597,238.56134,38.765297,0.25860596,0.07932663,0.27049908
6,11.017772,285.6483,11.436734,285.69168,0.41896248,0.043395996,0.42120394
6,77.78541,212.58817,78.02763,212.85739,0.24222565,0.26922607,0.36215457
6,1019.84424,58.098873,1019.73474,58.10162,-0.10949707,0.002746582,0.109531514
6,6.034189,246.88089,5.8838186,246.47864,-0.1503706,-0.4022522,0.42943937
6,231.49133,15.293355,231.54346,14.877226,0.052124023,-0.4161291,0.41938093
6,257.63202,15.580257,257.62567,16.091953,-0.0063476562,0.51169586,0.51173526
6,193.75957,90.11534,193.95543,90.37037,0.19586182,0.25502777,0.3215603
6,1043.2284,65.70915,1042.7865,65.71498,-0.44189453,0.0058288574,0.44193298
6,199.00113,52.077312,198.6801,52.090755,-0.32102966,0.013442993,0.321311
6,267.41495,5.011498,267.74585,5.143386,0.3309021,0.13188791,0.3562171
6,28.858936,265.3623,28.892033,265.98285,0.033096313,0.62054443,0.6214264
6,196.90736,51.97904,196.59665,52.001404,-0.31071472,0.02236557,0.31151864
6,7.8085566,242.43361,7.7043467,242.01976,-0.1042099,-0.41384888,0.42676762
6,215.46478,31.595024,215.21884,31.442415,-0.24594116,-0.15260887,0.28944173
6,256.82114,16.710855,256.8261,17.21065,0.0049743652,0.499794,0.49981877
6,63.45974,225.42403,63.711887,225.67915,0.25214767,0.25512695,0.35870352
6,181.67511,72.74202,181.52417,72.58646,-0.15093994,-0.15556335,0.21675521
6,255.08997,22.352148,255.0304,22.943594,-0.059570312,0.5914459,0.5944383
6,205.2688,76.47889,205.48174,76.61816,0.2129364,0.13926697,0.25443506
6,237.14243,42.751045,237.32841,42.877613,0.18598938,0.12656784,0.22496994
6,174.14413,77.97276,173.78746,77.93104,-0.3566742,-0.04172516,0.3591065
6,177.6072,74.483055,177.34912,74.39157,-0.2580719,-0.09148407,0.27380732
6,213.5431,69.52195,213.87277,69.54619,0.32966614,0.024238586,0.330556
6,189.77834,61.539455,189.55217,61.527515,-0.22616577,-0.011940002,0.22648072
6,193.80087,56.37766,193.5763,56.279118,-0.22457886,-0.09854126,0.2452469
6,1144.2034,133.66795,1143.584,133.47623,-0.61938477,-0.19172668,0.64838
6,1138.8295,138.72433,1138.043,138.71,-0.786499,-0.014328003,0.7866295
6,227.8456,54.092648,228.1192,54.27811,0.27360535,0.18546295,0.33053955
6,265.93268,4.0922656,266.2863,4.201261,0.35360718,0.10899544,0.37002438
6,982.4955,24.71667,982.3132,24.667946,-0.18231201,-0.04872322,0.18871042
6,204.55202,45.594032,204.36996,45.4401,-0.18205261,-0.15393066,0.2384068
6,195.76988,54.689186,195.54501,54.586052,-0.22486877,-0.103134155,0.24739163
6,224.82309,54.130074,225.10277,54.307533,0.27967834,0.17745972,0.3312279
6,1139.4276,143.30273,1138.7839,143.60785,-0.64367676,0.30511475,0.7123305
7,54.15369,241.44368,54.476532,241.4606,0.32284164,0.016921997,0.32328483
7,219.32718,64.419464,219.39844,64.42911,0.071258545,0.009643555,0.071908124
7,108.12793,67.05506,108.22738,67.052666,0.09944916,-0.0023956299,0.09947801
7,244.65547,-0.007903099,244.51683,-0.051426888,-0.13864136,-0.04352379,0.14531258
7,8.559835,243.24408,8.447892,243.07832,-0.111943245,-0.16575623,0.20001604
7,256.50256,18.80442,256.50354,18.883,0.0009765625,0.07857895,0.07858502
7,1256.6765,230.88046,1256.7518,230.92197,0.07531738,0.041503906,0.08599583
7,244.54143,-5.4024563,244.45473,-5.534607,-0.08670044,-0.13215065,0.15805303
7,238.56134,38.765297,238.59857,38.876923,0.037231445,0.11162567,0.11767103
7,11.436734,285.69168,11.451602,285.92267,0.014867783,0.23098755,0.23146555
7,78.02763,212.85739,78.0071,213.1063,-0.0205307,0.24890137,0.24974667
7,1019.73474,58.10162,1019.68744,58.11682,-0.047302246,0.015201569,0.04968491
7,5.8838186,246.47864,5.755918,246.30087,-0.1279006,-0.1777649,0.21899524
7,231.54346,14.877226,231.45897,14.815851,-0.084487915,-0.061374664,0.104427285
7,257.62567,16.091953,257.62482,16.173897,-0.0008544922,0.08194351,0.08194797
7,193.95543,90.37037,193.84227,90.603584,-0.11315918,0.23321533,0.2592188
7,1042.7865,65.71498,1042.9336,65.71893,0.14709473,0.0039520264,0.1471478
7,198.6801,52.090755,198.52689,52.022823,-0.1532135,-0.06793213,0.16759819
7,267.74585,5.143386,267.8387,5.093388,0.09286499,-0.049997807,0.10546889
7,28.892033,265.98285,28.97216,265.9832,0.080127716,0.00033569336,0.08012842
7,196.59665,52.001404,196.48529,51.89809,-0.11135864,-0.103313446,0.15190265
7,7.7043467,242.01976,7.652232,241.78809,-0.052114487,-0.2316742,0.23746337
7,215.21884,31.442415,215.15329,31.317402,-0.06555176,-0.12501335,0.14115725
7,256.8261,17.21065,256.8319,17.279663,0.00579834,0.069013596,0.069256745
7,63.711887,225.67915,63.50094,226.26251,-0.21094894,0.58335876,0.62032807
7,181.52417,72.58646,181.44188,72.477875,-0.08229065,-0.10858154,0.13624133
7,255.0304,22.943594,254.96947,23.069477,-0.060928345,0.1258831,0.13985285
7,205.48174,76.61816,205.53668,76.794334,0.0549469,0.17617798,0.18454766
7,237.32841,42.877613,237.31131,43.107353,-0.017105103,0.22974014,0.23037603
7,173.78746,77.93104,173.73608,77.82626,-0.051376343,-0.104774475,0.11669284
7,177.34912,74.39157,177.29709,74.264915,-0.05203247,-0.12665558,0.13692704
7,213.87277,69.54619,214.03906,69.55864,0.16629028,0.012451172,0.16675578
7,189.55217,61.527515,189.44574,61.457344,-0.10643005,-0.070171356,0.12748088
7,193.5763,56.279118,193.51926,56.141853,-0.057037354,-0.13726425,0.14864297
7,1143.584,133.47623,1144.2711,133.50392,0.6871338,0.027694702,0.6876917
7,1138.043,138.71,1138.5717,138.76392,0.5286865,0.0539093,0.5314279
7,228.1192,54.27811,228.26381,54.163044,0.14460754,-0.11506653,0.18480164
7,266.2863,4.201261,266.37827,4.159885,0.09197998,-0.041376114,0.100857824
7,982.3132,24.667946,981.9062,24.524357,-0.40698242,-0.14358902,0.4315698
7,204.36996,45.4401,204.2342,45.29459,-0.13575745,-0.14551163,0.19900683
7,195.54501,54.586052,195.47487,54.442303,-0.07014465,-0.14374924,0.15995035
7,225.10277,54.307533,225.23079,54.208775,0.12802124,-0.0987587,0.16168709
7,1138.7839,143.60785,1139.3597,143.81227,0.57580566,0.204422,0.611016
8,54.476532,241.4606,54.467293,241.45384,-0.009239197,-0.0067596436,0.011447949
8,219.39844,64.42911,219.48808,64.42878,0.089645386,-0.00032806396,0.08964599
8,108.22738,67.052666,107.60474,67.06836,-0.6226425,0.015693665,0.6228402
8,244.51683,-0.051426888,244.42102,-0.14015579,-0.09580994,-0.088728905,0.1305847
8,8.447892,243.07832,8.04322,243.38722,-0.40467262,0.30889893,0.5090957
8,256.50354,18.883,256.45813,19.032696,-0.045410156,0.14969635,0.15643235
8,1256.7518,230.92197,1256.0171,230.91876,-0.7347412,-0.0032043457,0.7347482
8,244.45473,-5.534607,244.42621,-5.7175875,-0.028518677,-0.18298054,0.18518962
8,238.59857,38.876923,238.60951,38.8941,0.010940552,0.017177582,0.02036578
8,11.451602,285.92267,11.454755,285.91876,0.0031528473,-0.00390625,0.005019884
8,78.0071,213.1063,78.136215,213.0209,0.12911224,-0.08538818,0.15479378
8,1019.68744,58.11682,1019.5905,58.103203,-0.09692383,-0.013618469,0.09787589
8,5.755918,246.30087,5.4042683,246.52019,-0.35164976,0.21931458,0.4144351
8,231.45897,14.815851,231.702,14.4813175,0.24302673,-0.3345337,0.41349098
8,257.62482,16.173897,257.57996,16.356842,-0.04486084,0.18294525,0.18836524
8,193.84227,90.603584,193.93153,90.61513,0.089263916,0.011543274,0.090007186
8,1042.9336,65.71893,1043.3927,65.720795,0.45910645,0.0018615723,0.45911023
8,198.52689,52.022823,198.40942,52.070457,-0.11746216,0.047634125,0.12675318
8,267.8387,5.093388,267.81772,5.2985897,-0.020996094,0.20520163,0.20627299
8,28.97216,265.9832,29.026258,266.124,0.05409813,0.1408081,0.15084273
8,196.48529,51.89809,196.34485,51.97414,-0.1404419,0.076049805,0.15971068
8,7.652232,241.78809,7.2845135,242.07487,-0.3677187,0.28678894,0.46633136
8,215.15329,31.317402,215.0399,31.3066,-0.11338806,-0.010801315,0.11390136
8,256.8319,17.279663,256.78885,17.449696,-0.043060303,0.1700325,0.17540024
8,63.50094,226.26251,63.50567,226.28061,0.0047302246,0.018096924,0.01870491
8,181.44188,72.477875,181.27408,72.58043,-0.1678009,0.10255432,0.19665842
8,254.96947,23.069477,255.01825,23.104351,0.04878235,0.034873962,0.059965912
8,205.53668,76.794334,205.53967,76.79476,0.0029907227,0.0004272461,0.003021086
8,237.31131,43.107353,237.30008,43.14548,-0.011230469,0.0381279,0.039747454
8,173.73608,77.82626,173.61156,77.85041,-0.12452698,0.024147034,0.12684655
8,177.29709,74.264915,177.16959,74.30972,-0.12750244,0.044807434,0.13514651
8,214.03906,69.55864,214.04758,69.55647,0.008514404,-0.002166748,0.008785777
8,189.44574,61.457344,189.28674,61.53444,-0.15899658,0.07709503,0.17670189
8,193.51926,56.141853,193.42596,56.164333,-0.09329224,0.022480011,0.09596245
8,1144.2711,133.50392,1143.7319,133.32767,-0.5391846,-0.17625427,0.56726146
8,1138.5717,138.76392,1137.8826,138.63428,-0.6890869,-0.12963867,0.7011754
8,228.26381,54.163044,228.33733,54.228634,0.073516846,0.065589905,0.0985229
8,266.37827,4.159885,266.32587,4.3818026,-0.05239868,0.22191763,0.22801985
8,981.9062,24.524357,982.39594,24.5638,0.4897461,0.03944397,0.49133193
8,204.2342,45.29459,204.16286,45.32748,-0.0713501,0.03289032,0.078565955
8,195.47487,54.442303,195.35411,54.473938,-0.12075806,0.031635284,0.124833085
8,225.23079,54.208775,225.29001,54.29086,0.05921936,0.082084656,0.10121671
8,1139.3597,143.81227,1138.6361,143.6634,-0.7236328,-0.14886475,0.7387863
9,54.467293,241.45384,54.44744,241.45436,-0.019851685,0.0005187988,0.019858463
9,219.48808,64.42878,219.3518,64.41954,-0.13627625,-0.009239197,0.13658908
9,107.60474,67.06836,107.6083,67.06903,0.0035629272,0.0006713867,0.0036256325
9,244.42102,-0.14015579,244.41986,-0.13848972,-0.001159668,0.001666069,0.00202993
9,8.04322,243.38722,8.045824,243.38437,0.0026044846,-0.0028533936,0.003863314
9,256.45813,19.032696,256.4969,19.011444,0.038757324,-0.021251678,0.0442014
9,1256.0171,230.91876,1256.6381,230.91275,0.6209717,-0.006011963,0.6210008
9,244.42621,-5.7175875,244.42874,-5.719878,0.002532959,-0.0022907257,0.0034151583
9,238.60951,38.8941,238.62,38.86071,0.010482788,-0.033390045,0.034996912
9,11.454755,285.91876,11.456256,285.91776,0.0015010834,-0.0010070801,0.0018076121
9,78.136215,213.0209,78.24043,212.94176,0.10421753,-0.07914734,0.1308648
9,1019.5905,58.103203,1019.66797,58.096615,0.07745361,-0.006587982,0.077733286
9,5.4042683,246.52019,5.4087644,246.51634,0.0044960976,-0.0038452148,0.005916128
9,231.702,14.4813175,231.70993,14.4740505,0.00793457,-0.0072669983,0.010759492
9,257.57996,16.356842,257.5923,16.350777,0.012329102,-0.0060653687,0.013740285
9,193.93153,90.61513,193.90044,90.65495,-0.031097412,0.03982544,0.050528355
9,1043.3927,65.720795,1042.9689,65.70169,-0.42382812,-0.019104004,0.42425847
9,198.40942,52.070457,198.38615,52.09248,-0.023269653,0.022022247,0.032038353
9,267.81772,5.2985897,267.81702,5.2967553,-0.0007019043,-0.0018343925,0.0019640941
9,29.026258,266.124,29.079445,266.0593,0.053186417,-0.064697266,0.083752796
9,196.34485,51.97414,196.3154,52.005688,-0.029449463,0.031547546,0.043156907
9,7.2845135,242.07487,7.2787056,242.07985,-0.0058078766,0.0049743652,0.007646943
9,215.0399,31.3066,215.04337,31.30222,0.0034637451,-0.00438118,0.0055850036
9,256.78885,17.449696,256.81415,17.43807,0.025299072,-0.01162529,0.027842242
9,63.50567,226.28061,63.49889,226.2868,-0.006778717,0.0061950684,0.00918313
9,181.27408,72.58043,181.2787,72.57579,0.004623413,-0.004638672,0.006549292
9,255.01825,23.104351,255.05678,23.117836,0.038528442,0.013484955,0.04082015
9,205.53967,76.79476,205.5409,76.793236,0.0012207031,-0.0015258789,0.0019540784
9,237.30008,43.14548,237.30353,43.143383,0.0034484863,-0.0020980835,0.0040365844
9,173.61156,77.85041,173.60573,77.85538,-0.0058288574,0.004966736,0.00765794
9,177.16959,74.30972,177.17484,74.3038,0.0052490234,-0.00592041,0.007912237
9,214.04758,69.55647,214.01802,69.559944,-0.029556274,0.0034713745,0.029759431
9,189.28674,61.53444,189.31203,61.545624,0.025283813,0.011184692,0.027647216
9,193.42596,56.164333,193.39818,56.191235,-0.027786255,0.026901245,0.038674966
9,1143.7319,133.32767,1143.7355,133.33136,0.003540039,0.003692627,0.005115405
9,1137.8826,138.63428,1137.8811,138.63263,-0.0014648438,-0.0016479492,0.0022048817
9,228.33733,54.228634,227.97873,54.35318,-0.3585968,0.12454605,0.37960953
9,266.32587,4.3818026,266.32352,4.385099,-0.0023498535,0.0032963753,0.004048197
9,982.39594,24.5638,982.35516,24.500137,-0.040771484,-0.06366348,0.07559995
9,204.16286,45.32748,204.14305,45.32018,-0.019805908,-0.0073013306,0.021108847
9,195.35411,54.473938,195.32843,54.498055,-0.025680542,0.024116516,0.0352292
9,225.29001,54.29086,224.93526,54.437027,-0.3547516,0.14616776,0.3836844
9,1138.6361,143.6634,1138.6351,143.66235,-0.0009765625,-0.0010528564,0.0014360296
10,54.44744,241.45436,54.453243,241.45447,0.0058021545,0.00010681152,0.0058031376
10,219.3518,64.41954,219.38643,64.41727,0.034622192,-0.0022735596,0.03469676
10,107.6083,67.06903,107.73988,66.99353,0.13158417,-0.07550049,0.15170603
10,244.41986,-0.13848972,244.4165,-0.1347971,-0.0033569336,0.003692627,0.0049904403
10,8.045824,243.38437,7.919943,243.54842,-0.1258812,0.16404724,0.20677903
10,256.4969,19.011444,256.48206,19.027071,-0.014831543,0.015626907,0.02154472
10,1256.6381,230.91275,1256.6362,230.91284,-0.0018310547,9.1552734e-05,0.0018333421
10,244.42874,-5.719878,244.43074,-5.7221956,0.0019989014,-0.0023174286,0.0030604056
10,238.62,38.86071,238.6171,38.863567,-0.00289917,0.0028572083,0.004070482
10,11.456256,285.91776,11.454054,285.91992,-0.002202034,0.002166748,0.0030892962
10,78.24043,212.94176,78.236534,212.94406,-0.0038986206,0.0023040771,0.0045285774
10,1019.66797,58.096615,1019.7016,58.065617,0.03363037,-0.03099823,0.045737207
10,5.4087644,246.51634,5.293622,246.68454,-0.115142345,0.16819763,0.20383376
10,231.70993,14.4740505,231.70839,14.475798,-0.0015411377,0.0017471313,0.0023297153
10,257.5923,16.350777,257.5755,16.371124,-0.016784668,0.020347595,0.026377067
10,193.90044,90.65495,193.75601,90.64512,-0.14442444,-0.00983429,0.14475888
10,1042.9689,65.70169,1042.8789,65.725174,-0.08996582,0.023483276,0.092980176
10,198.38615,52.09248,198.47237,52.02414,0.08621216,-0.0683403,0.110013336
10,267.81702,5.2967553,267.647,5.404537,-0.17001343,0.10778189,0.20129952
10,29.079445,266.0593,29.110163,266.0359,0.03071785,-0.023406982,0.038619593
10,196.3154,52.005688,196.40202,51.94984,0.086624146,-0.055847168,0.103066236
10,7.2787056,242.07985,7.1973734,242.19948,-0.08133221,0.119628906,0.14465822
10,215.04337,31.30222,215.03726,31.3097,-0.0061035156,0.0074806213,0.009654667
10,256.81415,17.43807,256.7971,17.457226,-0.017059326,0.019155502,0.025650613
10,63.49889,226.2868,63.50059,226.28444,0.001701355,-0.0023651123,0.00291348
10,181.2787,72.57579,181.6332,72.218025,0.3544922,-0.3577652,0.5036473
10,255.05678,23.117836,255.05684,23.117832,6.1035156e-05,-3.8146973e-06,6.115425e-05
10,205.5409,76.793236,205.38908,76.74412,-0.15180969,-0.049118042,0.15955803
10,237.30353,43.143383,237.30092,43.146076,-0.002609253,0.0026931763,0.0037498532
10,173.60573,77.85538,173.67786,77.7862,0.072128296,-0.06917572,0.09993884
10,177.17484,74.3038,177.33086,74.16083,0.15602112,-0.14297485,0.21162324
10,214.01802,69.559944,213.94261,69.54636,-0.075408936,-0.013587952,0.076623365
10,189.31203,61.545624,189.7225,61.160107,0.41047668,-0.38551712,0.56312925
10,193.39818,56.191235,193.51001,56.081528,0.111831665,-0.10970688,0.1566586
10,1143.7355,133.33136,1143.7664,133.37155,0.030883789,0.04019165,0.050687052
10,1137.8811,138.63263,1137.884,138.58163,0.0029296875,-0.050994873,0.05107896
10,227.97873,54.35318,227.97713,54.3549,-0.0016021729,0.0017204285,0.0023509215
10,266.32352,4.385099,266.15433,4.495512,-0.16918945,0.110413074,0.20202999
10,982.35516,24.500137,982.3414,24.495855,-0.013793945,-0.0042819977,0.014443283
10,204.14305,45.32018,204.18893,45.285553,0.04588318,-0.034626007,0.0574824
10,195.32843,54.498055,195.4297,54.41313,0.10127258,-0.08492279,0.13216662
10,224.93526,54.437027,224.9278,54.450115,-0.007461548,0.013088226,0.015065735
10,1138.6351,143.66235,1138.6504,143.5941,0.015258789,-0.06825256,0.06993742
11,54.453243,241.45447,54.326317,241.52039,-0.12692642,0.06591797,0.1430227
11,219.38643,64.41727,219.35036,64.30483,-0.036071777,-0.11243439,0.11807906
11,107.73988,66.99353,108.29035,67.05528,0.55046844,0.06175232,0.55392134
11,244.4165,-0.1347971,244.61229,0.15093136,0.19578552,0.28572845,0.3463708
11,7.919943,243.54842,7.903358,243.93086,-0.016584873,0.3824463,0.38280573
11,256.48206,19.027071,256.75153,18.654526,0.2694702,-0.37254524,0.45978707
11,1256.6362,230.91284,1256.8787,230.84785,0.24243164,-0.06498718,0.2509909
11,244.43074,-5.7221956,244.61528,-5.375819,0.1845398,0.34637642,0.39246854
11,238.6171,38.863567,238.49576,38.872814,-0.12133789,0.009246826,0.121689714
11,11.454054,285.91992,11.54013,285.74518,0.08607578,-0.17474365,0.19479318
11,78.236534,212.94406,78.1573,212.64182,-0.07923126,-0.3022461,0.31245846
11,1019.7016,58.065617,1019.6883,57.945488,-0.013305664,-0.12012863,0.12086327
11,5.293622,246.68454,5.550023,246.80397,0.25640106,0.11943054,0.28285182
11,231.70839,14.475798,231.40988,14.981009,-0.2985077,0.5052109,0.58680904
11,257.5755,16.371124,257.84427,15.963253,0.2687683,-0.40787125,0.48846224
11,193.75601,90.64512,194.08693,90.367615,0.33091736,-0.27750397,0.43187353
11,1042.8789,65.725174,1042.8395,65.6974,-0.03942871,-0.027770996,0.048227083
11,198.47237,52.02414,198.64174,51.998684,0.16937256,-0.025455475,0.17127477
11,267.647,5.404537,267.77875,5.145711,0.13174438,-0.25882626,0.2904266
11,29.110163,266.0359,28.94611,265.92798,-0.16405296,-0.107910156,0.19636185
11,196.40202,51.94984,196.58795,51.867775,0.18592834,-0.08206558,0.20323412
11,7.1973734,242.19948,6.993505,242.77249,-0.20386839,0.5730133,0.6081995
11,215.03726,31.3097,215.22798,31.241718,0.1907196,-0.06798172,0.20247342
11,256.7971,17.457226,257.03696,17.1109,0.23986816,-0.34632492,0.421281
11,63.50059,226.28444,63.584145,225.98302,0.083553314,-0.30142212,0.3127882
11,181.6332,72.218025,181.59311,72.45372,-0.04008484,0.23569489,0.23907922
11,255.05684,23.117832,255.41911,22.635775,0.36227417,-0.48205757,0.60301083
11,205.38908,76.74412,205.48062,76.62712,0.091537476,-0.116996765,0.14855084
11,237.30092,43.146076,237.26628,43.086563,-0.03463745,-0.059513092,0.068858996
11,173.67786,77.7862,173.61995,78.171364,-0.057907104,0.38516235,0.38949105
11,177.33086,74.16083,177.23668,74.54207,-0.094177246,0.38124084,0.39270082
11,213.94261,69.54636,213.99716,69.44667,0.05455017,-0.09968567,0.113635175
11,189.7225,61.160107,189.91724,61.035084,0.19473267,-0.12502289,0.23141204
11,193.51001,56.081528,193.59036,56.08551,0.08035278,0.003982544,0.080451414
11,1143.7664,133.37155,1144.0005,133.57661,0.23413086,0.20506287,0.3112363
11,1137.884,138.58163,1138.1636,138.70401,0.27954102,0.12237549,0.30515397
11,227.97713,54.3549,228.08582,54.077354,0.108688354,-0.27754593,0.2980686
11,266.15433,4.495512,266.29926,4.2401104,0.14492798,-0.2554016,0.29365644
11,982.3414,24.495855,982.22595,24.456408,-0.11541748,-0.039447784,0.12197263
11,204.18893,45.285553,204.41037,45.29261,0.22143555,0.00705719,0.22154798
11,195.4297,54.41313,195.53616,54.42196,0.10646057,0.0088272095,0.1068259
11,224.9278,54.450115,225.01962,54.17349,0.09182739,-0.2766266,0.2914696
11,1138.6504,143.5941,1138.9559,143.64502,0.305542,0.05091858,0.30975574
12,54.326317,241.52039,54.301773,241.5167,-0.024543762,-0.003692627,0.024819987
12,219.35036,64.30483,219.3489,64.30684,-0.001449585,0.0020065308,0.0024753711
12,108.29035,67.05528,108.33916,67.055374,0.048805237,9.1552734e-05,0.048805322
12,244.61229,0.15093136,244.61414,0.1486454,0.0018463135,-0.0022859573,0.0029384475
12,7.903358,243.93086,7.59389,244.30101,-0.3094678,0.3701477,0.48247242
12,256.75153,18.654526,256.76062,18.64544,0.009094238,-0.009086609,0.012855802
12,1256.8787,230.84785,1256.9001,230.87177,0.021484375,0.023910522,0.032144852
12,244.61528,-5.375819,244.61763,-5.377637,0.0023498535,-0.0018177032,0.0029708343
12,238.49576,38.872814,238.61076,38.668488,0.11500549,-0.20432663,0.23446883
12,11.54013,285.74518,11.863985,285.3915,0.3238554,-0.3536682,0.47954515
12,78.1573,212.64182,78.52541,212.25922,0.36811066,-0.38259888,0.53093064
12,1019.6883,57.945488,1019.689,57.946228,0.0007324219,0.00074005127,0.0010412097
12,5.550023,246.80397,5.1792097,247.22643,-0.37081337,0.42245483,0.5621127
12,231.40988,14.981009,231.45901,14.928643,0.0491333,-0.052365303,0.07180673
12,257.84427,15.963253,257.84006,15.969923,-0.004211426,0.006669998,0.007888281
12,194.08693,90.367615,193.43971,91.009705,-0.6472168,0.64208984,0.9116847
12,1042.8395,65.6974,1042.9628,65.723434,0.123291016,0.026031494,0.12600918
12,198.64174,51.998684,198.63835,52.00095,-0.0033874512,0.0022659302,0.0040754466
12,267.77875,5.145711,267.7692,5.160638,-0.009552002,0.01492691,0.01772155
12,28.94611,265.92798,29.056435,265.7143,0.11032486,-0.21368408,0.2404838
12,196.58795,51.867775,196.58177,51.872322,-0.0061798096,0.004547119,0.0076724403
12,6.993505,242.77249,6.6034603,243.20474,-0.3900447,0.43225098,0.58221626
12,215.22798,31.241718,215.62746,30.89516,0.3994751,-0.34655762,0.5288502
12,257.03696,17.1109,257.03717,17.111797,0.00021362305,0.00089645386,0.0009215554
12,63.584145,225.98302,64.11011,225.46335,0.5259628,-0.5196686,0.7393865
12,181.59311,72.45372,181.33878,72.76831,-0.2543335,0.31459045,0.4045401
12,255.41911,22.635775,255.44159,22.611736,0.022476196,-0.024038315,0.03290927
12,205.48062,76.62712,205.37747,76.704346,-0.103149414,0.07722473,0.12885441
12,237.26628,43.086563,237.41954,42.825188,0.15325928,-0.26137543,0.30299425
12,173.61995,78.171364,173.27057,78.5698,-0.3493805,0.3984375,0.52992374
12,177.23668,74.54207,176.91913,74.91656,-0.31755066,0.37448883,0.4909993
12,213.99716,69.44667,214.02954,69.46008,0.03237915,0.013412476,0.035047166
12,189.91724,61.035084,189.90895,61.04888,-0.008285522,0.01379776,0.016094347
12,193.59036,56.08551,193.58461,56.09152,-0.0057525635,0.006008148,0.008318042
12,1144.0005,133.57661,1144.011,133.59158,0.010498047,0.014968872,0.01828322
12,1138.1636,138.70401,1138.2012,138.65002,0.037597656,-0.053985596,0.065787755
12,228.08582,54.077354,228.05667,54.091686,-0.029144287,0.014331818,0.03247754
12,266.29926,4.2401104,266.2963,4.245352,-0.002960205,0.005241394,0.0060195536
12,982.22595,24.456408,982.3354,24.47396,0.109436035,0.01755333,0.11083486
12,204.41037,45.29261,204.40318,45.302696,-0.0071868896,0.01008606,0.012384667
12,195.53616,54.42196,195.53519,54.423088,-0.0009765625,0.0011291504,0.0014928681
12,225.01962,54.17349,225.00343,54.17679,-0.016189575,0.0032997131,0.016522422
12,1138.9559,143.64502,1138.9822,143.54161,0.026245117,-0.10340881,0.10668734
13,54.301773,241.5167,54.154907,241.50008,-0.14686584,-0.016616821,0.14780289
13,219.3489,64.30684,219.25717,64.31172,-0.09173584,0.0048828125,0.091865696
13,108.33916,67.055374,108.28401,67.04709,-0.055145264,-0.008285522,0.055764236
13,244.61414,0.1486454,244.6899,0.25418472,0.07575989,0.10553932,0.12991577
13,7.59389,244.30101,7.6751776,244.35905,0.081287384,0.058044434,0.09988391
13,256.76062,18.64544,256.65018,18.63512,-0.110443115,-0.010318756,0.11092411
13,1256.9001,230.87177,1257.2388,230.83366,0.33862305,-0.038101196,0.34075984
13,244.61763,-5.377637,244.67543,-5.2325535,0.057800293,0.14508343,0.15617323
13,238.61076,38.668488,238.53062,38.656784,-0.08013916,-0.011703491,0.080989234
13,11.863985,285.3915,11.823835,285.3164,-0.04014969,-0.07510376,0.085162036
13,78.52541,212.25922,78.66767,212.09457,0.14225769,-0.16464233,0.21758756
13,1019.689,57.946228,1018.97986,57.92215,-0.7091675,-0.02407837,0.70957613
13,5.1792097,247.22643,5.275289,247.26003,0.09607935,0.033599854,0.10178503
13,231.45901,14.928643,231.44371,15.114042,-0.015304565,0.18539906,0.18602967
13,257.84006,15.969923,257.75806,15.915009,-0.08200073,-0.054914474,0.09869002
13,193.43971,91.009705,193.35962,91.03444,-0.080093384,0.024734497,0.083825685
13,1042.9628,65.723434,1042.4751,65.71377,-0.4876709,-0.009666443,0.48776668
13,198.63835,52.00095,198.73561,52.042572,0.09725952,0.041622162,0.10579139
13,267.7692,5.160638,267.65933,5.1338787,-0.10986328,-0.026759148,0.11307517
13,29.056435,265.7143,29.23643,265.49292,0.17999458,-0.22137451,0.28531513
13,196.58177,51.872322,196.64963,51.939793,0.067855835,0.06747055,0.09569059
13,6.6034603,243.20474,6.6893415,243.2674,0.08588123,0.06265259,0.106305845
13,215.62746,30.89516,215.66142,31.007801,0.033966064,0.11264038,0.117650114
13,257.03717,17.111797,256.93634,17.083714,-0.10083008,-0.028083801,0.104668066
13,64.11011,225.46335,64.02704,225.3411,-0.08306885,-0.12225342,0.14780505
13,181.33878,72.76831,181.41019,72.74775,0.07141113,-0.020561218,0.07431227
13,255.44159,22.611736,255.32935,22.617313,-0.11224365,0.0055770874,0.11238212
13,205.37747,76.704346,205.38698,76.64031,0.009506226,-0.06403351,0.06473529
13,237.41954,42.825188,237.3218,42.806164,-0.0977478,-0.019023895,0.09958183
13,173.27057,78.5698,173.2669,78.58556,-0.0036621094,0.01576233,0.016182153
13,176.91913,74.91656,176.93335,74.92418,0.014221191,0.007621765,0.016134856
13,214.02954,69.46008,213.90703,69.45573,-0.12251282,-0.0043563843,0.122590244
13,189.90895,61.04888,189.98332,61.07199,0.07437134,0.023109436,0.07787902
13,193.58461,56.09152,193.66054,56.115578,0.075927734,0.024059296,0.07964842
13,1144.011,133.59158,1143.8945,133.58264,-0.11645508,-0.00894165,0.11679785
13,1138.2012,138.65002,1138.3307,138.70087,0.1295166,0.050842285,0.13913837
13,228.05667,54.091686,227.9049,54.231583,-0.15176392,0.1398964,0.20640562
13,266.2963,4.245352,266.18356,4.220329,-0.11273193,-0.025022984,0.11547571
13,982.3354,24.47396,981.6586,24.041115,-0.6767578,-0.43284607,0.8033411
13,204.40318,45.302696,204.51335,45.370823,0.11016846,0.06812668,0.1295312
13,195.53519,54.423088,195.64305,54.42794,0.10786438,0.004852295,0.107973464
13,225.00343,54.17679,224.85481,54.305794,-0.1486206,0.12900543,0.19680063
13,1138.9822,143.54161,1139.1753,143.48819,0.19311523,-0.05342102,0.20036791
14,54.154907,241.50008,54.188366,241.49591,0.03345871,-0.0041656494,0.033717025
14,219.25717,64.31172,219.20898,64.305374,-0.048187256,-0.0063476562,0.048603542
14,108.28401,67.04709,108.234604,67.048904,-0.04940796,0.0018157959,0.049441315
14,244.6899,0.25418472,244.76134,0.3577118,0.07144165,0.10352707,0.12578459
14,7.6751776,244.35905,7.703413,244.35068,0.028235435,-0.008377075,0.029451914
14,256.65018,18.63512,256.62674,18.623882,-0.0234375,-0.011238098,0.025992524
14,1257.2388,230.83366,1257.3934,230.85347,0.15466309,0.019805908,0.15592608
14,244.67543,-5.2325535,244.7419,-5.0965366,0.066467285,0.13601685,0.15138851
14,238.53062,38.656784,238.51755,38.60881,-0.013076782,-0.047973633,0.049723953
14,11.823835,285.3164,11.611282,285.36813,-0.21255302,0.051727295,0.21875672
14,78.66767,212.09457,78.6575,211.92827,-0.010169983,-0.16630554,0.16661622
14,1018.97986,57.92215,1019.76465,57.941288,0.78479004,0.019138336,0.78502333
14,5.275289,247.26003,5.2909236,247.25017,0.015634537,-0.009857178,0.018482497
14,231.44371,15.114042,231.49979,15.178747,0.05607605,0.064704895,0.0856227
14,257.75806,15.915009,257.75797,15.863796,-9.1552734e-05,-0.05121231,0.051212393
14,193.35962,91.03444,193.30817,90.98275,-0.051452637,-0.051689148,0.072932445
14,1042.4751,65.71377,1042.821,65.71005,0.34594727,-0.0037155151,0.34596723
14,198.73561,52.042572,198.74889,52.05495,0.0132751465,0.012378693,0.018151075
14,267.65933,5.1338787,267.40097,5.255128,-0.25836182,0.1212492,0.2853983
14,29.23643,265.49292,29.098385,265.60443,-0.13804436,0.11151123,0.17745702
14,196.64963,51.939793,196.65779,51.963642,0.008163452,0.023849487,0.025207935
14,6.6893415,243.2674,6.7203455,243.24869,0.031003952,-0.018707275,0.036210597
14,215.66142,31.007801,215.68887,31.021185,0.027450562,0.013383865,0.030539501
14,256.93634,17.083714,256.91748,17.063128,-0.018859863,-0.020586014,0.02791914
14,64.02704,225.3411,63.99344,225.32294,-0.033599854,-0.018157959,0.03819243
14,181.41019,72.74775,181.4657,72.825836,0.055511475,0.07808685,0.095807515
14,255.32935,22.617313,255.35529,22.5461,0.025939941,-0.07121277,0.0757901
14,205.38698,76.64031,205.35802,76.62735,-0.028961182,-0.012962341,0.031729676
14,237.3218,42.806164,237.33606,42.74749,0.014266968,-0.05867386,0.06038351
14,173.2669,78.58556,173.33438,78.71154,0.067474365,0.12597656,0.14290865
14,176.93335,74.92418,177.01918,75.01739,0.08583069,0.09320831,0.12670714
14,213.90703,69.45573,213.87146,69.44748,-0.035568237,-0.0082473755,0.036511898
14,189.98332,61.07199,190.00917,61.101093,0.025848389,0.029102325,0.038924087
14,193.66054,56.115578,193.63898,56.197113,-0.021560669,0.08153534,0.08433785
14,1143.8945,133.58264,1144.2505,133.99373,0.35595703,0.41108704,0.54378116
14,1138.3307,138.70087,1138.9806,139.15048,0.64990234,0.44961548,0.7902703
14,227.9049,54.231583,227.7917,54.2243,-0.113204956,-0.007282257,0.11343894
14,266.18356,4.220329,265.91577,4.3616195,-0.26779175,0.14129066,0.3027796
14,981.6586,24.041115,982.2457,24.265972,0.58709717,0.22485733,0.6286843
14,204.51335,45.370823,204.51129,45.37368,-0.0020599365,0.0028572083,0.003522354
14,195.64305,54.42794,195.64182,54.48333,-0.0012359619,0.055389404,0.05540319
14,224.85481,54.305794,224.78801,54.262363,-0.06680298,-0.04343033,0.079679556
14,1139.1753,143.48819,1139.7468,143.7155,0.5715332,0.22731018,0.6150773
15,54.188366,241.49591,54.147514,241.49457,-0.040851593,-0.0013427734,0.040873654
15,219.20898,64.305374,219.21062,64.30388,0.0016326904,-0.0014953613,0.0022139973
15,108.234604,67.048904,108.228745,67.038185,-0.005859375,-0.010719299,0.012216205
15,244.76134,0.3577118,244.74423,0.3813238,-0.017105103,0.023612022,0.029156683
15,7.703413,244.35068,7.6976323,244.35657,-0.005780697,0.0058898926,0.008252714
15,256.62674,18.623882,256.61993,18.63253,-0.00680542,0.008647919,0.011004555
15,1257.3934,230.85347,1257.3945,230.85344,0.0010986328,-3.0517578e-05,0.0010990566
15,244.7419,-5.0965366,244.7346,-5.0868244,-0.007293701,0.009712219,0.012145999
15,238.51755,38.60881,238.52412,38.60135,0.006576538,-0.007461548,0.009946132
15,11.611282,285.36813,11.517762,285.4018,-0.093520164,0.03366089,0.09939355
15,78.6575,211.92827,78.63217,211.96596,-0.02532959,0.03768921,0.045409963
15,1019.76465,57.941288,1019.767,57.940838,0.002380371,-0.00045013428,0.0024225581
15,5.2909236,247.25017,5.287832,247.25325,-0.0030918121,0.0030822754,0.0043657445
15,231.49979,15.178747,231.49033,15.194744,-0.009460449,0.015996933,0.018584993
15,257.75797,15.863796,257.76224,15.858284,0.004272461,-0.0055122375,0.006974144
15,193.30817,90.98275,193.30956,90.98099,0.0013885498,-0.0017623901,0.0022436776
15,1042.821,65.71005,1042.8202,65.710266,-0.0008544922,0.00021362305,0.0008807904
15,198.74889,52.05495,198.7437,52.060616,-0.0051879883,0.0056648254,0.0076815016
15,267.40097,5.255128,267.40137,5.2545443,0.00039672852,-0.0005836487,0.000705719
15,29.098385,265.60443,29.070066,265.59198,-0.028318405,-0.012451172,0.030934831
15,196.65779,51.963642,196.65285,51.968258,-0.0049438477,0.0046157837,0.0067636594
15,6.7203455,243.24869,6.723141,243.24535,0.0027956963,-0.0033416748,0.004356915
15,215.68887,31.021185,215.77136,30.93648,0.08248901,-0.08470535,0.11823466
15,256.91748,17.063128,256.9174,17.062878,-9.1552734e-05,-0.00024986267,0.0002661076
15,63.99344,225.32294,63.57892,225.78333,-0.41452026,0.46038818,0.61950326
15,181.4657,72.825836,181.46327,72.828,-0.0024261475,0.002166748,0.0032528432
15,255.35529,22.5461,255.36308,22.536736,0.007797241,-0.009365082,0.012186129
15,205.35802,76.62735,205.3603,76.62485,0.0022888184,-0.0025024414,0.003391298
15,237.33606,42.74749,237.33629,42.747547,0.00022888184,5.722046e-05,0.000235926
15,173.33438,78.71154,173.33554,78.71042,0.001159668,-0.001121521,0.0016132697
15,177.01918,75.01739,177.0193,75.017395,0.00012207031,7.6293945e-06,0.0001223085
15,213.87146,69.44748,213.87398,69.444374,0.0025177002,-0.0031051636,0.003997606
15,190.00917,61.101093,190.00893,61.101154,-0.00024414062,6.1035156e-05,0.0002516544
15,193.63898,56.197113,193.63623,56.199986,-0.002746582,0.002872467,0.0039742645
15,1144.2505,133.99373,1144.054,133.98544,-0.1965332,-0.008285522,0.19670777
15,1138.9806,139.15048,1139.0674,139.16414,0.08679199,0.013656616,0.08785985
15,227.7917,54.2243,227.7914,54.22485,-0.00030517578,0.0005493164,0.0006283954
15,265.91577,4.3616195,265.91608,4.361027,0.00030517578,-0.0005927086,0.00066666014
15,982.2457,24.265972,982.2503,24.26875,0.0045776367,0.0027770996,0.005354161
15,204.51129,45.37368,204.51389,45.37093,0.0025939941,-0.0027503967,0.003780673
15,195.64182,54.48333,195.63493,54.491013,-0.006881714,0.0076828003,0.010314234
15,224.78801,54.262363,224.7889,54.261257,0.00088500977,-0.0011062622,0.0014167068
15,1139.7468,143.7155,1139.6615,143.51125,-0.08532715,-0.20425415,0.22136052
16,54.147514,241.49457,54.14786,241.49419,0.00034713745,-0.00038146973,0.0005157747
16,219.21062,64.30388,219.22054,64.28081,0.009918213,-0.023071289,0.025112852
16,108.228745,67.038185,108.28897,66.92638,0.06022644,-0.11180878,0.12699774
16,244.74423,0.3813238,244.74954,0.37525368,0.0053100586,-0.006070137,0.0080649415
16,7.6976323,244.35657,7.7068186,244.34758,0.009186268,-0.008987427,0.012851512
16,256.61993,18.63253,256.57428,18.703573,-0.045654297,0.071043015,0.084447764
16,1257.3945,230.85344,1257.3964,230.85411,0.0018310547,0.0006713867,0.0019502619
16,244.7346,-5.0868244,244.72997,-5.0832014,-0.004638672,0.0036230087,0.00588587
16,238.52412,38.60135,238.48262,38.659492,-0.041503906,0.058143616,0.07143707
16,11.517762,285.4018,11.511735,285.4078,-0.0060272217,0.006011963,0.008512996
16,78.63217,211.96596,78.63468,211.96376,0.0025100708,-0.0021972656,0.0033359304
16,1019.767,57.940838,1019.70764,57.90463,-0.059387207,-0.036209106,0.0695553
16,5.287832,247.25325,5.288386,247.25334,0.0005540848,9.1552734e-05,0.0005615976
16,231.49033,15.194744,231.47275,15.215742,-0.017578125,0.020998001,0.02738442
16,257.76224,15.858284,257.7098,15.936911,-0.0524292,0.07862663,0.0945038
16,193.30956,90.98099,193.3071,90.98366,-0.002456665,0.002670288,0.0036284488
16,1042.8202,65.710266,1043.0902,65.705414,0.27001953,-0.004852295,0.27006313
16,198.7437,52.060616,198.73643,52.053993,-0.0072631836,-0.0066223145,0.009828982
16,267.40137,5.2545443,267.48627,5.1986847,0.0848999,-0.055859566,0.10162817
16,29.070066,265.59198,29.070148,265.59186,8.201599e-05,-0.00012207031,0.00014706388
16,196.65285,51.968258,196.64034,51.974545,-0.012512207,0.006286621,0.014002747
16,6.723141,243.24535,6.7289524,243.23993,0.0058112144,-0.00541687,0.00794435
16,215.77136,30.93648,215.70943,30.989277,-0.061935425,0.052797318,0.08138522
16,256.9174,17.062878,256.86795,17.142765,-0.049438477,0.07988739,0.093947634
16,63.57892,225.78333,63.572742,225.78958,-0.006175995,0.0062561035,0.008791003
16,181.46327,72.828,181.64894,72.64931,0.18566895,-0.17869568,0.2576919
16,255.36308,22.536736,255.28743,22.64722,-0.075653076,0.11048508,0.13390422
16,205.3603,76.62485,205.36484,76.61933,0.0045318604,-0.0055160522,0.007138949
16,237.33629,42.747547,237.35387,42.759407,0.017578125,0.011859894,0.021204894
16,173.33554,78.71042,173.43692,78.57348,0.101379395,-0.13694,0.17038293
16,177.0193,75.017395,177.20218,74.83776,0.18287659,-0.1796341,0.25634402
16,213.87398,69.444374,213.88475,69.424126,0.010772705,-0.020248413,0.022935767
16,190.00893,61.101154,190.13419,60.986473,0.1252594,-0.114681244,0.16982846
16,193.63623,56.199986,193.64075,56.170876,0.0045166016,-0.029109955,0.02945826
16,1144.054,133.98544,1143.378,133.37115,-0.6759033,-0.61428833,0.913343
16,1139.0674,139.16414,1138.3467,138.48271,-0.7207031,-0.681427,0.99184465
16,227.7914,54.22485,227.78497,54.23005,-0.00642395,0.0051994324,0.008264456
16,265.91608,4.361027,265.997,4.3033223,0.08093262,-0.05770445,0.099397644
16,982.2503,24.26875,982.27136,24.25946,0.021057129,-0.009288788,0.02301487
16,204.51389,45.37093,204.43916,45.43978,-0.07472229,0.06885147,0.101606816
16,195.63493,54.491013,195.63434,54.460693,-0.0005950928,-0.030319214,0.030325053
16,224.7889,54.261257,224.79753,54.247784,0.008636475,-0.013473511,0.01600388
16,1139.6615,143.51125,1139.1488,142.94826,-0.5126953,-0.5629883,0.76145405
17,54.14786,241.49419,54.44245,241.48497,0.29459,-0.009216309,0.29473415
17,219.22054,64.28081,219.69371,64.332596,0.47317505,0.05178833,0.4760007
17,108.28897,66.92638,108.346436,66.92627,0.0574646,-0.00010681152,0.0574647
17,244.74954,0.37525368,244.6675,0.29308796,-0.08204651,-0.08216572,0.116115615
17,7.7068186,244.34758,7.5779295,244.2142,-0.12888908,-0.13337708,0.18547733
17,256.57428,18.703573,256.6383,18.6888,0.06402588,-0.014772415,0.065707974
17,1257.3964,230.85411,1256.6099,230.86131,-0.786499,0.0072021484,0.786532
17,244.72997,-5.0832014,244.65428,-5.1909494,-0.075683594,-0.10774803,0.13167249
17,238.48262,38.659492,238.60127,38.74196,0.118652344,0.082466125,0.14449582
17,11.511735,285.4078,11.428611,285.86707,-0.08312416,0.45925903,0.466721
17,78.63468,211.96376,78.71281,212.12152,0.078125,0.15776062,0.17604524
17,1019.70764,57.90463,1019.67065,57.89702,-0.036987305,-0.007610321,0.03776212
17,5.288386,247.25334,5.138432,247.18448,-0.14995384,-0.068862915,0.16500986
17,231.47275,15.215742,231.44327,15.088734,-0.02947998,-0.12700844,0.13038486
17,257.7098,15.936911,257.77563,15.901082,0.065826416,-0.03582859,0.074945346
17,193.3071,90.98366,193.34155,91.05239,0.034454346,0.068733215,0.07688535
17,1043.0902,65.705414,1043.5101,65.70745,0.41992188,0.0020370483,0.41992682
17,198.73643,52.053993,198.57375,52.04989,-0.16268921,-0.0041046143,0.16274098
17,267.48627,5.1986847,267.84055,4.8390102,0.35427856,-0.35967445,0.5048554
17,29.070148,265.59186,29.034643,265.7344,-0.035505295,0.1425476,0.14690284
17,196.64034,51.974545,196.49028,51.94007,-0.15005493,-0.03447342,0.15396395
17,6.7289524,243.23993,6.640129,243.08913,-0.08882332,-0.15080261,0.17501716
17,215.70943,30.989277,215.52887,31.022507,-0.18055725,0.033229828,0.18358961
17,256.86795,17.142765,256.95078,17.093098,0.08282471,-0.04966736,0.096575245
17,63.572742,225.78958,63.667,225.79182,0.094257355,0.002243042,0.094284035
17,181.64894,72.64931,181.44948,72.64217,-0.19946289,-0.007133484,0.19959041
17,255.28743,22.64722,255.23894,22.804625,-0.04849243,0.15740395,0.16470434
17,205.36484,76.61933,205.38925,76.684944,0.024414062,0.06561279,0.07000775
17,237.35387,42.759407,237.41011,42.937828,0.056243896,0.17842102,0.18707602
17,173.43692,78.57348,173.3585,78.45204,-0.07841492,-0.12143707,0.144554
17,177.20218,74.83776,177.08415,74.74277,-0.11802673,-0.09499359,0.15150608
17,213.88475,69.424126,214.11725,69.46138,0.23249817,0.037254333,0.23546398
17,190.13419,60.986473,190.01431,60.877903,-0.11987305,-0.1085701,0.1617313
17,193.64075,56.170876,193.57004,56.01131,-0.07070923,-0.15956497,0.17453015
17,1143.378,133.37115,1144.4729,133.67667,1.0948486,0.30551147,1.1366754
17,1138.3467,138.48271,1138.7856,138.74155,0.43896484,0.25883484,0.50959355
17,227.78497,54.23005,228.5665,54.066044,0.78152466,-0.16400528,0.79854774
17,265.997,4.3033223,266.3818,3.9361176,0.38479614,-0.36720467,0.53189033
17,982.27136,24.25946,981.8729,24.264034,-0.3984375,0.004573822,0.39846376
17,204.43916,45.43978,204.34238,45.445694,-0.0967865,0.0059127808,0.09696694
17,195.63434,54.460693,195.49812,54.37446,-0.13621521,-0.08623505,0.16121745
17,224.79753,54.247784,225.46538,54.206203,0.6678467,-0.0415802,0.6691398
17,1139.1488,142.94826,1139.8821,143.71426,0.73327637,0.76600647,1.0604056
18,54.44245,241.48497,54.79435,241.45264,0.3518982,-0.032333374,0.3533805
18,219.69371,64.332596,219.58203,64.32448,-0.11167908,-0.008117676,0.11197372
18,108.346436,66.92627,108.447426,66.860504,0.100990295,-0.06576538,0.12051608
18,244.6675,0.29308796,244.6117,0.15257931,-0.05580139,-0.14050865,0.15118359
18,7.5779295,244.2142,7.627306,243.76332,0.049376488,-0.45088196,0.45357755
18,256.6383,18.6888,256.81247,18.626736,0.17416382,-0.062065125,0.18489218
18,1256.6099,230.86131,1257.1671,230.84445,0.557251,-0.016860962,0.557506
18,244.65428,-5.1909494,244.59183,-5.345766,-0.062454224,-0.15481663,0.16693926
18,238.60127,38.74196,238.67262,38.86111,0.0713501,0.11915207,0.13888143
18,11.428611,285.86707,11.542728,286.08127,0.11411762,0.21420288,0.24270497
18,78.71281,212.12152,78.47165,212.46992,-0.24115753,0.34840393,0.42372426
18,1019.67065,57.89702,1019.0858,57.859444,-0.58483887,-0.037574768,0.58604467
18,5.138432,247.18448,5.194758,246.64395,0.056325912,-0.54052734,0.5434542
18,231.44327,15.088734,231.38007,14.956086,-0.063201904,-0.13264751,0.14693484
18,257.77563,15.901082,257.91843,15.906269,0.14279175,0.0051870346,0.14288592
18,193.34155,91.05239,193.45277,91.33396,0.11122131,0.28157043,0.30274096
18,1043.5101,65.70745,1043.6748,65.687675,0.16467285,-0.01977539,0.165856
18,198.57375,52.04989,198.45235,51.95459,-0.121398926,-0.09529877,0.15433586
18,267.84055,4.8390102,267.8981,4.900105,0.057556152,0.06109476,0.08393617
18,29.034643,265.7344,29.481285,265.8255,0.44664192,0.09109497,0.45583692
18,196.49028,51.94007,196.40111,51.818443,-0.08917236,-0.12162781,0.15081456
18,6.640129,243.08913,6.6784964,242.62907,0.03836727,-0.4600525,0.4616496
18,215.52887,31.022507,215.42117,30.918852,-0.10769653,-0.10365486,0.14947532
18,256.95078,17.093098,257.12988,17.042143,0.17910767,-0.05095482,0.18621479
18,63.667,225.79182,63.755966,226.03738,0.08896637,0.24555969,0.2611792
18,181.44948,72.64217,181.20036,72.647095,-0.24911499,0.0049209595,0.24916358
18,255.23894,22.804625,255.31181,22.816326,0.07287598,0.011701584,0.07380945
18,205.38925,76.684944,205.48994,76.81941,0.10069275,0.13446808,0.16799016
18,237.41011,42.937828,237.4096,43.130642,-0.00050354004,0.19281387,0.19281453
18,173.3585,78.45204,173.09004,78.384674,-0.26846313,-0.06736755,0.27678663
18,177.08415,74.74277,176.76128,74.7635,-0.32287598,0.020729065,0.32354072
18,214.11725,69.46138,214.22266,69.47502,0.105407715,0.013641357,0.10628675
18,190.01431,60.877903,189.85056,60.845436,-0.16375732,-0.03246689,0.16694479
18,193.57004,56.01131,193.51527,55.862114,-0.054763794,-0.14919662,0.15892987
18,1144.4729,133.67667,1146.1411,134.32916,1.6682129,0.65249634,1.7912804
18,1138.7856,138.74155,1139.1763,139.06973,0.390625,0.32818604,0.5101901
18,228.5665,54.066044,228.58904,53.71933,0.022537231,-0.34671402,0.34744573
18,266.3818,3.9361176,266.4638,3.9928575,0.08200073,0.056739807,0.09971723
18,981.8729,24.264034,982.53125,24.393559,0.6583252,0.12952423,0.67094606
18,204.34238,45.445694,204.25621,45.2515,-0.08616638,-0.1941948,0.21245296
18,195.49812,54.37446,195.40915,54.25443,-0.088974,-0.12002945,0.1494103
18,225.46538,54.206203,225.6482,53.697895,0.18281555,-0.5083084,0.5401842
18,1139.8821,143.71426,1140.419,144.60062,0.53686523,0.88635254,1.036265
19,54.79435,241.45264,55.21106,241.47466,0.4167099,0.022018433,0.4172912
19,219.58203,64.32448,220.19055,64.35319,0.6085205,0.028709412,0.6091974
19,108.447426,66.860504,108.63291,66.8889,0.18548584,0.028396606,0.18764691
19,244.6117,0.15257931,244.46326,-0.0609169,-0.1484375,-0.21349621,0.26002753
19,7.627306,243.76332,7.4453535,243.62572,-0.18195248,-0.13760376,0.22812605
19,256.81247,18.626736,256.91064,18.814049,0.09817505,0.18731308,0.21148175
19,1257.1671,230.84445,1256.549,230.88454,-0.61816406,0.04008484,0.6194624
19,244.59183,-5.345766,244.49083,-5.607527,-0.100997925,-0.2617607,0.28056952
19,238.67262,38.86111,238.94092,39.055695,0.2682953,0.1945839,0.3314291
19,11.542728,286.08127,11.827094,286.44458,0.28436565,0.36331177,0.46136674
19,78.47165,212.46992,78.4719,213.09767,0.00025177002,0.6277466,0.62774664
19,1019.0858,57.859444,1019.30786,57.89531,0.2220459,0.035865784,0.22492385
19,5.194758,246.64395,4.99023,246.52005,-0.20452785,-0.12390137,0.23913006
19,231.38007,14.956086,231.4537,14.64122,0.073638916,-0.31486607,0.32336253
19,257.91843,15.906269,257.97394,16.106384,0.055511475,0.2001152,0.2076719
19,193.45277,91.33396,193.43227,91.66419,-0.020507812,0.3302307,0.33086687
19,1043.6748,65.687675,1043.9603,65.67503,0.28552246,-0.012641907,0.2858022
19,198.45235,51.95459,198.19992,51.89521,-0.25242615,-0.059379578,0.2593162
19,267.8981,4.900105,268.13187,4.796585,0.23376465,-0.10351992,0.25566047
19,29.481285,265.8255,29.8086,265.89032,0.32731438,0.064819336,0.33367085
19,196.40111,51.818443,196.16762,51.717575,-0.23348999,-0.100868225,0.25434616
19,6.6784964,242.62907,6.5731688,242.42667,-0.105327606,-0.20240784,0.22817282
19,215.42117,30.918852,215.21457,30.771132,-0.206604,-0.14772034,0.25398132
19,257.12988,17.042143,257.22864,17.219524,0.09875488,0.17738152,0.20301904
19,63.755966,226.03738,63.68075,226.70247,-0.075214386,0.66508484,0.66932434
19,181.20036,72.647095,180.71185,72.7554,-0.48851013,0.108306885,0.5003724
19,255.31181,22.816326,255.32465,23.271912,0.012832642,0.45558548,0.45576617
19,205.48994,76.81941,205.93117,76.94878,0.44122314,0.12936401,0.4597966
19,237.4096,43.130642,237.61897,43.314564,0.20936584,0.18392181,0.27867776
19,173.09004,78.384674,172.81744,78.31405,-0.27259827,-0.070625305,0.28159857
19,176.76128,74.7635,176.35977,74.79959,-0.40150452,0.036094666,0.40312368
19,214.22266,69.47502,214.7101,69.52144,0.48744202,0.046417236,0.4896471
19,189.85056,60.845436,189.55232,60.829884,-0.29823303,-0.015552521,0.29863828
19,193.51527,55.862114,193.3106,55.748856,-0.2046814,-0.11325836,0.23392719
19,1146.1411,134.32916,1145.706,134.16335,-0.4350586,-0.16581726,0.4655871
19,1139.1763,139.06973,1138.1927,138.96484,-0.9835205,-0.104888916,0.9890977
19,228.58904,53.71933,229.14143,53.733364,0.5523987,0.014034271,0.55257696
19,266.4638,3.9928575,266.68802,3.8999114,0.22421265,-0.09294605,0.2427144
19,982.53125,24.393559,982.43024,24.408037,-0.10101318,0.0144786835,0.10204556
19,204.25621,45.2515,204.10321,45.12839,-0.15299988,-0.12310791,0.19637851
19,195.40915,54.25443,195.17526,54.15991,-0.23388672,-0.09452057,0.25226402
19,225.6482,53.697895,226.25581,53.716187,0.60762024,0.018291473,0.6078955
19,1140.419,144.60062,1139.8662,144.91353,-0.5527344,0.312912,0.6351608
20,55.21106,241.47466,55.6559,241.49242,0.44483948,0.01776123,0.44519392
20,220.19055,64.35319,220.45442,64.38796,0.26387024,0.03477478,0.26615182
20,108.63291,66.8889,108.90628,66.89996,0.27336884,0.011062622,0.2735926
20,244.46326,-0.0609169,244.29875,-0.2708149,-0.164505,-0.209898,0.26668158
20,7.4453535,243.62572,7.2375717,243.35387,-0.20778179,-0.2718506,0.3421637
20,256.91064,18.814049,257.03577,18.838188,0.12512207,0.024139404,0.12742937
20,1256.549,230.88454,1255.17,230.77425,-1.3789062,-0.11029053,1.38331
20,244.49083,-5.607527,244.45396,-5.971303,-0.036865234,-0.3637762,0.36563942
20,238.94092,39.055695,239.07048,39.29264,0.12956238,0.2369461,0.2700553
20,11.827094,286.44458,11.9812,286.5459,0.15410614,0.10131836,0.18442915
20,78.4719,213.09767,78.65335,213.31157,0.18144989,0.2138977,0.28049293
20,1019.30786,57.89531,1018.77484,57.87863,-0.53302,-0.016677856,0.53328085
20,4.99023,246.52005,4.720254,246.2783,-0.26997614,-0.241745,0.36239174
20,231.4537,14.64122,231.57404,14.104393,0.12033081,-0.5368271,0.550148
20,257.97394,16.106384,258.08627,16.169922,0.112335205,0.0635376,0.12905899
20,193.43227,91.66419,193.28122,92.16993,-0.15104675,0.5057373,0.5278118
20,1043.9603,65.67503,1043.7908,65.64035,-0.16955566,-0.034683228,0.1730666
20,198.19992,51.89521,197.91501,51.77929,-0.2849121,-0.11592102,0.3075916
20,268.13187,4.796585,268.4933,4.8177633,0.36141968,0.021178246,0.36203966
20,29.8086,265.89032,29.993666,266.08994,0.18506622,0.19961548,0.27220553
20,196.16762,51.717575,195.87653,51.626343,-0.29109192,-0.0912323,0.30505383
20,6.5731688,242.42667,6.4690332,242.0297,-0.10413551,-0.39697266,0.41040406
20,215.21457,30.771132,214.89117,30.643772,-0.32339478,-0.12735939,0.34756956
20,257.22864,17.219524,257.36136,17.255268,0.13272095,0.035743713,0.13744986
20,63.68075,226.70247,63.938473,226.84058,0.25772095,0.1381073,0.2923931
20,180.71185,72.7554,180.40546,72.75639,-0.30639648,0.0009918213,0.3063981
20,255.32465,23.271912,255.34695,23.415415,0.02230835,0.14350319,0.14522682
20,205.93117,76.94878,206.04727,77.1373,0.116104126,0.18852234,0.2214065
20,237.61897,43.314564,237.8124,43.524208,0.19342041,0.20964432,0.2852406
20,172.81744,78.31405,172.75728,78.058914,-0.060165405,-0.25513458,0.26213267
20,176.35977,74.79959,176.13843,74.728775,-0.221344,-0.07081604,0.23239638
20,214.7101,69.52144,214.99472,69.56554,0.2846222,0.0440979,0.28801808
20,189.55232,60.829884,189.329,60.62782,-0.22332764,-0.20206451,0.3011732
20,193.3106,55.748856,193.13394,55.508286,-0.176651,-0.24057007,0.29846194
20,1145.706,134.16335,1146.3809,134.06317,0.6748047,-0.10017395,0.68219954
20,1138.1927,138.96484,1138.9906,139.31131,0.79785156,0.34646606,0.86983097
20,229.14143,53.733364,229.34183,53.834835,0.20039368,0.10147095,0.22461963
20,266.68802,3.8999114,267.01266,3.9114122,0.324646,0.011500835,0.32484964
20,982.43024,24.408037,982.606,24.159298,0.17578125,-0.24873924,0.30458212
20,204.10321,45.12839,203.94621,44.81183,-0.15699768,-0.31656265,0.35335562
20,195.17526,54.15991,194.9548,53.974022,-0.22045898,-0.18588638,0.28836766
20,226.25581,53.716187,226.35986,53.893444,0.10404968,0.17725754,0.2055397
20,1139.8662,144.91353,1140.1549,145.2482,0.2886963,0.33467102,0.44198442
21,55.6559,241.49242,56.057365,241.61598,0.40146637,0.123565674,0.42005205
21,220.45442,64.38796,220.79712,64.40842,0.34269714,0.020454407,0.34330702
21,108.90628,66.89996,109.03823,67.06947,0.13195038,0.16950989,0.21481273
21,244.29875,-0.2708149,244.24448,-0.401083,-0.054275513,-0.1302681,0.14112267
21,7.2375717,243.35387,7.0771933,243.26219,-0.16037846,-0.091674805,0.18473095
21,257.03577,18.838188,257.31046,18.863113,0.27468872,0.024925232,0.27581725
21,1255.17,230.77425,1253.4406,230.96957,-1.7294922,0.19532776,1.7404873
21,244.45396,-5.971303,244.42216,-6.1839027,-0.031799316,-0.21259975,0.21496478
21,239.07048,39.29264,239.35991,39.392822,0.2894287,0.10018158,0.30627656
21,11.9812,286.5459,12.29571,286.86935,0.3145094,0.3234558,0.45115387
21,78.65335,213.31157,78.88036,213.47926,0.22701263,0.16769409,0.282234
21,1018.77484,57.87863,1018.5539,57.933285,-0.22094727,0.054653168,0.22760637
21,4.720254,246.2783,4.530185,246.18692,-0.19006872,-0.09138489,0.21089645
21,231.57404,14.104393,231.71477,13.703323,0.14073181,-0.40106964,0.42504388
21,258.08627,16.169922,258.3473,16.219637,0.26101685,0.049715042,0.2657092
21,193.28122,92.16993,193.63634,92.402176,0.3551178,0.2322464,0.4243195
21,1043.7908,65.64035,1043.8966,65.62821,0.10583496,-0.012138367,0.10652877
21,197.91501,51.77929,197.7786,51.68105,-0.13641357,-0.0982399,0.16810633
21,268.4933,4.8177633,268.79343,4.7807565,0.30014038,-0.037006855,0.30241323
21,29.993666,266.08994,30.432901,266.28088,0.4392357,0.19094849,0.47894603
21,195.87653,51.626343,195.7949,51.467552,-0.08161926,-0.15879059,0.17853895
21,6.4690332,242.0297,6.447353,241.8037,-0.021680355,-0.22599792,0.22703546
21,214.89117,30.643772,214.80167,30.481863,-0.08950806,-0.1619091,0.18500338
21,257.36136,17.255268,257.62854,17.300716,0.2671814,0.045448303,0.27101928
21,63.938473,226.84058,63.94763,227.44435,0.009159088,0.603775,0.60384446
21,180.40546,72.75639,180.13243,72.63466,-0.2730255,-0.12173462,0.2989352
21,255.34695,23.415415,255.6084,23.417215,0.2614441,0.0018005371,0.2614503
21,206.04727,77.1373,206.20477,77.34744,0.15750122,0.21014404,0.26261598
21,237.8124,43.524208,237.97002,43.759254,0.15762329,0.23504639,0.28300515
21,172.75728,78.058914,172.56151,77.79477,-0.19577026,-0.2641449,0.3287834
21,176.13843,74.728775,175.69873,74.69954,-0.43969727,-0.02923584,0.44066814
21,214.99472,69.56554,215.2831,69.59451,0.28837585,0.02897644,0.289828
21,189.329,60.62782,189.15352,60.622562,-0.17547607,-0.005256653,0.1755548
21,193.13394,55.508286,193.07738,55.382114,-0.05656433,-0.12617111,0.13827029
21,1146.3809,134.06317,1146.0547,133.92648,-0.32617188,-0.13668823,0.35365486
21,1138.9906,139.31131,1138.3097,139.32689,-0.6809082,0.015579224,0.6810864
21,229.34183,53.834835,229.55113,53.967552,0.20930481,0.13271713,0.24783531
21,267.01266,3.9114122,267.31573,3.8849382,0.30307007,-0.026473999,0.30422416
21,982.606,24.159298,981.61475,23.747223,-0.991272,-0.41207504,1.073511
21,203.94621,44.81183,203.84868,44.658577,-0.09753418,-0.15325165,0.18165623
21,194.9548,53.974022,194.88814,53.82238,-0.06666565,-0.15164185,0.16564889
21,226.35986,53.893444,226.48512,54.130512,0.1252594,0.23706818,0.2681254
21,1140.1549,145.2482,1139.4945,145.46085,-0.6604004,0.21264648,0.6937919
22,56.057365,241.61598,56.348675,241.53969,0.29130936,-0.076293945,0.30113438
22,220.79712,64.40842,220.96846,64.43425,0.17134094,0.02583313,0.17327744
22,109.03823,67.06947,109.22527,66.91612,0.18704224,-0.15335083,0.24187036
22,244.24448,-0.401083,243.94817,-0.62723255,-0.29631042,-0.22614956,0.37275124
22,7.0771933,243.26219,6.921481,243.01593,-0.15571213,-0.2462616,0.29136068
22,257.31046,18.863113,257.48102,18.907284,0.17056274,0.04417038,0.1761893
22,1253.4406,230.96957,1252.463,230.82254,-0.97753906,-0.14703369,0.98853505
22,244.42216,-6.1839027,244.21046,-6.5260906,-0.21170044,-0.34218788,0.40237996
22,239.35991,39.392822,239.62474,39.444786,0.26483154,0.051963806,0.26988143
22,12.29571,286.86935,12.288607,287.43793,-0.0071029663,0.568573,0.5686174
22,78.88036,213.47926,78.98375,213.5743,0.103385925,0.09503174,0.14042678
22,1018.5539,57.933285,1019.1369,57.916412,0.5830078,-0.016872406,0.5832519
22,4.530185,246.18692,4.3004823,246.00139,-0.22970295,-0.18553162,0.29527178
22,231.71477,13.703323,231.73175,13.323867,0.016983032,-0.37945652,0.37983638
22,258.3473,16.219637,258.49646,16.291079,0.14916992,0.07144165,0.1653952
22,193.63634,92.402176,193.56831,92.55452,-0.06802368,0.15234375,0.16684076
22,1043.8966,65.62821,1044.9454,65.610214,1.0488281,-0.017997742,1.0489825
22,197.7786,51.68105,197.53848,51.508743,-0.2401123,-0.17230606,0.295539
22,268.79343,4.7807565,268.8137,5.1051645,0.020263672,0.32440805,0.3250403
22,30.432901,266.28088,30.605484,266.4032,0.17258263,0.12231445,0.21153152
22,195.7949,51.467552,195.59409,51.25326,-0.20082092,-0.21429062,0.29368266
22,6.447353,241.8037,6.3540945,241.49997,-0.09325838,-0.3037262,0.31772113
22,214.80167,30.481863,214.46939,30.389256,-0.3322754,-0.0926075,0.34493923
22,257.62854,17.300716,257.78687,17.364534,0.1583252,0.06381798,0.17070325
22,63.94763,227.44435,64.0178,227.56422,0.07016754,0.11987305,0.13889936
22,180.13243,72.63466,179.76588,72.7209,-0.36654663,0.086242676,0.37655574
22,255.6084,23.417215,255.83615,23.376373,0.22775269,-0.040842056,0.23138574
22,206.20477,77.34744,206.21254,77.51393,0.0077667236,0.16648865,0.16666971
22,237.97002,43.759254,238.18379,43.91223,0.21377563,0.15297699,0.26287255
22,172.56151,77.79477,172.2851,77.78682,-0.27641296,-0.007949829,0.27652726
22,175.69873,74.69954,175.48924,74.68076,-0.20948792,-0.01877594,0.21032766
22,215.2831,69.59451,215.45341,69.63718,0.1703186,0.042663574,0.17558077
22,189.15352,60.622562,188.71709,60.638622,-0.43643188,0.016059875,0.4367273
22,193.07738,55.382114,192.77661,55.281532,-0.300766,-0.10058212,0.31713867
22,1146.0547,133.92648,1146.9968,133.89731,0.9421387,-0.029174805,0.9425903
22,1138.3097,139.32689,1138.9572,139.62038,0.64746094,0.29348755,0.7108731
22,229.55113,53.967552,229.8268,53.889355,0.27566528,-0.07819748,0.2865418
22,267.31573,3.8849382,267.27597,4.2577753,-0.039764404,0.37283707,0.37495157
22,981.61475,23.747223,982.36676,23.74152,0.75201416,-0.0057029724,0.7520358
22,203.84868,44.658577,203.69759,44.32013,-0.15109253,-0.33844757,0.3706423
22,194.88814,53.82238,194.62474,53.697605,-0.26339722,-0.12477493,0.2914565
22,226.48512,54.130512,226.7556,54.04688,0.2704773,-0.08363342,0.2831122
22,1139.4945,145.46085,1139.7489,145.76439,0.25439453,0.3035431,0.39604923
23,56.348675,241.53969,56.5883,241.62677,0.23962402,0.08708191,0.25495672
23,220.96846,64.43425,221.34708,64.49678,0.37861633,0.06253052,0.38374522
23,109.22527,66.91612,109.428085,67.14339,0.2028122,0.2272644,0.3046012
23,243.94817,-0.62723255,244.25269,-0.9721842,0.30451965,-0.34495163,0.4601346
23,6.921481,243.01593,7.5480404,242.35245,0.62655926,-0.66348267,0.91257095
23,257.48102,18.907284,257.5833,19.08115,0.10229492,0.17386627,0.20172687
23,1252.463,230.82254,1251.2626,230.93797,-1.2004395,0.11543274,1.2059766
23,244.21046,-6.5260906,244.6543,-7.0899925,0.4438324,-0.5639019,0.7176159
23,239.62474,39.444786,239.87085,39.565613,0.24610901,0.12082672,0.27416918
23,12.288607,287.43793,12.892612,287.05368,0.6040058,-0.38424683,0.7158691
23,78.98375,213.5743,79.445045,213.71211,0.46129608,0.13781738,0.48144338
23,1019.1369,57.916412,1019.0573,58.082706,-0.079589844,0.1662941,0.18435909
23,4.3004823,246.00139,4.275946,246.04913,-0.024536133,0.04774475,0.05368038
23,231.73175,13.323867,232.52507,12.546574,0.7933197,-0.7772932,1.1106489
23,258.49646,16.291079,258.503,16.626167,0.0065307617,0.33508873,0.3351524
23,193.56831,92.55452,193.34749,93.33395,-0.2208252,0.7794266,0.81010467
23,1044.9454,65.610214,1045.2483,65.70746,0.30285645,0.09724426,0.31808564
23,197.53848,51.508743,197.31645,51.754475,-0.22203064,0.24573135,0.33118197
23,268.8137,5.1051645,269.12183,5.3024807,0.308136,0.19731617,0.36589813
23,30.605484,266.4032,30.88161,266.40475,0.27612686,0.0015563965,0.27613124
23,195.59409,51.25326,195.40173,51.392834,-0.1923523,0.13957214,0.23765478
23,6.3540945,241.49997,9.898581,237.9498,3.544486,-3.550171,5.0166817
23,214.46939,30.389256,214.01343,30.792896,-0.45596313,0.40364075,0.6089567
23,257.78687,17.364534,257.82867,17.627476,0.041809082,0.26294136,0.26624456
23,64.0178,227.56422,64.153595,227.68005,0.1357956,0.11582947,0.17848504
23,179.76588,72.7209,180.01077,72.319145,0.2448883,-0.4017563,0.47050864
23,255.83615,23.376373,255.83647,23.666836,0.00032043457,0.2904625,0.29046267
23,206.21254,77.51393,206.21024,77.71361,-0.0023040771,0.19967651,0.1996898
23,238.18379,43.91223,238.01285,44.43433,-0.17094421,0.52209854,0.5493713
23,172.2851,77.78682,172.84004,77.03946,0.5549469,-0.7473602,0.930867
23,175.48924,74.68076,175.71408,74.227844,0.22483826,-0.452919,0.5056559
23,215.45341,69.63718,215.84766,69.6936,0.39424133,0.056427002,0.398259
23,188.71709,60.638622,188.72441,60.621593,0.0073242188,-0.017028809,0.018537112
23,192.77661,55.281532,192.5362,55.44699,-0.24041748,0.16545868,0.29185122
23,1146.9968,133.89731,1146.7074,134.0943,-0.2894287,0.19699097,0.3501063
23,1138.9572,139.62038,1138.84,140.02725,-0.1171875,0.4068756,0.42341548
23,229.8268,53.889355,229.22467,54.859287,-0.6021271,0.96993256,1.1416332
23,267.27597,4.2577753,267.53644,4.4103236,0.26046753,0.15254831,0.30185148
23,982.36676,23.74152,981.41736,23.48508,-0.94940186,-0.2564392,0.98342514
23,203.69759,44.32013,203.86983,44.317837,0.17224121,-0.002292633,0.17225647
23,194.62474,53.697605,194.41396,53.884853,-0.21078491,0.18724823,0.2819436
23,226.7556,54.04688,226.0429,55.095184,-0.7127075,1.0483055,1.2676342
23,1139.7489,145.76439,1139.122,146.07886,-0.6269531,0.31446838,0.701399
24,56.5883,241.62677,56.793316,241.58545,0.20501709,-0.0413208,0.2091397
24,221.34708,64.49678,221.34734,64.49941,0.0002593994,0.002632141,0.0026448923
24,109.428085,67.14339,109.429955,67.14499,0.0018692017,0.0016021729,0.002461884
24,244.25269,-0.9721842,244.15953,-1.0143318,-0.09315491,-0.042147636,0.102246076
24,7.5480404,242.35245,7.5225987,241.8707,-0.025441647,-0.4817505,0.48242182
24,257.5833,19.08115,257.58716,19.204111,0.0038452148,0.122961044,0.123021156
24,1251.2626,230.93797,1251.1293,230.86554,-0.13330078,-0.07243347,0.15170927
24,244.6543,-7.0899925,244.5214,-7.1313934,-0.13290405,-0.04140091,0.13920318
24,239.87085,39.565613,239.84128,39.60058,-0.029571533,0.034965515,0.045793697
24,12.892612,287.05368,12.650326,287.35657,-0.24228668,0.30288696,0.38787028
24,79.445045,213.71211,79.30631,213.80966,-0.13873291,0.09754944,0.16959573
24,1019.0573,58.082706,1018.9571,58.049263,-0.10021973,-0.03344345,0.10565253
24,4.275946,246.04913,4.3066573,245.45747,0.030711174,-0.59165955,0.5924561
24,232.52507,12.546574,232.47202,12.186334,-0.05305481,-0.36023998,0.36412588
24,258.503,16.626167,258.53107,16.715555,0.028076172,0.08938789,0.09369347
24,193.34749,93.33395,193.0615,93.664925,-0.28599548,0.3309784,0.43742442
24,1045.2483,65.70746,1045.3661,65.72827,0.11779785,0.020812988,0.11962238
24,197.31645,51.754475,197.19582,51.78839,-0.12063599,0.033916473,0.12531309
24,269.12183,5.3024807,269.17648,5.3837266,0.054656982,0.0812459,0.09791978
24,30.88161,266.40475,30.933273,266.5593,0.051662445,0.15454102,0.16294764
24,195.40173,51.392834,195.27512,51.467796,-0.12661743,0.074962616,0.14714403
24,9.898581,237.9498,9.599334,237.68808,-0.2992468,-0.26171875,0.39754918
24,214.01343,30.792896,213.92696,30.627855,-0.08647156,-0.16504097,0.18632191
24,257.82867,17.627476,257.85107,17.719034,0.022399902,0.09155846,0.09425872
24,64.153595,227.68005,63.704815,228.31123,-0.44878006,0.6311798,0.77446204
24,180.01077,72.319145,179.83864,72.25984,-0.1721344,-0.059303284,0.18206353
24,255.83647,23.666836,255.78767,23.815636,-0.048797607,0.1487999,0.15659699
24,206.21024,77.71361,206.22986,77.77467,0.019622803,0.061065674,0.06414102
24,238.01285,44.43433,238.00043,44.457214,-0.012420654,0.022884369,0.0260378
24,172.84004,77.03946,172.79738,76.905754,-0.042663574,-0.13370514,0.14034687
24,175.71408,74.227844,175.6338,74.10051,-0.08027649,-0.1273346,0.15052712
24,215.84766,69.6936,215.83675,69.70012,-0.010910034,0.006515503,0.012707503
24,188.72441,60.621593,188.4664,60.691643,-0.25801086,0.070049286,0.2673509
24,192.5362,55.44699,192.39459,55.482525,-0.14160156,0.035533905,0.145992
24,1146.7074,134.0943,1147.3331,134.11086,0.6257324,0.016555786,0.6259514
24,1138.84,140.02725,1139.4135,140.14421,0.5734863,0.11695862,0.58529127
24,229.22467,54.859287,229.33374,54.74404,0.109069824,-0.11524582,0.15867522
24,267.53644,4.4103236,267.5983,4.4808574,0.06185913,0.07053375,0.093816645
24,981.41736,23.48508,981.6276,23.475933,0.21026611,-0.009147644,0.21046501
24,203.86983,44.317837,203.6425,44.174892,-0.22732544,-0.14294434,0.26853293
24,194.41396,53.884853,194.26807,53.960083,-0.14588928,0.075229645,0.16414379
24,226.0429,55.095184,226.0617,55.0819,0.018814087,-0.013282776,0.023030458
24,1139.122,146.07886,1139.4132,146.24152,0.29125977,0.16265869,0.3336017
25,56.793316,241.58545,56.753376,241.58524,-0.03993988,-0.00021362305,0.03994045
25,221.34734,64.49941,221.3455,64.499146,-0.0018310547,-0.0002670288,0.001850423
25,109.429955,67.14499,109.53003,67.13843,0.10007477,-0.0065612793,0.10028963
25,244.15953,-1.0143318,243.40648,-0.32144547,-0.75305176,0.69288635,1.0233175
25,7.5225987,241.8707,7.470701,241.97462,-0.051897526,0.10392761,0.116164975
25,257.58716,19.204111,257.22516,19.606552,-0.3619995,0.40244102,0.54129696
25,1251.1293,230.86554,1250.2588,230.8727,-0.8704834,0.007156372,0.8705128
25,244.5214,-7.1313934,243.7342,-6.4386063,-0.78718567,0.6927872,1.0486255
25,239.84128,39.60058,239.48274,40.035995,-0.35853577,0.43541718,0.5640355
25,12.650326,287.35657,12.702267,287.35294,0.051940918,-0.0036315918,0.05206772
25,79.30631,213.80966,79.29064,213.99088,-0.015670776,0.18121338,0.1818897
25,1018.9571,58.049263,1019.01135,58.05835,0.054260254,0.009086609,0.05501583
25,4.3066573,245.45747,4.2938013,245.51749,-0.012856007,0.060012817,0.061374385
25,232.47202,12.186334,232.3261,12.281528,-0.1459198,0.09519482,0.17422584
25,258.53107,16.715555,258.14178,17.13665,-0.38928223,0.4210949,0.5734645
25,193.0615,93.664925,193.09285,93.75121,0.03135681,0.08628845,0.091809295
25,1045.3661,65.72827,1045.1113,65.734695,-0.25476074,0.00642395,0.25484172
25,197.19582,51.78839,197.23366,51.758743,0.037841797,-0.029647827,0.04807281
25,269.17648,5.3837266,268.85306,5.7239547,-0.3234253,0.34022808,0.4694242
25,30.933273,266.5593,30.75054,266.83237,-0.18273354,0.2730713,0.3285719
25,195.27512,51.467796,195.30287,51.43404,0.027755737,-0.033756256,0.04370201
25,9.599334,237.68808,9.593667,237.75346,-0.005666733,0.06538391,0.06562901
25,213.92696,30.627855,213.43062,31.185413,-0.4963379,0.55755806,0.7464732
25,257.85107,17.719034,257.50488,18.089342,-0.3461914,0.37030792,0.50692844
25,63.704815,228.31123,63.693462,228.34836,-0.011352539,0.037124634,0.038821626
25,179.83864,72.25984,179.86772,72.20436,0.029083252,-0.055480957,0.06264161
25,255.78767,23.815636,255.70781,23.887505,-0.0798645,0.0718689,0.107440576
25,206.22986,77.77467,206.22752,77.77572,-0.0023345947,0.001045227,0.002557896
25,238.00043,44.457214,237.75615,44.795914,-0.24427795,0.33869934,0.41759905
25,172.79738,76.905754,172.82513,76.87509,0.027755737,-0.030662537,0.041359063
25,175.6338,74.10051,175.65569,74.05569,0.021881104,-0.044822693,0.049878415
25,215.83675,69.70012,215.8366,69.70131,-0.00015258789,0.0011901855,0.001199927
25,188.4664,60.691643,188.5606,60.557087,0.094192505,-0.13455582,0.16424827
25,192.39459,55.482525,192.44533,55.41183,0.050735474,-0.07069397,0.087015666
25,1147.3331,134.11086,1146.772,134.02005,-0.5611572,-0.09080505,0.56845665
25,1139.4135,140.14421,1138.8419,140.08836,-0.5715332,-0.055847168,0.5742553
25,229.33374,54.74404,229.31348,54.743645,-0.020263672,-0.00039672852,0.020267555
25,267.5983,4.4808574,267.32004,4.7851553,-0.27825928,0.30429792,0.41234142
25,981.6276,23.475933,981.426,23.506393,-0.20159912,0.030460358,0.20388731
25,203.6425,44.174892,203.64143,44.39925,-0.0010681152,0.2243576,0.22436014
25,194.26807,53.960083,194.32607,53.8815,0.057998657,-0.07858276,0.09766829
25,226.0617,55.0819,226.03389,55.091896,-0.027816772,0.009994507,0.02955779
25,1139.4132,146.24152,1138.947,146.15065,-0.46618652,-0.09086609,0.4749595
26,56.753376,241.58524,56.753662,241.58519,0.0002861023,-4.5776367e-05,0.00028974126
26,221.3455,64.499146,221.34843,64.49452,0.0029296875,-0.004623413,0.005473483
26,109.53003,67.13843,109.52153,67.1297,-0.0084991455,-0.008728027,0.012182526
26,243.40648,-0.32144547,243.46533,-0.38621426,0.05885315,-0.06476879,0.08751394
26,7.470701,241.97462,7.443973,242.02554,-0.026728153,0.05091858,0.057507355
26,257.22516,19.606552,257.2093,19.62241,-0.01586914,0.015857697,0.022434263
26,1250.2588,230.8727,1251.1727,230.87715,0.9139404,0.0044555664,0.9139513
26,243.7342,-6.4386063,243.76436,-6.494179,0.030151367,-0.05557251,0.06322507
26,239.48274,40.035995,239.48616,40.022545,0.0034179688,-0.013450623,0.013878103
26,12.702267,287.35294,12.698577,287.3563,-0.003689766,0.0033569336,0.004988324
26,79.29064,213.99088,79.2913,213.99026,0.00065612793,-0.00061035156,0.000896121
26,1019.01135,58.05835,1019.00977,58.058243,-0.0015869141,-0.00010681152,0.0015905047
26,4.2938013,245.51749,4.2859,245.5867,-0.007901192,0.06921387,0.06966339
26,232.3261,12.281528,232.35226,12.26218,0.026168823,-0.019348145,0.032544706
26,258.14178,17.13665,258.13263,17.146631,-0.009155273,0.009981155,0.013544095
26,193.09285,93.75121,193.09023,93.7548,-0.0026245117,0.0035858154,0.0044436622
26,1045.1113,65.734695,1045.0764,65.67061,-0.03491211,-0.064086914,0.07297937
26,197.23366,51.758743,197.2217,51.77262,-0.011962891,0.013877869,0.018322282
26,268.85306,5.7239547,268.85724,5.718637,0.004180908,-0.005317688,0.006764451
26,30.75054,266.83237,30.744305,266.83926,-0.0062351227,0.0068969727,0.0092975795
26,195.30287,51.43404,195.28836,51.448902,-0.014511108,0.014862061,0.02077145
26,9.593667,237.75346,9.588322,237.75998,-0.0053453445,0.006515503,0.008427602
26,213.43062,31.185413,213.48438,31.2143,0.053756714,0.028886795,0.06102648
26,257.50488,18.089342,257.48923,18.10662,-0.015655518,0.017278671,0.023316253
26,63.693462,228.34836,63.684555,228.3566,-0.008907318,0.008239746,0.01213399
26,179.86772,72.20436,179.91476,72.20575,0.047042847,0.0013885498,0.047063336
26,255.70781,23.887505,255.68504,23.912888,-0.022766113,0.025382996,0.034096807
26,206.22752,77.77572,206.2468,77.7836,0.01927185,0.007881165,0.02082107
26,237.75615,44.795914,237.76408,44.78795,0.00793457,-0.007965088,0.011242777
26,172.82513,76.87509,172.85641,76.845505,0.031280518,-0.029586792,0.043056346
26,175.65569,74.05569,175.70972,74.0334,0.054031372,-0.022285461,0.05844682
26,215.8366,69.70131,215.84785,69.70344,0.011260986,0.002128601,0.011460399
26,188.5606,60.557087,188.5243,60.6471,-0.0362854,0.0900116,0.09705008
26,192.44533,55.41183,192.38023,55.489155,-0.065093994,0.07732391,0.1010753
26,1146.772,134.02005,1146.6456,133.96315,-0.12634277,-0.056900024,0.13856445
26,1138.8419,140.08836,1138.842,140.0885,0.00012207031,0.0001373291,0.00018374015
26,229.31348,54.743645,229.30502,54.75241,-0.008453369,0.008766174,0.012178064
26,267.32004,4.7851553,267.32224,4.7824492,0.0021972656,-0.0027060509,0.0034857837
26,981.426,23.506393,981.666,23.497253,0.23999023,-0.009140015,0.24016422
26,203.64143,44.39925,203.64703,44.393505,0.0055999756,-0.005744934,0.008022717
26,194.32607,53.8815,194.27365,53.95317,-0.05241394,0.07167053,0.08879125
26,226.03389,55.091896,226.0306,55.096226,-0.0032958984,0.0043296814,0.0054414235
26,1138.947,146.15065,1138.9456,146.15028,-0.0014648438,-0.00036621094,0.0015099264
27,56.753662,241.58519,56.68888,241.58092,-0.06478119,-0.004272461,0.06492192
27,221.34843,64.49452,221.34825,64.4921,-0.00018310547,-0.002418518,0.0024254397
27,109.52153,67.1297,109.37319,67.140785,-0.14833832,0.01108551,0.14875196
27,243.46533,-0.38621426,243.54797,-0.3017664,0.0826416,0.08444786,0.11815699
27,7.443973,242.02554,7.326413,242.4396,-0.11755991,0.4140625,0.4304278
27,257.2093,19.62241,257.0673,19.725807,-0.14199829,0.10339737,0.17565458
27,1251.1727,230.87715,1251.3506,230.93729,0.17785645,0.060134888,0.1877475
27,243.76436,-6.494179,243.7983,-6.3543053,0.033935547,0.1398735,0.1439313
27,239.48616,40.022545,239.28786,39.91211,-0.19830322,-0.110435486,0.22698054
27,12.698577,287.3563,12.499633,287.31793,-0.19894409,-0.038360596,0.2026087
27,79.2913,213.99026,79.24492,213.79851,-0.04637909,-0.1917572,0.1972862
27,1019.00977,58.058243,1019.1047,58.040916,0.09490967,-0.017326355,0.096478224
27,4.2859,245.5867,4.160556,246.0165,-0.12534428,0.4297943,0.44769895
27,232.35226,12.26218,232.4945,12.424826,0.14224243,0.16264534,0.2160704
27,258.13263,17.146631,258.14078,17.094814,0.008148193,-0.05181694,0.052453678
27,193.09023,93.7548,193.10626,93.7204,0.016036987,-0.03440094,0.037955362
27,1045.0764,65.67061,1044.774,65.66708,-0.30236816,-0.0035247803,0.30238873
27,197.2217,51.77262,197.30841,51.84366,0.0867157,0.07103729,0.11209776
27,268.85724,5.718637,268.87527,5.755013,0.018035889,0.036376,0.040601805
27,30.744305,266.83926,30.813948,266.53723,0.06964302,-0.30203247,0.30995768
27,195.28836,51.448902,195.36034,51.54744,0.07197571,0.098537445,0.122025125
27,9.588322,237.75998,9.353464,238.25517,-0.23485756,0.49519348,0.5480645
27,213.48438,31.2143,213.56155,31.480637,0.077178955,0.26633644,0.2772935
27,257.48923,18.10662,257.41803,18.135874,-0.07119751,0.029253006,0.07697288
27,63.684555,228.3566,63.644005,228.33371,-0.040550232,-0.022888184,0.04656383
27,179.91476,72.20575,179.99007,72.4194,0.075302124,0.21365356,0.22653532
27,255.68504,23.912888,255.30069,24.306644,-0.38435364,0.39375687,0.5502474
27,206.2468,77.7836,206.15457,77.75144,-0.09222412,-0.032157898,0.09766995
27,237.76408,44.78795,237.64757,44.68544,-0.11651611,-0.102508545,0.15519023
27,172.85641,76.845505,172.81104,77.14887,-0.04537964,0.3033676,0.30674294
27,175.70972,74.0334,175.71693,74.293434,0.007217407,0.26003265,0.26013282
27,215.84785,69.70344,215.84064,69.69617,-0.007217407,-0.007270813,0.010244789
27,188.5243,60.6471,188.70068,60.718227,0.17637634,0.071128845,0.19017868
27,192.38023,55.489155,192.47142,55.600506,0.09118652,0.11135101,0.1439237
27,1146.6456,133.96315,1146.428,133.98605,-0.21765137,0.022903442,0.21885312
27,1138.842,140.0885,1138.8579,139.96643,0.01586914,-0.12207031,0.12309749
27,229.30502,54.75241,229.16008,54.90719,-0.14494324,0.15477753,0.21204863
27,267.32224,4.7824492,267.33774,4.809475,0.01550293,0.0270257,0.031156529
27,981.666,23.497253,981.6035,23.559025,-0.0625,0.061771393,0.08787466
27,203.64703,44.393505,203.71243,44.527843,0.06539917,0.13433838,0.14941168
27,194.27365,53.95317,194.34096,54.06474,0.06730652,0.11156845,0.13029845
27,226.0306,55.096226,226.00893,55.10996,-0.02166748,0.01373291,0.025652925
27,1138.9456,146.15028,1139.0579,145.92331,0.11230469,-0.22697449,0.25323856
28,56.68888,241.58092,56.108486,241.54518,-0.58039474,-0.035736084,0.58149385
28,221.34825,64.4921,220.92955,64.47268,-0.41870117,-0.019424438,0.4191515
28,109.37319,67.140785,109.12834,67.113815,-0.24485016,-0.02696991,0.24633104
28,243.54797,-0.3017664,243.90968,-0.17565441,0.3617096,0.12611198,0.38306406
28,7.326413,242.4396,7.272345,243.38274,-0.05406809,0.9431305,0.944679
28,257.0673,19.725807,256.8958,19.42545,-0.17147827,-0.30035782,0.3458607
28,1251.3506,230.93729,1253.0435,230.84254,1.6928711,-0.09474182,1.6955202
28,243.7983,-6.3543053,244.14517,-6.1547947,0.34687805,0.19951057,0.40016103
28,239.28786,39.91211,238.69653,40.086693,-0.59132385,0.17458344,0.6165576
28,12.499633,287.31793,11.859032,287.14224,-0.64060116,-0.1756897,0.6642565
28,79.24492,213.79851,78.96323,213.53012,-0.2816925,-0.26838684,0.38907862
28,1019.1047,58.040916,1019.092,58.03011,-0.0126953125,-0.010807037,0.016672222
28,4.160556,246.0165,4.349109,246.64777,0.18855333,0.63127136,0.6588292
28,232.4945,12.424826,232.59305,12.693938,0.09854126,0.2691126,0.28658676
28,258.14078,17.094814,258.17877,16.577126,0.037994385,-0.51768875,0.5190811
28,193.10626,93.7204,192.39174,93.85381,-0.7145233,0.13341522,0.7268722
28,1044.774,65.66708,1044.6333,65.67209,-0.14074707,0.005004883,0.14083603
28,197.30841,51.84366,197.6099,51.88792,0.30148315,0.044261932,0.30471495
28,268.87527,5.755013,268.72778,5.392959,-0.14749146,-0.36205387,0.3909434
28,30.813948,266.53723,30.552649,266.1488,-0.26129913,-0.38842773,0.46813816
28,195.36034,51.54744,195.65344,51.611275,0.29310608,0.063835144,0.29997683
28,9.353464,238.25517,9.475861,239.05003,0.12239647,0.79486084,0.80422926
28,213.56155,31.480637,213.80325,31.667765,0.24169922,0.18712807,0.30567208
28,257.41803,18.135874,257.33997,17.743101,-0.078063965,-0.39277267,0.40045518
28,63.644005,228.33371,63.477184,227.96376,-0.16682053,-0.36994934,0.40582213
28,179.99007,72.4194,179.54417,73.2733,-0.44589233,0.8538971,0.9633069
28,255.30069,24.306644,247.52664,33.169937,-7.774048,8.863293,11.789562
28,206.15457,77.75144,205.97527,77.52617,-0.17930603,-0.22527313,0.28792122
28,237.64757,44.68544,237.18115,44.640354,-0.4664154,-0.045085907,0.46858945
28,172.81104,77.14887,172.47876,77.86033,-0.3322754,0.7114563,0.7852242
28,175.71693,74.293434,175.4613,74.955055,-0.2556305,0.6616211,0.709288
28,215.84064,69.69617,215.45601,69.64964,-0.3846283,-0.046524048,0.3874318
28,188.70068,60.718227,188.79694,61.01099,0.09625244,0.29276276,0.30817944
28,192.47142,55.600506,192.68079,55.79177,0.20936584,0.1912651,0.28357786
28,1146.428,133.98605,1145.9105,134.00998,-0.51745605,0.023925781,0.5180089
28,1138.8579,139.96643,1138.8883,139.91667,0.030395508,-0.04975891,0.058308113
28,229.16008,54.90719,228.5654,55.07804,-0.5946808,0.17085266,0.61873734
28,267.33774,4.809475,267.14816,4.5271406,-0.1895752,-0.28233433,0.3400756
28,981.6035,23.559025,981.36005,23.459631,-0.24346924,-0.099393845,0.26297605
28,203.71243,44.527843,203.84581,44.836945,0.13337708,0.3091011,0.3366496
28,194.34096,54.06474,194.57303,54.182446,0.23207092,0.1177063,0.2602147
28,226.00893,55.10996,225.53957,55.192387,-0.46936035,0.08242798,0.4765433
28,1139.0579,145.92331,1139.1005,145.50638,0.04260254,-0.41693115,0.41910207
29,56.108486,241.54518,55.461723,241.53114,-0.64676285,-0.014038086,0.64691514
29,220.92955,64.47268,220.50458,64.43251,-0.42497253,-0.040168762,0.4268667
29,109.12834,67.113815,108.80509,67.04576,-0.32324982,-0.0680542,0.33033592
29,243.90968,-0.17565441,244.26524,-0.03468132,0.3555603,0.14097309,0.38248733
29,7.272345,243.38274,6.8906975,244.32465,-0.3816476,0.9419098,1.0162917
29,256.8958,19.42545,256.8275,19.091082,-0.06829834,-0.33436775,0.34127182
29,1253.0435,230.84254,1254.6318,230.96393,1.5883789,0.12138367,1.5930102
29,244.14517,-6.1547947,244.3926,-5.868474,0.24742126,0.2863207,0.37841356
29,238.69653,40.086693,238.10942,40.20759,-0.5871124,0.120895386,0.5994303
29,11.859032,287.14224,12.145086,286.14197,0.2860546,-1.0002747,1.0403733
29,78.96323,213.53012,78.587425,213.24637,-0.3758011,-0.28375244,0.47089478
29,1019.092,58.03011,1019.2096,58.00685,0.117614746,-0.02325821,0.11989234
29,4.349109,246.64777,4.033863,247.54857,-0.3152461,0.9008026,0.95437175
29,232.59305,12.693938,232.80153,12.935124,0.20848083,0.24118614,0.31880245
29,258.17877,16.577126,258.25372,16.060024,0.07495117,-0.5171013,0.5225049
29,192.39174,93.85381,191.99507,93.659805,-0.39666748,-0.19400787,0.44157007
29,1044.6333,65.67209,1044.1421,65.706856,-0.49121094,0.03476715,0.49243978
29,197.6099,51.88792,197.77638,52.27123,0.16648865,0.3833084,0.41790408
29,268.72778,5.392959,268.45465,5.1277585,-0.27313232,-0.26520061,0.38070017
29,30.552649,266.1488,30.181034,265.76785,-0.37161446,-0.38095093,0.532185
29,195.65344,51.611275,195.62007,52.216183,-0.03337097,0.604908,0.6058278
29,9.475861,239.05003,9.20916,239.84288,-0.26670074,0.7928467,0.8365017
29,213.80325,31.667765,214.11554,31.843645,0.31228638,0.17588043,0.35840857
29,257.33997,17.743101,257.39246,17.255436,0.052490234,-0.48766518,0.49048194
29,63.477184,227.96376,63.51936,226.88057,0.042175293,-1.0831909,1.0840117
29,179.54417,73.2733,180.71567,72.703224,1.1714935,-0.570076,1.3028368
29,247.52664,33.169937,240.44897,40.915695,-7.077667,7.745758,10.492385
29,205.97527,77.52617,205.70377,77.28444,-0.27149963,-0.24172974,0.36351797
29,237.18115,44.640354,236.7384,44.578804,-0.44274902,-0.06155014,0.44700685
29,172.47876,77.86033,173.15683,77.77373,0.67807007,-0.08660126,0.68357795
29,175.4613,74.955055,178.11284,72.934944,2.651535,-2.020111,3.3333895
29,215.45601,69.64964,215.01413,69.58937,-0.44187927,-0.060272217,0.4459709
29,188.79694,61.01099,189.12257,61.143517,0.32563782,0.1325264,0.3515725
29,192.68079,55.79177,192.7422,56.210655,0.061416626,0.41888428,0.42336276
29,1145.9105,134.00998,1145.491,134.08511,-0.41955566,0.07513428,0.4262301
29,1138.8883,139.91667,1138.8179,139.68343,-0.07043457,-0.23324585,0.24364863
29,228.5654,55.07804,228.01814,55.23554,-0.54725647,0.1574974,0.5694691
29,267.14816,4.5271406,266.82428,4.3254466,-0.32388306,-0.20169401,0.3815504
29,981.36005,23.459631,981.3095,23.560715,-0.05053711,0.101083755,0.11301294
29,203.84581,44.836945,204.1844,45.037727,0.33859253,0.20078278,0.39364785
29,194.57303,54.182446,194.78346,54.480476,0.21043396,0.29803085,0.36483535
29,225.53957,55.192387,224.98135,55.357864,-0.5582123,0.16547775,0.5822232
29,1139.1005,145.50638,1139.1215,144.95297,0.020996094,-0.55340576,0.5538039
30,55.461723,241.53114,54.823727,241.46861,-0.6379967,-0.06253052,0.6410537
30,220.50458,64.43251,220.11887,64.36018,-0.38571167,-0.07232666,0.39243424
30,108.80509,67.04576,108.3929,66.96611,-0.4121933,-0.07965088,0.4198185
30,244.26524,-0.03468132,244.61818,0.1154871,0.3529358,0.15016842,0.38355473
30,6.8906975,244.32465,6.9029217,245.07544,0.012224197,0.75079346,0.750893
30,256.8275,19.091082,256.62054,18.681084,-0.20697021,-0.40999794,0.4592766
30,1254.6318,230.96393,1257.5134,230.92258,2.8815918,-0.04135132,2.8818886
30,244.3926,-5.868474,244.70897,-5.6453495,0.31637573,0.2231245,0.387141
30,238.10942,40.20759,237.29883,40.33181,-0.81059265,0.1242218,0.8200558
30,12.145086,286.14197,12.114344,284.98395,-0.030742645,-1.15802,1.158428
30,78.587425,213.24637,78.47593,212.72626,-0.11149597,-0.5201111,0.5319275
30,1019.2096,58.00685,1019.3998,58.000458,0.19018555,-0.0063934326,0.19029298
30,4.033863,247.54857,4.206561,248.16435,0.17269802,0.6157837,0.63954216
30,232.80153,12.935124,232.98932,13.197432,0.18778992,0.26230717,0.32259896
30,258.25372,16.060024,258.17914,15.518336,-0.07458496,-0.54168797,0.54679865
30,191.99507,93.659805,191.39258,93.4655,-0.6024933,-0.19430542,0.6330504
30,1044.1421,65.706856,1043.9501,65.731094,-0.1920166,0.024238586,0.1935404
30,197.77638,52.27123,198.08238,52.4494,0.30599976,0.17817307,0.3540925
30,268.45465,5.1277585,268.11493,4.8404975,-0.33972168,-0.287261,0.4448929
30,30.181034,265.76785,30.017975,265.04227,-0.16305923,-0.72558594,0.74368227
30,195.62007,52.216183,195.92447,52.41444,0.30439758,0.19825745,0.36326838
30,9.20916,239.84288,9.319494,240.45123,0.1103344,0.60835266,0.61827713
30,214.11554,31.843645,214.18475,32.269432,0.06921387,0.42578697,0.43137583
30,257.39246,17.255436,257.31427,16.68629,-0.078186035,-0.5691452,0.5744905
30,63.51936,226.88057,63.315105,226.45049,-0.20425415,-0.43008423,0.47612205
30,180.71567,72.703224,181.7253,72.20446,1.0096283,-0.49876404,1.1261061
30,240.44897,40.915695,239.38568,41.310905,-1.0632935,0.39521027,1.1343651
30,205.70377,77.28444,205.13412,76.991325,-0.5696411,-0.2931137,0.6406299
30,236.7384,44.578804,235.99478,44.55494,-0.7436218,-0.023864746,0.74400467
30,173.15683,77.77373,173.24,78.274124,0.08317566,0.5003967,0.50726235
30,178.11284,72.934944,179.45795,72.13976,1.345108,-0.7951813,1.5625713
30,215.01413,69.58937,214.54025,69.49041,-0.47387695,-0.09896088,0.4840998
30,189.12257,61.143517,189.72403,60.95586,0.6014557,-0.1876564,0.63005066
30,192.7422,56.210655,192.90248,56.555374,0.16027832,0.34471893,0.38015825
30,1145.491,134.08511,1144.7244,133.95755,-0.76660156,-0.12756348,0.77714247
30,1138.8179,139.68343,1139.0146,139.54611,0.19677734,-0.13731384,0.23995085
30,228.01814,55.23554,227.43604,55.371307,-0.58210754,0.13576889,0.597731
30,266.82428,4.3254466,266.48972,4.0500607,-0.3345642,-0.27538586,0.43332502
30,981.3095,23.560715,981.0807,23.53194,-0.2288208,-0.028774261,0.23062289
30,204.1844,45.037727,204.58621,45.119247,0.4018097,0.08152008,0.4099958
30,194.78346,54.480476,194.98566,54.78356,0.20219421,0.30308533,0.36433944
30,224.98135,55.357864,224.43106,55.482697,-0.55029297,0.12483215,0.56427425
30,1139.1215,144.95297,1139.248,144.342,0.12658691,-0.6109772,0.623953
31,54.823727,241.46861,54.12174,241.41054,-0.7019882,-0.05807495,0.70438635
31,220.11887,64.36018,219.31334,64.29959,-0.80552673,-0.06059265,0.80780244
31,108.3929,66.96611,107.95673,67.04814,-0.43616486,0.08203125,0.4438118
31,244.61818,0.1154871,245.16841,0.20530987,0.55023193,0.08982277,0.5575153
31,6.9029217,245.07544,7.62562,245.24274,0.7226982,0.16729736,0.74180937
31,256.62054,18.681084,256.53094,17.934055,-0.08959961,-0.74702835,0.7523825
31,1257.5134,230.92258,1259.9507,230.92648,2.4372559,0.00390625,2.437259
31,244.70897,-5.6453495,245.23932,-5.500695,0.53034973,0.14465427,0.54972327
31,237.29883,40.33181,236.24191,40.6885,-1.0569153,0.35668945,1.1154808
31,12.114344,284.98395,11.771939,284.27557,-0.34240437,-0.708374,0.78678745
31,78.47593,212.72626,79.545784,210.6181,1.0698547,-2.1081543,2.3640862
31,1019.3998,58.000458,1019.5816,57.953064,0.18182373,-0.0473938,0.18789902
31,4.206561,248.16435,5.0158978,248.26236,0.80933666,0.0980072,0.8152492
31,232.98932,13.197432,233.18762,13.618205,0.19830322,0.4207735,0.46516073
31,258.17914,15.518336,258.7205,14.025096,0.5413513,-1.4932404,1.5883414
31,191.39258,93.4655,191.13402,92.86967,-0.25856018,-0.5958328,0.64951533
31,1043.9501,65.731094,1043.3241,65.7888,-0.62597656,0.05770874,0.628631
31,198.08238,52.4494,198.4845,52.81827,0.40211487,0.36886978,0.5456751
31,268.11493,4.8404975,267.4525,4.6726437,-0.66241455,-0.16785383,0.6833505
31,30.017975,265.04227,29.701212,264.58105,-0.31676292,-0.46121216,0.5595135
31,195.92447,52.41444,196.29808,52.84052,0.37361145,0.4260788,0.56668216
31,9.319494,240.45123,9.331523,241.31836,0.012028694,0.86712646,0.86720985
31,214.18475,32.269432,214.53629,32.81208,0.35153198,0.5426483,0.6465616
31,257.31427,16.68629,263.15363,8.572639,5.8393555,-8.113651,9.99647
31,63.315105,226.45049,62.1571,226.7235,-1.1580048,0.27301025,1.189752
31,181.7253,72.20446,183.88562,71.027145,2.160324,-1.1773148,2.4602988
31,239.38568,41.310905,238.26648,41.74775,-1.1192017,0.43684387,1.2014345
31,205.13412,76.991325,204.75786,76.62438,-0.37626648,-0.36694336,0.5255701
31,235.99478,44.55494,235.20897,44.548737,-0.7858124,-0.0062026978,0.7858368
31,173.24,78.274124,174.75017,77.80754,1.5101624,-0.46658325,1.5805981
31,179.45795,72.13976,181.34082,71.284454,1.8828735,-0.85530853,2.0680342
31,214.54025,69.49041,213.80246,69.40002,-0.73779297,-0.09039307,0.74330974
31,189.72403,60.95586,190.57637,60.894676,0.8523407,-0.06118393,0.85453385
31,192.90248,56.555374,192.9061,57.415062,0.003616333,0.8596878,0.85969543
31,1144.7244,133.95755,1143.8384,134.07715,-0.8859863,0.11959839,0.8940221
31,1139.0146,139.54611,1139.0826,139.49214,0.067993164,-0.053970337,0.086809374
31,227.43604,55.371307,226.32463,55.58246,-1.1114044,0.21115112,1.1312845
31,266.48972,4.0500607,265.8277,3.8793578,-0.6620178,-0.17070293,0.6836718
31,981.0807,23.53194,980.6232,23.36734,-0.4574585,-0.16460037,0.4861703
31,204.58621,45.119247,204.94315,45.52649,0.3569336,0.40724182,0.5415233
31,194.98566,54.78356,195.38167,55.2072,0.39601135,0.4236374,0.5799083
31,224.43106,55.482697,223.37912,55.701416,-1.0519409,0.21871948,1.0744385
31,1139.248,144.342,1126.1368,134.22522,-13.111206,-10.1167755,16.560581
32,54.12174,241.41054,53.42176,241.34584,-0.6999779,-0.064697266,0.70296144
32,219.31334,64.29959,218.71077,64.23945,-0.6025696,-0.060142517,0.6055635
32,107.95673,67.04814,107.450935,67.059265,-0.50579834,0.011123657,0.50592065
32,245.16841,0.20530987,245.65334,0.38678646,0.48492432,0.1814766,0.5177696
32,7.62562,245.24274,8.318193,245.56816,0.69257355,0.3254242,0.76521826
32,256.53094,17.934055,256.44653,17.402447,-0.08441162,-0.5316086,0.5382685
32,1259.9507,230.92648,1261.901,230.97852,1.9503174,0.05203247,1.9510114
32,245.23932,-5.500695,245.69429,-5.240177,0.4549713,0.26051807,0.52427906
32,236.24191,40.6885,235.59424,40.534546,-0.64767456,-0.15395355,0.6657207
32,11.771939,284.27557,12.840328,281.91193,1.0683889,-2.3636475,2.5938935
32,79.545784,210.6181,78.81753,210.32407,-0.7282562,-0.29403687,0.7853756
32,1019.5816,57.953064,1020.2556,57.96792,0.67401123,0.014854431,0.6741749
32,5.0158978,248.26236,6.0135994,248.34735,0.99770164,0.084991455,1.0013152
32,233.18762,13.618205,233.14995,14.62531,-0.03767395,1.0071049,1.0078093
32,258.7205,14.025096,258.61972,13.492943,-0.10076904,-0.5321531,0.54160994
32,191.13402,92.86967,190.25949,92.8504,-0.874527,-0.019264221,0.8747391
32,1043.3241,65.7888,1042.7123,65.80174,-0.6118164,0.012939453,0.6119532
32,198.4845,52.81827,199.12096,52.96104,0.63645935,0.14276886,0.65227556
32,267.4525,4.6726437,267.53903,3.8435688,0.086517334,-0.82907486,0.83357686
32,29.701212,264.58105,29.454493,263.7824,-0.24671936,-0.798645,0.8358854
32,196.29808,52.84052,196.82835,53.05834,0.53027344,0.21781921,0.57326704
32,9.331523,241.31836,9.697697,241.98122,0.36617374,0.66285706,0.7572732
32,214.53629,32.81208,193.1872,57.13476,-21.34909,24.322681,32.363197
32,263.15363,8.572639,263.11993,7.9681425,-0.033691406,-0.60449696,0.60543513
32,62.1571,226.7235,61.08327,226.98969,-1.0738297,0.26618958,1.1063305
32,183.88562,71.027145,184.71138,70.96149,0.8257599,-0.06565857,0.8283661
32,238.26648,41.74775,237.64488,41.542553,-0.6215973,-0.20519638,0.65459055
32,204.75786,76.62438,204.3884,76.38833,-0.36946106,-0.23605347,0.4384321
32,235.20897,44.548737,234.56844,44.32994,-0.64053345,-0.21879578,0.67687124
32,174.75017,77.80754,175.29361,78.16606,0.5434418,0.3585205,0.65104985
32,181.34082,71.284454,182.25182,71.198425,0.9109955,-0.08602905,0.9150485
32,213.80246,69.40002,213.3297,69.31477,-0.47276306,-0.085243225,0.48038664
32,190.57637,60.894676,190.99806,61.184372,0.4216919,0.28969574,0.5116128
32,192.9061,57.415062,193.23915,57.81041,0.3330536,0.3953476,0.51693755
32,1143.8384,134.07715,1143.3035,134.11829,-0.5349121,0.041137695,0.53649163
32,1139.0826,139.49214,1139.471,139.34256,0.38830566,-0.14958191,0.41612023
32,226.32463,55.58246,225.42758,55.89891,-0.89704895,0.31645203,0.9512301
32,265.8277,3.8793578,265.8536,3.1859155,0.025909424,-0.69344234,0.6939262
32,980.6232,23.36734,935.3184,33.064102,-45.30481,9.696762,46.330906
32,204.94315,45.52649,205.26392,46.13959,0.32077026,0.61310196,0.6919448
32,195.38167,55.2072,195.90494,55.428818,0.52326965,0.22161865,0.56826574
32,223.37912,55.701416,222.48349,56.016052,-0.8956299,0.31463623,0.94928855
32,1126.1368,134.22522,1198.8713,184.06718,72.7345,49.841965,88.17329
33,53.42176,241.34584,52.349308,241.28014,-1.0724525,-0.065704346,1.0744634
33,218.71077,64.23945,217.82384,64.179504,-0.8869324,-0.059944153,0.8889558
33,107.450935,67.059265,106.893906,66.97691,-0.5570297,-0.082351685,0.56308424
33,245.65334,0.38678646,246.76758,0.16059399,1.1142426,-0.22619247,1.1369694
33,8.318193,245.56816,8.913091,246.09647,0.5948973,0.52830505,0.7956186
33,256.44653,17.402447,260.91107,11.139582,4.4645386,-6.262865,7.691267
33,1261.901,230.97852,1263.8645,230.93561,1.963501,-0.042907715,1.9639698
33,245.69429,-5.240177,246.71396,-5.3649035,1.0196686,-0.124726295,1.0272685
33,235.59424,40.534546,234.7349,40.534096,-0.8593445,-0.00045013428,0.8593446
33,12.840328,281.91193,13.532201,279.71466,0.6918726,-2.1972656,2.3036199
33,78.81753,210.32407,88.0999,199.57823,9.2823715,-10.745834,14.199837
33,1020.2556,57.96792,1020.39185,57.943745,0.13623047,-0.024173737,0.13835862
33,6.0135994,248.34735,6.889947,248.68721,0.87634754,0.339859,0.93994105
33,233.14995,14.62531,233.73116,14.708076,0.5812073,0.08276558,0.58707076
33,258.61972,13.492943,259.15997,11.983687,0.5402527,-1.5092554,1.6030362
33,190.25949,92.8504,189.46332,92.64288,-0.7961731,-0.20751953,0.82277334
33,1042.7123,65.80174,1042.4873,65.88501,-0.22497559,0.08326721,0.23989049
33,199.12096,52.96104,199.75352,53.083378,0.63256836,0.12233734,0.6442897
33,267.53903,3.8435688,267.07596,3.4748487,-0.46307373,-0.36872005,0.591939
33,29.454493,263.7824,29.05249,263.1524,-0.40200233,-0.6300049,0.7473366
33,196.82835,53.05834,197.5208,53.132713,0.69244385,0.07437515,0.6964267
33,9.697697,241.98122,10.5058,242.189,0.80810356,0.20777893,0.834388
33,193.1872,57.13476,193.49774,57.64907,0.31054688,0.5143089,0.60079366
33,263.11993,7.9681425,262.7033,7.501068,-0.41662598,-0.4670744,0.62588793
33,61.08327,226.98969,63.3986,223.18803,2.3153305,-3.801651,4.451214
33,184.71138,70.96149,185.4605,71.04529,0.749115,0.08380127,0.75378776
33,237.64488,41.542553,236.82426,41.525276,-0.8206177,-0.017276764,0.8207995
33,204.3884,76.38833,203.8302,75.943886,-0.558197,-0.44444275,0.7135217
33,234.56844,44.32994,233.64688,44.405323,-0.92155457,0.07538223,0.92463255
33,175.29361,78.16606,175.82991,78.50309,0.53630066,0.3370285,0.6334087
33,182.25182,71.198425,183.28874,71.048874,1.0369263,-0.14955139,1.0476553
33,213.3297,69.31477,212.54333,69.20444,-0.7863617,-0.1103363,0.79406476
33,190.99806,61.184372,191.38942,61.56467,0.39135742,0.3802986,0.54569924
33,193.23915,57.81041,193.53984,58.338478,0.3006897,0.52806854,0.60767645
33,1143.3035,134.11829,1142.7466,134.40802,-0.55688477,0.2897339,0.62774706
33,1139.471,139.34256,1151.8995,147.72444,12.428589,8.381882,14.990856
33,225.42758,55.89891,224.09628,56.457676,-1.3312988,0.5587654,1.4438058
33,265.8536,3.1859155,265.49265,2.6555529,-0.3609619,-0.5303626,0.64154345
33,205.26392,46.13959,205.72241,46.491707,0.4584961,0.35211563,0.57810384
33,195.90494,55.428818,196.32683,55.823956,0.42189026,0.3951378,0.5780357
33,222.48349,56.016052,221.21927,56.509407,-1.2642212,0.4933548,1.3570756
33,1198.8713,184.06718,1220.2693,197.24202,21.39795,13.174835,25.12864
34,52.349308,241.28014,51.452408,241.19522,-0.8969002,-0.08491516,0.900911
34,217.82384,64.179504,217.15297,64.110176,-0.6708679,-0.06932831,0.6744406
34,106.893906,66.97691,106.320076,67.01326,-0.57382965,0.036346436,0.5749796
34,246.76758,0.16059399,247.45168,0.3152361,0.6840973,0.1546421,0.7013582
34,8.913091,246.09647,9.350718,246.74275,0.43762684,0.646286,0.7805145
34,260.91107,11.139582,260.71176,10.461393,-0.1993103,-0.6781883,0.7068691
34,1263.8645,230.93561,1266.0146,230.9409,2.1501465,0.0052948,2.150153
34,246.71396,-5.3649035,247.5043,-5.161192,0.79034424,0.20371151,0.81617546
34,234.7349,40.534096,234.10596,40.347656,-0.62893677,-0.18643951,0.6559887
34,13.532201,279.71466,14.614603,277.33417,1.0824022,-2.3804932,2.6150224
34,88.0999,199.57823,88.62365,197.87802,0.5237503,-1.7002106,1.7790532
34,1020.39185,57.943745,1020.42896,57.90317,0.037109375,-0.04057312,0.054984394
34,6.889947,248.68721,7.2383966,249.47258,0.3484497,0.7853699,0.8591991
34,233.73116,14.708076,234.56136,14.761479,0.8302002,0.053403854,0.83191603
34,259.15997,11.983687,258.8524,11.458124,-0.30758667,-0.52556324,0.6089551
34,189.46332,92.64288,188.02641,93.297844,-1.4369049,0.65496063,1.5791355
34,1042.4873,65.88501,1042.3501,65.947464,-0.13720703,0.062454224,0.15075244
34,199.75352,53.083378,200.47269,53.306965,0.719162,0.22358704,0.75311697
34,267.07596,3.4748487,266.7704,2.8994842,-0.3055725,-0.5753646,0.6514745
34,29.05249,263.1524,28.913965,262.34283,-0.13852501,-0.8095703,0.82133627
34,197.5208,53.132713,198.22699,53.389637,0.706192,0.25692368,0.7514765
34,10.5058,242.189,10.816526,242.91481,0.31072617,0.7258148,0.78953016
34,193.49774,57.64907,193.74184,58.41617,0.24409485,0.7670975,0.8049974
34,262.7033,7.501068,262.534,6.74803,-0.16931152,-0.7530379,0.7718371
34,63.3986,223.18803,61.829796,223.92201,-1.5688057,0.7339783,1.7320149
34,185.4605,71.04529,186.27122,71.244026,0.81073,0.1987381,0.8347335
34,236.82426,41.525276,236.36562,41.122063,-0.45864868,-0.4032135,0.610688
34,203.8302,75.943886,203.3186,75.749016,-0.5115967,-0.19487,0.54745364
34,233.64688,44.405323,232.72874,44.371876,-0.9181366,-0.033447266,0.91874564
34,175.82991,78.50309,175.82547,79.60181,-0.0044403076,1.0987167,1.0987257
34,183.28874,71.048874,184.33365,71.06207,1.0449066,0.013198853,1.04499
34,212.54333,69.20444,211.98035,69.110886,-0.5629883,-0.093551636,0.5707081
34,191.38942,61.56467,191.56783,62.41136,0.17840576,0.84669113,0.8652829
34,193.53984,58.338478,193.97232,58.857838,0.43247986,0.5193596,0.67585
34,1142.7466,134.40802,1141.5658,133.74326,-1.1807861,-0.6647644,1.3550526
34,1151.8995,147.72444,1152.155,147.48517,0.25549316,-0.23927307,0.35004053
34,224.09628,56.457676,222.87679,56.836834,-1.2194977,0.37915802,1.2770808
34,265.49265,2.6555529,265.17288,2.0942435,-0.31976318,-0.56130934,0.6460005
34,205.72241,46.491707,206.58875,46.65558,0.866333,0.16387177,0.88169545
34,196.32683,55.823956,196.66173,56.49524,0.3348999,0.6712837,0.7501865
34,221.21927,56.509407,220.151,56.800495,-1.0682678,0.2910881,1.1072165
34,1220.2693,197.24202,1251.8579,218.57938,31.588623,21.337357,38.11986
35,51.452408,241.19522,50.554955,241.10182,-0.8974533,-0.09339905,0.9023003
35,217.15297,64.110176,216.31831,63.971348,-0.83465576,-0.13882828,0.8461227
35,247.45168,0.3152361,248.16109,0.3714323,0.7094116,0.056196213,0.7116339
35,9.350718,246.74275,10.83931,246.17328,1.4885921,-0.56947327,1.5938025
35,260.71176,10.461393,260.51172,9.821263,-0.20004272,-0.64013004,0.67065907
35,1266.0146,230.9409,1267.8163,230.82237,1.8016357,-0.11853027,1.8055307
35,247.5043,-5.161192,248.40355,-4.997569,0.8992462,0.16362286,0.91401106
35,234.10596,40.347656,233.7391,39.980976,-0.3668518,-0.36668015,0.5186854
35,14.614603,277.33417,18.900612,271.71307,4.286009,-5.6210938,7.0687037
35,88.62365,197.87802,94.55761,190.63672,5.93396,-7.2413025,9.362069
35,1020.42896,57.90317,1019.9449,57.752438,-0.48406982,-0.15073395,0.5069954
35,7.2383966,249.47258,9.936014,247.67836,2.6976175,-1.79422,3.2398095
35,234.56136,14.761479,234.87688,15.249624,0.31552124,0.48814487,0.5812392
35,258.8524,11.458124,258.484,11.0915785,-0.3683777,-0.36654568,0.5196709
35,188.02641,93.297844,187.73596,92.693054,-0.29045105,-0.60478973,0.6709191
35,1042.3501,65.947464,1042.598,65.95868,0.2479248,0.01121521,0.24817835
35,200.47269,53.306965,201.11505,53.357693,0.6423645,0.050727844,0.6443644
35,266.7704,2.8994842,266.16565,2.7111425,-0.6047363,-0.18834162,0.6333866
35,28.913965,262.34283,28.869656,261.42966,-0.044309616,-0.9131775,0.91425186
35,198.22699,53.389637,198.87659,53.465065,0.64959717,0.07542801,0.65396166
35,10.816526,242.91481,11.5083475,243.11307,0.6918211,0.19825745,0.7196683
35,193.74184,58.41617,194.15213,58.792355,0.41029358,0.37618637,0.556648
35,262.534,6.74803,262.1245,6.3419113,-0.40948486,-0.40611887,0.5767238
35,61.829796,223.92201,61.22211,223.69016,-0.6076851,-0.2318573,0.65041447
35,186.27122,71.244026,174.95334,83.481346,-11.317886,12.23732,16.66873
35,236.36562,41.122063,236.4264,40.237637,0.060791016,-0.8844261,0.8865129
35,203.3186,75.749016,202.77269,75.48765,-0.5459137,-0.2613678,0.605256
35,232.72874,44.371876,232.42772,43.829803,-0.3010254,-0.5420723,0.62004733
35,175.82547,79.60181,179.08708,77.39174,3.261612,-2.2100677,3.9398618
35,184.33365,71.06207,161.60315,94.45301,-22.7305,23.390938,32.616123
35,211.98035,69.110886,211.39134,68.92928,-0.5890045,-0.18160248,0.61636496
35,191.56783,62.41136,191.73158,63.03794,0.16375732,0.6265793,0.64762497
35,193.97232,58.857838,194.36958,59.246777,0.39726257,0.3889389,0.5559596
35,1141.5658,133.74326,1140.3352,133.3703,-1.2305908,-0.37295532,1.2858652
35,1152.155,147.48517,1152.9094,147.6812,0.75439453,0.19602966,0.77944773
35,222.87679,56.836834,221.72537,57.23339,-1.151413,0.39655685,1.2177886
35,265.17288,2.0942435,264.63477,1.8297634,-0.53811646,-0.2644801,0.59959906
35,206.58875,46.65558,214.32507,38.89319,7.736328,-7.76239,10.959264
35,196.66173,56.49524,197.02121,56.914513,0.3594818,0.41927338,0.55228376
35,220.151,56.800495,218.97415,57.21934,-1.1768494,0.41884613,1.2491623
35,1251.8579,218.57938,1262.2231,225.13615,10.365234,6.556778,12.264967
36,50.554955,241.10182,49.501022,240.89409,-1.0539322,-0.20773315,1.0742096
36,216.31831,63.971348,215.6456,63.922115,-0.67271423,-0.049232483,0.67451334
36,248.16109,0.3714323,248.41924,0.5840912,0.2581482,0.21265888,0.33446118
36,10.83931,246.17328,10.935564,247.22073,0.09625435,1.0474548,1.0518682
36,260.51172,9.821263,260.0556,9.657627,-0.45611572,-0.16363621,0.4845806
36,1267.8163,230.82237,1268.42,230.80826,0.60375977,-0.01411438,0.60392475
36,248.40355,-4.997569,248.41048,-4.3806295,0.0069274902,0.61693954,0.6169784
36,233.7391,39.980976,233.2946,39.866867,-0.44450378,-0.11410904,0.45891663
36,18.900612,271.71307,19.00373,270.11853,0.1031189,-1.5945435,1.5978743
36,94.55761,190.63672,54.413498,233.02942,-40.14411,42.3927,58.383995
36,1019.9449,57.752438,1020.04846,57.709972,0.10357666,-0.04246521,0.11194382
36,9.936014,247.67836,9.964105,248.82764,0.028090477,1.1492767,1.1496199
36,234.87688,15.249624,235.13374,15.574945,0.25686646,0.3253212,0.41450483
36,258.484,11.0915785,258.17355,10.856839,-0.31045532,-0.2347393,0.38921082
36,187.73596,92.693054,186.59659,92.84814,-1.1393738,0.1550827,1.1498797
36,1042.598,65.95868,1041.3237,65.97966,-1.274292,0.020980835,1.2744647
36,201.11505,53.357693,201.68877,53.496086,0.5737152,0.1383934,0.59017104
36,266.16565,2.7111425,265.4489,2.7704964,-0.71673584,0.05935383,0.7191892
36,28.869656,261.42966,28.615322,260.37973,-0.2543335,-1.0499268,1.0802925
36,198.87659,53.465065,199.52408,53.563683,0.64749146,0.09861755,0.6549585
36,11.5083475,243.11307,11.414099,244.34198,-0.09424877,1.2289124,1.2325212
36,194.15213,58.792355,194.49341,59.252666,0.34127808,0.4603119,0.5730251
36,262.1245,6.3419113,261.52692,6.2960606,-0.5975952,-0.045850754,0.5993516
36,61.22211,223.69016,60.457478,223.20755,-0.7646332,-0.48260498,0.9041966
36,174.95334,83.481346,172.7406,86.25665,-2.212738,2.7753067,3.5494418
36,236.4264,40.237637,236.0959,39.943153,-0.33050537,-0.29448318,0.44266707
36,202.77269,75.48765,202.13152,75.20528,-0.6411743,-0.28237152,0.7005984
36,232.42772,43.829803,232.14525,43.434048,-0.2824707,-0.39575577,0.4862225
36,179.08708,77.39174,161.01724,95.75481,-18.06984,18.363068,25.762789
36,161.60315,94.45301,128.63173,127.28265,-32.97142,32.829643,46.528484
36,211.39134,68.92928,210.74953,68.83302,-0.6418152,-0.09626007,0.6489936
36,191.73158,63.03794,192.01239,63.527184,0.2808075,0.48924255,0.56410205
36,194.36958,59.246777,194.7332,59.677177,0.36361694,0.43040085,0.5634378
36,1140.3352,133.3703,1140.6003,133.92903,0.26513672,0.5587311,0.61844796
36,1152.9094,147.6812,1153.3699,148.01015,0.46044922,0.32894897,0.56588066
36,221.72537,57.23339,220.7266,57.54443,-0.9987793,0.31103897,1.0460905
36,264.63477,1.8297634,263.94128,1.8780098,-0.69348145,0.048246384,0.6951577
36,214.32507,38.89319,214.61122,39.17595,0.28614807,0.28276062,0.40228632
36,197.02121,56.914513,197.26254,57.46014,0.24133301,0.5456276,0.5966163
36,218.97415,57.21934,218.06386,57.499878,-0.9102936,0.28053665,0.9525414
36,1262.2231,225.13615,1263.8221,225.6904,1.598999,0.554245,1.6923314
37,49.501022,240.89409,48.54098,240.83795,-0.96004105,-0.056137085,0.9616809
37,215.6456,63.922115,215.03981,63.839287,-0.6057892,-0.08282852,0.61142546
37,248.41924,0.5840912,248.50102,0.83028126,0.08178711,0.24619007,0.2594199
37,10.935564,247.22073,11.284967,247.42577,0.34940338,0.20503235,0.4051185
37,260.0556,9.657627,259.774,9.384288,-0.2816162,-0.27333927,0.3924564
37,1268.42,230.80826,1269.063,230.82904,0.64294434,0.02078247,0.64328015
37,248.41048,-4.3806295,248.53258,-4.0131035,0.12210083,0.36752605,0.3872777
37,233.2946,39.866867,232.86705,39.714314,-0.42755127,-0.15255356,0.45395228
37,19.00373,270.11853,18.751669,269.57178,-0.25206184,-0.5467529,0.60205805
37,54.413498,233.02942,53.27102,233.34926,-1.142479,0.31983948,1.1864045
37,1020.04846,57.709972,1020.0582,57.714382,0.009765625,0.00440979,0.010715115
37,9.964105,248.82764,10.063612,249.29265,0.09950733,0.4650116,0.47553915
37,235.13374,15.574945,235.28638,15.8355665,0.15263367,0.26062107,0.3020271
37,258.17355,10.856839,257.84167,10.735885,-0.33187866,-0.12095451,0.35323283
37,186.59659,92.84814,186.22456,92.505424,-0.37202454,-0.3427124,0.50582016
37,1041.3237,65.97966,1041.475,66.015945,0.15124512,0.0362854,0.15553686
37,201.68877,53.496086,202.05835,53.67788,0.36958313,0.18179321,0.41187432
37,265.4489,2.7704964,265.0761,2.58012,-0.37280273,-0.19037628,0.41859886
37,28.615322,260.37973,28.242077,259.96075,-0.37324524,-0.41897583,0.5611174
37,199.52408,53.563683,200.00267,53.665527,0.47859192,0.10184479,0.48930827
37,11.414099,244.34198,11.6269455,244.65726,0.21284676,0.3152771,0.380399
37,194.49341,59.252666,194.64651,59.72822,0.15310669,0.47555542,0.49959445
37,261.52692,6.2960606,261.20618,6.036003,-0.32073975,-0.26005745,0.41292113
37,60.457478,223.20755,59.07493,223.81355,-1.3825493,0.6060028,1.5095304
37,172.7406,86.25665,154.4153,104.53276,-18.325302,18.276108,25.881128
37,236.0959,39.943153,235.85033,39.503548,-0.24557495,-0.4396057,0.50354767
37,202.13152,75.20528,201.74777,74.94898,-0.3837433,-0.25629425,0.46146032
37,232.14525,43.434048,232.02342,42.8055,-0.12182617,-0.62854767,0.6402451
37,161.01724,95.75481,127.65738,128.88644,-33.359863,33.131638,47.01687
37,128.63173,127.28265,95.89876,160.31471,-32.73297,33.03206,46.50338
37,210.74953,68.83302,210.1896,68.72749,-0.55992126,-0.105529785,0.5697792
37,192.01239,63.527184,192.2405,63.91109,0.22810364,0.38390732,0.4465603
37,194.7332,59.677177,194.81467,60.233482,0.081466675,0.55630493,0.5622384
37,1140.6003,133.92903,1140.3256,134.09073,-0.27478027,0.16169739,0.31882635
37,1153.3699,148.01015,1153.5457,148.12971,0.17578125,0.11956787,0.2125924
37,220.7266,57.54443,219.88263,57.762524,-0.8439636,0.21809387,0.87168777
37,263.94128,1.8780098,263.59375,1.6657429,-0.34753418,-0.21226692,0.4072312
37,214.61122,39.17595,215.62689,38.7304,1.0156708,-0.445549,1.1090993
37,197.26254,57.46014,197.52997,57.809235,0.26742554,0.3490944,0.43975368
37,218.06386,57.499878,217.27893,57.711597,-0.78492737,0.21171951,0.81297976
37,1263.8221,225.6904,1264.7261,226.21683,0.90393066,0.5264282,1.0460484
38,48.54098,240.83795,47.865864,240.75629,-0.6751175,-0.08166504,0.68003887
38,215.03981,63.839287,214.61989,63.789307,-0.41992188,-0.049980164,0.4228858
38,248.50102,0.83028126,248.7772,0.925231,0.27618408,0.09494972,0.29204983
38,11.284967,247.42577,11.596982,247.82968,0.31201458,0.4039154,0.5103927
38,259.774,9.384288,259.51617,9.156005,-0.2578125,-0.22828293,0.34435502
38,1269.063,230.82904,1269.4832,230.82576,0.42016602,-0.0032806396,0.42017883
38,248.53258,-4.0131035,248.67992,-3.5377798,0.14733887,0.47532368,0.49763575
38,232.86705,39.714314,232.6722,39.48151,-0.19485474,-0.23280334,0.30358815
38,18.751669,269.57178,18.277313,269.25165,-0.4743557,-0.3201294,0.57227284
38,53.27102,233.34926,52.291626,233.7801,-0.979393,0.43084717,1.0699719
38,1020.0582,57.714382,1020.0459,57.650898,-0.012329102,-0.06348419,0.06467031
38,10.063612,249.29265,9.978372,250.07352,-0.085240364,0.78086853,0.7855072
38,235.28638,15.8355665,235.55873,16.101238,0.27235413,0.26567173,0.38047108
38,257.84167,10.735885,257.57703,10.614043,-0.26464844,-0.12184143,0.29134881
38,186.22456,92.505424,186.03856,92.18418,-0.18600464,-0.3212433,0.37120745
38,1041.475,66.015945,1041.487,66.04144,0.012084961,0.025497437,0.028216405
38,202.05835,53.67788,202.31883,53.860695,0.2604828,0.18281555,0.31823388
38,265.0761,2.58012,264.73822,2.3429751,-0.33789062,-0.23714495,0.4128048
38,28.242077,259.96075,28.186531,259.2677,-0.055545807,-0.6930542,0.69527656
38,200.00267,53.665527,200.36139,53.7796,0.35871887,0.11407089,0.3764192
38,11.6269455,244.65726,11.7793865,245.23544,0.15244102,0.57818604,0.59794426
38,194.64651,59.72822,194.70679,60.267162,0.060272217,0.5389404,0.5423002
38,261.20618,6.036003,260.8354,5.8994064,-0.37078857,-0.13659668,0.3951491
38,59.07493,223.81355,58.70514,223.48541,-0.36978912,-0.32814026,0.49438852
38,154.4153,104.53276,124.52772,134.72285,-29.88758,30.190094,42.48187
38,235.85033,39.503548,235.72586,39.102642,-0.12446594,-0.4009056,0.4197822
38,201.74777,74.94898,201.48102,74.78781,-0.26675415,-0.16117096,0.31166303
38,232.02342,42.8055,231.98918,42.315655,-0.034240723,-0.48984528,0.49104056
38,127.65738,128.88644,104.3043,152.73773,-23.35308,23.851288,33.380386
38,95.89876,160.31471,58.73771,198.28192,-37.16105,37.96721,53.12676
38,210.1896,68.72749,209.75331,68.66647,-0.43629456,-0.061019897,0.440541
38,192.2405,63.91109,192.46921,64.25307,0.22871399,0.34197617,0.41140953
38,194.81467,60.233482,194.91197,60.706776,0.0973053,0.4732933,0.48319235
38,1140.3256,134.09073,1139.7737,134.03944,-0.5518799,-0.05128479,0.5542577
38,1153.5457,148.12971,1154.1239,148.17523,0.5782471,0.045516968,0.58003575
38,219.88263,57.762524,219.29372,57.939262,-0.58891296,0.17673874,0.61486185
38,263.59375,1.6657429,263.2398,1.4462433,-0.35394287,-0.21949959,0.41648003
38,215.62689,38.7304,216.10416,38.705303,0.4772644,-0.025096893,0.4779238
38,197.52997,57.809235,197.64995,58.233135,0.11997986,0.4239006,0.44055292
38,217.27893,57.711597,216.74924,57.870537,-0.5296936,0.15893936,0.55302536
38,1264.7261,226.21683,1265.4796,226.59949,0.75354004,0.3826599,0.84513384
39,47.865864,240.75629,47.246784,240.65398,-0.6190796,-0.10231018,0.62747663
39,214.61989,63.789307,214.13774,63.786404,-0.48214722,-0.0029029846,0.48215595
39,248.7772,0.925231,248.8987,1.1121941,0.12149048,0.18696308,0.22296889
39,11.596982,247.82968,12.337717,247.69592,0.74073505,-0.13375854,0.75271493
39,259.51617,9.156005,259.3963,8.971868,-0.11987305,-0.18413734,0.21971825
39,1269.4832,230.82576,1269.9747,230.79358,0.49157715,-0.032180786,0.49262938
39,248.67992,-3.5377798,248.83156,-3.2388754,0.15164185,0.29890442,0.33517027
39,232.6722,39.48151,232.41962,39.38314,-0.25257874,-0.0983696,0.2710583
39,18.277313,269.25165,18.14508,268.89935,-0.13223267,-0.35229492,0.37629402
39,52.291626,233.7801,51.396866,234.06026,-0.89476013,0.28015137,0.9375929
39,1020.0459,57.650898,1020.0699,57.630154,0.023986816,-0.020744324,0.031712685
39,9.978372,250.07352,10.318123,250.3809,0.33975124,0.3073883,0.4581686
39,235.55873,16.101238,235.74629,16.31076,0.18756104,0.20952225,0.28120938
39,257.57703,10.614043,257.356,10.60941,-0.22103882,-0.00463295,0.22108737
39,186.03856,92.18418,185.79599,91.86704,-0.24256897,-0.31713867,0.39927015
39,1041.487,66.04144,1041.4849,66.06401,-0.0021972656,0.022567749,0.022674464
39,202.31883,53.860695,202.50713,54.106148,0.18829346,0.24545288,0.30935666
39,264.73822,2.3429751,264.59064,2.1958842,-0.14758301,-0.14709091,0.20836622
39,28.186531,259.2677,27.925922,259.02838,-0.26060867,-0.23931885,0.35382253
39,200.36139,53.7796,200.63274,53.971554,0.27134705,0.19195557,0.33237955
39,11.7793865,245.23544,12.238804,245.36137,0.45941734,0.12593079,0.4763642
39,194.70679,60.267162,194.82214,60.74359,0.115356445,0.476429,0.49019557
39,260.8354,5.8994064,260.64026,5.8014884,-0.1951294,-0.09791803,0.21831954
39,58.70514,223.48541,58.359734,223.15346,-0.34540558,-0.33195496,0.47906065
39,124.52772,134.72285,100.66883,158.75789,-23.858887,24.035034,33.866344
39,235.72586,39.102642,235.57481,38.818974,-0.15104675,-0.28366852,0.32137665
39,201.48102,74.78781,201.20682,74.66396,-0.27420044,-0.12384796,0.3008724
39,231.98918,42.315655,231.82455,42.00811,-0.16462708,-0.3075447,0.34883496
39,104.3043,152.73773,79.776054,177.44566,-24.528244,24.707932,34.815468
39,58.73771,198.28192,59.290756,198.32898,0.5530472,0.047058105,0.5550456
39,209.75331,68.66647,209.29533,68.64042,-0.4579773,-0.026054382,0.45871782
39,192.46921,64.25307,192.69217,64.59796,0.22296143,0.3448944,0.41068718
39,194.91197,60.706776,194.95346,61.24448,0.041488647,0.53770447,0.5393027
39,1139.7737,134.03944,1138.4927,133.12332,-1.2810059,-0.91612244,1.574883
39,1154.1239,148.17523,1154.2205,148.05914,0.09655762,-0.11608887,0.15099669
39,219.29372,57.939262,218.71951,58.043884,-0.5742035,0.10462189,0.5836569
39,263.2398,1.4462433,263.07785,1.3391008,-0.16195679,-0.10714245,0.19418935
39,216.10416,38.705303,216.52332,38.643066,0.41915894,-0.062236786,0.42375422
39,197.64995,58.233135,197.87283,58.55625,0.22288513,0.3231163,0.3925327
39,216.74924,57.870537,216.28741,58.000458,-0.4618225,0.12992096,0.4797494
39,1265.4796,226.59949,1266.0586,226.86389,0.5789795,0.2644043,0.63649577
40,47.246784,240.65398,46.97123,240.60059,-0.27555466,-0.053390503,0.28067937
40,214.13774,63.786404,213.87405,63.795177,-0.26368713,0.008773804,0.26383305
40,248.8987,1.1121941,249.06471,1.0947418,0.16601562,-0.01745224,0.16693042
40,12.337717,247.69592,13.036467,247.41104,0.69874954,-0.2848816,0.7545916
40,259.3963,8.971868,259.465,8.712839,0.06869507,-0.25902843,0.26798272
40,1269.9747,230.79358,1270.1119,230.78429,0.13720703,-0.009292603,0.13752136
40,248.83156,-3.2388754,249.0574,-3.1761665,0.22584534,0.062708855,0.23438968
40,232.41962,39.38314,232.36473,39.24848,-0.054885864,-0.13465881,0.14541477
40,18.14508,268.89935,17.926077,268.7736,-0.21900368,-0.12576294,0.2525449
40,51.396866,234.06026,50.989388,234.25792,-0.40747833,0.19766235,0.45288962
40,1020.0699,57.630154,1020.16156,57.604733,0.091674805,-0.025421143,0.09513414
40,10.318123,250.3809,10.681805,250.45155,0.3636818,0.07064819,0.37048027
40,235.74629,16.31076,235.90408,16.402832,0.15779114,0.09207153,0.18268883
40,257.356,10.60941,257.43475,10.392918,0.07876587,-0.21649265,0.23037606
40,185.79599,91.86704,185.75638,91.686295,-0.039611816,-0.18074799,0.18503764
40,1041.4849,66.06401,1041.4419,66.08855,-0.04296875,0.024536133,0.049480654
40,202.50713,54.106148,202.68883,54.294937,0.18170166,0.18878937,0.26202467
40,264.59064,2.1958842,264.75027,1.7831984,0.15963745,-0.41268587,0.44248587
40,27.925922,259.02838,27.867645,258.8149,-0.05827713,-0.21347046,0.2212823
40,200.63274,53.971554,200.94902,54.032234,0.31628418,0.06068039,0.32205245
40,12.238804,245.36137,12.758543,245.26476,0.51973915,-0.09661865,0.5286435
40,194.82214,60.74359,194.85866,61.105053,0.036514282,0.36146164,0.36330128
40,260.64026,5.8014884,260.72845,5.480761,0.0881958,-0.32072735,0.33263272
40,58.359734,223.15346,58.26557,222.90826,-0.09416199,-0.24519348,0.2626525
40,100.66883,158.75789,76.479485,183.11108,-24.189346,24.353195,34.324955
40,235.57481,38.818974,235.54242,38.58288,-0.03239441,-0.23609543,0.23830748
40,201.20682,74.66396,201.15999,74.610504,-0.046829224,-0.053459167,0.07106939
40,231.82455,42.00811,231.90395,41.69423,0.07939148,-0.31388092,0.32376572
40,79.776054,177.44566,79.75498,178.00836,-0.021072388,0.56269836,0.56309277
40,59.290756,198.32898,59.652763,198.53404,0.36200714,0.20506287,0.41605282
40,209.29533,68.64042,209.06462,68.62164,-0.23071289,-0.01877594,0.23147564
40,192.69217,64.59796,192.70645,64.96215,0.014282227,0.36418915,0.36446908
40,194.95346,61.24448,195.00778,61.554054,0.05432129,0.30957413,0.3143039
40,1138.4927,133.12332,1138.5165,133.31378,0.023803711,0.1904602,0.19194193
40,1154.2205,148.05914,1154.3296,148.07578,0.10913086,0.01663208,0.11039099
40,218.71951,58.043884,218.46901,58.106552,-0.25050354,0.06266785,0.25822333
40,263.07785,1.3391008,263.2226,0.9837923,0.14474487,-0.35530853,0.38366032
40,216.52332,38.643066,216.74939,38.707474,0.22607422,0.06440735,0.2350699
40,197.87283,58.55625,198.11124,58.707115,0.23840332,0.15086365,0.2821276
40,216.28741,58.000458,216.11069,58.054092,-0.1767273,0.053634644,0.1846868
40,1266.0586,226.86389,1266.4365,227.12067,0.3779297,0.2567749,0.4569072
41,46.97123,240.60059,47.061634,240.30319,0.09040451,-0.2973938,0.31083122
41,213.87405,63.795177,213.71953,63.63596,-0.15452576,-0.15921783,0.22187503
41,249.06471,1.0947418,249.14467,1.188345,0.079956055,0.093603134,0.123103686
41,13.036467,247.41104,13.383285,247.69485,0.34681797,0.28381348,0.44814372
41,259.465,8.712839,259.35608,8.675298,-0.10891724,-0.03754139,0.115205556
41,1270.1119,230.78429,1271.0483,230.32689,0.93640137,-0.45739746,1.042142
41,249.0574,-3.1761665,249.19678,-3.0512896,0.13937378,0.124876976,0.18713446
41,232.36473,39.24848,232.2265,39.278923,-0.13822937,0.030441284,0.14154162
41,17.926077,268.7736,18.041729,268.4615,0.115652084,-0.31210327,0.33284208
41,50.989388,234.25792,50.931915,234.17068,-0.05747223,-0.0872345,0.104464896
41,1020.16156,57.604733,1019.86554,57.13605,-0.2960205,-0.46868134,0.55433774
41,10.681805,250.45155,10.868778,250.94504,0.18697357,0.4934845,0.52771777
41,235.90408,16.402832,236.02968,16.492418,0.1255951,0.08958626,0.15427192
41,257.43475,10.392918,257.36194,10.354422,-0.07281494,-0.038496017,0.08236479
41,185.75638,91.686295,185.74832,91.49187,-0.008056641,-0.19442749,0.19459434
41,1041.4419,66.08855,1042.3833,65.941315,0.94140625,-0.14723206,0.9528499
41,202.68883,54.294937,202.78008,54.425236,0.09124756,0.13029861,0.15907183
41,264.75027,1.7831984,264.607,1.7320938,-0.14328003,-0.051104546,0.15212114
41,27.867645,258.8149,28.046339,258.44897,0.17869377,-0.36593628,0.4072356
41,200.94902,54.032234,201.21887,53.996674,0.26985168,-0.035560608,0.27218467
41,12.758543,245.26476,13.087822,245.54823,0.32927895,0.28347778,0.43449312
41,194.85866,61.105053,194.97392,61.287403,0.11526489,0.18235016,0.21572569
41,260.72845,5.480761,260.60458,5.444137,-0.12387085,-0.036623955,0.1291716
41,58.26557,222.90826,58.201572,222.76672,-0.063999176,-0.14154053,0.15533711
41,76.479485,183.11108,76.69796,183.26172,0.21847534,0.15063477,0.265372
41,235.54242,38.58288,235.4513,38.52897,-0.09112549,-0.0539093,0.10587761
41,201.15999,74.610504,201.02567,74.51422,-0.13432312,-0.09628296,0.16526678
41,231.90395,41.69423,231.78278,41.685883,-0.121170044,-0.008346558,0.12145717
41,79.75498,178.00836,79.64127,178.46106,-0.113708496,0.45269775,0.46675998
41,59.652763,198.53404,59.97598,198.48802,0.32321548,-0.046020508,0.32647532
41,209.06462,68.62164,208.86748,68.49378,-0.19714355,-0.12786102,0.23497665
41,192.70645,64.96215,192.80426,65.154015,0.09780884,0.19186401,0.21535636
41,195.00778,61.554054,195.08894,61.773304,0.0811615,0.21924973,0.23378971
41,1138.5165,133.31378,1139.0077,133.26309,0.49121094,-0.050689697,0.49381945
41,1154.3296,148.07578,1155.3923,147.92628,1.0627441,-0.14949036,1.0732065
41,218.46901,58.106552,218.23822,58.039463,-0.23078918,-0.06708908,0.24034266
41,263.2226,0.9837923,263.0515,0.98315144,-0.17108154,-0.00064086914,0.17108274
41,216.74939,38.707474,216.87514,38.759308,0.12574768,0.051834106,0.13601196
41,198.11124,58.707115,198.34686,58.73949,0.23562622,0.032375336,0.23784003
41,216.11069,58.054092,215.94878,57.983696,-0.16191101,-0.07039642,0.17655264
41,1266.4365,227.12067,1267.6517,226.95302,1.21521,-0.16764832,1.2267197
42,47.061634,240.30319,47.07442,240.30115,0.012786865,-0.0020446777,0.01294931
42,213.71953,63.63596,213.99208,63.57133,0.2725525,-0.0646286,0.28011018
42,249.14467,1.188345,249.64896,0.8791361,0.5042877,-0.30920887,0.5915372
42,13.383285,247.69485,13.5178,247.75311,0.13451576,0.058258057,0.14658953
42,259.35608,8.675298,259.64398,8.479998,0.28790283,-0.1953001,0.34789392
42,1271.0483,230.32689,1271.1118,230.31882,0.06347656,-0.008071899,0.063987724
42,249.19678,-3.0512896,249.50334,-3.1835775,0.30656433,-0.13228798,0.33388892
42,232.2265,39.278923,232.3787,39.224644,0.15219116,-0.054279327,0.16158092
42,18.041729,268.4615,18.021963,268.55142,-0.019765854,0.0899353,0.09208174
42,50.931915,234.17068,50.92284,234.2438,-0.009075165,0.07312012,0.07368114
42,1019.86554,57.13605,1020.9727,57.17876,1.1071777,0.04270935,1.1080012
42,10.868778,250.94504,11.0131855,251.02054,0.14440727,0.07550049,0.16295332
42,236.02968,16.492418,236.48691,16.395657,0.4572296,-0.0967617,0.46735615
42,257.36194,10.354422,257.7149,10.098754,0.3529663,-0.2556677,0.4358339
42,185.74832,91.49187,185.65019,91.50776,-0.09812927,0.015892029,0.0994078
42,1042.3833,65.941315,1042.4559,65.85505,0.072631836,-0.086265564,0.11277026
42,202.78008,54.425236,203.3909,54.426003,0.6108246,0.00076675415,0.61082506
42,264.607,1.7320938,264.7962,1.6503935,0.18920898,-0.081700325,0.2060946
42,28.046339,258.44897,28.063541,258.52255,0.017202377,0.07357788,0.07556207
42,201.21887,53.996674,201.82497,53.99037,0.60609436,-0.00630188,0.60612714
42,13.087822,245.54823,13.177907,245.63203,0.09008503,0.08380127,0.123036444
42,194.97392,61.287403,195.40947,61.37106,0.43554688,0.08365631,0.44350812
42,260.60458,5.444137,260.87946,5.249396,0.27487183,-0.19474125,0.33686596
42,58.201572,222.76672,58.546776,222.44223,0.3452034,-0.3244934,0.47377354
42,76.69796,183.26172,77.00846,183.3319,0.3105011,0.07017517,0.31833234
42,235.4513,38.52897,235.63744,38.402573,0.18614197,-0.12639618,0.2249996
42,201.02567,74.51422,201.12343,74.48839,0.09776306,-0.02583313,0.10111857
42,231.78278,41.685883,231.96326,41.57941,0.18048096,-0.106472015,0.20954633
42,79.64127,178.46106,79.51838,178.87337,-0.12289429,0.41230774,0.4302333
42,59.97598,198.48802,60.27629,198.46516,0.30031204,-0.022857666,0.30118066
42,208.86748,68.49378,209.13144,68.39471,0.2639618,-0.09907532,0.28194278
42,192.80426,65.154015,193.21217,65.16644,0.4079132,0.012428284,0.4081025
42,195.08894,61.773304,195.47287,61.89348,0.3839264,0.12017441,0.4022951
42,1139.0077,133.26309,1138.4418,132.54413,-0.56591797,-0.7189636,0.91497093
42,1155.3923,147.92628,1155.4915,147.94629,0.099121094,0.020004272,0.10111954
42,218.23822,58.039463,218.5154,57.978527,0.2771759,-0.060935974,0.28379512
42,263.0515,0.98315144,263.25208,0.8652258,0.20056152,-0.117925644,0.23266152
42,216.87514,38.759308,217.21902,38.7676,0.34388733,0.008293152,0.34398732
42,198.34686,58.73949,198.8548,58.783405,0.5079346,0.043914795,0.5098294
42,215.94878,57.983696,216.3,57.88937,0.3512268,-0.09432602,0.36367247
42,1267.6517,226.95302,1267.7064,226.93422,0.0546875,-0.018798828,0.057828356
43,47.07442,240.30115,46.856518,240.23569,-0.21790314,-0.065460205,0.22752322
43,213.99208,63.57133,213.93394,63.49168,-0.058135986,-0.07965088,0.098610625
43,249.64896,0.8791361,249.62332,0.87097836,-0.025634766,-0.00815773,0.026901484
43,13.5178,247.75311,13.610052,247.60742,0.09225178,-0.14569092,0.17244197
43,259.64398,8.479998,259.5971,8.390901,-0.046875,-0.08909702,0.10067545
43,1271.1118,230.31882,1271.2285,230.28268,0.11669922,-0.036132812,0.122165
43,249.50334,-3.1835775,249.49245,-3.1721973,-0.010894775,0.011380196,0.015754523
43,232.3787,39.224644,232.3807,39.184418,0.0020141602,-0.040225983,0.04027638
43,18.021963,268.55142,17.846712,268.41742,-0.175251,-0.13400269,0.22061196
43,50.92284,234.2438,50.67524,234.26904,-0.24760056,0.025238037,0.24888349
43,1020.9727,57.17876,1021.17926,57.164806,0.20654297,-0.013954163,0.2070138
43,11.0131855,251.02054,11.090056,250.90627,0.07687092,-0.11427307,0.13772245
43,236.48691,16.395657,236.42543,16.42827,-0.06147766,0.032613754,0.06959281
43,257.7149,10.098754,257.66647,10.025458,-0.048431396,-0.07329559,0.08785126
43,185.65019,91.50776,185.65422,91.45579,0.0040283203,-0.051971436,0.05212732
43,1042.4559,65.85505,1042.6211,65.80973,0.16516113,-0.045318604,0.1712658
43,203.3909,54.426003,203.36096,54.445675,-0.029937744,0.019672394,0.03582278
43,264.7962,1.6503935,264.7422,1.5825529,-0.054016113,-0.067840576,0.08671842
43,28.063541,258.52255,28.016045,258.29535,-0.047496796,-0.22720337,0.23211488
43,201.82497,53.99037,201.8084,53.995705,-0.016571045,0.005332947,0.01740804
43,13.177907,245.63203,13.288469,245.48828,0.110562325,-0.14375305,0.18135315
43,195.40947,61.37106,195.41534,61.35091,0.005874634,-0.020149231,0.020988159
43,260.87946,5.249396,260.84058,5.1650987,-0.038879395,-0.08429718,0.09283115
43,58.546776,222.44223,58.445377,222.32185,-0.10139847,-0.12037659,0.15739177
43,77.00846,183.3319,77.08697,183.32762,0.07850647,-0.004272461,0.07862264
43,235.63744,38.402573,235.67418,38.33241,0.036743164,-0.07016373,0.07920233
43,201.12343,74.48839,201.02992,74.374504,-0.09350586,-0.11388397,0.147353
43,231.96326,41.57941,231.98119,41.501724,0.017929077,-0.07768631,0.07972838
43,79.51838,178.87337,79.51173,178.955,-0.006652832,0.08163452,0.081905164
43,60.27629,198.46516,60.31121,198.42781,0.03491974,-0.037353516,0.051133875
43,209.13144,68.39471,209.05783,68.31436,-0.0736084,-0.080345154,0.10896577
43,193.21217,65.16644,193.1954,65.167206,-0.01676941,0.00076293945,0.016786756
43,195.47287,61.89348,195.4614,61.889294,-0.011474609,-0.004184723,0.012213868
43,1138.4418,132.54413,1138.3014,132.55518,-0.14038086,0.011047363,0.14081489
43,1155.4915,147.94629,1155.9154,148.07158,0.4239502,0.12528992,0.44207618
43,218.5154,57.978527,218.49493,57.88688,-0.020462036,-0.0916481,0.09390458
43,263.25208,0.8652258,263.20752,0.783576,-0.044555664,-0.08164978,0.09301556
43,217.21902,38.7676,217.19055,38.786545,-0.0284729,0.018943787,0.03419902
43,198.8548,58.783405,198.8819,58.73036,0.02709961,-0.05304718,0.059568383
43,216.3,57.88937,216.27261,57.81059,-0.027389526,-0.07878113,0.083406545
43,1267.7064,226.93422,1267.86,226.98798,0.15356445,0.053756714,0.16270165
44,46.856518,240.23569,46.924362,240.16756,0.06784439,-0.06813049,0.096148975
44,213.93394,63.49168,213.84238,63.343468,-0.09156799,-0.14821243,0.17421716
44,249.62332,0.87097836,249.61615,0.8730278,-0.007171631,0.002049446,0.007458721
44,13.610052,247.60742,13.83592,247.32806,0.22586823,-0.2793579,0.35924545
44,259.5971,8.390901,259.56003,8.388911,-0.037078857,-0.0019893646,0.037132185
44,1271.2285,230.28268,1271.2578,230.18333,0.029296875,-0.099349976,0.10357956
44,249.49245,-3.1721973,249.46416,-3.147788,-0.028289795,0.024409294,0.03736477
44,232.3807,39.184418,232.37604,39.186188,-0.0046691895,0.0017700195,0.0049934257
44,17.846712,268.41742,17.843647,268.37955,-0.0030651093,-0.037872314,0.037996147
44,50.67524,234.26904,50.7376,234.19266,0.062358856,-0.0763855,0.09860715
44,1021.17926,57.164806,1021.1234,57.11881,-0.055847168,-0.04599762,0.072351135
44,11.090056,250.90627,11.38825,250.54869,0.29819393,-0.35757446,0.46559542
44,236.42543,16.42827,236.47017,16.325142,0.04473877,-0.10312843,0.112414554
44,257.66647,10.025458,257.62964,10.031199,-0.036834717,0.0057411194,0.037279442
44,185.65422,91.45579,185.61043,91.404755,-0.043792725,-0.05103302,0.06724709
44,1042.6211,65.80973,1042.5004,65.70688,-0.12072754,-0.10285187,0.158599
44,203.36096,54.445675,203.19185,54.192398,-0.16911316,-0.25327682,0.30454624
44,264.7422,1.5825529,264.67383,1.5946693,-0.068359375,0.012116432,0.06942487
44,28.016045,258.29535,27.947601,258.22253,-0.0684433,-0.07281494,0.099932484
44,201.8084,53.995705,201.59113,53.776867,-0.2172699,-0.21883774,0.30837667
44,13.288469,245.48828,13.455589,245.27068,0.16711998,-0.21760559,0.27437437
44,195.41534,61.35091,195.25648,61.136192,-0.15885925,-0.21471786,0.26709554
44,260.84058,5.1650987,260.79803,5.1602964,-0.042541504,-0.004802227,0.04281169
44,58.445377,222.32185,58.393677,222.36218,-0.051700592,0.04032898,0.06556964
44,77.08697,183.32762,76.711754,183.64127,-0.37521362,0.3136444,0.4890379
44,235.67418,38.33241,235.63046,38.348915,-0.04371643,0.016506195,0.0467288
44,201.02992,74.374504,201.05463,74.05656,0.02470398,-0.3179474,0.31890568
44,231.98119,41.501724,231.99625,41.515846,0.015060425,0.014122009,0.020645764
44,79.51173,178.955,79.12757,179.30573,-0.38415527,0.35072327,0.52017504
44,60.31121,198.42781,60.374523,198.31754,0.06331253,-0.11027527,0.12715782
44,209.05783,68.31436,209.00496,68.108055,-0.052871704,-0.20630646,0.21297364
44,193.1954,65.167206,193.13815,64.98567,-0.057250977,-0.18153381,0.19034758
44,195.4614,61.889294,195.3026,61.69027,-0.15879822,-0.1990242,0.25461245
44,1138.3014,132.55518,1138.4612,132.53499,0.15979004,-0.020187378,0.1610602
44,1155.9154,148.07158,1155.7521,147.85564,-0.16333008,-0.21594238,0.2707542
44,218.49493,57.88688,218.58522,57.727394,0.090286255,-0.15948486,0.18326765
44,263.20752,0.783576,263.15195,0.7726383,-0.05557251,-0.010937691,0.05663865
44,217.19055,38.786545,217.1342,38.852703,-0.056350708,0.066158295,0.08690409
44,198.8819,58.73036,198.67026,58.456314,-0.2116394,-0.27404404,0.34625334
44,216.27261,57.81059,216.3201,57.651814,0.04748535,-0.15877533,0.16572405
44,1267.86,226.98798,1267.8918,226.96686,0.03186035,-0.021118164,0.0382238
45,46.924362,240.16756,46.947147,239.98509,0.022785187,-0.1824646,0.18388173
45,213.84238,63.343468,213.93489,63.21807,0.09251404,-0.12539673,0.15583064
45,249.61615,0.8730278,249.61964,0.8699417,0.0034942627,-0.00308609,0.004661955
45,13.83592,247.32806,13.832887,247.33093,-0.003033638,0.0028686523,0.0041751796
45,259.56003,8.388911,259.5633,8.384562,0.0032653809,-0.0043497086,0.005438996
45,1271.2578,230.18333,1271.8507,230.12883,0.5928955,-0.054504395,0.5953955
45,249.46416,-3.147788,249.46265,-3.1453161,-0.0015106201,0.0024719238,0.0028969606
45,232.37604,39.186188,232.38008,39.183952,0.004043579,-0.0022354126,0.0046203462
45,17.843647,268.37955,17.796696,268.4536,-0.046951294,0.07406616,0.0876939
45,50.7376,234.19266,50.80411,233.9415,0.06651306,-0.25115967,0.25981757
45,1021.1234,57.11881,1021.06885,56.99788,-0.05456543,-0.12092972,0.1326702
45,11.38825,250.54869,11.391534,250.54544,0.0032835007,-0.003250122,0.004620029
45,236.47017,16.325142,236.45766,16.308949,-0.012512207,-0.01619339,0.020464145
45,257.62964,10.031199,257.63058,10.030653,0.0009460449,-0.0005464554,0.0010925266
45,185.61043,91.404755,185.44131,91.557495,-0.16911316,0.15274048,0.22787917
45,1042.5004,65.70688,1043.0496,65.57562,0.54919434,-0.1312561,0.56466144
45,203.19185,54.192398,203.18602,54.191013,-0.0058288574,-0.0013847351,0.0059910826
45,264.67383,1.5946693,264.67142,1.5978107,-0.0024108887,0.0031414032,0.003959899
45,27.947601,258.22253,27.86818,258.3348,-0.079422,0.11227417,0.1375258
45,201.59113,53.776867,201.58484,53.77506,-0.006286621,-0.0018081665,0.006541488
45,13.455589,245.27068,13.4535,245.27254,-0.0020895004,0.0018615723,0.002798475
45,195.25648,61.136192,195.32788,61.052963,0.071395874,-0.083229065,0.10965604
45,260.79803,5.1602964,260.79782,5.160549,-0.00021362305,0.0002527237,0.000330914
45,58.393677,222.36218,58.37675,222.32889,-0.016925812,-0.033294678,0.037349947
45,76.711754,183.64127,76.70609,183.64687,-0.0056610107,0.0055999756,0.007962837
45,235.63046,38.348915,235.62267,38.357628,-0.007797241,0.008712769,0.011692275
45,201.05463,74.05656,200.91237,74.16469,-0.14225769,0.10813141,0.1786887
45,231.99625,41.515846,231.99905,41.511578,0.0028076172,-0.0042686462,0.005109213
45,79.12757,179.30573,79.080986,179.30737,-0.046585083,0.0016479492,0.046614222
45,60.374523,198.31754,60.374176,198.31795,-0.00034713745,0.0004119873,0.00053873734
45,209.00496,68.108055,209.054,68.00727,0.049041748,-0.1007843,0.11208286
45,193.13815,64.98567,193.17802,64.90294,0.039871216,-0.082733154,0.09183947
45,195.3026,61.69027,195.34424,61.638966,0.041641235,-0.051303864,0.06607631
45,1138.4612,132.53499,1139.1079,132.5419,0.6467285,0.0069122314,0.6467655
45,1155.7521,147.85564,1156.4644,147.76276,0.7122803,-0.09288025,0.7183105
45,218.58522,57.727394,218.71117,57.562107,0.12594604,-0.16528702,0.20780328
45,263.15195,0.7726383,263.14972,0.7749367,-0.0022277832,0.002298355,0.003200852
45,217.1342,38.852703,217.09015,38.85552,-0.044052124,0.0028152466,0.04414199
45,198.67026,58.456314,198.66379,58.44175,-0.0064697266,-0.014564514,0.015936827
45,216.3201,57.651814,216.44753,57.487858,0.12742615,-0.16395569,0.20765088
45,1267.8918,226.96686,1268.4298,226.86703,0.53796387,-0.099823,0.5471469
46,46.947147,239.98509,46.845875,240.11827,-0.10127258,0.13317871,0.16731021
46,213.93489,63.21807,213.91626,63.22028,-0.018630981,0.0022087097,0.018761447
46,249.61964,0.8699417,249.60886,0.8497772,-0.010787964,-0.02016449,0.022868905
46,13.832887,247.33093,13.8361225,247.32768,0.003235817,-0.003250122,0.0045862626
46,259.5633,8.384562,259.33768,8.520692,-0.22561646,0.13613033,0.26350382
46,1271.8507,230.12883,1271.8866,230.13487,0.035888672,0.0060424805,0.036393795
46,249.46265,-3.1453161,249.45995,-3.1344948,-0.0027008057,0.0108213425,0.011153286
46,232.38008,39.183952,232.36415,39.209534,-0.015930176,0.02558136,0.030135967
46,17.796696,268.4536,17.798683,268.4514,0.0019874573,-0.0022277832,0.0029854656
46,50.80411,233.9415,50.687923,234.09808,-0.11618805,0.1565857,0.19498394
46,1021.06885,56.99788,1021.0691,56.99756,0.00024414062,-0.00032043457,0.00040284358
46,11.391534,250.54544,11.390318,250.54712,-0.0012159348,0.0016784668,0.0020726186
46,236.45766,16.308949,236.45277,16.314365,-0.0048828125,0.00541687,0.0072927596
46,257.63058,10.030653,257.39868,10.195146,-0.23190308,0.1644926,0.28431824
46,185.44131,91.557495,185.18372,91.671455,-0.25759888,0.113960266,0.28168088
46,1043.0496,65.57562,1042.8765,65.56727,-0.1730957,-0.008354187,0.17329718
46,203.18602,54.191013,203.16008,54.203686,-0.025939941,0.012672424,0.028869895
46,264.67142,1.5978107,264.30753,1.8113947,-0.3638916,0.21358395,0.42194217
46,27.86818,258.3348,27.862915,258.34106,-0.005264282,0.0062561035,0.008176276
46,201.58484,53.77506,201.55775,53.798668,-0.02708435,0.023609161,0.035929855
46,13.4535,245.27254,13.445759,245.28038,-0.0077409744,0.007843018,0.011019782
46,195.32788,61.052963,195.295,61.092567,-0.03288269,0.039604187,0.05147585
46,260.79782,5.160549,260.5138,5.3411336,-0.2840271,0.18058443,0.3365741
46,58.37675,222.32889,58.37353,222.33243,-0.0032196045,0.003540039,0.0047851573
46,76.70609,183.64687,76.72427,183.62016,0.018180847,-0.02670288,0.032304596
46,235.62267,38.357628,235.601,38.39099,-0.02166748,0.033363342,0.03978181
46,200.91237,74.16469,200.85362,74.20962,-0.058746338,0.044929504,0.07395805
46,231.99905,41.511578,231.97472,41.547264,-0.024337769,0.035686493,0.043195516
46,79.080986,179.30737,79.09343,179.29953,0.0124435425,-0.007843018,0.014709
46,60.374176,198.31795,60.383335,198.30876,0.009159088,-0.009185791,0.012971803
46,209.054,68.00727,209.03775,68.01196,-0.01625061,0.0046920776,0.01691443
46,193.17802,64.90294,193.15771,64.930115,-0.020309448,0.027175903,0.033926442
46,195.34424,61.638966,195.30588,61.684402,-0.038360596,0.04543686,0.05946464
46,1139.1079,132.5419,1138.9963,132.44534,-0.111572266,-0.09655762,0.1475525
46,1156.4644,147.76276,1156.4498,147.79189,-0.014526367,0.029129028,0.0325502
46,218.71117,57.562107,218.67726,57.59113,-0.03390503,0.029022217,0.044630036
46,263.14972,0.7749367,262.7699,1.0065641,-0.37982178,0.23162746,0.44487736
46,217.09015,38.85552,217.07664,38.875618,-0.013504028,0.02009964,0.024214754
46,198.66379,58.44175,198.66484,58.443314,0.0010528564,0.0015640259,0.0018853869
46,216.44753,57.487858,216.40564,57.52192,-0.041885376,0.034061432,0.05398672
46,1268.4298,226.86703,1268.4862,226.87943,0.056396484,0.012390137,0.057741486
47,46.845875,240.11827,46.73022,240.32,-0.11565399,0.20173645,0.23253697
47,213.91626,63.22028,213.63551,63.461563,-0.28074646,0.24128342,0.3701841
47,249.60886,0.8497772,249.22159,1.2249641,-0.38726807,0.37518692,0.5392048
47,13.8361225,247.32768,14.6514015,246.3844,0.815279,-0.9432831,1.246781
47,259.33768,8.520692,259.2932,8.398244,-0.04446411,-0.12244797,0.1302711
47,1271.8866,230.13487,1271.626,230.32312,-0.26062012,0.18824768,0.32149655
47,249.45995,-3.1344948,249.00197,-2.746889,-0.4579773,0.38760567,0.59998447
47,232.36415,39.209534,231.74713,39.728775,-0.61701965,0.51924133,0.8064272
47,17.798683,268.4514,17.322998,268.7408,-0.47568512,0.2894287,0.5568171
47,50.687923,234.09808,50.4641,234.49792,-0.22382355,0.3998413,0.4582249
47,1021.0691,56.99756,1021.0055,57.229137,-0.06359863,0.23157883,0.24015316
47,11.390318,250.54712,11.807853,250.06125,0.41753483,-0.48587036,0.6406289
47,236.45277,16.314365,236.13599,16.585438,-0.31678772,0.2710724,0.4169349
47,257.39868,10.195146,257.30606,10.159568,-0.09262085,-0.035577774,0.09921895
47,185.18372,91.671455,184.98318,91.791824,-0.200531,0.12036896,0.23388323
47,1042.8765,65.56727,1042.725,65.780075,-0.15148926,0.2128067,0.26121962
47,203.16008,54.203686,202.7943,54.60556,-0.3657837,0.40187454,0.5434159
47,264.30753,1.8113947,264.44284,1.5761681,0.13531494,-0.23522663,0.27137005
47,27.862915,258.34106,27.42775,258.6787,-0.4351654,0.33764648,0.55079406
47,201.55775,53.798668,201.22018,54.213345,-0.3375702,0.41467667,0.5347059
47,13.445759,245.28038,13.913383,244.69792,0.4676237,-0.5824585,0.746947
47,195.295,61.092567,195.22691,61.354992,-0.06808472,0.26242447,0.27111277
47,260.5138,5.3411336,260.5657,5.1445518,0.0519104,-0.19658184,0.20332022
47,58.37353,222.33243,58.605366,222.15552,0.23183441,-0.1769104,0.2916239
47,76.72427,183.62016,76.69274,183.58846,-0.031532288,-0.031707764,0.04471764
47,235.601,38.39099,235.11905,38.760056,-0.48194885,0.36906433,0.6070282
47,200.85362,74.20962,200.93713,74.15078,0.08351135,-0.05883789,0.10215695
47,231.97472,41.547264,231.44142,41.966652,-0.5332947,0.41938782,0.6784463
47,79.09343,179.29953,79.42044,179.02155,0.3270111,-0.27798462,0.42919892
47,60.383335,198.30876,60.19793,198.49158,-0.18540573,0.18281555,0.2603782
47,209.03775,68.01196,208.83894,68.2646,-0.19880676,0.25263977,0.32148248
47,193.15771,64.930115,193.12013,65.14134,-0.037582397,0.21122742,0.21454477
47,195.30588,61.684402,195.27638,61.899223,-0.02949524,0.21482086,0.21683629
47,1138.9963,132.44534,1139.2598,133.06097,0.26342773,0.6156311,0.6696236
47,1156.4498,147.79189,1155.5453,147.82957,-0.904541,0.03768921,0.9053259
47,218.67726,57.59113,218.1713,58.021183,-0.5059662,0.4300537,0.66403913
47,262.7699,1.0065641,262.93597,0.7371807,0.16607666,-0.26938343,0.31646308
47,217.07664,38.875618,216.6513,39.229218,-0.42533875,0.35359955,0.5531236
47,198.66484,58.443314,198.52638,58.7874,-0.13845825,0.3440857,0.37089846
47,216.40564,57.52192,215.8531,57.97723,-0.552536,0.45531082,0.71596366
47,1268.4862,226.87943,1268.14,227.13179,-0.3461914,0.2523651,0.42841178
48,46.73022,240.32,46.6761,239.93895,-0.05411911,-0.38105774,0.38488165
48,213.63551,63.461563,213.9233,63.116497,0.28778076,-0.34506607,0.44931987
48,249.22159,1.2249641,249.21536,1.2352467,-0.006225586,0.0102825165,0.012020319
48,14.6514015,246.3844,15.192057,245.93526,0.54065514,-0.44914246,0.7028776
48,259.2932,8.398244,259.39886,8.28529,0.105651855,-0.11295414,0.154664
48,1271.626,230.32312,1272.091,230.15634,0.46496582,-0.16677856,0.49397197
48,249.00197,-2.746889,248.99977,-2.7470446,-0.0021972656,-0.00015544891,0.0022027574
48,231.74713,39.728775,232.12415,39.292442,0.37701416,-0.4363327,0.5766506
48,17.322998,268.7408,17.558777,268.39014,0.23577881,-0.3506775,0.42257112
48,50.4641,234.49792,50.275986,234.1548,-0.18811417,-0.3431244,0.39130715
48,1021.0055,57.229137,1021.4891,56.976006,0.48358154,-0.25313187,0.54582673
48,11.807853,250.06125,12.487804,249.42236,0.67995167,-0.6388855,0.9330107
48,236.13599,16.585438,236.16103,16.5733,0.025039673,-0.012138367,0.027826698
48,257.30606,10.159568,257.3949,10.067294,0.08883667,-0.09227371,0.12808743
48,184.98318,91.791824,184.53716,92.1856,-0.44602966,0.39377594,0.5949806
48,1042.725,65.780075,1043.237,65.530655,0.51208496,-0.24942017,0.5695976
48,202.7943,54.60556,203.22235,54.238598,0.4280548,-0.36696243,0.5638194
48,264.44284,1.5761681,264.64786,1.3583012,0.20501709,-0.2178669,0.29916215
48,27.42775,258.6787,27.658787,258.30652,0.23103714,-0.37219238,0.43807
48,201.22018,54.213345,201.65384,53.805748,0.4336548,-0.4075966,0.59513986
48,13.913383,244.69792,14.380585,244.34969,0.4672022,-0.34823608,0.582706
48,195.22691,61.354992,195.858,60.71301,0.63108826,-0.64198303,0.9002303
48,260.5657,5.1445518,260.72314,4.977764,0.15744019,-0.16678762,0.22935894
48,58.605366,222.15552,58.348473,221.85672,-0.25689316,-0.2987976,0.39404833
48,76.69274,183.58846,76.47773,183.85645,-0.2150116,0.2679901,0.34358215
48,235.11905,38.760056,235.4058,38.37847,0.28675842,-0.38158417,0.4773226
48,200.93713,74.15078,201.12418,73.90376,0.18704224,-0.2470169,0.30984214
48,231.44142,41.966652,231.76535,41.55007,0.32392883,-0.4165802,0.52770156
48,79.42044,179.02155,78.90454,179.57562,-0.51589966,0.55407715,0.75706935
48,60.19793,198.49158,60.8175,197.92123,0.6195717,-0.570343,0.84211653
48,208.83894,68.2646,209.1671,67.84868,0.32815552,-0.41592407,0.52979136
48,193.12013,65.14134,193.71948,64.53594,0.59935,-0.6054001,0.85189766
48,195.27638,61.899223,195.84639,61.34026,0.5700073,-0.5589638,0.79834133
48,1139.2598,133.06097,1139.9938,133.03384,0.7340088,-0.027130127,0.73451
48,1155.5453,147.82957,1156.0232,147.60309,0.47790527,-0.2264862,0.52885675
48,218.1713,58.021183,218.59297,57.520786,0.42167664,-0.5003967,0.6543761
48,262.93597,0.7371807,263.14313,0.5233393,0.20715332,-0.21384144,0.29772583
48,216.6513,39.229218,217.07137,38.857304,0.4200592,-0.3719139,0.5610434
48,198.52638,58.7874,199.04623,58.30636,0.5198517,-0.48104095,0.70826983
48,215.8531,57.97723,216.342,57.458313,0.4888916,-0.5189171,0.71294457
48,1268.14,227.13179,1268.8387,226.99266,0.69873047,-0.13912964,0.71244746
49,46.6761,239.93895,46.303246,240.14857,-0.37285614,0.20962524,0.42774343
49,213.9233,63.116497,213.81987,63.2219,-0.10342407,0.1054039,0.14767031
49,249.21536,1.2352467,249.35242,1.283843,0.13705444,0.048596382,0.14541502
49,15.192057,245.93526,15.354046,246.06944,0.16198921,0.13418579,0.21034811
49,259.39886,8.28529,259.3954,8.174695,-0.003479004,-0.11059475,0.11064946
49,1272.091,230.15634,1272.2394,230.31572,0.1484375,0.15937805,0.2177959
49,248.99977,-2.7470446,249.13376,-2.6100502,0.13398743,0.13699436,0.19162485
49,232.12415,39.292442,232.14024,39.236507,0.016098022,-0.055934906,0.058205325
49,17.558777,268.39014,17.368967,268.337,-0.1898098,-0.053131104,0.19710574
49,50.275986,234.1548,49.78767,234.5505,-0.48831558,0.39570618,0.6285185
49,1021.4891,56.976006,1021.4732,57.120106,-0.01586914,0.14410019,0.14497136
49,12.487804,249.42236,12.220205,250.0546,-0.2675991,0.63223267,0.6865329
49,236.16103,16.5733,236.28084,16.66564,0.11981201,0.09234047,0.15126692
49,257.3949,10.067294,257.40762,9.98071,0.01272583,-0.08658409,0.087514296
49,184.53716,92.1856,184.35435,92.156364,-0.1828003,-0.02923584,0.18512343
49,1043.237,65.530655,1043.1754,65.62495,-0.061645508,0.09429169,0.11265474
49,203.22235,54.238598,203.34341,54.24202,0.12106323,0.0034217834,0.12111158
49,264.64786,1.3583012,264.61432,1.2793055,-0.03353882,-0.078995705,0.08582059
49,27.658787,258.30652,27.525766,258.24075,-0.1330204,-0.06576538,0.14838973
49,201.65384,53.805748,201.7858,53.796383,0.13195801,-0.009365082,0.13228992
49,14.380585,244.34969,14.484527,244.53448,0.10394192,0.1847992,0.21202515
49,195.858,60.71301,195.99527,60.66519,0.13726807,-0.04781723,0.14535822
49,260.72314,4.977764,260.6656,4.9188704,-0.057556152,-0.05889368,0.0823479
49,58.348473,221.85672,58.21545,221.86453,-0.13302231,0.0078125,0.13325153
49,76.47773,183.85645,76.69058,183.9876,0.21285248,0.13114929,0.2500126
49,235.4058,38.37847,235.45541,38.24894,0.049606323,-0.12953186,0.13870576
49,201.12418,73.90376,200.96443,73.92986,-0.15974426,0.026100159,0.16186243
49,231.76535,41.55007,231.81151,41.458622,0.046157837,-0.09144974,0.10243827
49,78.90454,179.57562,78.88347,179.87865,-0.021072388,0.3030243,0.3037561
49,60.8175,197.92123,61.143417,197.90863,0.3259163,-0.01260376,0.3261599
49,209.1671,67.84868,208.9979,67.96883,-0.16920471,0.120147705,0.20752278
49,193.71948,64.53594,193.74622,64.61768,0.026733398,0.08174133,0.08600186
49,195.84639,61.34026,195.971,61.309883,0.12460327,-0.030376434,0.12825249
49,1139.9938,133.03384,1139.993,133.07445,-0.0007324219,0.040603638,0.040610243
49,1156.0232,147.60309,1155.8738,147.67801,-0.14941406,0.074920654,0.16714564
49,218.59297,57.520786,218.51736,57.62934,-0.0756073,0.10855484,0.1322899
49,263.14313,0.5233393,263.11374,0.44521713,-0.029388428,-0.07812214,0.08346705
49,217.07137,38.857304,217.13486,38.991898,0.06349182,0.13459396,0.14881784
49,199.04623,58.30636,199.12802,58.300625,0.08178711,-0.00573349,0.08198783
49,216.342,57.458313,216.27835,57.553066,-0.06364441,0.094753265,0.11414374
49,1268.8387,226.99266,1269.0536,227.27344,0.21484375,0.28077698,0.35354427
50,46.303246,240.14857,45.81069,240.15787,-0.4925537,0.009292603,0.49264136
50,213.81987,63.2219,213.64455,63.140312,-0.17532349,-0.081588745,0.19337799
50,249.35242,1.283843,249.37724,1.2918005,0.02482605,0.0079574585,0.026070172
50,15.354046,246.06944,15.634708,245.91493,0.28066254,-0.1545105,0.3203825
50,259.3954,8.174695,259.2082,7.933977,-0.18719482,-0.24071789,0.3049377
50,1272.2394,230.31572,1272.589,230.18835,0.34960938,-0.12736511,0.3720868
50,249.13376,-2.6100502,249.18631,-2.5237112,0.05255127,0.086339,0.10107452
50,232.14024,39.236507,231.7433,39.25863,-0.39694214,0.02212143,0.39755806
50,17.368967,268.337,17.385292,267.70242,0.016324997,-0.6345825,0.63479245
50,49.78767,234.5505,49.25251,234.7026,-0.53516006,0.15209961,0.5563547
50,1021.4732,57.120106,1021.71094,57.09639,0.23773193,-0.023715973,0.23891196
50,12.220205,250.0546,12.410186,249.99821,0.1899805,-0.056381226,0.19817021
50,236.28084,16.66564,236.21881,16.70978,-0.062026978,0.044139862,0.07612932
50,257.40762,9.98071,257.2274,9.813926,-0.18023682,-0.16678429,0.24556528
50,184.35435,92.156364,184.05632,91.933044,-0.29803467,-0.22332,0.37241977
50,1043.1754,65.62495,1043.1897,65.58541,0.014282227,-0.039535522,0.04203617
50,203.34341,54.24202,203.44821,54.266926,0.10479736,0.024906158,0.107716314
50,264.61432,1.2793055,264.21887,1.1661224,-0.39544678,-0.11318302,0.41132537
50,27.525766,258.24075,27.182842,258.04745,-0.34292412,-0.19329834,0.3936511
50,201.7858,53.796383,201.96591,53.76385,0.18011475,-0.03253174,0.18302906
50,14.484527,244.53448,14.677553,244.48221,0.19302654,-0.05227661,0.19998023
50,195.99527,60.66519,196.1789,60.636696,0.18362427,-0.028495789,0.18582217
50,260.6656,4.9188704,260.3169,4.819525,-0.34869385,-0.099345684,0.36256993
50,58.21545,221.86453,57.954414,221.70145,-0.26103592,-0.16308594,0.3077934
50,76.69058,183.9876,76.789696,184.0109,0.099113464,0.02330017,0.1018154
50,235.45541,38.24894,235.04877,38.178497,-0.40664673,-0.0704422,0.4127029
50,200.96443,73.92986,200.80191,73.756256,-0.16252136,-0.17360687,0.23780777
50,231.81151,41.458622,231.5312,41.36297,-0.28030396,-0.095653534,0.29617545
50,78.88347,179.87865,78.84172,180.10555,-0.041748047,0.2268982,0.23070693
50,61.143417,197.90863,61.27646,197.86311,0.13304138,-0.045516968,0.14061224
50,208.9979,67.96883,208.77194,67.87315,-0.22595215,-0.09567261,0.24537241
50,193.74622,64.61768,193.89636,64.56967,0.15014648,-0.04801178,0.15763597
50,195.971,61.309883,196.20152,61.217415,0.23052979,-0.09246826,0.24838349
50,1139.993,133.07445,1139.9813,133.10464,-0.01171875,0.030197144,0.032391302
50,1155.8738,147.67801,1155.9221,147.58324,0.048339844,-0.09477234,0.10638861
50,218.51736,57.62934,218.31642,57.611477,-0.200943,-0.017864227,0.20173551
50,263.11374,0.44521713,262.6789,0.3528738,-0.43484497,-0.09234333,0.44454184
50,217.13486,38.991898,217.18245,38.978073,0.047592163,-0.013824463,0.049559355
50,199.12802,58.300625,199.40125,58.196526,0.27322388,-0.10409927,0.29238322
50,216.27835,57.553066,216.10776,57.541756,-0.17059326,-0.011310577,0.1709678
50,1269.0536,227.27344,1269.3926,227.31866,0.33898926,0.04522705,0.34199297
51,45.81069,240.15787,45.517815,240.0414,-0.2928772,-0.11647034,0.3151863
51,213.64455,63.140312,213.396,63.06565,-0.24855042,-0.074661255,0.25952187
51,249.37724,1.2918005,249.50195,1.3304577,0.12471008,0.03865719,0.1305641
51,15.634708,245.91493,15.898273,246.11424,0.26356506,0.1993103,0.33044082
51,259.2082,7.933977,259.09515,7.8415613,-0.11303711,-0.09241581,0.14600709
51,1272.589,230.18835,1273.0095,230.21626,0.42053223,0.027908325,0.42145726
51,249.18631,-2.5237112,249.33151,-2.4200191,0.14520264,0.103692055,0.17842603
51,231.7433,39.25863,231.51485,39.241447,-0.22845459,-0.017181396,0.22909975
51,17.385292,267.70242,17.104935,267.48172,-0.28035736,-0.22070312,0.35680544
51,49.25251,234.7026,48.761982,234.86479,-0.4905281,0.16218567,0.51664495
51,1021.71094,57.09639,1021.65576,57.066296,-0.05517578,-0.030094147,0.06284922
51,12.410186,249.99821,12.571972,250.36113,0.16178608,0.36291504,0.39734375
51,236.21881,16.70978,236.35966,16.877964,0.14085388,0.16818428,0.21937585
51,257.2274,9.813926,257.14944,9.725098,-0.077941895,-0.08882809,0.11817516
51,184.05632,91.933044,183.74957,91.93205,-0.30674744,-0.0009918213,0.30674905
51,1043.1897,65.58541,1043.1576,65.59735,-0.032104492,0.011940002,0.03425291
51,203.44821,54.266926,203.64749,54.496006,0.19927979,0.2290802,0.30362836
51,264.21887,1.1661224,264.03333,1.1825018,-0.18554688,0.016379356,0.18626843
51,27.182842,258.04745,27.05291,257.7855,-0.1299324,-0.2619629,0.29241577
51,201.96591,53.76385,202.28282,53.89903,0.3169098,0.13517761,0.34453565
51,14.677553,244.48221,14.765282,244.84706,0.0877285,0.3648529,0.37525183
51,196.1789,60.636696,196.52686,60.675983,0.34796143,0.039287567,0.35017234
51,260.3169,4.819525,260.1543,4.7788877,-0.16259766,-0.040637016,0.16759883
51,57.954414,221.70145,57.74054,221.51373,-0.21387482,-0.18771362,0.2845678
51,76.789696,184.0109,77.08988,184.12358,0.30018616,0.11268616,0.32063985
51,235.04877,38.178497,234.84427,38.067375,-0.20449829,-0.11112213,0.23273951
51,200.80191,73.756256,200.7008,73.60344,-0.10110474,-0.15281677,0.18323518
51,231.5312,41.36297,231.40724,41.13681,-0.1239624,-0.22615814,0.25790343
51,78.84172,180.10555,78.38509,180.99002,-0.4566269,0.8844757,0.9953921
51,61.27646,197.86311,61.70885,197.98033,0.43239212,0.11721802,0.44799888
51,208.77194,67.87315,208.55713,67.79086,-0.21481323,-0.08229065,0.23003581
51,193.89636,64.56967,194.29102,64.49844,0.39465332,-0.07122803,0.40102953
51,196.20152,61.217415,196.6236,61.153713,0.42207336,-0.06370163,0.42685342
51,1139.9813,133.10464,1139.8553,133.15097,-0.12597656,0.046325684,0.1342243
51,1155.9221,147.58324,1155.9559,147.4209,0.033813477,-0.16233826,0.16582237
51,218.31642,57.611477,218.01573,57.567295,-0.3006897,-0.044181824,0.30391827
51,262.6789,0.3528738,262.48004,0.39514732,-0.19885254,0.04227352,0.20329629
51,217.18245,38.978073,217.29376,39.221222,0.111312866,0.2431488,0.26741707
51,199.40125,58.196526,199.9307,58.030716,0.52944946,-0.16580963,0.5548059
51,216.10776,57.541756,215.85355,57.511986,-0.25421143,-0.029769897,0.25594863
51,1269.3926,227.31866,1269.9282,227.47466,0.53564453,0.1559906,0.55789614
52,45.517815,240.0414,45.01571,239.94925,-0.5021057,-0.09214783,0.5104913
52,213.396,63.06565,213.17154,63.006226,-0.22445679,-0.059425354,0.23219006
52,249.50195,1.3304577,249.57674,1.3661041,0.074783325,0.03564644,0.08284452
52,15.898273,246.11424,16.26307,246.19637,0.36479568,0.0821228,0.3739252
52,259.09515,7.8415613,258.95166,7.628986,-0.14349365,-0.21257544,0.2564737
52,1273.0095,230.21626,1273.43,230.18903,0.42053223,-0.027236938,0.42141333
52,249.33151,-2.4200191,249.46146,-2.293684,0.12994385,0.12633514,0.18123458
52,231.51485,39.241447,231.30693,39.218365,-0.20791626,-0.023082733,0.20919365
52,17.104935,267.48172,16.911785,267.1478,-0.19314957,-0.33392334,0.385761
52,48.761982,234.86479,47.990086,235.15485,-0.77189636,0.29005432,0.82459414
52,1021.65576,57.066296,1021.7298,57.060314,0.074035645,-0.0059814453,0.07427688
52,12.571972,250.36113,12.841744,250.57552,0.26977253,0.21438599,0.34458464
52,236.35966,16.877964,236.47113,17.004135,0.111465454,0.12617111,0.16835587
52,257.14944,9.725098,257.02658,9.568823,-0.12286377,-0.1562748,0.19878963
52,183.74957,91.93205,183.33475,91.788055,-0.41482544,-0.14399719,0.43910742
52,1043.1576,65.59735,1043.02,65.61259,-0.13757324,0.015235901,0.13841434
52,203.64749,54.496006,203.7544,54.6343,0.106903076,0.13829422,0.17479576
52,264.03333,1.1825018,263.77954,1.0359325,-0.25378418,-0.14656925,0.29306817
52,27.05291,257.7855,26.8178,257.42804,-0.23510933,-0.3574524,0.4278418
52,202.28282,53.89903,202.50157,53.942814,0.21875,0.043785095,0.223089
52,14.765282,244.84706,14.866798,245.2022,0.10151672,0.35513306,0.36935773
52,196.52686,60.675983,196.68608,60.6828,0.15922546,0.006816864,0.15937132
52,260.1543,4.7788877,259.94867,4.598516,-0.20562744,-0.18037176,0.27352625
52,57.74054,221.51373,57.23544,221.41864,-0.50510025,-0.09509277,0.51397365
52,77.08988,184.12358,77.28063,184.27074,0.19075012,0.14715576,0.24091582
52,234.84427,38.067375,234.65726,37.946304,-0.18701172,-0.12107086,0.22278136
52,200.7008,73.60344,200.26883,73.51161,-0.43197632,-0.09182739,0.4416286
52,231.40724,41.13681,231.28343,40.95991,-0.123809814,-0.17689896,0.21592154
52,78.38509,180.99002,78.31207,181.482,-0.073020935,0.49197388,0.4973634
52,61.70885,197.98033,62.144318,197.84595,0.43546677,-0.13438416,0.45573062
52,208.55713,67.79086,208.23218,67.69668,-0.32495117,-0.094184875,0.33832535
52,194.29102,64.49844,194.45271,64.38817,0.16169739,-0.11027527,0.19572093
52,196.6236,61.153713,196.81764,61.095848,0.19404602,-0.057865143,0.20249009
52,1139.8553,133.15097,1139.8666,133.2244,0.011230469,0.07342529,0.07427918
52,1155.9559,147.4209,1155.9541,147.38287,-0.0018310547,-0.038024902,0.03806896
52,218.01573,57.567295,217.79318,57.57976,-0.22254944,0.012466431,0.22289832
52,262.48004,0.39514732,262.23065,0.24398804,-0.24938965,-0.15115929,0.2916236
52,217.29376,39.221222,217.36832,39.384598,0.07455444,0.16337585,0.17958295
52,199.9307,58.030716,200.26059,57.916203,0.32989502,-0.1145134,0.34920487
52,215.85355,57.511986,215.6654,57.532017,-0.18814087,0.020030975,0.18920419
52,1269.9282,227.47466,1270.3729,227.64894,0.44470215,0.17428589,0.47763538
53,45.01571,239.94925,44.396442,239.88301,-0.6192665,-0.0662384,0.622799
53,213.17154,63.006226,212.65921,62.955593,-0.5123291,-0.050632477,0.514825
53,249.57674,1.3661041,249.42123,1.5888882,-0.15550232,0.22278404,0.27168676
53,16.26307,246.19637,16.663149,246.19125,0.40007973,-0.0051116943,0.4001124
53,258.95166,7.628986,258.67468,7.443199,-0.27697754,-0.18578672,0.3335165
53,1273.43,230.18903,1273.7173,230.19588,0.28723145,0.0068511963,0.28731313
53,249.46146,-2.293684,249.40044,-2.0354013,-0.061019897,0.25828266,0.26539284
53,231.30693,39.218365,230.9541,39.15219,-0.35282898,-0.06617355,0.3589808
53,16.911785,267.1478,16.73774,266.6259,-0.17404556,-0.5219116,0.5501669
53,47.990086,235.15485,47.17117,235.40993,-0.8189163,0.25508118,0.85772395
53,1021.7298,57.060314,1021.73755,56.99246,0.007751465,-0.067855835,0.06829714
53,12.841744,250.57552,13.175151,250.67036,0.33340645,0.09484863,0.34663543
53,236.47113,17.004135,236.49785,17.10922,0.02671814,0.10508537,0.108428754
53,257.02658,9.568823,256.73328,9.486566,-0.29330444,-0.08225727,0.30462068
53,183.33475,91.788055,182.88387,91.56846,-0.45088196,-0.21959686,0.50151503
53,1043.02,65.61259,1042.9119,65.62194,-0.1081543,0.009353638,0.108558014
53,203.7544,54.6343,203.84708,54.881256,0.092681885,0.24695587,0.26377478
53,263.77954,1.0359325,263.29892,1.0600405,-0.48062134,0.024107933,0.48122558
53,26.8178,257.42804,26.45554,257.18976,-0.36226082,-0.23828125,0.43360218
53,202.50157,53.942814,202.8188,54.001858,0.31723022,0.059043884,0.32267815
53,14.866798,245.2022,15.153851,245.32217,0.28705215,0.11997986,0.3111175
53,196.68608,60.6828,197.0269,60.757465,0.3408203,0.07466507,0.3489031
53,259.94867,4.598516,259.58545,4.4685717,-0.3632202,-0.12994432,0.38576478
53,57.23544,221.41864,56.907272,220.99208,-0.32816696,-0.42655945,0.53818816
53,77.28063,184.27074,77.688675,184.31721,0.4080429,0.04647827,0.41068146
53,234.65726,37.946304,234.34384,37.79715,-0.31341553,-0.14915466,0.3470971
53,200.26883,73.51161,200.04071,73.434685,-0.2281189,-0.076927185,0.24074057
53,231.28343,40.95991,231.05519,40.646088,-0.22824097,-0.3138237,0.3880454
53,78.31207,181.482,78.57072,181.7304,0.2586441,0.24839783,0.35860598
53,62.144318,197.84595,62.55877,197.9337,0.4144516,0.087753296,0.4236399
53,208.23218,67.69668,207.84824,67.62716,-0.38394165,-0.06951904,0.3901847
53,194.45271,64.38817,194.6465,64.53044,0.19378662,0.14227295,0.24040559
53,196.81764,61.095848,197.20703,61.094006,0.38938904,-0.0018424988,0.38939342
53,1139.8666,133.2244,1139.7909,133.27328,-0.075683594,0.04888916,0.09010081
53,1155.9541,147.38287,1155.9401,147.28607,-0.014038086,-0.09680176,0.09781436
53,217.79318,57.57976,217.11076,57.60073,-0.6824188,0.02096939,0.6827409
53,262.23065,0.24398804,261.76086,0.2029829,-0.4697876,-0.041005135,0.47157374
53,217.36832,39.384598,217.39383,39.491295,0.025512695,0.10669708,0.1097049
53,200.26059,57.916203,200.75635,57.841976,0.49575806,-0.07422638,0.50128394
53,215.6654,57.532017,215.04846,57.560253,-0.61694336,0.02823639,0.6175892
53,1270.3729,227.64894,1270.6427,227.7748,0.2697754,0.12585449,0.29768795
54,44.396442,239.88301,43.966396,239.67201,-0.43004608,-0.21099854,0.47901985
54,212.65921,62.955593,212.42053,62.844643,-0.23867798,-0.11095047,0.2632056
54,249.42123,1.5888882,249.59772,1.6088305,0.17648315,0.019942284,0.1776063
54,16.663149,246.19125,17.23844,246.31535,0.5752907,0.12409973,0.5885237
54,258.67468,7.443199,258.64185,7.121143,-0.032836914,-0.3220563,0.323726
54,1273.7173,230.19588,1274.069,230.17743,0.35168457,-0.018447876,0.35216808
54,249.40044,-2.0354013,249.59372,-1.8980217,0.19328308,0.13737965,0.23713186
54,230.9541,39.15219,230.07411,39.72285,-0.8799896,0.57065964,1.0488251
54,16.73774,266.6259,16.144491,266.58218,-0.59324837,-0.043701172,0.5948558
54,47.17117,235.40993,46.555508,235.55046,-0.6156616,0.14053345,0.6314973
54,1021.73755,56.99246,1022.4788,56.952095,0.741272,-0.04036331,0.74237007
54,13.175151,250.67036,13.173603,251.43318,-0.0015478134,0.7628174,0.76281893
54,236.49785,17.10922,236.68811,17.250929,0.19026184,0.14170837,0.23723581
54,256.73328,9.486566,256.70258,9.243397,-0.030700684,-0.24316883,0.24509919
54,182.88387,91.56846,182.7233,91.42334,-0.16056824,-0.14511871,0.2164292
54,1042.9119,65.62194,1042.928,65.61365,0.016113281,-0.008293152,0.018122202
54,203.84708,54.881256,204.05937,55.12132,0.21229553,0.24006271,0.32046762
54,263.29892,1.0600405,263.09076,0.9011774,-0.2081604,-0.15886307,0.26185536
54,26.45554,257.18976,26.092176,256.70282,-0.36336327,-0.48693848,0.6075705
54,202.8188,54.001858,203.29549,53.976604,0.47668457,-0.025253296,0.477353
54,15.153851,245.32217,15.418078,245.74242,0.26422787,0.4202423,0.49640706
54,197.0269,60.757465,197.41528,60.80877,0.38838196,0.051303864,0.39175582
54,259.58545,4.4685717,259.46527,4.230949,-0.12017822,-0.23762274,0.26628438
54,56.907272,220.99208,56.523308,220.87437,-0.38396454,-0.1177063,0.40160123
54,77.688675,184.31721,78.10901,184.39537,0.42033386,0.07815552,0.4275381
54,234.34384,37.79715,233.311,38.44564,-1.0328369,0.6484909,1.2195461
54,200.04071,73.434685,199.77644,73.39593,-0.26426697,-0.038757324,0.26709393
54,231.05519,40.646088,230.35118,40.943726,-0.70401,0.29763794,0.76434183
54,78.57072,181.7304,78.82671,182.03389,0.2559967,0.3034973,0.39704525
54,62.55877,197.9337,62.92965,198.12085,0.37088013,0.18714905,0.41542366
54,207.84824,67.62716,207.5994,67.51372,-0.24884033,-0.11344147,0.27347848
54,194.6465,64.53044,194.96397,64.55824,0.31747437,0.027801514,0.31868935
54,197.20703,61.094006,197.63475,61.07342,0.42771912,-0.020584106,0.42821413
54,1139.7909,133.27328,1139.7107,133.30963,-0.080200195,0.036346436,0.088051885
54,1155.9401,147.28607,1156.0413,147.2477,0.10119629,-0.038375854,0.10822844
54,217.11076,57.60073,216.79546,57.55781,-0.31530762,-0.04291916,0.31821525
54,261.76086,0.2029829,261.53387,0.078222275,-0.22698975,-0.12476063,0.2590165
54,217.39383,39.491295,217.42116,39.73723,0.027328491,0.24593353,0.24744727
54,200.75635,57.841976,201.36795,57.694748,0.6116028,-0.14722824,0.62907404
54,215.04846,57.560253,214.80084,57.527542,-0.24761963,-0.03271103,0.24977088
54,1270.6427,227.7748,1271.0358,227.95207,0.3930664,0.17727661,0.43119392
55,43.966396,239.67201,43.48541,239.56001,-0.48098755,-0.11199951,0.49385515
55,212.42053,62.844643,212.16423,62.738064,-0.25630188,-0.10657883,0.27757826
55,249.59772,1.6088305,249.70567,1.7020922,0.10795593,0.09326172,0.14266124
55,17.23844,246.31535,17.974344,246.18623,0.7359047,-0.12911987,0.74714637
55,258.64185,7.121143,258.5298,6.8244705,-0.11206055,-0.29667234,0.31713095
55,1274.069,230.17743,1274.4393,230.1707,0.37036133,-0.006729126,0.37042245
55,249.59372,-1.8980217,249.69441,-1.6726236,0.10069275,0.22539806,0.246867
55,230.07411,39.72285,229.76135,39.7737,-0.3127594,0.050849915,0.31686616
55,16.144491,266.58218,15.960514,266.1612,-0.18397713,-0.42099,0.4594346
55,46.555508,235.55046,45.837643,235.8124,-0.717865,0.26193237,0.76415884
55,1022.4788,56.952095,1022.51965,56.97232,0.04083252,0.020225525,0.045567162
55,13.173603,251.43318,13.689527,251.56413,0.5159235,0.13095093,0.532283
55,236.68811,17.250929,236.86069,17.360004,0.1725769,0.109075546,0.20415744
55,256.70258,9.243397,256.61703,9.028913,-0.08554077,-0.21448421,0.23091276
55,182.7233,91.42334,182.5833,91.240364,-0.13999939,-0.18297577,0.23039089
55,1042.928,65.61365,1042.6854,65.62143,-0.24255371,0.0077819824,0.24267851
55,204.05937,55.12132,204.3495,55.2389,0.29013062,0.117580414,0.31305102
55,263.09076,0.9011774,262.81458,0.7441759,-0.27618408,-0.1570015,0.31769028
55,26.092176,256.70282,25.779076,256.3964,-0.3131008,-0.306427,0.43809775
55,203.29549,53.976604,203.78227,53.91222,0.4867859,-0.06438446,0.4910253
55,15.418078,245.74242,15.913841,245.84566,0.49576283,0.10324097,0.50639856
55,197.41528,60.80877,197.7428,60.86252,0.32751465,0.053749084,0.33189577
55,259.46527,4.230949,259.30273,3.9797134,-0.16253662,-0.25123549,0.29922804
55,56.523308,220.87437,56.338017,220.48715,-0.18529129,-0.3872223,0.42927143
55,78.10901,184.39537,78.53723,184.44806,0.42822266,0.0526886,0.4314519
55,233.311,38.44564,233.05139,38.34332,-0.25961304,-0.102321625,0.27904952
55,199.77644,73.39593,199.59233,73.34324,-0.18411255,-0.0526886,0.19150332
55,230.35118,40.943726,230.20407,40.735176,-0.14710999,-0.2085495,0.25521412
55,78.82671,182.03389,79.15762,182.27647,0.33090973,0.24258423,0.41030276
55,62.92965,198.12085,63.360317,198.24869,0.43066788,0.12783813,0.44924095
55,207.5994,67.51372,207.37129,67.39348,-0.22810364,-0.12023926,0.25785413
55,194.96397,64.55824,195.31003,64.58294,0.34605408,0.02469635,0.3469342
55,197.63475,61.07342,197.99367,61.060707,0.35891724,-0.012714386,0.35914236
55,1139.7107,133.30963,1139.7251,133.3861,0.014404297,0.07646179,0.07780674
55,1156.0413,147.2477,1156.059,147.08331,0.017700195,-0.16438293,0.16533314
55,216.79546,57.55781,216.45386,57.56531,-0.3415985,0.007499695,0.34168082
55,261.53387,0.078222275,261.23883,-0.046582222,-0.29504395,-0.1248045,0.32035464
55,217.42116,39.73723,217.64159,39.87137,0.22042847,0.13414001,0.25803536
55,201.36795,57.694748,201.88983,57.570316,0.5218811,-0.12443161,0.5365101
55,214.80084,57.527542,214.53714,57.5349,-0.2637024,0.007358551,0.26380503
55,1271.0358,227.95207,1271.3977,228.07924,0.36193848,0.12716675,0.38362852
56,43.48541,239.56001,43.093037,239.47989,-0.39237213,-0.0801239,0.4004694
56,212.16423,62.738064,211.99448,62.68936,-0.16975403,-0.04870224,0.1766022
56,249.70567,1.7020922,249.90596,1.718791,0.20028687,0.016698837,0.2009818
56,17.974344,246.18623,18.612179,246.01265,0.63783455,-0.17358398,0.66103274
56,258.5298,6.8244705,258.4853,6.61623,-0.04449463,-0.20824051,0.21294104
56,1274.4393,230.1707,1274.887,230.1541,0.44763184,-0.016601562,0.44793957
56,249.69441,-1.6726236,249.90416,-1.5609999,0.20974731,0.111623764,0.23760009
56,229.76135,39.7737,229.60599,39.74238,-0.15536499,-0.03132248,0.15849094
56,15.960514,266.1612,15.776291,265.89035,-0.18422318,-0.2708435,0.32755822
56,45.837643,235.8124,45.31166,236.0047,-0.5259819,0.19230652,0.5600346
56,1022.51965,56.97232,1022.5845,56.968826,0.064819336,-0.0034942627,0.06491345
56,13.689527,251.56413,14.261421,251.49939,0.57189465,-0.06474304,0.5755477
56,236.86069,17.360004,237.08888,17.445705,0.22819519,0.08570099,0.24375747
56,256.61703,9.028913,256.58292,8.878845,-0.034118652,-0.15006733,0.153897
56,182.5833,91.240364,182.32481,91.088135,-0.2584839,-0.15222931,0.29997948
56,1042.6854,65.62143,1042.6675,65.62921,-0.017944336,0.0077819824,0.019559102
56,204.3495,55.2389,204.54391,55.406994,0.19441223,0.16809464,0.2570057
56,262.81458,0.7441759,262.63184,0.65085316,-0.18273926,-0.093322754,0.2051896
56,25.779076,256.3964,25.62112,256.1209,-0.15795517,-0.27548218,0.31755355
56,203.78227,53.91222,204.1233,53.9402,0.34103394,0.027980804,0.34217986
56,15.913841,245.84566,16.48803,245.78578,0.57418823,-0.05987549,0.5773016
56,197.7428,60.86252,197.96983,61.012478,0.22703552,0.14995956,0.27209005
56,259.30273,3.9797134,259.19714,3.8328953,-0.10559082,-0.14681816,0.18084522
56,56.338017,220.48715,56.099945,220.3874,-0.23807144,-0.099746704,0.25812286
56,78.53723,184.44806,78.82663,184.5517,0.2893982,0.103637695,0.30739564
56,233.05139,38.34332,232.8583,38.26595,-0.19308472,-0.07736969,0.20800908
56,199.59233,73.34324,199.51382,73.25238,-0.07850647,-0.09085846,0.12007716
56,230.20407,40.735176,230.11421,40.579384,-0.08985901,-0.15579224,0.17984955
56,79.15762,182.27647,79.379845,182.54555,0.22222137,0.2690735,0.34897405
56,63.360317,198.24869,63.7123,198.36568,0.35198212,0.116989136,0.3709149
56,207.37129,67.39348,207.16768,67.32463,-0.20361328,-0.068847656,0.21493806
56,195.31003,64.58294,195.55902,64.63361,0.24899292,0.05067444,0.25409716
56,197.99367,61.060707,198.28658,61.114845,0.2929077,0.054138184,0.29786888
56,1139.7251,133.3861,1139.8169,133.4615,0.091796875,0.075408936,0.11879888
56,1156.059,147.08331,1155.9504,146.93756,-0.10852051,-0.14575195,0.18171498
56,216.45386,57.56531,216.301,57.58701,-0.15286255,0.021697998,0.15439482
56,261.23883,-0.046582222,261.02026,-0.080537796,-0.2185669,-0.033955574,0.22118877
56,217.64159,39.87137,217.88184,39.907875,0.24024963,0.036506653,0.24300745
56,201.88983,57.570316,202.2917,57.581215,0.40187073,0.01089859,0.4020185
56,214.53714,57.5349,214.44287,57.56305,-0.0942688,0.028148651,0.09838167
56,1271.3977,228.07924,1271.828,228.20453,0.43029785,0.12528992,0.44816718
57,43.093037,239.47989,42.720146,239.39778,-0.37289047,-0.082107544,0.38182318
57,211.99448,62.68936,211.81558,62.641247,-0.17889404,-0.048114777,0.18525149
57,249.90596,1.718791,250.04309,1.7577934,0.13713074,0.03900242,0.14256938
57,18.612179,246.01265,19.323761,245.85687,0.7115822,-0.15577698,0.7284337
57,258.4853,6.61623,258.3777,6.3431277,-0.10760498,-0.27310228,0.2935365
57,1274.887,230.1541,1275.1809,230.16545,0.2939453,0.011352539,0.29416445
57,249.90416,-1.5609999,250.0731,-1.4398556,0.16894531,0.121144295,0.2078905
57,229.60599,39.74238,229.39438,39.818947,-0.21160889,0.0765686,0.22503571
57,15.776291,265.89035,15.473915,265.60217,-0.3023758,-0.2881775,0.4177049
57,45.31166,236.0047,44.83452,236.16624,-0.47714233,0.1615448,0.50374746
57,1022.5845,56.968826,1022.51495,56.988323,-0.06951904,0.019496918,0.0722013
57,14.261421,251.49939,14.78343,251.61803,0.5220089,0.118637085,0.5353205
57,237.08888,17.445705,237.20209,17.50503,0.113204956,0.059324265,0.1278074
57,256.58292,8.878845,256.50116,8.688382,-0.08175659,-0.19046307,0.20726871
57,182.32481,91.088135,182.1531,90.988976,-0.17170715,-0.09915924,0.19828238
57,1042.6675,65.62921,1042.4891,65.6335,-0.17834473,0.0042877197,0.17839625
57,204.54391,55.406994,204.72629,55.58415,0.18237305,0.17715454,0.25425118
57,262.63184,0.65085316,262.3579,0.4967842,-0.27392578,-0.15406895,0.31428105
57,25.62112,256.1209,25.323307,255.89713,-0.29781342,-0.2237854,0.37252212
57,204.1233,53.9402,204.44513,53.990154,0.32182312,0.04995346,0.32567695
57,16.48803,245.78578,16.979692,245.86383,0.49166298,0.078048706,0.4978193
57,197.96983,61.012478,198.26431,61.011013,0.29447937,-0.0014648438,0.294483
57,259.19714,3.8328953,259.02124,3.6159883,-0.17590332,-0.21690702,0.27926803
57,56.099945,220.3874,55.877026,220.16547,-0.22291946,-0.22193909,0.31456324
57,78.82663,184.5517,79.17203,184.6049,0.34539795,0.053207397,0.34947214
57,232.8583,38.26595,232.77057,38.100647,-0.08773804,-0.16530228,0.18714382
57,199.51382,73.25238,199.41685,73.173935,-0.096969604,-0.078445435,0.12472686
57,230.11421,40.579384,229.92006,40.584724,-0.19415283,0.005340576,0.19422626
57,79.379845,182.54555,79.57861,182.78615,0.19876862,0.24060059,0.3120859
57,63.7123,198.36568,64.27136,198.28246,0.55906296,-0.083221436,0.56522316
57,207.16768,67.32463,207.02084,67.25604,-0.14683533,-0.06858826,0.16206469
57,195.55902,64.63361,195.83368,64.64712,0.2746582,0.013504028,0.27499
57,198.28658,61.114845,198.58319,61.097263,0.2966156,-0.01758194,0.29713622
57,1139.8169,133.4615,1139.7489,133.53143,-0.067993164,0.06993103,0.09753676
57,1155.9504,146.93756,1155.8026,146.89192,-0.14782715,-0.045639038,0.15471195
57,216.301,57.58701,216.08963,57.620014,-0.21136475,0.03300476,0.21392609
57,261.02026,-0.080537796,260.73297,-0.20155144,-0.28729248,-0.12101364,0.31173912
57,217.88184,39.907875,218.11887,39.954506,0.23703003,0.04663086,0.24157332
57,202.2917,57.581215,202.63943,57.588802,0.34773254,0.007587433,0.3478153
57,214.44287,57.56305,214.27051,57.596924,-0.17236328,0.03387451,0.17566042
57,1271.828,228.20453,1272.1282,228.29645,0.3001709,0.091918945,0.31392938
58,42.720146,239.39778,42.222736,239.3054,-0.49740982,-0.09237671,0.505915
58,211.81558,62.641247,211.5794,62.598324,-0.23617554,-0.042922974,0.2400443
58,250.04309,1.7577934,250.507,1.3384542,0.46391296,-0.41933918,0.6253484
58,19.323761,245.85687,19.6681,245.84924,0.34433937,-0.0076293945,0.3444239
58,258.3777,6.3431277,258.5401,5.8358297,0.16241455,-0.507298,0.53266287
58,1275.1809,230.16545,1275.6356,230.11334,0.4547119,-0.052108765,0.45768794
58,250.0731,-1.4398556,250.54733,-1.8041706,0.4742279,-0.36431503,0.5980113
58,229.39438,39.818947,229.05254,39.89874,-0.34184265,0.07979202,0.35103157
58,15.473915,265.60217,15.331159,265.32257,-0.14275646,-0.27960205,0.31393743
58,44.83452,236.16624,44.271843,236.29718,-0.5626755,0.13093567,0.57770914
58,1022.51495,56.988323,1022.55945,56.964985,0.04449463,-0.023338318,0.050243896
58,14.78343,251.61803,15.08504,251.61421,0.30161,-0.0038146973,0.3016341
58,237.20209,17.50503,237.46439,17.437826,0.26229858,-0.06720352,0.27077085
58,256.50116,8.688382,256.6474,8.266831,0.14624023,-0.42155075,0.4461964
58,182.1531,90.988976,182.21603,90.71283,0.062927246,-0.27614594,0.28322503
58,1042.4891,65.6335,1042.3622,65.59544,-0.12695312,-0.03805542,0.13253419
58,204.72629,55.58415,204.72302,55.821358,-0.0032653809,0.23720932,0.23723179
58,262.3579,0.4967842,262.29642,0.15577316,-0.06149292,-0.34101105,0.34651107
58,25.323307,255.89713,25.145542,255.65848,-0.1777649,-0.23864746,0.2975785
58,204.44513,53.990154,204.57484,54.087124,0.12971497,0.096969604,0.16195393
58,16.979692,245.86383,17.311577,245.86592,0.33188438,0.002090454,0.33189097
58,198.26431,61.011013,198.48468,60.97845,0.22036743,-0.032562256,0.22276019
58,259.02124,3.6159883,259.18988,3.0944486,0.16864014,-0.5215397,0.54812694
58,55.877026,220.16547,55.676594,219.9613,-0.20043182,-0.2041626,0.28610364
58,79.17203,184.6049,79.3946,184.583,0.22257233,-0.021911621,0.2236483
58,232.77057,38.100647,232.46352,38.08938,-0.3070526,-0.011268616,0.30725932
58,199.41685,73.173935,199.16092,73.138214,-0.25593567,-0.035720825,0.2584164
58,229.92006,40.584724,229.60294,40.569885,-0.3171234,-0.014839172,0.3174704
58,79.57861,182.78615,79.74028,182.9182,0.16166687,0.13204956,0.2087421
58,64.27136,198.28246,64.55049,198.29277,0.27912903,0.010314941,0.27931955
58,207.02084,67.25604,206.75038,67.19536,-0.27046204,-0.060684204,0.27718636
58,195.83368,64.64712,195.96371,64.64093,0.1300354,-0.006187439,0.13018252
58,198.58319,61.097263,198.81328,61.04889,0.23008728,-0.048374176,0.23511745
58,1139.7489,133.53143,1139.7507,133.58716,0.0018310547,0.055725098,0.055755172
58,1155.8026,146.89192,1155.8094,146.60391,0.0068359375,-0.28800964,0.28809077
58,216.08963,57.620014,215.80446,57.63651,-0.2851715,0.016494751,0.28564817
58,260.73297,-0.20155144,260.6875,-0.5472317,-0.04547119,-0.34568024,0.34865808
58,218.11887,39.954506,218.15714,40.05868,0.038269043,0.10417557,0.11098229
58,202.63943,57.588802,202.90657,57.615086,0.26713562,0.026283264,0.2684255
58,214.27051,57.596924,214.06787,57.621536,-0.20263672,0.024612427,0.20412597
58,1272.1282,228.29645,1272.5752,228.33498,0.44702148,0.038528442,0.4486788
59,42.222736,239.3054,42.177032,239.29288,-0.045703888,-0.012527466,0.04738969
59,211.5794,62.598324,211.26569,62.62031,-0.3137207,0.021987915,0.3144903
59,250.507,1.3384542,250.24803,1.5782747,-0.25897217,0.23982048,0.35295954
59,19.6681,245.84924,20.142502,245.55812,0.47440147,-0.29112244,0.5566049
59,258.5401,5.8358297,258.29852,5.7813177,-0.24157715,-0.054512024,0.24765112
59,1275.6356,230.11334,1276.1493,230.11913,0.5136719,0.005783081,0.5137044
59,250.54733,-1.8041706,250.39404,-1.5174866,-0.1532898,0.28668404,0.32509306
59,229.05254,39.89874,229.07533,39.95402,0.02279663,0.055282593,0.059798423
59,15.331159,265.32257,15.558918,264.9153,0.22775936,-0.40725708,0.46661833
59,44.271843,236.29718,44.27176,236.32947,-8.392334e-05,0.032287598,0.032287706
59,1022.55945,56.964985,1022.3681,56.89168,-0.19134521,-0.07330322,0.20490572
59,15.08504,251.61421,15.389057,251.52264,0.30401707,-0.09156799,0.3175076
59,237.46439,17.437826,237.59473,17.400425,0.13034058,-0.0374012,0.13560057
59,256.6474,8.266831,256.45193,8.211884,-0.19546509,-0.054947853,0.20304154
59,182.21603,90.71283,184.1716,88.60009,1.9555664,-2.1127396,2.8788729
59,1042.3622,65.59544,1042.6368,65.555016,0.2746582,-0.04042816,0.27761766
59,204.72302,55.821358,204.63676,55.800133,-0.086257935,-0.021224976,0.08883091
59,262.29642,0.15577316,262.0927,0.12574482,-0.20370483,-0.030028343,0.2059062
59,25.145542,255.65848,25.422695,255.28737,0.27715302,-0.371109,0.46317998
59,204.57484,54.087124,204.42827,54.163387,-0.14657593,0.07626343,0.16522896
59,17.311577,245.86592,17.66386,245.66168,0.35228348,-0.20423889,0.40720654
59,198.48468,60.97845,198.57545,60.763855,0.090774536,-0.2145958,0.23300509
59,259.18988,3.0944486,258.8858,3.115685,-0.30407715,0.02123642,0.3048178
59,55.676594,219.9613,56.38852,219.28024,0.7119255,-0.6810608,0.98523176
59,79.3946,184.583,79.45127,184.64758,0.056671143,0.064590454,0.08592756
59,232.46352,38.08938,232.46704,38.10798,0.0035247803,0.018600464,0.018931491
59,199.16092,73.138214,199.01956,73.14189,-0.14135742,0.0036773682,0.14140524
59,229.60294,40.569885,229.63892,40.58168,0.035980225,0.011795044,0.037864227
59,79.74028,182.9182,79.6542,183.111,-0.08608246,0.1927948,0.21113983
59,64.55049,198.29277,64.71594,198.34387,0.16545105,0.051101685,0.17316303
59,206.75038,67.19536,206.53348,67.214905,-0.21690369,0.019546509,0.21778263
59,195.96371,64.64093,196.14671,64.46875,0.18299866,-0.17218018,0.25126582
59,198.81328,61.04889,198.80849,60.91385,-0.0047912598,-0.13504028,0.13512526
59,1139.7507,133.58716,1139.8622,133.45563,0.111450195,-0.13153076,0.17239921
59,1155.8094,146.60391,1155.8016,146.47931,-0.0078125,-0.12460327,0.12484795
59,215.80446,57.63651,215.60793,57.669155,-0.1965332,0.03264618,0.19922619
59,260.6875,-0.5472317,260.42957,-0.48247242,-0.25793457,0.064759254,0.26593986
59,218.15714,40.05868,218.46422,39.92633,0.30708313,-0.13235092,0.3343902
59,202.90657,57.615086,202.78616,57.619797,-0.120407104,0.004711151,0.12049924
59,214.06787,57.621536,213.87689,57.64995,-0.190979,0.028411865,0.19308084
59,1272.5752,228.33498,1272.9471,228.38365,0.37194824,0.048675537,0.37511972
60,42.177032,239.29288,42.04448,239.26367,-0.1325531,-0.029205322,0.13573237
60,211.26569,62.62031,211.2745,62.604713,0.00881958,-0.015598297,0.017919036
60,250.24803,1.5782747,250.24168,1.5328922,-0.0063476562,-0.0453825,0.04582427
60,20.142502,245.55812,20.295712,245.49536,0.15320969,-0.0627594,0.16556555
60,258.29852,5.7813177,258.29785,5.68492,-0.0006713867,-0.09639788,0.096400216
60,1276.1493,230.11913,1276.3107,230.12903,0.16137695,0.009902954,0.16168052
60,250.39404,-1.5174866,250.40729,-1.5709839,0.013244629,-0.053497314,0.055112455
60,229.07533,39.95402,229.39497,39.55494,0.3196411,-0.39908218,0.51130915
60,15.558918,264.9153,15.636694,264.7323,0.077775955,-0.18301392,0.1988547
60,44.27176,236.32947,44.12733,236.3641,-0.14442825,0.03463745,0.14852364
60,1022.3681,56.89168,1022.4276,56.82379,0.059509277,-0.06789017,0.09027972
60,15.389057,251.52264,15.433323,251.54594,0.044265747,0.02330017,0.050023537
60,237.59473,17.400425,237.60408,17.423475,0.009353638,0.023050308,0.024875836
60,256.45193,8.211884,256.44867,8.137232,-0.0032653809,-0.07465172,0.0747231
60,184.1716,88.60009,184.00662,88.73636,-0.16497803,0.13626862,0.21397871
60,1042.6368,65.555016,1043.1042,65.555435,0.46740723,0.0004196167,0.4674074
60,204.63676,55.800133,204.63196,55.796974,-0.0048065186,-0.0031585693,0.0057514505
60,262.0927,0.12574482,262.0932,-0.012745857,0.00048828125,-0.13849068,0.13849154
60,25.422695,255.28737,25.39478,255.25186,-0.027915955,-0.035507202,0.045167044
60,204.42827,54.163387,204.42432,54.16162,-0.0039520264,-0.0017662048,0.0043287403
60,17.66386,245.66168,17.782982,245.61575,0.11912155,-0.045928955,0.12766916
60,198.57545,60.763855,198.63257,60.80501,0.057113647,0.04115677,0.07039779
60,258.8858,3.115685,258.8896,2.997325,0.0037841797,-0.11836004,0.11842052
60,56.38852,219.28024,56.491215,219.1511,0.102695465,-0.12915039,0.16500358
60,79.45127,184.64758,79.271576,184.8895,-0.17969513,0.24191284,0.30135056
60,232.46704,38.10798,232.73518,37.755257,0.2681427,-0.35272217,0.44307274
60,199.01956,73.14189,198.87445,73.34947,-0.14511108,0.20758057,0.2532724
60,229.63892,40.58168,229.92732,40.21428,0.28840637,-0.36740112,0.46707797
60,79.6542,183.111,79.44911,183.38206,-0.20508575,0.2710724,0.33991235
60,64.71594,198.34387,65.13814,197.94588,0.42219543,-0.397995,0.5802146
60,206.53348,67.214905,206.49168,67.21387,-0.041793823,-0.0010375977,0.0418067
60,196.14671,64.46875,196.11227,64.66419,-0.034439087,0.1954422,0.19845328
60,198.80849,60.91385,198.87415,60.944168,0.06565857,0.030319214,0.07232083
60,1139.8622,133.45563,1139.9094,133.4579,0.04724121,0.0022735596,0.047295887
60,1155.8016,146.47931,1156.3257,146.39828,0.52404785,-0.08102417,0.5302745
60,215.60793,57.669155,215.62476,57.64198,0.016830444,-0.027175903,0.031965505
60,260.42957,-0.48247242,260.43274,-0.62367725,0.0031738281,-0.14120483,0.14124049
60,218.46422,39.92633,218.69952,39.659843,0.23530579,-0.26648712,0.35550556
60,202.78616,57.619797,202.78313,57.61956,-0.003036499,-0.00023651123,0.003045696
60,213.87689,57.64995,213.89319,57.624912,0.016296387,-0.025035858,0.029872503
60,1272.9471,228.38365,1273.0895,228.39903,0.14233398,0.015380859,0.14316261
61,42.04448,239.26367,42.037693,239.2653,-0.0067863464,0.0016326904,0.0069799838
61,211.2745,62.604713,211.27893,62.60729,0.004425049,0.0025749207,0.005119695
61,250.24168,1.5328922,249.82196,1.8214779,-0.4197235,0.28858566,0.50936186
61,20.295712,245.49536,19.77111,246.03065,-0.524601,0.5352936,0.74949676
61,258.29785,5.68492,258.0393,5.832568,-0.25854492,0.14764833,0.29773393
61,1276.3107,230.12903,1275.9456,230.12675,-0.3651123,-0.0022735596,0.3651194
61,250.40729,-1.5709839,249.94623,-1.292944,-0.46105957,0.27803993,0.538407
61,229.39497,39.55494,229.48479,39.52181,0.08981323,-0.033130646,0.09572908
61,15.636694,264.7323,15.451885,264.9203,-0.18480873,0.18798828,0.2636169
61,44.12733,236.3641,44.11716,236.37305,-0.010169983,0.00894165,0.013541848
61,1022.4276,56.82379,1022.3785,56.82683,-0.0491333,0.0030403137,0.04922728
61,15.433323,251.54594,14.883859,252.12358,-0.5494642,0.5776367,0.79722965
61,237.60408,17.423475,237.55658,17.451176,-0.04750061,0.027700424,0.054987468
61,256.44867,8.137232,256.1171,8.368971,-0.3315735,0.23173904,0.4045293
61,184.00662,88.73636,183.62177,89.154945,-0.38485718,0.41858673,0.5686211
61,1043.1042,65.555435,1042.75,65.5555,-0.35424805,6.1035156e-05,0.35424805
61,204.63196,55.796974,204.63261,55.793953,0.00065612793,-0.0030212402,0.0030916657
61,262.0932,-0.012745857,261.95245,0.05888462,-0.14074707,0.07163048,0.15792613
61,25.39478,255.25186,25.316826,255.33427,-0.07795334,0.08241272,0.11343976
61,204.42432,54.16162,204.4272,54.15749,0.0028839111,-0.004131317,0.0050383257
61,17.782982,245.61575,17.317589,246.11168,-0.46539307,0.4959259,0.68009794
61,198.63257,60.80501,198.62799,60.8097,-0.0045776367,0.004688263,0.0065524476
61,258.8896,2.997325,258.6311,3.1783094,-0.2584839,0.1809845,0.31554607
61,56.491215,219.1511,56.196358,219.38983,-0.29485703,0.23873901,0.3793903
61,79.271576,184.8895,79.28698,184.98505,0.015403748,0.09555054,0.0967842
61,232.73518,37.755257,232.8296,37.71958,0.09442139,-0.03567505,0.10093615
61,198.87445,73.34947,198.91388,73.39758,0.03942871,0.048110962,0.0622036
61,229.92732,40.21428,230.02196,40.176697,0.09463501,-0.037582397,0.10182446
61,79.44911,183.38206,79.43149,183.50104,-0.017623901,0.11897278,0.12027104
61,65.13814,197.94588,65.58414,197.68869,0.44599915,-0.2571869,0.5148401
61,206.49168,67.21387,206.5294,67.220085,0.037719727,0.0062179565,0.038228795
61,196.11227,64.66419,196.09001,64.716446,-0.022262573,0.052253723,0.056798536
61,198.87415,60.944168,198.87236,60.945755,-0.0017852783,0.0015869141,0.002388622
61,1139.9094,133.4579,1139.8986,133.45671,-0.010864258,-0.0011901855,0.010929256
61,1156.3257,146.39828,1155.8231,146.43065,-0.5025635,0.03236389,0.50360453
61,215.62476,57.64198,215.62572,57.64166,0.0009613037,-0.00032043457,0.0010133031
61,260.43274,-0.62367725,260.31537,-0.57264614,-0.117370605,0.051031113,0.12798451
61,218.69952,39.659843,218.7425,39.625763,0.04296875,-0.034080505,0.054843362
61,202.78313,57.61956,202.78377,57.616035,0.00064086914,-0.0035247803,0.0035825674
61,213.89319,57.624912,213.89372,57.62495,0.0005340576,3.8146973e-05,0.0005354183
61,1273.0895,228.39903,1272.7852,228.38983,-0.3043213,-0.00920105,0.30446035
62,42.037693,239.2653,42.315266,239.25104,0.27757263,-0.014266968,0.27793905
62,211.27893,62.60729,211.39725,62.603756,0.11831665,-0.0035324097,0.11836937
62,249.82196,1.8214779,249.82277,1.9201174,0.0008087158,0.09863949,0.098642804
62,19.77111,246.03065,19.56797,245.75746,-0.20314026,-0.27319336,0.34044173
62,258.0393,5.832568,258.2344,5.947164,0.19509888,0.11459589,0.22626486
62,1275.9456,230.12675,1276.6489,230.11949,0.70336914,-0.0072631836,0.70340663
62,249.94623,-1.292944,249.93555,-1.1990776,-0.010681152,0.09386635,0.0944721
62,229.48479,39.52181,229.50764,39.515907,0.022857666,-0.0059013367,0.023607174
62,15.451885,264.9203,15.586918,265.02985,0.13503265,0.109558105,0.17388731
62,44.11716,236.37305,44.408073,236.25308,0.29091263,-0.1199646,0.31467706
62,1022.3785,56.82683,1023.0275,56.84242,0.64904785,0.015586853,0.64923495
62,14.883859,252.12358,14.906382,251.65247,0.022522926,-0.4711151,0.4716532
62,237.55658,17.451176,237.6199,17.28989,0.063323975,-0.1612854,0.1732712
62,256.1171,8.368971,256.1645,8.602356,0.0473938,0.23338509,0.23814863
62,183.62177,89.154945,183.65617,89.31961,0.03440857,0.16466522,0.16822183
62,1042.75,65.5555,1043.0094,65.55351,0.2593994,-0.0019836426,0.25940698
62,204.63261,55.793953,204.59528,55.730854,-0.037338257,-0.06309891,0.0733186
62,261.95245,0.05888462,262.36255,0.0028190613,0.4100952,-0.05606556,0.4139099
62,25.316826,255.33427,25.565685,255.60756,0.2488594,0.2732849,0.36961555
62,204.4272,54.15749,204.35002,54.141045,-0.077178955,-0.01644516,0.07891156
62,17.317589,246.11168,17.19535,245.79048,-0.12223816,-0.3211975,0.34367138
62,198.62799,60.8097,198.43547,60.795834,-0.19252014,-0.013866425,0.19301887
62,258.6311,3.1783094,258.81183,3.3349447,0.1807251,0.15663528,0.23915721
62,56.196358,219.38983,56.334225,219.42355,0.13786697,0.033721924,0.14193122
62,79.28698,184.98505,79.1184,184.92574,-0.1685791,-0.059310913,0.17870842
62,232.8296,37.71958,232.86531,37.7483,0.035705566,0.028717041,0.04582091
62,198.91388,73.39758,198.78653,73.45207,-0.12734985,0.054489136,0.13851732
62,230.02196,40.176697,230.07346,40.162815,0.051498413,-0.013881683,0.05333655
62,79.43149,183.50104,79.31837,183.37527,-0.11312103,-0.12576294,0.16915286
62,65.58414,197.68869,65.22351,197.65367,-0.36062622,-0.03501892,0.3623225
62,206.5294,67.220085,206.6182,67.23042,0.08879089,0.01033783,0.08939068
62,196.09001,64.716446,195.97261,64.566925,-0.11740112,-0.14952087,0.19010396
62,198.87236,60.945755,198.68498,60.938023,-0.18737793,-0.0077323914,0.1875374
62,1139.8986,133.45671,1140.5189,133.42648,0.6203613,-0.030227661,0.6210973
62,1155.8231,146.43065,1156.4176,146.49141,0.5944824,0.060760498,0.5975795
62,215.62572,57.64166,215.7706,57.591125,0.1448822,-0.050533295,0.15344205
62,260.31537,-0.57264614,260.64728,-0.5250521,0.33190918,0.04759407,0.33530417
62,218.7425,39.625763,218.72447,39.562263,-0.01802063,-0.06349945,0.066006996
62,202.78377,57.616035,202.68683,57.581444,-0.09693909,-0.034591675,0.10292604
62,213.89372,57.62495,214.00989,57.579056,0.11616516,-0.045894623,0.124902606
62,1272.7852,228.38983,1273.4883,228.35591,0.703125,-0.033920288,0.7039427
63,42.315266,239.25104,42.711933,239.40628,0.39666748,0.15524292,0.42596415
63,211.39725,62.603756,211.58815,62.654106,0.19090271,0.05035019,0.19743097
63,249.82277,1.9201174,249.55232,1.952755,-0.27044678,0.032637596,0.272409
63,19.56797,245.75746,19.182043,245.74829,-0.3859272,-0.009170532,0.38603616
63,258.2344,5.947164,257.9884,6.6270766,-0.2460022,0.67991257,0.72304785
63,1276.6489,230.11949,1275.3633,230.12495,-1.2856445,0.0054626465,1.2856561
63,249.93555,-1.1990776,249.60686,-1.2429152,-0.32868958,-0.043837547,0.3316
63,229.50764,39.515907,229.8451,39.366463,0.33744812,-0.14944458,0.3690595
63,15.586918,265.02985,15.90578,265.34546,0.31886196,0.3156128,0.4486473
63,44.408073,236.25308,44.865875,236.21576,0.45780182,-0.037322998,0.4593207
63,1023.0275,56.84242,1022.47327,56.828117,-0.55426025,-0.0143013,0.55444473
63,14.906382,251.65247,14.637257,251.43729,-0.26912498,-0.21517944,0.34457284
63,237.6199,17.28989,237.6265,16.912647,0.006591797,-0.37724304,0.37730065
63,256.1645,8.602356,255.85593,9.232711,-0.30856323,0.6303549,0.70182514
63,183.65617,89.31961,175.25986,98.06908,-8.396317,8.749466,12.126471
63,1043.0094,65.55351,1043.5892,65.54462,0.579834,-0.008895874,0.57990223
63,204.59528,55.730854,204.37367,55.514618,-0.2216034,-0.21623611,0.30962256
63,262.36255,0.0028190613,262.6007,0.14493465,0.23815918,0.1421156,0.27733847
63,25.565685,255.60756,25.788988,255.80766,0.22330284,0.20010376,0.29984275
63,204.35002,54.141045,204.08752,53.91315,-0.26249695,-0.22789383,0.34762084
63,17.19535,245.79048,16.738678,245.82214,-0.45667267,0.031661987,0.45776895
63,198.43547,60.795834,198.07442,60.803936,-0.36105347,0.008102417,0.36114436
63,258.81183,3.3349447,258.74683,3.8147626,-0.06500244,0.47981787,0.4842009
63,56.334225,219.42355,56.657394,219.36414,0.3231697,-0.059417725,0.32858655
63,79.1184,184.92574,78.75402,184.78905,-0.36437988,-0.13668823,0.38917395
63,232.86531,37.7483,233.27136,37.697426,0.40605164,-0.050872803,0.4092261
63,198.78653,73.45207,198.96565,73.66734,0.17912292,0.215271,0.28004754
63,230.07346,40.162815,230.44537,40.0287,0.37191772,-0.13411331,0.39535958
63,79.31837,183.37527,79.16994,182.89545,-0.14842987,-0.47982788,0.5022611
63,65.22351,197.65367,64.50264,197.788,-0.720871,0.13432312,0.7332787
63,206.6182,67.23042,206.90292,67.298676,0.284729,0.06825256,0.29279518
63,195.97261,64.566925,195.6762,64.58897,-0.29641724,0.02204132,0.2972356
63,198.68498,60.938023,198.3271,60.964905,-0.35787964,0.026882172,0.35888785
63,1140.5189,133.42648,1139.8547,133.36392,-0.6641846,-0.062561035,0.66712445
63,1156.4176,146.49141,1156.0171,146.73183,-0.4005127,0.24041748,0.46713057
63,215.7706,57.591125,215.96283,57.57782,0.19223022,-0.013305664,0.19269016
63,260.64728,-0.5250521,260.83502,-0.32505798,0.18774414,0.19999409,0.27430913
63,218.72447,39.562263,218.68672,39.186413,-0.037750244,-0.37585068,0.37774175
63,202.68683,57.581444,202.41208,57.46128,-0.27474976,-0.120162964,0.29987758
63,214.00989,57.579056,214.13675,57.5653,0.12686157,-0.013755798,0.12760517
63,1273.4883,228.35591,1271.9625,228.28479,-1.5257568,-0.071121216,1.5274136
64,42.711933,239.40628,43.08387,239.46988,0.3719368,0.06359863,0.3773351
64,211.58815,62.654106,211.93155,62.716595,0.34339905,0.062488556,0.3490383
64,249.55232,1.952755,249.33987,1.8860588,-0.21244812,-0.06669617,0.22267148
64,19.182043,245.74829,18.56548,245.84027,-0.6165638,0.09197998,0.6233869
64,257.9884,6.6270766,257.8874,7.198614,-0.10101318,0.5715375,0.58039534
64,1275.3633,230.12495,1275.4662,230.15053,0.10290527,0.02557373,0.106035426
64,249.60686,-1.2429152,249.31027,-1.3445187,-0.29658508,-0.10160351,0.31350595
64,229.8451,39.366463,230.11589,39.282707,0.27079773,-0.08375549,0.2834544
64,15.90578,265.34546,16.126968,265.61447,0.22118855,0.26901245,0.34827012
64,44.865875,236.21576,45.33889,236.06561,0.47301483,-0.15014648,0.4962731
64,1022.47327,56.828117,1021.7611,56.835754,-0.7121582,0.007637024,0.71219915
64,14.637257,251.43729,14.394516,251.15579,-0.24274063,-0.28149414,0.37170145
64,237.6265,16.912647,237.9016,16.145884,0.2751007,-0.7667637,0.81462073
64,255.85593,9.232711,255.63986,9.805461,-0.21606445,0.5727501,0.61214906
64,175.25986,98.06908,175.43346,98.412094,0.17359924,0.34301758,0.38444474
64,1043.5892,65.54462,1043.7391,65.57505,0.14990234,0.030433655,0.15296052
64,204.37367,55.514618,204.27148,55.307655,-0.10218811,-0.20696259,0.23081577
64,262.6007,0.14493465,263.08783,0.17933273,0.48712158,0.03439808,0.48833457
64,25.788988,255.80766,25.905346,256.12326,0.1163578,0.31559753,0.3363643
64,204.08752,53.91315,203.84856,53.835323,-0.2389679,-0.07782745,0.25132203
64,16.738678,245.82214,16.203497,245.82787,-0.53518105,0.005722046,0.5352117
64,198.07442,60.803936,197.78651,60.74077,-0.28790283,-0.06316757,0.29475105
64,258.74683,3.8147626,258.71115,4.366151,-0.03567505,0.55138826,0.55254114
64,56.657394,219.36414,72.05828,203.12119,15.400887,-16.24295,22.383493
64,78.75402,184.78905,78.49139,184.69312,-0.26263428,-0.09593201,0.27960634
64,233.27136,37.697426,233.54909,37.69362,0.27772522,-0.0038070679,0.27775133
64,198.96565,73.66734,199.20164,73.69049,0.23599243,0.023147583,0.23712495
64,230.44537,40.0287,230.7113,39.995766,0.26593018,-0.032936096,0.267962
64,79.16994,182.89545,78.92518,182.69937,-0.2447586,-0.19607544,0.3136118
64,64.50264,197.788,79.17165,182.28113,14.669014,-15.506866,21.345793
64,206.90292,67.298676,207.24623,67.394196,0.3433075,0.09552002,0.35634828
64,195.6762,64.58897,195.5797,64.41403,-0.09649658,-0.17493439,0.19978397
64,198.3271,60.964905,198.05467,60.91336,-0.27243042,-0.05154419,0.27726367
64,1139.8547,133.36392,1140.5792,133.30127,0.7244873,-0.06265259,0.72719127
64,1156.0171,146.73183,1156.4286,146.68243,0.41149902,-0.0493927,0.41445276
64,215.96283,57.57782,216.34209,57.557228,0.3792572,-0.020591736,0.3798158
64,260.83502,-0.32505798,261.18378,-0.14015865,0.34875488,0.18489933,0.39473754
64,218.68672,39.186413,218.56412,38.995598,-0.12260437,-0.19081497,0.2268087
64,202.41208,57.46128,202.1808,57.36682,-0.23127747,-0.09445953,0.24982367
64,214.13675,57.5653,214.44626,57.543514,0.30950928,-0.021785736,0.31027505
64,1271.9625,228.28479,1272.1093,228.23079,0.14672852,-0.054000854,0.15635009
65,43.08387,239.46988,43.659634,239.5315,0.5757637,0.06161499,0.57905114
65,211.93155,62.716595,212.52823,62.67426,0.5966797,-0.04233551,0.5981797
65,249.33987,1.8860588,249.06212,1.9604607,-0.27775574,0.074401855,0.28754807
65,18.56548,245.84027,17.534344,246.21648,-1.0311356,0.37620544,1.0976206
65,257.8874,7.198614,257.4564,8.284873,-0.43099976,1.0862589,1.1686399
65,1275.4662,230.15053,1274.9226,230.11691,-0.5435791,-0.033615112,0.5446175
65,249.31027,-1.3445187,248.9737,-1.366209,-0.33657837,-0.021690369,0.33727655
65,230.11589,39.282707,230.59705,39.159683,0.4811554,-0.12302399,0.4966341
65,16.126968,265.61447,16.168053,266.27307,0.04108429,0.65859985,0.65988004
65,45.33889,236.06561,46.225754,235.79742,0.8868637,-0.26818848,0.92652696
65,1021.7611,56.835754,1022.41986,56.784626,0.65875244,-0.051128387,0.6607336
65,14.394516,251.15579,14.0441,250.86249,-0.35041618,-0.29330444,0.45696718
65,237.9016,16.145884,237.96637,15.578677,0.06477356,-0.5672064,0.5708929
65,255.63986,9.805461,255.25513,10.699663,-0.3847351,0.89420223,0.9734571
65,175.43346,98.412094,175.48325,98.724266,0.04978943,0.31217194,0.31611755
65,1043.7391,65.57505,1044.5703,65.46333,0.83117676,-0.111717224,0.838651
65,204.27148,55.307655,203.81749,55.04728,-0.45399475,-0.26037598,0.52336115
65,263.08783,0.17933273,263.63388,0.22652149,0.546051,0.04718876,0.5480862
65,25.905346,256.12326,26.119593,256.51044,0.21424675,0.3871765,0.44250122
65,203.84856,53.835323,203.2384,53.74619,-0.6101532,-0.08913422,0.6166294
65,16.203497,245.82787,15.350312,246.06386,-0.8531847,0.23599243,0.8852212
65,197.78651,60.74077,197.21507,60.701557,-0.57144165,-0.039211273,0.5727854
65,258.71115,4.366151,258.45554,5.3031907,-0.25561523,0.93703985,0.97127897
65,72.05828,203.12119,71.7263,203.92856,-0.33197784,0.80737305,0.8729608
65,78.49139,184.69312,98.97437,163.88705,20.482986,-20.80606,29.19666
65,233.54909,37.69362,233.86357,37.875443,0.31448364,0.18182373,0.36326274
65,199.20164,73.69049,199.40414,73.82512,0.20249939,0.1346283,0.24316822
65,230.7113,39.995766,231.1815,39.972183,0.47019958,-0.023582458,0.4707906
65,78.92518,182.69937,103.17424,158.32104,24.249062,-24.378326,34.384876
65,79.17165,182.28113,103.435486,157.86786,24.263832,-24.413269,34.42007
65,207.24623,67.394196,207.68936,67.4193,0.4431305,0.025100708,0.44384083
65,195.5797,64.41403,195.08632,64.404724,-0.4933777,-0.009307861,0.49346548
65,198.05467,60.91336,197.4772,60.900223,-0.5774689,-0.013137817,0.5776183
65,1140.5792,133.30127,1140.1216,133.26782,-0.4576416,-0.033447266,0.45886225
65,1156.4286,146.68243,1156.011,146.68108,-0.41760254,-0.0013580322,0.41760474
65,216.34209,57.557228,216.96461,57.432293,0.6225281,-0.12493515,0.6349409
65,261.18378,-0.14015865,261.48236,0.18809223,0.29858398,0.32825089,0.44373533
65,218.56412,38.995598,218.3884,38.821884,-0.17572021,-0.17371368,0.24709114
65,202.1808,57.36682,201.50119,57.253628,-0.6796112,-0.11319351,0.68897325
65,214.44626,57.543514,214.91502,57.415188,0.46876526,-0.12832642,0.48601288
65,1272.1093,228.23079,1271.4158,228.02759,-0.69348145,-0.2032013,0.7226391
66,43.659634,239.5315,44.305035,239.66365,0.645401,0.13215637,0.6587926
66,212.52823,62.67426,212.98172,62.750294,0.4534912,0.076034546,0.4598212
66,249.06212,1.9604607,248.7142,2.1385503,-0.34791565,0.17808962,0.3908468
66,17.534344,246.21648,14.513019,248.46788,-3.021325,2.2514038,3.7679205
66,257.4564,8.284873,248.88109,19.69368,-8.575302,11.408807,14.272235
66,1274.9226,230.11691,1274.1057,230.16187,-0.81689453,0.044952393,0.81813043
66,248.9737,-1.366209,248.58289,-1.4956169,-0.3908081,-0.12940788,0.4116763
66,230.59705,39.159683,231.28185,38.34872,0.6847992,-0.8109627,1.061419
66,16.168053,266.27307,19.587616,263.3158,3.4195633,-2.9572754,4.5209394
66,46.225754,235.79742,47.062065,235.58542,0.83631134,-0.21200562,0.8627648
66,1022.41986,56.784626,1021.7189,56.794365,-0.70098877,0.009738922,0.7010564
66,14.0441,250.86249,13.797522,250.3961,-0.24657822,-0.4663849,0.5275563
66,237.96637,15.578677,238.2062,14.659315,0.23983765,-0.91936207,0.9501309
66,255.25513,10.699663,247.51852,20.720741,-7.736603,10.021078,12.660056
66,175.48325,98.724266,161.84515,112.860344,-13.638092,14.136078,19.64246
66,1044.5703,65.46333,1044.3422,65.44501,-0.22814941,-0.018325806,0.22888424
66,203.81749,55.04728,203.77374,54.550232,-0.04374695,-0.49704742,0.49896887
66,263.63388,0.22652149,264.33746,0.40569305,0.70358276,0.17917156,0.726038
66,26.119593,256.51044,26.425978,256.7785,0.30638504,0.2680664,0.4071012
66,203.2384,53.74619,202.97308,53.44176,-0.26531982,-0.3044281,0.4038206
66,15.350312,246.06386,14.312971,246.39105,-1.0373411,0.3271942,1.087719
66,197.21507,60.701557,196.90277,60.52469,-0.31230164,-0.17686844,0.35890773
66,258.45554,5.3031907,253.20471,12.848399,-5.250824,7.5452085,9.19246
66,71.7263,203.92856,72.0544,204.18213,0.32809448,0.25357056,0.41466135
66,98.97437,163.88705,137.63957,124.98726,38.6652,-38.899796,54.846985
66,233.86357,37.875443,218.62875,56.039547,-15.2348175,18.164104,23.707264
66,199.40414,73.82512,199.40602,74.1734,0.001876831,0.34828186,0.34828693
66,231.1815,39.972183,231.63164,39.54007,0.45013428,-0.43211365,0.6239736
66,103.17424,158.32104,126.54344,134.70131,23.369202,-23.619736,33.22667
66,103.435486,157.86786,126.70874,134.36821,23.273254,-23.49965,33.073826
66,207.68936,67.4193,208.10054,67.52211,0.4111786,0.10281372,0.4238378
66,195.08632,64.404724,194.84575,64.18749,-0.24057007,-0.21723175,0.32413512
66,197.4772,60.900223,197.18652,60.723454,-0.29067993,-0.17676926,0.34020904
66,1140.1216,133.26782,1140.6167,133.32388,0.4951172,0.05606079,0.49828088
66,1156.011,146.68108,1155.6523,146.66954,-0.35864258,-0.0115356445,0.35882804
66,216.96461,57.432293,217.5875,57.36473,0.622879,-0.0675621,0.62653244
66,261.48236,0.18809223,261.92325,0.6865969,0.44088745,0.49850464,0.6654988
66,218.3884,38.821884,218.08295,38.40787,-0.30545044,-0.4140129,0.5144965
66,201.50119,57.253628,201.0992,57.11255,-0.4019928,-0.14107895,0.4260299
66,214.91502,57.415188,215.43121,57.33651,0.5161896,-0.07867813,0.52215123
66,1271.4158,228.02759,1270.6067,227.9231,-0.80908203,-0.10449219,0.8158017
67,44.305035,239.66365,44.98699,239.70479,0.68195724,0.041137695,0.6831969
67,212.98172,62.750294,213.52356,62.85018,0.5418396,0.09988785,0.55096984
67,248.7142,2.1385503,248.31914,1.560298,-0.3950653,-0.5782523,0.70032305
67,14.513019,248.46788,14.102875,248.07391,-0.41014385,-0.39396667,0.56870705
67,248.88109,19.69368,249.58203,19.286375,0.700943,-0.40730476,0.81069
67,1274.1057,230.16187,1273.7227,230.01282,-0.38305664,-0.14904785,0.4110324
67,248.58289,-1.4956169,248.0673,-2.2189684,-0.5155792,-0.7233515,0.8882901
67,231.28185,38.34872,216.28578,56.613743,-14.996063,18.265022,23.632456
67,19.587616,263.3158,19.777653,263.7622,0.19003677,0.44641113,0.48517716
67,47.062065,235.58542,48.12871,235.03793,1.0666466,-0.54748535,1.1989475
67,1021.7189,56.794365,1022.0031,56.790096,0.28424072,-0.0042686462,0.28427276
67,13.797522,250.3961,13.475757,249.86526,-0.32176495,-0.530838,0.62074286
67,238.2062,14.659315,238.20897,13.705172,0.0027618408,-0.9541435,0.9541475
67,247.51852,20.720741,249.8033,18.447119,2.2847748,-2.2736225,3.2232833
67,161.84515,112.860344,168.43668,106.946495,6.591522,-5.913849,8.855607
67,1044.3422,65.44501,1045.2484,65.349594,0.90625,-0.09541321,0.9112589
67,203.77374,54.550232,203.56693,54.097523,-0.20681763,-0.4527092,0.49771392
67,264.33746,0.40569305,264.74255,0.35033035,0.40509033,-0.0553627,0.40885597
67,26.425978,256.7785,26.816328,257.0235,0.39035034,0.24499512,0.4608644
67,202.97308,53.44176,202.41977,53.296818,-0.5533142,-0.14494324,0.5719835
67,14.312971,246.39105,13.675697,246.23672,-0.6372738,-0.1543274,0.6556942
67,196.90277,60.52469,196.37308,60.345596,-0.5296936,-0.1790924,0.5591506
67,253.20471,12.848399,253.49362,12.410667,0.2889099,-0.43773174,0.5244788
67,72.0544,204.18213,72.09241,204.74062,0.038009644,0.55848694,0.55977887
67,137.63957,124.98726,244.89775,10.918957,107.25818,-114.0683,156.57553
67,218.62875,56.039547,219.5738,55.684013,0.9450531,-0.3555336,1.0097175
67,199.40602,74.1734,199.6601,74.33571,0.2540741,0.16230774,0.30149204
67,231.63164,39.54007,216.44595,58.300087,-15.185684,18.760017,24.135933
67,126.54344,134.70131,252.63777,-1.9766083,126.09433,-136.67792,185.95868
67,126.70874,134.36821,246.76152,6.141018,120.05278,-128.22719,175.65558
67,208.10054,67.52211,208.68593,67.63988,0.5853882,0.117767334,0.59711677
67,194.84575,64.18749,194.40045,63.96777,-0.44529724,-0.21972275,0.49655586
67,197.18652,60.723454,196.60988,60.609795,-0.5766449,-0.113658905,0.58773947
67,1140.6167,133.32388,1141.1849,133.11554,0.5682373,-0.2083435,0.60522777
67,1155.6523,146.66954,1156.1823,146.81181,0.5299072,0.14227295,0.54867405
67,217.5875,57.36473,218.33391,57.30823,0.7464142,-0.05649948,0.74854946
67,261.92325,0.6865969,262.32288,0.6312008,0.3996277,-0.05539608,0.4034489
67,218.08295,38.40787,198.81058,59.18577,-19.27237,20.777897,28.339817
67,201.0992,57.11255,200.59976,56.897247,-0.49943542,-0.21530151,0.5438662
67,215.43121,57.33651,215.99136,57.297646,0.56015015,-0.038864136,0.56149673
67,1270.6067,227.9231,1270.0625,227.56317,-0.54418945,-0.35992432,0.65244746
68,44.98699,239.70479,45.641666,239.87698,0.65467453,0.17219543,0.67694163
68,213.52356,62.85018,214.12401,62.934086,0.6004486,0.08390427,0.60628253
68,248.31914,1.560298,247.82268,1.9092073,-0.49645996,0.34890938,0.6068033
68,14.102875,248.07391,13.832523,247.61008,-0.2703514,-0.46383667,0.5368746
68,249.58203,19.286375,249.73763,20.058054,0.15559387,0.7716789,0.78720886
68,1273.7227,230.01282,1272.2614,230.15846,-1.4613037,0.14564514,1.4685439
68,248.0673,-2.2189684,247.56422,-2.3062544,-0.5030823,-0.087285995,0.5105983
68,216.28578,56.613743,216.89114,56.45853,0.60536194,-0.1552124,0.62494314
68,19.777653,263.7622,20.17249,264.18665,0.39483643,0.42443848,0.5796929
68,48.12871,235.03793,49.17914,234.74515,1.0504265,-0.29278564,1.0904675
68,1022.0031,56.790096,1021.27765,56.820194,-0.72546387,0.030097961,0.7260879
68,13.475757,249.86526,13.197947,249.3841,-0.2778101,-0.48117065,0.5556111
68,238.20897,13.705172,237.82338,13.5741,-0.3855896,-0.13107204,0.40725818
68,249.8033,18.447119,249.85077,19.32652,0.047470093,0.87940216,0.88068247
68,168.43668,106.946495,168.5724,107.654755,0.13572693,0.7082596,0.7211473
68,1045.2484,65.349594,1045.7255,65.41556,0.47705078,0.065963745,0.48158973
68,203.56693,54.097523,203.35524,53.71444,-0.21168518,-0.38308334,0.43767962
68,264.74255,0.35033035,265.7895,0.37932777,1.046936,0.028997421,1.0473375
68,26.816328,257.0235,27.222515,257.30908,0.40618706,0.2855835,0.49653384
68,202.41977,53.296818,201.86917,53.199112,-0.55059814,-0.09770584,0.5592001
68,13.675697,246.23672,13.333541,245.81622,-0.3421564,-0.4205017,0.5421187
68,196.37308,60.345596,195.96414,60.1232,-0.40893555,-0.22239685,0.46549827
68,253.49362,12.410667,253.87894,12.925212,0.38531494,0.5145445,0.6428247
68,72.09241,204.74062,72.813736,204.91481,0.72132874,0.17419434,0.7420639
68,244.89775,10.918957,245.04343,10.79502,0.14567566,-0.12393665,0.19126341
68,219.5738,55.684013,220.41628,55.447506,0.84246826,-0.23650742,0.8750363
68,199.6601,74.33571,200.01408,74.573074,0.35398865,0.23736572,0.4262047
68,216.44595,58.300087,217.05334,58.327354,0.60739136,0.027267456,0.6080031
68,252.63777,-1.9766083,252.07532,-1.1565657,-0.5624542,0.8200426,0.9943966
68,246.76152,6.141018,246.55347,6.2704964,-0.20805359,0.12947845,0.245053
68,208.68593,67.63988,209.31091,67.7248,0.62498474,0.08492279,0.630728
68,194.40045,63.96777,194.13208,63.665714,-0.26837158,-0.30205536,0.4040554
68,196.60988,60.609795,196.21356,60.401833,-0.39631653,-0.20796204,0.44756564
68,1141.1849,133.11554,1140.7881,133.17274,-0.3968506,0.0572052,0.4009524
68,1156.1823,146.81181,1155.3838,146.97243,-0.7984619,0.16061401,0.8144558
68,218.33391,57.30823,219.046,57.250042,0.71209717,-0.058189392,0.71447074
68,262.32288,0.6312008,263.23065,0.86131763,0.9077759,0.23011684,0.93648857
68,198.81058,59.18577,198.14363,59.301907,-0.6669464,0.11613846,0.67698276
68,200.59976,56.897247,200.15436,56.657116,-0.44540405,-0.24013138,0.5060117
68,215.99136,57.297646,216.5495,57.242542,0.558136,-0.055103302,0.5608495
68,1270.0625,227.56317,1268.9097,227.47226,-1.152832,-0.090911865,1.1564112
69,45.641666,239.87698,46.227333,240.03296,0.58566666,0.15597534,0.60608065
69,214.12401,62.934086,214.77348,63.01351,0.6494751,0.07942581,0.6543137
69,247.82268,1.9092073,247.24649,1.5276737,-0.57618713,-0.38153362,0.6910568
69,13.832523,247.61008,13.501993,247.14691,-0.33053017,-0.46316528,0.5690099
69,249.73763,20.058054,250.07991,20.22961,0.34228516,0.17155647,0.38287172
69,1272.2614,230.15846,1270.9374,230.16055,-1.3239746,0.002090454,1.3239763
69,247.56422,-2.3062544,246.87239,-2.8982277,-0.6918335,-0.5919733,0.9105306
69,216.89114,56.45853,217.61383,56.227432,0.72268677,-0.23109818,0.75873744
69,20.17249,264.18665,20.408562,264.52783,0.23607254,0.34118652,0.41489574
69,49.17914,234.74515,49.99222,234.44884,0.81308365,-0.29631042,0.8653929
69,1021.27765,56.820194,1021.1513,56.80943,-0.12634277,-0.010765076,0.12680057
69,13.197947,249.3841,12.753429,249.03392,-0.44451714,-0.35017395,0.56587744
69,237.82338,13.5741,237.38525,13.064039,-0.4381256,-0.5100603,0.6723954
69,249.85077,19.32652,250.11325,19.56091,0.2624817,0.23438835,0.35190132
69,168.5724,107.654755,168.80083,108.13603,0.22842407,0.48127747,0.53273404
69,1045.7255,65.41556,1046.3015,65.356,0.5760498,-0.059555054,0.57912016
69,203.35524,53.71444,203.42691,53.221256,0.07167053,-0.49318314,0.4983636
69,265.7895,0.37932777,266.706,0.1774292,0.9165039,-0.20189857,0.93847877
69,27.222515,257.30908,27.628384,257.4922,0.40586853,0.18310547,0.44526047
69,201.86917,53.199112,201.53966,53.089195,-0.32951355,-0.10991669,0.34736273
69,13.333541,245.81622,12.814945,245.52553,-0.5185957,-0.2906952,0.5945125
69,195.96414,60.1232,195.68275,59.961533,-0.28138733,-0.16166687,0.32452273
69,253.87894,12.925212,254.06468,13.003351,0.18574524,0.078139305,0.2015119
69,72.813736,204.91481,73.14554,205.06667,0.33180237,0.15185547,0.3649012
69,245.04343,10.79502,245.0426,10.087543,-0.0008239746,-0.70747757,0.70747805
69,220.41628,55.447506,221.26628,55.206726,0.8500061,-0.24077988,0.8834508
69,200.01408,74.573074,200.29572,74.8546,0.28163147,0.28152466,0.39821154
69,217.05334,58.327354,217.68399,58.34623,0.63064575,0.018875122,0.63092816
69,252.07532,-1.1565657,251.32993,-0.9189539,-0.74539185,0.23761177,0.782348
69,246.55347,6.2704964,246.14632,5.79105,-0.40715027,-0.4794464,0.62899935
69,209.31091,67.7248,209.98523,67.83545,0.6743164,0.11064911,0.68333435
69,194.13208,63.665714,194.03839,63.27655,-0.093688965,-0.38916397,0.40028265
69,196.21356,60.401833,196.01149,60.17575,-0.20207214,-0.22608185,0.30322623
69,1140.7881,133.17274,1141.558,133.04065,0.76989746,-0.13209534,0.7811474
69,1155.3838,146.97243,1155.668,147.00363,0.2841797,0.031204224,0.28588775
69,219.046,57.250042,219.7441,57.149887,0.6980896,-0.10015488,0.7052376
69,263.23065,0.86131763,263.81912,1.0648861,0.58847046,0.20356846,0.6226858
69,198.14363,59.301907,197.41667,59.684902,-0.7269592,0.3829956,0.8216784
69,200.15436,56.657116,200.028,56.372696,-0.12635803,-0.28442,0.31122515
69,216.5495,57.242542,217.19566,57.141727,0.64616394,-0.10081482,0.6539812
69,1268.9097,227.47226,1267.8568,227.2447,-1.0528564,-0.22755432,1.0771664
70,46.227333,240.03296,46.62522,240.1276,0.39788818,0.09463501,0.40898752
70,214.77348,63.01351,215.484,63.20271,0.71051025,0.18919754,0.735269
70,247.24649,1.5276737,246.96466,1.2286386,-0.28182983,-0.29903507,0.41091365
70,13.501993,247.14691,13.19379,246.9626,-0.30820274,-0.18431091,0.35910925
70,250.07991,20.22961,250.69093,20.40018,0.61102295,0.17057037,0.63438416
70,1270.9374,230.16055,1269.5985,230.26134,-1.3388672,0.1007843,1.3426552
70,246.87239,-2.8982277,246.60347,-3.3744183,-0.2689209,-0.47619057,0.54687834
70,217.61383,56.227432,218.31305,56.11189,0.69921875,-0.115543365,0.708701
70,20.408562,264.52783,20.695053,264.88754,0.2864914,0.3597107,0.4598577
70,49.99222,234.44884,50.627476,234.1907,0.6352539,-0.25813293,0.68569684
70,1021.1513,56.80943,1021.08435,56.88455,-0.06695557,0.07511902,0.1006276
70,12.753429,249.03392,12.501594,248.75212,-0.25183582,-0.28179932,0.3779314
70,237.38525,13.064039,237.47202,12.168074,0.086761475,-0.8959656,0.90015656
70,250.11325,19.56091,250.6092,19.831264,0.49595642,0.27035522,0.56485814
70,168.80083,108.13603,168.85669,108.69861,0.055862427,0.5625763,0.56534296
70,1046.3015,65.356,1046.7445,65.33215,0.44299316,-0.023849487,0.4436347
70,203.42691,53.221256,202.7444,53.269096,-0.6825104,0.04784012,0.68418497
70,266.706,0.1774292,267.3351,0.1094141,0.6291199,-0.0680151,0.6327858
70,27.628384,257.4922,28.062656,257.66382,0.43427277,0.17163086,0.46695822
70,201.53966,53.089195,200.55002,53.33814,-0.9896393,0.24894333,1.0204699
70,12.814945,245.52553,12.4091835,245.44167,-0.40576172,-0.083862305,0.41433737
70,195.68275,59.961533,195.61206,59.33523,-0.07069397,-0.6263008,0.630278
70,254.06468,13.003351,254.73248,12.767236,0.6678009,-0.23611546,0.7083139
70,73.14554,205.06667,73.49833,205.44934,0.35279083,0.38267517,0.5204821
70,245.0426,10.087543,245.20258,9.536705,0.15997314,-0.5508375,0.5735969
70,221.26628,55.206726,222.08968,55.105164,0.8233948,-0.1015625,0.8296348
70,200.29572,74.8546,200.54343,75.224045,0.24771118,0.3694458,0.4448045
70,217.68399,58.34623,218.34154,58.475437,0.657547,0.12920761,0.6701214
70,251.32993,-0.9189539,251.04097,-0.8440161,-0.2889557,0.07493782,0.29851478
70,246.14632,5.79105,246.09029,5.3741384,-0.056030273,-0.4169116,0.4206598
70,209.98523,67.83545,210.51917,68.052414,0.53393555,0.21696472,0.576334
70,194.03839,63.27655,193.929,62.785736,-0.10939026,-0.4908142,0.5028567
70,196.01149,60.17575,196.04005,59.47715,0.028564453,-0.69860077,0.6991845
70,1141.558,133.04065,1141.0209,133.02827,-0.5371094,-0.012374878,0.5372519
70,1155.668,147.00363,1155.3499,147.37987,-0.31811523,0.37623596,0.49269748
70,219.7441,57.149887,220.52162,57.154778,0.77752686,0.004890442,0.77754223
70,263.81912,1.0648861,264.23346,1.2999363,0.41433716,0.2350502,0.47636527
70,197.41667,59.684902,197.31897,59.161877,-0.09770203,-0.5230255,0.5320727
70,200.028,56.372696,199.36554,56.2925,-0.6624603,-0.08019638,0.6672969
70,217.19566,57.141727,217.79114,57.171795,0.59547424,0.030067444,0.5962329
70,1267.8568,227.2447,1266.7389,227.11313,-1.1179199,-0.13157654,1.1256363
71,46.62522,240.1276,47.190075,240.06093,0.56485367,-0.06666565,0.5687741
71,215.484,63.20271,216.01958,63.006596,0.5355835,-0.19611359,0.57035977
71,246.96466,1.2286386,247.15291,0.65366364,0.18824768,-0.574975,0.605007
71,13.19379,246.9626,12.414334,247.40596,-0.77945614,0.44335938,0.896727
71,250.69093,20.40018,251.02734,20.377846,0.33641052,-0.022335052,0.33715114
71,1269.5985,230.26134,1268.9159,230.1518,-0.6826172,-0.10954285,0.69135076
71,246.60347,-3.3744183,246.6172,-3.7225971,0.01373291,-0.34817886,0.3484496
71,218.31305,56.11189,219.21548,55.42737,0.9024353,-0.6845207,1.1326773
71,20.695053,264.88754,20.898832,265.2158,0.20377922,0.32824707,0.3863575
71,50.627476,234.1907,51.356544,233.74901,0.72906876,-0.44169617,0.8524299
71,1021.08435,56.88455,1021.2239,56.664726,0.13952637,-0.21982193,0.26036376
71,12.501594,248.75212,11.333962,249.59116,-1.1676311,0.83903503,1.4378256
71,237.47202,12.168074,237.82622,11.171968,0.35420227,-0.9961052,1.0572062
71,250.6092,19.831264,251.01282,19.69992,0.40361023,-0.13134384,0.42444366
71,168.85669,108.69861,169.71756,108.41567,0.86087036,-0.2829361,0.90617365
71,1046.7445,65.33215,1047.0239,65.08244,0.27941895,-0.24971008,0.37474
71,202.7444,53.269096,202.20418,52.937984,-0.54022217,-0.3311119,0.6336206
71,267.3351,0.1094141,268.0595,-0.053839684,0.72439575,-0.16325378,0.74256384
71,28.062656,257.66382,28.40185,257.81757,0.33919334,0.15374756,0.37241167
71,200.55002,53.33814,199.75702,53.202995,-0.79299927,-0.13514328,0.80443245
71,12.4091835,245.44167,11.296699,246.1869,-1.1124849,0.74523926,1.3390311
71,195.61206,59.33523,195.07259,58.90611,-0.5394745,-0.42912292,0.6893324
71,254.73248,12.767236,255.7983,11.979038,1.0658112,-0.7881975,1.3255975
71,73.49833,205.44934,74.04638,205.05072,0.5480499,-0.3986206,0.6776851
71,245.20258,9.536705,245.86731,8.487494,0.6647339,-1.0492105,1.2420604
71,222.08968,55.105164,223.39201,54.026215,1.3023376,-1.078949,1.6912168
71,200.54343,75.224045,200.89223,75.06371,0.34880066,-0.16033173,0.38388562
71,218.34154,58.475437,218.85368,58.259155,0.512146,-0.21628189,0.5559419
71,251.04097,-0.8440161,251.11719,-0.97483253,0.07621765,-0.13081646,0.15140039
71,246.09029,5.3741384,246.53581,4.625466,0.44552612,-0.7486725,0.87120837
71,210.51917,68.052414,210.91338,67.870056,0.39421082,-0.18235779,0.4343461
71,193.929,62.785736,193.35606,62.485054,-0.572937,-0.30068207,0.6470444
71,196.04005,59.47715,195.47333,59.09002,-0.5667267,-0.38713074,0.6863303
71,1141.0209,133.02827,1141.3053,132.74915,0.28442383,-0.27912903,0.39850962
71,1155.3499,147.37987,1155.5002,147.15805,0.15039062,-0.22181702,0.26799276
71,220.52162,57.154778,221.24438,56.72342,0.72276306,-0.43135834,0.8416985
71,264.23346,1.2999363,264.9239,1.2695875,0.6904297,-0.030348778,0.69109637
71,197.31897,59.161877,196.71597,58.824097,-0.6029968,-0.33778,0.69115883
71,199.36554,56.2925,199.17508,55.437622,-0.1904602,-0.8548775,0.8758371
71,217.79114,57.171795,218.46022,56.757683,0.66908264,-0.4141121,0.78686744
71,1266.7389,227.11313,1266.1488,226.712,-0.5900879,-0.40112305,0.7135148
72,47.190075,240.06093,47.415672,240.42699,0.22559738,0.36605835,0.42999172
72,216.01958,63.006596,216.59555,63.240635,0.5759735,0.2340393,0.6217072
72,247.15291,0.65366364,246.84172,0.3512802,-0.31118774,-0.30238342,0.433905
72,12.414334,247.40596,12.123693,247.04886,-0.29064083,-0.35710144,0.46042755
72,251.02734,20.377846,251.1542,20.829243,0.12686157,0.45139694,0.4688849
72,1268.9159,230.1518,1268.1079,230.38435,-0.8079834,0.2325592,0.8407859
72,246.6172,-3.7225971,246.09872,-3.7818146,-0.5184784,-0.059217453,0.52184916
72,219.21548,55.42737,219.81181,55.419205,0.59632874,-0.008163452,0.5963846
72,20.898832,265.2158,21.139242,265.555,0.24040985,0.33920288,0.41575894
72,51.356544,233.74901,51.794456,233.81018,0.437912,0.061172485,0.44216397
72,1021.2239,56.664726,1021.177,57.220875,-0.046875,0.5561485,0.5581205
72,11.333962,249.59116,11.124118,249.0986,-0.20984459,-0.4925537,0.5353914
72,237.82622,11.171968,237.66176,10.639451,-0.16445923,-0.53251743,0.5573344
72,251.01282,19.69992,251.1411,20.13333,0.12828064,0.43340874,0.4519945
72,169.71756,108.41567,169.44534,109.424644,-0.2722168,1.0089722,1.0450487
72,1047.0239,65.08244,1047.2151,65.26987,0.19116211,0.1874237,0.26771367
72,202.20418,52.937984,202.12619,52.559242,-0.07798767,-0.37874222,0.38668817
72,268.0595,-0.053839684,268.42166,0.15879345,0.3621521,0.21263313,0.4199607
72,28.40185,257.81757,28.615366,258.1305,0.21351624,0.31292725,0.3788306
72,199.75702,53.202995,199.5804,52.895958,-0.17662048,-0.30703735,0.35421285
72,11.296699,246.1869,11.045896,245.78085,-0.250803,-0.40605164,0.4772631
72,195.07259,58.90611,194.78622,58.807827,-0.2863617,-0.09828186,0.3027579
72,255.7983,11.979038,255.99678,12.090012,0.19848633,0.11097336,0.22740252
72,74.04638,205.05072,74.22505,205.59372,0.17867279,0.54299927,0.5716399
72,245.86731,8.487494,245.7114,8.295669,-0.1559143,-0.19182587,0.24719715
72,223.39201,54.026215,223.97807,54.049286,0.5860596,0.023071289,0.5865135
72,200.89223,75.06371,201.3047,75.39634,0.4124756,0.33262634,0.5298834
72,218.85368,58.259155,219.4311,58.441708,0.5774231,0.18255234,0.6055929
72,251.11719,-0.97483253,250.85493,-0.9649439,-0.2622528,0.009888649,0.2624392
72,246.53581,4.625466,246.24747,4.465283,-0.28834534,-0.16018295,0.32985088
72,210.91338,67.870056,211.46153,68.12262,0.54815674,0.25256348,0.603543
72,193.35606,62.485054,193.25723,62.266483,-0.09883118,-0.21857071,0.23987655
72,195.47333,59.09002,195.22293,58.96645,-0.25039673,-0.12356949,0.2792274
72,1141.3053,132.74915,1140.5647,132.67532,-0.7406006,-0.07382202,0.74427074
72,1155.5002,147.15805,1154.9509,147.45955,-0.5493164,0.3014984,0.6266177
72,221.24438,56.72342,221.84709,56.776943,0.6027069,0.053524017,0.6050789
72,264.9239,1.2695875,265.1964,1.5753078,0.27252197,0.30572033,0.40955237
72,196.71597,58.824097,196.44423,58.73462,-0.27174377,-0.08947754,0.28609598
72,199.17508,55.437622,198.93143,55.24364,-0.24365234,-0.19398117,0.31144047
72,218.46022,56.757683,219.04063,56.831165,0.5804138,0.07348251,0.5850469
72,1266.1488,226.712,1265.2675,226.74596,-0.88134766,0.033950806,0.88200134
73,47.415672,240.42699,47.60451,240.42365,0.18883896,-0.0033416748,0.18886852
73,216.59555,63.240635,216.97588,63.20293,0.38032532,-0.037704468,0.38218972
73,246.84172,0.3512802,246.84132,0.045042038,-0.00039672852,-0.30623817,0.30623844
73,12.123693,247.04886,12.031183,246.85596,-0.09251022,-0.19290161,0.2139373
73,251.1542,20.829243,251.15788,21.170551,0.0036773682,0.3413086,0.3413284
73,1268.1079,230.38435,1268.3048,230.341,0.19689941,-0.04335022,0.20161504
73,246.09872,-3.7818146,245.99553,-4.024273,-0.10319519,-0.24245834,0.2635058
73,219.81181,55.419205,220.29616,55.237774,0.48434448,-0.18143082,0.51721054
73,21.139242,265.555,21.15414,265.77176,0.0148983,0.21676636,0.21727774
73,51.794456,233.81018,52.107162,233.63414,0.312706,-0.17604065,0.35885283
73,1021.177,57.220875,1021.669,57.042877,0.4920044,-0.17799759,0.5232126
73,11.124118,249.0986,11.096529,248.82463,-0.027588844,-0.27397156,0.27535716
73,237.66176,10.639451,237.53177,10.388994,-0.12998962,-0.2504568,0.28218064
73,251.1411,20.13333,251.20895,20.398502,0.067855835,0.26517296,0.2737172
73,169.44534,109.424644,169.41525,109.5752,-0.030090332,0.15055847,0.15353593
73,1047.2151,65.26987,1048.3993,65.25034,1.1842041,-0.01952362,1.184365
73,202.12619,52.559242,201.85574,52.324757,-0.27044678,-0.23448563,0.35794547
73,268.42166,0.15879345,268.80035,0.06492138,0.37869263,-0.09387207,0.3901539
73,28.615366,258.1305,28.796738,258.21838,0.18137169,0.087890625,0.20154515
73,199.5804,52.895958,199.20303,52.74444,-0.3773651,-0.15151978,0.40664807
73,11.045896,245.78085,10.935429,245.59605,-0.11046696,-0.1847992,0.21529907
73,194.78622,58.807827,194.2982,58.702057,-0.48802185,-0.10577011,0.49935222
73,255.99678,12.090012,256.2025,12.108379,0.20573425,0.018367767,0.20655255
73,74.22505,205.59372,74.414406,205.68292,0.18935394,0.08920288,0.20931333
73,245.7114,8.295669,245.75331,8.109581,0.041915894,-0.18608761,0.19074994
73,223.97807,54.049286,224.69026,53.627808,0.7121887,-0.42147827,0.8275607
73,201.3047,75.39634,201.08447,75.589615,-0.2202301,0.19327545,0.29301313
73,219.4311,58.441708,219.84651,58.390675,0.41540527,-0.05103302,0.41852826
73,250.85493,-0.9649439,250.76723,-1.0259523,-0.08770752,-0.061008453,0.10683932
73,246.24747,4.465283,246.23119,4.290152,-0.016281128,-0.17513084,0.175886
73,211.46153,68.12262,211.65727,68.091125,0.19573975,-0.03149414,0.19825722
73,193.25723,62.266483,192.6251,62.271763,-0.63212585,0.005279541,0.6321479
73,195.22293,58.96645,194.7149,58.878754,-0.5080261,-0.087696075,0.5155397
73,1140.5647,132.67532,1141.3392,132.62347,0.77453613,-0.051849365,0.7762696
73,1154.9509,147.45955,1155.529,147.4253,0.578125,-0.03425598,0.579139
73,221.84709,56.776943,222.34505,56.614162,0.49795532,-0.16278076,0.5238865
73,265.1964,1.5753078,265.5324,1.6071272,0.33599854,0.031819344,0.33750182
73,196.44423,58.73462,195.99348,58.625515,-0.45074463,-0.10910416,0.46376118
73,198.93143,55.24364,198.44334,55.18746,-0.4880829,-0.056179047,0.49130538
73,219.04063,56.831165,219.5216,56.667503,0.4809723,-0.16366196,0.50805473
73,1265.2675,226.74596,1265.4253,226.56557,0.15783691,-0.1803894,0.2396932
74,47.60451,240.42365,47.78237,240.51657,0.17786026,0.092926025,0.20067266
74,216.97588,63.20293,217.15703,63.261555,0.18115234,0.058624268,0.19040214
74,246.84132,0.045042038,246.80164,-0.11281967,-0.03968811,-0.15786171,0.16277428
74,12.031183,246.85596,11.9827175,246.79703,-0.04846573,-0.058929443,0.07629945
74,251.15788,21.170551,251.22235,21.28415,0.064468384,0.11359787,0.13061641
74,1268.3048,230.341,1267.4855,230.44595,-0.81933594,0.10494995,0.8260302
74,245.99553,-4.024273,245.92137,-4.1505957,-0.074157715,-0.12632275,0.14648141
74,220.29616,55.237774,220.53085,55.168488,0.23469543,-0.06928635,0.2447091
74,21.15414,265.77176,21.26384,265.81207,0.10969925,0.04031372,0.11687224
74,52.107162,233.63414,52.336086,233.62912,0.2289238,-0.0050201416,0.22897884
74,1021.669,57.042877,1021.57446,57.00831,-0.09454346,-0.034568787,0.100665115
74,11.096529,248.82463,11.040957,248.77858,-0.055571556,-0.046051025,0.07217267
74,237.53177,10.388994,237.48135,10.217233,-0.05041504,-0.17176151,0.17900753
74,251.20895,20.398502,251.29102,20.495485,0.08206177,0.096982956,0.12704262
74,169.41525,109.5752,169.69746,109.77678,0.2822113,0.20157623,0.34680858
74,1048.3993,65.25034,1047.9285,65.31445,-0.4708252,0.0641098,0.4751699
74,201.85574,52.324757,201.87117,52.311947,0.015426636,-0.012809753,0.020051705
74,268.80035,0.06492138,269.66833,-0.43496037,0.86798096,-0.49988174,1.0016351
74,28.796738,258.21838,28.878038,258.28467,0.081300735,0.06628418,0.104897104
74,199.20303,52.74444,199.16858,52.76448,-0.034454346,0.02004242,0.03985976
74,10.935429,245.59605,10.878559,245.54213,-0.056869507,-0.05392456,0.07837091
74,194.2982,58.702057,194.15007,58.884624,-0.14813232,0.1825676,0.23510447
74,256.2025,12.108379,256.37793,12.124528,0.17541504,0.016148567,0.17615679
74,74.414406,205.68292,74.670784,205.64755,0.25637817,-0.035369873,0.25880647
74,245.75331,8.109581,245.75662,7.9978127,0.0033111572,-0.111768246,0.11181728
74,224.69026,53.627808,224.98949,53.481155,0.29922485,-0.14665222,0.33323023
74,201.08447,75.589615,201.60658,75.72635,0.52211,0.13673401,0.53971756
74,219.84651,58.390675,220.00981,58.433136,0.16329956,0.042461395,0.16872971
74,250.76723,-1.0259523,250.77841,-1.0737896,0.011184692,-0.047837257,0.049127392
74,246.23119,4.290152,246.207,4.170106,-0.02418518,-0.12004614,0.122458145
74,211.65727,68.091125,211.95244,68.202415,0.29516602,0.11128998,0.31544957
74,192.6251,62.271763,192.46481,62.473793,-0.16029358,0.20203018,0.25789577
74,194.7149,58.878754,194.57266,59.064365,-0.14224243,0.18561172,0.23384744
74,1141.3392,132.62347,1140.6993,132.54355,-0.6398926,-0.07992554,0.6448648
74,1155.529,147.4253,1154.6852,147.45776,-0.8438721,0.032470703,0.84449655
74,222.34505,56.614162,222.57872,56.55474,0.2336731,-0.05942154,0.24111001
74,265.5324,1.6071272,266.2892,1.2218552,0.7568054,-0.38527203,0.84922844
74,195.99348,58.625515,195.92743,58.71997,-0.0660553,0.09445572,0.11526138
74,198.44334,55.18746,198.42255,55.22318,-0.02079773,0.03571701,0.041330986
74,219.5216,56.667503,219.75182,56.61272,0.23020935,-0.054782867,0.23663792
74,1265.4253,226.56557,1264.5614,226.54645,-0.8638916,-0.019119263,0.86410314
75,47.78237,240.51657,47.742134,240.3942,-0.040237427,-0.12237549,0.12882085
75,217.15703,63.261555,217.17781,63.2257,0.02078247,-0.03585434,0.041442066
75,246.80164,-0.11281967,246.02335,0.42660332,-0.7782898,0.539423,0.9469489
75,11.9827175,246.79703,11.887602,246.70389,-0.09511566,-0.09313965,0.13312395
75,251.22235,21.28415,250.50833,22.089632,-0.7140198,0.80548286,1.0763953
75,1267.4855,230.44595,1267.3975,230.36093,-0.088012695,-0.08502197,0.12237226
75,245.92137,-4.1505957,245.17322,-3.6768389,-0.7481537,0.4737568,0.88553905
75,220.53085,55.168488,220.5686,55.12115,0.037750244,-0.04733658,0.06054612
75,21.26384,265.81207,21.279327,265.6719,0.015487671,-0.14016724,0.14102028
75,52.336086,233.62912,52.43144,233.41841,0.09535217,-0.21070862,0.23127939
75,1021.57446,57.00831,1022.3049,57.01919,0.7304077,0.010883331,0.7304888
75,11.040957,248.77858,10.99047,248.64159,-0.05048752,-0.13699341,0.14600062
75,237.48135,10.217233,237.05911,10.267367,-0.4222412,0.05013466,0.42520717
75,251.29102,20.495485,250.34784,21.584562,-0.94317627,1.089077,1.4407187
75,169.69746,109.77678,169.82332,109.48274,0.12585449,-0.29403687,0.31983906
75,1047.9285,65.31445,1048.2778,65.23813,0.34936523,-0.07632446,0.35760522
75,201.87117,52.311947,201.67789,52.153328,-0.19328308,-0.15861893,0.25003663
75,269.66833,-0.43496037,269.52945,-0.7029314,-0.1388855,-0.26797104,0.30182388
75,28.878038,258.28467,28.78903,258.13953,-0.08900833,-0.1451416,0.1702603
75,199.16858,52.76448,198.92145,52.676643,-0.24713135,-0.08783722,0.2622771
75,10.878559,245.54213,10.773125,245.45894,-0.10543442,-0.08319092,0.13430244
75,194.15007,58.884624,193.98259,58.835052,-0.16748047,-0.04957199,0.17466278
75,256.37793,12.124528,255.98105,12.547595,-0.3968811,0.4230671,0.5800865
75,74.670784,205.64755,74.82793,205.06734,0.15714264,-0.58021545,0.6011188
75,245.75662,7.9978127,245.16576,8.443608,-0.5908661,0.44579554,0.7401732
75,224.98949,53.481155,224.91231,53.570614,-0.077178955,0.089458466,0.118149936
75,201.60658,75.72635,201.49362,75.64998,-0.112960815,-0.07637024,0.13635454
75,220.00981,58.433136,220.05608,58.389637,0.04626465,-0.043498993,0.0635026
75,250.77841,-1.0737896,249.95732,-0.4415636,-0.8210907,0.632226,1.0362912
75,246.207,4.170106,245.53091,4.601037,-0.6760864,0.4309311,0.80174464
75,211.95244,68.202415,211.87747,68.152695,-0.07496643,-0.049720764,0.08995622
75,192.46481,62.473793,192.39084,62.32587,-0.07397461,-0.14792252,0.16538838
75,194.57266,59.064365,194.41632,59.00217,-0.15634155,-0.062194824,0.16825837
75,1140.6993,132.54355,1141.6052,132.57066,0.9058838,0.027114868,0.9062895
75,1154.6852,147.45776,1155.5055,147.41457,0.8203125,-0.04319763,0.8214491
75,222.57872,56.55474,222.60692,56.515827,0.028198242,-0.038913727,0.048056416
75,266.2892,1.2218552,266.10315,1.114687,-0.18606567,-0.1071682,0.21472181
75,195.92743,58.71997,195.72311,58.692234,-0.20431519,-0.027736664,0.20618927
75,198.42255,55.22318,198.18382,55.156693,-0.23872375,-0.06648636,0.24780934
75,219.75182,56.61272,219.7997,56.557297,0.04788208,-0.055423737,0.07324264
75,1264.5614,226.54645,1264.5745,226.39404,0.013061523,-0.15240479,0.15296346
76,47.742134,240.3942,47.71891,240.44229,-0.023223877,0.048095703,0.053409223
76,217.17781,63.2257,217.36806,63.232025,0.19024658,0.006324768,0.19035168
76,246.02335,0.42660332,246.02057,0.4306879,-0.0027770996,0.004084587,0.004939244
76,11.887602,246.70389,11.818975,246.79764,-0.068626404,0.09375,0.11618367
76,250.50833,22.089632,250.29488,22.432392,-0.2134552,0.3427601,0.40379155
76,1267.3975,230.36093,1267.9712,230.36334,0.57373047,0.0024108887,0.57373554
76,245.17322,-3.6768389,245.17107,-3.6743011,-0.0021514893,0.0025377274,0.0033270055
76,220.5686,55.12115,220.76799,55.065853,0.1993866,-0.05529785,0.20691271
76,21.279327,265.6719,21.376505,265.7643,0.097177505,0.09240723,0.13409908
76,52.43144,233.41841,52.409943,233.49117,-0.02149582,0.072753906,0.07586304
76,1022.3049,57.01919,1021.6695,57.017765,-0.635376,-0.0014266968,0.6353776
76,10.99047,248.64159,10.943239,248.71143,-0.04723072,0.06983948,0.084310696
76,237.05911,10.267367,237.06041,10.265695,0.0012969971,-0.0016727448,0.0021166664
76,250.34784,21.584562,250.14565,21.898212,-0.20219421,0.31365013,0.3731741
76,169.82332,109.48274,169.84888,109.46371,0.025558472,-0.01903534,0.03186816
76,1048.2778,65.23813,1048.2286,65.239555,-0.049194336,0.0014266968,0.04921502
76,201.67789,52.153328,201.652,52.21449,-0.025894165,0.06116104,0.06641672
76,269.52945,-0.7029314,269.55878,-0.45695782,0.029327393,0.24597359,0.24771577
76,28.78903,258.13953,28.902681,258.1643,0.113651276,0.024780273,0.11632143
76,198.92145,52.676643,198.87186,52.717365,-0.049591064,0.040721893,0.06416811
76,10.773125,245.45894,10.725476,245.52872,-0.04764843,0.06977844,0.08449499
76,193.98259,58.835052,193.91553,58.83315,-0.06706238,-0.0019035339,0.06708939
76,255.98105,12.547595,255.90588,12.691698,-0.075164795,0.14410305,0.16252826
76,74.82793,205.06734,74.82355,205.13348,-0.0043792725,0.06614685,0.06629165
76,245.16576,8.443608,245.16321,8.446945,-0.0025482178,0.0033369064,0.0041986136
76,224.91231,53.570614,225.2036,53.42435,0.29129028,-0.14626312,0.32594928
76,201.49362,75.64998,201.50839,75.69372,0.014770508,0.04373932,0.04616596
76,220.05608,58.389637,220.24045,58.38728,0.18437195,-0.002357483,0.18438703
76,249.95732,-0.4415636,249.96234,-0.44809246,0.0050201416,-0.0065288544,0.008235761
76,245.53091,4.601037,245.53503,4.595969,0.004119873,-0.0050678253,0.006531172
76,211.87747,68.152695,212.00233,68.16072,0.12486267,0.008026123,0.12512036
76,192.39084,62.32587,192.35233,62.30577,-0.038513184,-0.02009964,0.043442614
76,194.41632,59.00217,194.35509,58.99673,-0.06123352,-0.0054397583,0.06147467
76,1141.6052,132.57066,1141.5975,132.57002,-0.0076904297,-0.00064086914,0.0077170865
76,1155.5055,147.41457,1155.3328,147.48715,-0.17272949,0.07258606,0.1873612
76,222.60692,56.515827,222.82954,56.445164,0.22262573,-0.07066345,0.23357128
76,266.10315,1.114687,266.05685,1.3584833,-0.046295166,0.24379635,0.24815299
76,195.72311,58.692234,195.67526,58.67537,-0.047851562,-0.016864777,0.050736506
76,198.18382,55.156693,198.18729,55.12835,0.0034637451,-0.0283432,0.028554063
76,219.7997,56.557297,220.02931,56.483406,0.22961426,-0.073890686,0.24121058
76,1264.5745,226.39404,1265.0546,226.36469,0.48010254,-0.02935791,0.4809993
77,47.71891,240.44229,47.534748,240.4206,-0.18416214,-0.021697998,0.18543597
77,217.36806,63.232025,217.11627,63.219265,-0.25178528,-0.012760162,0.25210842
77,246.02057,0.4306879,245.87817,0.37834263,-0.14239502,-0.052345276,0.15171146
77,11.818975,246.79764,11.819653,246.77663,0.00067710876,-0.021011353,0.02102226
77,250.29488,22.432392,250.29895,22.42723,0.0040740967,-0.0051612854,0.0065754945
77,1267.9712,230.36334,1267.5542,230.31683,-0.4169922,-0.04650879,0.41957784
77,245.17107,-3.6743011,245.0293,-3.7491255,-0.14176941,-0.07482433,0.16030361
77,220.76799,55.065853,220.51135,55.026367,-0.25663757,-0.03948593,0.25965744
77,21.376505,265.7643,21.257423,265.80786,-0.1190815,0.043548584,0.12679464
77,52.409943,233.49117,52.201473,233.37396,-0.20846939,-0.11720276,0.2391568
77,1021.6695,57.017765,1022.13214,57.00159,0.46264648,-0.016174316,0.46292913
77,10.943239,248.71143,10.939393,248.70929,-0.0038461685,-0.0021362305,0.0043996014
77,237.06041,10.265695,236.94887,10.293723,-0.11154175,0.028028488,0.11500938
77,250.14565,21.898212,250.1432,21.901047,-0.0024414062,0.00283432,0.0037408334
77,169.84888,109.46371,169.93631,109.429535,0.08743286,-0.034172058,0.0938735
77,1048.2286,65.239555,1049.0509,65.1658,0.8222656,-0.07375336,0.82556665
77,201.652,52.21449,201.66559,52.19002,0.013595581,-0.024467468,0.027991014
77,269.55878,-0.45695782,269.5627,-0.46279907,0.0039367676,-0.005841255,0.007044033
77,28.902681,258.1643,28.840271,258.1739,-0.062410355,0.0095825195,0.063141726
77,198.87186,52.717365,198.87827,52.704033,0.0064086914,-0.013332367,0.014792678
77,10.725476,245.52872,10.699323,245.5302,-0.026153564,0.0014801025,0.026195413
77,193.91553,58.83315,193.91682,58.831623,0.0012969971,-0.0015258789,0.0020026253
77,255.90588,12.691698,255.90543,12.664481,-0.00045776367,-0.027216911,0.02722076
77,74.82355,205.13348,74.80212,205.14467,-0.02143097,0.011184692,0.02417403
77,245.16321,8.446945,245.02974,8.491321,-0.13346863,0.04437542,0.14065224
77,225.2036,53.42435,224.91533,53.387623,-0.28826904,-0.036727905,0.29059935
77,201.50839,75.69372,201.36725,75.63887,-0.1411438,-0.054847717,0.15142603
77,220.24045,58.38728,219.92137,58.357285,-0.31907654,-0.029994965,0.32048327
77,249.96234,-0.44809246,249.8262,-0.470973,-0.13613892,-0.022880554,0.13804826
77,245.53503,4.595969,245.38031,4.6329618,-0.15472412,0.03699255,0.15908489
77,212.00233,68.16072,211.83958,68.13805,-0.16275024,-0.02267456,0.16432217
77,192.35233,62.30577,192.329,62.332783,-0.023330688,0.027011871,0.035692606
77,194.35509,58.99673,194.35262,58.99862,-0.0024719238,0.0018882751,0.0031106253
77,1141.5975,132.57002,1141.5947,132.5674,-0.0028076172,-0.0026245117,0.0038432768
77,1155.3328,147.48715,1155.2837,147.3975,-0.049072266,-0.089645386,0.10219776
77,222.82954,56.445164,222.52747,56.410847,-0.30207825,-0.034317017,0.30402127
77,266.05685,1.3584833,266.0594,1.3540068,0.002532959,-0.0044765472,0.005143477
77,195.67526,58.67537,195.67569,58.674805,0.0004272461,-0.0005645752,0.0007080144
77,198.18729,55.12835,198.18005,55.12811,-0.007232666,-0.00024032593,0.0072366577
77,220.02931,56.483406,219.74916,56.441906,-0.28015137,-0.04150009,0.2832085
77,1265.0546,226.36469,1264.7145,226.31921,-0.3400879,-0.04547119,0.34311426
78,47.534748,240.4206,47.49249,240.49077,-0.042259216,0.07017517,0.081917
78,217.11627,63.219265,216.84845,63.382748,-0.26782227,0.16348267,0.31377596
78,245.87817,0.37834263,245.88544,0.3389969,0.0072631836,-0.03934574,0.040010512
78,11.819653,246.77663,11.81854,246.77823,-0.0011129379,0.0016021729,0.0019507918
78,250.29895,22.42723,250.30403,22.420927,0.0050811768,-0.006303787,0.008096672
78,1267.5542,230.31683,1267.2438,230.36833,-0.3104248,0.051498413,0.31466752
78,245.0293,-3.7491255,245.0304,-3.7504864,0.0010986328,-0.0013608932,0.0017490067
78,220.51135,55.026367,220.34845,55.102005,-0.16290283,0.07563782,0.17960627
78,21.257423,265.80786,21.22249,265.80588,-0.03493309,-0.0019836426,0.034989364
78,52.201473,233.37396,52.12583,233.48454,-0.07564163,0.110580444,0.13397646
78,1022.13214,57.00159,1021.77997,56.99134,-0.35217285,-0.010250092,0.35232198
78,10.939393,248.70929,10.940172,248.70866,0.0007791519,-0.00062561035,0.0009992328
78,236.94887,10.293723,237.08664,10.154413,0.1377716,-0.13930988,0.19592921
78,250.1432,21.901047,250.14554,21.897804,0.0023345947,-0.0032424927,0.003995509
78,169.93631,109.429535,169.93808,109.427635,0.0017700195,-0.0018997192,0.0025965173
78,1049.0509,65.1658,1048.2162,65.16458,-0.8347168,-0.0012207031,0.8347177
78,201.66559,52.19002,201.29225,52.537617,-0.3733368,0.3475952,0.5101008
78,269.5627,-0.46279907,269.56442,-0.46513748,0.0017089844,-0.0023384094,0.00289634
78,28.840271,258.1739,28.82312,258.1653,-0.017150879,-0.008575439,0.019175265
78,198.87827,52.704033,198.50041,53.067093,-0.3778534,0.36306,0.5240093
78,10.699323,245.5302,10.693546,245.53564,-0.0057764053,0.0054473877,0.0079398295
78,193.91682,58.831623,193.60533,59.177494,-0.31149292,0.34587097,0.46546167
78,255.90543,12.664481,255.91025,12.658224,0.0048217773,-0.006257057,0.007899386
78,74.80212,205.14467,74.78593,205.14296,-0.016189575,-0.0017089844,0.016279526
78,245.02974,8.491321,245.0683,8.437552,0.03855896,-0.053768158,0.06616501
78,224.91533,53.387623,224.65015,53.647255,-0.2651825,0.2596321,0.37112072
78,201.36725,75.63887,200.7312,76.28461,-0.63604736,0.6457367,0.9063841
78,219.92137,58.357285,219.6806,58.483803,-0.24076843,0.12651825,0.27198586
78,249.8262,-0.470973,249.82849,-0.47706604,0.0022888184,-0.006093025,0.006508736
78,245.38031,4.6329618,245.40076,4.569451,0.020446777,-0.063510895,0.0667211
78,211.83958,68.13805,211.4955,68.36534,-0.3440857,0.22729492,0.41238084
78,192.329,62.332783,192.12938,62.555756,-0.19961548,0.22297287,0.29927117
78,194.35262,58.99862,194.05457,59.323368,-0.29804993,0.324749,0.44078982
78,1141.5947,132.5674,1140.899,132.53964,-0.6956787,-0.027755737,0.6962322
78,1155.2837,147.3975,1155.1276,147.38936,-0.15612793,-0.008148193,0.1563404
78,222.52747,56.410847,222.35243,56.516068,-0.17503357,0.105220795,0.20422576
78,266.0594,1.3540068,266.0594,1.3532324,0.0,-0.00077438354,0.00077438354
78,195.67569,58.674805,195.31844,59.06235,-0.35725403,0.38754654,0.52708894
78,198.18005,55.12811,197.81367,55.489727,-0.36637878,0.36161804,0.5147825
78,219.74916,56.441906,219.52061,56.564503,-0.22854614,0.12259674,0.2593517
78,1264.7145,226.31921,1264.3091,226.3719,-0.4053955,0.0526886,0.4088051
79,47.49249,240.49077,47.67954,240.24841,0.18704987,-0.24235535,0.30614337
79,216.84845,63.382748,216.88904,63.340168,0.04058838,-0.04257965,0.05882553
79,245.88544,0.3389969,245.8855,0.33825493,6.1035156e-05,-0.0007419586,0.0007444648
79,11.81854,246.77823,11.817394,246.73055,-0.0011453629,-0.047683716,0.04769747
79,250.30403,22.420927,250.30423,22.420635,0.00019836426,-0.00029182434,0.0003528595
79,1267.2438,230.36833,1267.4006,230.19757,0.15686035,-0.17076111,0.23187178
79,245.0304,-3.7504864,245.03116,-3.750825,0.00076293945,-0.00033855438,0.00083468296
79,220.34845,55.102005,220.40865,55.03149,0.060195923,-0.07051468,0.09271391
79,21.22249,265.80588,21.2333,265.7322,0.010808945,-0.07366943,0.07445817
79,52.12583,233.48454,52.339825,233.19221,0.21399307,-0.29232788,0.3622825
79,1021.77997,56.99134,1021.7808,56.923256,0.0008544922,-0.06808472,0.06809008
79,10.940172,248.70866,10.934943,248.66199,-0.0052289963,-0.046676636,0.046968617
79,237.08664,10.154413,237.08597,10.155543,-0.0006713867,0.0011301041,0.0013144943
79,250.14554,21.897804,250.14459,21.899485,-0.0009460449,0.0016803741,0.0019283823
79,169.93808,109.427635,169.93872,109.42678,0.00064086914,-0.0008544922,0.0010681152
79,1048.2162,65.16458,1048.254,65.0889,0.037841797,-0.075683594,0.08461683
79,201.29225,52.537617,201.34608,52.47497,0.053833008,-0.06264496,0.08259772
79,269.56442,-0.46513748,269.56693,-0.46735382,0.0025024414,-0.002216339,0.003342809
79,28.82312,258.1653,28.812723,258.12827,-0.010396957,-0.03704834,0.038479555
79,198.50041,53.067093,198.59015,52.963047,0.08973694,-0.10404587,0.13739818
79,10.693546,245.53564,10.696259,245.48607,0.0027122498,-0.049575806,0.049649943
79,193.60533,59.177494,193.62418,59.156837,0.018844604,-0.020656586,0.02796093
79,255.91025,12.658224,255.90701,12.662041,-0.0032348633,0.0038166046,0.0050030802
79,74.78593,205.14296,74.77123,205.1493,-0.014694214,0.0063476562,0.016006645
79,245.0683,8.437552,245.0685,8.437635,0.00019836426,8.2969666e-05,0.00021501708
79,224.65015,53.647255,224.68687,53.60045,0.036727905,-0.046806335,0.05949598
79,200.7312,76.28461,201.07861,76.02244,0.3474121,-0.26216888,0.43523294
79,219.6806,58.483803,219.72267,58.431507,0.04206848,-0.052295685,0.06711628
79,249.82849,-0.47706604,249.82576,-0.47251987,-0.0027313232,0.0045461655,0.00530356
79,245.40076,4.569451,245.39838,4.5721836,-0.002380371,0.0027327538,0.0036241012
79,211.4955,68.36534,211.60684,68.291504,0.111343384,-0.07383728,0.13360125
79,192.12938,62.555756,192.11378,62.57337,-0.015594482,0.017616272,0.023527026
79,194.05457,59.323368,194.07234,59.30464,0.01777649,-0.018726349,0.025820142
79,1140.899,132.53964,1141.6797,132.54059,0.78063965,0.0009460449,0.7806402
79,1155.1276,147.38936,1155.2915,147.3261,0.16394043,-0.06326294,0.17572325
79,222.35243,56.516068,222.39325,56.463863,0.04081726,-0.052204132,0.066267036
79,266.0594,1.3532324,266.05933,1.3533812,-6.1035156e-05,0.0001487732,0.00016080656
79,195.31844,59.06235,195.34846,59.031235,0.030029297,-0.031116486,0.04324343
79,197.81367,55.489727,197.87242,55.423058,0.058746338,-0.066669464,0.08885916
79,219.52061,56.564503,219.56866,56.510662,0.048049927,-0.053840637,0.07216377
79,1264.3091,226.3719,1264.581,226.19775,0.27197266,-0.17414856,0.3229502
80,47.67954,240.24841,47.571148,240.49083,-0.10839081,0.24241638,0.26554522
80,216.88904,63.340168,216.88998,63.33937,0.0009460449,-0.0007972717,0.0012371916
80,245.8855,0.33825493,245.88571,0.33781815,0.00021362305,-0.00043678284,0.00048622428
80,11.817394,246.73055,11.81503,246.73291,-0.0023641586,0.0023651123,0.0033440995
80,250.30423,22.420635,250.30402,22.42078,-0.00021362305,0.0001449585,0.0002581623
80,1267.4006,230.19757,1267.5768,230.42775,0.17614746,0.23017883,0.28984517
80,245.03116,-3.750825,245.0309,-3.7506018,-0.0002593994,0.00022315979,0.00034218174
80,220.40865,55.03149,220.40956,55.03209,0.00091552734,0.00059890747,0.0010940203
80,21.2333,265.7322,21.213097,265.82745,-0.020202637,0.09524536,0.097364396
80,52.339825,233.19221,52.215595,233.47955,-0.12422943,0.28733826,0.3130435
80,1021.7808,56.923256,1021.862,56.983887,0.08117676,0.0606308,0.10132009
80,10.934943,248.66199,10.938375,248.658,0.0034322739,-0.003982544,0.005257486
80,237.08597,10.155543,237.08568,10.155779,-0.000289917,0.00023555756,0.0003735495
80,250.14459,21.899485,250.14476,21.899046,0.00016784668,-0.0004386902,0.00046970372
80,169.93872,109.42678,169.93813,109.42749,-0.0005950928,0.0007095337,0.0009260526
80,1048.254,65.0889,1048.216,65.09153,-0.038085938,0.002632141,0.038176782
80,201.34608,52.47497,201.34897,52.47131,0.0028839111,-0.0036621094,0.004661329
80,269.56693,-0.46735382,269.56744,-0.4687128,0.0005187988,-0.0013589859,0.001454646
80,28.812723,258.12827,28.827679,258.1838,0.014955521,0.055541992,0.057520263
80,198.59015,52.963047,198.59276,52.96042,0.002609253,-0.0026283264,0.0037035525
80,10.696259,245.48607,10.70202,245.48033,0.0057611465,-0.0057373047,0.00813065
80,193.62418,59.156837,193.62494,59.15612,0.00076293945,-0.0007171631,0.001047091
80,255.90701,12.662041,255.90779,12.660485,0.00077819824,-0.0015554428,0.0017392512
80,74.77123,205.1493,74.77265,205.14813,0.0014190674,-0.0011749268,0.0018423368
80,245.0685,8.437635,245.06857,8.437344,7.6293945e-05,-0.00029182434,0.00030163256
80,224.68687,53.60045,224.7315,53.550117,0.044631958,-0.050331116,0.067269854
80,201.07861,76.02244,201.07973,76.02123,0.0011138916,-0.0012054443,0.0016412954
80,219.72267,58.431507,219.72061,58.43423,-0.0020599365,0.0027236938,0.0034149445
80,249.82576,-0.47251987,249.8254,-0.4719267,-0.00036621094,0.0005931854,0.00069712225
80,245.39838,4.5721836,245.39874,4.571696,0.00036621094,-0.0004878044,0.0006099702
80,211.60684,68.291504,211.60811,68.29028,0.0012664795,-0.0012207031,0.0017590015
80,192.11378,62.57337,192.11818,62.568363,0.0043945312,-0.0050086975,0.006663254
80,194.07234,59.30464,194.07394,59.302914,0.0016021729,-0.0017280579,0.0023565106
80,1141.6797,132.54059,1141.0378,132.58359,-0.6418457,0.042999268,0.64328444
80,1155.2915,147.3261,1155.2323,147.36386,-0.0592041,0.037765503,0.07022363
80,222.39325,56.463863,222.38649,56.471535,-0.0067596436,0.007671356,0.010224602
80,266.05933,1.3533812,266.05832,1.3550892,-0.0010070801,0.0017080307,0.001982821
80,195.34846,59.031235,195.34932,59.030315,0.0008544922,-0.00091934204,0.0012551282
80,197.87242,55.423058,197.87419,55.420837,0.0017700195,-0.0022201538,0.0028393753
80,219.56866,56.510662,219.56776,56.511696,-0.00090026855,0.001033783,0.0013708358
80,1264.581,226.19775,1264.7844,226.42679,0.20336914,0.22903442,0.3062936
81,47.571148,240.49083,47.631645,240.41916,0.060497284,-0.07167053,0.09379012
81,216.88998,63.33937,216.89111,63.33822,0.0011291504,-0.0011520386,0.0016131253
81,245.88571,0.33781815,245.93648,0.28731155,0.05076599,-0.05050659,0.07161076
81,11.81503,246.73291,11.833376,246.6482,0.018345833,-0.0847168,0.08668048
81,250.30402,22.42078,250.41176,22.354588,0.10774231,-0.06619263,0.12645106
81,1267.5768,230.42775,1267.8813,230.37067,0.30456543,-0.05708313,0.30986866
81,245.0309,-3.7506018,245.08221,-3.8068304,0.051315308,-0.056228638,0.07612438
81,220.40956,55.03209,220.41545,55.037678,0.0058898926,0.0055885315,0.008119268
81,21.213097,265.82745,21.11633,265.8483,-0.096767426,0.020843506,0.0989868
81,52.215595,233.47955,52.293015,233.37814,0.07741928,-0.10140991,0.12758414
81,1021.862,56.983887,1022.0154,56.982082,0.15338135,-0.0018043518,0.15339196
81,10.938375,248.658,10.936807,248.59383,-0.0015687943,-0.06417847,0.06419764
81,237.08568,10.155779,237.0605,10.157487,-0.025177002,0.0017080307,0.025234872
81,250.14476,21.899046,250.2414,21.844028,0.09663391,-0.05501747,0.11119818
81,169.93813,109.42749,169.95787,109.47819,0.019744873,0.050697327,0.054406606
81,1048.216,65.09153,1048.7275,65.10054,0.5115967,0.009010315,0.511676
81,201.34897,52.47131,201.32431,52.459064,-0.024658203,-0.012245178,0.02753128
81,269.56744,-0.4687128,269.60864,-0.34992695,0.04119873,0.11878586,0.12572755
81,28.827679,258.1838,28.812641,258.16025,-0.015037537,-0.02355957,0.027949613
81,198.59276,52.96042,198.57187,52.92142,-0.020889282,-0.03899765,0.044240013
81,10.70202,245.48033,10.723477,245.39973,0.021457672,-0.080596924,0.083404414
81,193.62494,59.15612,193.55643,58.933994,-0.06851196,-0.222126,0.23245183
81,255.90779,12.660485,256.074,12.595502,0.16621399,-0.06498337,0.17846549
81,74.77265,205.14813,74.77285,205.1479,0.00019836426,-0.00022888184,0.00030287832
81,245.06857,8.437344,245.08995,8.399869,0.021377563,-0.037474632,0.043143347
81,224.7315,53.550117,224.73671,53.559555,0.005203247,0.009437561,0.0107768895
81,201.07973,76.02123,201.04865,76.03493,-0.031082153,0.013694763,0.033965375
81,219.72061,58.43423,219.7215,58.433712,0.00088500977,-0.0005187988,0.0010258628
81,249.8254,-0.4719267,249.88277,-0.4765377,0.057373047,-0.0046110153,0.05755804
81,245.39874,4.571696,245.44286,4.507626,0.04411316,-0.06406975,0.077787556
81,211.60811,68.29028,211.60213,68.2941,-0.0059814453,0.0038146973,0.007094336
81,192.11818,62.568363,191.94482,62.412266,-0.1733551,-0.15609741,0.2332775
81,194.07394,59.302914,194.00412,59.089386,-0.06982422,-0.21352768,0.22465415
81,1141.0378,132.58359,1141.7117,132.56204,0.6738281,-0.02154541,0.67417246
81,1155.2323,147.36386,1155.1943,147.38026,-0.037963867,0.016403198,0.041356016
81,222.38649,56.471535,222.39578,56.472645,0.009292603,0.0011100769,0.0093586715
81,266.05832,1.3550892,266.14114,1.4344549,0.08282471,0.07936573,0.11471204
81,195.34932,59.030315,195.28427,58.83098,-0.06504822,-0.199337,0.20968193
81,197.87419,55.420837,197.81042,55.361015,-0.06376648,-0.059822083,0.087434806
81,219.56776,56.511696,219.57863,56.509403,0.010864258,-0.002292633,0.011103525
81,1264.7844,226.42679,1265.0542,226.38606,0.2697754,-0.040725708,0.27283207
82,47.631645,240.41916,47.565147,240.64221,-0.0664978,0.22305298,0.23275435
82,216.89111,63.33822,217.41327,63.362514,0.52215576,0.024295807,0.5227207
82,245.93648,0.28731155,245.85898,0.124381065,-0.07749939,-0.16293049,0.18042311
82,11.833376,246.6482,11.804449,246.67912,-0.02892685,0.030929565,0.04234856
82,250.41176,22.354588,250.43773,22.538197,0.025970459,0.18360901,0.18543659
82,1267.8813,230.37067,1267.0355,230.48595,-0.8458252,0.11528015,0.85364497
82,245.08221,-3.8068304,245.0224,-3.9862156,-0.059814453,-0.17938519,0.18909472
82,220.41545,55.037678,220.98257,54.967686,0.5671234,-0.069992065,0.57142615
82,21.11633,265.8483,21.224499,265.94113,0.108169556,0.09283447,0.14254434
82,52.293015,233.37814,52.270096,233.45181,-0.022918701,0.07366943,0.07715214
82,1022.0154,56.982082,1021.2623,57.032906,-0.75305176,0.05082321,0.75476485
82,10.936807,248.59383,10.928316,248.60353,-0.008490562,0.00970459,0.012894522
82,237.0605,10.157487,236.96751,10.040426,-0.09298706,-0.11706066,0.14949846
82,250.2414,21.844028,250.28917,21.999023,0.04777527,0.15499496,0.16219099
82,169.95787,109.47819,169.94563,109.53065,-0.012237549,0.052459717,0.053868167
82,1048.7275,65.10054,1047.9366,65.10118,-0.79089355,0.00064086914,0.7908938
82,201.32431,52.459064,201.16681,52.424294,-0.15750122,-0.034770966,0.16129369
82,269.60864,-0.34992695,269.783,-0.30378246,0.17434692,0.046144485,0.18035011
82,28.812641,258.16025,28.979954,258.25867,0.16731262,0.09841919,0.19411299
82,198.57187,52.92142,198.37769,52.924328,-0.19418335,0.0029067993,0.1942051
82,10.723477,245.39973,10.720881,245.40518,-0.0025959015,0.0054473877,0.006034297
82,193.55643,58.933994,193.37427,59.06968,-0.18215942,0.13568497,0.22713976
82,256.074,12.595502,256.182,12.674924,0.10800171,0.079422,0.13406052
82,74.77285,205.1479,74.5629,205.33118,-0.20995331,0.18327332,0.27869248
82,245.08995,8.399869,245.06697,8.354272,-0.022979736,-0.045597076,0.05106037
82,224.73671,53.559555,225.45683,53.36329,0.7201233,-0.19626617,0.74639
82,201.04865,76.03493,201.27995,76.32894,0.23130798,0.29401398,0.3740957
82,219.7215,58.433712,220.32492,58.4464,0.6034241,0.012687683,0.60355747
82,249.88277,-0.4765377,249.80983,-0.52286434,-0.07293701,-0.046326637,0.08640581
82,245.44286,4.507626,245.38257,4.442383,-0.060287476,-0.065243244,0.08883277
82,211.60213,68.2941,212.02983,68.34096,0.42770386,0.04685974,0.4302632
82,191.94482,62.412266,191.84885,62.48397,-0.09597778,0.071704865,0.11980535
82,194.00412,59.089386,193.82523,59.217537,-0.17889404,0.12815094,0.2200585
82,1141.7117,132.56204,1141.0713,132.58853,-0.64038086,0.026489258,0.64092845
82,1155.1943,147.38026,1154.7683,147.42412,-0.4260254,0.04385376,0.42827654
82,222.39578,56.472645,223.0237,56.407444,0.6279144,-0.065200806,0.6312905
82,266.14114,1.4344549,266.292,1.5286503,0.15084839,0.094195366,0.17784263
82,195.28427,58.83098,195.1228,58.934063,-0.1614685,0.103084564,0.19156854
82,197.81042,55.361015,197.63675,55.387764,-0.17367554,0.026748657,0.17572331
82,219.57863,56.509403,220.17624,56.4567,0.5976105,-0.052703857,0.59993
82,1265.0542,226.38606,1264.1483,226.45691,-0.9058838,0.07084656,0.9086499
83,47.565147,240.64221,47.95982,240.52882,0.3946724,-0.11338806,0.4106375
83,217.41327,63.362514,217.73672,63.447613,0.3234558,0.08509827,0.33446282
83,245.85898,0.124381065,246.02353,-0.4918623,0.16455078,-0.61624336,0.6378345
83,11.804449,246.67912,11.5094,246.82655,-0.2950487,0.14743042,0.3298325
83,250.43773,22.538197,250.40378,22.902527,-0.033950806,0.3643303,0.36590877
83,1267.0355,230.48595,1267.202,230.45836,0.1665039,-0.02758789,0.16877393
83,245.0224,-3.9862156,245.18672,-4.5340834,0.1643219,-0.5478678,0.5719797
83,220.98257,54.967686,221.54321,54.69061,0.5606384,-0.27707672,0.6253694
83,21.224499,265.94113,21.023117,266.30835,-0.20138168,0.36721802,0.4188122
83,52.270096,233.45181,52.664043,233.29648,0.3939476,-0.15533447,0.42346606
83,1021.2623,57.032906,1021.60443,57.068436,0.34210205,0.03553009,0.34394217
83,10.928316,248.60353,10.707123,248.69559,-0.22119331,0.092056274,0.23958473
83,236.96751,10.040426,237.1254,9.530892,0.15788269,-0.5095339,0.5334339
83,250.28917,21.999023,250.17484,22.420338,-0.11433411,0.42131424,0.43655238
83,169.94563,109.53065,169.51396,110.363205,-0.43167114,0.8325577,0.9378125
83,1047.9366,65.10118,1048.8104,65.21564,0.8737793,0.11445618,0.8812437
83,201.16681,52.424294,201.51768,51.705357,0.35087585,-0.7189369,0.7999901
83,269.783,-0.30378246,270.2382,-0.6443577,0.4552002,-0.34057522,0.5685057
83,28.979954,258.25867,29.039368,258.32483,0.05941391,0.06616211,0.088923775
83,198.37769,52.924328,198.60722,52.352737,0.22953796,-0.5715904,0.6159572
83,10.720881,245.40518,10.350637,245.62923,-0.37024403,0.2240448,0.4327548
83,193.37427,59.06968,193.2037,58.856594,-0.17056274,-0.21308517,0.27294126
83,256.182,12.674924,256.51642,12.474758,0.33441162,-0.20016575,0.38974026
83,74.5629,205.33118,74.65843,205.27773,0.09553528,-0.053451538,0.109471716
83,245.06697,8.354272,245.13968,8.097564,0.07270813,-0.25670815,0.2668062
83,225.45683,53.36329,225.93765,53.121693,0.4808197,-0.24159622,0.53810436
83,201.27995,76.32894,201.13834,76.5546,-0.14161682,0.22566223,0.2664184
83,220.32492,58.4464,220.61678,58.505524,0.29185486,0.059123993,0.29778332
83,249.80983,-0.52286434,250.08504,-1.0853395,0.27520752,-0.5624752,0.62619287
83,245.38257,4.442383,245.47711,4.0517535,0.09454346,-0.3906293,0.4019076
83,212.02983,68.34096,212.27133,68.43072,0.24150085,0.08975983,0.25764218
83,191.84885,62.48397,191.68652,62.28643,-0.162323,-0.19754028,0.25567737
83,193.82523,59.217537,193.65509,58.99934,-0.1701355,-0.21819687,0.27668747
83,1141.0713,132.58853,1141.8633,132.7389,0.7919922,0.15037537,0.8061417
83,1154.7683,147.42412,1154.9485,147.36792,0.18017578,-0.05619812,0.1887367
83,223.0237,56.407444,223.4498,56.265705,0.42610168,-0.14173889,0.4490574
83,266.292,1.5286503,266.85547,1.1169052,0.56347656,-0.41174507,0.6978824
83,195.1228,58.934063,194.97531,58.700325,-0.14749146,-0.23373795,0.27638227
83,197.63675,55.387764,198.12335,54.521214,0.48660278,-0.86655045,0.9938269
83,220.17624,56.4567,220.62634,56.322353,0.45010376,-0.13434601,0.46972573
83,1264.1483,226.45691,1264.2051,226.26306,0.056762695,-0.19384766,0.20198742
84,47.95982,240.52882,48.085487,240.61287,0.12566757,0.08404541,0.1511819
84,217.73672,63.447613,218.10443,63.507298,0.3677063,0.059684753,0.37251872
84,246.02353,-0.4918623,245.6625,-0.61288166,-0.36102295,-0.12101936,0.38076666
84,11.5094,246.82655,11.4817915,246.7434,-0.027608871,-0.0831604,0.08762364
84,250.40378,22.902527,250.54143,23.352728,0.13764954,0.45020103,0.47077423
84,1267.202,230.45836,1266.1127,230.48209,-1.0893555,0.023727417,1.0896139
84,245.18672,-4.5340834,244.88896,-4.723218,-0.29776,-0.1891346,0.3527505
84,221.54321,54.69061,222.06416,54.485817,0.5209503,-0.20479202,0.559758
84,21.023117,266.30835,21.255447,266.53906,0.23233032,0.23071289,0.327423
84,52.664043,233.29648,52.8581,233.3124,0.19405746,0.015914917,0.19470897
84,1021.60443,57.068436,1022.3949,57.114304,0.7904663,0.04586792,0.79179597
84,10.707123,248.69559,10.717953,248.5287,0.010829926,-0.16688538,0.1672364
84,237.1254,9.530892,236.79828,9.251743,-0.32711792,-0.27914906,0.43003526
84,250.17484,22.420338,250.37686,22.780159,0.20202637,0.35982132,0.4126573
84,169.51396,110.363205,169.51262,110.930695,-0.0013427734,0.5674896,0.56749123
84,1048.8104,65.21564,1049.7053,65.228195,0.89489746,0.012557983,0.89498556
84,201.51768,51.705357,201.18108,51.623077,-0.3366089,-0.082279205,0.346519
84,270.2382,-0.6443577,270.65347,-0.56895256,0.4152832,0.07540512,0.42207354
84,29.039368,258.32483,29.208931,258.4558,0.1695633,0.13098145,0.21426117
84,198.60722,52.352737,198.3291,52.208805,-0.27812195,-0.14393234,0.31315863
84,10.350637,245.62923,10.358857,245.51483,0.008219719,-0.11439514,0.114690065
84,193.2037,58.856594,192.88425,58.84804,-0.319458,-0.008552551,0.31957248
84,256.51642,12.474758,256.82864,12.536465,0.31222534,0.061706543,0.3182646
84,74.65843,205.27773,74.72485,205.83855,0.06642151,0.56082153,0.5647412
84,245.13968,8.097564,245.03644,7.8683434,-0.10324097,-0.22922039,0.25139746
84,225.93765,53.121693,226.22067,53.185402,0.28302002,0.06370926,0.29010206
84,201.13834,76.5546,201.42094,77.02989,0.28260803,0.4752884,0.5529614
84,220.61678,58.505524,220.98248,58.5214,0.3657074,0.01587677,0.36605185
84,250.08504,-1.0853395,249.93134,-1.1746893,-0.15370178,-0.08934975,0.1777853
84,245.47711,4.0517535,245.2617,3.7910948,-0.21540833,-0.26065874,0.3381475
84,212.27133,68.43072,212.73462,68.53708,0.46328735,0.10636139,0.4753398
84,191.68652,62.28643,191.33372,62.30638,-0.35279846,0.019950867,0.35336214
84,193.65509,58.99934,193.36751,58.96754,-0.2875824,-0.031799316,0.28933516
84,1141.8633,132.7389,1141.4244,132.54141,-0.43884277,-0.1974945,0.48123494
84,1154.9485,147.36792,1154.7563,147.44377,-0.19213867,0.07585144,0.2065689
84,223.4498,56.265705,223.9368,56.095387,0.4869995,-0.1703186,0.5159234
84,266.85547,1.1169052,267.30542,1.1224566,0.44995117,0.005551338,0.4499854
84,194.97531,58.700325,194.72418,58.61751,-0.25112915,-0.08281326,0.26443124
84,198.12335,54.521214,197.8714,54.367382,-0.25195312,-0.15383148,0.29520246
84,220.62634,56.322353,221.09882,56.178867,0.47247314,-0.14348602,0.49378043
84,1264.2051,226.26306,1263.082,226.16177,-1.1230469,-0.10128784,1.1276052
85,48.085487,240.61287,48.278625,240.64682,0.19313812,0.033950806,0.19609945
85,218.10443,63.507298,218.58893,63.52967,0.48449707,0.0223732,0.48501337
85,245.6625,-0.61288166,245.1951,-0.9194107,-0.46740723,-0.30652905,0.558954
85,11.4817915,246.7434,10.878551,246.63985,-0.60324097,-0.10354614,0.6120633
85,250.54143,23.352728,250.28275,24.160263,-0.25868225,0.8075352,0.8479561
85,1266.1127,230.48209,1265.6118,230.49225,-0.5008545,0.0101623535,0.50095755
85,244.88896,-4.723218,244.47983,-5.0837536,-0.4091339,-0.36053562,0.54532236
85,222.06416,54.485817,222.7826,54.155952,0.71842957,-0.3298645,0.79053885
85,21.255447,266.53906,21.225016,266.87372,-0.030431747,0.33465576,0.33603656
85,52.8581,233.3124,53.21144,233.14014,0.35334015,-0.17225647,0.3930923
85,1022.3949,57.114304,1021.70264,57.149334,-0.69226074,0.035030365,0.6931465
85,10.717953,248.5287,10.25516,248.30356,-0.4627924,-0.22514343,0.5146517
85,236.79828,9.251743,236.41893,8.884953,-0.37934875,-0.36679077,0.52767503
85,250.37686,22.780159,250.10762,23.598244,-0.26924133,0.8180847,0.8612511
85,169.51262,110.930695,170.20332,110.71427,0.69070435,-0.21642303,0.7238172
85,1049.7053,65.228195,1050.6006,65.170395,0.8952637,-0.057800293,0.8971276
85,201.18108,51.623077,200.33371,51.617577,-0.84736633,-0.0055007935,0.8473842
85,270.65347,-0.56895256,271.1949,-0.38808727,0.54141235,0.18086529,0.5708236
85,29.208931,258.4558,29.356441,258.6519,0.14751053,0.19607544,0.24536693
85,198.3291,52.208805,197.5011,52.112667,-0.8280029,-0.096138,0.8335655
85,10.358857,245.51483,9.895646,245.26436,-0.46321106,-0.25047302,0.526594
85,192.88425,58.84804,192.07312,58.799343,-0.8111267,-0.048698425,0.8125873
85,256.82864,12.536465,257.25845,12.550291,0.42980957,0.01382637,0.4300319
85,74.72485,205.83855,74.87905,205.95374,0.1541977,0.1151886,0.19247167
85,245.03644,7.8683434,244.79126,7.715335,-0.24517822,-0.15300846,0.2890051
85,226.22067,53.185402,226.84013,53.052376,0.61946106,-0.13302612,0.6335834
85,201.42094,77.02989,201.42282,77.56754,0.001876831,0.53765106,0.53765434
85,220.98248,58.5214,221.46924,58.486725,0.48675537,-0.0346756,0.48798892
85,249.93134,-1.1746893,249.69182,-1.3382959,-0.23951721,-0.16360664,0.2900614
85,245.2617,3.7910948,244.92735,3.5307717,-0.3343506,-0.26032305,0.4237433
85,212.73462,68.53708,213.07793,68.588684,0.3433075,0.051605225,0.34716442
85,191.33372,62.30638,190.66086,62.208008,-0.6728668,-0.09837341,0.6800199
85,193.36751,58.96754,192.52754,58.949722,-0.8399658,-0.01781845,0.84015477
85,1141.4244,132.54141,1142.1754,132.48872,0.75097656,-0.0526886,0.75282264
85,1154.7563,147.44377,1154.3335,147.65456,-0.42285156,0.21078491,0.47247615
85,223.9368,56.095387,224.67949,55.771805,0.74269104,-0.3235817,0.8101204
85,267.30542,1.1224566,267.93054,1.1198444,0.6251221,-0.002612114,0.6251275
85,194.72418,58.61751,194.06775,58.403915,-0.6564331,-0.21359634,0.69030994
85,197.8714,54.367382,197.18489,54.134815,-0.6865082,-0.23256683,0.7248316
85,221.09882,56.178867,221.74829,55.905437,0.6494751,-0.27342987,0.70468557
85,1263.082,226.16177,1262.7878,225.93794,-0.29418945,-0.22383118,0.36965907
86,48.278625,240.64682,48.54446,240.65887,0.2658348,0.012054443,0.26610798
86,218.58893,63.52967,219.32,63.514732,0.7310791,-0.0149383545,0.7312317
86,245.1951,-0.9194107,244.70201,-1.20187,-0.49308777,-0.28245926,0.5682594
86,10.878551,246.63985,10.7653885,246.4646,-0.11316204,-0.17524719,0.20860782
86,250.28275,24.160263,250.32623,24.93425,0.04348755,0.7739868,0.7752076
86,1265.6118,230.49225,1264.6819,230.49692,-0.92993164,0.0046691895,0.9299434
86,244.47983,-5.0837536,244.05931,-5.433671,-0.42051697,-0.3499174,0.54706186
86,222.7826,54.155952,223.8679,53.597546,1.0853119,-0.55840683,1.2205409
86,21.225016,266.87372,21.383633,267.05453,0.15861702,0.18081665,0.24052863
86,53.21144,233.14014,53.560516,233.02298,0.34907532,-0.11715698,0.368211
86,1021.70264,57.149334,1021.49854,57.201504,-0.20410156,0.0521698,0.21066357
86,10.25516,248.30356,10.212933,248.0384,-0.042227745,-0.26515198,0.2684935
86,236.41893,8.884953,235.93744,8.445256,-0.4814911,-0.4396963,0.65204793
86,250.10762,23.598244,249.88022,24.712305,-0.22740173,1.1140614,1.1370331
86,170.20332,110.71427,173.79012,107.61497,3.586792,-3.0993042,4.7403336
86,1050.6006,65.170395,1050.9331,64.984985,0.33251953,-0.18540955,0.38071766
86,200.33371,51.617577,199.58968,51.593105,-0.7440338,-0.024471283,0.74443614
86,271.1949,-0.38808727,271.7201,-0.41226387,0.5252075,-0.024176598,0.5257637
86,29.356441,258.6519,29.523403,258.80066,0.16696167,0.1487732,0.2236284
86,197.5011,52.112667,197.0262,51.85656,-0.4748993,-0.25610733,0.53955567
86,9.895646,245.26436,9.84099,245.05493,-0.05465603,-0.20942688,0.21644145
86,192.07312,58.799343,191.48691,58.536037,-0.58621216,-0.26330566,0.642631
86,257.25845,12.550291,257.56122,12.739061,0.3027649,0.1887703,0.35679236
86,74.87905,205.95374,75.06093,206.1684,0.18187714,0.21466064,0.28135118
86,244.79126,7.715335,244.54704,7.4765167,-0.24421692,-0.23881817,0.34157872
86,226.84013,53.052376,227.62628,52.803143,0.7861481,-0.24923325,0.82470965
86,201.42282,77.56754,201.55539,77.94309,0.13256836,0.37554932,0.3982608
86,221.46924,58.486725,222.1558,58.4214,0.6865692,-0.06532669,0.6896701
86,249.69182,-1.3382959,249.37154,-1.5156546,-0.32028198,-0.17735863,0.36611015
86,244.92735,3.5307717,244.50464,3.3072958,-0.42271423,-0.22347593,0.47815144
86,213.07793,68.588684,213.79666,68.580444,0.71873474,-0.008239746,0.71878195
86,190.66086,62.208008,190.28273,61.67024,-0.37812805,-0.5377693,0.65740144
86,192.52754,58.949722,191.94408,58.683132,-0.5834656,-0.26659012,0.6414845
86,1142.1754,132.48872,1141.7108,132.48358,-0.4645996,-0.005142212,0.46462807
86,1154.3335,147.65456,1154.4202,147.6074,0.08666992,-0.04714966,0.09866492
86,224.67949,55.771805,225.60573,55.401154,0.926239,-0.37065125,0.99764776
86,267.93054,1.1198444,268.4089,1.0966845,0.47836304,-0.02315998,0.47892335
86,194.06775,58.403915,193.51314,58.140835,-0.5546112,-0.2630806,0.61384445
86,197.18489,54.134815,196.72824,53.83068,-0.45664978,-0.30413437,0.548659
86,221.74829,55.905437,222.69804,55.527798,0.9497528,-0.37763977,1.0220774
86,1262.7878,225.93794,1261.5876,225.72363,-1.2001953,-0.21430969,1.219179
87,48.54446,240.65887,48.897785,240.72412,0.3533249,0.06524658,0.35929877
87,219.32,63.514732,220.3247,63.583645,1.0046997,0.068912506,1.0070603
87,244.70201,-1.20187,244.16101,-1.1959572,-0.54100037,0.0059127808,0.5410327
87,10.7653885,246.4646,10.728885,245.90938,-0.03650379,-0.55522156,0.55642027
87,250.32623,24.93425,248.83664,27.630466,-1.4895935,2.6962166,3.0803363
87,1264.6819,230.49692,1263.8778,230.52255,-0.80407715,0.025634766,0.8044857
87,244.05931,-5.433671,243.45578,-5.516073,-0.6035309,-0.08240223,0.60913026
87,223.8679,53.597546,225.21313,53.218754,1.3452301,-0.3787918,1.3975433
87,21.383633,267.05453,21.61139,267.27032,0.2277565,0.2157898,0.31374872
87,53.560516,233.02298,54.211628,232.69827,0.6511116,-0.32470703,0.72758573
87,1021.49854,57.201504,1020.8338,57.221317,-0.6647339,0.019813538,0.6650291
87,10.212933,248.0384,10.275957,247.38058,0.06302452,-0.65782166,0.6608339
87,235.93744,8.445256,235.9545,7.7582326,0.017059326,-0.68702364,0.6872354
87,249.88022,24.712305,249.55711,25.98785,-0.32310486,1.2755451,1.3158313
87,173.79012,107.61497,174.64207,107.43847,0.8519592,-0.17649841,0.8700496
87,1050.9331,64.984985,1051.5637,64.96429,0.63061523,-0.020698547,0.63095486
87,199.58968,51.593105,199.01924,51.479366,-0.5704346,-0.11373901,0.58166325
87,271.7201,-0.41226387,272.6412,-0.09825897,0.92111206,0.3140049,0.9731631
87,29.523403,258.80066,29.80923,258.90802,0.28582764,0.10736084,0.3053257
87,197.0262,51.85656,196.52258,51.68437,-0.50361633,-0.17219162,0.53224
87,9.84099,245.05493,9.898622,244.41484,0.057631493,-0.64009094,0.64268017
87,191.48691,58.536037,191.06972,58.448673,-0.41719055,-0.0873642,0.4262399
87,257.56122,12.739061,257.8371,13.443953,0.2758789,0.7048912,0.7569549
87,75.06093,206.1684,75.240814,206.31049,0.17988586,0.14208984,0.22923449
87,244.54704,7.4765167,244.41823,7.3287363,-0.1288147,-0.14778042,0.19604152
87,227.62628,52.803143,228.70915,52.664852,1.0828705,-0.1382904,1.0916651
87,201.55539,77.94309,201.70963,78.43611,0.15423584,0.4930191,0.5165816
87,222.1558,58.4214,223.22224,58.42418,1.0664368,0.0027809143,1.0664403
87,249.37154,-1.5156546,248.97258,-1.350729,-0.3989563,0.16492558,0.43170196
87,244.50464,3.3072958,244.12474,3.2067966,-0.37989807,-0.10049915,0.39296645
87,213.79666,68.580444,214.54068,68.6288,0.74401855,0.048355103,0.74558824
87,190.28273,61.67024,189.7987,61.665447,-0.48402405,-0.0047912598,0.48404777
87,191.94408,58.683132,191.4561,58.65814,-0.48797607,-0.024993896,0.48861575
87,1141.7108,132.48358,1142.6584,132.40695,0.94763184,-0.07662964,0.9507251
87,1154.4202,147.6074,1153.442,147.57129,-0.9781494,-0.036117554,0.97881603
87,225.60573,55.401154,226.94319,55.085304,1.3374634,-0.3158493,1.3742522
87,268.4089,1.0966845,269.1471,1.3724861,0.7381897,0.27580166,0.78802955
87,193.51314,58.140835,193.04039,58.097168,-0.4727478,-0.04366684,0.47476023
87,196.72824,53.83068,196.24188,53.676548,-0.48635864,-0.15413284,0.51019764
87,222.69804,55.527798,223.99794,55.213577,1.2998962,-0.31422043,1.337335
87,1261.5876,225.72363,1260.2828,225.4823,-1.3048096,-0.24133301,1.32694
88,48.897785,240.72412,49.23316,240.74826,0.33537292,0.024139404,0.33624056
88,220.3247,63.583645,221.0079,63.639908,0.683197,0.05626297,0.6855098
88,244.16101,-1.1959572,243.14029,-1.4300022,-1.0207214,-0.23404503,1.0472102
88,10.728885,245.90938,10.4305935,245.52322,-0.2982912,-0.38615417,0.48794743
88,248.83664,27.630466,248.99068,28.120785,0.15403748,0.4903183,0.5139451
88,1263.8778,230.52255,1262.8984,230.50478,-0.9793701,-0.01777649,0.9795314
88,243.45578,-5.516073,242.32323,-5.641576,-1.1325531,-0.12550259,1.1394856
88,225.21313,53.218754,225.70976,53.152298,0.4966278,-0.06645584,0.50105447
88,21.61139,267.27032,21.829746,267.5441,0.21835709,0.2737732,0.35018793
88,54.211628,232.69827,54.78086,232.35167,0.56923294,-0.3466034,0.66645336
88,1020.8338,57.221317,1021.0405,57.273735,0.20672607,0.052417755,0.21326812
88,10.275957,247.38058,9.962649,247.00862,-0.31330776,-0.3719635,0.4863318
88,235.9545,7.7582326,235.51428,6.9540052,-0.44021606,-0.80422735,0.916827
88,249.55711,25.98785,249.7545,26.471325,0.1973877,0.48347473,0.52221614
88,174.64207,107.43847,175.69398,107.00696,1.0519104,-0.43151093,1.1369772
88,1051.5637,64.96429,1053.0414,64.82637,1.4776611,-0.13791656,1.4840834
88,199.01924,51.479366,198.27328,51.43434,-0.7459564,-0.04502487,0.747314
88,272.6412,-0.09825897,273.45422,-0.05385208,0.8130188,0.04440689,0.8142307
88,29.80923,258.90802,30.13967,259.02606,0.3304386,0.11804199,0.3508897
88,196.52258,51.68437,195.87938,51.538715,-0.64320374,-0.14565277,0.65948904
88,9.898622,244.41484,9.814703,243.80818,-0.08391857,-0.60665894,0.61243564
88,191.06972,58.448673,190.53862,58.057655,-0.5310974,-0.3910179,0.65951455
88,257.8371,13.443953,258.29895,13.655572,0.46185303,0.21161938,0.50802654
88,75.240814,206.31049,75.55042,206.48778,0.30960846,0.17729187,0.35677695
88,244.41823,7.3287363,243.71103,7.15426,-0.7071991,-0.17447615,0.72840405
88,228.70915,52.664852,229.2884,52.379223,0.57925415,-0.28562927,0.64584786
88,201.70963,78.43611,201.89897,79.070755,0.18934631,0.63464355,0.6622873
88,223.22224,58.42418,223.82916,58.41642,0.60691833,-0.0077590942,0.6069679
88,248.97258,-1.350729,247.96385,-1.1883583,-1.008728,0.16237068,1.0217125
88,244.12474,3.2067966,243.1499,2.92759,-0.97483826,-0.27920675,1.0140345
88,214.54068,68.6288,215.28123,68.72385,0.7405548,0.095047,0.74662936
88,189.7987,61.665447,189.13974,61.407402,-0.65896606,-0.2580452,0.7076889
88,191.4561,58.65814,190.87674,58.302364,-0.57936096,-0.35577393,0.67987806
88,1142.6584,132.40695,1143.6824,132.56145,1.0239258,0.15449524,1.0355157
88,1153.442,147.57129,1153.3323,147.51392,-0.10974121,-0.057373047,0.12383376
88,226.94319,55.085304,227.70515,54.67057,0.7619629,-0.4147339,0.8675204
88,269.1471,1.3724861,269.7131,1.6788063,0.5660095,0.3063202,0.6435828
88,193.04039,58.097168,192.33266,57.870667,-0.70773315,-0.22650146,0.74309427
88,196.24188,53.676548,195.5594,53.53608,-0.68247986,-0.1404686,0.6967856
88,223.99794,55.213577,224.69104,54.978916,0.6931,-0.2346611,0.7317468
88,1260.2828,225.4823,1259.1451,225.18018,-1.1376953,-0.30212402,1.1771277
89,49.23316,240.74826,49.597237,240.8077,0.36407852,0.059432983,0.36889762
89,221.0079,63.639908,221.76466,63.74165,0.75675964,0.10174179,0.76356834
89,243.14029,-1.4300022,242.77007,-1.8816252,-0.370224,-0.45162296,0.583977
89,10.4305935,245.52322,10.143635,245.42435,-0.2869587,-0.09887695,0.30351597
89,248.99068,28.120785,249.36734,28.622097,0.3766632,0.50131226,0.62704796
89,1262.8984,230.50478,1260.8524,230.5074,-2.0460205,0.0026245117,2.0460222
89,242.32323,-5.641576,241.8522,-6.1274548,-0.47102356,-0.48587894,0.67671376
89,225.70976,53.152298,226.94269,52.84895,1.2329254,-0.30334854,1.269695
89,21.829746,267.5441,22.01519,267.8065,0.18544388,0.26239014,0.32130674
89,54.78086,232.35167,55.314728,232.14491,0.5338669,-0.20675659,0.5725051
89,1021.0405,57.273735,1020.46576,57.288704,-0.57476807,0.014968872,0.5749629
89,9.962649,247.00862,9.784715,246.80246,-0.17793465,-0.2061615,0.2723294
89,235.51428,6.9540052,235.0824,6.421763,-0.43188477,-0.5322423,0.6854242
89,249.7545,26.471325,250.11354,26.925283,0.3590393,0.4539585,0.5787811
89,175.69398,107.00696,176.25238,107.403244,0.5583954,0.396286,0.68472475
89,1053.0414,64.82637,1053.7731,64.86303,0.73168945,0.03665924,0.73260725
89,198.27328,51.43434,197.75528,51.24057,-0.5180054,-0.19377136,0.5530614
89,273.45422,-0.05385208,274.64444,-0.85856915,1.1902161,-0.80471706,1.4367267
89,30.13967,259.02606,30.404936,259.16223,0.26526642,0.13616943,0.2981751
89,195.87938,51.538715,195.4722,51.229687,-0.4071808,-0.30902863,0.5111701
89,9.814703,243.80818,9.641944,243.58812,-0.17275906,-0.22006226,0.27977327
89,190.53862,58.057655,190.22086,57.77873,-0.31776428,-0.27892685,0.42281714
89,258.29895,13.655572,258.6705,13.979474,0.3715515,0.32390213,0.4929129
89,75.55042,206.48778,75.67895,206.91794,0.12852478,0.43016052,0.44895065
89,243.71103,7.15426,243.4492,6.7819834,-0.26182556,-0.37227678,0.45512927
89,229.2884,52.379223,230.0747,52.730995,0.78630066,0.3517723,0.8614015
89,201.89897,79.070755,201.65543,80.100784,-0.24354553,1.0300293,1.0584303
89,223.82916,58.41642,224.62883,58.436283,0.79966736,0.019863129,0.799914
89,247.96385,-1.1883583,247.40144,-1.2496223,-0.56240845,-0.061264038,0.5657354
89,243.1499,2.92759,242.66045,2.6255374,-0.48945618,-0.3020525,0.57515484
89,215.28123,68.72385,216.05147,68.87903,0.77023315,0.15518188,0.7857102
89,189.13974,61.407402,188.68576,61.307884,-0.4539795,-0.09951782,0.46475926
89,190.87674,58.302364,190.5126,58.08615,-0.36413574,-0.21621323,0.4234891
89,1143.6824,132.56145,1144.381,133.21262,0.6986084,0.6511688,0.9550259
89,1153.3323,147.51392,1152.6284,147.75734,-0.7038574,0.24342346,0.7447619
89,227.70515,54.67057,229.24239,54.08672,1.5372314,-0.58385086,1.6443729
89,269.7131,1.6788063,270.38895,1.7260561,0.6758423,0.047249794,0.67749196
89,192.33266,57.870667,191.92488,57.65091,-0.40777588,-0.21975708,0.4632217
89,195.5594,53.53608,195.14746,53.2439,-0.41194153,-0.2921791,0.50503904
89,224.69104,54.978916,226.0938,54.430912,1.4027557,-0.54800415,1.5059987
89,1259.1451,225.18018,1258.0089,224.97073,-1.1362305,-0.20944214,1.1553725
90,49.597237,240.8077,49.96457,240.84859,0.36733246,0.040893555,0.3696017
90,221.76466,63.74165,222.73572,63.781506,0.9710541,0.039855957,0.9718717
90,242.77007,-1.8816252,242.5792,-2.7219648,-0.19087219,-0.84033966,0.8617441
90,10.143635,245.42435,9.923112,245.15689,-0.22052288,-0.26745605,0.34664547
90,249.36734,28.622097,249.88689,28.78751,0.5195465,0.1654129,0.5452431
90,1260.8524,230.5074,1259.248,230.52338,-1.6043701,0.015975952,1.6044496
90,241.8522,-6.1274548,241.47066,-6.916548,-0.38154602,-0.789093,0.87649596
90,226.94269,52.84895,227.89977,52.82888,0.957077,-0.020069122,0.95728743
90,22.01519,267.8065,22.328669,267.85684,0.31347847,0.050354004,0.3174969
90,55.314728,232.14491,55.89042,231.87074,0.5756912,-0.27416992,0.63764375
90,1020.46576,57.288704,1020.3443,57.27236,-0.12145996,-0.016342163,0.12255443
90,9.784715,246.80246,9.647815,246.4461,-0.13689995,-0.35635376,0.38174546
90,235.0824,6.421763,234.95851,5.5842123,-0.12388611,-0.83755064,0.84666336
90,250.11354,26.925283,250.6409,27.089767,0.527359,0.16448402,0.5524152
90,176.25238,107.403244,176.50241,107.9136,0.25003052,0.5103531,0.56830937
90,1053.7731,64.86303,1055.5192,64.722916,1.7460938,-0.14011383,1.7517064
90,197.75528,51.24057,197.2463,51.03364,-0.50897217,-0.20692825,0.54942876
90,274.64444,-0.85856915,275.9434,-0.6726122,1.2989502,0.18595695,1.3121934
90,30.404936,259.16223,30.61621,259.2624,0.2112751,0.10015869,0.23381388
90,195.4722,51.229687,195.02277,50.985195,-0.44943237,-0.24449158,0.51163036
90,9.641944,243.58812,9.550271,243.19887,-0.0916729,-0.3892517,0.39990103
90,190.22086,57.77873,189.79918,57.342262,-0.42167664,-0.43646622,0.6068888
90,258.6705,13.979474,259.09705,14.282496,0.4265442,0.30302238,0.5232232
90,75.67895,206.91794,75.92922,207.36404,0.25027466,0.44610596,0.5115153
90,243.4492,6.7819834,243.30779,6.1942644,-0.14141846,-0.58771896,0.6044938
90,230.0747,52.730995,231.01773,52.71147,0.9430237,-0.01952362,0.94322574
90,201.65543,80.100784,201.71678,80.89668,0.06135559,0.79589844,0.79825985
90,224.62883,58.436283,225.71288,58.411377,1.0840454,-0.024906158,1.0843315
90,247.40144,-1.2496223,246.72478,-1.3116665,-0.67666626,-0.062044144,0.67950475
90,242.66045,2.6255374,242.44658,1.8561649,-0.21386719,-0.76937246,0.7985444
90,216.05147,68.87903,216.83109,68.96027,0.7796173,0.08124542,0.7838392
90,188.68576,61.307884,182.25504,67.22635,-6.430725,5.9184647,8.739705
90,190.5126,58.08615,190.08162,57.668083,-0.4309845,-0.41806793,0.6004402
90,1144.381,133.21262,1145.1064,132.66968,0.72546387,-0.54293823,0.9061345
90,1152.6284,147.75734,1151.822,147.54227,-0.8063965,-0.21507263,0.83458465
90,229.24239,54.08672,230.83067,53.39,1.5882874,-0.6967201,1.7343805
90,270.38895,1.7260561,270.68417,2.64823,0.29522705,0.922174,0.9682788
90,191.92488,57.65091,191.45738,57.271164,-0.46749878,-0.37974548,0.60229707
90,195.14746,53.2439,194.60277,53.047047,-0.544693,-0.19685364,0.5791734
90,226.0938,54.430912,227.65353,53.812195,1.5597382,-0.6187172,1.6779733
90,1258.0089,224.97073,1256.5337,224.73654,-1.4752197,-0.2341919,1.4936931
91,49.96457,240.84859,50.265686,240.89774,0.30111694,0.04914856,0.3051016
91,222.73572,63.781506,223.431,63.803623,0.695282,0.022117615,0.69563365
91,242.5792,-2.7219648,242.2981,-3.3706264,-0.2810974,-0.6486616,0.70694953
91,9.923112,245.15689,9.692949,245.02855,-0.23016262,-0.12834167,0.2635269
91,249.88689,28.78751,249.90979,29.425783,0.022903442,0.63827324,0.63868403
91,1259.248,230.52338,1258.6293,230.53671,-0.6187744,0.013336182,0.6189181
91,241.47066,-6.916548,240.93343,-7.1733437,-0.53723145,-0.25679588,0.5954509
91,227.89977,52.82888,228.7714,52.547894,0.8716278,-0.2809868,0.91579944
91,22.328669,267.85684,22.68776,267.95532,0.3590908,0.098480225,0.37235004
91,55.89042,231.87074,56.39766,231.66634,0.5072403,-0.20440674,0.5468773
91,1020.3443,57.27236,1019.5856,57.297363,-0.758728,0.025001526,0.75913984
91,9.647815,246.4461,9.371536,246.34781,-0.2762785,-0.09829712,0.29324415
91,234.95851,5.5842123,234.50388,5.1343284,-0.45463562,-0.44988394,0.63960075
91,250.6409,27.089767,250.68262,27.715714,0.04171753,0.62594604,0.6273347
91,176.50241,107.9136,176.56165,108.48343,0.05923462,0.56983185,0.5729023
91,1055.5192,64.722916,1056.5063,64.672134,0.9871826,-0.05078125,0.98848784
91,197.2463,51.03364,196.7454,50.912785,-0.50090027,-0.12085724,0.5152742
91,30.61621,259.2624,30.839903,259.47064,0.22369194,0.20825195,0.30562553
91,195.02277,50.985195,194.58365,50.774826,-0.43911743,-0.21036911,0.4869079
91,9.550271,243.19887,9.310759,243.08476,-0.23951244,-0.114105225,0.265304
91,189.79918,57.342262,189.64908,56.841335,-0.15010071,-0.500927,0.5229322
91,259.09705,14.282496,259.32092,14.758026,0.22387695,0.47552967,0.5255943
91,75.92922,207.36404,76.38895,207.46158,0.45972443,0.09753418,0.46995687
91,243.30779,6.1942644,243.14839,5.632854,-0.15939331,-0.5614104,0.5835991
91,231.01773,52.71147,231.6724,52.65815,0.6546631,-0.05332184,0.656831
91,201.71678,80.89668,199.75377,83.62544,-1.9630127,2.7287598,3.3614802
91,225.71288,58.411377,226.40703,58.372814,0.69415283,-0.038562775,0.69522315
91,246.72478,-1.3116665,246.14821,-1.5252037,-0.5765686,-0.21353722,0.61484104
91,242.44658,1.8561649,242.22362,1.085454,-0.22296143,-0.77071095,0.8023136
91,216.83109,68.96027,217.64783,69.02876,0.81674194,0.068489075,0.81960857
91,182.25504,67.22635,181.63008,67.23832,-0.6249542,0.01197052,0.62506884
91,190.08162,57.668083,189.86464,57.248104,-0.21697998,-0.4199791,0.47271848
91,1145.1064,132.66968,1144.8744,132.622,-0.23205566,-0.047683716,0.23690413
91,1151.822,147.54227,1151.1545,147.64005,-0.66748047,0.09777832,0.6746042
91,230.83067,53.39,231.74913,53.016243,0.91845703,-0.3737564,0.99159324
91,270.68417,2.64823,271.07278,2.9160132,0.38861084,0.26778316,0.47193876
91,191.45738,57.271164,191.18358,56.895206,-0.2738037,-0.3759575,0.4650941
91,194.60277,53.047047,194.22252,52.76455,-0.38024902,-0.2824974,0.47370255
91,227.65353,53.812195,228.81862,53.213562,1.1650848,-0.5986328,1.3098794
91,1256.5337,224.73654,1255.9983,224.47699,-0.5354004,-0.259552,0.5949965
92,50.265686,240.89774,50.492477,240.91286,0.22679138,0.01512146,0.22729494
92,223.431,63.803623,223.89433,63.84016,0.46333313,0.03653717,0.4647715
92,242.2981,-3.3706264,241.93375,-3.9189482,-0.36434937,-0.5483217,0.6583367
92,9.692949,245.02855,9.552992,244.86281,-0.13995743,-0.16574097,0.2169289
92,249.90979,29.425783,250.01317,29.749563,0.103378296,0.32378006,0.3398832
92,1258.6293,230.53671,1257.4342,230.54045,-1.1950684,0.0037384033,1.1950742
92,240.93343,-7.1733437,240.35379,-7.546835,-0.5796356,-0.3734913,0.6895457
92,228.7714,52.547894,229.30446,52.56936,0.5330658,0.021465302,0.5334978
92,22.68776,267.95532,22.870394,268.04602,0.18263435,0.09069824,0.20391537
92,56.39766,231.66634,56.74181,231.54713,0.34415054,-0.11920166,0.3642096
92,1019.5856,57.297363,1019.94543,57.37135,0.35986328,0.07398605,0.36739016
92,9.371536,246.34781,9.188101,246.21823,-0.18343544,-0.12957764,0.22458611
92,234.50388,5.1343284,234.4645,4.2968845,-0.039382935,-0.8374438,0.83836937
92,250.68262,27.715714,250.64813,28.227142,-0.034484863,0.51142883,0.51259017
92,176.56165,108.48343,176.32178,109.12393,-0.23986816,0.6405029,0.68394494
92,1056.5063,64.672134,1057.6191,64.63834,1.112793,-0.03379059,1.1133059
92,196.7454,50.912785,196.1788,50.82735,-0.5666046,-0.08543396,0.5730094
92,30.839903,259.47064,30.996553,259.59637,0.15665054,0.12573242,0.2008682
92,194.58365,50.774826,194.01518,50.68639,-0.5684662,-0.08843613,0.57530403
92,9.310759,243.08476,9.155864,242.92206,-0.15489483,-0.16270447,0.2246445
92,189.64908,56.841335,189.22034,56.541267,-0.42874146,-0.3000679,0.5233163
92,259.32092,14.758026,259.6435,15.10136,0.3225708,0.3433342,0.4710948
92,76.38895,207.46158,76.57409,207.82312,0.18514252,0.36154175,0.40618983
92,243.14839,5.632854,242.95998,5.070471,-0.18841553,-0.5623832,0.59310645
92,231.6724,52.65815,232.28989,52.620087,0.6174927,-0.03806305,0.6186647
92,199.75377,83.62544,199.98503,83.964134,0.2312622,0.3386917,0.41011494
92,226.40703,58.372814,226.96027,58.35284,0.5532379,-0.019973755,0.5535984
92,246.14821,-1.5252037,245.57292,-1.8213577,-0.57528687,-0.29615402,0.6470411
92,242.22362,1.085454,241.97931,0.40288353,-0.24430847,-0.68257046,0.7249752
92,217.64783,69.02876,218.13425,69.10181,0.48641968,0.07304382,0.49187347
92,181.63008,67.23832,180.8235,67.41078,-0.8065796,0.17246246,0.82481146
92,189.86464,57.248104,189.46141,56.924454,-0.40322876,-0.32365036,0.51705223
92,1144.8744,132.622,1145.8633,132.54219,0.9888916,-0.07980347,0.99210644
92,1151.1545,147.64005,1151.491,147.71703,0.33642578,0.07698059,0.34512073
92,231.74913,53.016243,232.3975,52.941757,0.64837646,-0.07448578,0.6526409
92,271.07278,2.9160132,271.51923,3.3247814,0.44644165,0.40876818,0.60531116
92,191.18358,56.895206,190.6615,56.676533,-0.52207947,-0.2186737,0.56602573
92,194.22252,52.76455,193.63487,52.63199,-0.5876465,-0.13256073,0.6024124
92,228.81862,53.213562,229.48647,53.07561,0.6678467,-0.1379509,0.68194544
92,1255.9983,224.47699,1254.7103,224.3167,-1.2879639,-0.16029358,1.2979002
93,50.492477,240.91286,50.665573,240.91522,0.1730957,0.0023651123,0.17311186
93,223.89433,63.84016,224.31406,63.74653,0.4197235,-0.093631744,0.4300404
93,241.93375,-3.9189482,241.89252,-4.2458897,-0.041229248,-0.3269415,0.32953086
93,9.552992,244.86281,9.446563,244.7674,-0.1064291,-0.09541321,0.14293647
93,250.01317,29.749563,250.26031,30.103998,0.2471466,0.35443497,0.43209442
93,1257.4342,230.54045,1257.2921,230.58339,-0.14208984,0.042938232,0.14843589
93,240.35379,-7.546835,240.32965,-8.004833,-0.024139404,-0.45799828,0.458634
93,229.30446,52.56936,229.55006,52.64982,0.24560547,0.080459595,0.25844884
93,22.870394,268.04602,23.008589,268.0359,0.13819504,-0.010131836,0.13856594
93,56.74181,231.54713,56.894535,231.52829,0.15272522,-0.018844604,0.15388343
93,1019.94543,57.37135,1019.26276,57.37091,-0.6826782,-0.0004386902,0.68267834
93,9.188101,246.21823,9.02793,246.17734,-0.16017056,-0.040893555,0.16530846
93,234.4645,4.2968845,235.01575,3.3756247,0.5512543,-0.9212599,1.0735925
93,250.64813,28.227142,250.80452,28.661427,0.15638733,0.4342842,0.46158397
93,176.32178,109.12393,176.62862,109.21631,0.306839,0.09237671,0.32044286
93,1057.6191,64.63834,1057.6865,64.59971,0.06738281,-0.038635254,0.077673204
93,196.1788,50.82735,196.12514,50.638954,-0.05366516,-0.18839645,0.19589072
93,30.996553,259.59637,31.137865,259.58252,0.14131165,-0.0138549805,0.14198923
93,194.01518,50.68639,193.94202,50.508873,-0.07316589,-0.17751694,0.19200394
93,9.155864,242.92206,9.092419,242.80627,-0.06344509,-0.11578369,0.13202706
93,189.22034,56.541267,188.85449,56.668446,-0.36584473,0.12717819,0.38731983
93,259.6435,15.10136,259.6978,15.318609,0.05432129,0.21724892,0.22393726
93,76.57409,207.82312,76.77133,207.82404,0.19724274,0.00091552734,0.19724487
93,242.95998,5.070471,242.87758,4.853833,-0.08239746,-0.21663761,0.23177834
93,232.28989,52.620087,232.56299,52.640915,0.2731018,0.020828247,0.2738949
93,199.98503,83.964134,199.9939,84.2383,0.008865356,0.2741623,0.2743056
93,226.96027,58.35284,227.36372,58.291412,0.40345764,-0.06142807,0.4081072
93,245.57292,-1.8213577,245.49518,-2.049262,-0.07774353,-0.22790432,0.24079958
93,241.97931,0.40288353,241.95934,0.107536316,-0.019973755,-0.2953472,0.29602182
93,218.13425,69.10181,218.57828,69.03121,0.44403076,-0.07059479,0.44960752
93,180.8235,67.41078,180.36974,67.61093,-0.45376587,0.20014954,0.49594688
93,189.46141,56.924454,189.14561,57.0097,-0.3157959,0.08524704,0.32709953
93,1145.8633,132.54219,1145.6473,132.50919,-0.21594238,-0.03300476,0.21845005
93,1151.491,147.71703,1150.9744,148.07428,-0.51660156,0.35725403,0.6280984
93,232.3975,52.941757,232.80478,52.783997,0.40727234,-0.15776062,0.43675986
93,271.51923,3.3247814,271.6226,3.5042377,0.10336304,0.17945623,0.20709528
93,190.6615,56.676533,190.36053,56.740215,-0.30096436,0.063682556,0.30762804
93,193.63487,52.63199,193.53366,52.47671,-0.10121155,-0.15527725,0.18535048
93,229.48647,53.07561,229.85738,52.996418,0.37091064,-0.079193115,0.3792707
93,1254.7103,224.3167,1254.4366,224.26094,-0.27368164,-0.055755615,0.27930328
94,50.665573,240.91522,50.76585,240.88248,0.10027695,-0.03274536,0.10548803
94,224.31406,63.74653,224.57124,63.725136,0.2571869,-0.021392822,0.2580751
94,241.89252,-4.2458897,241.72615,-4.351598,-0.16636658,-0.10570812,0.19710922
94,9.446563,244.7674,9.359844,244.71721,-0.08671856,-0.050186157,0.100193605
94,250.26031,30.103998,250.26077,30.1052,0.00045776367,0.0012016296,0.0012858699
94,1257.2921,230.58339,1257.7427,230.57747,0.45056152,-0.00592041,0.45060042
94,240.32965,-8.004833,240.12149,-8.105104,-0.2081604,-0.100271225,0.2310521
94,229.55006,52.64982,229.96033,52.48502,0.41026306,-0.16479874,0.44212487
94,23.008589,268.0359,22.987204,268.02463,-0.021385193,-0.011260986,0.024168912
94,56.894535,231.52829,57.034218,231.5323,0.13968277,0.0040130615,0.13974041
94,1019.26276,57.37091,1019.5217,57.336395,0.25897217,-0.03451538,0.26126212
94,9.02793,246.17734,8.948752,246.11696,-0.07917786,-0.06037903,0.09957288
94,235.01575,3.3756247,234.8416,3.3754878,-0.17414856,-0.00013685226,0.17414862
94,250.80452,28.661427,250.82228,28.654266,0.01776123,-0.007160187,0.019150184
94,176.62862,109.21631,176.81306,108.696144,0.18444824,-0.5201645,0.5518988
94,1057.6865,64.59971,1058.6255,64.48538,0.93896484,-0.11432648,0.9458993
94,196.12514,50.638954,196.08104,50.515884,-0.0440979,-0.12306976,0.13073176
94,31.137865,259.58252,31.108583,259.54672,-0.029281616,-0.03579712,0.04624767
94,193.94202,50.508873,193.88148,50.383953,-0.060531616,-0.12491989,0.13881303
94,9.092419,242.80627,8.998181,242.76308,-0.09423733,-0.04319763,0.103666335
94,188.85449,56.668446,188.6811,56.699574,-0.17338562,0.03112793,0.17615765
94,259.6978,15.318609,259.8067,15.40307,0.10888672,0.08446121,0.13780425
94,76.77133,207.82404,76.85042,207.9286,0.0790863,0.10456848,0.13110763
94,242.87758,4.853833,242.76375,4.823682,-0.11383057,-0.030151367,0.11775611
94,232.56299,52.640915,233.0371,52.39497,0.47410583,-0.24594498,0.5341023
94,199.9939,84.2383,200.04709,84.34891,0.05319214,0.11061096,0.12273625
94,227.36372,58.291412,227.67494,58.23445,0.31121826,-0.05696106,0.316388
94,245.49518,-2.049262,245.30836,-2.128461,-0.18681335,-0.07919884,0.20290807
94,241.95934,0.107536316,241.84749,-0.034602165,-0.111846924,-0.14213848,0.18086758
94,218.57828,69.03121,218.64232,69.03346,0.06404114,0.0022506714,0.06408067
94,180.36974,67.61093,180.21872,67.5211,-0.15101624,-0.08982849,0.175713
94,189.14561,57.0097,188.99625,57.017082,-0.14936829,0.007381439,0.14955056
94,1145.6473,132.50919,1146.3488,132.5571,0.701416,0.047912598,0.70305055
94,1150.9744,148.07428,1150.8881,147.90971,-0.08630371,-0.16456604,0.18582334
94,232.80478,52.783997,233.34099,52.466362,0.5362091,-0.31763458,0.62322706
94,271.6226,3.5042377,271.66788,3.438335,0.045288086,-0.06590271,0.0799636
94,190.36053,56.740215,190.19566,56.757977,-0.16487122,0.01776123,0.16582514
94,193.53366,52.47671,193.4611,52.382027,-0.07255554,-0.0946846,0.11928739
94,229.85738,52.996418,230.41165,52.674465,0.5542755,-0.32195282,0.64099526
94,1254.4366,224.26094,1254.85,224.20804,0.41333008,-0.05290222,0.41670182
95,50.76585,240.88248,50.764133,241.08133,-0.0017166138,0.19885254,0.19885994
95,224.57124,63.725136,224.5798,63.84282,0.008560181,0.11768341,0.11799433
95,241.72615,-4.351598,241.90817,-5.0630236,0.1820221,-0.7114258,0.73434234
95,9.359844,244.71721,9.115408,245.23137,-0.24443626,0.51416016,0.5693064
95,250.26077,30.1052,250.57774,29.77279,0.31697083,-0.3324089,0.45931056
95,1257.7427,230.57747,1257.0323,230.71486,-0.71032715,0.13739014,0.723492
95,240.12149,-8.105104,240.2836,-8.834208,0.16210938,-0.7291031,0.7469075
95,229.96033,52.48502,229.15953,53.204983,-0.8007965,0.7199631,1.0768574
95,22.987204,268.02463,23.132761,267.99976,0.1455574,-0.024871826,0.14766708
95,57.034218,231.5323,56.962303,231.70287,-0.07191467,0.17056274,0.18510367
95,1019.5217,57.336395,1019.81165,57.50472,0.289917,0.16832352,0.33523822
95,8.948752,246.11696,8.800926,246.5431,-0.1478262,0.42614746,0.451059
95,234.8416,3.3754878,234.9463,3.1125078,0.10470581,-0.26297998,0.2830579
95,250.82228,28.654266,251.0617,28.423904,0.23942566,-0.23036194,0.33225182
95,176.81306,108.696144,177.4669,108.37798,0.6538391,-0.318161,0.7271396
95,1058.6255,64.48538,1058.5845,64.7487,-0.041015625,0.26332092,0.26649615
95,196.08104,50.515884,195.18103,51.770695,-0.90000916,1.2548103,1.5442038
95,31.108583,259.54672,31.256264,259.6233,0.14768028,0.0765686,0.16634968
95,193.88148,50.383953,193.53804,50.962437,-0.34344482,0.5784836,0.67275375
95,8.998181,242.76308,8.922713,243.09448,-0.07546806,0.33140564,0.33988988
95,188.6811,56.699574,189.04337,56.558163,0.3622589,-0.14141083,0.38888115
95,259.8067,15.40307,259.81897,15.160303,0.012268066,-0.24276733,0.24307711
95,76.85042,207.9286,76.97365,207.90425,0.12322998,-0.024353027,0.12561329
95,242.76375,4.823682,242.8384,4.6060038,0.074645996,-0.21767807,0.2301212
95,233.0371,52.39497,232.14882,53.090725,-0.88827515,0.695755,1.1283208
95,200.04709,84.34891,199.87132,84.31482,-0.17576599,-0.034088135,0.17904101
95,227.67494,58.23445,227.51271,58.329727,-0.16223145,0.09527588,0.18813966
95,245.30836,-2.128461,245.31772,-2.6610498,0.009353638,-0.53258896,0.5326711
95,241.84749,-0.034602165,242.059,-0.7354889,0.21151733,-0.7008867,0.73210776
95,218.64232,69.03346,218.793,69.19802,0.15068054,0.16455841,0.22312349
95,180.21872,67.5211,181.30452,66.54022,1.0858002,-0.98088074,1.463246
95,188.99625,57.017082,189.33638,56.895386,0.34013367,-0.12169647,0.36124915
95,1146.3488,132.5571,1146.0923,132.82722,-0.25646973,0.27012634,0.37248486
95,1150.8881,147.90971,1150.8174,148.04904,-0.07067871,0.139328,0.15622987
95,233.34099,52.466362,232.43901,53.15869,-0.90197754,0.6923294,1.1370504
95,271.66788,3.438335,271.75186,3.5989199,0.083984375,0.16058493,0.18122056
95,190.19566,56.757977,190.45943,56.69607,0.26376343,-0.061904907,0.27093056
95,193.4611,52.382027,193.27899,52.788548,-0.18211365,0.40652084,0.44544873
95,230.41165,52.674465,229.65643,53.293877,-0.7552185,0.61941147,0.9767423
95,1254.85,224.20804,1254.357,224.33153,-0.49291992,0.12348938,0.5081532
96,50.764133,241.08133,50.676758,241.05551,-0.08737564,-0.025817871,0.091110185
96,224.5798,63.84282,224.54294,63.839645,-0.036865234,-0.0031738281,0.037001602
96,241.90817,-5.0630236,242.13074,-5.2234125,0.2225647,-0.16038895,0.27433494
96,9.115408,245.23137,9.740709,244.71848,0.62530136,-0.5128937,0.8087408
96,250.57774,29.77279,250.75433,29.612057,0.17658997,-0.16073418,0.23878755
96,1257.0323,230.71486,1257.4393,230.70238,0.40698242,-0.012481689,0.40717378
96,229.15953,53.204983,229.02039,53.32402,-0.1391449,0.11903763,0.18311542
96,23.132761,267.99976,23.081802,267.91696,-0.050958633,-0.08279419,0.09721965
96,56.962303,231.70287,56.89301,231.73755,-0.069293976,0.034683228,0.077489235
96,1019.81165,57.50472,1019.7543,57.51479,-0.057373047,0.010070801,0.058250215
96,8.800926,246.5431,9.488165,245.98764,0.6872387,-0.5554657,0.883651
96,234.9463,3.1125078,235.31131,2.9323244,0.3650055,-0.18018341,0.4070566
96,251.0617,28.423904,251.28534,28.231665,0.22363281,-0.19223976,0.29490295
96,177.4669,108.37798,177.41386,108.356125,-0.05303955,-0.021858215,0.057367023
96,1058.5845,64.7487,1058.6195,64.742874,0.03503418,-0.0058288574,0.035515763
96,195.18103,51.770695,195.33821,51.7804,0.15718079,0.00970459,0.15748009
96,31.256264,259.6233,31.18319,259.5722,-0.07307434,-0.051086426,0.089160986
96,193.53804,50.962437,193.69966,50.97336,0.1616211,0.010921478,0.16198967
96,8.922713,243.09448,9.365124,242.76813,0.44241047,-0.32635498,0.5497587
96,189.04337,56.558163,189.17773,56.6195,0.1343689,0.061336517,0.14770636
96,259.81897,15.160303,260.26868,14.73642,0.44970703,-0.42388344,0.61799157
96,76.97365,207.90425,77.47581,207.37357,0.5021591,-0.5306854,0.7306099
96,242.8384,4.6060038,243.2128,4.3843846,0.3744049,-0.22161913,0.4350794
96,232.14882,53.090725,232.03543,53.176373,-0.11338806,0.08564758,0.14209983
96,199.87132,84.31482,200.53453,83.597404,0.663208,-0.71741486,0.97699994
96,227.51271,58.329727,227.49442,58.345684,-0.018295288,0.015956879,0.024276316
96,245.31772,-2.6610498,245.61804,-2.867402,0.3003235,-0.20635223,0.36438364
96,242.059,-0.7354889,242.48233,-1.0402918,0.42332458,-0.3048029,0.5216402
96,218.793,69.19802,218.61436,69.17203,-0.17863464,-0.025993347,0.18051592
96,181.30452,66.54022,181.42961,66.556274,0.12509155,0.016052246,0.12611729
96,189.33638,56.895386,189.47249,56.954998,0.1361084,0.059612274,0.14859045
96,1146.0923,132.82722,1146.0653,132.77698,-0.026977539,-0.050247192,0.05703129
96,1150.8174,148.04904,1150.8717,148.04051,0.05432129,-0.008529663,0.054986887
96,232.43901,53.15869,232.33125,53.23698,-0.10775757,0.07828903,0.13319485
96,271.75186,3.5989199,271.59915,3.6322384,-0.15270996,0.03331852,0.15630245
96,190.45943,56.69607,190.60199,56.753082,0.14256287,0.05701065,0.15353952
96,193.27899,52.788548,193.45357,52.80047,0.1745758,0.011920929,0.17498234
96,229.65643,53.293877,229.52275,53.412865,-0.13368225,0.11898804,0.17896675
96,1254.357,224.33153,1254.673,224.32635,0.31591797,-0.0051727295,0.31596032
97,50.676758,241.05551,50.396828,240.99187,-0.2799301,-0.06364441,0.287074
97,224.54294,63.839645,224.27895,63.788235,-0.2639923,-0.051410675,0.26895165
97,242.13074,-5.2234125,242.59645,-5.1827564,0.4657135,0.04065609,0.46748474
97,9.740709,244.71848,9.760222,244.97763,0.01951313,0.25915527,0.25988886
97,250.75433,29.612057,250.88329,28.783875,0.12895203,-0.8281822,0.83816135
97,1257.4393,230.70238,1257.9924,230.73729,0.5531006,0.03491211,0.5542013
97,229.02039,53.32402,228.53415,53.405476,-0.48623657,0.08145523,0.49301213
97,23.081802,267.91696,22.886745,267.6988,-0.19505692,-0.21817017,0.2926524
97,56.89301,231.73755,56.61174,231.68495,-0.28126907,-0.052597046,0.2861446
97,1019.7543,57.51479,1020.1072,57.490658,0.35290527,-0.024131775,0.35372937
97,9.488165,245.98764,9.519749,246.24179,0.031583786,0.2541504,0.25610536
97,235.31131,2.9323244,235.66472,3.02147,0.3534088,0.08914566,0.36447874
97,251.28534,28.231665,251.27538,27.556242,-0.009963989,-0.67542267,0.67549616
97,177.41386,108.356125,177.20401,108.15627,-0.20985413,-0.19985199,0.2897923
97,1058.6195,64.742874,1057.3838,64.75922,-1.2357178,0.016342163,1.2358258
97,195.33821,51.7804,196.04419,51.460777,0.7059784,-0.31962204,0.7749605
97,31.18319,259.5722,30.972761,259.39835,-0.21042824,-0.17385864,0.27295947
97,193.69966,50.97336,194.48586,50.565323,0.78619385,-0.40803528,0.8857729
97,9.365124,242.76813,9.360862,243.0505,-0.0042619705,0.28237915,0.2824113
97,189.17773,56.6195,189.63315,56.580643,0.45541382,-0.038856506,0.45706847
97,260.26868,14.73642,259.84338,14.3828335,-0.42529297,-0.3535862,0.55307984
97,77.47581,207.37357,77.34058,207.06064,-0.13522339,-0.31292725,0.34089416
97,243.2128,4.3843846,243.62064,4.393563,0.4078369,0.009178162,0.40794018
97,232.03543,53.176373,231.57709,53.23948,-0.4583435,0.06310654,0.4626675
97,200.53453,83.597404,201.1956,82.44842,0.6610718,-1.1489868,1.3255892
97,227.49442,58.345684,227.08188,58.37067,-0.41253662,0.024986267,0.4132926
97,245.61804,-2.867402,246.19545,-2.961505,0.57740784,-0.09410286,0.5850258
97,242.48233,-1.0402918,243.01741,-1.1263742,0.53507996,-0.08608246,0.5419601
97,218.61436,69.17203,218.55428,69.015396,-0.06008911,-0.15663147,0.16776209
97,181.42961,66.556274,181.62752,66.78363,0.1979065,0.22735596,0.30142614
97,189.47249,56.954998,189.94547,56.89211,0.47297668,-0.0628891,0.47713938
97,1146.0653,132.77698,1146.0239,133.26453,-0.041381836,0.48754883,0.48930186
97,1150.8717,148.04051,1151.4326,148.16855,0.5609131,0.1280365,0.5753406
97,232.33125,53.23698,231.82924,53.317497,-0.50201416,0.080516815,0.5084301
97,271.59915,3.6322384,271.12723,3.3802485,-0.47192383,-0.25198984,0.5349869
97,190.60199,56.753082,191.1009,56.687744,0.49891663,-0.065338135,0.5031768
97,193.45357,52.80047,194.19469,52.451958,0.7411194,-0.34851074,0.81897354
97,229.52275,53.412865,229.02257,53.503956,-0.5001831,0.091091156,0.50841
97,1254.673,224.32635,1255.2405,224.46262,0.5675049,0.13626099,0.58363414
98,50.396828,240.99187,50.13342,240.93245,-0.26340866,-0.059417725,0.270027
98,224.27895,63.788235,223.78143,63.74021,-0.49751282,-0.048023224,0.49982518
98,242.59645,-5.1827564,243.05853,-5.106373,0.4620819,0.07638359,0.4683526
98,9.760222,244.97763,9.883104,245.12848,0.12288189,0.15084839,0.1945641
98,250.88329,28.783875,250.50557,28.449953,-0.37771606,-0.33392143,0.5041557
98,1257.9924,230.73729,1260.2542,230.6837,2.2617188,-0.053588867,2.2623537
98,228.53415,53.405476,227.50728,53.766174,-1.0268707,0.3606987,1.0883782
98,22.886745,267.6988,22.364988,267.7916,-0.5217571,0.092803955,0.5299463
98,56.61174,231.68495,56.263817,231.78003,-0.34792328,0.095077515,0.36068037
98,1020.1072,57.490658,1020.2731,57.452213,0.16589355,-0.03844452,0.1702899
98,9.519749,246.24179,9.628466,246.42703,0.108716965,0.1852417,0.21478796
98,235.66472,3.02147,236.06602,3.1987529,0.40130615,0.17728281,0.43872067
98,251.27538,27.556242,250.85498,27.282064,-0.4203949,-0.27417755,0.50190157
98,177.20401,108.15627,168.5305,116.36208,-8.673508,8.205811,11.940062
98,1057.3838,64.75922,1055.6271,64.779816,-1.7567139,0.020599365,1.7568346
98,196.04419,51.460777,196.40906,51.607815,0.36486816,0.1470375,0.39338124
98,30.972761,259.39835,30.600452,259.28394,-0.37230873,-0.1144104,0.38949138
98,194.48586,50.565323,194.9587,50.597507,0.47283936,0.0321846,0.47393343
98,9.360862,243.0505,9.42048,243.25858,0.059617996,0.20806885,0.21644157
98,189.63315,56.580643,189.93225,56.771294,0.29910278,0.19065094,0.3546974
98,259.84338,14.3828335,259.4474,14.2015705,-0.3959961,-0.18126297,0.43551022
98,77.34058,207.06064,77.11281,206.96675,-0.22777557,-0.09388733,0.24636668
98,243.62064,4.393563,243.91428,4.6214466,0.29364014,0.22788382,0.37169284
98,231.57709,53.23948,230.60371,53.54969,-0.9733734,0.31021118,1.0216099
98,201.1956,82.44842,201.58923,80.86968,0.39363098,-1.5787354,1.6270682
98,227.08188,58.37067,226.37453,58.401783,-0.7073517,0.03111267,0.7080356
98,246.19545,-2.961505,246.6321,-2.8947258,0.4366455,0.06677914,0.44172248
98,243.01741,-1.1263742,243.47736,-1.0893021,0.45994568,0.03707218,0.46143728
98,218.55428,69.015396,217.99573,68.91594,-0.558548,-0.09945679,0.5673337
98,181.62752,66.78363,182.11952,66.796684,0.4920044,0.013053894,0.49217755
98,189.94547,56.89211,190.20888,57.11489,0.26341248,0.22278214,0.34498987
98,1146.0239,133.26453,1145.831,133.43076,-0.1928711,0.16622925,0.25462016
98,1151.4326,148.16855,1151.5844,147.96242,0.1517334,-0.20613098,0.2559551
98,231.82924,53.317497,230.86426,53.641922,-0.9649811,0.32442474,1.0180569
98,271.12723,3.3802485,270.83374,3.0664535,-0.29348755,-0.3137951,0.42965367
98,191.1009,56.687744,191.25829,57.021584,0.15737915,0.33383942,0.3690758
98,194.19469,52.451958,194.67458,52.461296,0.47988892,0.009338379,0.47997978
98,229.02257,53.503956,228.0147,53.869743,-1.0078735,0.3657875,1.0721985
98,1255.2405,224.46262,1256.7749,224.51378,1.5344238,0.05116272,1.5352765
99,50.13342,240.93245,49.777775,241.05345,-0.35564423,0.1210022,0.37566522
99,223.78143,63.74021,223.09215,63.72848,-0.6892853,-0.011730194,0.68938506
99,243.05853,-5.106373,243.67601,-4.9038773,0.6174774,0.20249557,0.6498329
99,9.883104,245.12848,10.153024,245.30386,0.2699194,0.17538452,0.3218947
99,250.50557,28.449953,250.19458,28.209259,-0.31098938,-0.24069405,0.39325312
99,1260.2542,230.6837,1260.8928,230.90448,0.6386719,0.22077942,0.6757554
99,227.50728,53.766174,226.18724,54.24768,-1.3200378,0.48150635,1.405115
99,22.364988,267.7916,22.017143,267.72888,-0.34784508,-0.06271362,0.35345325
99,56.263817,231.78003,55.780163,232.06268,-0.48365402,0.2826538,0.5601914
99,1020.2731,57.452213,1020.58734,57.441666,0.31427002,-0.010547638,0.31444696
99,9.628466,246.42703,9.832661,246.67209,0.20419502,0.24505615,0.31897983
99,236.06602,3.1987529,236.66899,3.2365732,0.6029663,0.03782034,0.60415125
99,250.85498,27.282064,250.53427,27.060448,-0.32070923,-0.22161674,0.38983124
99,168.5305,116.36208,156.88573,128.34375,-11.644775,11.981667,16.708117
99,1055.6271,64.779816,1053.8524,64.79953,-1.7746582,0.019714355,1.7747676
99,196.40906,51.607815,196.9541,51.80944,0.54504395,0.20162582,0.5811418
99,30.600452,259.28394,30.359434,259.09882,-0.2410183,-0.18511963,0.30390638
99,194.9587,50.597507,195.6461,50.653877,0.68740845,0.05636978,0.6897158
99,9.42048,243.25858,9.642186,243.47809,0.22170639,0.21951294,0.31199303
99,189.93225,56.771294,190.09293,57.45923,0.16067505,0.6879349,0.70644945
99,259.4474,14.2015705,259.042,13.88179,-0.4053955,-0.31978035,0.51633805
99,77.11281,206.96675,76.42183,207.2096,-0.690979,0.24284363,0.7324104
99,243.91428,4.6214466,244.44943,4.650132,0.53515625,0.02868557,0.5359245
99,230.60371,53.54969,229.22226,54.079357,-1.3814545,0.5296669,1.4795146
99,201.58923,80.86968,201.44716,80.58559,-0.14207458,-0.28409576,0.31764066
99,226.37453,58.401783,225.4081,58.481228,-0.96643066,0.079444885,0.9696905
99,246.6321,-2.8947258,247.32323,-2.8096428,0.6911316,0.08508301,0.6963491
99,243.47736,-1.0893021,244.13704,-0.99006367,0.6596832,0.099238396,0.66710585
99,217.99573,68.91594,217.45242,68.87334,-0.54330444,-0.04260254,0.5449722
99,182.11952,66.796684,182.58432,67.12378,0.46479797,0.32709503,0.5683558
99,190.20888,57.11489,190.43597,57.73813,0.22709656,0.6232376,0.6633234
99,1145.831,133.43076,1145.4524,133.56277,-0.3786621,0.13201904,0.40101624
99,1151.5844,147.96242,1152.1393,148.0147,0.55493164,0.05227661,0.55738854
99,230.86426,53.641922,229.4862,54.178413,-1.3780518,0.5364914,1.4788
99,270.83374,3.0664535,270.3591,2.7298532,-0.4746399,-0.3366003,0.58187866
99,191.25829,57.021584,191.50032,57.62851,0.24203491,0.60692596,0.6534065
99,194.67458,52.461296,195.42628,52.45805,0.751709,-0.0032463074,0.751716
99,228.0147,53.869743,226.70462,54.341057,-1.3100739,0.47131348,1.3922751
99,1256.7749,224.51378,1257.9231,224.98055,1.1481934,0.46676636,1.239443
100,49.777775,241.05345,49.478405,240.89763,-0.2993698,-0.15582275,0.3374952
100,223.09215,63.72848,222.58028,63.64392,-0.51187134,-0.084560394,0.51880896
100,243.67601,-4.9038773,244.16464,-4.6222506,0.4886322,0.2816267,0.5639814
100,10.153024,245.30386,10.388202,245.48492,0.235178,0.18106079,0.29680246
100,250.19458,28.209259,249.947,27.680614,-0.24757385,-0.52864456,0.5837447
100,1260.8928,230.90448,1262.8932,230.69893,2.0003662,-0.20555115,2.0108993
100,226.18724,54.24768,225.24963,54.58749,-0.9376068,0.33980942,0.99728477
100,22.017143,267.72888,21.635849,267.55228,-0.38129425,-0.17660522,0.42020795
100,55.780163,232.06268,55.445633,231.97087,-0.33452988,-0.091812134,0.34690014
100,1020.58734,57.441666,1021.4968,57.211613,0.90948486,-0.23005295,0.93812954
100,9.832661,246.67209,10.033477,246.90497,0.20081615,0.23287964,0.3075062
100,236.66899,3.2365732,237.46248,3.1454043,0.79348755,-0.09116888,0.7987079
100,250.53427,27.060448,250.21301,26.616774,-0.32125854,-0.4436741,0.54777163
100,156.88573,128.34375,102.046776,185.35373,-54.83895,57.00998,79.104034
100,1053.8524,64.79953,1052.6664,64.827545,-1.1860352,0.028015137,1.186366
100,196.9541,51.80944,197.37776,52.127625,0.42366028,0.3181839,0.5298387
100,30.359434,259.09882,30.127796,258.8791,-0.23163795,-0.21972656,0.31927404
100,195.6461,50.653877,196.24199,50.816177,0.59588623,0.16230011,0.61759347
100,9.642186,243.47809,9.831611,243.73347,0.18942451,0.25538635,0.31796828
100,190.09293,57.45923,190.3796,57.817562,0.28666687,0.3583336,0.4588909
100,259.042,13.88179,258.3858,13.762063,-0.65618896,-0.119727135,0.66702217
100,76.42183,207.2096,76.18508,206.9334,-0.23674774,-0.27619934,0.36377957
100,244.44943,4.650132,244.87306,4.783819,0.42362976,0.13368702,0.44422337
100,229.22226,54.079357,228.2067,54.460743,-1.015564,0.3813858,1.0848157
100,201.44716,80.58559,201.17053,80.232925,-0.2766266,-0.35266113,0.44820994
100,225.4081,58.481228,224.78998,58.492264,-0.6181183,0.011035919,0.6182168
100,247.32323,-2.8096428,247.98274,-2.7876291,0.6595154,0.022013664,0.65988266
100,244.13704,-0.99006367,244.7518,-0.8742943,0.61476135,0.11576939,0.625567
100,217.45242,68.87334,216.88437,68.752174,-0.5680542,-0.121162415,0.58083206
100,182.58432,67.12378,183.44476,66.90874,0.8604431,-0.21504211,0.8869078
100,190.43597,57.73813,190.79868,57.99435,0.36270142,0.25622177,0.44407424
100,1145.4524,133.56277,1144.2009,132.8198,-1.2514648,-0.74298096,1.4553986
100,1152.1393,148.0147,1152.0907,147.37524,-0.048583984,-0.6394501,0.64129305
100,229.4862,54.178413,228.40906,54.588264,-1.0771484,0.40985107,1.1524872
100,270.3591,2.7298532,269.60944,2.5187984,-0.7496643,-0.2110548,0.7788072
100,191.50032,57.62851,191.85217,57.91744,0.35185242,0.288929,0.4552802
100,195.42628,52.45805,196.04935,52.59003,0.62306213,0.1319809,0.63688725
100,226.70462,54.341057,225.66344,54.73499,-1.0411835,0.39393234,1.1132141
100,1257.9231,224.98055,1260.2163,225.0099,2.293213,0.02935791,2.2934008
101,49.478405,240.89763,49.081367,240.84525,-0.3970375,-0.052383423,0.4004782
101,222.58028,63.64392,221.81685,63.565624,-0.76342773,-0.07829666,0.7674322
101,244.16464,-4.6222506,244.86076,-4.215062,0.6961212,0.40718842,0.80646586
101,10.388202,245.48492,10.667567,245.6725,0.27936554,0.1875763,0.33649662
101,249.947,27.680614,249.2763,27.267138,-0.6707001,-0.41347694,0.78790975
101,1262.8932,230.69893,1263.8273,230.70871,0.93408203,0.009780884,0.93413323
101,225.24963,54.58749,224.04045,55.05474,-1.2091827,0.46725082,1.2963203
101,21.635849,267.55228,21.305313,267.35953,-0.3305359,-0.19274902,0.3826306
101,55.445633,231.97087,54.887627,232.15744,-0.5580063,0.18656921,0.58836985
101,1021.4968,57.211613,1021.7024,57.195118,0.2055664,-0.016494751,0.20622712
101,10.033477,246.90497,10.326874,247.07362,0.29339695,0.1686554,0.3384175
101,237.46248,3.1454043,238.40244,3.0493531,0.93995667,-0.096051216,0.9448515
101,250.21301,26.616774,249.33505,26.403278,-0.8779602,-0.21349525,0.90354544
101,102.046776,185.35373,101.5445,185.39062,-0.50227356,0.036895752,0.5036269
101,1052.6664,64.827545,1051.237,64.87275,-1.4293213,0.045204163,1.430036
101,197.37776,52.127625,197.9978,52.35286,0.6200409,0.22523499,0.65968287
101,30.127796,258.8791,29.932499,258.60272,-0.19529724,-0.2763672,0.33840778
101,196.24199,50.816177,196.90251,51.03678,0.66052246,0.22060394,0.6963878
101,9.831611,243.73347,9.99304,244.03748,0.1614294,0.30400085,0.34420338
101,190.3796,57.817562,190.67606,58.4446,0.296463,0.62703705,0.69358903
101,258.3858,13.762063,257.14178,13.693558,-1.2440186,-0.06850529,1.2459034
101,76.18508,206.9334,75.931656,206.57945,-0.2534256,-0.35394287,0.4353161
101,244.87306,4.783819,245.19461,5.013538,0.32154846,0.22971869,0.39517602
101,228.2067,54.460743,226.8176,55.029823,-1.3890991,0.56908035,1.5011492
101,201.17053,80.232925,200.89894,79.68033,-0.2715912,-0.55259705,0.61573154
101,224.78998,58.492264,223.96414,58.54998,-0.8258362,0.05771637,0.8278506
101,247.98274,-2.7876291,248.8181,-2.8163967,0.83535767,-0.028767586,0.83585286
101,244.7518,-0.8742943,245.44148,-0.6063299,0.689682,0.26796436,0.7399096
101,216.88437,68.752174,216.13316,68.60727,-0.75120544,-0.14490509,0.76505363
101,183.44476,66.90874,192.54523,58.242714,9.100464,-8.666023,12.566559
101,190.79868,57.99435,191.06328,58.637024,0.26460266,0.6426735,0.6950135
101,1144.2009,132.8198,1143.8512,133.09279,-0.34973145,0.272995,0.44366467
101,1152.0907,147.37524,1152.5468,147.43974,0.4560547,0.0644989,0.46059307
101,228.40906,54.588264,227.05185,55.134647,-1.3572083,0.5463829,1.4630613
101,269.60944,2.5187984,268.69052,1.9644728,-0.9189148,-0.5543256,1.0731641
101,191.85217,57.91744,192.13974,58.567745,0.28756714,0.6503067,0.7110511
101,196.04935,52.59003,196.769,52.730762,0.71965027,0.14073181,0.7332816
101,225.66344,54.73499,224.46078,55.182636,-1.202652,0.4476471,1.2832614
101,1260.2163,225.0099,1260.922,225.27646,0.7056885,0.2665558,0.7543528
102,49.081367,240.84525,48.352283,240.7963,-0.729084,-0.048950195,0.7307254
102,221.81685,63.565624,220.75423,63.51216,-1.0626221,-0.053462982,1.0639662
102,244.86076,-4.215062,245.52573,-4.0916653,0.66496277,0.12339687,0.6763152
102,10.667567,245.6725,10.919324,245.78685,0.25175667,0.114349365,0.27650893
102,249.2763,27.267138,249.07439,26.400629,-0.20191956,-0.8665085,0.8897238
102,1263.8273,230.70871,1264.7944,230.63332,0.9671631,-0.07539368,0.97009724
102,224.04045,55.05474,222.67891,55.437283,-1.3615417,0.38254166,1.414261
102,21.305313,267.35953,21.315384,266.42548,0.010070801,-0.9340515,0.9341058
102,54.887627,232.15744,54.106937,232.18884,-0.78068924,0.031402588,0.7813205
102,1021.7024,57.195118,1021.329,57.018536,-0.3734131,-0.17658234,0.4130601
102,10.326874,247.07362,10.585015,247.196,0.25814152,0.12237549,0.28567955
102,238.40244,3.0493531,238.70264,3.5743685,0.30020142,0.52501535,0.6047826
102,249.33505,26.403278,249.14719,25.504547,-0.18786621,-0.89873123,0.91815656
102,101.5445,185.39062,83.01526,203.97665,-18.529243,18.58603,26.244492
102,1051.237,64.87275,1050.6437,64.92268,-0.5933838,0.049934387,0.5954811
102,197.9978,52.35286,198.60667,52.492912,0.60887146,0.1400528,0.62477136
102,29.932499,258.60272,29.510208,258.2268,-0.4222908,-0.37591553,0.5653689
102,196.90251,51.03678,197.48763,51.18414,0.5851135,0.14735794,0.60338396
102,9.99304,244.03748,10.155411,244.22702,0.16237068,0.18954468,0.2495825
102,190.67606,58.4446,191.0825,58.744164,0.40644836,0.29956436,0.50491494
102,257.14178,13.693558,256.4455,13.477345,-0.69628906,-0.21621227,0.72908586
102,75.931656,206.57945,75.27162,206.28731,-0.6600342,-0.29214478,0.7217989
102,245.19461,5.013538,245.4036,5.3074923,0.20898438,0.29395437,0.3606711
102,226.8176,55.029823,225.357,55.45381,-1.4606018,0.42398834,1.5208957
102,200.89894,79.68033,200.56766,78.95397,-0.33128357,-0.7263565,0.7983374
102,223.96414,58.54998,222.84407,58.600956,-1.1200714,0.0509758,1.1212308
102,248.8181,-2.8163967,249.50272,-2.9540882,0.6846161,-0.1376915,0.6983252
102,245.44148,-0.6063299,245.98174,-0.3843546,0.5402527,0.22197533,0.58407706
102,216.13316,68.60727,215.0555,68.50313,-1.0776672,-0.104141235,1.0826875
102,192.54523,58.242714,192.9573,58.547104,0.41207886,0.30438995,0.5123107
102,191.06328,58.637024,191.44273,58.955006,0.37945557,0.31798172,0.49507463
102,1143.8512,133.09279,1143.316,132.92104,-0.53515625,-0.17175293,0.56204206
102,1152.5468,147.43974,1152.9408,147.31975,0.39404297,-0.11999512,0.4119086
102,227.05185,55.134647,225.56638,55.575027,-1.4854736,0.4403801,1.5493762
102,268.69052,1.9644728,267.82574,1.9654703,-0.8647766,0.0009975433,0.8647772
102,192.13974,58.567745,192.51613,58.900723,0.37638855,0.3329773,0.50253576
102,196.769,52.730762,197.36658,52.892036,0.59757996,0.16127396,0.61895967
102,224.46078,55.182636,223.05843,55.59681,-1.402359,0.41417313,1.4622415
102,1260.922,225.27646,1261.647,225.4408,0.7249756,0.16433716,0.7433682
103,48.352283,240.7963,47.967266,240.7187,-0.3850174,-0.07759094,0.39275786
103,220.75423,63.51216,219.88763,63.376457,-0.8665924,-0.13570404,0.87715334
103,245.52573,-4.0916653,246.42719,-4.224633,0.90145874,-0.13296795,0.91121256
103,10.919324,245.78685,11.231506,245.97017,0.31218243,0.18331909,0.3620273
103,249.07439,26.400629,248.69655,25.807735,-0.37783813,-0.5928936,0.7030537
103,1264.7944,230.63332,1265.8055,230.6309,1.0111084,-0.0024108887,1.0111113
103,222.67891,55.437283,221.56516,55.772976,-1.1137543,0.33569336,1.1632448
103,21.315384,266.42548,21.342447,265.8995,0.02706337,-0.52597046,0.5266662
103,54.106937,232.18884,53.487038,232.44713,-0.61989975,0.25828552,0.67155576
103,1021.329,57.018536,1021.4705,57.09783,0.14154053,0.07929611,0.16223931
103,10.585015,247.196,10.878099,247.39116,0.29308414,0.19515991,0.35211605
103,238.70264,3.5743685,239.12888,3.8692236,0.426239,0.29485512,0.5182849
103,249.14719,25.504547,248.7851,24.906498,-0.36209106,-0.59804916,0.69912285
103,83.01526,203.97665,82.8176,203.63148,-0.19766235,-0.34516907,0.39775884
103,1050.6437,64.92268,1050.0103,64.98688,-0.63342285,0.064193726,0.6366674
103,198.60667,52.492912,199.75998,52.217644,1.153305,-0.27526855,1.1857004
103,29.510208,258.2268,29.296385,258.00177,-0.21382332,-0.22503662,0.31042212
103,197.48763,51.18414,198.5108,51.053776,1.0231781,-0.13036346,1.0314496
103,10.155411,244.22702,10.331429,244.53714,0.17601776,0.31011963,0.35659
103,191.0825,58.744164,191.53131,59.160328,0.44880676,0.4161644,0.61206234
103,256.4455,13.477345,256.06647,12.983143,-0.37902832,-0.4942026,0.62281513
103,75.27162,206.28731,75.04549,205.96677,-0.22613525,-0.32054138,0.39228043
103,245.4036,5.3074923,245.79317,5.302075,0.38957214,-0.005417347,0.38960978
103,225.357,55.45381,224.23352,55.80785,-1.1234741,0.35403824,1.1779377
103,200.56766,78.95397,200.61563,78.29215,0.047973633,-0.66181946,0.6635559
103,222.84407,58.600956,222.0404,58.597065,-0.80366516,-0.0038909912,0.8036746
103,249.50272,-2.9540882,250.25024,-3.3280191,0.7475281,-0.37393093,0.83583647
103,245.98174,-0.3843546,246.55794,-0.3238201,0.5762024,0.060534477,0.5793735
103,215.0555,68.50313,214.32974,68.344986,-0.7257538,-0.15814209,0.7427836
103,192.9573,58.547104,193.63272,58.734238,0.67541504,0.18713379,0.70085984
103,191.44273,58.955006,191.9196,59.347557,0.47686768,0.39255142,0.6176564
103,1143.316,132.92104,1143.4698,133.16855,0.1538086,0.24751282,0.29140982
103,1152.9408,147.31975,1154.8167,147.95146,1.8758545,0.63171387,1.9793667
103,225.56638,55.575027,224.42862,55.94767,-1.1377563,0.37264252,1.1972268
103,267.82574,1.9654703,267.147,1.5583,-0.67874146,-0.4071703,0.79150337
103,192.51613,58.900723,193.14214,59.151802,0.6260071,0.25107956,0.67448187
103,197.36658,52.892036,198.34314,52.799004,0.9765625,-0.09303284,0.9809839
103,223.05843,55.59681,221.97798,55.943848,-1.0804443,0.34703827,1.1348108
103,1261.647,225.4408,1262.5293,225.65894,0.8823242,0.21813965,0.90888995
104,47.967266,240.7187,47.54626,240.68124,-0.42100525,-0.037460327,0.42266855
104,219.88763,63.376457,219.24673,63.308426,-0.64089966,-0.06803131,0.6445003
104,246.42719,-4.224633,246.8723,-3.5288315,0.44511414,0.69580173,0.8259943
104,11.231506,245.97017,11.583122,246.04697,0.3516159,0.076797485,0.35990497
104,248.69655,25.807735,248.1588,25.532436,-0.53775024,-0.27529907,0.60412323
104,1265.8055,230.6309,1266.4567,230.61723,0.65112305,-0.013671875,0.6512666
104,221.56516,55.772976,220.54218,56.17729,-1.0229797,0.40431595,1.0999813
104,21.342447,265.8995,21.414307,265.46637,0.07185936,-0.433136,0.43905643
104,53.487038,232.44713,52.8011,232.7346,-0.685936,0.2874756,0.7437408
104,1021.4705,57.09783,1021.6076,57.09585,0.13708496,-0.0019798279,0.13709925
104,10.878099,247.39116,11.164588,247.55818,0.28648853,0.1670227,0.33162066
104,239.12888,3.8692236,238.92496,5.115529,-0.20391846,1.2463055,1.2628777
104,248.7851,24.906498,225.89055,50.58935,-22.894547,25.682854,34.40595
104,82.8176,203.63148,82.5555,203.42339,-0.26210022,-0.20809937,0.33466682
104,1050.0103,64.98688,1049.2322,65.03546,-0.7780762,0.048583984,0.7795915
104,199.75998,52.217644,200.63934,52.052975,0.879364,-0.16466904,0.8946491
104,29.296385,258.00177,29.191753,257.7216,-0.104631424,-0.28018188,0.2990813
104,198.5108,51.053776,199.39651,50.909138,0.88571167,-0.14463806,0.8974438
104,10.331429,244.53714,10.537208,244.77162,0.20577908,0.23448181,0.31197235
104,191.53131,59.160328,192.20044,59.27565,0.6691284,0.11532211,0.6789934
104,256.06647,12.983143,255.23051,13.193909,-0.83595276,0.21076584,0.86211324
104,75.04549,205.96677,74.76077,205.72446,-0.28471375,-0.24230957,0.37386608
104,245.79317,5.302075,245.7899,5.86869,-0.0032653809,0.5666151,0.5666245
104,224.23352,55.80785,223.216,56.235664,-1.0175171,0.42781448,1.1037962
104,200.61563,78.29215,200.50421,77.70373,-0.11141968,-0.5884247,0.5988806
104,222.0404,58.597065,221.35875,58.594063,-0.6816559,-0.0030021667,0.6816625
104,250.25024,-3.3280191,250.63603,-3.0655794,0.38578796,0.26243973,0.4665908
104,246.55794,-0.3238201,246.61354,0.6770201,0.055603027,1.0008402,1.0023836
104,214.32974,68.344986,213.56854,68.26813,-0.76119995,-0.07685852,0.7650703
104,193.63272,58.734238,194.29582,58.845474,0.6631012,0.11123657,0.67236656
104,191.9196,59.347557,192.5148,59.54432,0.5951996,0.19676208,0.6268795
104,1143.4698,133.16855,1143.3536,133.26468,-0.11621094,0.09613037,0.15081787
104,1154.8167,147.95146,1155.2917,148.10263,0.47509766,0.15116882,0.49856776
104,224.42862,55.94767,223.40884,56.372875,-1.0197754,0.42520523,1.1048716
104,267.147,1.5583,266.37686,1.5545845,-0.7701416,-0.0037155151,0.77015054
104,193.14214,59.151802,193.71822,59.34817,0.5760803,0.19636917,0.6086291
104,198.34314,52.799004,198.96423,52.90403,0.62109375,0.105026245,0.62991107
104,221.97798,55.943848,221.0064,56.3343,-0.97158813,0.39045334,1.047109
104,1262.5293,225.65894,1263.238,225.84662,0.70874023,0.1876831,0.7331696
105,47.54626,240.68124,47.18277,240.71132,-0.36349106,0.030075073,0.36473313
105,219.24673,63.308426,218.81625,63.232243,-0.43048096,-0.07618332,0.43717015
105,246.8723,-3.5288315,247.2384,-3.3344154,0.36610413,0.19441605,0.41452363
105,11.583122,246.04697,11.717464,246.27802,0.1343422,0.23104858,0.2672663
105,248.1588,25.532436,248.26077,24.567202,0.10197449,-0.96523476,0.97060645
105,1266.4567,230.61723,1266.9839,230.62985,0.5272217,0.012619019,0.52737266
105,220.54218,56.17729,219.88432,56.427685,-0.6578522,0.2503929,0.70389354
105,21.414307,265.46637,21.473389,265.0766,0.05908203,-0.3897705,0.39422294
105,52.8011,232.7346,52.226257,233.05675,-0.57484436,0.32214355,0.65895563
105,1021.6076,57.09585,1021.90314,57.06264,0.29553223,-0.033210754,0.29739243
105,11.164588,247.55818,11.309785,247.79694,0.14519691,0.23875427,0.2794383
105,238.92496,5.115529,238.96555,5.7476606,0.04058838,0.6321316,0.6334333
105,225.89055,50.58935,225.61812,50.235752,-0.27243042,-0.35359955,0.44637537
105,82.5555,203.42339,82.298,203.20357,-0.2574997,-0.21981812,0.33856475
105,1049.2322,65.03546,1048.9684,65.052505,-0.26379395,0.017044067,0.26434398
105,200.63934,52.052975,201.45247,51.873463,0.8131256,-0.17951202,0.83270514
105,29.191753,257.7216,29.07284,257.5285,-0.11891365,-0.19308472,0.22676456
105,199.39651,50.909138,200.06825,50.92093,0.6717377,0.011791229,0.67184114
105,10.537208,244.77162,10.577262,245.10164,0.04005432,0.3300171,0.33243892
105,192.20044,59.27565,192.95062,59.00196,0.7501831,-0.27368927,0.798549
105,255.23051,13.193909,254.78249,12.943977,-0.44802856,-0.24993134,0.5130256
105,74.76077,205.72446,74.58692,205.45749,-0.17385101,-0.26696777,0.31858432
105,245.7899,5.86869,245.89539,6.038398,0.10548401,0.16970778,0.19981894
105,223.216,56.235664,222.50189,56.520992,-0.7141113,0.2853279,0.7690039
105,200.50421,77.70373,200.12224,77.43994,-0.38197327,-0.26378632,0.46420556
105,221.35875,58.594063,220.90205,58.577644,-0.45669556,-0.016418457,0.4569906
105,250.63603,-3.0655794,250.94196,-3.224515,0.30592346,-0.15893555,0.3447458
105,246.61354,0.6770201,246.93204,0.8024521,0.3184967,0.12543201,0.34230593
105,213.56854,68.26813,213.1252,68.18046,-0.44334412,-0.08766937,0.45192912
105,194.29582,58.845474,195.34094,58.2912,1.0451202,-0.5542755,1.1830037
105,192.5148,59.54432,193.31107,59.23596,0.79626465,-0.30836105,0.8538875
105,1143.3536,133.26468,1143.1079,133.34233,-0.24572754,0.07765198,0.25770497
105,1155.2917,148.10263,1155.2793,147.86746,-0.012451172,-0.23516846,0.23549785
105,223.40884,56.372875,222.69153,56.65455,-0.7173157,0.28167343,0.7706372
105,266.37686,1.5545845,265.71924,1.390871,-0.6576233,-0.16371346,0.677695
105,193.71822,59.34817,194.62161,58.920822,0.9033966,-0.4273491,0.9993762
105,198.96423,52.90403,199.51277,53.003395,0.5485382,0.099365234,0.5574654
105,221.0064,56.3343,220.35431,56.575546,-0.65208435,0.24124527,0.6952793
105,1263.238,225.84662,1263.7552,226.06677,0.5172119,0.22015381,0.5621173
106,47.18277,240.71132,46.893013,240.65016,-0.28975677,-0.061157227,0.2961405
106,218.81625,63.232243,218.27528,63.163883,-0.54096985,-0.068359375,0.5452718
106,247.2384,-3.3344154,247.79514,-3.0630093,0.5567322,0.27140617,0.6193642
106,11.717464,246.27802,11.972774,246.26,0.2553091,-0.01802063,0.25594428
106,248.26077,24.567202,247.97284,24.466,-0.28793335,-0.10120201,0.3052007
106,1266.9839,230.62985,1267.5497,230.64598,0.5657959,0.01612854,0.56602573
106,219.88432,56.427685,219.19576,56.598366,-0.6885681,0.170681,0.70940685
106,21.473389,265.0766,21.477947,264.7047,0.004558563,-0.3718872,0.37191516
106,52.226257,233.05675,51.822315,233.16174,-0.4039421,0.10499573,0.41736475
106,1021.90314,57.06264,1021.8995,57.076145,-0.0036621094,0.013504028,0.013991777
106,11.309785,247.79694,11.501901,247.8443,0.19211578,0.04736328,0.19786802
106,238.96555,5.7476606,239.04475,6.5689263,0.079208374,0.8212657,0.8250766
106,225.61812,50.235752,225.46704,49.66845,-0.15107727,-0.5673027,0.5870747
106,82.298,203.20357,82.18417,203.03593,-0.11382294,-0.16763306,0.20262404
106,1048.9684,65.052505,1048.6368,65.078445,-0.33154297,0.025939941,0.3325562
106,201.45247,51.873463,202.00842,51.846245,0.555954,-0.027217865,0.5566198
106,29.07284,257.5285,28.977644,257.2957,-0.09519577,-0.2328186,0.2515288
106,200.06825,50.92093,200.47806,51.05803,0.4098053,0.13710022,0.4321306
106,10.577262,245.10164,10.765841,245.14864,0.1885786,0.04699707,0.19434664
106,192.95062,59.00196,193.50525,59.0526,0.55462646,0.050640106,0.5569335
106,254.78249,12.943977,254.4566,13.016551,-0.32588196,0.07257366,0.33386523
106,74.58692,205.45749,74.42324,205.28804,-0.16368103,-0.16944885,0.2355937
106,245.89539,6.038398,246.13994,6.27791,0.24455261,0.23951244,0.34230426
106,222.50189,56.520992,221.74445,56.711544,-0.7574463,0.19055176,0.7810473
106,200.12224,77.43994,200.00006,77.12936,-0.122177124,-0.31058502,0.33375186
106,220.90205,58.577644,220.33286,58.535683,-0.5691986,-0.04196167,0.57074326
106,250.94196,-3.224515,251.43268,-3.2230272,0.49072266,0.0014877319,0.49072492
106,246.93204,0.8024521,247.36674,1.030529,0.43470764,0.22807693,0.49090713
106,213.1252,68.18046,212.67169,68.11797,-0.45350647,-0.06248474,0.45779085
106,195.34094,58.2912,195.94995,58.269917,0.6090088,-0.021282196,0.60938054
106,193.31107,59.23596,193.91254,59.237015,0.60147095,0.0010566711,0.60147184
106,1143.1079,133.34233,1142.7808,133.37746,-0.32714844,0.035125732,0.32902876
106,1155.2793,147.86746,1155.614,148.08107,0.3347168,0.21360779,0.39706877
106,222.69153,56.65455,221.96527,56.8306,-0.7262573,0.1760521,0.74729115
106,265.71924,1.390871,265.50458,1.3300638,-0.21466064,-0.060807228,0.22310695
106,194.62161,58.920822,195.56442,58.55041,0.94281006,-0.37041092,1.0129635
106,199.51277,53.003395,199.85121,53.198963,0.33843994,0.19556808,0.39088166
106,220.35431,56.575546,219.62851,56.746174,-0.72579956,0.1706276,0.7455862
106,1263.7552,226.06677,1264.2057,226.2018,0.45043945,0.13502502,0.4702419
107,46.893013,240.65016,46.954716,240.58281,0.06170273,-0.067352295,0.09134308
107,218.27528,63.163883,218.05399,63.201176,-0.22129822,0.03729248,0.22441843
107,247.79514,-3.0630093,248.15529,-3.1362295,0.3601532,-0.07322025,0.36752078
107,11.972774,246.26,11.913307,246.26389,-0.059466362,0.0038909912,0.05959352
107,247.97284,24.466,247.90044,24.263638,-0.072402954,-0.20236206,0.21492462
107,1267.5497,230.64598,1268.1874,230.57532,0.6376953,-0.07066345,0.6415985
107,219.19576,56.598366,218.88478,56.782906,-0.31097412,0.1845398,0.36160728
107,21.477947,264.7047,21.500809,264.39606,0.02286148,-0.3086548,0.30950028
107,51.822315,233.16174,51.6924,233.28894,-0.12991333,0.12719727,0.18181479
107,1021.8995,57.076145,1022.2335,57.157776,0.3340454,0.08163071,0.34387484
107,11.501901,247.8443,11.365838,247.92073,-0.13606262,0.076431274,0.15606017
107,239.04475,6.5689263,239.20865,6.736828,0.16389465,0.16790152,0.23463243
107,225.46704,49.66845,225.84154,49.26917,0.37449646,-0.39928055,0.54742354
107,82.18417,203.03593,82.35745,202.70734,0.17327881,-0.32859802,0.37148649
107,1048.6368,65.078445,1048.6937,65.08844,0.056884766,0.009994507,0.057756096
107,202.00842,51.846245,202.17377,51.75124,0.16534424,-0.095005035,0.19069524
107,28.977644,257.2957,28.836573,257.236,-0.14107132,-0.059692383,0.1531806
107,200.47806,51.05803,200.63454,51.026493,0.15647888,-0.031536102,0.15962508
107,10.765841,245.14864,10.680204,245.19478,-0.08563614,0.046142578,0.09727634
107,193.50525,59.0526,193.9551,58.862984,0.44984436,-0.18961716,0.48817477
107,254.4566,13.016551,254.18384,13.126265,-0.2727661,0.109713554,0.2940041
107,74.42324,205.28804,74.32852,205.12924,-0.09471893,-0.15879822,0.18490146
107,246.13994,6.27791,246.32469,6.3016405,0.18475342,0.023730278,0.18627118
107,221.74445,56.711544,221.45094,56.895256,-0.2935028,0.183712,0.34625712
107,200.00006,77.12936,199.56056,77.37051,-0.4394989,0.2411499,0.5013108
107,220.33286,58.535683,220.11801,58.58489,-0.21484375,0.04920578,0.22040655
107,251.43268,-3.2230272,251.69864,-3.4226074,0.2659607,-0.1995802,0.3325167
107,247.36674,1.030529,247.51396,1.1486702,0.1472168,0.118141174,0.18875943
107,212.67169,68.11797,212.1968,68.149345,-0.4748993,0.03137207,0.4759344
107,195.94995,58.269917,197.34216,57.00978,1.3922119,-1.2601357,1.8778168
107,193.91254,59.237015,194.24837,59.169685,0.3358307,-0.06732941,0.3425135
107,1142.7808,133.37746,1142.65,133.26051,-0.1307373,-0.11694336,0.17540808
107,1155.614,148.08107,1156.2999,148.3713,0.6859131,0.29023743,0.74479157
107,221.96527,56.8306,221.68935,56.996014,-0.27592468,0.1654129,0.32170773
107,265.50458,1.3300638,264.9287,1.5409021,-0.5758667,0.21083832,0.6132497
107,195.56442,58.55041,198.49614,55.601585,2.931717,-2.9488258,4.1581893
107,199.85121,53.198963,199.94603,53.28943,0.094818115,0.090465546,0.13105148
107,219.62851,56.746174,219.33652,56.91781,-0.2919922,0.17163467,0.33870032
107,1264.2057,226.2018,1264.6625,226.26083,0.4567871,0.059036255,0.4605863
108,46.954716,240.58281,46.869595,240.61433,-0.085121155,0.03152466,0.09077122
108,218.05399,63.201176,217.82903,63.160603,-0.22496033,-0.04057312,0.22858986
108,248.15529,-3.1362295,247.86975,-2.3615952,-0.28553772,0.77463436,0.82558477
108,11.913307,246.26389,12.015459,246.30365,0.10215187,0.039764404,0.109618485
108,247.90044,24.263638,247.64795,24.303984,-0.25248718,0.040346146,0.2556904
108,1268.1874,230.57532,1268.1731,230.62457,-0.014282227,0.04925537,0.051284242
108,218.88478,56.782906,218.61696,56.849815,-0.26782227,0.06690979,0.2760538
108,21.500809,264.39606,21.507072,264.39203,0.006263733,-0.0040283203,0.0074472623
108,51.6924,233.28894,51.563023,233.36592,-0.12937927,0.07698059,0.15054902
108,1022.2335,57.157776,1022.2367,57.151432,0.0031738281,-0.0063438416,0.0070934836
108,11.365838,247.92073,11.440501,247.99338,0.07466316,0.072647095,0.10417383
108,239.20865,6.736828,239.30017,6.889477,0.09152222,0.15264893,0.17798318
108,225.84154,49.26917,225.9506,48.936016,0.109069824,-0.33315277,0.3505524
108,82.35745,202.70734,82.299355,202.67343,-0.05809784,-0.03390503,0.06726745
108,1048.6937,65.08844,1048.2711,65.026566,-0.42260742,-0.06187439,0.42711294
108,202.17377,51.75124,202.24478,51.69773,0.071014404,-0.05350876,0.088917
108,28.836573,257.236,28.831976,257.2381,-0.00459671,0.002105713,0.0050560627
108,200.63454,51.026493,200.72472,50.968502,0.09017944,-0.057991028,0.1072161
108,10.680204,245.19478,10.752454,245.26385,0.07224941,0.06907654,0.09995772
108,193.9551,58.862984,194.01103,58.885166,0.05593872,0.022182465,0.060176425
108,254.18384,13.126265,253.70265,13.582659,-0.4811859,0.4563942,0.663201
108,74.32852,205.12924,74.258965,205.1073,-0.06955719,-0.021942139,0.072936
108,246.32469,6.3016405,246.31245,6.4610567,-0.012237549,0.1594162,0.15988521
108,221.45094,56.895256,221.15314,56.98794,-0.2978058,0.0926857,0.3118957
108,199.56056,77.37051,199.80817,77.08263,0.24760437,-0.28787994,0.37971407
108,220.11801,58.58489,219.88168,58.583576,-0.23632812,-0.0013122559,0.23633176
108,251.69864,-3.4226074,251.39844,-2.7888508,-0.30020142,0.63375664,0.701262
108,247.51396,1.1486702,247.53088,1.324645,0.016921997,0.17597485,0.1767866
108,212.1968,68.149345,212.07388,68.08516,-0.122909546,-0.064186096,0.13866006
108,197.34216,57.00978,197.39082,57.028416,0.04866028,0.018634796,0.05210641
108,194.24837,59.169685,194.30363,59.193295,0.055267334,0.023609161,0.06009884
108,1142.65,133.26051,1142.6877,133.35185,0.037719727,0.09133911,0.0988211
108,1156.2999,148.3713,1156.3807,148.3492,0.08081055,-0.022109985,0.08378064
108,221.68935,56.996014,221.40422,57.079956,-0.28512573,0.08394241,0.2972255
108,264.9287,1.5409021,264.70377,1.5853949,-0.22494507,0.04449272,0.22930303
108,198.49614,55.601585,198.54659,55.61116,0.050445557,0.00957489,0.051346205
108,199.94603,53.28943,200.00426,53.2738,0.05822754,-0.015628815,0.060288522
108,219.33652,56.91781,219.0644,56.987797,-0.27211,0.06998825,0.28096655
108,1264.6625,226.26083,1264.7506,226.36873,0.088134766,0.1078949,0.13931635
109,46.869595,240.61433,46.373474,240.55865,-0.49612045,-0.05567932,0.4992351
109,217.82903,63.160603,217.87463,63.051662,0.04560852,-0.108940125,0.11810202
109,247.86975,-2.3615952,247.80513,-2.2996674,-0.06462097,0.061927795,0.08950376
109,12.015459,246.30365,12.625187,245.6595,0.60972786,-0.6441498,0.88695943
109,247.64795,24.303984,247.49988,24.130795,-0.14807129,-0.17318916,0.22785872
109,1268.1731,230.62457,1268.5187,230.51613,0.34558105,-0.108444214,0.36219665
109,218.61696,56.849815,218.64061,56.809166,0.023651123,-0.040649414,0.047029253
109,21.507072,264.39203,21.546974,264.08136,0.039901733,-0.31066895,0.31322092
109,51.563023,233.36592,51.118374,233.24376,-0.44464874,-0.122161865,0.46112475
109,1022.2367,57.151432,1022.2469,57.180367,0.010192871,0.028934479,0.030677332
109,11.440501,247.99338,12.116366,247.29506,0.6758652,-0.6983185,0.9718243
109,239.30017,6.889477,239.02046,7.189627,-0.27970886,0.3001504,0.4102771
109,225.9506,48.936016,225.96835,48.9026,0.017745972,-0.033416748,0.03783647
109,82.299355,202.67343,81.722984,203.04373,-0.57637024,0.3703003,0.68507296
109,1048.2711,65.026566,1048.0674,65.02324,-0.20373535,-0.003326416,0.2037625
109,202.24478,51.69773,202.54814,51.459225,0.30336,-0.23850632,0.38589188
109,28.831976,257.2381,28.481977,257.16425,-0.34999847,-0.07385254,0.35770535
109,200.72472,50.968502,201.04114,50.717144,0.3164215,-0.25135803,0.4041082
109,10.752454,245.26385,11.418953,244.57251,0.66649914,-0.6913452,0.9603017
109,194.01103,58.885166,194.41687,58.5489,0.405838,-0.33626556,0.52704746
109,253.70265,13.582659,253.5143,13.5557995,-0.18835449,-0.026859283,0.19025992
109,74.258965,205.1073,73.97934,205.16724,-0.27962494,0.059936523,0.28597638
109,246.31245,6.4610567,246.11469,6.65572,-0.19776917,0.19466352,0.2775005
109,221.15314,56.98794,221.17606,56.955856,0.022918701,-0.03208542,0.039430205
109,199.80817,77.08263,199.48221,76.90785,-0.32595825,-0.17477417,0.3698578
109,219.88168,58.583576,219.92229,58.52125,0.040603638,-0.062324524,0.074384145
109,251.39844,-2.7888508,251.34982,-2.828909,-0.048614502,-0.040058136,0.06299225
109,247.53088,1.324645,247.43617,1.3463879,-0.0947113,0.02174282,0.097175
109,212.07388,68.08516,212.02538,67.89012,-0.04850769,-0.19503784,0.20097949
109,197.39082,57.028416,197.78276,56.730946,0.39193726,-0.2974701,0.49203992
109,194.30363,59.193295,194.69327,58.864697,0.38963318,-0.32859802,0.50969666
109,1142.6877,133.35185,1141.8528,132.62721,-0.83496094,-0.7246399,1.10556
109,1156.3807,148.3492,1156.3607,148.27258,-0.020019531,-0.07661438,0.07918677
109,221.40422,57.079956,221.4242,57.051,0.019973755,-0.028957367,0.035177834
109,264.70377,1.5853949,264.06775,1.9554329,-0.63601685,0.37003803,0.7358299
109,198.54659,55.61116,198.93185,55.331333,0.38526917,-0.27982712,0.47616756
109,200.00426,53.2738,200.31029,53.057537,0.30603027,-0.21626282,0.37473208
109,219.0644,56.987797,219.09093,56.943798,0.026519775,-0.04399872,0.051373005
109,1264.7506,226.36873,1265.1029,226.28513,0.35229492,-0.083602905,0.36207893
110,46.373474,240.55865,46.38013,240.55843,0.0066566467,-0.00022888184,0.0066605806
110,217.87463,63.051662,217.5807,63.010113,-0.29393005,-0.041549683,0.29685223
110,247.80513,-2.2996674,247.80911,-2.304594,0.003982544,-0.0049266815,0.006335049
110,12.625187,245.6595,12.3723345,245.89867,-0.25285244,0.23916626,0.34804434
110,247.49988,24.130795,247.473,24.154186,-0.026870728,0.023391724,0.035625957
110,1268.5187,230.51613,1268.5446,230.51845,0.025878906,0.002319336,0.025982631
110,218.64061,56.809166,218.27924,56.70836,-0.3613739,-0.10080719,0.37517086
110,21.546974,264.08136,21.48553,264.03772,-0.06144333,-0.043640137,0.075364076
110,51.118374,233.24376,51.12023,233.2457,0.0018577576,0.0019378662,0.002684509
110,1022.2469,57.180367,1022.4349,57.137646,0.18798828,-0.042720795,0.19278137
110,12.116366,247.29506,11.782435,247.6032,-0.33393097,0.308136,0.45437613
110,239.02046,7.189627,239.0567,7.049363,0.036239624,-0.14026403,0.14486997
110,225.96835,48.9026,225.71378,48.634464,-0.25457764,-0.26813507,0.369738
110,81.722984,203.04373,81.70893,203.06227,-0.014053345,0.018539429,0.023263855
110,1048.0674,65.02324,1048.9454,65.06594,0.87805176,0.04270172,0.8790895
110,202.54814,51.459225,202.57477,51.369408,0.026626587,-0.08981705,0.09368072
110,28.481977,257.16425,28.425285,257.18683,-0.056692123,0.022583008,0.061024494
110,201.04114,50.717144,201.07857,50.610615,0.03742981,-0.106529236,0.11291355
110,11.418953,244.57251,11.173115,244.79735,-0.24583817,0.22483826,0.33314958
110,194.41687,58.5489,194.45537,58.448704,0.038497925,-0.10019684,0.107338235
110,253.5143,13.5557995,253.52106,13.546928,0.0067596436,-0.0088710785,0.011152973
110,73.97934,205.16724,73.58008,205.52676,-0.39926147,0.3595276,0.53728
110,246.11469,6.65572,246.1561,6.540381,0.041412354,-0.11533928,0.12254849
110,221.17606,56.955856,220.75916,56.869743,-0.41690063,-0.086112976,0.4257013
110,199.48221,76.90785,199.75772,76.67878,0.2755127,-0.22907257,0.35830364
110,219.92229,58.52125,219.49698,58.463528,-0.42530823,-0.057724,0.4292076
110,251.34982,-2.828909,251.35034,-2.8303595,0.0005187988,-0.0014505386,0.0015405241
110,247.43617,1.3463879,247.43979,1.3322449,0.003616333,-0.01414299,0.014598015
110,212.02538,67.89012,212.0118,67.86625,-0.013580322,-0.023872375,0.027464803
110,197.78276,56.730946,197.80092,56.65094,0.018157959,-0.080005646,0.082040325
110,194.69327,58.864697,194.73547,58.761326,0.04220581,-0.10337067,0.11165494
110,1141.8528,132.62721,1141.8605,132.63159,0.0076904297,0.0043792725,0.0088499
110,1156.3607,148.27258,1156.3622,148.27379,0.0014648438,0.0012054443,0.0018970671
110,221.4242,57.051,221.0015,56.968666,-0.42269897,-0.08233261,0.43064263
110,264.06775,1.9554329,264.06897,1.9541206,0.0012207031,-0.0013122559,0.001792242
110,198.93185,55.331333,198.96301,55.234863,0.031158447,-0.09646988,0.10137695
110,200.31029,53.057537,200.34749,52.94812,0.037200928,-0.10941696,0.11556808
110,219.09093,56.943798,218.71286,56.84592,-0.37806702,-0.0978775,0.39053127
110,1265.1029,226.28513,1265.1322,226.28947,0.029296875,0.004348755,0.029617876
111,46.38013,240.55843,46.63192,240.58868,0.2517891,0.030258179,0.2536007
111,217.5807,63.010113,217.79338,63.14983,0.212677,0.1397171,0.2544649
111,247.80911,-2.304594,247.81375,-2.3106403,0.004638672,-0.006046295,0.007620693
111,12.3723345,245.89867,12.344576,245.91306,-0.027758598,0.014389038,0.031266343
111,247.473,24.154186,247.49092,24.255962,0.017913818,0.10177612,0.10334062
111,1268.5446,230.51845,1267.7303,230.54831,-0.814209,0.02986145,0.8147564
111,218.27924,56.70836,218.59811,56.83311,0.31887817,0.124752045,0.34241256
111,21.48553,264.03772,21.529373,264.4149,0.043842316,0.37716675,0.37970632
111,51.12023,233.2457,51.375095,233.28484,0.25486374,0.039138794,0.25785145
111,1022.4349,57.137646,1022.436,57.1376,0.0010986328,-4.5776367e-05,0.001099586
111,11.782435,247.6032,11.74858,247.62239,-0.03385544,0.019195557,0.038918633
111,239.0567,7.049363,239.05637,7.0479116,-0.00033569336,-0.0014514923,0.0014898053
111,225.71378,48.634464,225.98004,48.819077,0.26626587,0.18461227,0.32400495
111,81.70893,203.06227,81.70655,203.0674,-0.002380371,0.005126953,0.0056525934
111,1048.9454,65.06594,1048.8947,65.07085,-0.05078125,0.0049057007,0.051017657
111,202.57477,51.369408,202.24608,51.81262,-0.32868958,0.4432106,0.55179024
111,28.425285,257.18683,28.849415,257.31476,0.4241295,0.12792969,0.44300318
111,201.07857,50.610615,200.73973,51.09193,-0.33883667,0.4813156,0.58862126
111,11.173115,244.79735,11.135543,244.82187,-0.037571907,0.024520874,0.044865593
111,194.45537,58.448704,194.1502,58.840374,-0.30516052,0.39167023,0.49651638
111,253.52106,13.546928,253.5216,13.556076,0.0005493164,0.009147644,0.009164123
111,73.58008,205.52676,73.64018,205.53928,0.06010437,0.012512207,0.06139292
111,246.1561,6.540381,246.15335,6.543553,-0.002746582,0.0031719208,0.0041958066
111,220.75916,56.869743,221.14758,56.961205,0.38842773,0.09146118,0.39905044
111,199.75772,76.67878,199.46915,76.97792,-0.28857422,0.29914093,0.41564453
111,219.49698,58.463528,219.86726,58.56654,0.37028503,0.103012085,0.38434684
111,251.35034,-2.8303595,251.35158,-2.8321095,0.0012359619,-0.0017499924,0.002142446
111,247.43979,1.3322449,247.43439,1.3404655,-0.0054016113,0.008220673,0.009836507
111,212.0118,67.86625,211.85495,68.053665,-0.1568451,0.18741608,0.24438733
111,197.80092,56.65094,197.24832,57.3574,-0.55259705,0.70645905,0.8969102
111,194.73547,58.761326,194.40034,59.186512,-0.33512878,0.42518616,0.5413821
111,1141.8605,132.63159,1141.8319,132.62967,-0.028564453,-0.0019226074,0.028629083
111,1156.3622,148.27379,1156.5616,148.69,0.19946289,0.416214,0.4615404
111,221.0015,56.968666,221.40544,57.052063,0.40394592,0.08339691,0.41246498
111,264.06897,1.9541206,264.01437,2.1196432,-0.054595947,0.16552258,0.17429413
111,198.96301,55.234863,198.5455,55.792088,-0.417511,0.5572243,0.6962861
111,200.34749,52.94812,199.95361,53.483654,-0.39387512,0.5355339,0.6647813
111,218.71286,56.84592,219.04388,56.970997,0.33102417,0.1250763,0.3538659
111,1265.1322,226.28947,1264.3445,226.29582,-0.7877197,0.0063476562,0.7877453
112,46.63192,240.58868,46.62903,240.5843,-0.0028915405,-0.0043792725,0.0052477648
112,217.79338,63.14983,217.79431,63.149338,0.00093078613,-0.00049209595,0.0010528633
112,247.81375,-2.3106403,247.8088,-2.305623,-0.0049438477,0.0050172806,0.007043773
112,12.344576,245.91306,12.343207,245.91904,-0.0013685226,0.0059814453,0.006136004
112,247.49092,24.255962,247.49762,24.247904,0.0066986084,-0.008058548,0.0104791
112,1267.7303,230.54831,1268.107,230.55554,0.37670898,0.007232666,0.37677842
112,218.59811,56.83311,218.59885,56.83273,0.0007324219,-0.00038146973,0.00082580926
112,21.529373,264.4149,21.56923,264.31583,0.039855957,-0.09906006,0.1067773
112,51.375095,233.28484,51.363384,233.29688,-0.011711121,0.012039185,0.016795604
112,1022.436,57.1376,1022.3719,57.15318,-0.064086914,0.015579224,0.06595335
112,11.74858,247.62239,11.743904,247.63188,-0.004675865,0.009490967,0.010580272
112,239.05637,7.0479116,239.05594,7.0492554,-0.0004272461,0.0013437271,0.0014100148
112,225.98004,48.819077,225.97974,48.819088,-0.00030517578,1.1444092e-05,0.00030539028
112,81.70655,203.0674,81.70936,203.06459,0.0028076172,-0.0028076172,0.0039705704
112,1048.8947,65.07085,1048.4143,65.06262,-0.48034668,-0.008224487,0.48041707
112,202.24608,51.81262,202.24591,51.812782,-0.00016784668,0.00016403198,0.00023468916
112,28.849415,257.31476,28.753296,257.31683,-0.09611893,0.0020751953,0.09614133
112,200.73973,51.09193,200.74016,51.091022,0.0004272461,-0.00090789795,0.0010034032
112,11.135543,244.82187,11.12872,244.83296,-0.006822586,0.01109314,0.013023265
112,194.1502,58.840374,194.15015,58.84028,-6.1035156e-05,-9.536743e-05,0.00011322649
112,253.5216,13.556076,253.53525,13.543404,0.013641357,-0.012672424,0.018619264
112,73.64018,205.53928,73.636505,205.54343,-0.0036773682,0.0041503906,0.005545158
112,246.15335,6.543553,246.15639,6.5400276,0.003036499,-0.003525257,0.0046527158
112,221.14758,56.961205,221.14717,56.961372,-0.0004119873,0.00016784668,0.00044486634
112,199.46915,76.97792,199.46898,76.978264,-0.00016784668,0.00034332275,0.00038215576
112,219.86726,58.56654,219.86795,58.565956,0.0006866455,-0.0005836487,0.00090118137
112,251.35158,-2.8321095,251.35149,-2.831728,-9.1552734e-05,0.00038146973,0.00039230226
112,247.43439,1.3404655,247.43625,1.3374958,0.0018615723,-0.0029697418,0.0035049703
112,211.85495,68.053665,211.85493,68.053635,-1.5258789e-05,-3.0517578e-05,3.411969e-05
112,197.24832,57.3574,197.24661,57.35913,-0.0017089844,0.0017318726,0.002433107
112,194.40034,59.186512,194.40155,59.185772,0.0012054443,-0.00074005127,0.0014144864
112,1141.8319,132.62967,1141.8341,132.6307,0.0021972656,0.0010375977,0.0024299351
112,1156.5616,148.69,1156.5614,148.68988,-0.00024414062,-0.00012207031,0.00027295752
112,221.40544,57.052063,221.40607,57.05149,0.00062561035,-0.0005722046,0.0008478245
112,264.01437,2.1196432,264.44604,1.6355448,0.43167114,-0.48409843,0.64860713
112,198.5455,55.792088,198.54578,55.7921,0.0002746582,1.1444092e-05,0.0002748965
112,199.95361,53.483654,199.95697,53.47946,0.0033569336,-0.0041923523,0.0053707375
112,219.04388,56.970997,219.04388,56.97128,0.0,0.0002822876,0.0002822876
112,1264.3445,226.29582,1264.6322,226.31122,0.28771973,0.015396118,0.28813136
113,46.62903,240.5843,46.6991,240.58276,0.070072174,-0.0015411377,0.07008912
113,217.79431,63.149338,217.9124,63.173622,0.11808777,0.024284363,0.12055891
113,247.8088,-2.305623,247.65176,-2.382224,-0.15704346,-0.07660103,0.1747294
113,12.343207,245.91904,12.113703,246.09589,-0.22950459,0.17684937,0.2897379
113,247.49762,24.247904,247.57469,24.254017,0.07707214,0.0061130524,0.07731419
113,1268.107,230.55554,1268.23,230.57222,0.122924805,0.016677856,0.124051034
113,218.59885,56.83273,218.69017,56.82067,0.09132385,-0.012058258,0.09211649
113,21.56923,264.31583,21.604122,264.37973,0.034893036,0.06390381,0.07280948
113,51.363384,233.29688,51.416843,233.28166,0.053459167,-0.015213013,0.055581637
113,1022.3719,57.15318,1022.42426,57.14802,0.052368164,-0.0051574707,0.052621517
113,11.743904,247.63188,11.5373335,247.76445,-0.20657063,0.13256836,0.24545018
113,239.05594,7.0492554,238.8719,7.084301,-0.18403625,0.035045624,0.18734337
113,225.97974,48.819088,226.13527,48.75276,0.15553284,-0.06632614,0.16908465
113,81.70936,203.06459,81.752655,203.06856,0.043296814,0.003967285,0.043478195
113,1048.4143,65.06262,1048.9403,65.05667,0.526001,-0.0059509277,0.5260346
113,202.24591,51.812782,201.98743,52.10028,-0.2584839,0.28749847,0.38661256
113,28.753296,257.31683,28.793144,257.31012,0.039848328,-0.006713867,0.040409964
113,200.74016,51.091022,200.50453,51.345795,-0.23562622,0.2547722,0.34702823
113,11.12872,244.83296,10.934252,244.96606,-0.1944685,0.13310242,0.23565707
113,194.15015,58.84028,194.10031,58.864185,-0.049835205,0.023906708,0.055272765
113,253.53525,13.543404,253.61462,13.566692,0.07937622,0.023288727,0.08272212
113,73.636505,205.54343,73.72876,205.54239,0.09225464,-0.0010375977,0.09226047
113,246.15639,6.5400276,246.01692,6.565197,-0.13946533,0.025169373,0.1417183
113,221.14717,56.961372,221.24637,56.941345,0.09919739,-0.02002716,0.10119886
113,199.46898,76.978264,199.48802,77.135826,0.019042969,0.15756226,0.15870884
113,219.86795,58.565956,219.94774,58.57136,0.07978821,0.005405426,0.079971105
113,251.35149,-2.831728,251.27856,-2.860775,-0.07292175,-0.029047012,0.07849402
113,247.43625,1.3374958,247.29283,1.3457184,-0.14341736,0.00822258,0.14365287
113,211.85493,68.053635,212.0479,68.09075,0.19296265,0.037117004,0.1965
113,197.24661,57.35913,197.16512,57.40392,-0.08149719,0.04478836,0.0929935
113,194.40155,59.185772,194.35828,59.202564,-0.043273926,0.016792297,0.046417817
113,1141.8341,132.6307,1141.9263,132.66037,0.092163086,0.029663086,0.09681907
113,1156.5614,148.68988,1157.2412,148.74973,0.6798096,0.05984497,0.6824386
113,221.40607,57.05149,221.50037,57.03399,0.09429932,-0.017501831,0.09590972
113,264.44604,1.6355448,264.60065,1.6984291,0.15460205,0.06288433,0.16690187
113,198.54578,55.7921,198.48404,55.808517,-0.06173706,0.016418457,0.06388294
113,199.95697,53.47946,199.85048,53.561363,-0.10649109,0.08190155,0.13434365
113,219.04388,56.97128,219.13766,56.957676,0.09378052,-0.01360321,0.09476198
113,1264.6322,226.31122,1264.6573,226.28853,0.025146484,-0.02268982,0.033869952
114,46.6991,240.58276,46.663925,240.63432,-0.035175323,0.05155945,0.062415384
114,217.9124,63.173622,217.9124,63.173622,0.0,0.0,0.0
114,247.65176,-2.382224,247.65118,-2.381648,-0.000579834,0.0005760193,0.0008173161
114,12.113703,246.09589,12.113788,246.09583,8.4877014e-05,-6.1035156e-05,0.00010454376
114,247.57469,24.254017,247.57462,24.25402,-7.6293945e-05,3.8146973e-06,7.638925e-05
114,1268.23,230.57222,1268.2306,230.57303,0.00061035156,0.0008087158,0.0010131882
114,218.69017,56.82067,218.69017,56.82067,0.0,0.0,0.0
114,21.604122,264.37973,21.599865,264.3844,-0.004257202,0.0046691895,0.006318631
114,51.416843,233.28166,51.38267,233.333,-0.034172058,0.051330566,0.061664872
114,1022.42426,57.14802,1022.40717,57.18012,-0.017089844,0.032096863,0.03636305
114,11.5373335,247.76445,11.533483,247.76799,-0.003850937,0.003540039,0.005230831
114,238.8719,7.084301,238.8719,7.084305,0.0,3.8146973e-06,3.8146973e-06
114,226.13527,48.75276,226.13527,48.75276,0.0,0.0,0.0
114,81.752655,203.06856,81.754456,203.0666,0.0018005371,-0.001953125,0.002656432
114,1048.9403,65.05667,1048.7924,65.05604,-0.14794922,-0.00063323975,0.14795057
114,201.98743,52.10028,201.98743,52.10028,0.0,0.0,0.0
114,28.793144,257.31012,28.790327,257.31293,-0.002817154,0.0028076172,0.0039773197
114,200.50453,51.345795,200.50453,51.345795,0.0,0.0,0.0
114,10.934252,244.96606,10.934679,244.96532,0.0004272461,-0.00074768066,0.000861142
114,194.10031,58.864185,194.10031,58.864185,0.0,0.0,0.0
114,253.61462,13.566692,253.61552,13.565581,0.00090026855,-0.0011110306,0.0014299904
114,73.72876,205.54239,73.72835,205.54286,-0.0004119873,0.00047302246,0.00062728283
114,246.01692,6.565197,246.0163,6.565698,-0.00062561035,0.00050115585,0.00080158934
114,221.24637,56.941345,221.24637,56.941345,0.0,0.0,0.0
114,199.48802,77.135826,199.48802,77.135826,0.0,0.0,0.0
114,219.94774,58.57136,219.94774,58.57136,0.0,0.0,0.0
114,251.27856,-2.860775,251.27971,-2.862831,0.0011444092,-0.0020561218,0.0023531488
114,247.29283,1.3457184,247.29291,1.3455563,7.6293945e-05,-0.00016212463,0.00017917914
114,212.0479,68.09075,212.0479,68.09075,0.0,0.0,0.0
114,197.16512,57.40392,197.16512,57.40392,0.0,0.0,0.0
114,194.35828,59.202564,194.35828,59.202564,0.0,0.0,0.0
114,1141.9263,132.66037,1141.94,132.6642,0.013671875,0.003829956,0.014198194
114,1157.2412,148.74973,1157.163,148.74612,-0.07824707,-0.0036010742,0.07832989
114,221.50037,57.03399,221.50037,57.03399,0.0,0.0,0.0
114,264.60065,1.6984291,264.6015,1.6979227,0.0008544922,-0.00050640106,0.0009932768
114,198.48404,55.808517,198.48404,55.808517,0.0,0.0,0.0
114,199.85048,53.561363,199.85048,53.561363,0.0,0.0,0.0
114,219.13766,56.957676,219.13766,56.957676,0.0,0.0,0.0
114,1264.6573,226.28853,1264.6565,226.28882,-0.0008544922,0.000289917,0.00090233516
115,46.663925,240.63432,46.76122,240.6345,0.097293854,0.00018310547,0.097294025
115,217.9124,63.173622,217.91397,63.173298,0.0015716553,-0.00032424927,0.0016047548
115,247.65118,-2.381648,247.99788,-2.7492828,0.34669495,-0.36763477,0.50532436
115,12.113788,246.09583,12.150706,246.0569,0.03691864,-0.03892517,0.05364844
115,247.57462,24.25402,247.77185,24.113068,0.1972351,-0.14095306,0.24242412
115,1268.2306,230.57303,1268.2344,230.5748,0.0037841797,0.0017700195,0.004177677
115,218.69017,56.82067,218.68959,56.820927,-0.000579834,0.00025558472,0.0006336647
115,21.599865,264.3844,21.599857,264.38116,-7.6293945e-06,-0.0032348633,0.0032348724
115,51.38267,233.333,51.45899,233.3302,0.07631683,-0.0027923584,0.0763679
115,1022.40717,57.18012,1022.40704,57.180576,-0.00012207031,0.00045776367,0.0004737602
115,11.533483,247.76799,11.574839,247.72516,0.041356087,-0.04283142,0.0595387
115,238.8719,7.084305,239.15074,6.835428,0.2788391,-0.24887657,0.37375233
115,226.13527,48.75276,226.13339,48.75508,-0.001876831,0.002319336,0.0029835908
115,81.754456,203.0666,81.75911,203.06277,0.0046539307,-0.003829956,0.006027241
115,1048.7924,65.05604,1048.7914,65.05628,-0.0009765625,0.00024414062,0.0010066176
115,201.98743,52.10028,202.01181,52.07595,0.024383545,-0.02433014,0.034445796
115,28.790327,257.31293,28.78354,257.31464,-0.0067863464,0.0017089844,0.0069982233
115,200.50453,51.345795,200.52379,51.327362,0.019256592,-0.018432617,0.026656663
115,10.934679,244.96532,10.962785,244.93561,0.028105736,-0.029708862,0.040896807
115,194.10031,58.864185,194.10101,58.863415,0.0007019043,-0.00077056885,0.0010423271
115,253.61552,13.565581,254.0239,13.238238,0.40837097,-0.327343,0.52337396
115,73.72835,205.54286,73.73747,205.53436,0.009124756,-0.0084991455,0.012469829
115,246.0163,6.565698,246.34454,6.2970963,0.32824707,-0.2686019,0.42413807
115,221.24637,56.941345,221.24692,56.940914,0.0005493164,-0.0004310608,0.00069825636
115,199.48802,77.135826,199.49059,77.13355,0.0025634766,-0.0022735596,0.0034264391
115,219.94774,58.57136,219.94687,58.57258,-0.000869751,0.0012168884,0.0014957554
115,251.27971,-2.862831,251.64127,-3.2518568,0.361557,-0.3890257,0.5310974
115,247.29291,1.3455563,247.63,1.0707569,0.33709717,-0.27479935,0.43491283
115,212.0479,68.09075,212.04858,68.09151,0.0006866455,0.00075531006,0.0010207719
115,197.16512,57.40392,197.16217,57.40799,-0.0029449463,0.004070282,0.005023933
115,194.35828,59.202564,194.36388,59.19667,0.0055999756,-0.0058937073,0.008129914
115,1141.94,132.6642,1141.9395,132.66403,-0.00048828125,-0.00016784668,0.0005163246
115,1157.163,148.74612,1157.1599,148.74312,-0.0030517578,-0.0030059814,0.0042835907
115,221.50037,57.03399,221.49867,57.034805,-0.0016937256,0.0008163452,0.001880193
115,264.6015,1.6979227,264.67487,1.6978064,0.07336426,-0.00011634827,0.07336435
115,198.48404,55.808517,198.48897,55.804115,0.004928589,-0.0044021606,0.006608329
115,199.85048,53.561363,199.87012,53.541298,0.019638062,-0.020065308,0.028076148
115,219.13766,56.957676,219.13777,56.957764,0.00010681152,8.773804e-05,0.00013822685
115,1264.6565,226.28882,1264.6561,226.28864,-0.00036621094,-0.00018310547,0.00040943627
116,46.76122,240.6345,46.5869,240.63193,-0.17432022,-0.0025787354,0.1743393
116,217.91397,63.173298,217.66176,63.13212,-0.25221252,-0.041179657,0.2555522
116,247.99788,-2.7492828,247.9729,-2.7362194,-0.024978638,0.013063431,0.028188394
116,12.150706,246.0569,12.22905,246.13708,0.07834339,0.08018494,0.11210402
116,247.77185,24.113068,247.56575,24.085327,-0.20610046,-0.027740479,0.20795898
116,1268.2344,230.5748,1268.1553,230.56297,-0.07910156,-0.0118255615,0.07998063
116,218.68959,56.820927,218.27382,57.02614,-0.41577148,0.20521164,0.46365693
116,21.599857,264.38116,21.546295,264.34778,-0.053562164,-0.03338623,0.063115336
116,51.45899,233.3302,51.270912,233.32033,-0.18807602,-0.0098724365,0.18833496
116,1022.40704,57.180576,1022.39685,57.143524,-0.010192871,-0.037052155,0.038428593
116,11.574839,247.72516,11.62212,247.84271,0.047281265,0.11755371,0.12670593
116,239.15074,6.835428,239.06685,7.0651083,-0.08389282,0.22968006,0.24452186
116,226.13339,48.75508,225.75334,48.849255,-0.38005066,0.09417343,0.39154455
116,81.75911,203.06277,81.73888,203.03346,-0.020233154,-0.029312134,0.035617154
116,1048.7914,65.05628,1048.5411,65.14689,-0.25024414,0.09060669,0.26614225
116,202.01181,52.07595,202.26932,51.913834,0.25750732,-0.162117,0.30428925
116,28.78354,257.31464,28.74403,257.3095,-0.039510727,-0.005126953,0.03984198
116,200.52379,51.327362,200.76347,51.19547,0.23968506,-0.13189316,0.27357766
116,10.962785,244.93561,10.97707,245.07928,0.014285088,0.14367676,0.14438516
116,194.10101,58.863415,194.12001,58.917183,0.018997192,0.053768158,0.057025503
116,254.0239,13.238238,253.71858,13.247103,-0.3053131,0.008864403,0.30544177
116,73.73747,205.53436,73.62052,205.5592,-0.11695099,0.024841309,0.11956013
116,246.34454,6.2970963,246.17523,6.4203815,-0.16931152,0.12328529,0.20944129
116,221.24692,56.940914,220.7977,57.149456,-0.44921875,0.20854187,0.49526477
116,199.49059,77.13355,199.40215,76.94914,-0.08843994,-0.1844101,0.20452067
116,219.94687,58.57258,219.6518,58.59557,-0.29507446,0.02299118,0.2959688
116,251.64127,-3.2518568,251.58197,-3.2907286,-0.059295654,-0.038871765,0.07090126
116,247.63,1.0707569,247.62102,1.0402431,-0.008987427,-0.030513763,0.031809803
116,212.04858,68.09151,211.78712,68.032486,-0.26145935,-0.059020996,0.26803818
116,197.16217,57.40799,197.2173,57.4424,0.055130005,0.034412384,0.06498869
116,194.36388,59.19667,194.37617,59.255695,0.012298584,0.05902481,0.060292482
116,1141.9395,132.66403,1141.8821,132.64644,-0.057373047,-0.017593384,0.060009945
116,1157.1599,148.74312,1156.7843,148.55316,-0.37561035,-0.18995667,0.4209117
116,221.49867,57.034805,221.06706,57.22886,-0.4316101,0.19405365,0.47322732
116,264.67487,1.6978064,264.45282,1.537076,-0.2220459,-0.16073036,0.27411425
116,198.48897,55.804115,198.56505,55.841286,0.07608032,0.03717041,0.08467499
116,199.87012,53.541298,200.00938,53.523502,0.13926697,-0.017795563,0.14039932
116,219.13777,56.957764,218.72394,57.14946,-0.41383362,0.19169617,0.4560764
116,1264.6561,226.28864,1264.684,226.28653,0.027832031,-0.002105713,0.027911574
117,46.5869,240.63193,46.28533,240.5578,-0.30156708,-0.0741272,0.31054395
117,217.66176,63.13212,217.39894,62.880745,-0.26281738,-0.2513733,0.36367777
117,247.9729,-2.7362194,248.26411,-2.547781,0.291214,0.18843842,0.34686399
117,12.22905,246.13708,12.249599,246.25194,0.020549774,0.114852905,0.11667683
117,247.56575,24.085327,247.28152,24.025274,-0.28422546,-0.06005287,0.29050037
117,1268.1553,230.56297,1268.9061,230.5841,0.7508545,0.021133423,0.7511518
117,218.27382,57.02614,218.01405,56.896843,-0.25976562,-0.12929535,0.29016456
117,21.546295,264.34778,21.58232,263.87668,0.036024094,-0.47109985,0.4724752
117,51.270912,233.32033,50.96177,233.34991,-0.30914307,0.029586792,0.31055567
117,1022.39685,57.143524,1022.5969,57.111027,0.20007324,-0.032497406,0.2026953
117,11.62212,247.84271,11.638599,247.95485,0.016479492,0.11213684,0.11334127
117,239.06685,7.0651083,239.4114,7.1204433,0.34455872,0.055335045,0.34897375
117,225.75334,48.849255,225.5308,48.64023,-0.22253418,-0.20902634,0.30530882
117,81.73888,203.03346,81.67317,202.77753,-0.065704346,-0.25593567,0.264235
117,1048.5411,65.14689,1048.0104,65.12123,-0.5307617,-0.025657654,0.5313815
117,202.26932,51.913834,202.79587,51.72742,0.5265503,-0.18641281,0.558574
117,28.74403,257.3095,28.423891,257.06406,-0.32013893,-0.24545288,0.40340558
117,200.76347,51.19547,201.38235,50.94068,0.6188812,-0.25478745,0.6692762
117,10.97707,245.07928,10.997924,245.1878,0.020853996,0.10852051,0.110506065
117,194.12001,58.917183,194.7679,58.677437,0.6478882,-0.2397461,0.6908236
117,253.71858,13.247103,253.56143,13.150885,-0.15715027,-0.09621811,0.18426648
117,73.62052,205.5592,73.493126,205.38351,-0.12739563,-0.1756897,0.21701731
117,246.17523,6.4203815,246.4431,6.3673124,0.26786804,-0.053069115,0.2730744
117,220.7977,57.149456,220.4698,57.065342,-0.32789612,-0.084114075,0.338513
117,199.40215,76.94914,199.43721,76.59686,0.035064697,-0.35227966,0.35402048
117,219.6518,58.59557,219.37909,58.422913,-0.27270508,-0.17265701,0.32276696
117,251.58197,-3.2907286,251.67111,-3.1391745,0.089141846,0.15155411,0.17582639
117,247.62102,1.0402431,247.97632,0.9508476,0.3553009,-0.08939552,0.36637452
117,211.78712,68.032486,211.75188,67.71628,-0.035247803,-0.3162079,0.31816635
117,197.2173,57.4424,197.93379,57.119404,0.7164917,-0.32299805,0.78593135
117,194.37617,59.255695,195.08229,58.953796,0.7061157,-0.30189896,0.7679469
117,1141.8821,132.64644,1141.5967,132.6017,-0.2854004,-0.04473877,0.28888568
117,1156.7843,148.55316,1157.6248,148.8466,0.8404541,0.29344177,0.8902085
117,221.06706,57.22886,220.72816,57.146675,-0.3388977,-0.08218384,0.34872028
117,264.45282,1.537076,264.10516,1.3351755,-0.34765625,-0.20190048,0.4020307
117,198.56505,55.841286,199.07846,55.74597,0.5134125,-0.095314026,0.52218497
117,200.00938,53.523502,200.47841,53.468636,0.46902466,-0.05486679,0.47222292
117,218.72394,57.14946,218.45616,57.020786,-0.2677765,-0.12867355,0.29708773
117,1264.684,226.28653,1265.6694,226.4289,0.98547363,0.1423645,0.99570376
118,46.28533,240.5578,45.96336,240.43509,-0.3219719,-0.12271118,0.3445634
118,217.39894,62.880745,216.73601,62.75094,-0.66293335,-0.12980652,0.67552227
118,248.26411,-2.547781,248.52371,-2.2810335,0.25959778,0.26674747,0.3722166
118,12.249599,246.25194,12.513055,246.18317,0.2634554,-0.06877136,0.2722834
118,247.28152,24.025274,231.05472,42.21039,-16.226807,18.185114,24.372272
118,1268.9061,230.5841,1269.5991,230.54471,0.69299316,-0.039398193,0.6941122
118,218.01405,56.896843,217.25537,57.01564,-0.75868225,0.1187973,0.7679268
118,21.58232,263.87668,21.583675,263.19568,0.0013561249,-0.68099976,0.6810011
118,50.96177,233.34991,50.50692,233.42906,-0.45484924,0.07914734,0.46168402
118,1022.5969,57.111027,1022.6029,57.141098,0.0059814453,0.030071259,0.03066037
118,11.638599,247.95485,11.697556,248.0903,0.058956146,0.13545227,0.1477266
118,239.4114,7.1204433,239.52986,7.5983686,0.11845398,0.4779253,0.49238598
118,225.5308,48.64023,225.00272,48.322926,-0.52809143,-0.3173027,0.6160857
118,81.67317,202.77753,81.65764,202.22476,-0.015533447,-0.5527649,0.5529831
118,1048.0104,65.12123,1047.8108,65.17914,-0.19958496,0.057907104,0.20781577
118,202.79587,51.72742,203.43028,51.555355,0.6344147,-0.17206573,0.65733445
118,28.423891,257.06406,28.26276,256.62524,-0.1611309,-0.43881226,0.46746057
118,201.38235,50.94068,202.08371,50.74717,0.701355,-0.19351196,0.7275615
118,10.997924,245.1878,11.052865,245.33517,0.054941177,0.14736938,0.15727767
118,194.7679,58.677437,194.93658,58.906593,0.16868591,0.2291565,0.28454813
118,253.56143,13.150885,253.11523,13.164894,-0.4461975,0.014009476,0.4464174
118,73.493126,205.38351,73.305664,204.99248,-0.18746185,-0.391037,0.43364948
118,246.4431,6.3673124,246.42017,6.647795,-0.02293396,0.28048277,0.28141883
118,220.4698,57.065342,219.63593,57.188572,-0.83387756,0.12322998,0.84293383
118,199.43721,76.59686,199.20671,76.04517,-0.23049927,-0.55168915,0.5979054
118,219.37909,58.422913,218.66457,58.38568,-0.7145233,-0.037231445,0.71549267
118,251.67111,-3.1391745,251.84598,-3.053856,0.17486572,0.085318565,0.19456947
118,247.97632,0.9508476,248.2413,1.0271482,0.26498413,0.07630062,0.27575058
118,211.75188,67.71628,211.0969,67.570206,-0.6549835,-0.14607239,0.6710742
118,197.93379,57.119404,198.13597,57.341,0.20217896,0.22159576,0.29996836
118,195.08229,58.953796,195.27045,59.157703,0.18815613,0.20390701,0.27745414
118,1141.5967,132.6017,1141.7417,132.76657,0.14501953,0.16487122,0.219575
118,1157.6248,148.8466,1157.9504,148.77673,0.3256836,-0.069869995,0.333094
118,220.72816,57.146675,219.90811,57.259483,-0.8200531,0.11280823,0.82777584
118,264.10516,1.3351755,263.67035,1.3137321,-0.43481445,-0.021443367,0.43534288
118,199.07846,55.74597,199.30585,55.986267,0.22738647,0.24029541,0.330827
118,200.47841,53.468636,200.82483,53.6215,0.3464203,0.15286255,0.37864754
118,218.45616,57.020786,217.67091,57.130833,-0.7852478,0.11004639,0.79292136
118,1265.6694,226.4289,1266.2651,226.55617,0.5957031,0.12727356,0.60914755
119,45.96336,240.43509,45.734257,240.37062,-0.22910309,-0.064468384,0.23800084
119,216.73601,62.75094,216.1623,62.579296,-0.5737152,-0.1716423,0.5988408
119,248.52371,-2.2810335,248.91528,-2.3826246,0.39157104,-0.10159111,0.40453508
119,12.513055,246.18317,12.72146,246.19516,0.2084055,0.011993408,0.20875031
119,231.05472,42.21039,230.40965,42.33498,-0.6450653,0.12459183,0.65698737
119,1269.5991,230.54471,1270.4473,230.45557,0.84814453,-0.089141846,0.85281616
119,217.25537,57.01564,216.54904,57.134827,-0.70632935,0.1191864,0.7163146
119,21.583675,263.19568,21.487053,263.04443,-0.09662247,-0.15124512,0.17947419
119,50.50692,233.42906,50.06176,233.6004,-0.4451599,0.17134094,0.4769959
119,1022.6029,57.141098,1022.4151,56.960068,-0.18780518,-0.18103027,0.26085004
119,11.697556,248.0903,11.965791,248.05873,0.2682352,-0.031570435,0.27008668
119,239.52986,7.5983686,239.70157,7.8798237,0.17170715,0.28145504,0.32969728
119,225.00272,48.322926,224.76448,48.13572,-0.23823547,-0.18720627,0.302989
119,81.65764,202.22476,81.97163,201.40761,0.31398773,-0.81715393,0.8754021
119,1047.8108,65.17914,1047.4432,65.02371,-0.3675537,-0.15542603,0.3990651
119,203.43028,51.555355,209.53296,45.11651,6.1026764,-6.4388466,8.871381
119,28.26276,256.62524,28.287188,256.39594,0.024427414,-0.22930908,0.2306065
119,202.08371,50.74717,208.33325,44.187317,6.249542,-6.5598526,9.060267
119,11.052865,245.33517,11.009674,245.60115,-0.043190956,0.26597595,0.26945996
119,194.93658,58.906593,195.19138,59.08939,0.25479126,0.18279648,0.31358114
119,253.11523,13.164894,252.70067,13.039534,-0.41456604,-0.12536049,0.43310538
119,73.305664,204.99248,73.52314,204.24554,0.21747589,-0.746933,0.777949
119,246.42017,6.647795,246.51247,6.7178054,0.092300415,0.070010185,0.11584815
119,219.63593,57.188572,218.9086,57.289036,-0.72732544,0.10046387,0.73423105
119,199.20671,76.04517,198.78688,75.94931,-0.41983032,-0.09586334,0.4306359
119,218.66457,58.38568,218.06523,58.286182,-0.5993347,-0.09949875,0.60753775
119,251.84598,-3.053856,252.0503,-3.213582,0.20431519,-0.15972614,0.2593398
119,248.2413,1.0271482,248.48535,0.81614304,0.24404907,-0.21100521,0.3226192
119,211.0969,67.570206,210.41937,67.43438,-0.67752075,-0.13582611,0.69100153
119,198.13597,57.341,198.24205,57.593815,0.1060791,0.25281525,0.27416843
119,195.27045,59.157703,195.573,59.272663,0.30255127,0.11495972,0.3236557
119,1141.7417,132.76657,1142.3777,133.28903,0.6359863,0.52246094,0.8230699
119,1157.9504,148.77673,1158.7435,149.274,0.7930908,0.49726868,0.9360925
119,219.90811,57.259483,219.1986,57.343567,-0.70951843,0.08408356,0.7144834
119,263.67035,1.3137321,263.14767,0.92295456,-0.52267456,-0.3907776,0.65260696
119,199.30585,55.986267,199.38318,56.26016,0.07733154,0.27389145,0.28459918
119,200.82483,53.6215,201.21962,53.55273,0.39479065,-0.06876755,0.4007351
119,217.67091,57.130833,216.96672,57.232384,-0.7041931,0.101551056,0.7114777
119,1266.2651,226.55617,1266.7875,226.67386,0.52233887,0.11769104,0.5354336
120,45.734257,240.37062,45.132347,240.29622,-0.60190964,-0.074401855,0.6064906
120,216.1623,62.579296,215.3895,62.444614,-0.77279663,-0.1346817,0.7844449
120,248.91528,-2.3826246,249.85777,-3.088646,0.9424896,-0.7060213,1.1776047
120,12.72146,246.19516,12.989716,246.30466,0.26825523,0.10949707,0.28974208
120,230.40965,42.33498,232.18513,39.49866,1.7754822,-2.836319,3.3461983
120,1270.4473,230.45557,1271.3237,230.50528,0.87646484,0.049713135,0.8778736
120,216.54904,57.134827,215.68672,57.246323,-0.86231995,0.11149597,0.86949813
120,21.487053,263.04443,21.397015,262.65393,-0.0900383,-0.39050293,0.4007486
120,50.06176,233.6004,49.259914,233.72693,-0.80184555,0.12652588,0.8117667
120,1022.4151,56.960068,1022.782,56.685432,0.36688232,-0.27463531,0.45828724
120,11.965791,248.05873,12.214866,248.20798,0.24907494,0.14924622,0.2903666
120,239.70157,7.8798237,240.25021,8.126166,0.548645,0.24634266,0.6014117
120,224.76448,48.13572,224.6913,47.44173,-0.07318115,-0.6939888,0.69783664
120,81.97163,201.40761,82.1695,200.24449,0.19787598,-1.1631165,1.1798283
120,1047.4432,65.02371,1047.156,65.14804,-0.28723145,0.12432861,0.31298482
120,209.53296,45.11651,210.2183,45.063217,0.6853485,-0.05329132,0.68741727
120,28.287188,256.39594,28.077665,256.1521,-0.20952225,-0.24383545,0.32148919
120,208.33325,44.187317,208.95253,44.312294,0.61927795,0.12497711,0.631763
120,11.009674,245.60115,11.218656,245.77942,0.20898151,0.17826843,0.27468693
120,195.19138,59.08939,195.38084,59.553627,0.18946838,0.4642372,0.5014125
120,252.70067,13.039534,252.87592,12.330187,0.17524719,-0.7093468,0.73067397
120,73.52314,204.24554,73.60589,203.1869,0.08274841,-1.0586395,1.0618685
120,246.51247,6.7178054,247.01303,6.477214,0.5005646,-0.24059153,0.555382
120,218.9086,57.289036,217.94084,57.40211,-0.9677582,0.11307526,0.9743418
120,198.78688,75.94931,198.53821,75.4324,-0.24867249,-0.51690674,0.57361186
120,218.06523,58.286182,217.20316,58.259357,-0.8620758,-0.026824951,0.86249304
120,252.0503,-3.213582,252.66129,-3.8644943,0.61099243,-0.6509123,0.89274776
120,248.48535,0.81614304,249.28294,0.13331985,0.79759216,-0.6828232,1.0499527
120,210.41937,67.43438,209.84038,67.24016,-0.57899475,-0.1942215,0.610702
120,198.24205,57.593815,198.5489,57.962055,0.30685425,0.36824036,0.47933337
120,195.573,59.272663,195.74287,59.74666,0.1698761,0.4739952,0.503517
120,1142.3777,133.28903,1142.1982,133.32593,-0.17944336,0.036895752,0.1831972
120,1158.7435,149.274,1158.9178,149.13263,0.1743164,-0.14137268,0.22443806
120,219.1986,57.343567,218.20857,57.458866,-0.99002075,0.115299225,0.9967121
120,263.14767,0.92295456,262.7666,0.36170578,-0.381073,-0.5612488,0.6783928
120,199.38318,56.26016,199.65038,56.72769,0.26719666,0.4675331,0.53849906
120,201.21962,53.55273,201.56734,53.8962,0.3477173,0.3434677,0.48875085
120,216.96672,57.232384,216.12035,57.315887,-0.8463745,0.08350372,0.8504838
120,1266.7875,226.67386,1267.6649,227.00786,0.8774414,0.33399963,0.9388606
121,45.132347,240.29622,44.738274,240.2048,-0.3940735,-0.091415405,0.40453762
121,215.3895,62.444614,214.57123,62.329494,-0.8182678,-0.115119934,0.82632613
121,249.85777,-3.088646,249.98232,-2.5442514,0.12454224,0.5443945,0.5584587
121,12.989716,246.30466,13.366175,246.3023,0.37645912,-0.0023498535,0.37646645
121,232.18513,39.49866,232.45454,38.403214,0.26940918,-1.0954475,1.1280898
121,1271.3237,230.50528,1272.1891,230.44702,0.86535645,-0.058258057,0.8673153
121,215.68672,57.246323,214.91779,57.378445,-0.76893616,0.13212204,0.7802045
121,21.397015,262.65393,21.252123,262.33685,-0.14489174,-0.31707764,0.3486142
121,49.259914,233.72693,48.637417,233.93068,-0.62249756,0.20375061,0.6549943
121,1022.782,56.685432,1022.9027,56.713833,0.12072754,0.028400421,0.12402307
121,12.214866,248.20798,12.514617,248.29173,0.29975128,0.08375549,0.31123272
121,240.25021,8.126166,240.55032,8.627925,0.30010986,0.5017586,0.58466023
121,224.6913,47.44173,224.13289,47.27485,-0.55841064,-0.16688156,0.5828138
121,82.1695,200.24449,82.11667,199.777,-0.052833557,-0.46749878,0.47047475
121,1047.156,65.14804,1046.8749,65.1584,-0.28112793,0.010360718,0.28131878
121,210.2183,45.063217,210.49611,45.415638,0.2778015,0.3524208,0.44874728
121,28.077665,256.1521,27.952383,255.85991,-0.12528229,-0.29219055,0.3179166
121,208.95253,44.312294,209.30081,44.71552,0.34828186,0.40322495,0.53281385
121,11.218656,245.77942,11.505146,245.85335,0.28649044,0.07392883,0.29587537
121,195.38084,59.553627,195.46335,60.27413,0.08250427,0.72050476,0.72521317
121,252.87592,12.330187,251.93076,12.928424,-0.9451599,0.59823704,1.1185771
121,73.60589,203.1869,73.47017,202.79211,-0.1357193,-0.39479065,0.41746783
121,247.01303,6.477214,246.95853,6.8979163,-0.054504395,0.42070246,0.42421845
121,217.94084,57.40211,217.11565,57.51051,-0.8251953,0.10839844,0.8322845
121,198.53821,75.4324,198.22414,75.21189,-0.31407166,-0.22051239,0.38375345
121,217.20316,58.259357,216.47595,58.237064,-0.72720337,-0.02229309,0.727545
121,252.66129,-3.8644943,252.10321,-2.9640093,-0.55807495,0.90048504,1.0593965
121,249.28294,0.13331985,249.25339,0.6777611,-0.029556274,0.5444412,0.5452429
121,209.84038,67.24016,209.23956,67.09816,-0.6008148,-0.14199829,0.61736697
121,198.5489,57.962055,198.83821,58.361332,0.28930664,0.39927673,0.49307224
121,195.74287,59.74666,195.79358,60.47188,0.050704956,0.72522354,0.7269939
121,1142.1982,133.32593,1141.7878,132.92734,-0.4104004,-0.3985901,0.5721036
121,1158.9178,149.13263,1161.1119,150.02463,2.1940918,0.8919983,2.3684804
121,218.20857,57.458866,217.35532,57.568764,-0.8532562,0.10989761,0.8603044
121,262.7666,0.36170578,261.71478,0.5501528,-1.0518188,0.188447,1.0685669
121,199.65038,56.72769,199.85074,57.226994,0.20036316,0.4993019,0.5380035
121,201.56734,53.8962,201.86642,54.280327,0.29908752,0.38412857,0.48683476
121,216.12035,57.315887,215.35268,57.425476,-0.7676697,0.10958862,0.7754524
121,1267.6649,227.00786,1268.6364,227.18146,0.97143555,0.17359924,0.98682505
122,44.738274,240.2048,44.412254,240.14299,-0.3260193,-0.061813354,0.33182746
122,214.57123,62.329494,213.96391,62.0046,-0.60731506,-0.32489395,0.6887581
122,249.98232,-2.5442514,250.81427,-3.2396507,0.83195496,-0.6953993,1.0843105
122,13.366175,246.3023,13.808132,246.41983,0.44195747,0.11752319,0.4573162
122,232.45454,38.403214,230.92136,38.984184,-1.5331879,0.58097076,1.6395707
122,1272.1891,230.44702,1273.1709,230.58466,0.9818115,0.13763428,0.9914116
122,214.91779,57.378445,214.22694,57.383118,-0.6908417,0.004673004,0.69085747
122,21.252123,262.33685,21.023808,261.9219,-0.22831535,-0.4149475,0.47361308
122,48.637417,233.93068,48.048805,234.23543,-0.5886116,0.30474854,0.66282374
122,1022.9027,56.713833,1023.46246,56.729866,0.5597534,0.016033173,0.559983
122,12.514617,248.29173,12.8225155,248.50706,0.30789852,0.21533203,0.37572515
122,240.55032,8.627925,241.07985,8.838941,0.52952576,0.2110157,0.57002205
122,224.13289,47.27485,222.92899,47.582027,-1.2039032,0.3071785,1.242474
122,82.11667,199.777,81.94898,199.3402,-0.16768646,-0.4367981,0.4678796
122,1046.8749,65.1584,1045.9586,65.27031,-0.91625977,0.11190796,0.92306846
122,210.49611,45.415638,211.23521,45.315323,0.7391052,-0.100315094,0.7458818
122,27.952383,255.85991,27.703215,255.59303,-0.2491684,-0.26687622,0.36511344
122,209.30081,44.71552,209.88513,44.914074,0.58432007,0.198555,0.61713374
122,11.505146,245.85335,11.80689,246.11331,0.3017435,0.259964,0.39828435
122,195.46335,60.27413,196.12086,60.426956,0.6575165,0.1528244,0.6750431
122,251.93076,12.928424,251.6834,12.172537,-0.24736023,-0.75588703,0.79533154
122,73.47017,202.79211,73.275566,202.39027,-0.19460297,-0.4018402,0.44648165
122,246.95853,6.8979163,247.32881,6.502722,0.37028503,-0.39519453,0.5415623
122,217.11565,57.51051,216.2826,57.492416,-0.8330536,-0.01809311,0.83325005
122,198.22414,75.21189,197.97066,74.800735,-0.253479,-0.4111557,0.48301202
122,216.47595,58.237064,215.73735,58.076584,-0.7386017,-0.1604805,0.75583494
122,252.10321,-2.9640093,252.36877,-3.3264914,0.26556396,-0.36248207,0.44935226
122,249.25339,0.6777611,249.95671,0.04086685,0.70332336,-0.6368942,0.9488403
122,209.23956,67.09816,208.81038,66.67677,-0.42918396,-0.42138672,0.6014696
122,198.83821,58.361332,199.90323,58.01431,1.0650177,-0.347023,1.1201284
122,195.79358,60.47188,196.49051,60.53988,0.69692993,0.06799698,0.7002392
122,1141.7878,132.92734,1140.5519,132.34256,-1.2359619,-0.58477783,1.367321
122,1161.1119,150.02463,1174.0775,159.22295,12.965576,9.1983185,15.897019
122,217.35532,57.568764,216.48856,57.55073,-0.86676025,-0.018032074,0.86694777
122,261.71478,0.5501528,261.05243,0.04474926,-0.6623535,-0.5054035,0.8331536
122,199.85074,57.226994,200.72061,57.187546,0.86987305,-0.039447784,0.87076706
122,201.86642,54.280327,202.65454,54.411755,0.78811646,0.13142776,0.79899985
122,215.35268,57.425476,214.61356,57.421597,-0.7391205,-0.0038795471,0.7391307
122,1268.6364,227.18146,1269.7882,227.6142,1.1518555,0.43273926,1.230461
123,44.412254,240.14299,44.016834,240.03825,-0.39542007,-0.10473633,0.40905592
123,213.96391,62.0046,213.28136,61.894566,-0.68255615,-0.11003494,0.69136864
123,250.81427,-3.2396507,251.2445,-3.3279676,0.43023682,-0.08831692,0.4392079
123,13.808132,246.41983,14.199554,246.54843,0.39142227,0.12860107,0.41200683
123,230.92136,38.984184,230.28102,39.058693,-0.6403351,0.07450867,0.6446554
123,1273.1709,230.58466,1273.9708,230.53136,0.79992676,-0.05329895,0.8017004
123,214.22694,57.383118,213.55167,57.531837,-0.6752777,0.14871979,0.6914605
123,21.023808,261.9219,20.97832,261.4901,-0.045488358,-0.4317932,0.43418264
123,48.048805,234.23543,47.424515,234.45334,-0.62429047,0.21791077,0.66122895
123,1023.46246,56.729866,1023.48114,56.819717,0.018676758,0.08985138,0.09177195
123,12.8225155,248.50706,13.142986,248.71353,0.3204708,0.20646667,0.38122174
123,241.07985,8.838941,241.36145,9.194469,0.28160095,0.35552883,0.45354146
123,222.92899,47.582027,222.62843,47.262806,-0.30055237,-0.3192215,0.4384451
123,81.94898,199.3402,81.89902,198.79367,-0.049964905,-0.54652405,0.54880327
123,1045.9586,65.27031,1045.654,65.2517,-0.30456543,-0.018608093,0.30513334
123,211.23521,45.315323,211.56625,45.49913,0.33103943,0.18380737,0.3786453
123,27.703215,255.59303,27.537928,255.29399,-0.16528702,-0.29904175,0.3416808
123,209.88513,44.914074,210.30493,45.13418,0.4197998,0.22010422,0.47400182
123,11.80689,246.11331,12.097105,246.3256,0.2902155,0.21229553,0.35957533
123,196.12086,60.426956,196.49785,60.92333,0.37698364,0.49637222,0.62329936
123,251.6834,12.172537,251.4377,11.986609,-0.24569702,-0.18592739,0.30811688
123,73.275566,202.39027,73.08298,202.01936,-0.1925888,-0.37091064,0.4179296
123,247.32881,6.502722,247.62025,6.399356,0.29144287,-0.1033659,0.30923042
123,216.2826,57.492416,215.5001,57.612556,-0.78248596,0.120140076,0.7916552
123,197.97066,74.800735,197.79774,74.449326,-0.1729126,-0.3514099,0.3916474
123,215.73735,58.076584,215.0554,58.084423,-0.6819458,0.007839203,0.68199086
123,252.36877,-3.3264914,252.59966,-3.4063234,0.23088074,-0.07983208,0.24429302
123,249.95671,0.04086685,250.41351,-0.19320393,0.45680237,-0.23407078,0.51328117
123,208.81038,66.67677,208.22314,66.49393,-0.5872345,-0.18284607,0.6150423
123,199.90323,58.01431,200.53796,58.262146,0.6347351,0.24783707,0.68140435
123,196.49051,60.53988,196.83517,61.022675,0.34466553,0.48279572,0.59319985
123,1140.5519,132.34256,1140.2401,132.54959,-0.31176758,0.20703125,0.3742472
123,1174.0775,159.22295,1173.581,158.60202,-0.49645996,-0.6209259,0.7949978
123,216.48856,57.55073,215.7055,57.660225,-0.78305054,0.109493256,0.7906686
123,261.05243,0.04474926,260.84503,-0.7568064,-0.20739746,-0.80155563,0.8279524
123,200.72061,57.187546,201.3113,57.4854,0.590683,0.29785538,0.66153175
123,202.65454,54.411755,202.815,55.19233,0.16046143,0.7805748,0.79689705
123,214.61356,57.421597,213.91362,57.559605,-0.6999359,0.13800812,0.71341187
123,1269.7882,227.6142,1270.5276,227.79703,0.7393799,0.18283081,0.7616493
124,44.016834,240.03825,43.536427,240.11472,-0.4804077,0.07646179,0.4864545
124,213.28136,61.894566,212.81267,61.683495,-0.46868896,-0.21107101,0.51402366
124,251.2445,-3.3279676,251.78777,-3.8973598,0.54325867,-0.5693922,0.78698
124,14.199554,246.54843,14.56131,246.61479,0.36175537,0.06636047,0.3677916
124,230.28102,39.058693,229.34088,39.346756,-0.9401398,0.28806305,0.9832818
124,1273.9708,230.53136,1274.99,230.80943,1.019165,0.27807617,1.0564202
124,213.55167,57.531837,213.11685,57.541374,-0.43481445,0.009536743,0.43491903
124,20.97832,261.4901,20.912529,261.10352,-0.06579018,-0.38659668,0.39215472
124,47.424515,234.45334,46.696747,234.80965,-0.72776794,0.35630798,0.8103095
124,1023.48114,56.819717,1023.4166,57.03202,-0.06451416,0.21230316,0.22188896
124,13.142986,248.71353,13.496084,248.78249,0.35309792,0.06895447,0.3597678
124,241.36145,9.194469,241.70013,9.442452,0.33868408,0.24798298,0.4197648
124,222.62843,47.262806,222.49371,46.747753,-0.13471985,-0.5150528,0.53238034
124,81.89902,198.79367,81.71586,198.51202,-0.18315887,-0.28164673,0.33596435
124,1045.654,65.2517,1045.5897,65.69568,-0.064331055,0.44397736,0.44861385
124,211.56625,45.49913,212.04416,45.475777,0.47790527,-0.023353577,0.47847554
124,27.537928,255.29399,27.382782,255.05197,-0.15514565,-0.24201965,0.28747815
124,210.30493,45.13418,210.81314,45.177814,0.5082092,0.043636322,0.51007915
124,12.097105,246.3256,12.394812,246.45932,0.2977066,0.13371277,0.32635614
124,196.49785,60.92333,196.95029,61.079327,0.45243835,0.15599823,0.47857696
124,251.4377,11.986609,251.25415,11.650092,-0.18354797,-0.33651733,0.3833194
124,73.08298,202.01936,72.78935,201.9196,-0.29362488,-0.09976196,0.31010967
124,247.62025,6.399356,247.98985,6.1153445,0.3695984,-0.28401136,0.46611738
124,215.5001,57.612556,214.89565,57.62856,-0.60446167,0.016002655,0.60467345
124,197.79774,74.449326,197.22835,74.48542,-0.569397,0.036094666,0.5705399
124,215.0554,58.084423,214.52731,58.03165,-0.52809143,-0.052772522,0.53072166
124,252.59966,-3.4063234,252.9338,-3.9624462,0.33415222,-0.5561228,0.6487914
124,250.41351,-0.19320393,250.99123,-0.8728914,0.577713,-0.6796875,0.89203554
124,208.22314,66.49393,207.70058,66.29739,-0.52256775,-0.1965332,0.5583031
124,200.53796,58.262146,201.30313,58.092953,0.76516724,-0.16919327,0.78365
124,196.83517,61.022675,197.31752,61.125748,0.48234558,0.10307312,0.49323556
124,1140.2401,132.54959,1139.4009,132.07257,-0.8392334,-0.47702026,0.9653295
124,1173.581,158.60202,1172.266,157.59576,-1.3150635,-1.0062561,1.6558814
124,215.7055,57.660225,215.10558,57.66672,-0.5999298,0.0064964294,0.599965
124,260.84503,-0.7568064,260.6685,-1.9804001,-0.17654419,-1.2235937,1.2362643
124,201.3113,57.4854,201.92198,57.451252,0.61068726,-0.03414917,0.6116413
124,202.815,55.19233,202.9461,55.68855,0.13110352,0.49621964,0.5132466
124,213.91362,57.559605,213.4646,57.558624,-0.4490204,-0.0009803772,0.44902146
124,1270.5276,227.79703,1271.5626,228.35504,1.0350342,0.5580139,1.1758721
125,43.536427,240.11472,43.242367,239.96732,-0.29405975,-0.1473999,0.32893443
125,212.81267,61.683495,212.04947,61.56848,-0.76319885,-0.11501312,0.7718164
125,251.78777,-3.8973598,252.10753,-3.954361,0.31976318,-0.057001114,0.32480395
125,14.56131,246.61479,14.879856,246.718,0.3185463,0.10321045,0.33484945
125,229.34088,39.346756,228.43681,39.62935,-0.904068,0.28259277,0.9472051
125,1274.99,230.80943,1275.6064,230.59154,0.6164551,-0.21789551,0.65383124
125,213.11685,57.541374,212.45717,57.649906,-0.6596832,0.10853195,0.66855156
125,20.912529,261.10352,20.707958,260.77762,-0.20457077,-0.32589722,0.3847833
125,46.696747,234.80965,46.21738,234.9485,-0.4793663,0.13885498,0.4990719
125,1023.4166,57.03202,1023.0122,56.75489,-0.40441895,-0.27713013,0.49026093
125,13.496084,248.78249,13.727171,248.97397,0.23108673,0.19148254,0.30011106
125,241.70013,9.442452,241.92308,9.809899,0.22294617,0.3674469,0.42979324
125,222.49371,46.747753,222.03291,46.64517,-0.46080017,-0.10258484,0.47208098
125,81.71586,198.51202,81.57826,198.0967,-0.13759613,-0.41532898,0.43752813
125,1045.5897,65.69568,1045.391,65.5094,-0.19873047,-0.1862793,0.27238536
125,212.04416,45.475777,212.02132,45.882534,-0.022842407,0.40675735,0.40739822
125,27.382782,255.05197,27.217245,254.78836,-0.16553688,-0.26361084,0.3112766
125,210.81314,45.177814,210.8412,45.650196,0.028060913,0.4723816,0.47321433
125,12.394812,246.45932,12.606276,246.67346,0.21146393,0.21414185,0.30095467
125,196.95029,61.079327,197.50383,61.014908,0.5535431,-0.06441879,0.5572789
125,251.25415,11.650092,250.88942,11.710436,-0.36473083,0.060343742,0.369689
125,72.78935,201.9196,72.791534,201.44781,0.0021820068,-0.4717865,0.47179157
125,247.98985,6.1153445,248.2221,6.061995,0.23225403,-0.053349495,0.23830254
125,214.89565,57.62856,214.09497,57.740917,-0.80067444,0.11235809,0.80851954
125,197.22835,74.48542,197.03358,74.0953,-0.19476318,-0.39012146,0.43603605
125,214.52731,58.03165,213.78607,58.07219,-0.74124146,0.040538788,0.7423492
125,252.9338,-3.9624462,253.08975,-3.996046,0.15594482,-0.033599854,0.15952347
125,250.99123,-0.8728914,251.34436,-1.0703831,0.35313416,-0.19749165,0.40460682
125,207.70058,66.29739,207.0673,66.12047,-0.63327026,-0.17692566,0.657521
125,201.30313,58.092953,201.96779,57.94971,0.6646576,-0.14324188,0.67991763
125,197.31752,61.125748,197.91776,60.98042,0.600235,-0.14532852,0.61757785
125,1139.4009,132.07257,1143.9564,135.30862,4.555542,3.2360535,5.587934
125,1172.266,157.59576,1172.3483,157.41302,0.08227539,-0.18273926,0.20040677
125,215.10558,57.66672,214.28806,57.776035,-0.81752014,0.109313965,0.8247962
125,260.6685,-1.9804001,260.3814,-2.8019476,-0.28707886,-0.8215475,0.8702612
125,201.92198,57.451252,202.45767,57.471527,0.5356903,0.020275116,0.53607386
125,202.9461,55.68855,202.98416,56.282814,0.03805542,0.594265,0.59548223
125,213.4646,57.558624,212.77448,57.671017,-0.6901245,0.112392426,0.6992166
125,1271.5626,228.35504,1272.2444,228.31052,0.6817627,-0.044525146,0.6832151
126,43.242367,239.96732,42.871902,239.90027,-0.37046432,-0.06704712,0.3764826
126,212.04947,61.56848,211.9627,61.258327,-0.086761475,-0.31015396,0.3220606
126,252.10753,-3.954361,252.5062,-4.3123083,0.39866638,-0.35794735,0.53578097
126,14.879856,246.718,15.257573,246.69662,0.37771702,-0.021377563,0.37832147
126,228.43681,39.62935,228.05815,39.500736,-0.3786621,-0.12861252,0.3999077
126,1275.6064,230.59154,1276.4233,230.63374,0.81689453,0.04220581,0.8179841
126,212.45717,57.649906,212.43701,57.465553,-0.02015686,-0.18435287,0.18545157
126,20.707958,260.77762,20.66447,260.3452,-0.04348755,-0.43240356,0.43458486
126,46.21738,234.9485,45.65363,235.18297,-0.5637512,0.23446655,0.6105653
126,1023.0122,56.75489,1023.0421,56.714325,0.029907227,-0.04056549,0.050398424
126,13.727171,248.97397,14.028208,249.00452,0.30103683,0.030548096,0.30258283
126,241.92308,9.809899,242.18689,9.9342,0.2638092,0.12430096,0.2916265
126,222.03291,46.64517,221.67769,46.63024,-0.3552246,-0.01492691,0.3555381
126,81.57826,198.0967,81.39539,197.74194,-0.18286896,-0.3547516,0.3991112
126,1045.391,65.5094,1045.6238,65.486374,0.23278809,-0.023025513,0.23392406
126,212.02132,45.882534,212.40474,45.922287,0.38342285,0.03975296,0.3854781
126,27.217245,254.78836,27.109682,254.483,-0.10756302,-0.3053589,0.3237497
126,210.8412,45.650196,211.311,45.70578,0.46980286,0.055583954,0.4730796
126,12.606276,246.67346,12.816461,246.80013,0.21018505,0.12666321,0.24540032
126,197.50383,61.014908,198.54773,60.661606,1.0438995,-0.353302,1.1020656
126,250.88942,11.710436,250.59024,11.677129,-0.29917908,-0.033307076,0.3010274
126,72.791534,201.44781,72.79738,201.00172,0.005844116,-0.4460907,0.446129
126,248.2221,6.061995,248.48235,5.8533688,0.26023865,-0.20862627,0.3335402
126,214.09497,57.740917,213.98758,57.543938,-0.10739136,-0.19697952,0.22435203
126,197.03358,74.0953,197.23946,73.61482,0.20587158,-0.48047638,0.5227243
126,213.78607,58.07219,213.73427,57.817654,-0.05180359,-0.25453568,0.25975376
126,253.08975,-3.996046,253.32452,-4.304798,0.23477173,-0.30875206,0.38787317
126,251.34436,-1.0703831,251.79697,-1.5659847,0.4526062,-0.49560165,0.67117316
126,207.0673,66.12047,207.07336,65.70445,0.0060577393,-0.41601562,0.41605973
126,201.96779,57.94971,203.03049,57.516403,1.0626984,-0.43330765,1.1476425
126,197.91776,60.98042,198.88982,60.679398,0.97206116,-0.30102158,1.0176035
126,1143.9564,135.30862,1143.3802,134.83807,-0.5761719,-0.47055054,0.7439031
126,1172.3483,157.41302,1172.3243,157.14357,-0.023925781,-0.26945496,0.27051508
126,214.28806,57.776035,214.15347,57.581898,-0.13458252,-0.19413757,0.23622416
126,260.3814,-2.8019476,260.16193,-3.6074638,-0.21948242,-0.80551624,0.8348826
126,202.45767,57.471527,203.37277,57.191715,0.9151001,-0.27981186,0.95692366
126,202.98416,56.282814,203.54791,56.411568,0.5637512,0.12875366,0.5782672
126,212.77448,57.671017,212.75145,57.47434,-0.023025513,-0.19667816,0.1980214
126,1272.2444,228.31052,1272.9648,228.42213,0.720459,0.11161804,0.729054
127,42.871902,239.90027,42.725452,239.88162,-0.14645004,-0.01864624,0.14763232
127,211.9627,61.258327,211.65857,61.217,-0.30413818,-0.04132843,0.30693334
127,252.5062,-4.3123083,252.64989,-4.234112,0.14369202,0.078196526,0.16359124
127,15.257573,246.69662,15.38345,246.6404,0.12587643,-0.056228638,0.13786419
127,228.05815,39.500736,227.89137,39.520767,-0.16677856,0.020030975,0.16797717
127,1276.4233,230.63374,1276.582,230.58852,0.1586914,-0.04522705,0.16501045
127,212.43701,57.465553,212.15489,57.521942,-0.28211975,0.056388855,0.28769994
127,20.66447,260.3452,20.657173,260.13623,-0.007297516,-0.20898438,0.20911175
127,45.65363,235.18297,45.442284,235.2515,-0.21134567,0.06852722,0.2221778
127,1023.0421,56.714325,1023.0746,56.66198,0.032470703,-0.052345276,0.061598495
127,14.028208,249.00452,14.127438,248.96503,0.09922981,-0.039489746,0.10679886
127,242.18689,9.9342,242.19868,10.326988,0.011795044,0.39278793,0.392965
127,221.67769,46.63024,221.51772,46.487972,-0.15997314,-0.14226913,0.2140839
127,81.39539,197.74194,81.34556,197.47023,-0.049835205,-0.27171326,0.27624562
127,1045.6238,65.486374,1045.5269,65.51114,-0.09692383,0.024765015,0.100037664
127,212.40474,45.922287,212.62842,45.802345,0.22367859,-0.11994171,0.25380728
127,27.109682,254.483,27.002378,254.3829,-0.10730362,-0.100097656,0.14674334
127,211.311,45.70578,211.54532,45.627056,0.23431396,-0.07872391,0.24718513
127,12.816461,246.80013,12.912358,246.77173,0.095897675,-0.028396606,0.10001366
127,198.54773,60.661606,198.8807,60.524033,0.3329773,-0.13757324,0.36027804
127,250.59024,11.677129,250.52582,11.746437,-0.06442261,0.06930828,0.0946251
127,72.79738,201.00172,72.8553,200.72939,0.057922363,-0.27233887,0.27843034
127,248.48235,5.8533688,248.56976,5.9561915,0.0874176,0.10282278,0.13496059
127,213.98758,57.543938,213.65706,57.590916,-0.33052063,0.046977997,0.3338425
127,197.23946,73.61482,197.31192,73.44605,0.07246399,-0.16876984,0.18366896
127,213.73427,57.817654,213.4215,57.84446,-0.31277466,0.026805878,0.31392124
127,253.32452,-4.304798,253.43507,-4.238059,0.11054993,0.06673908,0.12913322
127,251.79697,-1.5659847,251.98366,-1.5775642,0.18669128,-0.011579514,0.18705004
127,207.07336,65.70445,206.8991,65.61714,-0.17427063,-0.08731079,0.19491903
127,203.03049,57.516403,203.29718,57.445793,0.26669312,-0.07061005,0.2758822
127,198.88982,60.679398,199.26366,60.50083,0.37384033,-0.17856598,0.41429746
127,1143.3802,134.83807,1142.7539,134.31506,-0.6263428,-0.52301025,0.81599325
127,1172.3243,157.14357,1172.0338,156.89621,-0.29052734,-0.24736023,0.3815668
127,214.15347,57.581898,213.80266,57.63341,-0.35081482,0.051513672,0.3545768
127,260.16193,-3.6074638,260.09244,-3.817214,-0.069488525,-0.20975018,0.22096106
127,203.37277,57.191715,203.58832,57.176956,0.21554565,-0.014759064,0.21605036
127,203.54791,56.411568,203.70474,56.48515,0.15682983,0.073581696,0.17323355
127,212.75145,57.47434,212.46297,57.52708,-0.28848267,0.052742004,0.29326433
127,1272.9648,228.42213,1273.144,228.46112,0.17919922,0.038986206,0.18339108
128,42.725452,239.88162,42.552624,239.83716,-0.17282867,-0.04446411,0.17845674
128,211.65857,61.217,211.5855,61.051598,-0.07307434,-0.16540146,0.1808245
128,252.64989,-4.234112,252.61446,-4.3216505,-0.03543091,-0.08753872,0.09443716
128,15.38345,246.6404,15.476372,246.74445,0.09292221,0.10404968,0.13950224
128,227.89137,39.520767,227.75662,39.47036,-0.13475037,-0.05040741,0.14386997
128,1276.582,230.58852,1276.7838,230.60048,0.20178223,0.011962891,0.20213653
128,212.15489,57.521942,212.13565,57.327724,-0.019241333,-0.19421768,0.1951685
128,20.657173,260.13623,20.570152,260.14496,-0.087020874,0.008728027,0.087457485
128,45.442284,235.2515,45.235107,235.29419,-0.20717621,0.04269409,0.21152958
128,1023.0746,56.66198,1023.1411,56.716175,0.06652832,0.054195404,0.08580885
128,14.127438,248.96503,14.188772,249.10739,0.06133461,0.1423645,0.1550148
128,242.19868,10.326988,242.23222,10.2509775,0.03353882,-0.076010704,0.08308116
128,221.51772,46.487972,221.39908,46.509247,-0.118637085,0.021274567,0.12052952
128,81.34556,197.47023,80.82334,197.83823,-0.5222168,0.36799622,0.63885176
128,1045.5269,65.51114,1045.7175,65.50299,0.19067383,-0.008148193,0.19084784
128,212.62842,45.802345,212.61934,45.888866,-0.0090789795,0.08652115,0.08699619
128,27.002378,254.3829,27.027388,254.3055,0.025009155,-0.07740784,0.08134759
128,211.54532,45.627056,211.53468,45.72712,-0.010635376,0.100063324,0.10062693
128,12.912358,246.77173,12.975979,246.89186,0.06362057,0.12013245,0.13593888
128,198.8807,60.524033,199.05086,60.33562,0.17015076,-0.18841171,0.25387055
128,250.52582,11.746437,250.4045,11.6858835,-0.12132263,-0.06055355,0.13559467
128,72.8553,200.72939,72.49935,200.93535,-0.3559494,0.20596313,0.411243
128,248.56976,5.9561915,248.52277,5.9035106,-0.04699707,-0.05268097,0.070597515
128,213.65706,57.590916,213.64516,57.371387,-0.0119018555,-0.2195282,0.2198506
128,197.31192,73.44605,197.36177,73.23624,0.049850464,-0.20981598,0.21565671
128,213.4215,57.84446,213.41922,57.608433,-0.0022735596,-0.23602676,0.23603772
128,253.43507,-4.238059,253.35463,-4.3021774,-0.080444336,-0.064118385,0.102871075
128,251.98366,-1.5775642,251.98926,-1.7226448,0.0055999756,-0.14508057,0.1451886
128,206.8991,65.61714,206.79399,65.49255,-0.10510254,-0.12458801,0.16299912
128,203.29718,57.445793,203.1864,57.56029,-0.11077881,0.11449814,0.15931657
128,199.26366,60.50083,199.4044,60.336823,0.14074707,-0.1640091,0.216122
128,1142.7539,134.31506,1142.7833,134.36615,0.029418945,0.051086426,0.058951654
128,1172.0338,156.89621,1172.2728,157.03876,0.23901367,0.1425476,0.27829364
128,213.80266,57.63341,213.79204,57.410336,-0.010620117,-0.22307587,0.22332852
128,260.09244,-3.817214,259.69043,-3.8256226,-0.40200806,-0.008408546,0.402096
128,203.58832,57.176956,203.45903,57.317753,-0.12928772,0.14079666,0.19115181
128,203.70474,56.48515,203.54707,56.681175,-0.15766907,0.19602585,0.25156644
128,212.46297,57.52708,212.44717,57.325367,-0.015792847,-0.20171356,0.20233086
128,1273.144,228.46112,1273.3181,228.49634,0.17407227,0.035217285,0.17759901
129,42.552624,239.83716,42.552288,239.83714,-0.00033569336,-1.5258789e-05,0.00033603996
129,211.5855,61.051598,211.58943,61.069916,0.0039367676,0.018318176,0.018736428
129,252.61446,-4.3216505,252.61229,-4.319192,-0.002166748,0.0024585724,0.0032770985
129,15.476372,246.74445,15.763845,246.30273,0.28747368,-0.44171143,0.52702004
129,227.75662,39.47036,227.75377,39.446415,-0.0028533936,-0.023944855,0.024114268
129,1276.7838,230.60048,1277.2085,230.5525,0.42468262,-0.047973633,0.42738366
129,212.13565,57.327724,212.14194,57.340176,0.006286621,0.012451172,0.013948236
129,20.570152,260.14496,20.622776,259.97833,0.05262375,-0.16662598,0.1747383
129,45.235107,235.29419,45.24482,235.27455,0.009712219,-0.019638062,0.02190846
129,1023.1411,56.716175,1023.2358,56.624557,0.09466553,-0.091617584,0.13173969
129,14.188772,249.10739,14.474485,248.6357,0.2857132,-0.47169495,0.55147815
129,242.23222,10.2509775,242.22372,10.216971,-0.0084991455,-0.03400612,0.035052128
129,221.39908,46.509247,221.39783,46.518997,-0.0012512207,0.009750366,0.00983032
129,80.82334,197.83823,80.803406,197.85728,-0.019935608,0.019058228,0.027579784
129,1045.7175,65.50299,1046.3622,65.493256,0.6446533,-0.009735107,0.6447268
129,212.61934,45.888866,212.5984,45.928535,-0.020935059,0.039669037,0.04485431
129,27.027388,254.3055,26.97935,254.2414,-0.048038483,-0.06410217,0.080104835
129,211.53468,45.72712,211.52075,45.770554,-0.013931274,0.043434143,0.04561365
129,12.975979,246.89186,13.343577,246.38078,0.36759853,-0.5110779,0.6295469
129,199.05086,60.33562,199.28113,60.243877,0.23027039,-0.09174347,0.24787359
129,250.4045,11.6858835,250.40828,11.682515,0.0037841797,-0.0033683777,0.0050661606
129,72.49935,200.93535,72.49286,200.95299,-0.0064926147,0.01763916,0.018796118
129,248.52277,5.9035106,248.5325,5.8852367,0.009735107,-0.01827383,0.020705197
129,213.64516,57.371387,213.63864,57.379967,-0.006515503,0.008579254,0.010772901
129,197.36177,73.23624,197.36539,73.232544,0.003616333,-0.003692627,0.0051684966
129,213.41922,57.608433,213.41185,57.622505,-0.007369995,0.014072418,0.01588552
129,253.35463,-4.3021774,253.351,-4.2984486,-0.0036315918,0.0037288666,0.0052050846
129,251.98926,-1.7226448,251.9882,-1.7192001,-0.0010528564,0.0034446716,0.0036019813
129,206.79399,65.49255,206.8237,65.496185,0.029708862,0.0036315918,0.029930001
129,203.1864,57.56029,203.30275,57.593544,0.11634827,0.033252716,0.12100687
129,199.4044,60.336823,199.64436,60.23432,0.23995972,-0.102500916,0.26093504
129,1142.7833,134.36615,1142.8278,134.32993,0.044433594,-0.036224365,0.05732843
129,1172.2728,157.03876,1172.281,157.04321,0.008178711,0.0044555664,0.009313613
129,213.79204,57.410336,213.78242,57.420914,-0.009613037,0.0105781555,0.01429363
129,259.69043,-3.8256226,259.6896,-3.8242245,-0.0008239746,0.0013980865,0.0016228309
129,203.45903,57.317753,203.57042,57.354324,0.11138916,0.036571503,0.117239155
129,203.54707,56.681175,203.64452,56.730457,0.09744263,0.049282074,0.1091961
129,212.44717,57.325367,212.45132,57.337074,0.0041503906,0.011707306,0.0124212215
129,1273.3181,228.49634,1273.6626,228.45172,0.34448242,-0.0446167,0.34735975
130,42.552288,239.83714,42.11448,239.86351,-0.437809,0.026367188,0.43860224
130,211.58943,61.069916,211.15001,61.099052,-0.4394226,0.029136658,0.44038752
130,252.61229,-4.319192,252.52347,-4.3868294,-0.08882141,-0.06763744,0.111642584
130,15.763845,246.30273,15.160854,246.23993,-0.6029911,-0.062805176,0.606253
130,227.75377,39.446415,227.71553,39.42781,-0.038238525,-0.018604279,0.04252416
130,1277.2085,230.5525,1277.2294,230.53967,0.020874023,-0.012832642,0.024503093
130,212.14194,57.340176,211.67754,57.390713,-0.46440125,0.05053711,0.46714294
130,20.622776,259.97833,20.598713,259.73602,-0.02406311,-0.24230957,0.24350145
130,45.24482,235.27455,44.919685,235.26416,-0.32513428,-0.010391235,0.32530028
130,1023.2358,56.624557,1023.8248,56.64416,0.5890503,0.01960373,0.5893764
130,14.474485,248.6357,13.71224,248.71465,-0.7622452,0.078948975,0.7663228
130,242.22372,10.216971,242.0929,9.978641,-0.13082886,-0.23833084,0.27187824
130,221.39783,46.518997,221.33815,46.414898,-0.059677124,-0.10409927,0.11999174
130,80.803406,197.85728,80.8597,197.73997,0.056297302,-0.11730957,0.13011888
130,1046.3622,65.493256,1046.6727,65.46405,0.31054688,-0.029205322,0.31191716
130,212.5984,45.928535,212.22331,45.810055,-0.37509155,-0.11848068,0.39335907
130,26.97935,254.2414,26.692951,254.11816,-0.28639793,-0.12322998,0.31178424
130,211.52075,45.770554,211.16574,45.594055,-0.355011,-0.17649841,0.39646497
130,13.343577,246.38078,12.652668,246.38266,-0.6909094,0.001876831,0.69091195
130,199.28113,60.243877,198.479,60.3713,-0.802124,0.12742233,0.81218183
130,250.40828,11.682515,250.3755,11.620607,-0.03277588,-0.06190777,0.07004877
130,72.49286,200.95299,72.58652,200.74925,0.09365845,-0.20373535,0.22423202
130,248.5325,5.8852367,248.38068,5.8598895,-0.15182495,-0.025347233,0.15392627
130,213.63864,57.379967,213.22699,57.441273,-0.4116516,0.061306,0.41619164
130,197.36539,73.232544,197.67252,72.69697,0.3071289,-0.53557587,0.6173894
130,213.41185,57.622505,212.98468,57.690083,-0.4271698,0.06757736,0.43248206
130,253.351,-4.2984486,253.38255,-4.4472075,0.031555176,-0.14875889,0.15206885
130,251.9882,-1.7192001,251.86923,-1.7535639,-0.11897278,-0.034363747,0.12383614
130,206.8237,65.496185,206.37297,65.54156,-0.45072937,0.04537201,0.45300728
130,203.30275,57.593544,202.56526,57.640747,-0.7374878,0.047203064,0.7389969
130,199.64436,60.23432,198.84016,60.358288,-0.8041992,0.12396622,0.81369776
130,1142.8278,134.32993,1143.9325,134.64703,1.1047363,0.31710815,1.1493475
130,1172.281,157.04321,1172.1747,156.6424,-0.10632324,-0.40081787,0.41468012
130,213.78242,57.420914,213.37651,57.485043,-0.4059143,0.064128876,0.41094884
130,259.6896,-3.8242245,260.0861,-4.0733404,0.39648438,-0.24911594,0.46825057
130,203.57042,57.354324,202.84708,57.37941,-0.7233429,0.02508545,0.7237778
130,203.64452,56.730457,202.94449,56.72035,-0.70002747,-0.010108948,0.7001005
130,212.45132,57.337074,211.99359,57.394676,-0.45773315,0.05760193,0.4613433
130,1273.6626,228.45172,1273.6556,228.42177,-0.006958008,-0.029953003,0.030750548
131,42.11448,239.86351,42.599297,239.9679,0.4848175,0.104385376,0.49592775
131,211.15001,61.099052,211.63713,61.191257,0.48712158,0.09220505,0.49577132
131,252.52347,-4.3868294,252.22878,-4.3778696,-0.294693,0.00895977,0.29482916
131,15.160854,246.23993,14.741026,246.63928,-0.41982841,0.39935303,0.5794296
131,227.71553,39.42781,227.6635,39.781723,-0.05203247,0.35391235,0.35771683
131,1277.2294,230.53967,1276.8677,230.54985,-0.36169434,0.010177612,0.3618375
131,211.67754,57.390713,212.20389,57.190636,0.5263519,-0.20007706,0.56309605
131,20.598713,259.73602,20.5125,260.17627,-0.08621216,0.44024658,0.4486085
131,44.919685,235.26416,45.501305,235.17001,0.58161926,-0.09414673,0.58918977
131,1023.8248,56.64416,1023.41595,56.775833,-0.4088745,0.1316719,0.4295531
131,13.71224,248.71465,13.54376,248.83366,-0.16847992,0.119018555,0.2062787
131,242.0929,9.978641,241.78537,9.850877,-0.30752563,-0.12776375,0.3330099
131,221.33815,46.414898,221.51625,46.61005,0.17810059,0.19515228,0.26420492
131,80.8597,197.73997,81.192894,197.77121,0.33319092,0.031234741,0.33465177
131,1046.6727,65.46405,1046.7362,65.36532,0.06347656,-0.098731995,0.11737666
131,212.22331,45.810055,211.65231,46.297096,-0.57099915,0.48704147,0.7504994
131,26.692951,254.11816,26.955128,254.3518,0.2621765,0.23364258,0.35117713
131,211.16574,45.594055,210.61478,45.972225,-0.55096436,0.37817,0.6682621
131,12.652668,246.38266,12.537613,246.47044,-0.115055084,0.08778381,0.14471929
131,198.479,60.3713,197.46408,61.08061,-1.0149231,0.7093086,1.2382195
131,250.3755,11.620607,250.50691,11.5332,0.13140869,-0.08740711,0.15782347
131,72.58652,200.74925,72.10961,201.43916,-0.47690582,0.6899109,0.8386991
131,248.38068,5.8598895,248.0571,6.0523396,-0.32357788,0.19245005,0.3764833
131,213.22699,57.441273,213.8222,57.23095,0.59521484,-0.21032333,0.63128173
131,197.67252,72.69697,197.29637,73.41038,-0.3761444,0.7134094,0.80649716
131,212.98468,57.690083,213.55388,57.50561,0.5691986,-0.18447113,0.5983449
131,253.38255,-4.4472075,253.13959,-4.4612007,-0.2429657,-0.013993263,0.24336833
131,251.86923,-1.7535639,251.4507,-1.5442696,-0.41853333,0.20929432,0.46794686
131,206.37297,65.54156,206.73457,65.67623,0.36160278,0.13467407,0.38586745
131,202.56526,57.640747,202.30585,57.4704,-0.25941467,-0.1703453,0.31034416
131,198.84016,60.358288,197.9932,60.915688,-0.8469696,0.55739975,1.013929
131,1143.9325,134.64703,1144.0061,134.76544,0.0736084,0.1184082,0.13942273
131,1172.1747,156.6424,1172.023,156.65266,-0.1517334,0.010269165,0.1520805
131,213.37651,57.485043,213.97202,57.281578,0.59550476,-0.20346451,0.6293042
131,260.0861,-4.0733404,260.57355,-4.296712,0.48745728,-0.2233715,0.5361991
131,202.84708,57.37941,202.71529,57.112785,-0.13179016,-0.26662445,0.2974176
131,202.94449,56.72035,202.95369,56.312218,0.00920105,-0.40813065,0.40823433
131,211.99359,57.394676,212.54257,57.18447,0.5489807,-0.21020508,0.5878486
131,1273.6556,228.42177,1273.2368,228.26361,-0.41882324,-0.15815735,0.44769037
132,42.599297,239.9679,43.01291,240.07137,0.41361237,0.10346985,0.42635807
132,211.63713,61.191257,211.87784,61.650467,0.2407074,0.45920944,0.51847214
132,252.22878,-4.3778696,252.44034,-4.6728373,0.21156311,-0.29496765,0.36299428
132,14.741026,246.63928,14.308655,246.4045,-0.43237114,-0.23478699,0.49200583
132,227.6635,39.781723,227.82756,40.02967,0.1640625,0.2479477,0.29731223
132,1276.8677,230.54985,1276.0321,230.57414,-0.8355713,0.024291992,0.8359243
132,212.20389,57.190636,212.5317,57.193344,0.32780457,0.002708435,0.32781577
132,20.5125,260.17627,20.556622,260.58453,0.04412079,0.40826416,0.41064128
132,45.501305,235.17001,46.211304,234.86035,0.7099991,-0.30966187,0.77458966
132,1023.41595,56.775833,1022.96423,56.732487,-0.4517212,-0.043346405,0.45379615
132,13.54376,248.83366,13.226442,248.46725,-0.31731796,-0.3664093,0.48471278
132,241.78537,9.850877,242.35703,8.754398,0.5716553,-1.0964785,1.2365495
132,221.51625,46.61005,221.73918,46.754486,0.22293091,0.14443588,0.26563117
132,81.192894,197.77121,81.20859,198.4793,0.015693665,0.7080841,0.70825803
132,1046.7362,65.36532,1047.2428,65.198685,0.5065918,-0.1666336,0.53329355
132,211.65231,46.297096,211.32889,46.131107,-0.3234253,-0.16598892,0.363533
132,26.955128,254.3518,26.954716,254.67337,-0.0004119873,0.32156372,0.321564
132,210.61478,45.972225,210.24841,45.762238,-0.36636353,-0.20998764,0.42227602
132,12.537613,246.47044,12.136068,246.19696,-0.40154457,-0.27348328,0.48583037
132,197.46408,61.08061,196.83401,61.294533,-0.6300659,0.21392441,0.66539216
132,250.50691,11.5332,252.20918,9.976572,1.7022705,-1.5566282,2.3066895
132,72.10961,201.43916,72.1474,201.8343,0.03778839,0.3951416,0.3969444
132,248.0571,6.0523396,248.72826,5.2352066,0.67115784,-0.81713295,1.0574304
132,213.8222,57.23095,214.27415,57.263206,0.45195007,0.03225708,0.45309976
132,197.29637,73.41038,197.40982,73.66589,0.1134491,0.25551605,0.2795696
132,213.55388,57.50561,213.9069,57.643394,0.35302734,0.13778305,0.37896237
132,253.13959,-4.4612007,253.41492,-4.765629,0.2753296,-0.3044281,0.4104666
132,251.4507,-1.5442696,251.74309,-1.860425,0.29238892,-0.31615543,0.43063387
132,206.73457,65.67623,206.96625,66.13356,0.2316742,0.4573288,0.51266223
132,202.30585,57.4704,202.20157,57.222343,-0.104278564,-0.24805832,0.26908538
132,197.9932,60.915688,197.38902,61.142822,-0.60417175,0.2271347,0.6454562
132,1144.0061,134.76544,1143.37,134.69281,-0.6361084,-0.072631836,0.64024156
132,1172.023,156.65266,1173.0233,157.49123,1.0003662,0.838562,1.3053424
132,213.97202,57.281578,214.4455,57.318504,0.47348022,0.03692627,0.47491798
132,260.57355,-4.296712,261.35516,-4.4097204,0.7816162,-0.1130085,0.7897435
132,202.71529,57.112785,202.75284,56.663662,0.03755188,-0.44912338,0.45069054
132,202.95369,56.312218,203.05789,55.7127,0.10420227,-0.5995178,0.60850614
132,212.54257,57.18447,212.86617,57.21659,0.32359314,0.03211975,0.32518333
132,1273.2368,228.26361,1272.3195,228.10791,-0.9173584,-0.15570068,0.9304779
133,43.01291,240.07137,43.396175,240.18443,0.38326645,0.11306763,0.39959663
133,211.87784,61.650467,212.1672,61.782475,0.28936768,0.1320076,0.31805608
133,252.44034,-4.6728373,252.78127,-5.173457,0.34092712,-0.5006199,0.60568273
133,14.308655,246.4045,14.039967,246.17284,-0.2686882,-0.23165894,0.3547664
133,227.82756,40.02967,227.79597,40.72163,-0.031585693,0.6919594,0.6926799
133,1276.0321,230.57414,1275.4263,230.6034,-0.60583496,0.029251099,0.6065407
133,212.5317,57.193344,212.8735,57.03564,0.34181213,-0.1577034,0.37643844
133,20.556622,260.58453,20.715467,260.86737,0.1588459,0.2828369,0.3243898
133,46.211304,234.86035,46.768673,234.6248,0.55736923,-0.23554993,0.6050985
133,1022.96423,56.732487,1023.1585,57.110207,0.1942749,0.37771988,0.42475292
133,13.226442,248.46725,12.899327,248.27533,-0.32711506,-0.19192505,0.37926176
133,242.35703,8.754398,242.80069,7.741997,0.44366455,-1.0124016,1.1053485
133,221.73918,46.754486,221.84375,47.23423,0.10456848,0.47974396,0.49100795
133,81.20859,198.4793,81.05757,199.06001,-0.15101624,0.580719,0.6000337
133,1047.2428,65.198685,1047.9752,64.99034,0.7324219,-0.2083435,0.76147807
133,211.32889,46.131107,210.07672,46.967308,-1.2521667,0.8362007,1.5057069
133,26.954716,254.67337,27.225073,254.93655,0.27035713,0.2631836,0.37730438
133,210.24841,45.762238,208.74435,46.754528,-1.5040588,0.9922905,1.8018972
133,12.136068,246.19696,11.845343,245.98538,-0.2907257,-0.21157837,0.35956478
133,196.83401,61.294533,195.63329,61.58059,-1.2007294,0.28605652,1.2343335
133,252.20918,9.976572,253.02026,9.506727,0.81108093,-0.46984482,0.9373401
133,72.1474,201.8343,72.03962,202.47469,-0.10778046,0.64038086,0.6493876
133,248.72826,5.2352066,249.56644,4.177548,0.83818054,-1.0576587,1.3495141
133,214.27415,57.263206,214.98001,57.01974,0.7058563,-0.24346542,0.74666494
133,197.40982,73.66589,197.39139,74.12837,-0.018432617,0.46247864,0.4628458
133,213.9069,57.643394,214.53172,57.471596,0.6248169,-0.1717987,0.64800537
133,253.41492,-4.765629,253.74483,-5.149168,0.32991028,-0.3835392,0.5059082
133,251.74309,-1.860425,252.02078,-2.0901337,0.2776947,-0.22970867,0.36038926
133,206.96625,66.13356,207.15926,66.42381,0.19300842,0.2902527,0.3485669
133,202.20157,57.222343,201.60356,56.860058,-0.5980072,-0.3622856,0.6991877
133,197.38902,61.142822,196.19554,61.42984,-1.1934814,0.28701782,1.2275085
133,1143.37,134.69281,1142.7673,133.30885,-0.60266113,-1.3839569,1.5094825
133,1173.0233,157.49123,1173.3165,157.68333,0.2932129,0.19210815,0.3505415
133,214.4455,57.318504,215.18542,57.067688,0.7399292,-0.25081635,0.7812836
133,261.35516,-4.4097204,262.02322,-4.0509634,0.6680603,0.35875702,0.7582949
133,202.75284,56.663662,202.29712,56.13441,-0.455719,-0.5292511,0.6984172
133,203.05789,55.7127,202.71722,55.025066,-0.34066772,-0.6876335,0.76739454
133,212.86617,57.21659,213.23105,57.077618,0.36488342,-0.13897324,0.3904529
133,1272.3195,228.10791,1271.5599,227.90051,-0.7595215,-0.20739746,0.7873288
134,43.396175,240.18443,44.239998,240.17296,0.8438225,-0.011474609,0.8439005
134,212.1672,61.782475,213.23671,61.94508,1.0695038,0.16260529,1.0817943
134,252.78127,-5.173457,251.84401,-4.190729,-0.93725586,0.982728,1.3580143
134,14.039967,246.17284,13.67239,246.00348,-0.3675766,-0.1693573,0.40471527
134,227.79597,40.72163,227.63533,41.757732,-0.16064453,1.0361023,1.0484821
134,1275.4263,230.6034,1275.0663,230.61363,-0.35998535,0.010238647,0.36013094
134,212.8735,57.03564,214.36641,56.221855,1.4929047,-0.81378555,1.7002974
134,20.715467,260.86737,21.010944,261.34485,0.2954769,0.47747803,0.5615086
134,46.768673,234.6248,47.855595,234.25974,1.0869217,-0.36506653,1.1465917
134,1023.1585,57.110207,1022.8695,57.05811,-0.28900146,-0.05209732,0.29365963
134,12.899327,248.27533,12.597197,248.01651,-0.3021307,-0.25881958,0.3978323
134,242.80069,7.741997,242.39851,7.4033747,-0.4021759,-0.3386221,0.5257474
134,221.84375,47.23423,221.49246,48.31979,-0.35128784,1.0855598,1.1409836
134,81.05757,199.06001,81.03546,199.93483,-0.022109985,0.8748169,0.87509626
134,1047.9752,64.99034,1048.5503,64.79697,0.57507324,-0.19337463,0.6067149
134,210.07672,46.967308,200.96666,56.441032,-9.110062,9.473724,13.143237
134,27.225073,254.93655,27.535074,255.30725,0.31000137,0.37069702,0.4832361
134,208.74435,46.754528,202.93434,52.198803,-5.810013,5.444275,7.9621844
134,11.845343,245.98538,11.520921,245.78592,-0.32442188,-0.19946289,0.3808346
134,195.63329,61.58059,194.09589,62.455776,-1.5373993,0.8751869,1.7690531
134,253.02026,9.506727,252.4662,10.788793,-0.5540619,1.2820654,1.396666
134,72.03962,202.47469,72.29634,202.99878,0.2567215,0.5240936,0.58359236
134,249.56644,4.177548,248.93318,4.793637,-0.633255,0.61608887,0.8835029
134,214.98001,57.01974,216.7982,56.043518,1.8181915,-0.976223,2.0636938
134,197.39139,74.12837,197.35352,74.99891,-0.037872314,0.8705368,0.87136024
134,214.53172,57.471596,216.27222,56.60999,1.7404938,-0.8616066,1.9420825
134,253.74483,-5.149168,253.42792,-4.7437057,-0.3169098,0.40546227,0.5146178
134,252.02078,-2.0901337,247.15163,3.6294284,-4.869156,5.719562,7.5114627
134,207.15926,66.42381,207.89023,66.92823,0.7309723,0.5044174,0.8881202
134,201.60356,56.860058,200.66965,57.232143,-0.9339142,0.37208557,1.0053076
134,196.19554,61.42984,194.66602,62.338696,-1.5295258,0.90885544,1.779176
134,1142.7673,133.30885,1142.6251,133.52513,-0.14221191,0.21627808,0.2588444
134,1173.3165,157.68333,1174.267,158.10867,0.95043945,0.42533875,1.0412724
134,215.18542,57.067688,217.00906,56.105953,1.8236389,-0.9617348,2.0616965
134,262.02322,-4.0509634,263.12357,-4.335696,1.1003418,-0.28473282,1.1365848
134,202.29712,56.13441,201.73045,56.105675,-0.56666565,-0.028736115,0.5673938
134,202.71722,55.025066,202.49739,54.554466,-0.21983337,-0.47060013,0.51941425
134,213.23105,57.077618,214.79639,56.226753,1.5653381,-0.8508644,1.7816435
134,1271.5599,227.90051,1270.9094,227.56982,-0.6505127,-0.33068848,0.7297408
135,44.239998,240.17296,44.641182,240.45064,0.40118408,0.27767944,0.48790833
135,213.23671,61.94508,213.62373,62.57759,0.38702393,0.63251114,0.741524
135,251.84401,-4.190729,251.5323,-4.31083,-0.31170654,-0.120100975,0.3340437
135,13.67239,246.00348,13.120179,245.80519,-0.5522108,-0.19828796,0.5867324
135,227.63533,41.757732,228.19781,41.672955,0.56248474,-0.08477783,0.5688377
135,1275.0663,230.61363,1272.6503,230.54698,-2.4160156,-0.06665039,2.4169347
135,214.36641,56.221855,215.09816,56.102356,0.7317505,-0.11949921,0.7414438
135,21.010944,261.34485,21.272709,261.53363,0.26176453,0.18878174,0.32273707
135,47.855595,234.25974,48.499683,234.02933,0.64408875,-0.23040771,0.68406
135,1022.8695,57.05811,1022.2524,57.092014,-0.61712646,0.03390503,0.61805713
135,12.597197,248.01651,12.142925,247.75443,-0.45427132,-0.26208496,0.524453
135,242.39851,7.4033747,242.04929,6.75625,-0.3492279,-0.64712477,0.7353439
135,221.49246,48.31979,221.49261,48.90926,0.00015258789,0.5894699,0.58946997
135,81.03546,199.93483,81.07232,200.8354,0.036857605,0.90057373,0.90132767
135,1048.5503,64.79697,1048.7166,64.68742,0.16625977,-0.10954285,0.19910285
135,200.96666,56.441032,200.2552,56.142315,-0.7114563,-0.2987175,0.77162313
135,27.535074,255.30725,27.384617,256.01306,-0.15045738,0.70581055,0.72166884
135,202.93434,52.198803,202.00217,52.207993,-0.9321747,0.009189606,0.93222
135,11.520921,245.78592,10.8095455,245.68703,-0.71137524,-0.09889221,0.7182161
135,194.09589,62.455776,192.10966,63.422745,-1.9862213,0.96696854,2.2090955
135,252.4662,10.788793,254.24823,9.196207,1.7820282,-1.5925856,2.3899693
135,72.29634,202.99878,72.606766,203.62204,0.3104248,0.6232605,0.69628817
135,248.93318,4.793637,248.76198,4.5888977,-0.17120361,-0.2047391,0.2668872
135,216.7982,56.043518,217.80107,55.82567,1.0028687,-0.21784973,1.0262573
135,197.35352,74.99891,197.92093,75.06082,0.56741333,0.061912537,0.5707811
135,216.27222,56.60999,217.29791,56.407703,1.0256958,-0.20228577,1.0454527
135,253.42792,-4.7437057,253.7172,-5.3168535,0.28927612,-0.5731478,0.6420117
135,247.15163,3.6294284,246.83072,3.1360369,-0.3209076,-0.4933915,0.5885719
135,207.89023,66.92823,207.85281,67.87662,-0.03741455,0.94838715,0.9491249
135,200.66965,57.232143,199.91347,57.00297,-0.7561798,-0.22917175,0.790144
135,194.66602,62.338696,192.68483,63.30534,-1.9811859,0.9666443,2.2044272
135,1142.6251,133.52513,1143.7905,133.76128,1.1654053,0.23614502,1.1890895
135,1174.267,158.10867,1174.4197,158.55983,0.15270996,0.45115662,0.47630098
135,217.00906,56.105953,217.99503,55.910572,0.9859619,-0.19538116,1.0051341
135,263.12357,-4.335696,264.50696,-4.717249,1.3833923,-0.3815527,1.435046
135,201.73045,56.105675,201.11885,55.756485,-0.6116028,-0.34918976,0.7042666
135,202.49739,54.554466,201.93982,54.151863,-0.5575714,-0.40260315,0.6877319
135,214.79639,56.226753,215.63269,56.05903,0.8363037,-0.16772461,0.8529569
135,1270.9094,227.56982,1268.9445,227.1425,-1.9649658,-0.4273224,2.010894
136,44.641182,240.45064,45.463596,240.48964,0.8224144,0.039001465,0.8233387
136,213.62373,62.57759,214.4895,62.906475,0.86576843,0.32888412,0.9261316
136,251.5323,-4.31083,251.12865,-4.8296003,-0.403656,-0.5187702,0.6573133
136,13.120179,245.80519,12.5878935,245.72408,-0.5322857,-0.08111572,0.53843087
136,228.19781,41.672955,230.10625,40.09571,1.908432,-1.5772438,2.4758456
136,1272.6503,230.54698,1270.5552,230.54349,-2.0950928,-0.0034942627,2.0950959
136,215.09816,56.102356,216.27911,55.455803,1.180954,-0.64655304,1.3463593
136,21.272709,261.53363,21.364204,262.22937,0.091495514,0.69573975,0.7017302
136,48.499683,234.02933,49.5243,233.6981,1.0246162,-0.33122253,1.0768225
136,1022.2524,57.092014,1021.0558,57.165657,-1.1965942,0.07364273,1.1988583
136,12.142925,247.75443,11.793295,247.46599,-0.34963036,-0.2884369,0.45325184
136,242.04929,6.75625,242.22624,5.415939,0.17695618,-1.340311,1.3519421
136,221.49261,48.90926,221.84921,49.110462,0.3565979,0.2012024,0.4094441
136,81.07232,200.8354,81.07093,201.43697,-0.0013885498,0.6015625,0.6015641
136,1048.7166,64.68742,1050.8508,64.44762,2.1342773,-0.23980713,2.1477075
136,200.2552,56.142315,199.36299,56.189983,-0.8922119,0.047668457,0.8934844
136,27.384617,256.01306,27.85482,256.24313,0.4702034,0.23007202,0.5234734
136,202.00217,52.207993,201.04982,52.18495,-0.9523468,-0.023040771,0.9526255
136,10.8095455,245.68703,10.440199,245.45352,-0.36934662,-0.23350525,0.43696868
136,192.10966,63.422745,191.36089,63.403072,-0.7487793,-0.019672394,0.7490377
136,254.24823,9.196207,254.71109,8.923951,0.4628601,-0.2722559,0.53699416
136,72.606766,203.62204,72.87135,203.88547,0.2645874,0.26342773,0.37336397
136,248.76198,4.5888977,249.2092,3.3056355,0.44721985,-1.2832623,1.3589582
136,217.80107,55.82567,219.178,55.14662,1.3769226,-0.67904663,1.535259
136,197.92093,75.06082,198.79509,75.1321,0.87416077,0.07128143,0.8770622
136,217.29791,56.407703,218.65163,55.749714,1.353714,-0.6579895,1.5051551
136,253.7172,-5.3168535,253.46649,-5.6744165,-0.2507019,-0.35756302,0.43669525
136,246.83072,3.1360369,246.93594,1.9967718,0.10522461,-1.1392651,1.1441141
136,207.85281,67.87662,208.43742,68.61359,0.58461,0.736969,0.94068706
136,199.91347,57.00297,199.1146,57.000668,-0.7988739,-0.0023040771,0.79887724
136,192.68483,63.30534,191.85342,63.381607,-0.83140564,0.07626724,0.83489645
136,1143.7905,133.76128,1142.7687,133.3595,-1.0218506,-0.40177917,1.0980005
136,1174.4197,158.55983,1174.8044,158.86438,0.38476562,0.30455017,0.4907091
136,217.99503,55.910572,219.40718,55.213043,1.4121552,-0.69752884,1.575033
136,264.50696,-4.717249,265.0406,-4.39779,0.5336304,0.31945896,0.62194484
136,201.11885,55.756485,200.31483,55.723335,-0.8040161,-0.03314972,0.80469924
136,201.93982,54.151863,201.139,54.06509,-0.80081177,-0.08677292,0.80549926
136,215.63269,56.05903,216.85197,55.405205,1.219284,-0.65382385,1.3835242
136,1268.9445,227.1425,1267.1804,226.7426,-1.7640381,-0.39990234,1.8087986
137,45.463596,240.48964,45.958084,240.65498,0.49448776,0.16534424,0.52139896
137,214.4895,62.906475,215.48482,63.13477,0.99531555,0.22829437,1.0211618
137,251.12865,-4.8296003,251.16525,-5.536414,0.036605835,-0.7068138,0.7077611
137,12.5878935,245.72408,12.184604,245.51472,-0.4032898,-0.20935059,0.45439005
137,230.10625,40.09571,231.48906,39.936783,1.3828125,-0.15892792,1.3919154
137,1270.5552,230.54349,1269.1797,230.53789,-1.3754883,-0.0055999756,1.3754997
137,216.27911,55.455803,217.74707,54.92028,1.4679565,-0.53552246,1.5625879
137,21.364204,262.22937,21.39093,262.93454,0.026725769,0.7051697,0.70567596
137,49.5243,233.6981,50.310966,233.46909,0.78666687,-0.22901917,0.8193256
137,1021.0558,57.165657,1021.0204,57.39564,-0.03540039,0.22998428,0.23269284
137,11.793295,247.46599,11.492884,247.1628,-0.30041122,-0.30319214,0.42681655
137,242.22624,5.415939,241.78471,4.598726,-0.44152832,-0.81721306,0.9288619
137,221.84921,49.110462,222.8734,49.168114,1.0241852,0.05765152,1.0258065
137,81.07093,201.43697,81.22938,202.24165,0.15844727,0.8046875,0.8201387
137,1050.8508,64.44762,1052.6014,64.1853,1.7506104,-0.26231384,1.770154
137,199.36299,56.189983,198.6318,55.84212,-0.7311859,-0.34786224,0.80971664
137,27.85482,256.24313,28.029911,256.80267,0.17509079,0.5595398,0.5862948
137,201.04982,52.18495,199.9866,52.207985,-1.0632172,0.023033142,1.0634665
137,10.440199,245.45352,10.21475,245.04529,-0.22544861,-0.40823364,0.46634942
137,191.36089,63.403072,175.62604,78.82285,-15.734848,15.419781,22.030777
137,254.71109,8.923951,253.1538,11.70406,-1.5572968,2.7801085,3.1865618
137,72.87135,203.88547,73.23953,204.51556,0.36817932,0.63009644,0.72977906
137,249.2092,3.3056355,249.38536,2.8702874,0.17616272,-0.43534803,0.46963945
137,219.178,55.14662,220.94144,54.514603,1.763443,-0.63201904,1.8732804
137,198.79509,75.1321,199.56126,75.4845,0.7661743,0.3523941,0.84332955
137,218.65163,55.749714,220.32559,55.2028,1.6739655,-0.54691315,1.7610435
137,253.46649,-5.6744165,253.77725,-6.3528624,0.3107605,-0.6784458,0.7462311
137,246.93594,1.9967718,246.48593,1.7360725,-0.4500122,-0.26069927,0.5200722
137,208.43742,68.61359,209.14992,69.17,0.7124939,0.55641174,0.90401417
137,199.1146,57.000668,198.4167,56.63554,-0.69789124,-0.36512756,0.7876359
137,191.85342,63.381607,179.0634,75.83126,-12.790024,12.449654,17.84877
137,1142.7687,133.3595,1142.8645,132.5632,0.095825195,-0.79629517,0.8020402
137,1174.8044,158.86438,1176.2365,160.14394,1.4320068,1.2795563,1.9203926
137,219.40718,55.213043,221.20607,54.5629,1.7988892,-0.65014267,1.9127696
137,265.0406,-4.39779,266.3255,-4.581049,1.2849121,-0.18325901,1.2979149
137,200.31483,55.723335,199.53546,55.459545,-0.77937317,-0.26379013,0.8228048
137,201.139,54.06509,200.23854,53.948376,-0.9004669,-0.11671448,0.9079994
137,216.85197,55.405205,218.3457,54.88582,1.4937286,-0.5193863,1.581451
137,1267.1804,226.7426,1266.05,226.4184,-1.1303711,-0.3242035,1.175945
138,45.958084,240.65498,46.734802,240.68329,0.77671814,0.028305054,0.7772337
138,215.48482,63.13477,216.29918,63.26713,0.8143616,0.13236237,0.8250482
138,251.16525,-5.536414,251.53531,-6.3205204,0.37005615,-0.78410625,0.8670434
138,12.184604,245.51472,11.337263,245.65355,-0.8473406,0.13882446,0.85863745
138,231.48906,39.936783,232.52904,39.34263,1.039978,-0.59415436,1.1977369
138,1269.1797,230.53789,1267.6968,230.63257,-1.4829102,0.094680786,1.4859297
138,217.74707,54.92028,218.91249,54.20695,1.1654205,-0.7133293,1.3663981
138,21.39093,262.93454,21.131083,263.66013,-0.25984764,0.72558594,0.7707112
138,50.310966,233.46909,51.17297,233.2153,0.8620033,-0.25378418,0.8985856
138,1021.0204,57.39564,1019.66583,57.25728,-1.3545532,-0.13836288,1.3616015
138,11.492884,247.1628,10.359839,247.57083,-1.1330442,0.40803528,1.2042766
138,241.78471,4.598726,241.74365,4.0478706,-0.0410614,-0.55085516,0.5523834
138,222.8734,49.168114,223.96986,48.561176,1.0964661,-0.6069374,1.2532401
138,81.22938,202.24165,80.73071,203.4218,-0.49866486,1.1801453,1.281175
138,1052.6014,64.1853,1054.3212,64.06618,1.7197266,-0.119125366,1.7238475
138,198.6318,55.84212,197.59114,56.063572,-1.0406647,0.2214508,1.0639659
138,28.029911,256.80267,28.346188,256.97815,0.31627655,0.17547607,0.36169422
138,199.9866,52.207985,198.7553,52.556824,-1.231308,0.3488388,1.2797687
138,10.21475,245.04529,9.552415,244.98537,-0.6623354,-0.059921265,0.66504043
138,175.62604,78.82285,175.23174,78.49978,-0.39430237,-0.32307434,0.5097562
138,253.1538,11.70406,254.11797,11.228217,0.96417236,-0.47584248,1.0751997
138,73.23953,204.51556,73.12439,205.29356,-0.11514282,0.7779999,0.78647417
138,249.38536,2.8702874,249.5856,2.6273847,0.20024109,-0.24290276,0.31479874
138,220.94144,54.514603,222.2319,53.73625,1.2904663,-0.77835083,1.507028
138,199.56126,75.4845,200.03986,75.72616,0.47859192,0.24166107,0.5361439
138,220.32559,55.2028,221.64267,54.41108,1.3170776,-0.79172134,1.5367225
138,253.77725,-6.3528624,254.27412,-7.2184944,0.49687195,-0.86563206,0.9980985
138,246.48593,1.7360725,246.4055,1.4894714,-0.08042908,-0.2466011,0.2593857
138,209.14992,69.17,209.8868,69.54214,0.73687744,0.37213898,0.82551545
138,198.4167,56.63554,197.5477,56.693356,-0.8690033,0.05781555,0.8709244
138,179.0634,75.83126,178.88608,75.4105,-0.17732239,-0.4207611,0.45659953
138,1142.8645,132.5632,1142.4336,132.67685,-0.4309082,0.11364746,0.44564295
138,1176.2365,160.14394,1176.9269,160.70187,0.6904297,0.5579376,0.8876866
138,221.20607,54.5629,222.51389,53.776863,1.3078156,-0.78603745,1.5258559
138,266.3255,-4.581049,267.57953,-5.2747183,1.2540283,-0.6936693,1.4330959
138,199.53546,55.459545,198.64723,55.525322,-0.88822937,0.065776825,0.89066154
138,200.23854,53.948376,199.24078,54.100224,-0.99775696,0.15184784,1.0092456
138,218.3457,54.88582,219.5444,54.164616,1.1987,-0.72120285,1.3989335
138,1266.05,226.4184,1264.7445,226.17796,-1.305542,-0.24043274,1.3274968
139,46.734802,240.68329,47.152843,240.74342,0.41804123,0.060134888,0.42234424
139,216.29918,63.26713,217.13358,63.70542,0.83439636,0.43828964,0.9425047
139,251.53531,-6.3205204,251.3767,-7.0605564,-0.15861511,-0.740036,0.7568435
139,11.337263,245.65355,10.979832,245.66676,-0.3574314,0.013214111,0.3576756
139,232.52904,39.34263,234.37215,38.21797,1.8431091,-1.1246567,2.1591442
139,1267.6968,230.63257,1266.2916,230.66548,-1.4051514,0.032913208,1.4055368
139,218.91249,54.20695,220.21544,53.827847,1.302948,-0.3791046,1.3569796
139,21.131083,263.66013,21.369102,263.9571,0.23801994,0.29696655,0.38058195
139,51.17297,233.2153,51.791508,232.88217,0.6185379,-0.33312988,0.7025416
139,1019.66583,57.25728,1019.21216,57.41675,-0.45367432,0.15947342,0.48088685
139,10.359839,247.57083,10.110859,247.47342,-0.24898052,-0.09741211,0.26735824
139,241.74365,4.0478706,241.0149,3.8751736,-0.72875977,-0.17269707,0.7489426
139,223.96986,48.561176,224.58926,48.99167,0.6194,0.4304924,0.7543077
139,80.73071,203.4218,80.86511,203.76506,0.13439941,0.34326172,0.36863506
139,1054.3212,64.06618,1056.5878,63.409176,2.2666016,-0.6570015,2.3599012
139,197.59114,56.063572,197.0696,56.14882,-0.5215454,0.08524704,0.52846634
139,28.346188,256.97815,28.723557,257.0802,0.37736893,0.10205078,0.39092413
139,198.7553,52.556824,198.12614,52.80226,-0.6291504,0.24543762,0.67532945
139,9.552415,244.98537,9.349473,244.84546,-0.2029419,-0.13990784,0.24649465
139,175.23174,78.49978,175.36253,77.59224,0.13079834,-0.90753937,0.91691655
139,254.11797,11.228217,255.86247,9.771751,1.7445068,-1.4564657,2.272575
139,73.12439,205.29356,73.47448,205.54306,0.35009003,0.24949646,0.42989707
139,249.5856,2.6273847,246.28563,6.3802567,-3.2999725,3.752872,4.997386
139,222.2319,53.73625,223.66953,53.3255,1.4376221,-0.41075134,1.4951501
139,200.03986,75.72616,199.825,76.79968,-0.21485901,1.0735245,1.0948147
139,221.64267,54.41108,223.06058,54.011806,1.4179077,-0.39927292,1.4730517
139,254.27412,-7.2184944,254.62955,-8.138969,0.35542297,-0.920475,0.98671156
139,246.4055,1.4894714,245.91954,1.2903366,-0.4859619,-0.19913483,0.5251796
139,209.8868,69.54214,210.27158,70.301056,0.38478088,0.75891876,0.85089016
139,197.5477,56.693356,197.18434,56.605377,-0.36335754,-0.08797836,0.37385678
139,178.88608,75.4105,178.72943,74.762146,-0.15664673,-0.6483536,0.66700864
139,1142.4336,132.67685,1143.899,133.00717,1.4654541,0.33032227,1.5022212
139,1176.9269,160.70187,1176.5472,160.50003,-0.37963867,-0.20184326,0.42996073
139,222.51389,53.776863,223.97632,53.353825,1.4624329,-0.42303848,1.52239
139,267.57953,-5.2747183,268.80112,-6.2135677,1.2215881,-0.93884945,1.5406868
139,198.64723,55.525322,198.14157,55.61557,-0.505661,0.09024811,0.5136514
139,199.24078,54.100224,198.60844,54.344604,-0.6323395,0.24438095,0.6779198
139,219.5444,54.164616,220.87755,53.773907,1.3331451,-0.39070892,1.3892189
139,1264.7445,226.17796,1263.7659,225.85727,-0.9786377,-0.32069397,1.0298429
140,47.152843,240.74342,47.492233,240.81891,0.3393898,0.07548523,0.34768298
140,217.13358,63.70542,217.21217,63.96461,0.07859802,0.2591896,0.2708448
140,251.3767,-7.0605564,251.16586,-7.210058,-0.21083069,-0.1495018,0.2584577
140,10.979832,245.66676,10.300417,245.73775,-0.67941475,0.07098389,0.6831128
140,234.37215,38.21797,234.67134,38.472076,0.29919434,0.2541046,0.39253843
140,1266.2916,230.66548,1265.7599,230.69534,-0.5317383,0.02986145,0.5325761
140,220.21544,53.827847,220.72035,53.549355,0.50491333,-0.27849197,0.576624
140,21.369102,263.9571,21.671738,264.14154,0.3026352,0.18444824,0.3544139
140,51.791508,232.88217,52.359894,232.62234,0.5683861,-0.25982666,0.6249581
140,1019.21216,57.41675,1018.0862,57.51472,-1.1259766,0.097969055,1.1302305
140,10.110859,247.47342,9.600097,247.32944,-0.5107622,-0.14398193,0.53066826
140,241.0149,3.8751736,240.51164,3.492278,-0.5032501,-0.38289547,0.6323525
140,224.58926,48.99167,224.96596,49.01293,0.37669373,0.021263123,0.37729338
140,80.86511,203.76506,80.99818,204.26674,0.13306427,0.50167847,0.51902544
140,1056.5878,63.409176,1058.2124,63.206623,1.6246338,-0.2025528,1.6372118
140,197.0696,56.14882,196.31804,56.03972,-0.7515564,-0.10910034,0.7594339
140,28.723557,257.0802,29.021912,257.22607,0.2983551,0.14587402,0.33210692
140,198.12614,52.80226,197.16573,52.896748,-0.9604187,0.09448624,0.9650553
140,9.349473,244.84546,8.8210125,244.75331,-0.5284605,-0.09214783,0.53643423
140,175.36253,77.59224,175.004,77.496254,-0.35853577,-0.09598541,0.37116182
140,255.86247,9.771751,256.08337,10.059337,0.22090149,0.28758526,0.36263308
140,73.47448,205.54306,73.677826,205.78513,0.20334625,0.24206543,0.31614137
140,246.28563,6.3802567,246.24426,6.006512,-0.041366577,-0.3737445,0.37602678
140,223.66953,53.3255,224.2786,53.04616,0.6090698,-0.27933884,0.67007184
140,199.825,76.79968,200.11601,77.01925,0.29101562,0.21956635,0.3645538
140,223.06058,54.011806,223.69473,53.67981,0.6341553,-0.33199692,0.7158037
140,254.62955,-8.138969,254.64394,-8.441652,0.014389038,-0.30268288,0.30302468
140,245.91954,1.2903366,245.45569,1.1649275,-0.46385193,-0.12540913,0.48050603
140,210.27158,70.301056,210.49539,70.5582,0.22381592,0.2571411,0.3409034
140,197.18434,56.605377,196.467,56.45935,-0.7173462,-0.14602661,0.7320583
140,178.72943,74.762146,178.47522,74.56088,-0.25421143,-0.20126343,0.3242382
140,1143.899,133.00717,1144.7848,133.28731,0.8857422,0.2801361,0.92898625
140,1176.5472,160.50003,1176.6699,160.9821,0.122680664,0.48207092,0.49743634
140,223.97632,53.353825,224.5941,53.073112,0.6177826,-0.28071213,0.67856807
140,268.80112,-6.2135677,269.29807,-6.2291317,0.49694824,-0.015563965,0.4971919
140,198.14157,55.61557,197.32556,55.589413,-0.8160095,-0.02615738,0.81642866
140,198.60844,54.344604,197.70753,54.402615,-0.9009094,0.0580101,0.90277517
140,220.87755,53.773907,221.41194,53.489014,0.5343933,-0.28489304,0.6055908
140,1263.7659,225.85727,1262.9941,225.67725,-0.7717285,-0.1800232,0.7924476
141,47.492233,240.81891,47.703487,240.84094,0.21125412,0.022033691,0.21240006
141,217.21217,63.96461,218.00233,64.04498,0.79016113,0.08037186,0.79423815
141,251.16586,-7.210058,250.62613,-7.436514,-0.5397339,-0.22645569,0.585316
141,10.300417,245.73775,9.887062,245.66634,-0.41335487,-0.07141113,0.41947803
141,234.67134,38.472076,234.85828,38.75361,0.18693542,0.2815323,0.33794272
141,1265.7599,230.69534,1265.6863,230.6999,-0.0736084,0.004562378,0.073749654
141,220.72035,53.549355,221.53963,53.327488,0.8192749,-0.22186661,0.8487851
141,21.671738,264.14154,21.562805,264.45157,-0.108932495,0.31002808,0.32860872
141,52.359894,232.62234,52.875698,232.29353,0.5158043,-0.32881165,0.61169535
141,1018.0862,57.51472,1018.3756,57.602528,0.2894287,0.0878067,0.30245495
141,9.600097,247.32944,9.264589,247.17029,-0.3355074,-0.15914917,0.37134036
141,240.51164,3.492278,239.74506,3.6616,-0.7665863,0.16932201,0.7850634
141,224.96596,49.01293,225.09782,49.553566,0.13186646,0.54063416,0.5564836
141,80.99818,204.26674,80.73611,204.67798,-0.2620697,0.41123962,0.48764595
141,1058.2124,63.206623,1059.5419,63.109608,1.3294678,-0.09701538,1.3330028
141,196.31804,56.03972,196.18956,55.52014,-0.128479,-0.519577,0.5352262
141,29.021912,257.22607,29.082993,257.39456,0.061080933,0.16848755,0.17921756
141,197.16573,52.896748,197.00017,52.409473,-0.16555786,-0.48727417,0.51463145
141,8.8210125,244.75331,8.566475,244.537,-0.25453758,-0.2163086,0.33403412
141,175.004,77.496254,174.8572,77.07029,-0.14680481,-0.42596436,0.4505522
141,256.08337,10.059337,256.30432,9.888413,0.22094727,-0.17092323,0.2793429
141,73.677826,205.78513,73.379814,206.24927,-0.29801178,0.46414185,0.55157834
141,246.24426,6.006512,245.9507,5.7689238,-0.29356384,-0.2375884,0.3776612
141,224.2786,53.04616,225.25711,52.729794,0.9785156,-0.3163681,1.0283879
141,200.11601,77.01925,200.58188,77.202774,0.4658661,0.18352509,0.50071216
141,223.69473,53.67981,224.67432,53.380447,0.97958374,-0.29936218,1.0243056
141,254.64394,-8.441652,254.52318,-9.13844,-0.12075806,-0.69678783,0.7071745
141,245.45569,1.1649275,244.86789,1.1851234,-0.5877991,0.020195961,0.5881459
141,210.49539,70.5582,211.17435,70.78697,0.6789551,0.22877502,0.71646214
141,196.467,56.45935,196.36038,55.927208,-0.10661316,-0.53214264,0.5427174
141,178.47522,74.56088,178.28983,74.21673,-0.18539429,-0.34415436,0.39091337
141,1144.7848,133.28731,1144.2552,132.9431,-0.529541,-0.34420776,0.6315795
141,1176.6699,160.9821,1176.4768,160.63974,-0.19311523,-0.34236145,0.39307106
141,224.5941,53.073112,225.58711,52.74224,0.9930115,-0.33087158,1.0466841
141,269.29807,-6.2291317,270.42273,-7.522318,1.1246643,-1.2931862,1.7138262
141,197.32556,55.589413,197.2073,55.06206,-0.118255615,-0.5273514,0.54044783
141,197.70753,54.402615,197.58902,53.858265,-0.118515015,-0.5443497,0.5571018
141,221.41194,53.489014,222.2478,53.26461,0.8358612,-0.22440338,0.86545986
141,1262.9941,225.67725,1262.6328,225.48087,-0.36132812,-0.19638062,0.4112461
142,47.703487,240.84094,47.870667,240.88663,0.16717911,0.045684814,0.17330885
142,218.00233,64.04498,218.21419,63.91684,0.21185303,-0.12814331,0.24759324
142,250.62613,-7.436514,250.62404,-7.4353642,-0.002090454,0.0011496544,0.002385729
142,9.887062,245.66634,10.3413105,245.14088,0.45424843,-0.52545166,0.6945798
142,234.85828,38.75361,234.77806,38.856476,-0.080215454,0.10286713,0.13044602
142,1265.6863,230.6999,1265.8524,230.60056,0.1661377,-0.099349976,0.19357724
142,221.53963,53.327488,221.72784,53.175766,0.18821716,-0.15172195,0.24175453
142,21.562805,264.45157,21.678734,264.31427,0.11592865,-0.13729858,0.17969517
142,52.875698,232.29353,53.133686,232.10478,0.25798798,-0.18875122,0.3196636
142,1018.3756,57.602528,1017.60736,57.308376,-0.7682495,-0.2941513,0.8226374
142,9.264589,247.17029,9.729302,246.6451,0.4647131,-0.52519226,0.701274
142,239.74506,3.6616,239.86375,3.2853436,0.11869812,-0.37625647,0.3945354
142,225.09782,49.553566,225.06656,49.588852,-0.03126526,0.03528595,0.047144614
142,80.73611,204.67798,80.50836,204.9568,-0.22774506,0.27882385,0.36001465
142,1059.5419,63.109608,1061.2712,62.903877,1.7293701,-0.20573044,1.7415643
142,196.18956,55.52014,195.95114,55.656036,-0.23841858,0.13589478,0.27442816
142,29.082993,257.39456,29.032284,257.46695,-0.05070877,0.072387695,0.08838189
142,197.00017,52.409473,196.63931,52.636333,-0.3608551,0.22686005,0.42624158
142,8.566475,244.537,8.935907,244.10573,0.36943245,-0.4312744,0.5678714
142,174.8572,77.07029,174.77454,76.785706,-0.08265686,-0.28458405,0.2963448
142,256.30432,9.888413,256.3244,9.818672,0.020080566,-0.06974125,0.07257459
142,73.379814,206.24927,73.08443,206.56819,-0.29538727,0.31892395,0.43470234
142,245.9507,5.7689238,246.06573,5.564597,0.11503601,-0.20432663,0.23448381
142,225.25711,52.729794,225.36487,52.61538,0.10775757,-0.114414215,0.15716967
142,200.58188,77.202774,200.46634,77.15291,-0.11553955,-0.049865723,0.12584108
142,224.67432,53.380447,224.7817,53.272743,0.1073761,-0.10770416,0.15208489
142,244.86789,1.1851234,244.99692,0.98378086,0.12902832,-0.20134258,0.23913833
142,211.17435,70.78697,211.33217,70.58778,0.15782166,-0.19918823,0.2541331
142,196.36038,55.927208,196.10475,56.081966,-0.2556305,0.15475845,0.29882625
142,178.28983,74.21673,178.18425,74.0009,-0.10557556,-0.21582794,0.24026631
142,1144.2552,132.9431,1145.3944,133.41818,1.1391602,0.4750824,1.2342565
142,1176.4768,160.63974,1177.1202,160.77449,0.6434326,0.13475037,0.6573912
142,225.58711,52.74224,225.69556,52.625164,0.108444214,-0.117076874,0.15958428
142,197.2073,55.06206,196.98389,55.18553,-0.22341919,0.12347031,0.25526664
142,197.58902,53.858265,197.33289,54.01296,-0.25613403,0.1546936,0.29922357
142,222.2478,53.26461,222.43195,53.112793,0.18414307,-0.15181732,0.23865701
142,1262.6328,225.48087,1262.702,225.23155,0.06921387,-0.24931335,0.25874257
143,47.870667,240.88663,47.737915,241.02371,-0.13275146,0.13708496,0.19082777
143,218.21419,63.91684,218.42941,63.962887,0.21522522,0.04604721,0.22009598
143,250.62404,-7.4353642,250.23363,-7.130686,-0.39041138,0.30467844,0.49522722
143,10.3413105,245.14088,9.892506,245.15598,-0.44880486,0.015090942,0.44905847
143,234.77806,38.856476,235.4419,38.156654,0.6638336,-0.6998215,0.9645855
143,1265.8524,230.60056,1265.4967,230.66705,-0.3557129,0.0664978,0.36187515
143,221.72784,53.175766,222.47023,52.426865,0.74238586,-0.74890137,1.0545094
143,21.678734,264.31427,22.559608,263.59235,0.88087463,-0.7219238,1.1389092
143,53.133686,232.10478,53.13967,231.9647,0.00598526,-0.14007568,0.1402035
143,1017.60736,57.308376,1017.9862,57.655,0.3788452,0.34662247,0.5134889
143,9.729302,246.6451,9.25298,246.68338,-0.47632217,0.0382843,0.47785825
143,239.86375,3.2853436,239.12193,3.8282433,-0.7418213,0.5428996,0.9192599
143,225.06656,49.588852,227.05626,47.481346,1.9897003,-2.1075058,2.8983595
143,80.50836,204.9568,81.01123,204.59152,0.50286865,-0.36528015,0.6215356
143,1061.2712,62.903877,1062.8136,62.851913,1.5423584,-0.051963806,1.5432336
143,195.95114,55.656036,198.29979,52.857548,2.348648,-2.7984886,3.6534486
143,29.032284,257.46695,29.126,257.47345,0.09371567,0.006500244,0.09394083
143,196.63931,52.636333,196.80217,52.24805,0.16285706,-0.38828278,0.42105338
143,8.935907,244.10573,8.687537,243.89755,-0.24837017,-0.20817566,0.32407537
143,174.77454,76.785706,174.73622,76.52395,-0.03831482,-0.2617569,0.26454622
143,256.3244,9.818672,254.05452,12.805374,-2.2698822,2.986702,3.7513669
143,73.08443,206.56819,73.116135,206.64073,0.031707764,0.07254028,0.07916739
143,246.06573,5.564597,245.31166,6.2340765,-0.7540741,0.66947937,1.00838
143,225.36487,52.61538,226.07816,51.858692,0.71328735,-0.75668716,1.039882
143,200.46634,77.15291,199.99962,77.5713,-0.46672058,0.41838837,0.6267989
143,224.7817,53.272743,225.50464,52.528927,0.72294617,-0.7438164,1.0372627
143,244.99692,0.98378086,244.32143,1.3903179,-0.67549133,0.40653706,0.78839135
143,211.33217,70.58778,211.34941,70.76227,0.017242432,0.17448425,0.17533413
143,196.10475,56.081966,198.77402,52.94764,2.6692657,-3.134327,4.1169143
143,178.18425,74.0009,177.98557,73.70512,-0.19868469,-0.295784,0.3563198
143,1145.3944,133.41818,1145.3574,132.96243,-0.036987305,-0.4557495,0.45724794
143,1177.1202,160.77449,1176.9996,160.92125,-0.12060547,0.14675903,0.1899576
143,225.69556,52.625164,226.48213,51.830627,0.7865753,-0.7945366,1.1180291
143,196.98389,55.18553,197.04745,54.903885,0.063568115,-0.28164673,0.28873134
143,197.33289,54.01296,197.54698,53.589195,0.21409607,-0.42376328,0.47477618
143,222.43195,53.112793,223.16566,52.3715,0.7337189,-0.74129486,1.043006
143,1262.702,225.23155,1262.0422,225.11069,-0.65979004,-0.12086487,0.6707691
144,47.737915,241.02371,47.580547,241.04677,-0.1573677,0.02305603,0.15904772
144,218.42941,63.962887,218.14114,64.05954,-0.28826904,0.096652985,0.30404085
144,250.23363,-7.130686,249.59364,-6.5998287,-0.63998413,0.5308571,0.831498
144,9.892506,245.15598,10.589606,244.41713,0.69710064,-0.7388458,1.0157964
144,235.4419,38.156654,235.15506,38.107506,-0.28683472,-0.04914856,0.291015
144,1265.4967,230.66705,1265.505,230.67606,0.008300781,0.009002686,0.012245461
144,222.47023,52.426865,222.23618,52.50733,-0.23405457,0.080467224,0.24750054
144,22.559608,263.59235,22.651451,263.48886,0.09184265,-0.10348511,0.13836272
144,53.13967,231.9647,53.02443,231.84492,-0.115242004,-0.119781494,0.1662177
144,1017.9862,57.655,1018.46875,58.0799,0.48254395,0.42490005,0.64295316
144,9.25298,246.68338,9.853195,246.05904,0.60021496,-0.6243439,0.8660619
144,239.12193,3.8282433,238.73405,4.2823634,-0.38787842,0.45412016,0.59722257
144,227.05626,47.481346,226.82933,47.553574,-0.22692871,0.07222748,0.23814586
144,81.01123,204.59152,80.4147,205.16231,-0.5965271,0.5707855,0.82561535
144,1062.8136,62.851913,1062.8132,62.85339,-0.00036621094,0.0014762878,0.0015210313
144,198.29979,52.857548,197.8669,53.151752,-0.43289185,0.2942047,0.523404
144,29.126,257.47345,29.142746,257.45007,0.016746521,-0.023376465,0.028755957
144,196.80217,52.24805,196.46571,52.440033,-0.3364563,0.19198227,0.38737583
144,8.687537,243.89755,9.388049,243.15137,0.70051193,-0.7461853,1.0234791
144,174.73622,76.52395,174.51924,76.779884,-0.21697998,0.25593567,0.33553448
144,254.05452,12.805374,253.22223,13.565701,-0.83229065,0.7603264,1.1272994
144,73.116135,206.64073,72.908554,206.76656,-0.20758057,0.12582397,0.24273723
144,245.31166,6.2340765,244.88895,6.6545973,-0.42271423,0.42052078,0.59625924
144,226.07816,51.858692,225.93079,51.88816,-0.14736938,0.029468536,0.15028682
144,199.99962,77.5713,200.19682,77.29815,0.19720459,-0.27314758,0.3368965
144,225.50464,52.528927,225.32564,52.573586,-0.17900085,0.04465866,0.18448769
144,244.32143,1.3903179,243.9846,1.7379074,-0.3368225,0.3475895,0.48401225
144,211.34941,70.76227,211.0623,70.85431,-0.28710938,0.092041016,0.3015018
144,198.77402,52.94764,198.37047,53.202236,-0.4035492,0.2545967,0.47714928
144,177.98557,73.70512,177.63034,74.1424,-0.3552246,0.43728638,0.56338614
144,1145.3574,132.96243,1145.3517,132.9635,-0.0057373047,0.0010681152,0.0058358833
144,1176.9996,160.92125,1176.7695,160.75438,-0.23010254,-0.16687012,0.28424078
144,226.48213,51.830627,226.3224,51.86628,-0.159729,0.03565216,0.1636595
144,197.04745,54.903885,196.60071,55.281853,-0.44674683,0.37796783,0.58518577
144,197.54698,53.589195,197.17632,53.844143,-0.3706665,0.25494766,0.44987994
144,223.16566,52.3715,222.92584,52.455532,-0.23982239,0.084033966,0.25411904
144,1262.0422,225.11069,1262.046,225.11125,0.0037841797,0.0005645752,0.0038260634
145,47.580547,241.04677,47.161346,241.19006,-0.4192009,0.14329529,0.44301572
145,218.14114,64.05954,217.87263,63.91526,-0.2685089,-0.14427948,0.30481732
145,249.59364,-6.5998287,248.71727,-6.051157,-0.8763733,0.5486717,1.0339588
145,10.589606,244.41713,10.126682,244.2777,-0.462924,-0.13943481,0.48346737
145,235.15506,38.107506,235.00519,37.724274,-0.14987183,-0.38323212,0.41149536
145,1265.505,230.67606,1265.4888,230.66187,-0.016235352,-0.014190674,0.021562975
145,222.23618,52.50733,221.83583,52.341583,-0.40034485,-0.1657486,0.43329966
145,22.651451,263.48886,22.357756,263.15143,-0.29369545,-0.33743286,0.44734544
145,53.02443,231.84492,52.93468,231.79984,-0.08974838,-0.04508972,0.10043831
145,1018.46875,58.0799,1018.46765,58.07897,-0.0010986328,-0.00092697144,0.0014374526
145,9.853195,246.05904,9.523681,245.74469,-0.3295145,-0.3143463,0.45540467
145,238.73405,4.2823634,238.16512,4.3579373,-0.5689392,0.07557392,0.5739366
145,226.82933,47.553574,226.58565,47.14516,-0.24368286,-0.40841293,0.47558644
145,80.4147,205.16231,79.775375,205.13844,-0.639328,-0.023864746,0.63977325
145,1062.8132,62.85339,1062.7662,62.868343,-0.04699707,0.014953613,0.04931871
145,197.8669,53.151752,197.93196,52.393383,0.06506348,-0.75836945,0.7611553
145,29.142746,257.45007,28.630198,257.41528,-0.51254845,-0.03479004,0.5137278
145,196.46571,52.440033,196.50645,51.689445,0.040740967,-0.75058746,0.75169235
145,9.388049,243.15137,9.020754,242.9176,-0.36729527,-0.23376465,0.4353754
145,174.51924,76.779884,173.90016,76.56907,-0.6190796,-0.21081543,0.6539898
145,253.22223,13.565701,252.9119,13.891029,-0.31033325,0.32532883,0.44960603
145,72.908554,206.76656,72.32106,206.77826,-0.5874939,0.011703491,0.5876104
145,244.88895,6.6545973,244.46947,6.7115183,-0.41947937,0.056921005,0.4233237
145,225.93079,51.88816,225.59279,51.650932,-0.33799744,-0.2372284,0.41294017
145,200.19682,77.29815,200.4553,76.69438,0.2584839,-0.6037674,0.65677166
145,225.32564,52.573586,224.924,52.40737,-0.40164185,-0.16621399,0.43467605
145,243.9846,1.7379074,243.39874,2.0125313,-0.5858612,0.27462387,0.6470329
145,211.0623,70.85431,210.93822,70.53795,-0.12408447,-0.31636047,0.3398248
145,198.37047,53.202236,198.40997,52.478153,0.039505005,-0.72408295,0.7251598
145,177.63034,74.1424,177.18178,73.7827,-0.44856262,-0.35970306,0.57497364
145,1145.3517,132.9635,1145.841,133.50159,0.4892578,0.53808594,0.7272618
145,1176.7695,160.75438,1177.693,161.50981,0.9234619,0.7554321,1.1930882
145,226.3224,51.86628,225.92032,51.65873,-0.40208435,-0.20755005,0.45249182
145,196.60071,55.281853,196.6925,54.410366,0.091796875,-0.87148666,0.87630796
145,197.17632,53.844143,197.179,53.128727,0.0026855469,-0.71541595,0.71542096
145,222.92584,52.455532,222.53986,52.273865,-0.38598633,-0.18166733,0.42660105
145,1262.046,225.11125,1262.2262,225.15305,0.18017578,0.041793823,0.18495956
146,47.161346,241.19006,47.065083,241.14473,-0.096263885,-0.045333862,0.106404394
146,217.87263,63.91526,217.79912,63.87557,-0.073516846,-0.039691925,0.08354744
146,248.71727,-6.051157,248.54854,-6.4466286,-0.16873169,-0.39547157,0.42996296
146,10.126682,244.2777,9.895818,244.3973,-0.23086452,0.11959839,0.26000422
146,235.00519,37.724274,234.64914,37.948944,-0.35604858,0.22467041,0.4210076
146,1265.4888,230.66187,1266.2379,230.46506,0.7491455,-0.19680786,0.7745659
146,221.83583,52.341583,221.8729,52.18623,0.0370636,-0.15535355,0.1597136
146,22.357756,263.15143,22.628225,262.78772,0.27046967,-0.3637085,0.45325238
146,52.93468,231.79984,52.708683,231.89369,-0.22599792,0.09385681,0.24471241
146,1018.46765,58.07897,1018.54736,57.82726,0.079711914,-0.2517128,0.2640328
146,9.523681,245.74469,9.2485,245.95393,-0.27518082,0.20924377,0.34569848
146,238.16512,4.3579373,237.91042,4.391408,-0.2546997,0.03347063,0.25688952
146,226.58565,47.14516,226.45435,47.166763,-0.13130188,0.02160263,0.13306712
146,79.775375,205.13844,79.28583,205.57808,-0.48954773,0.43963623,0.6579795
146,1062.7662,62.868343,1062.9564,62.83115,0.19018555,-0.0371933,0.19378825
146,197.93196,52.393383,198.2534,52.152233,0.32144165,-0.2411499,0.40184328
146,28.630198,257.41528,28.627249,257.3896,-0.002948761,-0.0256958,0.025864443
146,196.50645,51.689445,196.79808,51.483673,0.29162598,-0.2057724,0.35691455
146,9.020754,242.9176,8.812704,243.01067,-0.20804977,0.093063354,0.22791554
146,173.90016,76.56907,173.64171,76.90435,-0.25845337,0.33528137,0.42333406
146,252.9119,13.891029,252.66597,13.343581,-0.2459259,-0.54744816,0.60014915
146,72.32106,206.77826,71.6532,207.37958,-0.66786194,0.60131836,0.89867866
146,244.46947,6.7115183,244.1034,6.7456236,-0.3660736,0.0341053,0.36765888
146,225.59279,51.650932,225.62674,51.52957,0.033950806,-0.12136078,0.12602022
146,200.4553,76.69438,200.47719,76.69003,0.021881104,-0.004348755,0.022309065
146,224.924,52.40737,224.9766,52.277874,0.052597046,-0.12949753,0.13977145
146,243.39874,2.0125313,243.22318,1.815609,-0.17556763,-0.1969223,0.26382264
146,210.93822,70.53795,210.96828,70.45964,0.030059814,-0.078308105,0.08387939
146,198.40997,52.478153,198.72789,52.239067,0.31791687,-0.23908615,0.3977855
146,177.18178,73.7827,176.97614,74.0622,-0.2056427,0.27950287,0.34700257
146,1145.841,133.50159,1145.231,132.84903,-0.60998535,-0.6525574,0.8932599
146,1177.693,161.50981,1178.0094,161.18257,0.31640625,-0.32724,0.45519108
146,225.92032,51.65873,225.94081,51.54981,0.020492554,-0.10892105,0.110832036
146,196.6925,54.410366,197.08281,54.10366,0.39030457,-0.30670547,0.49639288
146,197.179,53.128727,197.5293,52.853874,0.35029602,-0.27485275,0.44525424
146,222.53986,52.273865,222.58292,52.115925,0.043060303,-0.15793991,0.16370463
146,1262.2262,225.15305,1262.7948,224.91423,0.5686035,-0.23881531,0.6167193
147,47.065083,241.14473,46.921753,241.22556,-0.14332962,0.080825806,0.16454844
147,217.79912,63.87557,218.07866,63.51829,0.27954102,-0.35727692,0.4536408
147,9.895818,244.3973,10.308104,243.7767,0.4122858,-0.6205902,0.7450583
147,234.64914,37.948944,234.35242,38.252182,-0.2967224,0.30323792,0.42426103
147,1266.2379,230.46506,1265.9215,230.3438,-0.31640625,-0.1212616,0.338847
147,221.8729,52.18623,222.63428,51.314598,0.76138306,-0.8716316,1.1573443
147,22.628225,262.78772,22.620708,262.7717,-0.007516861,-0.016021729,0.01769743
147,52.708683,231.89369,52.631397,231.77904,-0.07728577,-0.11465454,0.13827059
147,1018.54736,57.82726,1017.86487,57.24917,-0.6824951,-0.57809067,0.8944207
147,9.2485,245.95393,9.577853,245.44061,0.32935333,-0.5133209,0.60989505
147,237.91042,4.391408,237.76067,4.159102,-0.14974976,-0.232306,0.27638936
147,226.45435,47.166763,226.58272,47.034725,0.12837219,-0.13203812,0.18415615
147,79.28583,205.57808,78.4907,206.3547,-0.79512787,0.7766266,1.1114752
147,1062.9564,62.83115,1063.6001,62.82783,0.64367676,-0.0033187866,0.64368534
147,198.2534,52.152233,197.975,52.11141,-0.2783966,-0.04082489,0.28137404
147,28.627249,257.3896,28.59273,257.4136,-0.034519196,0.024017334,0.042052433
147,196.79808,51.483673,196.67358,51.26157,-0.12449646,-0.22210312,0.25461572
147,8.812704,243.01067,9.114027,242.49037,0.30132294,-0.5202942,0.60125
147,173.64171,76.90435,173.59377,76.65564,-0.047943115,-0.24871063,0.2532894
147,252.66597,13.343581,252.66956,13.365958,0.0035858154,0.022377014,0.022662498
147,71.6532,207.37958,70.98093,208.0136,-0.6722717,0.63401794,0.9240823
147,244.1034,6.7456236,243.96263,6.6540995,-0.14076233,-0.091524124,0.16790086
147,225.62674,51.52957,226.62306,50.46634,0.99632263,-1.0632324,1.4570937
147,200.47719,76.69003,199.78435,77.385185,-0.6928406,0.6951523,0.9814605
147,224.9766,52.277874,225.92018,51.2594,0.94358826,-1.0184746,1.388398
147,243.22318,1.815609,243.10114,1.5721598,-0.122039795,-0.24344921,0.2723256
147,210.96828,70.45964,210.80396,70.670044,-0.1643219,0.21040344,0.26696685
147,198.72789,52.239067,198.42545,52.22602,-0.30244446,-0.013046265,0.3027257
147,176.97614,74.0622,176.88408,73.92569,-0.092056274,-0.13651276,0.16465142
147,1145.231,132.84903,1145.0386,132.36714,-0.19238281,-0.48188782,0.5188709
147,1178.0094,161.18257,1177.7389,160.96745,-0.2705078,-0.21511841,0.34561598
147,225.94081,51.54981,226.9269,50.50077,0.986084,-1.0490379,1.4397368
147,197.08281,54.10366,196.88911,54.025776,-0.19369507,-0.077884674,0.20876734
147,197.5293,52.853874,197.28519,52.80411,-0.2441101,-0.049762726,0.24913064
147,222.58292,52.115925,223.3856,51.223198,0.8026886,-0.8927269,1.2005292
147,1262.7948,224.91423,1262.707,224.77528,-0.087768555,-0.13894653,0.16434555
148,46.921753,241.22556,46.98979,241.10446,0.06803894,-0.12109375,0.13889922
148,218.07866,63.51829,217.71005,63.94966,-0.36860657,0.43136978,0.56740695
148,10.308104,243.7767,9.825266,244.1709,-0.48283768,0.39419556,0.62331563
148,234.35242,38.252182,234.2748,38.542137,-0.07762146,0.28995514,0.3001651
148,1265.9215,230.3438,1266.0828,230.39325,0.16125488,0.049453735,0.16866775
148,222.63428,51.314598,222.33676,51.649193,-0.29751587,0.33459473,0.447738
148,22.620708,262.7717,22.494118,262.84296,-0.12659073,0.071258545,0.1452687
148,52.631397,231.77904,52.7096,231.65503,0.078201294,-0.12400818,0.14660652
148,1017.86487,57.24917,1017.9323,57.220024,0.06744385,-0.029144287,0.0734715
148,9.577853,245.44061,9.176034,245.73608,-0.40181923,0.2954712,0.49876037
148,237.76067,4.159102,237.5406,4.2141094,-0.22006226,0.055007458,0.22683302
148,226.58272,47.034725,226.8042,46.813576,0.22148132,-0.22114944,0.3129873
148,78.4907,206.3547,78.89387,205.86649,0.40316772,-0.4882202,0.6331692
148,1063.6001,62.82783,1064.3354,62.632767,0.73535156,-0.19506454,0.76078385
148,197.975,52.11141,198.1679,51.548634,0.19288635,-0.56277466,0.5949122
148,28.59273,257.4136,28.568636,257.3664,-0.024093628,-0.047210693,0.053003326
148,196.67358,51.26157,196.77988,50.777065,0.106292725,-0.4845047,0.49602717
148,9.114027,242.49037,8.736044,242.76537,-0.3779831,0.2749939,0.4674322
148,173.59377,76.65564,172.96095,76.93527,-0.6328125,0.27963257,0.6918425
148,252.66956,13.365958,252.0981,14.297806,-0.5714569,0.9318476,1.0931162
148,70.98093,208.0136,71.289925,207.59671,0.3089981,-0.41688538,0.5189155
148,243.96263,6.6540995,243.71553,6.8990965,-0.24710083,0.24499702,0.3479689
148,226.62306,50.46634,226.23067,50.892014,-0.39239502,0.42567444,0.5789409
148,199.78435,77.385185,199.45154,77.63239,-0.33280945,0.24720764,0.4145766
148,225.92018,51.2594,225.51062,51.690968,-0.40956116,0.43156815,0.5949718
148,243.10114,1.5721598,242.68495,1.9318647,-0.41618347,0.35970497,0.5500876
148,210.80396,70.670044,210.81926,70.73949,0.015304565,0.06944275,0.07110924
148,198.42545,52.22602,198.65462,51.6284,0.22917175,-0.5976219,0.640056
148,176.88408,73.92569,176.05383,74.34304,-0.830246,0.41735077,0.9292416
148,1145.0386,132.36714,1145.179,132.40948,0.14038086,0.04234314,0.14662786
148,1177.7389,160.96745,1177.755,160.9492,0.016113281,-0.018249512,0.024345072
148,226.9269,50.50077,226.54529,50.92794,-0.38160706,0.4271698,0.5727984
148,196.88911,54.025776,197.03726,53.49994,0.14814758,-0.52583694,0.5463078
148,197.28519,52.80411,197.40341,52.31894,0.1182251,-0.48517227,0.4993689
148,223.3856,51.223198,223.02867,51.603523,-0.3569336,0.38032532,0.52158314
148,1262.707,224.77528,1262.7515,224.78815,0.044433594,0.012863159,0.04625803
149,46.98979,241.10446,47.096977,241.44948,0.107185364,0.34501648,0.36128253
149,217.71005,63.94966,217.79614,64.50928,0.08609009,0.5596161,0.5661993
149,9.825266,244.1709,9.584119,243.68715,-0.24114704,-0.4837494,0.54052323
149,234.2748,38.542137,234.1543,39.270306,-0.12049866,0.7281685,0.7380713
149,1266.0828,230.39325,1265.1967,230.34686,-0.8861084,-0.04638672,0.8873217
149,222.33676,51.649193,222.76299,51.734447,0.42622375,0.08525467,0.43466657
149,22.494118,262.84296,22.235134,263.43665,-0.2589836,0.59368896,0.64771837
149,52.7096,231.65503,53.173386,231.4335,0.46378708,-0.2215271,0.51397735
149,1017.9323,57.220024,1017.81464,57.98903,-0.11767578,0.7690048,0.7779563
149,9.176034,245.73608,8.854296,245.31456,-0.32173824,-0.42152405,0.53028107
149,237.5406,4.2141094,237.71536,3.3212967,0.17475891,-0.8928127,0.9097556
149,226.8042,46.813576,227.12906,47.08001,0.32485962,0.26643372,0.42014366
149,78.89387,205.86649,79.27343,206.2184,0.37956238,0.35191345,0.5176009
149,1064.3354,62.632767,1068.9305,61.886993,4.595093,-0.7457733,4.655218
149,198.1679,51.548634,197.86143,51.441216,-0.30645752,-0.10741806,0.32473812
149,28.568636,257.3664,28.275066,258.18652,-0.29356956,0.8201294,0.87108856
149,196.77988,50.777065,196.56561,50.536533,-0.21426392,-0.24053192,0.32212517
149,8.736044,242.76537,8.4291,242.32834,-0.3069439,-0.43702698,0.53404784
149,172.96095,76.93527,172.93748,76.53865,-0.023468018,-0.3966217,0.39731538
149,252.0981,14.297806,252.36073,14.250643,0.26263428,-0.04716301,0.26683536
149,71.289925,207.59671,71.23509,208.10818,-0.05483246,0.5114746,0.51440537
149,243.71553,6.8990965,244.06134,6.118232,0.34580994,-0.7808647,0.85401064
149,226.23067,50.892014,226.86777,50.887108,0.6371002,-0.0049057007,0.6371191
149,199.45154,77.63239,199.4015,78.480286,-0.05003357,0.84789276,0.8493677
149,225.51062,51.690968,226.20383,51.654972,0.6932068,-0.035995483,0.69414073
149,242.68495,1.9318647,242.89638,1.1321907,0.21142578,-0.79967403,0.8271514
149,210.81926,70.73949,210.78194,71.67717,-0.037322998,0.9376831,0.9384256
149,198.65462,51.6284,198.33574,51.546413,-0.31887817,-0.08198547,0.329249
149,176.05383,74.34304,176.21593,73.735245,0.16209412,-0.6077957,0.62903905
149,1145.179,132.40948,1145.6677,132.30382,0.48876953,-0.105667114,0.50006115
149,1177.755,160.9492,1178.2787,161.12576,0.52368164,0.17655945,0.55264425
149,226.54529,50.92794,227.19269,50.90404,0.6473999,-0.023899078,0.64784086
149,197.03726,53.49994,196.7438,53.410072,-0.29345703,-0.08986664,0.30690885
149,197.40341,52.31894,197.11627,52.20247,-0.2871399,-0.11647034,0.30986232
149,223.02867,51.603523,223.54688,51.640438,0.51820374,0.036914825,0.5195169
149,1262.7515,224.78815,1262.0419,224.67209,-0.7095947,-0.11605835,0.71902305
150,47.096977,241.44948,47.32032,241.45793,0.2233429,0.008453369,0.22350281
150,217.79614,64.50928,218.44763,64.54831,0.65148926,0.039031982,0.65265745
150,9.584119,243.68715,9.389146,243.49359,-0.19497299,-0.19355774,0.27473453
150,234.1543,39.270306,234.44165,39.618454,0.28735352,0.34814835,0.4514192
150,1265.1967,230.34686,1263.2538,229.57286,-1.9428711,-0.7740021,2.0913699
150,222.76299,51.734447,224.47514,50.676517,1.7121582,-1.05793,2.0126355
150,22.235134,263.43665,22.759315,263.21164,0.52418137,-0.2250061,0.570433
150,53.173386,231.4335,53.625683,231.1964,0.4522972,-0.23710632,0.5106782
150,1017.81464,57.98903,1015.58026,57.881603,-2.234375,-0.10742569,2.236956
150,8.854296,245.31456,8.730595,245.0996,-0.123701096,-0.21496582,0.24801667
150,237.71536,3.3212967,237.20232,3.4166164,-0.51304626,0.09531975,0.52182597
150,227.12906,47.08001,227.53294,47.457703,0.4038849,0.37769318,0.5529694
150,79.27343,206.2184,79.153656,206.64299,-0.119773865,0.42459106,0.44116136
150,1068.9305,61.886993,1074.4664,61.270096,5.5358887,-0.6168976,5.5701547
150,197.86143,51.441216,197.1677,50.93502,-0.69374084,-0.50619507,0.85878396
150,28.275066,258.18652,28.37096,258.3746,0.09589386,0.18807983,0.21111527
150,196.56561,50.536533,195.80804,50.08861,-0.75756836,-0.44792175,0.88008165
150,8.4291,242.32834,8.063159,242.27878,-0.36594105,-0.049560547,0.36928186
150,172.93748,76.53865,172.64291,76.09623,-0.29457092,-0.44242096,0.5315151
150,252.36073,14.250643,252.6126,14.634798,0.25186157,0.38415527,0.45935774
150,71.23509,208.10818,71.11212,208.54514,-0.12297058,0.43695068,0.45392472
150,244.06134,6.118232,243.91444,6.064258,-0.14689636,-0.053973675,0.15649824
150,226.86777,50.887108,228.34055,50.059956,1.4727783,-0.82715225,1.6891586
150,199.4015,78.480286,199.378,79.118256,-0.023498535,0.63797,0.6384026
150,226.20383,51.654972,227.85066,50.643707,1.6468353,-1.0112648,1.9325432
150,242.89638,1.1321907,242.49025,1.2223711,-0.40612793,0.0901804,0.4160197
150,210.78194,71.67717,211.04181,72.11193,0.25987244,0.43476105,0.50650847
150,198.33574,51.546413,197.59718,51.10103,-0.7385559,-0.44538498,0.8624573
150,176.21593,73.735245,176.16537,73.088394,-0.05055237,-0.6468506,0.64882296
150,1145.6677,132.30382,1144.8538,131.36151,-0.81396484,-0.9423065,1.2451829
150,1178.2787,161.12576,1180.3348,162.7276,2.0561523,1.6018372,2.6064622
150,227.19269,50.90404,228.66513,50.074825,1.4724426,-0.829216,1.6898776
150,196.7438,53.410072,195.95903,53.01698,-0.7847748,-0.3930931,0.8777207
150,197.11627,52.20247,196.3907,51.712055,-0.7255707,-0.49041367,0.8757616
150,223.54688,51.640438,225.3184,50.526,1.7715302,-1.1144371,2.092914
150,1262.0419,224.67209,1259.6937,223.89146,-2.3481445,-0.7806244,2.4745014
151,47.32032,241.45793,48.229767,241.40253,0.9094467,-0.055404663,0.9111328
151,218.44763,64.54831,219.61598,64.67589,1.1683502,0.12757874,1.1752951
151,9.389146,243.49359,9.295505,242.62715,-0.09364128,-0.8664398,0.8714853
151,234.44165,39.618454,235.0974,40.034798,0.65574646,0.4163437,0.7767532
151,1263.2538,229.57286,1260.426,229.31848,-2.8277588,-0.25437927,2.8391774
151,224.47514,50.676517,226.1245,49.788216,1.649353,-0.88830185,1.8733515
151,22.759315,263.21164,23.122124,263.6487,0.36280823,0.43707275,0.5680338
151,53.625683,231.1964,54.714725,230.7392,1.0890427,-0.4571991,1.1811202
151,1015.58026,57.881603,1012.3789,58.51897,-3.201355,0.63736725,3.264186
151,8.730595,245.0996,8.575888,244.2948,-0.15470695,-0.8047943,0.8195292
151,237.20232,3.4166164,236.04633,3.2528834,-1.1559906,-0.163733,1.1675285
151,227.53294,47.457703,228.4761,47.309498,0.943161,-0.1482048,0.9547342
151,79.153656,206.64299,79.01672,207.5887,-0.13693237,0.9457092,0.9555713
151,1074.4664,61.270096,1076.94,61.136444,2.4735107,-0.13365173,2.477119
151,197.1677,50.93502,196.39908,50.451427,-0.7686157,-0.483593,0.9080927
151,28.37096,258.3746,28.722824,258.7987,0.35186386,0.42410278,0.55106384
151,195.80804,50.08861,195.1355,49.43252,-0.6725464,-0.6560898,0.9395597
151,8.063159,242.27878,7.9483566,241.43602,-0.11480236,-0.8427582,0.8505416
151,172.64291,76.09623,173.27571,74.09466,0.63279724,-2.0015717,2.099219
151,252.6126,14.634798,253.17776,14.960964,0.5651703,0.32616615,0.6525349
151,71.11212,208.54514,71.071976,209.398,-0.040145874,0.8528595,0.8538039
151,243.91444,6.064258,243.16087,6.05229,-0.75357056,-0.011968136,0.75366557
151,228.34055,50.059956,229.94193,49.228115,1.6013794,-0.8318405,1.8045428
151,199.378,79.118256,199.05765,80.269905,-0.32035828,1.1516495,1.1953769
151,227.85066,50.643707,229.57202,49.68502,1.7213593,-0.9586868,1.9703194
151,242.49025,1.2223711,241.37654,1.0806875,-1.1137085,-0.14168358,1.1226847
151,211.04181,72.11193,211.54353,72.8847,0.50172424,0.7727661,0.92135483
151,197.59718,51.10103,196.85747,50.604095,-0.7397156,-0.49693298,0.891135
151,176.16537,73.088394,177.07007,70.99741,0.9046936,-2.0909805,2.278304
151,1144.8538,131.36151,1141.5511,128.60614,-3.3026123,-2.755371,4.301083
151,1180.3348,162.7276,1184.6105,166.71959,4.275635,3.9919891,5.8495326
151,228.66513,50.074825,230.31335,49.201103,1.6482239,-0.8737221,1.8654845
151,195.95903,53.01698,195.1703,52.57376,-0.7887268,-0.44321823,0.90472776
151,196.3907,51.712055,195.52861,51.32514,-0.86209106,-0.3869133,0.9449354
151,225.3184,50.526,226.93605,49.670616,1.6176453,-0.8553848,1.8298796
151,1259.6937,223.89146,1257.0465,223.49722,-2.6472168,-0.39424133,2.6764123
152,48.229767,241.40253,49.48222,241.34215,1.2524529,-0.06037903,1.2539074
152,219.61598,64.67589,220.2195,66.08585,0.6035156,1.4099655,1.5336994
152,9.295505,242.62715,8.798397,241.99629,-0.4971075,-0.6308594,0.8031808
152,235.0974,40.034798,235.53362,41.1267,0.43621826,1.0919037,1.1758146
152,1260.426,229.31848,1256.5846,228.71306,-3.8414307,-0.605423,3.8888464
152,226.1245,49.788216,228.26591,49.030895,2.1414185,-0.7573204,2.2713888
152,23.122124,263.6487,23.316603,264.49457,0.19447899,0.8458557,0.86792505
152,54.714725,230.7392,56.512135,230.14091,1.797409,-0.59828186,1.8943654
152,1012.3789,58.51897,1007.30444,59.54741,-5.074463,1.0284386,5.177631
152,8.575888,244.2948,8.492222,243.232,-0.08366585,-1.0628052,1.0660932
152,236.04633,3.2528834,235.2153,2.6738906,-0.83102417,-0.57899284,1.0128345
152,228.4761,47.309498,228.93971,48.409145,0.4636078,1.0996475,1.1933805
152,79.01672,207.5887,80.060875,207.751,1.0441513,0.16230774,1.0566909
152,1076.94,61.136444,1078.612,61.431206,1.6721191,0.29476166,1.6979008
152,196.39908,50.451427,195.26488,50.13142,-1.134201,-0.32000732,1.1784806
152,28.722824,258.7987,29.204163,259.34576,0.4813385,0.5470581,0.7286695
152,195.1355,49.43252,193.91995,49.090614,-1.2155457,-0.3419075,1.262716
152,7.9483566,241.43602,7.633793,240.6665,-0.31456375,-0.769516,0.8313274
152,173.27571,74.09466,172.79121,73.01903,-0.48449707,-1.0756302,1.1797109
152,253.17776,14.960964,254.04071,15.785175,0.86294556,0.8242111,1.1933143
152,71.071976,209.398,71.82459,209.62978,0.7526169,0.231781,0.78749895
152,243.16087,6.05229,242.3863,6.1756487,-0.77456665,0.12335873,0.7843283
152,229.94193,49.228115,233.44417,46.81591,3.502243,-2.4122047,4.25258
152,199.05765,80.269905,198.55801,82.22162,-0.4996338,1.9517136,2.0146513
152,229.57202,49.68502,232.37381,48.07508,2.8017883,-1.6099396,3.2313964
152,241.37654,1.0806875,240.34424,1.0469637,-1.0323029,-0.03372383,1.0328535
152,211.54353,72.8847,209.44566,76.0378,-2.0978699,3.1531067,3.7872338
152,196.85747,50.604095,195.83534,50.203278,-1.0221252,-0.40081787,1.0979048
152,177.07007,70.99741,176.5524,70.09209,-0.5176697,-0.90532684,1.0428799
152,1141.5511,128.60614,1137.2168,125.02409,-4.3343506,-3.5820465,5.6229577
152,1184.6105,166.71959,1208.4934,183.65413,23.882935,16.93454,29.277521
152,230.31335,49.201103,234.33942,46.18721,4.026062,-3.0138931,5.0291877
152,195.1703,52.57376,193.54369,52.802013,-1.6266174,0.22825241,1.6425539
152,195.52861,51.32514,194.22784,51.160007,-1.300766,-0.16513443,1.3112061
152,226.93605,49.670616,228.90286,49.060135,1.9668121,-0.61048126,2.059378
152,1257.0465,223.49722,1252.4474,222.56792,-4.599121,-0.92930603,4.6920705
153,49.48222,241.34215,50.671204,241.48952,1.1889839,0.14736938,1.198082
153,220.2195,66.08585,221.8384,67.312164,1.6188965,1.2263107,2.030927
153,8.798397,241.99629,8.690575,240.8393,-0.10782242,-1.1569977,1.1620109
153,235.53362,41.1267,234.97229,44.01426,-0.5613251,2.887558,2.941611
153,1256.5846,228.71306,1249.2659,227.4605,-7.3187256,-1.2525635,7.425137
153,228.26591,49.030895,238.55945,39.044785,10.293533,-9.986111,14.341521
153,23.316603,264.49457,23.19293,265.94055,-0.123672485,1.4459839,1.451263
153,56.512135,230.14091,58.028755,229.70003,1.5166206,-0.44088745,1.579405
153,1007.30444,59.54741,1002.0663,59.905525,-5.238159,0.35811615,5.2503867
153,8.492222,243.232,8.223094,242.2521,-0.26912785,-0.9798889,1.0161753
153,235.2153,2.6738906,234.02034,1.5097389,-1.1949615,-1.1641517,1.6682872
153,228.93971,48.409145,231.58467,47.3144,2.6449585,-1.0947456,2.862564
153,80.060875,207.751,79.66531,209.42937,-0.39556122,1.67836,1.7243435
153,195.26488,50.13142,193.25294,50.38278,-2.0119324,0.25135803,2.027573
153,29.204163,259.34576,29.460585,260.35797,0.25642204,1.012207,1.0441817
153,193.91995,49.090614,191.8253,49.415802,-2.0946503,0.32518768,2.1197422
153,7.633793,240.6665,7.5992517,239.40218,-0.03454113,-1.264328,1.2647997
153,172.79121,73.01903,171.3138,72.2963,-1.477417,-0.7227249,1.6447165
153,254.04071,15.785175,254.75879,16.687233,0.7180786,0.90205765,1.1529722
153,71.82459,209.62978,71.94412,210.83322,0.119529724,1.2034454,1.2093669
153,242.3863,6.1756487,241.25996,5.906466,-1.1263428,-0.26918268,1.1580619
153,233.44417,46.81591,233.62178,48.7295,0.1776123,1.9135895,1.9218144
153,198.55801,82.22162,200.1118,82.53498,1.5537872,0.31336212,1.5850711
153,232.37381,48.07508,233.75696,48.541798,1.3831482,0.46671677,1.4597683
153,240.34424,1.0469637,238.98477,0.25442314,-1.3594666,-0.79254055,1.5736167
153,209.44566,76.0378,207.9444,78.97964,-1.5012665,2.9418335,3.3027544
153,195.83534,50.203278,193.88177,50.39339,-1.9535675,0.19011307,1.9627962
153,176.5524,70.09209,174.93228,69.5363,-1.6201172,-0.55578613,1.7127982
153,1137.2168,125.02409,1128.6321,116.97081,-8.584717,-8.053284,11.770843
153,1208.4934,183.65413,1197.7565,177.99538,-10.736938,-5.6587524,12.136858
153,234.33942,46.18721,233.84937,48.954876,-0.49005127,2.7676659,2.810716
153,193.54369,52.802013,182.08083,63.374268,-11.46286,10.572254,15.5939
153,194.22784,51.160007,191.91814,51.767414,-2.3097076,0.6074066,2.3882403
153,228.90286,49.060135,235.49565,43.54767,6.5927887,-5.5124664,8.593727
153,1252.4474,222.56792,1245.1655,221.17148,-7.2818604,-1.3964386,7.414549
154,50.671204,241.48952,52.519684,241.28897,1.8484802,-0.20054626,1.8593273
154,221.8384,67.312164,224.2765,68.42009,2.4381104,1.1079254,2.6780367
154,8.690575,240.8393,8.0918,239.71729,-0.5987749,-1.1220093,1.2717847
154,234.97229,44.01426,245.8328,33.506313,10.860504,-10.507946,15.111833
154,1249.2659,227.4605,1243.1947,226.33917,-6.071167,-1.1213226,6.173851
154,238.55945,39.044785,251.8897,26.042297,13.330246,-13.002487,18.621496
154,23.19293,265.94055,23.661116,266.93448,0.46818542,0.993927,1.0986757
154,58.028755,229.70003,61.429173,227.46533,3.4004173,-2.2346954,4.0689926
154,1002.0663,59.905525,995.86127,60.39391,-6.205017,0.48838425,6.224207
154,8.223094,242.2521,7.860567,240.92192,-0.3625269,-1.3301849,1.3787014
154,234.02034,1.5097389,232.92099,-0.2574215,-1.09935,-1.7671604,2.0812078
154,231.58467,47.3144,239.50822,39.955902,7.9235535,-7.3584976,10.813426
154,79.66531,209.42937,82.98189,208.16347,3.316574,-1.2658997,3.5499527
154,193.25294,50.38278,170.93806,71.60456,-22.31488,21.221783,30.794773
154,29.460585,260.35797,30.28172,260.9228,0.82113457,0.56481934,0.9966358
154,191.8253,49.415802,183.7236,55.82043,-8.1017,6.4046288,10.327478
154,7.5992517,239.40218,6.6147466,238.61995,-0.9845052,-0.78222656,1.2574295
154,171.3138,72.2963,169.94379,71.34749,-1.3700104,-0.9488144,1.6664865
154,254.75879,16.687233,254.90594,18.823433,0.14715576,2.1362,2.1412625
154,71.94412,210.83322,75.53312,209.07559,3.588997,-1.7576294,3.9962683
154,241.25996,5.906466,239.33223,6.050512,-1.9277344,0.14404583,1.9331086
154,233.62178,48.7295,246.44551,35.903336,12.82373,-12.826164,18.137215
154,200.1118,82.53498,199.39778,85.6328,-0.7140198,3.0978165,3.1790392
154,233.75696,48.541798,246.26743,36.055496,12.510468,-12.486301,17.675394
154,238.98477,0.25442314,236.65454,0.15280819,-2.3302307,-0.10161495,2.3324451
154,207.9444,78.97964,205.79182,83.213615,-2.1525726,4.2339783,4.749752
154,193.88177,50.39339,178.81993,64.199356,-15.061844,13.805965,20.43193
154,174.93228,69.5363,172.85364,69.34636,-2.0786438,-0.1899414,2.087304
154,1197.7565,177.99538,1190.1415,175.82825,-7.61499,-2.1671295,7.917356
154,233.84937,48.954876,246.1235,36.72702,12.274139,-12.227856,17.325558
154,182.08083,63.374268,179.93684,63.194443,-2.143982,-0.17982483,2.1515102
154,191.91814,51.767414,168.86218,73.58606,-23.055954,21.818645,31.743193
154,235.49565,43.54767,246.82446,32.58725,11.328812,-10.960419,15.763019
154,1245.1655,221.17148,1235.5988,220.03674,-9.566772,-1.1347351,9.633834
155,52.519684,241.28897,54.77611,240.90784,2.2564278,-0.38113403,2.2883902
155,224.2765,68.42009,228.24565,71.17847,3.9691467,2.758377,4.833505
155,8.0918,239.71729,7.878431,238.47983,-0.2133689,-1.2374573,1.2557176
155,245.8328,33.506313,223.62636,65.67419,-22.206436,32.167873,39.088337
155,1243.1947,226.33917,1231.9154,225.34096,-11.279297,-0.9982147,11.323381
155,251.8897,26.042297,257.7655,21.924,5.8758087,-4.1182976,7.17534
155,23.661116,266.93448,28.225828,264.12445,4.5647125,-2.810028,5.360304
155,61.429173,227.46533,68.16498,221.75421,6.7358055,-5.7111206,8.83108
155,995.86127,60.39391,1052.3417,63.238388,56.480408,2.8444786,56.55199
155,7.860567,240.92192,7.9078236,239.40085,0.04725647,-1.5210724,1.5218062
155,232.92099,-0.2574215,232.45183,-3.3547077,-0.469162,-3.0972862,3.1326177
155,239.50822,39.955902,262.7536,15.641759,23.245377,-24.314144,33.63815
155,82.98189,208.16347,83.063934,209.79683,0.08204651,1.6333618,1.6354212
155,170.93806,71.60456,135.32043,104.0155,-35.61763,32.410942,48.156876
155,30.28172,260.9228,31.395828,261.55023,1.114109,0.6274414,1.2786405
155,183.7236,55.82043,143.69142,92.99193,-40.03218,37.171497,54.628708
155,6.6147466,238.61995,5.872478,237.9146,-0.74226856,-0.7053528,1.0239557
155,169.94379,71.34749,137.49277,100.5502,-32.45102,29.202713,43.65624
155,254.90594,18.823433,254.01848,22.494139,-0.88746643,3.6707058,3.7764637
155,75.53312,209.07559,81.791336,204.59702,6.258217,-4.4785767,7.6956434
155,239.33223,6.050512,237.58467,5.777117,-1.7475586,-0.27339506,1.7688148
155,246.44551,35.903336,248.00172,37.726784,1.5562134,1.8234482,2.3972406
155,199.39778,85.6328,205.90309,82.18201,6.50531,-3.4507904,7.363899
155,246.26743,36.055496,248.90935,36.74301,2.641922,0.68751526,2.7299137
155,236.65454,0.15280819,235.38329,-1.5192842,-1.2712555,-1.6720924,2.1004722
155,205.79182,83.213615,184.02838,107.76723,-21.763443,24.553612,32.810474
155,178.81993,64.199356,162.98988,78.312775,-15.830048,14.113419,21.207994
155,172.85364,69.34636,126.643684,112.55964,-46.209953,43.21328,63.26727
155,1190.1415,175.82825,1209.5988,193.83412,19.457275,18.005875,26.51032
155,246.1235,36.72702,249.18886,36.990257,3.0653534,0.263237,3.0766354
155,179.93684,63.194443,164.86943,76.42768,-15.067413,13.233238,20.053566
155,168.86218,73.58606,146.3568,92.95069,-22.505386,19.364632,29.68975
155,246.82446,32.58725,237.06934,47.12295,-9.755127,14.535702,17.505688
155,1235.5988,220.03674,1221.0437,211.4973,-14.555054,-8.539444,16.87518
156,54.77611,240.90784,56.460655,240.66756,1.6845436,-0.24028015,1.7015939
156,7.878431,238.47983,7.2718334,237.36177,-0.6065974,-1.1180573,1.2720112
156,223.62636,65.67419,226.26576,66.97656,2.6394043,1.3023758,2.9432359
156,257.7655,21.924,257.1849,26.311298,-0.5805969,4.3872986,4.4255486
156,28.225828,264.12445,27.8688,266.7164,-0.35702896,2.5919495,2.6164234
156,68.16498,221.75421,71.79753,219.66667,3.632553,-2.0875397,4.1896615
156,1052.3417,63.238388,1060.1793,61.64895,7.8376465,-1.5894394,7.997188
156,7.9078236,239.40085,7.3631363,238.22942,-0.5446873,-1.1714325,1.2918739
156,262.7536,15.641759,263.24734,18.975758,0.4937439,3.3339987,3.3703606
156,83.063934,209.79683,73.039444,221.91502,-10.02449,12.118195,15.72708
156,135.32043,104.0155,212.02394,20.940262,76.70351,-83.07524,113.070435
156,31.395828,261.55023,31.716074,263.32037,0.32024574,1.7701416,1.7988771
156,143.69142,92.99193,192.25229,40.211937,48.560867,-52.77999,71.72089
156,5.872478,237.9146,5.0857553,237.00504,-0.78672266,-0.90956116,1.2025946
156,254.01848,22.494139,253.14793,27.271646,-0.87054443,4.777508,4.856174
156,81.791336,204.59702,72.450165,216.22255,-9.341171,11.625534,14.913434
156,237.58467,5.777117,235.20639,5.836204,-2.3782806,0.059087276,2.3790145
156,248.00172,37.726784,246.75743,41.79021,-1.2442932,4.063427,4.249671
156,205.90309,82.18201,180.9562,110.30372,-24.946884,28.121712,37.592255
156,248.90935,36.74301,243.49252,45.795288,-5.4168243,9.052277,10.549204
156,235.38329,-1.5192842,232.78407,-1.4053783,-2.5992126,0.11390591,2.6017075
156,184.02838,107.76723,157.31264,139.2758,-26.715744,31.508575,41.310062
156,162.98988,78.312775,157.5239,80.333405,-5.465988,2.02063,5.8275185
156,126.643684,112.55964,151.1408,85.904945,24.497108,-26.654694,36.20195
156,249.18886,36.990257,244.82031,44.747967,-4.3685455,7.7577095,8.903159
156,164.86943,76.42768,159.55183,78.63256,-5.3175964,2.2048798,5.75659
156,146.3568,92.95069,207.37207,26.042276,61.015274,-66.90842,90.55164
156,237.06934,47.12295,239.53146,47.120083,2.4621277,-0.0028686523,2.4621294
156,1221.0437,211.4973,1208.8701,205.65303,-12.173584,-5.844269,13.503763
157,56.460655,240.66756,59.30672,239.95203,2.8460655,-0.7155304,2.9346333
157,7.2718334,237.36177,4.234221,238.06361,-3.0376124,0.70184326,3.117639
157,226.26576,66.97656,228.80208,68.250206,2.536316,1.2736435,2.8381448
157,257.1849,26.311298,259.86633,25.948307,2.681427,-0.36299133,2.705885
157,27.8688,266.7164,28.689568,267.44836,0.82076836,0.7319641,1.0997418
157,71.79753,219.66667,73.63832,219.61479,1.8407898,-0.051879883,1.8415208
157,1060.1793,61.64895,1082.2859,57.783607,22.106567,-3.8653412,22.441952
157,7.3631363,238.22942,4.727919,238.57703,-2.6352172,0.34761047,2.6580448
157,263.24734,18.975758,262.17392,23.775232,-1.0734253,4.7994747,4.9180484
157,73.039444,221.91502,74.90304,221.91821,1.863594,0.003189087,1.8635968
157,212.02394,20.940262,200.75504,30.835299,-11.268906,9.895037,14.996666
157,31.716074,263.32037,31.20129,265.43744,-0.51478386,2.1170654,2.1787539
157,192.25229,40.211937,191.53358,37.93036,-0.7187042,-2.281578,2.3920982
157,5.0857553,237.00504,2.1201153,237.59271,-2.96564,0.587677,3.023307
157,253.14793,27.271646,257.12158,25.427513,3.973648,-1.8441334,4.3807197
157,72.450165,216.22255,74.05301,216.4148,1.6028442,0.19224548,1.6143321
157,235.20639,5.836204,233.22389,5.407869,-1.9824982,-0.4283352,2.028243
157,246.75743,41.79021,220.96622,83.13257,-25.791214,41.342358,48.72758
157,180.9562,110.30372,180.9717,112.855064,0.015487671,2.5513458,2.5513928
157,243.49252,45.795288,244.087,47.710037,0.5944824,1.9147491,2.0049124
157,232.78407,-1.4053783,230.54541,-1.6698236,-2.2386627,-0.2644453,2.2542276
157,157.31264,139.2758,209.70305,88.46265,52.39041,-50.813156,72.98447
157,157.5239,80.333405,145.03044,89.828384,-12.493454,9.49498,15.692069
157,151.1408,85.904945,189.04431,44.012985,37.90352,-41.89196,56.49436
157,244.82031,44.747967,226.68489,78.42321,-18.135422,33.675243,38.248077
157,159.55183,78.63256,142.97366,91.92575,-16.57817,13.29319,21.24958
157,207.37207,26.042276,180.13261,53.421967,-27.239456,27.37969,38.621696
157,239.53146,47.120083,253.99858,34.114975,14.467117,-13.005108,19.453285
158,59.30672,239.95203,61.710667,239.16986,2.403946,-0.7821655,2.527991
158,4.234221,238.06361,3.196558,237.29382,-1.037663,-0.76979065,1.2920225
158,228.80208,68.250206,233.09738,67.80464,4.2953033,-0.44556427,4.3183513
158,259.86633,25.948307,254.24615,35.847557,-5.620178,9.89925,11.3833885
158,28.689568,267.44836,30.003372,267.77243,1.3138046,0.32406616,1.353182
158,73.63832,219.61479,81.723915,213.84148,8.085594,-5.7733154,9.93519
158,4.727919,238.57703,3.697701,237.83195,-1.0302181,-0.7450714,1.271409
158,262.17392,23.775232,265.09717,23.342854,2.9232483,-0.43237877,2.955052
158,74.90304,221.91821,83.2617,215.89607,8.358665,-6.0221405,10.30211
158,200.75504,30.835299,197.78273,30.490417,-2.9723053,-0.34488106,2.9922469
158,31.20129,265.43744,31.99371,266.22687,0.79241943,0.7894287,1.1185375
158,191.53358,37.93036,188.17818,36.804703,-3.3554077,-1.1256561,3.5391896
158,2.1201153,237.59271,1.4486799,236.41249,-0.67143536,-1.1802216,1.357847
158,257.12158,25.427513,259.47195,25.606083,2.3503723,0.1785698,2.357146
158,74.05301,216.4148,88.20386,204.63818,14.150848,-11.776611,18.410189
158,233.22389,5.407869,231.46039,4.1355953,-1.763504,-1.2722735,2.1745405
158,220.96622,83.13257,177.62561,120.98312,-43.340607,37.850555,57.541924
158,180.9717,112.855064,184.29645,111.72246,3.3247528,-1.1326065,3.512375
158,244.087,47.710037,249.94931,42.755287,5.8623047,-4.95475,7.6756864
158,230.54541,-1.6698236,228.91135,-3.8318176,-1.6340637,-2.161994,2.710052
158,209.70305,88.46265,198.05911,102.53273,-11.643936,14.070084,18.263311
158,189.04431,44.012985,194.16023,33.569405,5.115921,-10.443581,11.629317
158,142.97366,91.92575,221.34229,5.5607567,78.36862,-86.36499,116.62141
158,180.13261,53.421967,148.98854,82.214226,-31.144073,28.79226,42.414
158,253.99858,34.114975,255.96399,34.68133,1.9654083,0.56635666,2.0453825
159,61.710667,239.16986,64.93701,238.03885,3.226345,-1.131012,3.4188435
159,3.196558,237.29382,2.4186897,236.55078,-0.7778683,-0.743042,1.0757278
159,233.09738,67.80464,228.60185,68.36461,-4.495529,0.55996704,4.5302696
159,30.003372,267.77243,30.955526,268.6251,0.95215416,0.85266113,1.2781348
159,81.723915,213.84148,84.19197,213.58855,2.4680557,-0.2529297,2.480982
159,3.697701,237.83195,2.7606134,237.22128,-0.93708754,-0.610672,1.118505
159,83.2617,215.89607,86.001366,215.4724,2.7396622,-0.42367554,2.7722282
159,197.78273,30.490417,196.8915,29.11063,-0.89123535,-1.3797874,1.6425936
159,31.99371,266.22687,32.86761,267.307,0.87390137,1.0801392,1.3893899
159,1.4486799,236.41249,0.9525919,235.4323,-0.49608803,-0.9801941,1.0985826
159,259.47195,25.606083,258.0885,29.502766,-1.3834534,3.8966827,4.1349826
159,88.20386,204.63818,80.859314,213.70222,-7.3445435,9.064041,11.666155
159,231.46039,4.1355953,229.38959,3.684904,-2.0708008,-0.45069122,2.1192777
159,177.62561,120.98312,177.8046,122.90407,0.1789856,1.9209442,1.9292648
159,184.29645,111.72246,133.38495,167.7228,-50.9115,56.000336,75.68368
159,249.94931,42.755287,229.0316,80.87291,-20.91771,38.117622,43.479923
159,194.16023,33.569405,219.83289,0.38994503,25.672653,-33.17946,41.951897
159,221.34229,5.5607567,220.13266,3.343882,-1.2096252,-2.2168746,2.5254161
159,148.98854,82.214226,147.6249,81.07832,-1.3636475,-1.1359024,1.77477
160,64.93701,238.03885,67.10806,237.02457,2.171051,-1.0142822,2.3962953
160,2.4186897,236.55078,1.3034897,236.19884,-1.1152,-0.35194397,1.1694168
160,228.60185,68.36461,233.33205,69.97755,4.730194,1.6129379,4.99763
160,30.955526,268.6251,32.2298,269.01834,1.2742748,0.3932495,1.3335748
160,84.19197,213.58855,84.65856,214.35121,0.46659088,0.7626648,0.89407194
160,2.7606134,237.22128,1.5954342,236.94592,-1.1651793,-0.2753601,1.1972743
160,86.001366,215.4724,85.21501,216.99995,-0.78635406,1.5275574,1.7180758
160,196.8915,29.11063,194.72084,29.305347,-2.1706543,0.1947174,2.1793702
160,32.86761,267.307,33.788082,267.78244,0.9204712,0.47543335,1.036004
160,0.9525919,235.4323,-0.11424351,234.91891,-1.0668354,-0.51338196,1.1839336
160,258.0885,29.502766,247.36342,44.969418,-10.725082,15.466652,18.821388
160,80.859314,213.70222,79.11662,216.89246,-1.742691,3.1902313,3.635182
160,229.38959,3.684904,228.21715,2.9949574,-1.1724396,-0.68994665,1.3603827
160,177.8046,122.90407,167.85661,135.13446,-9.947983,12.230392,15.7653055
160,220.13266,3.343882,218.3276,2.9397511,-1.8050537,-0.40413094,1.8497407
160,147.6249,81.07832,144.66298,81.9701,-2.961914,0.89177704,3.093251
161,67.10806,237.02457,69.80286,235.42499,2.6947937,-1.5995789,3.1337783
161,1.3034897,236.19884,0.43656826,235.79616,-0.8669214,-0.40267944,0.9558784
161,233.33205,69.97755,230.00311,72.17421,-3.3289337,2.196663,3.988374
161,32.2298,269.01834,33.002594,269.09277,0.7727928,0.07443237,0.7763691
161,84.65856,214.35121,85.11508,214.85066,0.45652008,0.49945068,0.6766547
161,1.5954342,236.94592,0.80649567,236.50618,-0.7889385,-0.43974304,0.90321535
161,85.21501,216.99995,88.014,215.02646,2.7989883,-1.9734955,3.4247656
161,194.72084,29.305347,186.31206,29.343128,-8.408783,0.03778076,8.408868
161,33.788082,267.78244,35.033257,267.6253,1.2451744,-0.15713501,1.2550501
161,-0.11424351,234.91891,-1.0983915,234.6263,-0.984148,-0.2926178,1.026729
161,247.36342,44.969418,246.1004,46.29147,-1.2630157,1.322052,1.8283955
161,79.11662,216.89246,79.7682,216.84938,0.6515808,-0.04307556,0.6530031
161,228.21715,2.9949574,226.51505,3.4123378,-1.7021027,0.41738033,1.7525295
161,167.85661,135.13446,168.88992,135.0166,1.0333099,-0.11785889,1.0400097
161,218.3276,2.9397511,216.34795,3.411919,-1.97966,0.47216797,2.0351896
161,144.66298,81.9701,142.37218,82.79497,-2.290802,0.82486725,2.4347854
162,69.80286,235.42499,70.25275,235.37733,0.44989014,-0.0476532,0.45240685
162,0.43656826,235.79616,0.337265,235.43047,-0.099303246,-0.36569214,0.3789352
162,230.00311,72.17421,230.37193,73.45647,0.3688202,1.2822571,1.3342457
162,33.002594,269.09277,33.090454,269.19617,0.08786011,0.103393555,0.13568208
162,85.11508,214.85066,85.3029,215.77805,0.18782043,0.9273834,0.9462117
162,0.80649567,236.50618,0.714262,236.14879,-0.09223366,-0.35739136,0.3691011
162,88.014,215.02646,87.77592,216.1717,-0.23808289,1.1452484,1.1697339
162,186.31206,29.343128,186.12796,28.108986,-0.18409729,-1.2341423,1.2477976
162,35.033257,267.6253,35.04734,267.7179,0.014083862,0.09259033,0.09365535
162,-1.0983915,234.6263,-1.1650343,234.20013,-0.06664276,-0.42616272,0.431342
162,246.1004,46.29147,247.54813,46.025738,1.4477234,-0.2657318,1.471909
162,79.7682,216.84938,79.719185,217.9674,-0.04901886,1.1180267,1.1191008
162,226.51505,3.4123378,226.62167,1.9697027,0.10662842,-1.442635,1.4465703
162,168.88992,135.0166,165.72644,137.4608,-3.1634827,2.4441986,3.9977155
162,216.34795,3.411919,216.25845,1.9087181,-0.0894928,-1.503201,1.5058626
162,142.37218,82.79497,142.39854,81.95358,0.026367188,-0.8413849,0.84179795
163,70.25275,235.37733,70.1513,234.81024,-0.10144806,-0.5670929,0.5760955
163,0.337265,235.43047,0.1432581,234.5854,-0.19400692,-0.84506226,0.86704606
163,230.37193,73.45647,230.5394,73.76825,0.16746521,0.31178284,0.3539112
163,33.090454,269.19617,33.24917,269.2885,0.1587143,0.09234619,0.18362474
163,85.3029,215.77805,85.23794,216.01184,-0.064964294,0.23379517,0.24265312
163,0.714262,236.14879,0.54140663,235.28162,-0.17285538,-0.86717224,0.8842322
163,87.77592,216.1717,87.75819,216.40115,-0.017730713,0.22944641,0.23013048
163,35.04734,267.7179,34.971268,267.92862,-0.07607269,0.21072388,0.22403483
163,-1.1650343,234.20013,-1.4455032,233.463,-0.28046894,-0.73713684,0.78869104
163,247.54813,46.025738,247.5126,45.243492,-0.03552246,-0.78224564,0.7830518
163,79.719185,217.9674,79.63113,217.9914,-0.08805847,0.023986816,0.09126698
163,226.62167,1.9697027,227.12166,1.4800663,0.49998474,-0.48963642,0.6998061
163,165.72644,137.4608,164.5595,137.77257,-1.1669464,0.31176758,1.2078754
163,142.39854,81.95358,143.5922,80.66023,1.1936493,-1.2933502,1.7599868
164,70.1513,234.81024,70.11005,234.85928,-0.041252136,0.049041748,0.06408457
164,0.1432581,234.5854,-0.019061089,234.7822,-0.16231918,0.1967926,0.25509772
164,33.24917,269.2885,32.950073,269.279,-0.29909515,-0.009521484,0.29924667
164,85.23794,216.01184,85.0326,216.27744,-0.20533752,0.26559448,0.33571404
164,0.54140663,235.28162,0.4078598,235.44809,-0.13354683,0.16647339,0.21342011
164,87.75819,216.40115,87.649284,216.64804,-0.10890198,0.2468872,0.26983872
164,34.971268,267.92862,34.87689,267.83258,-0.094379425,-0.09603882,0.13465114
164,-1.4455032,233.463,-1.6534338,233.6701,-0.20793056,0.20710754,0.29347682
164,247.5126,45.243492,247.56804,45.17399,0.05543518,-0.069503784,0.08890352
164,79.63113,217.9914,79.55363,218.13272,-0.07749939,0.1413269,0.16118142
164,227.12166,1.4800663,227.77365,0.95143604,0.6519928,-0.52863026,0.8393715
164,143.5922,80.66023,144.3264,80.1479,0.73420715,-0.5123291,0.89528835
165,70.11005,234.85928,68.67085,235.66722,-1.4391937,0.8079376,1.6504672
165,-0.019061089,234.7822,-0.5089245,236.03516,-0.4898634,1.2529602,1.3453162
165,32.950073,269.279,32.827988,268.8474,-0.12208557,-0.4315796,0.44851515
165,0.4078598,235.44809,-0.13119602,236.73245,-0.5390558,1.2843628,1.3928995
165,34.87689,267.83258,34.574684,267.5745,-0.30220413,-0.25808716,0.39741203
165,247.56804,45.17399,247.01564,45.589695,-0.5523987,0.41570663,0.69134384
165,79.55363,218.13272,78.42065,218.46194,-1.1329803,0.32922363,1.1798444
165,144.3264,80.1479,145.24113,80.406654,0.9147339,0.25875092,0.9506262
166,68.67085,235.66722,67.00615,236.68405,-1.6647034,1.0168304,1.9506874
166,-0.5089245,236.03516,-0.11360836,237.39326,0.39531612,1.3581085,1.4144729
166,32.827988,268.8474,32.449844,268.47827,-0.3781433,-0.36914062,0.52844787
166,-0.13119602,236.73245,0.41091156,237.97398,0.5421076,1.2415314,1.3547254
166,34.574684,267.5745,33.990982,267.13867,-0.5837021,-0.43582153,0.72845626
166,247.01564,45.589695,245.24797,46.338696,-1.7676697,0.74900055,1.9198067
166,78.42065,218.46194,75.405876,220.67065,-3.0147705,2.2087097,3.737277
166,145.24113,80.406654,146.74623,79.96015,1.5050964,-0.4465027,1.56993
167,67.00615,236.68405,64.12323,238.08643,-2.8829193,1.4023743,3.2059128
167,-0.11360836,237.39326,-0.012296677,237.96466,0.10131168,0.5713959,0.58030796
167,32.449844,268.47827,32.39901,267.01233,-0.050834656,-1.4659424,1.4668236
167,0.41091156,237.97398,0.9750595,238.2121,0.56414795,0.2381134,0.6123405
167,33.990982,267.13867,37.30062,263.05106,3.309639,-4.087616,5.2594976
167,245.24797,46.338696,245.17369,45.7169,-0.074279785,-0.62179565,0.6262167
167,75.405876,220.67065,78.37479,216.30972,2.9689102,-4.3609314,5.2756186
167,146.74623,79.96015,155.99635,72.96704,9.250122,-6.9931107,11.596049
168,64.12323,238.08643,61.135853,238.99419,-2.9873772,0.9077606,3.122251
168,-0.012296677,237.96466,0.05228901,238.88042,0.064585686,0.9157562,0.9180309
168,32.39901,267.01233,32.166832,265.6867,-0.23217773,-1.3256226,1.3458016
168,0.9750595,238.2121,0.81613827,239.27908,-0.15892124,1.0669861,1.0787563
168,37.30062,263.05106,36.53663,262.27777,-0.7639923,-0.7732849,1.087039
168,245.17369,45.7169,242.77666,46.992294,-2.3970337,1.2753944,2.7152166
168,78.37479,216.30972,77.387215,215.3814,-0.9875717,-0.92832947,1.3553942
168,155.99635,72.96704,157.5002,73.19779,1.5038452,0.23075104,1.5214455
169,61.135853,238.99419,59.24128,239.45198,-1.8945732,0.4577942,1.949098
169,0.05228901,238.88042,0.40783596,239.27989,0.35554695,0.3994751,0.5347841
169,32.166832,265.6867,32.877865,262.8016,0.71103287,-2.8851013,2.9714267
169,0.81613827,239.27908,1.158226,239.69595,0.34208775,0.41687012,0.5392631
169,36.53663,262.27777,36.343773,260.48618,-0.19285583,-1.7915955,1.8019454
169,242.77666,46.992294,237.94083,49.34069,-4.8358307,2.3483963,5.3758926
169,77.387215,215.3814,76.04187,214.50702,-1.3453445,-0.8743744,1.6045194
169,157.5002,73.19779,172.30649,60.02652,14.80629,-13.171272,19.816877
170,59.24128,239.45198,56.14182,239.3542,-3.0994606,-0.09777832,3.1010025
170,0.40783596,239.27989,1.018136,239.57167,0.61030006,0.29177856,0.67646205
170,32.877865,262.8016,32.3718,260.3546,-0.50606537,-2.446991,2.498773
170,1.158226,239.69595,1.5254927,240.1602,0.36726665,0.46424866,0.5919557
170,36.343773,260.48618,35.99006,257.88562,-0.353714,-2.6005554,2.6245003
170,237.94083,49.34069,231.50427,53.853176,-6.436554,4.5124855,7.860773
170,76.04187,214.50702,72.70738,214.80786,-3.334488,0.3008423,3.3480318
171,56.14182,239.3542,54.449265,238.37338,-1.6925545,-0.9808197,1.9562075
171,1.018136,239.57167,1.9369307,238.145,0.91879463,-1.4266663,1.6969266
171,32.3718,260.3546,31.490484,258.24323,-0.88131523,-2.1113892,2.2879426
171,1.5254927,240.1602,2.7521105,238.49506,1.2266178,-1.6651459,2.0681639
171,35.99006,257.88562,35.28009,255.73619,-0.70996857,-2.1494293,2.263648
171,231.50427,53.853176,227.99236,54.026234,-3.511917,0.17305756,3.5161784
171,72.70738,214.80786,72.620094,211.58032,-0.0872879,-3.227539,3.2287192
172,54.449265,238.37338,52.50937,238.26544,-1.9398956,-0.107940674,1.9428964
172,1.9369307,238.145,1.9736204,238.61261,0.03668976,0.4676056,0.46904278
172,31.490484,258.24323,30.553291,257.18805,-0.9371929,-1.0551758,1.4112854
172,2.7521105,238.49506,2.7900457,238.95969,0.037935257,0.46463013,0.46617618
172,35.28009,255.73619,34.353107,254.39417,-0.9269829,-1.3420258,1.6310519
172,227.99236,54.026234,225.80244,53.971626,-2.189911,-0.05460739,2.1905916
172,72.620094,211.58032,69.49188,212.25903,-3.128212,0.67871094,3.2009935
173,52.50937,238.26544,50.98708,238.77742,-1.5222893,0.51197815,1.6060779
173,1.9736204,238.61261,2.115097,239.58954,0.14147663,0.9769287,0.98711973
173,30.553291,257.18805,30.420979,256.4016,-0.13231277,-0.786438,0.79749066
173,2.7900457,238.95969,3.0558872,239.8368,0.26584148,0.877121,0.91652215
173,34.353107,254.39417,34.023903,253.60239,-0.32920456,-0.79177856,0.85748994
173,225.80244,53.971626,223.8577,55.025074,-1.9447479,1.0534477,2.2117407
173,69.49188,212.25903,68.520645,212.50719,-0.9712372,0.24815369,1.0024381
174,50.98708,238.77742,50.009174,238.40945,-0.9779053,-0.3679657,1.0448433
174,2.115097,239.58954,2.0024118,240.3519,-0.1126852,0.7623596,0.7706427
174,30.420979,256.4016,29.666384,255.88011,-0.7545948,-0.52149963,0.91726506
174,3.0558872,239.8368,2.9668484,240.55702,-0.08903885,0.72021484,0.7256978
174,34.023903,253.60239,33.652763,252.8741,-0.37113953,-0.72828674,0.81740206
174,223.8577,55.025074,222.96477,54.637623,-0.8929291,-0.38745117,0.97336566
174,68.520645,212.50719,67.00607,212.42859,-1.5145721,-0.07859802,1.5166103
175,50.009174,238.40945,49.86345,238.49873,-0.14572525,0.089279175,0.17089944
175,2.0024118,240.3519,2.2215662,240.78421,0.21915436,0.432312,0.48468783
175,29.666384,255.88011,29.462524,255.82281,-0.20385933,-0.057296753,0.21175823
175,2.9668484,240.55702,3.1853437,240.98724,0.21849537,0.43022156,0.48252544
175,33.652763,252.8741,33.21263,252.92603,-0.44013214,0.05192566,0.44318458
175,222.96477,54.637623,222.12868,54.93535,-0.8360901,0.29772568,0.88751745
175,67.00607,212.42859,67.00714,212.49493,0.0010681152,0.066345215,0.06635381
176,49.86345,238.49873,49.22702,238.35036,-0.63642883,-0.14837646,0.65349615
176,2.2215662,240.78421,3.1334362,240.51743,0.91187,-0.26678467,0.95009524
176,29.462524,255.82281,29.291922,255.53638,-0.1706028,-0.286438,0.3333947
176,3.1853437,240.98724,4.05838,240.77043,0.8730364,-0.21681213,0.89955544
176,33.21263,252.92603,32.886665,252.5833,-0.32596588,-0.34272766,0.47298625
176,222.12868,54.93535,221.17407,55.588566,-0.9546051,0.6532173,1.1567038
176,67.00714,212.49493,66.435,212.55618,-0.57214355,0.06124878,0.5754126
177,49.22702,238.35036,48.98254,238.73976,-0.24448013,0.3894043,0.45978934
177,3.1334362,240.51743,3.1038299,240.57318,-0.029606342,0.055755615,0.063128635
177,29.291922,255.53638,29.099949,255.572,-0.19197273,0.035629272,0.19525105
177,4.05838,240.77043,4.0022125,240.85793,-0.056167603,0.0874939,0.10397106
177,32.886665,252.5833,32.764877,252.62897,-0.121788025,0.045669556,0.13006933
177,221.17407,55.588566,220.99945,55.70205,-0.17462158,0.11348343,0.2082575
177,66.435,212.55618,66.26668,212.8147,-0.1683197,0.2585144,0.3084821
178,48.98254,238.73976,49.185555,238.6991,0.20301437,-0.040664673,0.20704697
178,3.1038299,240.57318,3.6208577,240.08502,0.51702785,-0.48815918,0.7110677
178,29.099949,255.572,29.076883,255.5862,-0.023065567,0.014190674,0.02708128
178,4.0022125,240.85793,4.5279455,240.3448,0.525733,-0.51312256,0.7346359
178,32.764877,252.62897,32.764576,252.62973,-0.00030136108,0.00076293945,0.0008203018
178,220.99945,55.70205,220.97768,55.610546,-0.021774292,-0.09150314,0.0940582
178,66.26668,212.8147,66.261795,212.83812,-0.0048828125,0.023422241,0.023925787
179,49.185555,238.6991,49.238853,238.5053,0.05329895,-0.19380188,0.20099738
179,3.6208577,240.08502,3.738493,240.10179,0.11763525,0.01676941,0.11882451
179,29.076883,255.5862,29.164722,255.95557,0.08783913,0.3693695,0.37967032
179,4.5279455,240.3448,4.5931816,240.39914,0.06523609,0.054336548,0.08490116
179,32.764576,252.62973,33.07498,252.97429,0.31040573,0.34455872,0.463759
179,220.97768,55.610546,221.62608,54.567497,0.648407,-1.0430489,1.2281623
179,66.261795,212.83812,66.81473,212.50409,0.55293274,-0.33403015,0.6459959
180,49.238853,238.5053,48.545574,238.51344,-0.69327927,0.008148193,0.6933272
180,3.738493,240.10179,3.3901367,240.53867,-0.34835625,0.4368744,0.55875874
180,29.164722,255.95557,29.019993,255.31847,-0.14472961,-0.6371002,0.6533325
180,4.5931816,240.39914,4.23239,240.86156,-0.36079168,0.4624176,0.5865157
180,33.07498,252.97429,32.921974,252.20842,-0.1530075,-0.76586914,0.7810037
180,221.62608,54.567497,221.16684,54.71772,-0.45924377,0.15022278,0.48318914
180,66.81473,212.50409,66.80551,212.19759,-0.009216309,-0.3065033,0.30664185
181,48.545574,238.51344,48.86686,238.49873,0.32128525,-0.014709473,0.3216218
181,3.3901367,240.53867,3.5031772,240.33821,0.11304045,-0.20045471,0.2301309
181,29.019993,255.31847,28.69548,255.83652,-0.32451248,0.51805115,0.6112981
181,4.23239,240.86156,4.3469925,240.6486,0.114602566,-0.21295166,0.24183084
181,32.921974,252.20842,32.56247,252.8375,-0.3595047,0.6290741,0.7245536
181,221.16684,54.71772,220.93304,54.853817,-0.23379517,0.13609695,0.27052274
181,66.80551,212.19759,66.57186,211.98773,-0.23365021,-0.20985413,0.314056
182,48.86686,238.49873,47.86832,237.93706,-0.998539,-0.561676,1.1456702
182,3.5031772,240.33821,3.5088105,240.36197,0.005633354,0.023757935,0.024416678
182,28.69548,255.83652,28.599354,254.83682,-0.09612656,-0.9996948,1.0043057
182,4.3469925,240.6486,4.3700614,240.66667,0.023068905,0.018066406,0.029301355
182,32.56247,252.8375,32.368073,251.75778,-0.19439697,-1.0797119,1.0970725
182,220.93304,54.853817,220.03947,54.22722,-0.89356995,-0.62659836,1.0913719
182,66.57186,211.98773,65.32814,212.38223,-1.243721,0.39450073,1.3047885
183,47.86832,237.93706,47.154404,237.82852,-0.7139168,-0.10853577,0.7221199
183,3.5088105,240.36197,2.8763967,241.21289,-0.63241386,0.85092163,1.0601957
183,28.599354,254.83682,28.227013,254.12634,-0.37234116,-0.71047974,0.8021343
183,4.3700614,240.66667,3.7391005,241.5396,-0.63096094,0.8729248,1.0770837
183,32.368073,251.75778,31.958652,251.08095,-0.40942,-0.6768341,0.7910304
183,220.03947,54.22722,218.89336,54.064724,-1.1461182,-0.16249466,1.1575799
183,65.32814,212.38223,62.973995,213.4017,-2.354145,1.0194702,2.565408
184,47.154404,237.82852,45.914986,237.82721,-1.239418,-0.0013122559,1.2394187
184,2.8763967,241.21289,2.8226442,242.8473,-0.053752422,1.6344147,1.6352984
184,28.227013,254.12634,27.897396,253.47812,-0.32961655,-0.6482239,0.72721475
184,3.7391005,241.5396,3.6776028,243.15488,-0.06149769,1.6152802,1.6164504
184,31.958652,251.08095,31.634851,250.34042,-0.32380104,-0.7405243,0.80822235
184,218.89336,54.064724,217.89757,53.61954,-0.9957886,-0.4451828,1.0907716
184,62.973995,213.4017,60.17114,215.5562,-2.8028564,2.1544952,3.5352304
185,45.914986,237.82721,44.431026,237.35779,-1.4839592,-0.4694214,1.5564355
185,2.8226442,242.8473,3.1303272,243.94005,0.307683,1.0927429,1.1352339
185,27.897396,253.47812,27.524124,252.4384,-0.37327194,-1.0397186,1.104693
185,3.6776028,243.15488,3.7918897,244.45071,0.1142869,1.2958374,1.3008674
185,31.634851,250.34042,31.325071,249.34142,-0.30978012,-0.9990082,1.0459355
185,217.89757,53.61954,214.98387,54.682865,-2.9136963,1.063324,3.1016583
185,60.17114,215.5562,57.456524,216.75143,-2.7146149,1.1952362,2.9660957
186,44.431026,237.35779,42.301914,237.31062,-2.1291122,-0.047164917,2.1296346
186,3.1303272,243.94005,3.4491453,246.15164,0.3188181,2.2115936,2.2344553
186,27.524124,252.4384,26.931538,251.52432,-0.5925865,-0.91407776,1.0893562
186,3.7918897,244.45071,4.0569706,246.75374,0.26508093,2.3030243,2.3182297
186,31.325071,249.34142,30.246077,248.78023,-1.0789948,-0.56118774,1.2162077
186,214.98387,54.682865,214.1092,53.189857,-0.8746643,-1.4930077,1.7303495
186,57.456524,216.75143,54.306488,218.2276,-3.1500359,1.4761658,3.4787629
187,42.301914,237.31062,39.8647,236.16087,-2.437214,-1.1497498,2.694798
187,3.4491453,246.15164,3.5412812,248.35312,0.092135906,2.201477,2.2034042
187,26.931538,251.52432,26.808754,248.88744,-0.12278366,-2.6368866,2.6397436
187,4.0569706,246.75374,4.2392645,248.84676,0.18229389,2.0930176,2.1009412
187,30.246077,248.78023,29.647625,246.49359,-0.5984516,-2.2866364,2.3636518
187,214.1092,53.189857,210.23495,53.835094,-3.8742523,0.64523697,3.9276152
187,54.306488,218.2276,50.08122,220.64868,-4.2252693,2.4210815,4.869757
188,39.8647,236.16087,37.433655,234.99188,-2.4310455,-1.1689911,2.697503
188,3.5412812,248.35312,4.889368,249.83308,1.3480868,1.4799652,2.0019078
188,26.808754,248.88744,26.346298,246.70636,-0.46245575,-2.181076,2.2295647
188,4.2392645,248.84676,5.50493,250.33122,1.2656655,1.4844666,1.950782
188,29.647625,246.49359,28.139603,245.25066,-1.5080223,-1.2429352,1.9542311
188,210.23495,53.835094,211.01027,50.47248,0.77531433,-3.3626137,3.450838
188,50.08122,220.64868,46.952335,221.25494,-3.1288834,0.6062622,3.1870778
189,37.433655,234.99188,35.38944,233.3015,-2.0442162,-1.6903839,2.652587
189,4.889368,249.83308,4.9842067,251.98262,0.09483862,2.1495361,2.1516273
189,26.346298,246.70636,28.251703,242.42621,1.905405,-4.2801514,4.685111
189,5.50493,250.33122,5.342265,252.52377,-0.16266489,2.1925507,2.1985762
189,28.139603,245.25066,27.672522,242.88145,-0.46708107,-2.3692017,2.4148047
189,211.01027,50.47248,219.11925,38.22986,8.108978,-12.242622,14.684595
189,46.952335,221.25494,39.244,229.0901,-7.708336,7.8351593,10.991277
190,35.38944,233.3015,32.184032,233.85248,-3.2054062,0.5509796,3.2524157
190,4.9842067,251.98262,3.1465197,256.01163,-1.837687,4.029007,4.428317
190,28.251703,242.42621,27.726055,240.3727,-0.5256481,-2.0535126,2.1197217
190,5.342265,252.52377,3.1411858,256.5114,-2.2010794,3.9876404,4.5547805
190,27.672522,242.88145,27.356417,240.65292,-0.3161049,-2.228531,2.250838
190,219.11925,38.22986,109.713326,151.32355,-109.40592,113.09369,157.35258
190,39.244,229.0901,34.72766,232.03262,-4.5163383,2.9425201,5.3903375
191,32.184032,233.85248,28.415878,235.73259,-3.7681541,1.8801117,4.2111526
191,3.1465197,256.01163,0.358243,257.84366,-2.7882767,1.8320312,3.3362892
191,27.726055,240.3727,28.84945,237.53636,1.123394,-2.8363342,3.050706
191,3.1411858,256.5114,0.97635937,257.49506,-2.1648264,0.9836426,2.3778195
191,27.356417,240.65292,29.921118,236.76454,2.564701,-3.888382,4.658026
191,109.713326,151.32355,40.68499,222.9946,-69.028336,71.67105,99.507034
191,34.72766,232.03262,28.47242,236.7153,-6.2552414,4.682678,7.813803
192,28.415878,235.73259,41.017685,221.23248,12.601807,-14.500107,19.2109
192,0.358243,257.84366,-1.7034044,259.8764,-2.0616474,2.0327454,2.895245
192,28.84945,237.53636,33.20936,232.65826,4.359909,-4.8780975,6.542526
192,0.97635937,257.49506,-1.6227942,259.89148,-2.5991535,2.3964233,3.5353138
192,29.921118,236.76454,29.838074,235.71315,-0.08304405,-1.0513916,1.054666
192,40.68499,222.9946,38.37244,225.03848,-2.3125496,2.0438843,3.0863163
192,28.47242,236.7153,37.305862,226.18475,8.833443,-10.530548,13.744895
193,-1.7034044,259.8764,-2.2017756,260.04584,-0.49837112,0.1694336,0.5263853
193,33.20936,232.65826,23.398787,240.79245,-9.810572,8.134186,12.744108
193,-1.6227942,259.89148,-2.0849361,260.02203,-0.462142,0.1305542,0.4802287
193,29.838074,235.71315,29.464846,235.16478,-0.37322807,-0.54837036,0.6633319
193,38.37244,225.03848,33.931023,230.79039,-4.4414177,5.7519073,7.267092
193,37.305862,226.18475,23.66744,241.42183,-13.638422,15.237076,20.44933
194,-2.2017756,260.04584,-3.6337795,260.55853,-1.432004,0.5126953,1.5210167
194,23.398787,240.79245,33.3134,231.77576,9.914614,-9.016693,13.4015045
194,-2.0849361,260.02203,-3.402565,260.4427,-1.3176289,0.4206543,1.3831471
194,29.464846,235.16478,29.629972,234.57657,0.1651268,-0.58821106,0.61094934
194,33.931023,230.79039,29.97188,234.5155,-3.9591427,3.725113,5.4361086
194,23.66744,241.42183,32.586205,233.24063,8.918764,-8.181198,12.102741
