frame,x_old,y_old,x_new,y_new,dx,dy,displacement
0,304.0,239.0,304.06888,238.50128,0.068878174,-0.49871826,0.5034522
0,36.0,377.0,35.38353,376.44925,-0.61647034,-0.55075073,0.8266571
0,64.0,462.0,63.475048,461.10556,-0.52495193,-0.8944397,1.0371099
0,53.0,351.0,52.43725,350.20148,-0.56275177,-0.79852295,0.97689736
0,40.0,402.0,39.531723,401.40967,-0.46827698,-0.59033203,0.7535086
0,315.0,292.0,314.88757,290.66254,-0.11242676,-1.3374634,1.3421804
0,263.0,372.0,262.2071,371.4769,-0.7929077,-0.5231018,0.9499148
0,122.0,146.0,123.89055,146.14131,1.8905487,0.14131165,1.8958226
0,128.0,243.0,128.06314,242.38531,0.06314087,-0.61468506,0.6179195
0,76.0,473.0,76.039536,472.11108,0.039535522,-0.888916,0.88979477
0,173.0,381.0,167.77402,380.504,-5.2259827,-0.4960022,5.249468
0,22.0,349.0,22.18681,347.99805,0.18680954,-1.0019531,1.0192193
0,76.0,326.0,75.3059,325.4648,-0.6940994,-0.53518677,0.87646955
0,53.0,147.0,52.25659,146.6927,-0.7434082,-0.30729675,0.8044172
0,900.0,308.0,896.9653,303.3134,-3.034729,-4.686615,5.5833626
0,868.0,194.0,867.3517,193.7978,-0.6483154,-0.20219421,0.6791137
0,153.0,561.0,139.28429,560.1415,-13.7157135,-0.8585205,13.742557
0,146.0,332.0,150.23848,332.95557,4.2384796,0.9555664,4.344861
0,130.0,374.0,129.50098,373.3629,-0.49902344,-0.63708496,0.80925995
0,338.0,144.0,346.24545,143.76375,8.245453,-0.23625183,8.248837
0,773.0,146.0,771.3437,145.8855,-1.656311,-0.11450195,1.6602641
0,1.0,158.0,-1.2069359,156.29588,-2.206936,-1.7041168,2.7882934
0,819.0,559.0,811.6567,558.3027,-7.3433228,-0.69732666,7.3763576
0,383.0,466.0,378.59348,468.09924,-4.4065247,2.0992432,4.8810124
0,985.0,146.0,986.55774,145.74693,1.5577393,-0.25306702,1.5781617
0,669.0,141.0,669.64124,140.37697,0.64123535,-0.6230316,0.8940644
0,318.0,310.0,317.79932,308.4395,-0.2006836,-1.5604858,1.5733372
0,225.0,350.0,222.72389,348.42242,-2.2761078,-1.5775757,2.7693703
0,874.0,71.0,873.6415,76.61248,-0.3585205,5.61248,5.6239195
0,623.0,197.0,624.6718,196.58817,1.671814,-0.41183472,1.7217926
0,666.0,193.0,673.7124,192.63889,7.7124023,-0.3611145,7.720852
0,661.0,432.0,667.4477,439.07025,6.447693,7.0702515,9.568762
0,835.0,53.0,836.0257,48.669224,1.0256958,-4.330776,4.4505816
0,997.0,235.0,999.5613,231.82793,2.5612793,-3.1720734,4.0770335
0,15.0,231.0,15.675395,230.23752,0.675395,-0.7624817,1.0185955
0,294.0,148.0,294.61996,147.45476,0.6199646,-0.5452423,0.8256181
0,616.0,53.0,620.48773,57.008484,4.487732,4.008484,6.0172815
0,290.0,47.0,287.42444,50.30204,-2.5755615,3.30204,4.1877184
0,478.0,560.0,478.27353,559.2365,0.27352905,-0.76348877,0.81100756
0,231.0,336.0,233.07184,335.68292,2.0718384,-0.31707764,2.095961
0,263.0,188.0,261.0078,187.23619,-1.9921875,-0.7638092,2.1335921
0,816.0,127.0,808.4622,127.72923,-7.537781,0.7292328,7.572973
0,599.0,276.0,596.624,271.38837,-2.3759766,-4.6116333,5.187719
0,160.0,148.0,153.06573,147.4628,-6.934265,-0.5372009,6.955043
0,790.0,151.0,780.9002,150.57408,-9.0997925,-0.42591858,9.109755
0,198.0,463.0,197.13419,462.40402,-0.8658142,-0.5959778,1.051106
0,758.0,251.0,767.85864,250.53836,9.858643,-0.4616394,9.869445
0,620.0,294.0,614.4094,286.17496,-5.590576,-7.8250427,9.616956
0,88.0,371.0,87.621796,370.0637,-0.37820435,-0.9363098,1.0098091
0,215.0,136.0,210.31227,135.70435,-4.687729,-0.2956543,4.697043
1,304.06888,238.50128,304.1913,238.08112,0.12243652,-0.42016602,0.43764162
1,35.38353,376.44925,35.061707,375.89932,-0.32182312,-0.54992676,0.63717306
1,63.475048,461.10556,63.148926,460.3956,-0.32612228,-0.70996094,0.7812812
1,52.43725,350.20148,51.824364,349.68976,-0.6128845,-0.51171875,0.7984256
1,39.531723,401.40967,39.079144,400.34158,-0.4525795,-1.0680847,1.1600144
1,314.88757,290.66254,315.0083,290.8978,0.12072754,0.23526001,0.26442847
1,262.2071,371.4769,261.68808,370.99408,-0.51901245,-0.4828186,0.7088637
1,123.89055,146.14131,129.37447,145.40515,5.483917,-0.7361603,5.5331078
1,128.06314,242.38531,128.0752,241.87639,0.012054443,-0.5089264,0.50906914
1,76.039536,472.11108,74.85859,471.31558,-1.1809464,-0.7955017,1.4238881
1,167.77402,380.504,166.91081,379.73428,-0.86320496,-0.76971436,1.1565393
1,22.18681,347.99805,21.948612,347.31876,-0.23819733,-0.6792908,0.719843
1,75.3059,325.4648,73.770706,326.66827,-1.5351944,1.2034607,1.9506767
1,52.25659,146.6927,52.20117,146.36232,-0.055419922,-0.3303833,0.33499923
1,896.9653,303.3134,899.79614,297.77466,2.8308716,-5.538727,6.2202353
1,867.3517,193.7978,872.2419,193.33214,4.8901978,-0.46566772,4.912319
1,139.28429,560.1415,155.83511,559.4308,16.550827,-0.71069336,16.566078
1,150.23848,332.95557,146.22466,327.2374,-4.0138245,-5.71817,6.986291
1,129.50098,373.3629,128.1916,372.50983,-1.309372,-0.8530884,1.5627587
1,346.24545,143.76375,352.5684,143.53952,6.322937,-0.2242279,6.326912
1,771.3437,145.8855,767.8974,145.30061,-3.446289,-0.58488464,3.4955683
1,-1.2069359,156.29588,0.9822626,157.15067,2.1891985,0.8547821,2.350158
1,811.6567,558.3027,814.25287,557.5458,2.5961914,-0.756897,2.704275
1,378.59348,468.09924,384.54733,455.50262,5.9538574,-12.596619,13.932812
1,986.55774,145.74693,979.6643,145.31581,-6.8934326,-0.43112183,6.906901
1,669.64124,140.37697,662.5554,139.95343,-7.0858154,-0.4235382,7.0984626
1,317.79932,308.4395,318.03156,308.6113,0.23223877,0.17178345,0.28886744
1,222.72389,348.42242,218.42426,349.7468,-4.299637,1.3243713,4.498982
1,873.6415,76.61248,874.63464,86.98551,0.99316406,10.373032,10.420468
1,624.6718,196.58817,624.5706,196.56639,-0.10119629,-0.021774292,0.10351236
1,673.7124,192.63889,674.6105,192.10587,0.8980713,-0.53302,1.0443382
1,667.4477,439.07025,664.4116,431.02072,-3.0360718,-8.04953,8.603062
1,836.0257,48.669224,839.1934,46.29212,3.1677246,-2.377102,3.960441
1,999.5613,231.82793,1002.0355,233.55347,2.4742432,1.7255402,3.016516
1,15.675395,230.23752,15.687574,229.45067,0.012179375,-0.78685,0.7869442
1,294.61996,147.45476,293.59274,147.2492,-1.0272217,-0.20555115,1.0475856
1,620.48773,57.008484,625.7,48.170155,5.2122803,-8.838329,10.260796
1,287.42444,50.30204,286.93073,48.859303,-0.49371338,-1.4427376,1.5248753
1,478.27353,559.2365,464.7947,558.38965,-13.478821,-0.8468628,13.505398
1,233.07184,335.68292,233.24934,338.2229,0.1775055,2.539978,2.5461729
1,261.0078,187.23619,262.2079,186.89142,1.2000732,-0.34477234,1.2486167
1,808.4622,127.72923,814.9464,126.94843,6.484192,-0.78079987,6.5310335
1,596.624,271.38837,596.53723,269.48062,-0.08679199,-1.9077454,1.9097186
1,153.06573,147.4628,162.17453,147.19081,9.108795,-0.27198792,9.112855
1,780.9002,150.57408,789.9171,149.92372,9.016907,-0.6503601,9.04033
1,197.13419,462.40402,186.58102,461.86612,-10.553162,-0.53790283,10.566861
1,767.85864,250.53836,756.49475,258.53693,-11.363892,7.9985657,13.896585
1,614.4094,286.17496,611.1666,292.39365,-3.2427979,6.218689,7.0134034
1,87.621796,370.0637,82.86548,369.50214,-4.756317,-0.56155396,4.7893524
1,210.31227,135.70435,212.98125,135.48495,2.6689758,-0.21939087,2.6779778
2,304.1913,238.08112,304.23776,237.68594,0.046447754,-0.39517212,0.39789245
2,35.061707,375.89932,34.60789,375.31674,-0.45381546,-0.58258057,0.73847723
2,63.148926,460.3956,62.71505,459.56964,-0.43387604,-0.82595825,0.932982
2,51.824364,349.68976,51.668198,348.90262,-0.15616608,-0.7871399,0.80248183
2,39.079144,400.34158,38.58384,399.8798,-0.4953041,-0.461792,0.67718387
2,315.0083,290.8978,315.24173,290.81335,0.23342896,-0.08444214,0.24823286
2,261.68808,370.99408,260.88797,370.6179,-0.80010986,-0.3761902,0.8841351
2,129.37447,145.40515,128.35802,145.04886,-1.016449,-0.35629272,1.0770855
2,128.0752,241.87639,128.30746,241.25203,0.23226929,-0.62435913,0.66616315
2,74.85859,471.31558,73.85049,470.50146,-1.0081024,-0.81411743,1.2957846
2,166.91081,379.73428,168.37595,379.258,1.4651337,-0.47628784,1.5406059
2,21.948612,347.31876,22.090073,346.46283,0.14146042,-0.8559265,0.8675375
2,73.770706,326.66827,73.42097,326.229,-0.34973907,-0.43927002,0.56149405
2,52.20117,146.36232,51.754753,146.18285,-0.44641876,-0.17947388,0.48114508
2,899.79614,297.77466,899.7575,301.86026,-0.038635254,4.085602,4.0857844
2,872.2419,193.33214,885.6164,192.97314,13.374512,-0.35899353,13.379329
2,155.83511,559.4308,141.02217,558.90283,-14.8129425,-0.5279541,14.822348
2,146.22466,327.2374,145.82823,324.36218,-0.39642334,-2.8752136,2.9024136
2,128.1916,372.50983,124.574875,371.99518,-3.6167297,-0.51464844,3.6531627
2,352.5684,143.53952,355.49808,143.34792,2.9296875,-0.19160461,2.9359465
2,767.8974,145.30061,775.00964,145.14731,7.1122437,-0.15330505,7.113896
2,0.9822626,157.15067,0.58460426,160.45819,-0.39765835,3.3075256,3.3313448
2,814.25287,557.5458,813.53094,556.9688,-0.7219238,-0.57696533,0.9241553
2,384.54733,455.50262,377.41495,454.8546,-7.1323853,-0.64801025,7.161762
2,979.6643,145.31581,980.51843,144.67049,0.854126,-0.6453247,1.0705023
2,662.5554,139.95343,674.7222,139.52866,12.166809,-0.42477417,12.174222
2,318.03156,308.6113,317.86325,308.20865,-0.16830444,-0.40264893,0.4364087
2,218.42426,349.7468,216.62741,347.89752,-1.7968445,-1.8492737,2.5784614
2,874.63464,86.98551,874.7155,90.48617,0.08087158,3.5006561,3.50159
2,624.5706,196.56639,633.4888,195.73662,8.918152,-0.82977295,8.956671
2,674.6105,192.10587,682.2959,191.73996,7.685425,-0.36590576,7.6941304
2,664.4116,431.02072,664.2882,432.9207,-0.123413086,1.8999634,1.9039674
2,839.1934,46.29212,841.71545,44.078377,2.5220337,-2.213745,3.3557894
2,1002.0355,233.55347,1007.2889,231.43213,5.253357,-2.121338,5.665495
2,15.687574,229.45067,16.286903,228.7415,0.599329,-0.7091675,0.92850083
2,293.59274,147.2492,288.04028,146.67636,-5.5524597,-0.57284546,5.5819316
2,625.7,48.170155,626.1844,42.88833,0.484375,-5.281826,5.3039894
2,286.93073,48.859303,289.59787,42.796482,2.6671448,-6.0628204,6.6235533
2,464.7947,558.38965,462.87802,557.9659,-1.916687,-0.4237671,1.9629742
2,233.24934,338.2229,231.7672,338.13812,-1.4821472,-0.08477783,1.4845699
2,262.2079,186.89142,262.31232,186.25746,0.10443115,-0.6339569,0.64250076
2,814.9464,126.94843,815.47095,126.75313,0.52453613,-0.19530487,0.55971617
2,596.53723,269.48062,602.2625,269.69736,5.725281,0.21673584,5.7293816
2,162.17453,147.19081,161.54025,146.78851,-0.63427734,-0.40229797,0.7511001
2,789.9171,149.92372,793.23206,149.80836,3.3149414,-0.115356445,3.316948
2,186.58102,461.86612,187.559,461.3622,0.97798157,-0.50390625,1.1001679
2,756.49475,258.53693,760.0509,253.62088,3.5561523,-4.916046,6.067432
2,611.1666,292.39365,610.919,288.84335,-0.24761963,-3.550293,3.5589178
2,82.86548,369.50214,83.6614,368.8061,0.7959213,-0.6960449,1.0573406
2,212.98125,135.48495,212.03535,134.86833,-0.94589233,-0.6166229,1.1291307
3,304.23776,237.68594,304.45078,237.5111,0.2130127,-0.17485046,0.275585
3,34.60789,375.31674,34.298393,374.87964,-0.30949783,-0.43710327,0.5355821
3,62.71505,459.56964,62.387905,458.76126,-0.32714462,-0.8083801,0.8720677
3,51.668198,348.90262,51.334103,348.41382,-0.334095,-0.48880005,0.5920684
3,38.58384,399.8798,38.388878,399.50018,-0.19496155,-0.37960815,0.42674625
3,315.24173,290.81335,315.4018,289.90634,0.1600647,-0.90701294,0.9210283
3,260.88797,370.6179,260.5323,370.19318,-0.35568237,-0.42471313,0.5539776
3,128.35802,145.04886,120.561775,144.77202,-7.7962418,-0.2768402,7.8011556
3,128.30746,241.25203,128.78326,240.51735,0.47579956,-0.7346802,0.8752944
3,73.85049,470.50146,75.24383,469.77106,1.3933411,-0.7304077,1.5731798
3,168.37595,379.258,167.12398,378.5432,-1.2519684,-0.7147827,1.4416445
3,22.090073,346.46283,22.116291,345.75803,0.026218414,-0.70480347,0.705291
3,73.42097,326.229,73.54051,325.16516,0.11954498,-1.0638428,1.0705384
3,51.754753,146.18285,51.64255,145.58456,-0.11220169,-0.59828186,0.6087121
3,899.7575,301.86026,905.23,306.22357,5.472473,4.363312,6.999032
3,885.6164,192.97314,874.34595,192.5861,-11.270447,-0.38703918,11.27709
3,141.02217,558.90283,139.70877,558.59863,-1.3134003,-0.30419922,1.3481681
3,145.82823,324.36218,146.72522,321.98718,0.8969879,-2.375,2.5387423
3,124.574875,371.99518,121.001114,371.6193,-3.573761,-0.375885,3.5934744
3,355.49808,143.34792,348.6998,143.28528,-6.798279,-0.06263733,6.7985673
3,775.00964,145.14731,775.5824,144.72441,0.5727539,-0.42289734,0.7119615
3,0.58460426,160.45819,-0.55667496,157.53236,-1.1412792,-2.925827,3.1405385
3,813.53094,556.9688,809.40173,556.4777,-4.1292114,-0.49108887,4.1583114
3,377.41495,454.8546,385.26447,450.25952,7.849518,-4.595093,9.0955925
3,980.51843,144.67049,980.67834,144.31442,0.15991211,-0.35606384,0.39032468
3,674.7222,139.52866,677.5425,139.06966,2.8202515,-0.45899963,2.8573587
3,317.86325,308.20865,318.2668,307.46533,0.40356445,-0.74331665,0.8458037
3,216.62741,347.89752,213.81218,346.44214,-2.8152313,-1.4553833,3.1691747
3,874.7155,90.48617,873.52454,78.29484,-1.190979,-12.19133,12.249366
3,633.4888,195.73662,623.64343,195.3964,-9.845337,-0.34022522,9.851213
3,682.2959,191.73996,668.8567,191.6178,-13.439209,-0.122161865,13.439764
3,664.2882,432.9207,662.34375,443.98035,-1.944458,11.059662,11.229294
3,841.71545,44.078377,832.3494,27.836458,-9.366028,-16.241919,18.74893
3,1007.2889,231.43213,999.6207,231.64867,-7.668152,0.21653748,7.671209
3,16.286903,228.7415,15.737274,228.68501,-0.5496292,-0.056488037,0.5525244
3,288.04028,146.67636,290.15912,146.35182,2.1188354,-0.32453918,2.143546
3,626.1844,42.88833,618.30695,38.888847,-7.8774414,-3.9994812,8.834587
3,289.59787,42.796482,292.27444,38.71737,2.6765747,-4.079113,4.878854
3,462.87802,557.9659,449.03775,557.46423,-13.840271,-0.50164795,13.8493595
3,231.7672,338.13812,232.21976,334.83316,0.45256042,-3.3049622,3.3358037
3,262.31232,186.25746,265.62433,185.76926,3.3120117,-0.48820496,3.3478
3,815.47095,126.75313,806.7866,124.66557,-8.684326,-2.087555,8.931708
3,602.2625,269.69736,599.5977,255.21126,-2.664795,-14.486099,14.729162
3,161.54025,146.78851,164.08072,146.40225,2.5404663,-0.386261,2.5696628
3,793.23206,149.80836,791.58,149.3543,-1.6520386,-0.45407104,1.7133044
3,187.559,461.3622,187.7329,460.86667,0.17388916,-0.49554443,0.5251683
3,760.0509,253.62088,762.6219,252.0298,2.570984,-1.5910797,3.0234902
3,610.919,288.84335,606.11,282.832,-4.809021,-6.0113525,7.6982493
3,83.6614,368.8061,83.02067,367.83203,-0.6407318,-0.97406006,1.1659032
3,212.03535,134.86833,212.94896,134.74034,0.91360474,-0.12799072,0.92252654
4,304.45078,237.5111,305.19812,237.4157,0.747345,-0.09539795,0.7534091
4,34.298393,374.87964,34.154167,374.60458,-0.14422607,-0.27505493,0.31057426
4,62.387905,458.76126,62.00689,458.34406,-0.38101578,-0.4172058,0.5650077
4,51.334103,348.41382,51.265568,348.00717,-0.06853485,-0.40664673,0.41238162
4,38.388878,399.50018,38.150826,399.3082,-0.23805237,-0.19198608,0.3058228
4,315.4018,289.90634,316.0131,289.8214,0.6112976,-0.08493042,0.6171693
4,260.5323,370.19318,260.11072,370.697,-0.42156982,0.5038147,0.6569249
4,120.561775,144.77202,116.59822,144.67818,-3.9635544,-0.09384155,3.9646652
4,128.78326,240.51735,129.6348,240.35283,0.851532,-0.16452026,0.86727947
4,75.24383,469.77106,75.31142,469.31696,0.067588806,-0.45410156,0.459104
4,167.12398,378.5432,161.52405,378.9366,-5.59993,0.3934021,5.6137314
4,22.116291,345.75803,22.083435,345.28055,-0.032855988,-0.47747803,0.47860712
4,73.54051,325.16516,74.1243,324.22125,0.583786,-0.9439087,1.1098512
4,51.64255,145.58456,50.98769,145.71783,-0.65486145,0.13327026,0.6682847
4,905.23,306.22357,909.65594,297.3832,4.4259644,-8.840363,9.886414
4,874.34595,192.5861,875.1953,192.56203,0.84936523,-0.02407837,0.8497065
4,139.70877,558.59863,144.77629,558.6212,5.06752,0.022583008,5.06757
4,146.72522,321.98718,153.52113,326.5981,6.7959137,4.6109314,8.212499
4,121.001114,371.6193,120.86512,371.31146,-0.13599396,-0.3078308,0.33653256
4,348.6998,143.28528,343.94083,143.24274,-4.758972,-0.042541504,4.7591624
4,775.5824,144.72441,778.7006,144.6815,3.118225,-0.042907715,3.1185203
4,-0.55667496,157.53236,-2.9597874,155.26941,-2.4031124,-2.2629547,3.3008957
4,809.40173,556.4777,816.7255,556.5609,7.3237915,0.08319092,7.3242636
4,385.26447,450.25952,387.1672,447.55273,1.9027405,-2.706787,3.3086429
4,980.67834,144.31442,976.2218,144.82097,-4.456543,0.506546,4.4852386
4,677.5425,139.06966,677.6001,139.25586,0.057617188,0.186203,0.19491357
4,318.2668,307.46533,319.2655,310.29504,0.99868774,2.829712,3.0007744
4,213.81218,346.44214,213.57455,348.46,-0.23762512,2.0178528,2.031796
4,873.52454,78.29484,871.48944,82.67865,-2.0350952,4.383812,4.8331585
4,623.64343,195.3964,623.20776,195.54622,-0.43566895,0.14982605,0.4607117
4,668.8567,191.6178,660.87366,191.41417,-7.983032,-0.20362854,7.9856286
4,662.34375,443.98035,657.81824,445.48618,-4.5255127,1.5058289,4.769464
4,832.3494,27.836458,807.5515,-3.1645746,-24.797913,-31.001034,39.69887
4,999.6207,231.64867,1000.7785,231.9043,1.1577759,0.2556305,1.185661
4,15.737274,228.68501,15.665365,228.50488,-0.07190895,-0.18013,0.19395287
4,290.15912,146.35182,285.1024,146.42642,-5.056732,0.07460022,5.0572824
4,618.30695,38.888847,616.7601,48.893013,-1.546875,10.004166,10.123051
4,292.27444,38.71737,287.30667,33.976826,-4.9677734,-4.7405434,6.866697
4,449.03775,557.46423,453.57623,557.29895,4.5384827,-0.1652832,4.5414915
4,232.21976,334.83316,231.61797,336.32312,-0.6017914,1.4899597,1.6069016
4,265.62433,185.76926,270.1983,185.58047,4.5739746,-0.18878174,4.577869
4,806.7866,124.66557,805.4543,123.84408,-1.3323364,-0.82149506,1.5652394
4,599.5977,255.21126,604.62006,254.48587,5.022339,-0.7253876,5.0744534
4,164.08072,146.40225,169.5727,146.31184,5.491974,-0.090408325,5.4927177
4,791.58,149.3543,792.3174,149.67047,0.7373657,0.31617737,0.80229443
4,187.7329,460.86667,182.27779,460.7016,-5.4551086,-0.16506958,5.457606
4,762.6219,252.0298,767.26495,244.74548,4.6430664,-7.284317,8.638248
4,606.11,282.832,612.5851,286.3357,6.4750977,3.5036926,7.3622518
4,83.02067,367.83203,82.28425,367.5733,-0.7364197,-0.25872803,0.7805473
4,212.94896,134.74034,207.15628,134.2461,-5.792679,-0.49424744,5.813726
5,305.19812,237.4157,306.11865,237.66168,0.9205322,0.24598694,0.95283216
5,34.154167,374.60458,33.88104,374.55408,-0.2731285,-0.05050659,0.27775908
5,62.00689,458.34406,61.863506,457.82477,-0.14338303,-0.5192871,0.53871864
5,51.265568,348.00717,51.313095,347.58914,0.047527313,-0.4180298,0.4207229
5,38.150826,399.3082,38.00908,398.90775,-0.14174652,-0.40045166,0.4247983
5,316.0131,289.8214,316.8449,289.7457,0.8318176,-0.07571411,0.8352564
5,260.11072,370.697,259.46063,370.66034,-0.65008545,-0.03665161,0.6511178
5,116.59822,144.67818,115.25635,144.6112,-1.3418732,-0.066970825,1.3435434
5,129.6348,240.35283,130.46362,240.27727,0.8288269,-0.07556152,0.8322641
5,75.31142,469.31696,73.38971,468.88815,-1.9217072,-0.4288025,1.9689667
5,161.52405,378.9366,157.0371,378.84842,-4.4869537,-0.0881958,4.48782
5,22.083435,345.28055,22.934437,344.98398,0.85100174,-0.29656982,0.9011979
5,74.1243,324.22125,74.338615,323.94482,0.21431732,-0.27642822,0.34977776
5,50.98769,145.71783,50.54657,145.64392,-0.44112015,-0.073913574,0.4472697
5,909.65594,297.3832,895.9655,295.1433,-13.69043,-2.2398987,13.872456
5,875.1953,192.56203,864.1748,192.492,-11.020508,-0.07002258,11.02073
5,144.77629,558.6212,140.71904,558.62396,-4.057251,0.002746582,4.057252
5,153.52113,326.5981,150.65572,325.7028,-2.8654175,-0.8953247,3.0020366
5,120.86512,371.31146,120.308235,371.29285,-0.55688477,-0.018615723,0.55719584
5,343.94083,143.24274,352.38577,143.24883,8.444946,0.006088257,8.444948
5,778.7006,144.6815,783.6876,144.62859,4.9869995,-0.05291748,4.9872804
5,-2.9597874,155.26941,-2.3320255,155.25749,0.62776184,-0.011917114,0.6278749
5,816.7255,556.5609,813.78973,556.5847,-2.935791,0.023803711,2.9358876
5,387.1672,447.55273,375.29907,450.18048,-11.868134,2.6277466,12.1555605
5,976.2218,144.82097,981.17584,144.3594,4.9540405,-0.4615631,4.975496
5,677.6001,139.25586,684.0918,138.93083,6.491699,-0.32502747,6.499831
5,319.2655,310.29504,319.99484,310.62097,0.7293396,0.32592773,0.7988524
5,213.57455,348.46,205.36359,349.52066,-8.210968,1.060669,8.279192
5,871.48944,82.67865,871.3528,89.805984,-0.13665771,7.1273346,7.1286445
5,623.20776,195.54622,627.20154,195.41641,3.9937744,-0.12980652,3.9958835
5,660.87366,191.41417,666.1359,191.28575,5.262268,-0.12841797,5.263835
5,657.81824,445.48618,652.9646,439.25186,-4.8536377,-6.234314,7.9009156
5,807.5515,-3.1645746,805.86554,6.6235642,-1.6859741,9.788139,9.93228
5,1000.7785,231.9043,996.12994,231.30634,-4.6485596,-0.5979614,4.6868606
5,15.665365,228.50488,15.495446,228.52658,-0.16991901,0.021697998,0.17129879
5,285.1024,146.42642,282.62906,146.4211,-2.4733276,-0.0053253174,2.4733334
5,616.7601,48.893013,610.69836,49.738808,-6.0617065,0.8457947,6.1204295
5,287.30667,33.976826,279.99585,23.743397,-7.3108215,-10.233429,12.576612
5,453.57623,557.29895,466.12485,557.594,12.5486145,0.29504395,12.552083
5,231.61797,336.32312,229.73138,336.20593,-1.8865814,-0.1171875,1.8902175
5,270.1983,185.58047,269.00452,185.53796,-1.1937866,-0.042510986,1.1945434
5,805.4543,123.84408,812.634,124.42893,7.1796875,0.5848541,7.203469
5,604.62006,254.48587,604.89667,257.28864,0.27661133,2.802765,2.8163815
5,169.5727,146.31184,166.06523,146.3138,-3.5074615,0.001953125,3.507462
5,792.3174,149.67047,798.8451,149.33028,6.52771,-0.3401947,6.5365686
5,182.27779,460.7016,184.52408,460.68234,2.246292,-0.019256592,2.2463746
5,767.26495,244.74548,762.335,252.09764,-4.9299316,7.3521576,8.852031
5,612.5851,286.3357,611.4784,293.27612,-1.1066895,6.9404297,7.0281096
5,82.28425,367.5733,82.1118,367.50314,-0.1724472,-0.07015991,0.18617317
5,207.15628,134.2461,205.12248,134.60391,-2.0337982,0.3578186,2.0650349
6,306.11865,237.66168,307.09903,238.23123,0.9803772,0.56954956,1.1338104
6,33.88104,374.55408,34.200184,374.38135,0.3191452,-0.17272949,0.36288998
6,61.863506,457.82477,61.848774,457.64615,-0.014732361,-0.17861938,0.1792259
6,51.313095,347.58914,51.61107,347.37866,0.29797363,-0.21047974,0.36481503
6,38.00908,398.90775,38.068092,398.89728,0.059013367,-0.010467529,0.05993452
6,316.8449,289.7457,317.6735,290.11566,0.82858276,0.3699646,0.9074267
6,259.46063,370.66034,258.97577,371.11838,-0.48486328,0.45803833,0.6670019
6,115.25635,144.6112,113.6018,145.02397,-1.6545486,0.4127655,1.7052585
6,130.46362,240.27727,131.60442,240.19913,1.1407928,-0.07814026,1.1434659
6,73.38971,468.88815,72.22967,468.75742,-1.1600418,-0.1307373,1.1673857
6,157.0371,378.84842,158.44756,378.86615,1.4104614,0.017730713,1.4105729
6,22.934437,344.98398,23.336988,344.73727,0.40255165,-0.2467041,0.47213423
6,74.338615,323.94482,74.54545,324.40393,0.20683289,0.45910645,0.503546
6,50.54657,145.64392,50.27696,146.16464,-0.26961136,0.52072144,0.58637965
6,895.9655,295.1433,897.5484,295.69357,1.5828857,0.55026245,1.6758031
6,864.1748,192.492,862.8546,192.57523,-1.3201904,0.083221436,1.3228109
6,140.71904,558.62396,163.54585,558.954,22.826813,0.3300171,22.829197
6,150.65572,325.7028,153.39137,326.43753,2.7356567,0.7347412,2.832607
6,120.308235,371.29285,121.20233,371.345,0.8940964,0.05215454,0.89561623
6,352.38577,143.24883,349.80737,143.49536,-2.5783997,0.24653625,2.5901592
6,783.6876,144.62859,767.97095,144.553,-15.716675,-0.07559204,15.716856
6,-2.3320255,155.25749,-10.134666,158.15878,-7.802641,2.901291,8.324584
6,813.78973,556.5847,815.61096,556.89557,1.821228,0.31085205,1.8475661
6,375.29907,450.18048,375.20993,457.57263,-0.089141846,7.392151,7.3926883
6,981.17584,144.3594,977.5758,144.10501,-3.6000366,-0.25439453,3.6090136
6,684.0918,138.93083,676.763,139.46928,-7.3287964,0.53845215,7.3485503
6,319.99484,310.62097,320.94302,309.71063,0.94818115,-0.91033936,1.3144449
6,205.36359,349.52066,211.55374,349.39688,6.190155,-0.1237793,6.1913924
6,871.3528,89.805984,873.1019,86.606735,1.7491455,-3.1992493,3.6461906
6,627.20154,195.41641,627.4832,195.60919,0.28167725,0.19277954,0.34132978
6,666.1359,191.28575,665.72015,191.40958,-0.41577148,0.12382507,0.4338186
6,652.9646,439.25186,655.3373,432.63593,2.3726807,-6.6159363,7.0285296
6,805.86554,6.6235642,808.61884,8.445578,2.753296,1.8220134,3.3015711
6,996.12994,231.30634,1000.58136,231.88522,4.451416,0.57888794,4.488899
6,15.495446,228.52658,13.519704,229.96167,-1.9757423,1.4350891,2.4419334
6,282.62906,146.4211,289.96548,146.81682,7.336426,0.39572144,7.3470907
6,610.69836,49.738808,619.3122,51.275295,8.613831,1.5364876,8.749792
6,279.99585,23.743397,277.11804,29.152483,-2.8778076,5.409086,6.1269884
6,466.12485,557.594,475.32516,557.7515,9.200317,0.15753174,9.201666
6,229.73138,336.20593,232.44574,338.07135,2.7143555,1.8654175,3.2935555
6,269.00452,185.53796,271.67603,185.7571,2.6715088,0.21913147,2.680481
6,812.634,124.42893,818.86615,125.94264,6.2321777,1.51371,6.413373
6,604.89667,257.28864,613.32733,263.5252,8.430664,6.2365723,10.486703
6,166.06523,146.3138,165.50758,146.80258,-0.5576477,0.4887848,0.74153996
6,798.8451,149.33028,773.7001,149.36295,-25.14502,0.032669067,25.14504
6,184.52408,460.68234,186.54736,460.97244,2.023285,0.2901001,2.0439765
6,762.335,252.09764,774.6709,255.32285,12.335876,3.2252045,12.750521
6,611.4784,293.27612,626.4026,292.51068,14.924194,-0.7654419,14.943811
6,82.1118,367.50314,84.04652,367.55353,1.9347153,0.05038452,1.9353713
6,205.12248,134.60391,203.63417,135.02902,-1.4883118,0.42510986,1.547834
7,307.09903,238.23123,307.63925,238.57475,0.54022217,0.34352112,0.64019275
7,34.200184,374.38135,34.251423,374.56873,0.051239014,0.18737793,0.19425736
7,61.848774,457.64615,61.802666,457.5939,-0.046108246,-0.052246094,0.06968231
7,51.61107,347.37866,51.776115,347.68948,0.16504669,0.31082153,0.3519239
7,38.068092,398.89728,38.307785,399.29443,0.23969269,0.39715576,0.4638807
7,317.6735,290.11566,318.44754,290.5466,0.77404785,0.43093872,0.88592225
7,258.97577,371.11838,258.28204,372.22726,-0.6937256,1.1088867,1.308008
7,113.6018,145.02397,115.57462,145.34044,1.9728241,0.3164673,1.9980457
7,131.60442,240.19913,132.67197,240.67093,1.0675507,0.47180176,1.1671596
7,72.22967,468.75742,71.74536,468.83817,-0.48430634,0.08074951,0.49099195
7,158.44756,378.86615,160.06357,379.24765,1.6160126,0.38150024,1.6604334
7,23.336988,344.73727,24.531242,344.73404,1.1942539,-0.0032348633,1.1942583
7,74.54545,324.40393,74.29932,325.4419,-0.2461319,1.0379639,1.0667473
7,50.27696,146.16464,49.865307,146.70682,-0.4116516,0.5421753,0.68074304
7,897.5484,295.69357,891.5575,298.00024,-5.990906,2.3066711,6.419633
7,862.8546,192.57523,871.5772,193.07854,8.722595,0.50331116,8.737103
7,163.54585,558.954,158.23627,559.2648,-5.3095856,0.31079102,5.3186736
7,153.39137,326.43753,156.04663,326.53143,2.6552582,0.09390259,2.656918
7,121.20233,371.345,121.81349,371.39642,0.6111603,0.05142212,0.61331975
7,349.80737,143.49536,360.17932,144.06691,10.371948,0.57154846,10.387684
7,767.97095,144.553,771.7492,145.05637,3.7782593,0.5033722,3.8116436
7,815.61096,556.89557,802.55945,556.6654,-13.051514,-0.23016357,13.053543
7,375.20993,457.57263,370.87405,457.6854,-4.3358765,0.11276245,4.3373427
7,977.5758,144.10501,974.97723,143.82556,-2.5985718,-0.27944946,2.6135545
7,676.763,139.46928,673.2982,139.69478,-3.4647827,0.22549438,3.472113
7,320.94302,309.71063,321.5684,309.46033,0.6253662,-0.25030518,0.67359895
7,211.55374,349.39688,214.69931,350.4859,3.1455688,1.0890198,3.3287487
7,873.1019,86.606735,865.3453,85.263176,-7.756653,-1.3435593,7.8721547
7,627.4832,195.60919,626.649,195.61015,-0.8342285,0.0009613037,0.8342291
7,665.72015,191.40958,662.1374,191.72256,-3.5827637,0.31298828,3.5964088
7,655.3373,432.63593,651.9134,439.16556,-3.4238892,6.5296326,7.3728633
7,808.61884,8.445578,788.2192,-5.5582867,-20.399658,-14.003864,24.743773
7,1000.58136,231.88522,1005.76996,229.88025,5.1885986,-2.0049744,5.5625067
7,13.519704,229.96167,13.441956,230.7199,-0.0777483,0.7582245,0.76220024
7,289.96548,146.81682,285.88425,147.42567,-4.081238,0.6088562,4.126404
7,619.3122,51.275295,603.2154,51.264317,-16.096802,-0.010978699,16.096806
7,277.11804,29.152483,269.3335,29.529509,-7.784546,0.3770256,7.7936707
7,475.32516,557.7515,476.83328,558.213,1.5081177,0.46148682,1.5771458
7,232.44574,338.07135,232.49428,331.76422,0.048538208,-6.307129,6.307316
7,271.67603,185.7571,271.54822,186.43457,-0.12780762,0.677475,0.68942523
7,818.86615,125.94264,826.30695,124.92756,7.440796,-1.0150833,7.5097165
7,613.32733,263.5252,607.2546,264.9286,-6.072754,1.4033813,6.232802
7,165.50758,146.80258,161.33595,147.1144,-4.171631,0.31181335,4.183268
7,773.7001,149.36295,779.1701,149.66994,5.4700317,0.30699158,5.4786396
7,186.54736,460.97244,175.77063,461.30627,-10.776733,0.3338318,10.781903
7,774.6709,255.32285,783.1698,253.51883,8.498901,-1.8040161,8.688256
7,626.4026,292.51068,609.7974,287.12814,-16.605164,-5.382538,17.455748
7,84.04652,367.55353,84.3012,367.3697,0.25468445,-0.18383789,0.31410274
7,203.63417,135.02902,195.69579,135.56294,-7.938385,0.5339203,7.95632
8,307.63925,238.57475,308.27466,239.35898,0.6354065,0.78422546,1.009332
8,34.251423,374.56873,34.30069,374.95648,0.049266815,0.38775635,0.39087364
8,61.802666,457.5939,62.0481,458.0381,0.2454338,0.44418335,0.5074807
8,51.776115,347.68948,52.321526,347.92783,0.54541016,0.23834229,0.59521365
8,38.307785,399.29443,38.52047,399.5197,0.21268463,0.22528076,0.30981636
8,318.44754,290.5466,318.74927,291.18466,0.3017273,0.6380615,0.70580584
8,258.28204,372.22726,258.07733,372.7569,-0.20471191,0.52963257,0.5678183
8,115.57462,145.34044,114.72211,145.85953,-0.8525162,0.51908875,0.9981167
8,132.67197,240.67093,133.0946,241.2013,0.42263794,0.530365,0.67816657
8,71.74536,468.83817,71.929,469.13812,0.18363953,0.29995728,0.35170704
8,160.06357,379.24765,157.61464,379.77335,-2.4489288,0.5256958,2.5047174
8,24.531242,344.73404,24.84172,345.17325,0.3104782,0.43920898,0.5378673
8,74.29932,325.4419,75.49566,324.39,1.1963425,-1.0518799,1.5930119
8,49.865307,146.70682,49.965034,147.1406,0.09972763,0.43377686,0.4450932
8,891.5575,298.00024,884.43365,295.57843,-7.1238403,-2.421814,7.524246
8,871.5772,193.07854,862.1855,193.58618,-9.391724,0.50764465,9.405434
8,158.23627,559.2648,155.83502,559.7743,-2.401245,0.5095215,2.4547079
8,156.04663,326.53143,167.47308,330.6234,11.426453,4.09198,12.137055
8,121.81349,371.39642,121.18781,371.98077,-0.625679,0.5843506,0.85611904
8,360.17932,144.06691,358.67664,144.41858,-1.5026855,0.3516693,1.5432872
8,771.7492,145.05637,769.43427,145.43748,-2.3149414,0.38111877,2.3461044
8,802.55945,556.6654,814.17883,557.3403,11.619385,0.6748657,11.638967
8,370.87405,457.6854,380.88428,450.3221,10.010223,-7.3632812,12.426684
8,974.97723,143.82556,971.2769,144.58368,-3.7003174,0.7581177,3.7771802
8,673.2982,139.69478,679.1623,140.15085,5.8640747,0.45606995,5.881783
8,321.5684,309.46033,321.76135,309.7682,0.19296265,0.30786133,0.36333618
8,214.69931,350.4859,211.9851,352.93027,-2.714203,2.4443665,3.6526463
8,865.3453,85.263176,864.32025,80.837234,-1.0250244,-4.4259415,4.5430865
8,626.649,195.61015,625.6616,196.15178,-0.9873657,0.541626,1.126166
8,662.1374,191.72256,656.3399,192.41603,-5.7974854,0.6934662,5.8388124
8,651.9134,439.16556,640.81335,440.67038,-11.100037,1.5048218,11.201576
8,788.2192,-5.5582867,791.48627,5.2871203,3.2670898,10.8454075,11.326815
8,1005.76996,229.88025,1000.83826,230.95108,-4.9317017,1.0708313,5.046619
8,13.441956,230.7199,14.915146,230.19926,1.4731903,-0.5206299,1.5624804
8,285.88425,147.42567,290.69424,147.60907,4.8099976,0.18339539,4.8134923
8,603.2154,51.264317,611.18616,47.269997,7.970764,-3.99432,8.9155855
8,269.3335,29.529509,265.55695,13.630863,-3.7765503,-15.898645,16.34103
8,476.83328,558.213,480.67258,558.36646,3.8392944,0.15344238,3.8423595
8,232.49428,331.76422,231.49089,335.3788,-1.0033875,3.6145935,3.7512763
8,271.54822,186.43457,277.44016,186.80731,5.8919373,0.3727417,5.9037156
8,826.30695,124.92756,822.8062,123.617325,-3.5007324,-1.3102341,3.7378926
8,607.2546,264.9286,614.6027,270.41458,7.3481445,5.4859924,9.170133
8,161.33595,147.1144,159.62918,147.8847,-1.7067719,0.77030945,1.8725508
8,779.1701,149.66994,777.5765,150.39015,-1.5936279,0.72021484,1.7488166
8,175.77063,461.30627,174.89992,461.8713,-0.8707123,0.56503296,1.0379798
8,783.1698,253.51883,786.3586,259.50485,3.1887817,5.986023,6.782389
8,609.7974,287.12814,599.26843,288.9383,-10.528992,1.8101501,10.683459
8,84.3012,367.3697,90.417435,368.05084,6.116234,0.68115234,6.1540465
8,195.69579,135.56294,196.55844,135.89967,0.86265564,0.33673096,0.9260467
9,308.27466,239.35898,308.482,239.84804,0.20733643,0.48905945,0.53119445
9,34.30069,374.95648,34.846664,375.27304,0.54597473,0.31655884,0.63110846
9,62.0481,458.0381,62.228817,458.0034,0.18071747,-0.034698486,0.18401845
9,52.321526,347.92783,52.662006,348.168,0.3404808,0.24017334,0.41666582
9,38.52047,399.5197,38.770535,399.82642,0.25006485,0.30670166,0.39572507
9,318.74927,291.18466,319.2017,291.28726,0.4524231,0.1026001,0.46391103
9,258.07733,372.7569,257.98273,373.1557,-0.09460449,0.3988037,0.40987122
9,114.72211,145.85953,112.42677,146.20694,-2.2953339,0.3474121,2.3214765
9,133.0946,241.2013,133.60788,241.55034,0.51327515,0.3490448,0.6207122
9,71.929,469.13812,70.94919,469.17654,-0.9798126,0.03842163,0.98056567
9,157.61464,379.77335,159.28223,380.52283,1.6675873,0.7494812,1.8282695
9,24.84172,345.17325,25.094164,345.44824,0.2524433,0.2749939,0.37329516
9,75.49566,324.39,76.07062,324.61847,0.5749588,0.22845459,0.61868334
9,49.965034,147.1406,49.72636,147.74738,-0.23867416,0.606781,0.65203416
9,884.43365,295.57843,863.63336,278.86752,-20.800293,-16.710907,26.681578
9,862.1855,193.58618,869.86487,193.53906,7.6793823,-0.04711914,7.679527
9,155.83502,559.7743,162.12459,560.07306,6.289566,0.2987671,6.296658
9,167.47308,330.6234,171.7332,333.53244,4.2601166,2.909027,5.1585884
9,121.18781,371.98077,123.64275,372.63373,2.4549408,0.6529541,2.540292
9,358.67664,144.41858,359.56174,144.75284,0.8851013,0.33425903,0.9461149
9,769.43427,145.43748,771.27203,145.8972,1.8377686,0.4597168,1.8943951
9,814.17883,557.3403,809.70233,557.76184,-4.4765015,0.42156982,4.4963083
9,380.88428,450.3221,376.74564,451.43793,-4.1386414,1.1158142,4.28642
9,971.2769,144.58368,970.5394,145.387,-0.7374878,0.8033142,1.0905054
9,679.1623,140.15085,681.9156,140.48956,2.753296,0.3387146,2.7740521
9,321.76135,309.7682,322.29477,309.9518,0.53341675,0.18362427,0.5641377
9,211.9851,352.93027,211.7232,352.59457,-0.26190186,-0.33569336,0.42577296
9,864.32025,80.837234,881.4284,89.34305,17.108154,8.505814,19.105963
9,625.6616,196.15178,623.3695,196.83522,-2.2921143,0.68344116,2.3918362
9,656.3399,192.41603,655.5758,192.77892,-0.7640991,0.36288452,0.84589165
9,640.81335,440.67038,636.92944,446.07394,-3.8839111,5.4035645,6.654568
9,791.48627,5.2871203,797.3604,-1.465805,5.8741455,-6.7529254,8.950284
9,1000.83826,230.95108,1007.0098,236.05084,6.17157,5.099762,8.005988
9,14.915146,230.19926,15.76395,230.01465,0.8488045,-0.18461609,0.86864966
9,290.69424,147.60907,291.5132,148.19308,0.8189697,0.5840149,1.0058751
9,611.18616,47.269997,593.8858,43.5897,-17.300354,-3.6802979,17.687477
9,265.55695,13.630863,269.89847,10.64368,4.341522,-2.9871836,5.2699223
9,480.67258,558.36646,474.21838,558.7128,-6.454193,0.3463745,6.463481
9,231.49089,335.3788,231.21051,335.38428,-0.28038025,0.0054626465,0.28043348
9,277.44016,186.80731,271.15738,187.45474,-6.282776,0.6474304,6.316046
9,822.8062,123.617325,839.2162,127.3921,16.409973,3.7747726,16.838531
9,614.6027,270.41458,606.20917,262.16794,-8.393555,-8.246643,11.766855
9,159.62918,147.8847,153.39642,148.0355,-6.2327576,0.15080261,6.234582
9,777.5765,150.39015,778.75543,150.47762,1.1789551,0.08746338,1.182195
9,174.89992,461.8713,178.81165,462.16608,3.911728,0.2947693,3.9228184
9,786.3586,259.50485,776.8933,262.67276,-9.465271,3.1679077,9.981332
9,599.26843,288.9383,586.53534,292.50305,-12.733093,3.5647583,13.222676
9,90.417435,368.05084,94.74861,368.54703,4.3311768,0.4961853,4.359506
9,196.55844,135.89967,201.70798,136.41273,5.149536,0.5130615,5.1750317
10,308.482,239.84804,308.57037,240.05878,0.088378906,0.21073914,0.22852093
10,34.846664,375.27304,35.63398,375.56778,0.78731537,0.29473877,0.8406762
10,62.228817,458.0034,62.86483,458.54398,0.63601303,0.5405884,0.83471453
10,52.662006,348.168,53.305553,348.41464,0.64354706,0.24664307,0.689192
10,38.770535,399.82642,39.373318,400.11115,0.6027832,0.284729,0.66664696
10,319.2017,291.28726,319.167,291.5616,-0.034698486,0.27435303,0.27653855
10,257.98273,373.1557,259.16977,373.2789,1.1870422,0.12319946,1.1934184
10,112.42677,146.20694,120.60482,146.69644,8.178047,0.48950195,8.192683
10,133.60788,241.55034,133.51906,241.9887,-0.08882141,0.4383545,0.44726267
10,70.94919,469.17654,70.824036,469.59796,-0.12515259,0.42141724,0.43960854
10,159.28223,380.52283,160.19511,380.71478,0.9128876,0.19195557,0.93285084
10,25.094164,345.44824,25.646986,345.86624,0.5528221,0.41799927,0.69306254
10,76.07062,324.61847,75.709816,326.18433,-0.3608017,1.5658569,1.606887
10,49.72636,147.74738,49.534847,147.84964,-0.19151306,0.102264404,0.21710657
10,863.63336,278.86752,845.64124,275.9344,-17.992126,-2.933136,18.229643
10,869.86487,193.53906,861.4879,193.78299,-8.376953,0.243927,8.380504
10,162.12459,560.07306,161.42195,560.4113,-0.7026367,0.33825684,0.77981794
10,171.7332,333.53244,175.8716,332.95837,4.138397,-0.57406616,4.178024
10,123.64275,372.63373,124.707184,373.10867,1.0644302,0.47494507,1.1655834
10,359.56174,144.75284,358.03577,145.26015,-1.5259705,0.50730896,1.6080884
10,771.27203,145.8972,775.1012,146.06256,3.8291626,0.1653595,3.8327315
10,809.70233,557.76184,800.3246,557.8776,-9.377747,0.11578369,9.378461
10,376.74564,451.43793,369.33408,464.98935,-7.41156,13.551422,15.445785
10,970.5394,145.387,968.10876,145.77563,-2.430664,0.38864136,2.461538
10,681.9156,140.48956,682.6638,140.66402,0.74823,0.17445374,0.76829827
10,322.29477,309.9518,322.28372,310.41837,-0.011047363,0.46655273,0.4666835
10,211.7232,352.59457,210.12006,352.87524,-1.6031494,0.28067017,1.6275331
10,881.4284,89.34305,889.15076,97.81241,7.722351,8.46936,11.461448
10,623.3695,196.83522,629.394,196.65358,6.024475,-0.18164062,6.0272126
10,655.5758,192.77892,660.15826,192.93924,4.5824585,0.1603241,4.5852623
10,636.92944,446.07394,634.50946,444.31863,-2.419983,-1.75531,2.9895537
10,1007.0098,236.05084,1009.19543,237.13312,2.185608,1.0822754,2.4388936
10,15.76395,230.01465,15.14977,230.60593,-0.61418056,0.5912781,0.8525418
10,291.5132,148.19308,284.45233,148.42432,-7.0608826,0.23123169,7.0646677
10,593.8858,43.5897,597.68677,37.349792,3.8009644,-6.2399063,7.3064194
10,269.89847,10.64368,268.0782,23.731617,-1.820282,13.087937,13.213914
10,474.21838,558.7128,476.25607,558.9658,2.0376892,0.25299072,2.0533342
10,231.21051,335.38428,233.35747,332.0779,2.1469574,-3.306366,3.9422686
10,271.15738,187.45474,260.83896,187.79988,-10.31842,0.34513855,10.324191
10,839.2162,127.3921,836.4919,127.58749,-2.7243042,0.1953888,2.731302
10,606.20917,262.16794,613.6499,260.3315,7.440735,-1.8364258,7.6640067
10,153.39642,148.0355,163.86598,148.62846,10.469559,0.59295654,10.486337
10,778.75543,150.47762,780.5298,150.79321,1.774353,0.31559753,1.8022016
10,178.81165,462.16608,177.5554,462.27936,-1.2562408,0.11328125,1.2613381
10,776.8933,262.67276,777.35834,259.39496,0.46502686,-3.2778015,3.3106241
10,586.53534,292.50305,602.2201,301.04413,15.684753,8.541077,17.859493
10,94.74861,368.54703,94.63121,369.04153,-0.11740112,0.49450684,0.50825197
10,201.70798,136.41273,193.40921,136.50502,-8.298767,0.092285156,8.29928
11,308.57037,240.05878,308.71094,240.24286,0.14056396,0.18408203,0.23161265
11,35.63398,375.56778,36.729717,375.70618,1.0957375,0.13839722,1.1044431
11,62.86483,458.54398,64.19869,458.92096,1.3338623,0.37698364,1.3861116
11,53.305553,348.41464,54.747757,348.65506,1.4422035,0.24041748,1.4621052
11,39.373318,400.11115,40.618374,400.38348,1.2450562,0.27233887,1.2744933
11,319.167,291.5616,319.1843,291.27142,0.017303467,-0.29019165,0.29070708
11,259.16977,373.2789,260.40878,373.55145,1.2390137,0.2725525,1.268637
11,120.60482,146.69644,113.6926,146.88109,-6.912224,0.1846466,6.91469
11,133.51906,241.9887,133.7314,242.34035,0.21234131,0.35165405,0.4107912
11,70.824036,469.59796,73.19951,470.09695,2.375473,0.49899292,2.4273167
11,160.19511,380.71478,160.90996,380.72577,0.71484375,0.010986328,0.71492815
11,25.646986,345.86624,26.702084,346.24683,1.0550976,0.38058472,1.1216397
11,75.709816,326.18433,76.57103,326.8371,0.8612137,0.652771,1.0806475
11,49.534847,147.84964,49.390965,148.17441,-0.14388275,0.32476807,0.35521337
11,845.64124,275.9344,850.84393,273.3416,5.2026978,-2.5927734,5.812963
11,861.4879,193.78299,853.8599,194.14037,-7.6279907,0.3573761,7.636358
11,161.42195,560.4113,174.9483,560.5733,13.526352,0.1619873,13.527323
11,175.8716,332.95837,184.01288,328.96707,8.141281,-3.9913025,9.067025
11,124.707184,373.10867,124.79946,373.0976,0.09227753,-0.011077881,0.09294009
11,358.03577,145.26015,355.52316,145.30415,-2.5126038,0.044006348,2.512989
11,775.1012,146.06256,774.91766,146.18184,-0.18353271,0.119277954,0.21888693
11,800.3246,557.8776,798.4399,557.96936,-1.8847046,0.09173584,1.8869358
11,369.33408,464.98935,368.61963,472.87604,-0.714447,7.886688,7.9189825
11,968.10876,145.77563,968.99146,145.59203,0.8826904,-0.18360901,0.9015845
11,682.6638,140.66402,688.8405,141.02174,6.176697,0.35772705,6.187047
11,322.28372,310.41837,322.30634,310.23517,0.022613525,-0.18319702,0.18458743
11,210.12006,352.87524,203.79842,350.3688,-6.32164,-2.5064392,6.8003945
11,889.15076,97.81241,890.45526,95.07146,1.3045044,-2.7409515,3.0355473
11,629.394,196.65358,638.6476,197.45033,9.253601,0.7967529,9.287839
11,660.15826,192.93924,662.4522,192.72404,2.2939453,-0.2151947,2.3040168
11,634.50946,444.31863,641.0974,434.8564,6.5879517,-9.462219,11.529731
11,1009.19543,237.13312,995.6677,232.66238,-13.52771,-4.4707336,14.247329
11,15.14977,230.60593,14.582541,231.04395,-0.5672283,0.4380188,0.7166648
11,284.45233,148.42432,283.5798,148.71391,-0.8725281,0.28959656,0.9193321
11,597.68677,37.349792,606.5233,42.846558,8.836548,5.496765,10.406681
11,268.0782,23.731617,263.07907,26.642294,-4.999115,2.910677,5.7847376
11,476.25607,558.9658,478.23447,558.9799,1.9783936,0.014099121,1.9784439
11,233.35747,332.0779,238.33655,333.281,4.97908,1.2030945,5.12237
11,260.83896,187.79988,257.12457,188.06287,-3.714386,0.26298523,3.7236843
11,836.4919,127.58749,833.1545,127.31812,-3.3374023,-0.2693634,3.348255
11,613.6499,260.3315,623.4598,261.4134,9.8098755,1.0818787,9.869352
11,163.86598,148.62846,166.37405,148.55997,2.508072,-0.068496704,2.509007
11,780.5298,150.79321,780.8266,150.88644,0.29681396,0.0932312,0.31111184
11,177.5554,462.27936,186.00667,462.5144,8.451263,0.23504639,8.454531
11,777.35834,259.39496,772.9596,270.44968,-4.3987427,11.054718,11.897719
11,602.2201,301.04413,601.1153,312.8227,-1.1047974,11.778564,11.830264
11,94.63121,369.04153,93.98783,369.3395,-0.6433792,0.29797363,0.7090311
11,193.40921,136.50502,198.75385,137.06226,5.344635,0.5572357,5.3736053
12,308.71094,240.24286,308.94003,239.90292,0.22909546,-0.3399353,0.40992773
12,36.729717,375.70618,38.613655,375.94043,1.8839378,0.23425293,1.8984457
12,64.19869,458.92096,66.06325,459.79752,1.8645554,0.8765564,2.06032
12,54.747757,348.65506,56.424294,348.9369,1.6765366,0.28182983,1.7000597
12,40.618374,400.38348,42.413307,400.7991,1.7949333,0.4156189,1.8424236
12,319.1843,291.27142,319.44135,290.6025,0.25704956,-0.6689148,0.7166041
12,260.40878,373.55145,262.40015,373.36395,1.9913635,-0.1875,2.0001712
12,113.6926,146.88109,112.21898,146.92789,-1.4736176,0.046798706,1.4743605
12,133.7314,242.34035,133.84421,242.69102,0.11280823,0.3506775,0.36837536
12,73.19951,470.09695,74.810165,470.7371,1.6106567,0.6401367,1.7332023
12,160.90996,380.72577,164.01324,380.80475,3.1032867,0.07897949,3.1042917
12,26.702084,346.24683,27.010756,346.66428,0.30867195,0.41744995,0.5191752
12,76.57103,326.8371,76.10782,329.51694,-0.46321106,2.67984,2.7195785
12,49.390965,148.17441,49.444862,148.1888,0.053897858,0.014389038,0.055785514
12,850.84393,273.3416,864.8574,278.60428,14.013489,5.262665,14.969086
12,853.8599,194.14037,859.3933,194.34068,5.533386,0.20031738,5.5370107
12,174.9483,560.5733,170.6333,560.6322,-4.3150024,0.058898926,4.3154044
12,184.01288,328.96707,191.68033,328.48468,7.66745,-0.48239136,7.6826096
12,124.79946,373.0976,124.842636,373.47034,0.043174744,0.3727417,0.37523383
12,355.52316,145.30415,353.12375,145.49756,-2.399414,0.19340515,2.407196
12,774.91766,146.18184,771.6317,146.5508,-3.2859497,0.36895752,3.3065987
12,798.4399,557.96936,797.2505,557.9463,-1.1893921,-0.023071289,1.1896158
12,368.61963,472.87604,365.43387,478.46524,-3.1857605,5.589203,6.4333706
12,968.99146,145.59203,959.4811,146.44434,-9.510376,0.8523102,9.5484915
12,688.8405,141.02174,678.45386,141.22054,-10.386658,0.1987915,10.38856
12,322.30634,310.23517,322.62924,309.71536,0.3229065,-0.5198059,0.6119369
12,203.79842,350.3688,211.57416,349.33334,7.7757416,-1.0354614,7.844383
12,890.45526,95.07146,891.405,99.765335,0.94976807,4.693878,4.7890034
12,638.6476,197.45033,640.7857,197.497,2.1381226,0.046661377,2.1386316
12,662.4522,192.72404,666.97205,193.50186,4.5198364,0.7778168,4.586275
12,641.0974,434.8564,637.0711,425.67636,-4.026306,-9.180054,10.024198
12,995.6677,232.66238,996.0069,232.36374,0.33917236,-0.29864502,0.45191452
12,14.582541,231.04395,13.956307,231.16173,-0.62623405,0.11778259,0.6372141
12,283.5798,148.71391,289.2518,148.78044,5.671997,0.06652832,5.672387
12,606.5233,42.846558,615.6082,46.454647,9.0849,3.6080894,9.775158
12,263.07907,26.642294,260.7397,18.782484,-2.339386,-7.85981,8.200569
12,478.23447,558.9799,471.14554,559.0578,-7.088928,0.07788086,7.089356
12,238.33655,333.281,237.86488,335.84146,-0.47166443,2.5604553,2.603536
12,257.12457,188.06287,267.2476,188.2451,10.123016,0.18223572,10.124657
12,833.1545,127.31812,837.22107,127.10664,4.0665894,-0.21147919,4.0720844
12,623.4598,261.4134,634.09644,258.4433,10.636658,-2.9700928,11.043548
12,166.37405,148.55997,167.32272,148.1706,0.94866943,-0.38937378,1.0254685
12,780.8266,150.88644,780.12366,151.28435,-0.7029419,0.39790344,0.8077465
12,186.00667,462.5144,186.48972,462.72986,0.4830475,0.2154541,0.52891904
12,772.9596,270.44968,765.78766,270.30374,-7.171936,-0.14593506,7.173421
12,601.1153,312.8227,593.369,305.6241,-7.746277,-7.198578,10.574702
12,93.98783,369.3395,95.95945,369.98212,1.9716187,0.64260864,2.0736988
12,198.75385,137.06226,200.13309,136.99043,1.379242,-0.07182312,1.3811108
13,308.94003,239.90292,309.59143,239.79749,0.6513977,-0.10543823,0.65987587
13,38.613655,375.94043,40.583572,376.06113,1.9699173,0.12069702,1.9736115
13,66.06325,459.79752,68.07905,460.00674,2.0158005,0.20922852,2.0266297
13,56.424294,348.9369,58.548744,348.98798,2.1244507,0.051086426,2.1250648
13,42.413307,400.7991,44.447044,400.71332,2.0337372,-0.08578491,2.0355456
13,319.44135,290.6025,320.15872,290.81384,0.7173767,0.21133423,0.747858
13,262.40015,373.36395,265.55487,372.8212,3.1547241,-0.5427551,3.201073
13,112.21898,146.92789,110.663956,146.92604,-1.5550232,-0.0018463135,1.5550243
13,133.84421,242.69102,134.38716,242.71297,0.5429535,0.021942139,0.54339665
13,74.810165,470.7371,77.29902,471.07898,2.4888535,0.34188843,2.5122259
13,164.01324,380.80475,163.35765,381.0406,-0.6555939,0.23583984,0.6967236
13,27.010756,346.66428,28.399548,346.84543,1.388792,0.18115234,1.4005569
13,76.10782,329.51694,78.220055,329.10617,2.112236,-0.4107666,2.1518064
13,49.444862,148.1888,49.594616,148.27193,0.14975357,0.08312988,0.17127962
13,864.8574,278.60428,854.9493,276.95264,-9.908142,-1.6516418,10.044859
13,859.3933,194.34068,847.91223,193.87462,-11.481079,-0.46606445,11.490535
13,170.6333,560.6322,162.37837,560.5926,-8.254929,-0.039611816,8.255024
13,191.68033,328.48468,193.3555,328.6138,1.6751709,0.12911987,1.6801398
13,124.842636,373.47034,128.00177,373.4924,3.159134,0.022064209,3.159211
13,353.12375,145.49756,354.82025,145.31137,1.6965027,-0.18618774,1.706689
13,771.6317,146.5508,775.14404,146.37666,3.512329,-0.1741333,3.5166428
13,797.2505,557.9463,793.3094,558.14453,-3.941101,0.19824219,3.9460838
13,365.43387,478.46524,366.08432,474.2298,0.65045166,-4.235443,4.285098
13,959.4811,146.44434,959.6561,146.4545,0.17504883,0.0101623535,0.17534356
13,678.45386,141.22054,681.4458,140.86107,2.9919434,-0.35946655,3.01346
13,322.62924,309.71536,322.9315,309.58524,0.3022461,-0.13012695,0.32906798
13,211.57416,349.33334,210.55612,352.9839,-1.0180359,3.6505432,3.7898366
13,891.405,99.765335,891.8529,87.889114,0.44787598,-11.876221,11.884663
13,640.7857,197.497,640.0558,197.2544,-0.72991943,-0.24259949,0.76917934
13,666.97205,193.50186,664.27435,193.72508,-2.6976929,0.22322083,2.7069123
13,637.0711,425.67636,642.4707,431.8191,5.399597,6.1427307,8.178556
13,996.0069,232.36374,997.441,235.73428,1.434082,3.3705444,3.6629443
13,13.956307,231.16173,13.943436,231.17694,-0.012871742,0.015213013,0.019927807
13,289.2518,148.78044,295.1757,148.74878,5.923889,-0.031661987,5.923974
13,615.6082,46.454647,618.2897,38.11418,2.6814575,-8.340466,8.760912
13,260.7397,18.782484,261.1639,4.64332,0.42422485,-14.139164,14.145526
13,471.14554,559.0578,488.53452,558.9818,17.388977,-0.07598877,17.389143
13,237.86488,335.84146,241.2448,337.73538,3.3799133,1.8939209,3.8743708
13,267.2476,188.2451,268.14682,188.31694,0.89923096,0.07183838,0.9020959
13,837.22107,127.10664,840.9825,127.529205,3.7614136,0.42256165,3.7850747
13,634.09644,258.4433,633.65533,257.374,-0.44110107,-1.0693054,1.1567128
13,167.32272,148.1706,168.95671,148.40723,1.6339874,0.2366333,1.651033
13,780.12366,151.28435,781.1545,151.32428,1.0308228,0.03993225,1.031596
13,186.48972,462.72986,191.099,462.3879,4.6092834,-0.34194946,4.62195
13,765.78766,270.30374,758.20325,256.3288,-7.5844116,-13.974945,15.90039
13,593.369,305.6241,595.8354,301.50284,2.4663696,-4.121277,4.8029056
13,95.95945,369.98212,100.308624,370.14053,4.3491745,0.15841675,4.3520584
13,200.13309,136.99043,205.4337,136.86462,5.3006134,-0.12580872,5.302106
14,309.59143,239.79749,310.2697,239.31903,0.6782837,-0.4784546,0.83005273
14,40.583572,376.06113,43.465317,375.8235,2.8817444,-0.23764038,2.8915262
14,68.07905,460.00674,70.90432,460.4035,2.8252716,0.39675903,2.8529944
14,58.548744,348.98798,60.81939,349.2483,2.2706451,0.26031494,2.2855182
14,44.447044,400.71332,47.269875,400.87695,2.8228302,0.16363525,2.827569
14,320.15872,290.81384,320.9598,291.2038,0.8010864,0.3899536,0.8909564
14,265.55487,372.8212,268.48193,371.97495,2.927063,-0.84625244,3.0469396
14,110.663956,146.92604,111.23636,147.28435,0.57240295,0.35830688,0.67529917
14,134.38716,242.71297,135.12985,243.07016,0.74269104,0.357193,0.82412183
14,77.29902,471.07898,80.21237,471.37927,2.913353,0.30029297,2.9287882
14,163.35765,381.0406,162.62474,380.52444,-0.73291016,-0.5161438,0.896416
14,28.399548,346.84543,29.937916,347.21857,1.5383682,0.37313843,1.5829748
14,78.220055,329.10617,79.694336,330.37958,1.4742813,1.273407,1.9480941
14,49.594616,148.27193,48.46106,148.66264,-1.1335564,0.39071655,1.1990035
14,854.9493,276.95264,853.6859,284.94153,-1.2633667,7.9888916,8.088169
14,847.91223,193.87462,845.26807,193.72375,-2.644165,-0.15086365,2.6484654
14,162.37837,560.5926,152.19485,560.47156,-10.183517,-0.121032715,10.184237
14,193.3555,328.6138,193.17815,320.955,-0.1773529,-7.6588135,7.6608667
14,128.00177,373.4924,127.43069,373.658,-0.57108307,0.16558838,0.5946052
14,354.82025,145.31137,362.15283,145.46327,7.3325806,0.15190125,7.334154
14,775.14404,146.37666,776.848,146.11778,1.7039795,-0.25888062,1.7235328
14,793.3094,558.14453,797.5792,557.65955,4.2698364,-0.48498535,4.2972913
14,366.08432,474.2298,370.47876,474.0775,4.3944397,-0.15228271,4.3970776
14,959.6561,146.4545,961.678,145.95758,2.0218506,-0.49691772,2.0820198
14,681.4458,140.86107,701.4858,140.81934,20.039978,-0.041732788,20.040022
14,322.9315,309.58524,323.4866,308.82413,0.55511475,-0.7611084,0.9420395
14,210.55612,352.9839,204.5209,352.18878,-6.0352173,-0.795105,6.087367
14,891.8529,87.889114,896.6644,86.34921,4.8115234,-1.5399017,5.0519357
14,640.0558,197.2544,655.4496,197.73112,15.393799,0.47673035,15.401178
14,664.27435,193.72508,676.7435,192.44148,12.469177,-1.2835999,12.535071
14,642.4707,431.8191,642.73676,437.2488,0.26605225,5.429718,5.436232
14,997.441,235.73428,1000.99774,234.57484,3.5567627,-1.1594391,3.7409706
14,13.943436,231.17694,14.328914,230.78267,0.38547802,-0.39427185,0.5514015
14,295.1757,148.74878,289.52383,148.88321,-5.6518555,0.13442993,5.653454
14,618.2897,38.11418,619.83453,41.455948,1.5448608,3.3417664,3.6815753
14,261.1639,4.64332,264.48523,-6.6345863,3.3213196,-11.277906,11.7568
14,488.53452,558.9818,478.35263,558.68506,-10.181885,-0.29675293,10.186209
14,241.2448,337.73538,244.37251,336.6092,3.127716,-1.1261902,3.3242912
14,268.14682,188.31694,267.27637,187.73502,-0.8704529,-0.58192444,1.047055
14,840.9825,127.529205,844.5193,127.832924,3.5368042,0.30371857,3.549821
14,633.65533,257.374,623.50024,249.75612,-10.15509,-7.617874,12.694797
14,168.95671,148.40723,170.48923,148.5422,1.5325165,0.13497925,1.5384493
14,781.1545,151.32428,782.82935,151.04254,1.6748657,-0.28173828,1.6983968
14,191.099,462.3879,193.10095,462.00198,2.0019531,-0.3859253,2.038812
14,758.20325,256.3288,767.46643,262.08826,9.263184,5.7594604,10.9077015
14,595.8354,301.50284,579.14185,292.6501,-16.693542,-8.852753,18.89565
14,100.308624,370.14053,96.50788,370.4775,-3.800743,0.3369751,3.8156521
14,205.4337,136.86462,203.64857,137.01791,-1.7851257,0.1532898,1.7916952
15,310.2697,239.31903,311.00748,238.92862,0.73776245,-0.39041138,0.83469427
15,43.465317,375.8235,46.811283,375.37473,3.3459663,-0.448761,3.3759263
15,70.90432,460.4035,74.013954,460.83325,3.1096344,0.42974854,3.1391895
15,60.81939,349.2483,63.563942,349.49182,2.7445526,0.24353027,2.7553358
15,47.269875,400.87695,50.504272,400.74664,3.234398,-0.13031006,3.237022
15,320.9598,291.2038,321.49997,290.79736,0.54016113,-0.4064331,0.67598957
15,268.48193,371.97495,272.26462,371.47504,3.7826843,-0.49990845,3.8155746
15,111.23636,147.28435,107.988884,147.52495,-3.2474747,0.24060059,3.2563756
15,135.12985,243.07016,135.79565,243.10658,0.665802,0.03642273,0.6667975
15,80.21237,471.37927,83.772644,471.75363,3.5602722,0.37435913,3.5798998
15,162.62474,380.52444,162.74254,380.34488,0.11779785,-0.17956543,0.21475585
15,29.937916,347.21857,31.45561,347.58038,1.5176945,0.3618164,1.5602268
15,79.694336,330.37958,81.709785,331.26227,2.0154495,0.8826904,2.200268
15,48.46106,148.66264,49.038044,148.39601,0.5769844,-0.26663208,0.63561285
15,853.6859,284.94153,855.3707,280.68823,1.6848145,-4.253296,4.5748363
15,845.26807,193.72375,851.01404,193.50735,5.7459717,-0.21640015,5.7500453
15,152.19485,560.47156,158.21709,560.11505,6.022232,-0.35650635,6.0327754
15,193.17815,320.955,191.30836,319.19843,-1.8697815,-1.7565613,2.5654612
15,127.43069,373.658,128.64716,373.50085,1.2164688,-0.15713501,1.2265756
15,362.15283,145.46327,361.70972,145.80661,-0.44311523,0.343338,0.5605641
15,776.848,146.11778,780.6216,146.53036,3.7735596,0.4125824,3.7960474
15,797.5792,557.65955,798.3676,557.35156,0.7883911,-0.3079834,0.8464126
15,370.47876,474.0775,370.44153,476.70667,-0.037231445,2.6291504,2.629414
15,961.678,145.95758,961.3067,145.6449,-0.37127686,-0.3126831,0.4854042
15,701.4858,140.81934,700.90424,140.95012,-0.58154297,0.13078308,0.5960675
15,323.4866,308.82413,324.27548,308.90384,0.7888794,0.079711914,0.7928964
15,204.5209,352.18878,207.39629,353.52814,2.8753815,1.3393555,3.1720169
15,896.6644,86.34921,895.334,84.721924,-1.3304443,-1.6272888,2.1019397
15,655.4496,197.73112,652.31433,197.77798,-3.135254,0.04685974,3.1356041
15,676.7435,192.44148,672.1129,192.54877,-4.630615,0.107284546,4.631858
15,642.73676,437.2488,636.57416,438.42264,-6.1625977,1.1738281,6.273395
15,1000.99774,234.57484,996.3973,231.716,-4.600464,-2.858841,5.416386
15,14.328914,230.78267,14.990734,230.54941,0.6618204,-0.23326111,0.7017243
15,289.52383,148.88321,291.40546,149.13623,1.8816223,0.25302124,1.8985579
15,619.83453,41.455948,624.70526,41.441853,4.8707275,-0.014095306,4.870748
15,264.48523,-6.6345863,264.36902,0.34774017,-0.11621094,6.9823265,6.9832935
15,478.35263,558.68506,491.25443,558.3601,12.901794,-0.32495117,12.905886
15,244.37251,336.6092,246.34341,332.37918,1.9709015,-4.230011,4.666631
15,267.27637,187.73502,268.52933,187.76189,1.2529602,0.026870728,1.2532483
15,844.5193,127.832924,844.23706,125.94605,-0.28222656,-1.8868713,1.9078615
15,623.50024,249.75612,622.1664,246.22403,-1.3338623,-3.5320892,3.7755587
15,170.48923,148.5422,166.70747,148.66112,-3.7817535,0.11891174,3.7836225
15,782.82935,151.04254,786.9818,151.51897,4.152466,0.47642517,4.1797075
15,193.10095,462.00198,198.52803,461.72025,5.4270782,-0.28173828,5.4343863
15,767.46643,262.08826,762.37396,261.19852,-5.0924683,-0.88974,5.1696105
15,579.14185,292.6501,579.2843,291.29214,0.14245605,-1.3579407,1.3653924
15,96.50788,370.4775,97.055435,370.66336,0.547554,0.18585205,0.57823557
15,203.64857,137.01791,203.73885,137.39514,0.090270996,0.37722778,0.3878784
16,311.00748,238.92862,311.5742,238.65529,0.5667114,-0.2733307,0.62918323
16,46.811283,375.37473,49.739452,375.141,2.9281693,-0.23373413,2.937483
16,74.013954,460.83325,77.02812,461.25427,3.0141678,0.4210205,3.0434299
16,63.563942,349.49182,66.28395,349.76495,2.7200089,0.27313232,2.7336879
16,50.504272,400.74664,53.23069,400.60602,2.7264175,-0.140625,2.7300417
16,321.49997,290.79736,322.1639,291.1779,0.6639404,0.38052368,0.765255
16,272.26462,371.47504,275.6163,370.4357,3.3516846,-1.0393372,3.5091326
16,107.988884,147.52495,109.47957,146.93799,1.4906845,-0.58695984,1.6020806
16,135.79565,243.10658,136.43109,243.52948,0.635437,0.42289734,0.763297
16,83.772644,471.75363,87.908,472.23828,4.135353,0.48464966,4.1636558
16,162.74254,380.34488,165.12613,380.3045,2.3835907,-0.040374756,2.3839326
16,31.45561,347.58038,33.909645,348.02588,2.4540348,0.4454956,2.4941437
16,81.709785,331.26227,83.95958,331.48056,2.249794,0.21829224,2.2603593
16,49.038044,148.39601,49.1797,148.30293,0.14165497,-0.09307861,0.16949855
16,855.3707,280.68823,850.17163,280.1702,-5.1990967,-0.5180359,5.2248416
16,851.01404,193.50735,853.7873,193.6573,2.7732544,0.14994812,2.7773051
16,158.21709,560.11505,155.62386,560.0062,-2.5932312,-0.10882568,2.5955138
16,191.30836,319.19843,190.5224,317.4765,-0.78596497,-1.7219238,1.8928187
16,128.64716,373.50085,130.45003,373.25726,1.8028717,-0.24359131,1.8192534
16,361.70972,145.80661,361.32715,145.75165,-0.38256836,-0.05496216,0.3864963
16,780.6216,146.53036,779.4413,146.79034,-1.1802979,0.25997925,1.208591
16,798.3676,557.35156,806.4306,557.29395,8.062988,-0.057617188,8.063194
16,370.44153,476.70667,375.06946,467.99756,4.6279297,-8.709106,9.862366
16,961.3067,145.6449,959.3355,145.75243,-1.9711914,0.10752869,1.974122
16,700.90424,140.95012,704.3446,141.16003,3.4403687,0.20991516,3.4467669
16,324.27548,308.90384,324.7922,308.4125,0.51672363,-0.491333,0.7130298
16,207.39629,353.52814,207.67365,352.67883,0.277359,-0.8493042,0.89344597
16,895.334,84.721924,893.77185,85.355804,-1.5621338,0.6338806,1.685843
16,652.31433,197.77798,648.9139,197.78482,-3.4004517,0.0068359375,3.4004586
16,672.1129,192.54877,673.2044,192.62991,1.0914917,0.08114624,1.094504
16,636.57416,438.42264,640.51886,436.75555,3.9447021,-1.6670837,4.2825046
16,996.3973,231.716,987.7659,228.8369,-8.631348,-2.8791046,9.098868
16,14.990734,230.54941,14.533161,230.77274,-0.45757294,0.22332764,0.5091642
16,291.40546,149.13623,294.85696,149.07144,3.4515076,-0.06478882,3.4521155
16,624.70526,41.441853,621.3289,39.30252,-3.3763428,-2.1393318,3.9970527
16,264.36902,0.34774017,261.65875,-7.4663506,-2.710266,-7.8140907,8.270765
16,491.25443,558.3601,490.34903,558.2963,-0.9053955,-0.06378174,0.9076393
16,246.34341,332.37918,251.59563,332.0213,5.2522125,-0.35787964,5.2643914
16,268.52933,187.76189,286.5669,187.98366,18.037567,0.22177124,18.03893
16,844.23706,125.94605,839.9676,127.54715,-4.26947,1.6010971,4.5598125
16,622.1664,246.22403,632.8926,249.68825,10.726196,3.4642181,11.271739
16,166.70747,148.66112,160.72163,148.7435,-5.98584,0.0823822,5.986407
16,786.9818,151.51897,785.9817,151.83331,-1.0001221,0.3143463,1.0483595
16,198.52803,461.72025,199.54276,461.6254,1.0147247,-0.09484863,1.019148
16,762.37396,261.19852,763.6568,259.06085,1.2828369,-2.1376648,2.4930465
16,579.2843,291.29214,574.2704,287.26636,-5.013916,-4.0257874,6.4301105
16,97.055435,370.66336,96.96421,370.785,-0.09122467,0.12164307,0.15204926
16,203.73885,137.39514,205.32039,137.60495,1.581543,0.20980835,1.5953989
17,311.5742,238.65529,312.20404,238.28786,0.6298523,-0.36743164,0.7291913
17,49.739452,375.141,52.760845,374.60074,3.0213928,-0.5402527,3.0693138
17,77.02812,461.25427,80.099335,461.44302,3.0712128,0.18875122,3.0770075
17,66.28395,349.76495,68.82426,349.7566,2.540306,-0.008361816,2.54032
17,53.23069,400.60602,56.506046,400.42987,3.2753563,-0.17614746,3.2800894
17,322.1639,291.1779,322.71204,290.29614,0.5481262,-0.8817444,1.0382271
17,275.6163,370.4357,278.75092,369.69864,3.134613,-0.73706055,3.220102
17,109.47957,146.93799,109.55835,147.04791,0.07878113,0.10992432,0.13523987
17,136.43109,243.52948,137.06367,243.83179,0.6325836,0.30230713,0.70110744
17,87.908,472.23828,89.66855,472.37527,1.7605515,0.13699341,1.7658733
17,165.12613,380.3045,164.27989,380.32513,-0.8462372,0.020629883,0.8464886
17,33.909645,348.02588,34.59403,348.21585,0.6843834,0.18997192,0.7102605
17,83.95958,331.48056,85.57831,332.87122,1.6187286,1.3906555,2.1340582
17,49.1797,148.30293,49.164505,148.63765,-0.015193939,0.3347168,0.33506146
17,850.17163,280.1702,850.7071,281.06537,0.5354614,0.8951721,1.0430974
17,853.7873,193.6573,852.52496,193.8363,-1.2623291,0.17900085,1.2749573
17,155.62386,560.0062,158.05414,559.9088,2.4302826,-0.09741211,2.432234
17,190.5224,317.4765,189.41554,317.88422,-1.1068573,0.40771484,1.1795611
17,130.45003,373.25726,130.85287,373.4823,0.4028473,0.22503662,0.4614406
17,361.32715,145.75165,377.0321,146.17334,15.704956,0.4216919,15.710616
17,779.4413,146.79034,779.9367,146.76102,0.49542236,-0.029327393,0.49628964
17,806.4306,557.29395,807.5975,556.9131,1.1668701,-0.38085938,1.2274525
17,375.06946,467.99756,383.43735,457.28363,8.367889,-10.713928,13.594479
17,959.3355,145.75243,956.6724,145.8094,-2.663086,0.05697632,2.6636953
17,704.3446,141.16003,701.1514,141.03676,-3.1931763,-0.12327576,3.195555
17,324.7922,308.4125,325.49002,308.00922,0.69781494,-0.4032898,0.80597043
17,207.67365,352.67883,207.06598,350.76855,-0.607666,-1.9102783,2.0046
17,893.77185,85.355804,891.2303,82.77205,-2.541565,-2.5837555,3.6242716
17,648.9139,197.78482,643.27,197.40672,-5.64386,-0.37809753,5.6565104
17,673.2044,192.62991,667.33167,192.65002,-5.8727417,0.020111084,5.872776
17,640.51886,436.75555,637.18146,438.4886,-3.3374023,1.7330322,3.7605393
17,987.7659,228.8369,989.2621,231.74432,1.4961548,2.907425,3.2698011
17,14.533161,230.77274,15.030249,230.33055,0.49708748,-0.44218445,0.66529924
17,294.85696,149.07144,298.2701,149.04517,3.413147,-0.026275635,3.413248
17,621.3289,39.30252,634.0867,48.648697,12.757751,9.346176,15.814905
17,490.34903,558.2963,489.19858,558.21576,-1.1504517,-0.080566406,1.1532693
17,251.59563,332.0213,254.76628,334.42447,3.1706543,2.4031677,3.978475
17,286.5669,187.98366,288.52512,187.692,1.9582214,-0.2916565,1.9798219
17,839.9676,127.54715,830.8856,128.41147,-9.08197,0.86431885,9.123006
17,632.8926,249.68825,653.73584,250.63945,20.843262,0.9512024,20.864954
17,160.72163,148.7435,159.22507,149.02371,-1.4965668,0.2802124,1.5225738
17,785.9817,151.83331,791.7489,151.74835,5.767212,-0.08496094,5.7678375
17,199.54276,461.6254,212.92262,460.93365,13.379868,-0.69174194,13.3977375
17,763.6568,259.06085,765.6204,261.36557,1.963623,2.304718,3.0277946
17,574.2704,287.26636,571.8143,292.3396,-2.4561157,5.073242,5.636514
17,96.96421,370.785,93.627266,370.99835,-3.3369446,0.21334839,3.3437579
17,205.32039,137.60495,201.44183,138.03154,-3.8785553,0.42658997,3.9019444
18,312.20404,238.28786,313.19336,237.86565,0.98931885,-0.4222107,1.0756457
18,52.760845,374.60074,55.38834,374.23706,2.6274948,-0.36367798,2.6525443
18,80.099335,461.44302,82.99309,461.57938,2.893753,0.13635254,2.8969638
18,68.82426,349.7566,71.40083,349.63446,2.5765762,-0.12213135,2.5794692
18,56.506046,400.42987,59.25082,400.24982,2.7447739,-0.18005371,2.750673
18,322.71204,290.29614,323.75934,289.76144,1.0473022,-0.5346985,1.1759015
18,278.75092,369.69864,281.3764,369.24878,2.6254883,-0.44985962,2.6637497
18,109.55835,147.04791,112.121124,147.29279,2.5627747,0.24487305,2.574447
18,137.06367,243.83179,138.00487,243.97566,0.9411926,0.14387512,0.95212585
18,89.66855,472.37527,90.86874,472.36456,1.2001877,-0.01071167,1.2002355
18,164.27989,380.32513,167.1486,379.75253,2.8687134,-0.5726013,2.9253013
18,34.59403,348.21585,36.82245,348.22202,2.2284203,0.006164551,2.2284288
18,85.57831,332.87122,87.25348,333.89355,1.6751709,1.0223389,1.9624919
18,49.164505,148.63765,48.515465,148.89178,-0.6490402,0.25413513,0.6970207
18,850.7071,281.06537,821.8468,279.23956,-28.86029,-1.8258057,28.917986
18,852.52496,193.8363,845.8853,193.63654,-6.6396484,-0.19976807,6.642653
18,158.05414,559.9088,159.53664,560.06555,1.4824982,0.15673828,1.4907608
18,189.41554,317.88422,206.39177,316.5659,16.976227,-1.3183289,17.027338
18,130.85287,373.4823,138.37256,373.09265,7.519684,-0.38964844,7.5297723
18,377.0321,146.17334,377.4977,146.15514,0.4656067,-0.018203735,0.4659624
18,779.9367,146.76102,789.12964,146.28719,9.192932,-0.47383118,9.205135
18,807.5975,556.9131,803.3576,557.1145,-4.239868,0.20141602,4.24465
18,383.43735,457.28363,385.21277,457.39,1.7754211,0.10638428,1.7786057
18,956.6724,145.8094,961.29926,145.83627,4.626831,0.026870728,4.6269093
18,701.1514,141.03676,697.58887,141.11131,-3.562561,0.07455444,3.563341
18,325.49002,308.00922,326.49503,308.43762,1.0050049,0.42840576,1.0925046
18,207.06598,350.76855,204.5524,352.13492,-2.5135803,1.3663635,2.8609502
18,891.2303,82.77205,903.33246,96.66145,12.102173,13.889404,18.422218
18,643.27,197.40672,643.66406,197.63242,0.39404297,0.22569275,0.4541003
18,667.33167,192.65002,668.88324,192.52599,1.5515747,-0.1240387,1.5565249
18,637.18146,438.4886,642.53503,431.983,5.3535767,-6.5055847,8.425165
18,989.2621,231.74432,989.7971,233.97577,0.5350342,2.2314453,2.2946916
18,15.030249,230.33055,15.496216,229.70001,0.46596718,-0.63053894,0.7840311
18,298.2701,149.04517,298.4048,148.85269,0.13467407,-0.19247437,0.23491165
18,634.0867,48.648697,643.60156,47.951885,9.514893,-0.6968117,9.540374
18,489.19858,558.21576,468.66354,558.1047,-20.535034,-0.111083984,20.535334
18,254.76628,334.42447,256.22644,330.42786,1.4601593,-3.9966125,4.2549944
18,288.52512,187.692,291.68127,187.45505,3.1561584,-0.23695374,3.1650407
18,830.8856,128.41147,841.873,129.14227,10.987366,0.73080444,11.011642
18,653.73584,250.63945,657.3466,248.52338,3.6107788,-2.1160736,4.185151
18,159.22507,149.02371,154.29205,148.49803,-4.933014,-0.52568054,4.960944
18,791.7489,151.74835,800.41254,151.23514,8.663635,-0.5132141,8.6788225
18,212.92262,460.93365,220.6936,460.5688,7.770981,-0.36486816,7.779542
18,765.6204,261.36557,766.1549,256.18085,0.53448486,-5.184723,5.2121997
18,571.8143,292.3396,572.0733,299.01755,0.2590332,6.677948,6.68297
18,93.627266,370.99835,95.68944,371.36417,2.062172,0.3658142,2.094367
18,201.44183,138.03154,202.5166,137.85939,1.0747681,-0.17214966,1.0884677
19,313.19336,237.86565,314.45416,237.50336,1.2608032,-0.36228943,1.3118225
19,55.38834,374.23706,57.632088,373.6339,2.2437477,-0.6031494,2.3234012
19,82.99309,461.57938,84.66651,461.0409,1.6734238,-0.53848267,1.7579279
19,71.40083,349.63446,73.51788,349.35623,2.1170502,-0.27822876,2.1352549
19,59.25082,400.24982,61.277275,399.89932,2.026455,-0.35049438,2.0565422
19,323.75934,289.76144,324.83435,289.63095,1.0750122,-0.13049316,1.0829034
19,281.3764,369.24878,283.9496,368.42712,2.5731812,-0.8216553,2.701181
19,112.121124,147.29279,108.466736,147.23502,-3.6543884,-0.057769775,3.654845
19,138.00487,243.97566,139.16689,244.0034,1.1620178,0.027740479,1.1623489
19,90.86874,472.36456,92.98281,471.86554,2.1140747,-0.49902344,2.172173
19,167.1486,379.75253,176.88007,379.13342,9.731461,-0.6191101,9.751135
19,36.82245,348.22202,38.648407,348.10565,1.8259583,-0.116363525,1.8296623
19,87.25348,333.89355,89.44529,333.22614,2.1918106,-0.66741943,2.291175
19,48.515465,148.89178,48.989067,148.40822,0.4736023,-0.48356628,0.67685705
19,821.8468,279.23956,810.27856,274.537,-11.568237,-4.7025757,12.487527
19,845.8853,193.63654,839.93567,193.23077,-5.949646,-0.40576172,5.963466
19,159.53664,560.06555,163.6387,559.92755,4.102066,-0.13800049,4.104387
19,206.39177,316.5659,211.45905,313.4123,5.067276,-3.153595,5.9684544
19,138.37256,373.09265,139.97841,373.00836,1.6058502,-0.08428955,1.6080608
19,377.4977,146.15514,379.24615,146.06787,1.7484436,-0.087265015,1.7506199
19,789.12964,146.28719,789.2025,145.96701,0.07287598,-0.32017517,0.3283642
19,803.3576,557.1145,807.4015,556.9517,4.0438843,-0.16278076,4.047159
19,385.21277,457.39,381.3603,461.19168,-3.852478,3.8016663,5.4124165
19,961.29926,145.83627,962.0244,145.80014,0.7251587,-0.036132812,0.7260583
19,697.58887,141.11131,716.86,140.70471,19.271118,-0.40660095,19.275408
19,326.49503,308.43762,327.5046,307.97137,1.0095825,-0.46624756,1.1120448
19,204.5524,352.13492,215.91483,350.4137,11.362427,-1.7212219,11.492055
19,903.33246,96.66145,894.9153,86.002205,-8.417175,-10.659248,13.581915
19,643.66406,197.63242,648.0362,197.70302,4.3721313,0.07060242,4.372701
19,668.88324,192.52599,676.6623,192.5998,7.7790527,0.07380676,7.7794027
19,642.53503,431.983,643.471,423.77322,0.9359741,-8.209778,8.2629595
19,989.7971,233.97577,986.64795,237.64702,-3.14917,3.6712494,4.8368735
19,15.496216,229.70001,15.689236,229.54684,0.19301987,-0.15316772,0.24640824
19,298.4048,148.85269,302.5982,149.20271,4.1934204,0.35002136,4.208003
19,643.60156,47.951885,647.8288,56.908104,4.227234,8.956219,9.903705
19,468.66354,558.1047,468.23663,558.2003,-0.4269104,0.09564209,0.43749276
19,256.22644,330.42786,258.08163,330.48965,1.8551941,0.061798096,1.8562231
19,291.68127,187.45505,291.52325,187.92905,-0.15802002,0.47399902,0.49964526
19,841.873,129.14227,838.7966,128.40587,-3.076416,-0.7364044,3.1633253
19,657.3466,248.52338,662.25836,246.39888,4.911743,-2.1244965,5.3515143
19,154.29205,148.49803,149.613,148.22633,-4.6790466,-0.271698,4.6869283
19,800.41254,151.23514,800.7777,151.46768,0.36517334,0.23254395,0.43292984
19,220.6936,460.5688,221.17978,460.0308,0.48617554,-0.5379944,0.7251239
19,766.1549,256.18085,774.498,260.65515,8.343079,4.474304,9.46712
19,572.0733,299.01755,581.107,300.43237,9.033691,1.4148254,9.143813
19,95.68944,371.36417,98.53547,371.01367,2.8460312,-0.35049438,2.867532
19,202.5166,137.85939,192.27185,137.52518,-10.244751,-0.33421326,10.250201
20,314.45416,237.50336,315.87274,237.18102,1.4185791,-0.32234192,1.4547409
20,57.632088,373.6339,59.3202,373.01746,1.6881142,-0.6164551,1.7971495
20,84.66651,461.0409,86.22828,460.5667,1.5617676,-0.47418213,1.6321663
20,73.51788,349.35623,74.883606,349.03345,1.3657227,-0.32278442,1.4033489
20,61.277275,399.89932,62.786636,399.5098,1.5093613,-0.38952637,1.5588144
20,324.83435,289.63095,326.36337,289.06464,1.5290222,-0.5663147,1.630528
20,283.9496,368.42712,285.3927,367.81677,1.4431152,-0.61035156,1.5668793
20,108.466736,147.23502,107.48976,147.1756,-0.9769745,-0.059417725,0.9787797
20,139.16689,244.0034,140.55084,243.56145,1.3839569,-0.44195557,1.4528116
20,92.98281,471.86554,94.23585,471.39636,1.2530365,-0.46917725,1.3379939
20,176.88007,379.13342,176.7916,378.6756,-0.08847046,-0.4578247,0.4662944
20,38.648407,348.10565,39.1795,347.61346,0.5310936,-0.4921875,0.72409177
20,89.44529,333.22614,91.30759,331.7968,1.862297,-1.4293213,2.3475754
20,48.989067,148.40822,49.48226,148.14177,0.49319458,-0.26644897,0.56056756
20,810.27856,274.537,804.0189,263.1969,-6.2596436,-11.340088,12.95302
20,839.93567,193.23077,843.24066,193.6375,3.3049927,0.40672302,3.3299248
20,163.6387,559.92755,166.51355,559.869,2.8748474,-0.058532715,2.8754432
20,211.45905,313.4123,212.59534,315.6496,1.1362915,2.2373047,2.5093207
20,139.97841,373.00836,139.52335,372.54068,-0.45506287,-0.46768188,0.6525401
20,379.24615,146.06787,388.6182,145.90323,9.37204,-0.16464233,9.373486
20,789.2025,145.96701,788.78455,145.77057,-0.41796875,-0.19644165,0.4618303
20,807.4015,556.9517,803.02673,556.81885,-4.374756,-0.13287354,4.3767734
20,381.3603,461.19168,383.7298,465.386,2.3695068,4.1943054,4.8173394
20,962.0244,145.80014,959.74615,145.85869,-2.2782593,0.058547974,2.2790115
20,716.86,140.70471,715.3503,140.521,-1.5097046,-0.18371582,1.5208417
20,327.5046,307.97137,328.9279,306.7901,1.4232788,-1.1812744,1.8496301
20,215.91483,350.4137,215.6977,347.73257,-0.21713257,-2.6811218,2.6898997
20,894.9153,86.002205,904.1754,84.58123,9.260132,-1.4209747,9.368523
20,648.0362,197.70302,649.32324,197.34508,1.2870483,-0.35794067,1.3358948
20,676.6623,192.5998,676.5693,192.5355,-0.09301758,-0.06428528,0.11307018
20,643.471,423.77322,644.7369,416.07043,1.2658691,-7.7027893,7.8061123
20,986.64795,237.64702,985.2803,234.41925,-1.3676758,-3.227768,3.5055702
20,15.689236,229.54684,16.507391,228.75293,0.8181553,-0.7939148,1.1400346
20,302.5982,149.20271,301.84665,148.84174,-0.7515564,-0.36097717,0.8337515
20,647.8288,56.908104,646.48975,47.504475,-1.3390503,-9.403629,9.498489
20,468.23663,558.2003,461.19116,558.39014,-7.045471,0.18981934,7.0480275
20,258.08163,330.48965,259.59195,327.82007,1.510315,-2.6695862,3.0672042
20,291.52325,187.92905,291.74594,187.81264,0.22268677,-0.1164093,0.25127777
20,838.7966,128.40587,843.69366,130.86606,4.8970947,2.4601898,5.4803348
20,662.25836,246.39888,660.43854,245.5364,-1.8198242,-0.86247253,2.013857
20,149.613,148.22633,150.71724,148.03447,1.1042328,-0.19186401,1.1207774
20,800.7777,151.46768,800.5121,151.41762,-0.265625,-0.050064087,0.2703018
20,221.17978,460.0308,223.00417,459.60208,1.8243866,-0.42871094,1.874081
20,774.498,260.65515,777.38403,261.60126,2.8860474,0.94610596,3.0371675
20,581.107,300.43237,593.64667,298.26746,12.539673,-2.164917,12.725182
20,98.53547,371.01367,103.09533,370.1709,4.55986,-0.84277344,4.637089
20,192.27185,137.52518,193.29065,137.3082,1.0187988,-0.21697998,1.0416484
21,315.87274,237.18102,317.4225,237.27583,1.5497437,0.094818115,1.5526416
21,59.3202,373.01746,59.890392,372.92404,0.5701904,-0.09341431,0.5777918
21,86.22828,460.5667,87.098785,459.66605,0.8705063,-0.9006653,1.252589
21,74.883606,349.03345,75.64933,348.57874,0.7657242,-0.4547119,0.8905596
21,62.786636,399.5098,63.4821,398.92737,0.6954651,-0.582428,0.90713507
21,326.36337,289.06464,327.8074,289.54453,1.4440308,0.47988892,1.5216826
21,285.3927,367.81677,285.69547,368.24802,0.3027649,0.4312439,0.5269136
21,107.48976,147.1756,107.402725,147.0986,-0.08703613,-0.07699585,0.1162052
21,140.55084,243.56145,141.8869,243.50655,1.3360596,-0.054901123,1.337187
21,94.23585,471.39636,95.06728,470.56235,0.83143616,-0.8340149,1.1776532
21,176.7916,378.6756,171.56685,378.67416,-5.2247467,-0.0014343262,5.2247467
21,39.1795,347.61346,41.502014,347.08984,2.3225136,-0.5236206,2.380808
21,91.30759,331.7968,91.816864,332.57333,0.50927734,0.7765198,0.92862606
21,49.48226,148.14177,48.30569,148.79022,-1.1765709,0.64845276,1.3434322
21,804.0189,263.1969,811.7554,267.57092,7.73645,4.3740234,8.887336
21,843.24066,193.6375,826.3378,193.22067,-16.902832,-0.41682434,16.90797
21,166.51355,559.869,171.71474,559.5966,5.201187,-0.2723999,5.2083154
21,212.59534,315.6496,212.23924,317.2655,-0.35609436,1.6159058,1.6546766
21,139.52335,372.54068,140.04631,371.97476,0.5229645,-0.56591797,0.770555
21,388.6182,145.90323,386.8462,145.70444,-1.7720032,-0.1987915,1.7831191
21,788.78455,145.77057,790.5462,145.70137,1.7616577,-0.06919861,1.7630162
21,803.02673,556.81885,803.6096,556.7921,0.58288574,-0.026733398,0.5834984
21,383.7298,465.386,380.1952,467.21722,-3.534607,1.8312378,3.9808137
21,959.74615,145.85869,961.44617,146.26598,1.7000122,0.4072876,1.7481204
21,715.3503,140.521,710.8222,140.5381,-4.528076,0.017105103,4.528108
21,328.9279,306.7901,330.359,306.993,1.4311218,0.20291138,1.4454352
21,215.6977,347.73257,213.21718,350.15967,-2.4805145,2.4270935,3.4704084
21,904.1754,84.58123,903.34155,85.11568,-0.8338623,0.5344467,0.99043405
21,649.32324,197.34508,647.9243,197.16083,-1.3989258,-0.18424988,1.4110073
21,676.5693,192.5355,674.38806,192.27927,-2.1812134,-0.25624084,2.196213
21,644.7369,416.07043,637.75916,426.5622,-6.977722,10.49176,12.600224
21,985.2803,234.41925,986.4407,232.25673,1.1604004,-2.1625214,2.4541857
21,16.507391,228.75293,16.01781,229.31715,-0.48958015,0.56422424,0.74701923
21,301.84665,148.84174,305.29382,149.09795,3.447174,0.25621033,3.4566822
21,646.48975,47.504475,647.22076,51.293083,0.73101807,3.7886086,3.8584898
21,461.19116,558.39014,455.29456,558.36554,-5.8966064,-0.024597168,5.896658
21,259.59195,327.82007,264.1742,329.2308,4.582245,1.4107361,4.7944913
21,291.74594,187.81264,298.487,187.41754,6.7410583,-0.39509583,6.752627
21,843.69366,130.86606,843.38135,130.27492,-0.3123169,-0.59114075,0.66857255
21,660.43854,245.5364,653.23956,248.01761,-7.1989746,2.4812012,7.614565
21,150.71724,148.03447,156.05914,148.35356,5.3419037,0.3190918,5.3514256
21,800.5121,151.41762,798.529,151.15944,-1.9830933,-0.2581787,1.9998288
21,223.00417,459.60208,219.38454,459.57016,-3.619629,-0.031921387,3.6197696
21,777.38403,261.60126,780.99927,265.66092,3.6152344,4.059662,5.4360623
21,593.64667,298.26746,587.3345,298.14362,-6.312195,-0.12384033,6.3134093
21,103.09533,370.1709,101.26932,369.71002,-1.8260117,-0.46087646,1.8832753
21,193.29065,137.3082,192.3344,137.38348,-0.95625305,0.075286865,0.9592122
22,317.4225,237.27583,319.10916,237.2332,1.686676,-0.042633057,1.6872147
22,59.890392,372.92404,60.592228,372.46118,0.70183563,-0.4628601,0.84072155
22,87.098785,459.66605,87.42707,459.0596,0.32828522,-0.6064453,0.6895992
22,75.64933,348.57874,76.609375,347.86398,0.96004486,-0.7147522,1.1968946
22,63.4821,398.92737,64.03902,398.73224,0.5569153,-0.1951294,0.59011024
22,327.8074,289.54453,329.67465,289.52408,1.8672485,-0.020446777,1.8673605
22,285.69547,368.24802,285.65182,368.35117,-0.043640137,0.103149414,0.11200117
22,107.402725,147.0986,107.631004,147.16667,0.22827911,0.06806946,0.23821169
22,141.8869,243.50655,144.1851,242.9526,2.2982025,-0.5539398,2.3640187
22,95.06728,470.56235,95.68308,469.9048,0.61579895,-0.65756226,0.90088654
22,171.56685,378.67416,175.81244,378.10773,4.24559,-0.56643677,4.28321
22,41.502014,347.08984,42.42545,346.34482,0.9234352,-0.74502563,1.1865057
22,91.816864,332.57333,91.85122,333.2599,0.034355164,0.68655396,0.687413
22,48.30569,148.79022,49.03972,148.30518,0.73402786,-0.4850464,0.87981075
22,811.7554,267.57092,818.77856,264.1184,7.0231934,-3.4525146,7.825925
22,826.3378,193.22067,826.6241,193.41083,0.28625488,0.19015503,0.34365797
22,171.71474,559.5966,163.0953,559.89124,-8.619431,0.2946167,8.624464
22,212.23924,317.2655,223.6479,315.6962,11.408661,-1.5693054,11.516088
22,140.04631,371.97476,147.56972,371.47693,7.523407,-0.49783325,7.5398602
22,386.8462,145.70444,386.471,145.97644,-0.3751831,0.27200317,0.4634092
22,790.5462,145.70137,791.0615,145.51567,0.5153198,-0.18569946,0.547758
22,803.6096,556.7921,803.2698,556.75323,-0.33984375,-0.038879395,0.34206048
22,380.1952,467.21722,379.13416,468.8547,-1.0610352,1.6374817,1.9511899
22,961.44617,146.26598,960.3491,146.22522,-1.0970459,-0.040756226,1.0978026
22,710.8222,140.5381,709.07574,140.28163,-1.74646,-0.25646973,1.765191
22,330.359,306.993,332.29492,307.5017,1.9359131,0.5086975,2.0016325
22,213.21718,350.15967,215.87106,346.02487,2.653885,-4.134796,4.9132113
22,903.34155,85.11568,914.05005,91.76519,10.708496,6.6495132,12.605075
22,647.9243,197.16083,651.4987,197.34357,3.5744019,0.18273926,3.57907
22,674.38806,192.27927,675.2949,192.37033,0.90686035,0.09106445,0.9114211
22,637.75916,426.5622,637.16327,428.52448,-0.59588623,1.9622803,2.050762
22,986.4407,232.25673,987.74054,231.97299,1.2998657,-0.28373718,1.3304727
22,16.01781,229.31715,14.819762,229.64342,-1.1980486,0.32626343,1.2416795
22,305.29382,149.09795,304.85132,149.06487,-0.44250488,-0.033081055,0.4437397
22,647.22076,51.293083,648.4959,49.906036,1.2751465,-1.3870468,1.8841171
22,455.29456,558.36554,450.56216,558.3541,-4.7323914,-0.011413574,4.732405
22,264.1742,329.2308,263.55063,327.7538,-0.6235657,-1.4769897,1.6032258
22,298.487,187.41754,296.16086,187.54904,-2.3261414,0.13150024,2.3298554
22,843.38135,130.27492,843.1734,130.82335,-0.20794678,0.5484314,0.5865312
22,653.23956,248.01761,655.3327,249.25563,2.0931396,1.2380219,2.4318576
22,156.05914,148.35356,156.76724,148.1789,0.70809937,-0.17466736,0.7293239
22,798.529,151.15944,798.8948,150.90688,0.3657837,-0.25256348,0.4445065
22,219.38454,459.57016,218.99919,459.27823,-0.38534546,-0.29193115,0.48344073
22,780.99927,265.66092,783.7236,261.3404,2.7243042,-4.320526,5.1077175
22,587.3345,298.14362,585.0815,296.83014,-2.2529907,-1.3134766,2.6079087
22,101.26932,369.71002,97.92581,369.4724,-3.3435059,-0.23760986,3.3519382
22,192.3344,137.38348,195.39455,137.38803,3.0601501,0.004547119,3.0601537
23,319.10916,237.2332,320.90292,237.37967,1.7937622,0.14646912,1.7997322
23,60.592228,372.46118,60.72624,372.33398,0.13401031,-0.12719727,0.18476447
23,87.42707,459.0596,87.60362,458.07602,0.17655182,-0.98358154,0.9993014
23,76.609375,347.86398,77.21,347.21466,0.6006241,-0.6493225,0.88451624
23,64.03902,398.73224,64.36431,398.12592,0.3252945,-0.60632324,0.6880729
23,329.67465,289.52408,331.30322,289.32416,1.6285706,-0.19992065,1.6407956
23,285.65182,368.35117,285.33603,368.70065,-0.3157959,0.3494873,0.4710291
23,107.631004,147.16667,109.05432,146.76393,1.423317,-0.40274048,1.4791995
23,144.1851,242.9526,145.87576,242.42807,1.6906586,-0.52453613,1.7701595
23,95.68308,469.9048,95.332344,468.9743,-0.35073853,-0.93048096,0.9943904
23,175.81244,378.10773,176.81949,378.02133,1.0070496,-0.08639526,1.0107487
23,42.42545,346.34482,43.198883,345.58032,0.7734337,-0.76449585,1.0874988
23,91.85122,333.2599,92.61461,332.7393,0.7633896,-0.52059937,0.92400616
23,49.03972,148.30518,48.63474,148.26344,-0.4049797,-0.041732788,0.40712428
23,818.77856,264.1184,819.18805,262.6249,0.40948486,-1.4934998,1.5486186
23,826.6241,193.41083,813.97235,192.85185,-12.651733,-0.5589752,12.664076
23,163.0953,559.89124,172.32312,559.6413,9.227814,-0.24993896,9.231198
23,223.6479,315.6962,221.75502,317.11713,-1.8928833,1.420929,2.3668642
23,147.56972,371.47693,150.23064,371.10135,2.6609192,-0.37557983,2.6872945
23,386.471,145.97644,383.43774,145.96413,-3.0332642,-0.012313843,3.0332892
23,791.0615,145.51567,793.4901,145.60301,2.4285889,0.08734131,2.4301589
23,803.2698,556.75323,802.1339,556.59955,-1.1358643,-0.15368652,1.1462142
23,379.13416,468.8547,373.70773,474.24078,-5.426422,5.386078,7.645645
23,960.3491,146.22522,964.08887,146.38618,3.739746,0.16096497,3.7432084
23,709.07574,140.28163,710.0611,140.4205,0.98535156,0.13887024,0.9950893
23,332.29492,307.5017,334.0829,306.87372,1.7879639,-0.6279907,1.8950428
23,215.87106,346.02487,223.35284,344.94067,7.481781,-1.084198,7.5599294
23,914.05005,91.76519,911.9843,88.51963,-2.0657349,-3.2455597,3.847196
23,651.4987,197.34357,650.59467,197.29118,-0.90405273,-0.052383423,0.9055691
23,675.2949,192.37033,682.6109,192.52818,7.315979,0.15785217,7.317682
23,637.16327,428.52448,635.8065,427.60474,-1.3567505,-0.91973877,1.639113
23,987.74054,231.97299,985.52747,238.77805,-2.2130737,6.8050537,7.1558685
23,14.819762,229.64342,14.532981,229.45206,-0.2867813,-0.19136047,0.3447642
23,304.85132,149.06487,301.69614,148.80258,-3.155182,-0.26228333,3.1660645
23,648.4959,49.906036,646.6742,48.69072,-1.8217163,-1.2153168,2.189896
23,450.56216,558.3541,442.70535,558.0424,-7.8568115,-0.31170654,7.8629923
23,263.55063,327.7538,262.32825,324.8932,-1.2223816,-2.8606262,3.110852
23,296.16086,187.54904,293.69986,187.5771,-2.4609985,0.028060913,2.4611585
23,843.1734,130.82335,830.5955,130.34924,-12.577881,-0.47410583,12.586813
23,655.3327,249.25563,648.2974,253.74619,-7.0352783,4.490555,8.346271
23,156.76724,148.1789,155.47983,148.38106,-1.2874146,0.2021637,1.3031908
23,798.8948,150.90688,782.5213,150.83537,-16.373474,-0.071502686,16.37363
23,218.99919,459.27823,218.25188,459.08725,-0.74731445,-0.190979,0.77133125
23,783.7236,261.3404,783.5272,263.42963,-0.1963501,2.0892334,2.0984397
23,585.0815,296.83014,581.6719,288.11667,-3.409607,-8.71347,9.356815
23,97.92581,369.4724,97.05519,368.66925,-0.8706207,-0.8031616,1.1845037
23,195.39455,137.38803,195.33742,136.9536,-0.057128906,-0.43443298,0.43817317
24,320.90292,237.37967,322.64432,237.42485,1.741394,0.045181274,1.7419801
24,60.72624,372.33398,61.039124,372.07126,0.31288528,-0.26272583,0.40856096
24,87.60362,458.07602,87.7601,457.47482,0.15647888,-0.6011963,0.6212267
24,77.21,347.21466,77.434906,346.7978,0.22490692,-0.41687012,0.47367057
24,64.36431,398.12592,64.519516,397.68304,0.15520477,-0.4428711,0.4692796
24,331.30322,289.32416,333.01938,289.9961,1.716156,0.67193604,1.843011
24,285.33603,368.70065,285.00635,369.36838,-0.3296814,0.6677246,0.74467844
24,109.05432,146.76393,110.98425,146.87715,1.9299316,0.113220215,1.9332498
24,145.87576,242.42807,148.07693,241.69658,2.2011719,-0.7314911,2.3195338
24,95.332344,468.9743,95.5898,468.3777,0.25745392,-0.59661865,0.64979714
24,176.81949,378.02133,177.90388,377.5269,1.0843964,-0.4944458,1.191802
24,43.198883,345.58032,44.066837,344.92258,0.86795425,-0.65774536,1.0890241
24,92.61461,332.7393,92.51442,332.92755,-0.10018921,0.18826294,0.2132623
24,48.63474,148.26344,48.486744,148.64525,-0.147995,0.38180542,0.40948492
24,819.18805,262.6249,809.70294,267.27316,-9.485107,4.6482544,10.562838
24,813.97235,192.85185,811.7672,192.52742,-2.2051392,-0.32443237,2.2288775
24,172.32312,559.6413,159.56702,560.0383,-12.7561035,0.3970337,12.76228
24,221.75502,317.11713,221.66243,311.87265,-0.09259033,-5.2444763,5.2452936
24,150.23064,371.10135,153.99065,370.9379,3.7600098,-0.16345215,3.7635608
24,383.43774,145.96413,383.5857,146.04259,0.14794922,0.07846069,0.16746657
24,793.4901,145.60301,800.6367,145.33397,7.1466064,-0.26904297,7.1516685
24,802.1339,556.59955,804.29944,556.77545,2.1655273,0.17590332,2.1726596
24,373.70773,474.24078,375.28333,471.99435,1.575592,-2.2464294,2.7438905
24,964.08887,146.38618,961.1526,145.99734,-2.9362793,-0.38883972,2.9619138
24,710.0611,140.4205,718.5457,140.0053,8.484619,-0.4152069,8.494772
24,334.0829,306.87372,335.6431,308.03082,1.5602112,1.1571045,1.9424597
24,223.35284,344.94067,223.41176,338.1277,0.058914185,-6.8129883,6.813243
24,911.9843,88.51963,909.85,78.526985,-2.1343384,-9.992645,10.21804
24,650.59467,197.29118,649.7653,196.93616,-0.8293457,-0.35502625,0.90214074
24,682.6109,192.52818,685.9495,192.20154,3.338623,-0.3266449,3.3545642
24,635.8065,427.60474,632.2898,429.34464,-3.5167236,1.7398987,3.9235942
24,985.52747,238.77805,990.70013,239.50327,5.1726685,0.7252197,5.22326
24,14.532981,229.45206,14.675243,229.59718,0.14226246,0.14512634,0.20322466
24,301.69614,148.80258,297.6046,148.81601,-4.091522,0.013427734,4.0915446
24,646.6742,48.69072,651.2843,73.2467,4.6101074,24.555977,24.984978
24,442.70535,558.0424,473.40607,557.9977,30.700714,-0.04473877,30.700747
24,262.32825,324.8932,263.3415,328.50854,1.0132446,3.6153564,3.7546594
24,293.69986,187.5771,294.96875,187.12802,1.2688904,-0.44908142,1.3460152
24,830.5955,130.34924,831.406,128.87224,0.81048584,-1.477005,1.6847644
24,648.2974,253.74619,649.3243,252.99467,1.0268555,-0.7515106,1.272478
24,155.47983,148.38106,158.4071,148.14041,2.9272766,-0.24064636,2.9371517
24,782.5213,150.83537,780.2372,150.77829,-2.2841187,-0.05708313,2.2848318
24,218.25188,459.08725,216.79427,459.21268,-1.4576111,0.12542725,1.4629977
24,783.5272,263.42963,776.7875,270.42487,-6.739746,6.9952393,9.713781
24,581.6719,288.11667,588.8484,286.00674,7.1765137,-2.1099243,7.4802494
24,97.05519,368.66925,97.7185,368.12076,0.6633072,-0.54849243,0.86070925
24,195.33742,136.9536,195.92802,137.31577,0.5906067,0.36216736,0.69280696
25,322.64432,237.42485,324.43866,237.82567,1.794342,0.40081787,1.8385643
25,61.039124,372.07126,61.37977,372.11334,0.34064484,0.04208374,0.34323454
25,87.7601,457.47482,87.69274,456.81726,-0.067359924,-0.65756226,0.6610034
25,77.434906,346.7978,77.56963,346.68356,0.13472748,-0.114227295,0.17663343
25,64.519516,397.68304,64.81906,397.59915,0.2995453,-0.08389282,0.31107134
25,333.01938,289.9961,334.75485,289.99683,1.7354736,0.0007324219,1.7354738
25,285.00635,369.36838,284.457,369.75037,-0.5493469,0.38198853,0.66910183
25,110.98425,146.87715,108.81832,146.96219,-2.1659317,0.08503723,2.1676004
25,148.07693,241.69658,149.82462,241.55997,1.7476807,-0.13661194,1.753012
25,95.5898,468.3777,95.59152,467.79587,0.0017242432,-0.5818176,0.5818202
25,177.90388,377.5269,178.197,377.84238,0.29312134,0.31549072,0.4306443
25,44.066837,344.92258,44.719147,344.4574,0.6523094,-0.46517944,0.80118626
25,92.51442,332.92755,93.33588,332.71838,0.8214569,-0.20916748,0.8476689
25,48.486744,148.64525,48.40315,148.45947,-0.083595276,-0.18577576,0.20371746
25,809.70294,267.27316,806.7148,272.17038,-2.9881592,4.897217,5.736883
25,811.7672,192.52742,813.0936,192.69092,1.326416,0.16349792,1.3364546
25,159.56702,560.0383,173.54028,560.1272,13.973267,0.08886719,13.97355
25,221.66243,311.87265,219.52135,314.42783,-2.1410828,2.5551758,3.3336403
25,153.99065,370.9379,156.0719,370.48776,2.081253,-0.45013428,2.1293745
25,383.5857,146.04259,383.40015,146.02792,-0.18554688,-0.014663696,0.18612541
25,800.6367,145.33397,798.5262,145.26929,-2.1105347,-0.06468201,2.1115255
25,804.29944,556.77545,804.5516,557.2073,0.25213623,0.43182373,0.5000444
25,375.28333,471.99435,376.54633,466.53415,1.2630005,-5.460205,5.6043744
25,961.1526,145.99734,961.6415,146.1746,0.4888916,0.17726135,0.52003515
25,718.5457,140.0053,718.4062,140.3564,-0.13952637,0.35110474,0.3778123
25,335.6431,308.03082,337.10248,308.1267,1.4593811,0.09588623,1.4625278
25,223.41176,338.1277,222.95454,338.34082,-0.45721436,0.21313477,0.5044516
25,909.85,78.526985,898.72833,79.352264,-11.121643,0.82527924,11.152221
25,649.7653,196.93616,646.69305,197.47368,-3.0722656,0.53752136,3.1189334
25,685.9495,192.20154,689.80994,192.25679,3.8604126,0.055252075,3.860808
25,632.2898,429.34464,625.3713,426.79758,-6.918518,-2.547058,7.3724756
25,990.70013,239.50327,988.48615,230.51231,-2.2139893,-8.990952,9.259534
25,14.675243,229.59718,15.200157,229.14146,0.5249138,-0.455719,0.6951362
25,297.6046,148.81601,297.4015,149.10301,-0.203125,0.28700256,0.35161093
25,651.2843,73.2467,652.55115,70.17406,1.2668457,-3.0726395,3.323554
25,473.40607,557.9977,463.4261,558.3495,-9.97998,0.35180664,9.986179
25,263.3415,328.50854,261.58475,328.7091,-1.7567444,0.20056152,1.768156
25,294.96875,187.12802,282.92953,187.68541,-12.039215,0.5573883,12.052112
25,831.406,128.87224,828.52496,128.30852,-2.8810425,-0.5637207,2.935675
25,649.3243,252.99467,647.2924,259.20566,-2.0318604,6.2109833,6.5348887
25,158.4071,148.14041,165.19402,148.43929,6.786911,0.2988739,6.7934885
25,780.2372,150.77829,779.8684,151.11836,-0.3687744,0.34007263,0.5016413
25,216.79427,459.21268,219.5263,459.46033,2.7320404,0.24765015,2.7432418
25,776.7875,270.42487,771.0524,274.4698,-5.7350464,4.044922,7.0179877
25,588.8484,286.00674,592.35443,293.656,3.5060425,7.6492615,8.414484
25,97.7185,368.12076,98.25112,367.83163,0.5326233,-0.28912354,0.6060363
25,195.92802,137.31577,195.72363,137.5523,-0.20439148,0.23654175,0.3126146
26,324.43866,237.82567,326.108,238.34128,1.669342,0.51560974,1.7471566
26,61.37977,372.11334,62.03525,372.1262,0.65548325,0.0128479,0.65560913
26,87.69274,456.81726,88.32697,456.39804,0.63423157,-0.41921997,0.76025987
26,77.56963,346.68356,78.5208,346.31534,0.95116425,-0.3682251,1.0199525
26,64.81906,397.59915,65.298615,397.1936,0.47955322,-0.4055481,0.628045
26,334.75485,289.99683,336.53998,290.50293,1.7851257,0.5061035,1.8554823
26,284.457,369.75037,284.23358,370.0895,-0.22341919,0.33914185,0.40611985
26,108.81832,146.96219,108.4984,147.01488,-0.3199234,0.0526886,0.32423306
26,149.82462,241.55997,151.83614,241.52979,2.0115204,-0.030181885,2.0117466
26,95.59152,467.79587,96.60884,467.29697,1.0173187,-0.49890137,1.1330667
26,178.197,377.84238,178.28677,377.7984,0.089767456,-0.04397583,0.09996034
26,44.719147,344.4574,46.266693,344.08463,1.5475464,-0.37277222,1.59181
26,93.33588,332.71838,95.683586,330.51273,2.3477097,-2.205658,3.2212834
26,48.40315,148.45947,47.25641,148.90605,-1.14674,0.44657898,1.230628
26,806.7148,272.17038,804.17786,270.32993,-2.5369263,-1.8404541,3.1342092
26,813.0936,192.69092,804.50037,193.04463,-8.593262,0.353714,8.600538
26,173.54028,560.1272,171.78955,560.7484,-1.7507324,0.6212158,1.8576795
26,219.52135,314.42783,238.75761,312.63174,19.236267,-1.7960815,19.319935
26,156.0719,370.48776,151.73462,370.76477,-4.3372803,0.27700806,4.346117
26,383.40015,146.02792,382.50925,146.17226,-0.89089966,0.14433289,0.9025155
26,798.5262,145.26929,810.7044,145.24269,12.178223,-0.02659607,12.178251
26,804.5516,557.2073,806.6403,557.23694,2.088745,0.029663086,2.0889556
26,376.54633,466.53415,376.2313,467.70462,-0.31503296,1.1704712,1.2121257
26,961.6415,146.1746,961.1775,146.19827,-0.46398926,0.023666382,0.46459243
26,718.4062,140.3564,717.26086,140.4859,-1.1453247,0.12950134,1.1526228
26,337.10248,308.1267,339.09488,308.228,1.9924011,0.10128784,1.994974
26,222.95454,338.34082,219.6624,340.93707,-3.2921448,2.5962524,4.1927013
26,898.72833,79.352264,901.6774,78.11202,2.9490967,-1.240242,3.1992767
26,646.69305,197.47368,651.6111,197.26805,4.91803,-0.20562744,4.9223266
26,689.80994,192.25679,685.6618,192.62282,-4.1481323,0.36602783,4.16425
26,625.3713,426.79758,635.63293,423.41336,10.261658,-3.3842163,10.805302
26,988.48615,230.51231,996.3823,232.9938,7.896179,2.481491,8.276922
26,15.200157,229.14146,15.243774,229.34235,0.04361725,0.20088196,0.20556271
26,297.4015,149.10301,292.06345,149.19083,-5.338043,0.08781433,5.3387656
26,652.55115,70.17406,648.8798,63.431187,-3.6713257,-6.7428703,7.6775603
26,463.4261,558.3495,466.30484,558.6842,2.8787537,0.3347168,2.8981473
26,261.58475,328.7091,258.0703,329.96667,-3.5144348,1.2575684,3.7326572
26,282.92953,187.68541,283.32336,187.61974,0.39382935,-0.06567383,0.39926758
26,828.52496,128.30852,831.5959,128.66727,3.0709229,0.3587494,3.0918067
26,647.2924,259.20566,654.16174,262.12732,6.8693237,2.9216614,7.464832
26,165.19402,148.43929,171.92032,148.76749,6.726303,0.3282013,6.7343054
26,779.8684,151.11836,782.12317,151.4973,2.2547607,0.37893677,2.2863812
26,219.5263,459.46033,218.88428,459.59756,-0.6420288,0.13723755,0.65653265
26,771.0524,274.4698,767.47,273.16486,-3.5824585,-1.3049316,3.812723
26,592.35443,293.656,596.7288,296.9787,4.3743896,3.3226929,5.4932294
26,98.25112,367.83163,100.360176,367.4913,2.1090546,-0.34033203,2.1363373
26,195.72363,137.5523,201.87871,138.00845,6.155075,0.45614624,6.171954
27,326.108,238.34128,328.02698,238.97475,1.9189758,0.6334686,2.0208292
27,62.03525,372.1262,62.72019,371.99088,0.6849365,-0.13531494,0.6981749
27,88.32697,456.39804,88.81453,455.91064,0.48755646,-0.48739624,0.68939567
27,78.5208,346.31534,79.59319,346.10483,1.0723953,-0.21051025,1.0928615
27,65.298615,397.1936,66.09071,397.1345,0.792099,-0.05911255,0.7943017
27,336.53998,290.50293,338.3196,291.09457,1.7796326,0.5916443,1.8754027
27,284.23358,370.0895,283.87335,370.84787,-0.3602295,0.7583618,0.8395701
27,108.4984,147.01488,106.49872,147.3932,-1.9996796,0.37832642,2.0351534
27,151.83614,241.52979,154.14673,241.43001,2.3105927,-0.09977722,2.312746
27,96.60884,467.29697,97.21835,466.87128,0.6095123,-0.4256897,0.7434494
27,178.28677,377.7984,178.692,378.16138,0.40522766,0.36297607,0.54402304
27,46.266693,344.08463,47.608624,343.74014,1.3419304,-0.34448242,1.3854405
27,95.683586,330.51273,96.53611,330.3561,0.8525238,-0.15661621,0.86679035
27,47.25641,148.90605,47.53346,149.16646,0.27705002,0.2604065,0.38022134
27,804.17786,270.32993,818.7599,274.48862,14.582031,4.1586914,15.163454
27,804.50037,193.04463,817.28033,193.20667,12.779968,0.16203308,12.780995
27,171.78955,560.7484,174.56078,561.1715,2.771225,0.4230957,2.8033369
27,238.75761,312.63174,239.27171,320.83902,0.5140991,8.207275,8.223361
27,151.73462,370.76477,155.43883,370.63467,3.7042084,-0.13009644,3.7064922
27,382.50925,146.17226,382.80722,146.2527,0.29797363,0.080444336,0.3086415
27,810.7044,145.24269,811.6215,145.49918,0.91711426,0.256485,0.9523041
27,806.6403,557.23694,802.81854,557.88104,-3.8217773,0.644104,3.8756745
27,376.2313,467.70462,377.63422,467.74765,1.4029236,0.043029785,1.4035833
27,961.1775,146.19827,957.5571,146.95876,-3.6203613,0.7604828,3.6993716
27,717.26086,140.4859,725.78674,140.5995,8.525879,0.113601685,8.526636
27,339.09488,308.228,340.7315,309.16986,1.6366272,0.941864,1.8882946
27,219.6624,340.93707,224.8698,341.19354,5.2073975,0.25646973,5.2137094
27,901.6774,78.11202,893.0045,68.5679,-8.672913,-9.544121,12.896111
27,651.6111,197.26805,656.3607,197.73851,4.749634,0.47045898,4.7728767
27,685.6618,192.62282,687.79346,192.96191,2.1316528,0.33909607,2.1584554
27,635.63293,423.41336,625.92664,420.241,-9.706299,-3.1723633,10.211568
27,996.3823,232.9938,998.56824,230.55768,2.185913,-2.4361267,3.273061
27,15.243774,229.34235,14.5237465,230.00043,-0.7200279,0.65808105,0.97545415
27,292.06345,149.19083,298.59094,149.60794,6.5274963,0.41711426,6.5408096
27,648.8798,63.431187,654.59814,65.578094,5.7183228,2.1469078,6.1080627
27,466.30484,558.6842,465.90466,559.167,-0.400177,0.4827881,0.62707734
27,258.0703,329.96667,256.02136,333.43594,-2.0489502,3.4692688,4.0291467
27,283.32336,187.61974,283.25247,187.9694,-0.070892334,0.3496704,0.35678443
27,831.5959,128.66727,830.1698,129.13513,-1.4260864,0.467865,1.5008731
27,654.16174,262.12732,656.1389,267.20023,1.9771729,5.0729065,5.444593
27,171.92032,148.76749,172.85449,149.11575,0.9341736,0.3482666,0.9969804
27,782.12317,151.4973,782.4481,152.20718,0.32495117,0.70988464,0.7807237
27,218.88428,459.59756,213.98555,459.8969,-4.8987274,0.29934692,4.907865
27,767.47,273.16486,779.4537,281.80145,11.983704,8.636597,14.771593
27,596.7288,296.9787,594.37646,297.51746,-2.352356,0.5387573,2.4132628
27,100.360176,367.4913,100.40875,367.41357,0.048576355,-0.07772827,0.09165886
27,201.87871,138.00845,200.60983,138.173,-1.2688751,0.16455078,1.2795004
28,328.02698,238.97475,330.16168,239.41562,2.1347046,0.4408722,2.1797552
28,62.72019,371.99088,63.435345,371.7879,0.71515656,-0.20297241,0.7434021
28,88.81453,455.91064,89.33294,455.46225,0.5184097,-0.44839478,0.6854243
28,79.59319,346.10483,80.453026,345.70026,0.85983276,-0.40457153,0.95025814
28,66.09071,397.1345,66.54016,396.76657,0.44944763,-0.36791992,0.5808341
28,338.3196,291.09457,340.4438,291.2741,2.124176,0.17953491,2.1317496
28,283.87335,370.84787,284.0151,371.6252,0.14175415,0.77734375,0.790163
28,106.49872,147.3932,107.5667,147.88885,1.0679855,0.49565125,1.1773968
28,154.14673,241.43001,156.246,241.34604,2.0992737,-0.083969116,2.1009524
28,97.21835,466.87128,97.66842,466.4559,0.4500656,-0.41537476,0.6124502
28,178.692,378.16138,178.11377,378.52054,-0.5782318,0.35916138,0.6806974
28,47.608624,343.74014,48.456882,343.22226,0.848259,-0.5178833,0.9938543
28,96.53611,330.3561,97.09347,330.9057,0.5573578,0.54959106,0.7827503
28,47.53346,149.16646,47.97234,149.60938,0.43888092,0.44291687,0.6235317
28,818.7599,274.48862,816.53534,272.63504,-2.2245483,-1.8535767,2.8955762
28,817.28033,193.20667,823.261,193.52087,5.980652,0.31420898,5.9889
28,174.56078,561.1715,170.98436,561.7924,-3.576416,0.62091064,3.6299148
28,239.27171,320.83902,232.8217,309.13675,-6.450012,-11.7022705,13.3621025
28,155.43883,370.63467,155.6054,370.66037,0.16656494,0.0256958,0.16853532
28,382.80722,146.2527,383.0847,146.77399,0.27746582,0.521286,0.5905306
28,811.6215,145.49918,812.91473,145.44707,1.2932129,-0.052108765,1.2942623
28,802.81854,557.88104,799.523,558.0025,-3.2955322,0.12145996,3.2977698
28,377.63422,467.74765,376.57953,463.8336,-1.0546875,-3.9140625,4.0536714
28,957.5571,146.95876,955.3363,146.54749,-2.2208252,-0.41127014,2.2585855
28,725.78674,140.5995,721.30316,140.96936,-4.4835815,0.3698578,4.498811
28,340.7315,309.16986,342.8861,309.59116,2.154602,0.42129517,2.1954043
28,224.8698,341.19354,216.9389,339.6938,-7.930893,-1.4997559,8.071451
28,893.0045,68.5679,900.1229,75.10089,7.118408,6.5329895,9.661867
28,656.3607,197.73851,658.7473,198.04482,2.3865967,0.30630493,2.4061725
28,687.79346,192.96191,685.8473,193.28828,-1.946167,0.32637024,1.9733433
28,625.92664,420.241,625.3473,423.60577,-0.5793457,3.3647766,3.4142883
28,998.56824,230.55768,999.2074,229.84827,0.63916016,-0.7094116,0.95487726
28,14.5237465,230.00043,15.786175,229.24826,1.2624283,-0.75216675,1.469517
28,298.59094,149.60794,300.29858,149.9034,1.7076416,0.29545593,1.733013
28,654.59814,65.578094,646.6957,62.65682,-7.902466,-2.921276,8.42513
28,465.90466,559.167,465.25717,559.4348,-0.64749146,0.26782227,0.70069534
28,256.02136,333.43594,255.45898,334.27966,-0.5623779,0.8437195,1.0139682
28,283.25247,187.9694,282.32227,188.60222,-0.9302063,0.6328125,1.1250491
28,830.1698,129.13513,824.60284,128.96661,-5.5669556,-0.16851807,5.5695057
28,656.1389,267.20023,652.394,263.59885,-3.744934,-3.6013794,5.1956196
28,172.85449,149.11575,172.91426,148.8055,0.059768677,-0.31025696,0.3159615
28,782.4481,152.20718,781.71027,151.87857,-0.737854,-0.32861328,0.8077222
28,213.98555,459.8969,225.43526,460.2715,11.449707,0.37460327,11.455833
28,779.4537,281.80145,777.4577,279.52762,-1.9959717,-2.2738342,3.025595
28,594.37646,297.51746,594.78156,293.57327,0.40509033,-3.9441833,3.9649312
28,100.40875,367.41357,98.11411,367.14938,-2.2946396,-0.26419067,2.3097982
28,200.60983,138.173,214.24533,138.73065,13.635498,0.5576477,13.646896
29,330.16168,239.41562,332.545,239.98706,2.3833313,0.57144165,2.4508803
29,63.435345,371.7879,64.094864,371.8938,0.6595192,0.105895996,0.6679667
29,89.33294,455.46225,90.08846,455.026,0.7555237,-0.43624878,0.8724271
29,80.453026,345.70026,81.432205,345.42017,0.9791794,-0.28009033,1.0184512
29,66.54016,396.76657,67.30032,396.67914,0.76016235,-0.08743286,0.7651741
29,340.4438,291.2741,342.55182,291.67038,2.1080322,0.39627075,2.1449547
29,284.0151,371.6252,284.03537,372.30243,0.020263672,0.6772156,0.67751867
29,107.5667,147.88885,106.46877,148.19714,-1.0979309,0.30828857,1.1403921
29,156.246,241.34604,158.75227,241.324,2.5062714,-0.022033691,2.5063682
29,97.66842,466.4559,98.53116,465.91177,0.86273956,-0.5441284,1.0199977
29,178.11377,378.52054,175.43777,378.42636,-2.6759949,-0.094177246,2.6776516
29,48.456882,343.22226,50.253506,342.87875,1.7966232,-0.34350586,1.8291668
29,97.09347,330.9057,98.25754,330.8963,1.1640701,-0.009399414,1.164108
29,47.97234,149.60938,47.695667,149.93085,-0.27667236,0.32147217,0.4241367
29,816.53534,272.63504,818.36285,268.05273,1.8275146,-4.582306,4.9332886
29,823.261,193.52087,815.70526,193.94958,-7.555725,0.42871094,7.567878
29,170.98436,561.7924,169.6903,562.05865,-1.2940521,0.26623535,1.3211557
29,232.8217,309.13675,226.00912,307.87714,-6.8125763,-1.259613,6.928046
29,155.6054,370.66037,154.01157,370.86478,-1.5938263,0.20440674,1.6068803
29,383.0847,146.77399,383.54514,147.29874,0.46044922,0.52474976,0.69812304
29,812.91473,145.44707,814.4966,146.16803,1.5818481,0.7209625,1.7383988
29,799.523,558.0025,810.5969,558.4633,11.073914,0.46081543,11.083497
29,376.57953,463.8336,375.25784,459.63608,-1.3216858,-4.19751,4.4006753
29,955.3363,146.54749,955.40094,146.82344,0.06463623,0.2759552,0.28342393
29,721.30316,140.96936,734.01215,141.34517,12.708984,0.37580872,12.71454
29,342.8861,309.59116,344.91898,309.58447,2.0328674,-0.0066833496,2.0328784
29,216.9389,339.6938,210.63814,336.34988,-6.300766,-3.3439026,7.133116
29,900.1229,75.10089,895.83514,73.91037,-4.287781,-1.1905212,4.4499893
29,658.7473,198.04482,658.8965,198.16426,0.14916992,0.1194458,0.19109936
29,685.8473,193.28828,697.49854,193.36288,11.651245,0.07460022,11.6514845
29,625.3473,423.60577,626.47845,430.21985,1.1311646,6.6140747,6.7101054
29,999.2074,229.84827,1002.47485,228.4344,3.267456,-1.4138641,3.5602362
29,15.786175,229.24826,15.504156,230.23979,-0.28201866,0.9915314,1.0308584
29,300.29858,149.9034,307.88907,150.16547,7.5904846,0.2620697,7.5950074
29,646.6957,62.65682,665.58435,60.267433,18.888672,-2.3893852,19.039198
29,465.25717,559.4348,461.87518,559.9079,-3.3819885,0.4730835,3.4149165
29,255.45898,334.27966,256.88434,332.6561,1.425354,-1.6235657,2.1604629
29,282.32227,188.60222,282.033,188.81998,-0.28927612,0.21775818,0.36207637
29,824.60284,128.96661,829.4037,128.41492,4.8008423,-0.5516968,4.832438
29,652.394,263.59885,643.4146,265.02106,-8.97937,1.4222107,9.091302
29,172.91426,148.8055,173.69052,149.34712,0.7762604,0.541626,0.9465405
29,781.71027,151.87857,795.9274,152.18153,14.217163,0.30296326,14.22039
29,225.43526,460.2715,220.92625,460.5423,-4.5090027,0.27078247,4.517126
29,777.4577,279.52762,771.9067,282.90366,-5.5510254,3.3760376,6.497039
29,594.78156,293.57327,601.5278,304.16687,6.746216,10.593597,12.559289
29,98.11411,367.14938,100.71336,366.953,2.5992508,-0.19638062,2.6066587
29,214.24533,138.73065,211.82343,138.85042,-2.4219055,0.119766235,2.424865
30,332.545,239.98706,334.6195,240.4867,2.0744934,0.4996338,2.1338127
30,64.094864,371.8938,64.61058,371.5995,0.51571655,-0.29431152,0.59378684
30,90.08846,455.026,90.66518,454.41168,0.57671356,-0.61431885,0.8426068
30,81.432205,345.42017,82.487,345.10962,1.0547943,-0.31054688,1.0995592
30,67.30032,396.67914,68.11824,396.57715,0.81791687,-0.101989746,0.8242511
30,342.55182,291.67038,344.72437,291.87503,2.1725464,0.20465088,2.182164
30,284.03537,372.30243,284.4612,372.88586,0.4258423,0.58343506,0.7223144
30,106.46877,148.19714,107.63759,148.45946,1.1688156,0.26231384,1.1978892
30,158.75227,241.324,161.24757,241.1143,2.4953003,-0.20970154,2.5040963
30,98.53116,465.91177,99.58949,465.37668,1.0583344,-0.5350952,1.1859168
30,175.43777,378.42636,185.9141,378.92645,10.476318,0.50009155,10.488248
30,50.253506,342.87875,51.707912,342.53403,1.4544067,-0.34472656,1.4947025
30,98.25754,330.8963,98.70038,331.61887,0.44284058,0.7225647,0.84747124
30,47.695667,149.93085,47.66772,149.8678,-0.027946472,-0.06304932,0.06896537
30,818.36285,268.05273,813.6186,265.21887,-4.7442627,-2.8338623,5.5261927
30,815.70526,193.94958,815.19354,194.47742,-0.51171875,0.52783203,0.7351617
30,169.6903,562.05865,167.81398,562.4869,-1.8763275,0.42822266,1.9245726
30,226.00912,307.87714,226.07848,303.3655,0.0693512,-4.511627,4.5121603
30,154.01157,370.86478,152.99808,370.79858,-1.0134888,-0.06619263,1.015648
30,383.54514,147.29874,385.12097,147.44147,1.5758362,0.14273071,1.582287
30,814.4966,146.16803,821.07904,145.6486,6.5824585,-0.51942444,6.6029205
30,810.5969,558.4633,810.48846,558.91736,-0.10845947,0.45404053,0.466815
30,375.25784,459.63608,381.17783,457.2868,5.919983,-2.3492737,6.369088
30,955.40094,146.82344,950.37195,147.45221,-5.0289917,0.6287689,5.068146
30,734.01215,141.34517,730.1219,141.49051,-3.8902588,0.14533997,3.8929727
30,344.91898,309.58447,347.40274,310.83795,2.4837646,1.253479,2.7821388
30,210.63814,336.34988,213.62128,335.12134,2.983139,-1.2285461,3.226212
30,895.83514,73.91037,901.056,77.98189,5.220886,4.071518,6.620794
30,658.8965,198.16426,651.20844,198.15825,-7.6880493,-0.006011963,7.6880517
30,697.49854,193.36288,690.0302,193.3178,-7.4683228,-0.04508972,7.4684587
30,626.47845,430.21985,626.5266,424.1216,0.04815674,-6.098236,6.0984263
30,1002.47485,228.4344,996.72406,227.54204,-5.7507935,-0.8923645,5.819617
30,15.504156,230.23979,15.538846,230.92867,0.034689903,0.6888733,0.6897462
30,307.88907,150.16547,312.25964,150.62822,4.370575,0.4627533,4.3950047
30,665.58435,60.267433,661.7414,60.52003,-3.8429565,0.2525978,3.8512492
30,461.87518,559.9079,469.06744,560.4481,7.1922607,0.54022217,7.2125206
30,256.88434,332.6561,255.00371,333.27628,-1.8806305,0.6201782,1.9802505
30,282.033,188.81998,281.4393,189.25702,-0.59368896,0.43704224,0.7372059
30,829.4037,128.41492,833.6943,128.56735,4.2905884,0.1524353,4.2932954
30,643.4146,265.02106,646.2211,266.38937,2.8065186,1.3683167,3.1223128
30,173.69052,149.34712,179.29224,149.2453,5.601715,-0.1018219,5.6026406
30,795.9274,152.18153,795.04675,152.20586,-0.88067627,0.02432251,0.8810121
30,220.92625,460.5423,220.94864,460.84848,0.022384644,0.30618286,0.30700004
30,771.9067,282.90366,765.5887,284.0484,-6.317993,1.1447449,6.4208627
30,601.5278,304.16687,602.69946,299.55713,1.1716919,-4.609741,4.7563195
30,100.71336,366.953,100.60129,366.50806,-0.112075806,-0.4449463,0.4588444
30,211.82343,138.85042,211.31155,139.0023,-0.51187134,0.15188599,0.53393036
31,334.6195,240.4867,336.71646,240.92284,2.0969543,0.43614197,2.1418304
31,64.61058,371.5995,65.145004,371.7508,0.5344238,0.15130615,0.5554299
31,90.66518,454.41168,91.26383,454.0073,0.5986557,-0.40438843,0.72243935
31,82.487,345.10962,83.35745,344.85516,0.8704529,-0.25445557,0.90688246
31,68.11824,396.57715,68.77034,396.5048,0.6520996,-0.07235718,0.6561017
31,344.72437,291.87503,346.74875,292.45654,2.0243835,0.58151245,2.106249
31,284.4612,372.88586,283.96426,373.68338,-0.49694824,0.79751587,0.939675
31,107.63759,148.45946,108.130226,148.93117,0.49263763,0.4717102,0.68205744
31,161.24757,241.1143,163.69807,240.82965,2.4505005,-0.2846527,2.4669778
31,99.58949,465.37668,99.74957,464.93008,0.16007996,-0.44659424,0.47441754
31,185.9141,378.92645,187.13605,379.27795,1.2219543,0.35150146,1.2715052
31,51.707912,342.53403,53.6596,342.1224,1.9516869,-0.4116211,1.9946212
31,98.70038,331.61887,99.3394,332.0011,0.6390228,0.38223267,0.7446153
31,47.66772,149.8678,47.04273,150.38405,-0.6249924,0.5162506,0.8106356
31,813.6186,265.21887,821.48035,273.75696,7.8617554,8.538086,11.606297
31,815.19354,194.47742,821.47546,194.54694,6.2819214,0.06951904,6.282306
31,167.81398,562.4869,183.61206,562.9265,15.79808,0.43963623,15.804196
31,226.07848,303.3655,228.0293,307.32874,1.9508209,3.9632263,4.417337
31,152.99808,370.79858,156.00763,371.0983,3.009552,0.29971313,3.0244389
31,385.12097,147.44147,383.7442,147.51006,-1.37677,0.06858826,1.3784775
31,821.07904,145.6486,818.36475,145.90657,-2.7142944,0.2579651,2.7265253
31,810.48846,558.91736,812.12256,559.2715,1.6340942,0.35412598,1.6720256
31,381.17783,457.2868,380.4503,452.1356,-0.72753906,-5.1512146,5.202338
31,950.37195,147.45221,949.4375,147.2711,-0.93444824,-0.18110657,0.9518367
31,730.1219,141.49051,731.22205,141.47676,1.1001587,-0.013748169,1.1002446
31,347.40274,310.83795,349.2329,312.72665,1.8301697,1.8887024,2.6299653
31,213.62128,335.12134,225.68776,330.311,12.066483,-4.8103333,12.98997
31,901.056,77.98189,902.0516,66.731705,0.99554443,-11.250183,11.294146
31,651.20844,198.15825,649.3611,198.51894,-1.8473511,0.36068726,1.882233
31,690.0302,193.3178,693.75494,193.72227,3.7247314,0.40447998,3.746629
31,626.5266,424.1216,630.3778,417.86456,3.8511963,-6.2570496,7.3472705
31,996.72406,227.54204,998.654,229.16287,1.9299316,1.6208344,2.5202658
31,15.538846,230.92867,17.733356,229.40076,2.1945105,-1.5279083,2.6740196
31,312.25964,150.62822,311.59476,150.75616,-0.6648865,0.12794495,0.67708486
31,661.7414,60.52003,658.5427,54.31039,-3.1986694,-6.2096405,6.985064
31,469.06744,560.4481,467.07697,560.89764,-1.9904785,0.44952393,2.0406067
31,255.00371,333.27628,252.92735,334.4162,-2.076355,1.1399231,2.3686862
31,281.4393,189.25702,279.7803,189.02896,-1.6589966,-0.22805786,1.6745985
31,833.6943,128.56735,830.08484,129.55937,-3.609436,0.99201965,3.7432783
31,646.2211,266.38937,645.2363,265.93542,-0.98480225,-0.45394897,1.0843916
31,179.29224,149.2453,180.6926,149.66306,1.4003601,0.41775513,1.4613445
31,795.04675,152.20586,790.2558,152.32112,-4.7909546,0.11526489,4.7923408
31,220.94864,460.84848,221.8908,461.2484,0.94215393,0.39993286,1.0235234
31,765.5887,284.0484,769.3696,289.28833,3.7809448,5.239929,6.46161
31,602.69946,299.55713,603.3852,298.13153,0.68573,-1.4255981,1.5819467
31,100.60129,366.50806,101.68135,366.2141,1.0800629,-0.2939453,1.1193479
31,211.31155,139.0023,212.52814,138.9876,1.2165833,-0.014709473,1.2166722
32,336.71646,240.92284,338.70767,241.50496,1.9912109,0.5821228,2.0745573
32,65.145004,371.7508,65.9855,371.54892,0.84049225,-0.20187378,0.86439586
32,91.26383,454.0073,92.074356,453.68396,0.810524,-0.32333374,0.87263614
32,83.35745,344.85516,84.39794,344.6685,1.0404892,-0.18667603,1.0571026
32,68.77034,396.5048,69.558105,396.6737,0.7877655,0.1689148,0.8056716
32,346.74875,292.45654,348.63565,293.0572,1.8869019,0.600647,1.9801958
32,283.96426,373.68338,284.2358,374.4782,0.2715454,0.7948303,0.8399358
32,108.130226,148.93117,109.55858,149.00087,1.4283524,0.06970215,1.430052
32,163.69807,240.82965,166.1987,240.69199,2.5006256,-0.1376648,2.5044122
32,99.74957,464.93008,100.563576,464.755,0.814003,-0.17507935,0.83261853
32,187.13605,379.27795,186.13882,379.59912,-0.9972229,0.321167,1.0476649
32,53.6596,342.1224,55.17884,341.8894,1.5192413,-0.23300171,1.537005
32,99.3394,332.0011,100.76079,331.61655,1.4213867,-0.384552,1.4724879
32,47.04273,150.38405,47.246895,150.69122,0.20416641,0.30717468,0.36883628
32,821.48035,273.75696,826.51746,276.03476,5.0371094,2.2778015,5.528187
32,821.47546,194.54694,834.38104,194.7573,12.905579,0.21035767,12.907292
32,183.61206,562.9265,181.6891,563.1131,-1.9229584,0.18658447,1.9319893
32,228.0293,307.32874,230.44125,307.13828,2.4119568,-0.1904602,2.4194648
32,156.00763,371.0983,163.47452,371.26733,7.4668884,0.16903687,7.4688015
32,383.7442,147.51006,380.42203,147.75124,-3.322174,0.24118042,3.3309171
32,818.36475,145.90657,821.6792,146.46907,3.3144531,0.5625,3.3618455
32,812.12256,559.2715,807.581,559.77716,-4.541565,0.50567627,4.56963
32,380.4503,452.1356,382.3308,446.40317,1.8805237,-5.732422,6.032995
32,949.4375,147.2711,950.877,147.64119,1.4395142,0.37008667,1.4863261
32,731.22205,141.47676,729.60754,141.84789,-1.614502,0.37112427,1.6566079
32,349.2329,312.72665,351.3398,313.3446,2.106903,0.61795044,2.1956556
32,225.68776,330.311,221.33138,331.142,-4.3563843,0.83099365,4.434933
32,902.0516,66.731705,893.28485,61.562256,-8.766724,-5.169449,10.17736
32,649.3611,198.51894,649.4118,198.67805,0.050720215,0.15911865,0.16700685
32,693.75494,193.72227,699.53375,194.01129,5.7788086,0.28901672,5.7860317
32,630.3778,417.86456,631.96796,408.48532,1.5901489,-9.379242,9.513083
32,998.654,229.16287,1009.5884,234.4962,10.934387,5.3333282,12.16574
32,17.733356,229.40076,17.5796,229.46048,-0.1537571,0.0597229,0.16494869
32,311.59476,150.75616,312.79495,151.19695,1.2001953,0.44078064,1.2785759
32,658.5427,54.31039,655.92896,60.492466,-2.6137695,6.1820755,6.7119184
32,467.07697,560.89764,473.12656,561.281,6.049591,0.38336182,6.0617256
32,252.92735,334.4162,252.9655,334.73972,0.038146973,0.32351685,0.3257581
32,279.7803,189.02896,279.86722,189.6045,0.08691406,0.57554626,0.5820718
32,830.08484,129.55937,850.6594,129.56232,20.574585,0.0029449463,20.574585
32,645.2363,265.93542,645.3675,265.55396,0.13116455,-0.38146973,0.40338975
32,180.6926,149.66306,180.71625,149.97778,0.023651123,0.31472778,0.3156152
32,790.2558,152.32112,790.5666,153.1856,0.31079102,0.86447144,0.9186413
32,221.8908,461.2484,222.49763,461.64587,0.60684204,0.39746094,0.7254188
32,769.3696,289.28833,764.7085,284.2954,-4.661133,-4.99292,6.8304763
32,603.3852,298.13153,602.08606,298.2484,-1.2991333,0.116882324,1.3043807
32,101.68135,366.2141,100.42534,366.0108,-1.256012,-0.2033081,1.2723601
32,212.52814,138.9876,219.84288,139.40361,7.314743,0.41601562,7.326564
33,338.70767,241.50496,340.73544,242.15842,2.027771,0.65345764,2.1304605
33,65.9855,371.54892,66.577225,371.5345,0.5917282,-0.014434814,0.5919043
33,92.074356,453.68396,92.57446,453.16406,0.5001068,-0.51989746,0.7213877
33,84.39794,344.6685,85.37707,344.60077,0.979126,-0.067718506,0.981465
33,69.558105,396.6737,70.32304,396.5254,0.7649307,-0.14831543,0.7791768
33,348.63565,293.0572,350.46582,293.63635,1.8301697,0.5791626,1.9196224
33,284.2358,374.4782,284.4018,375.0919,0.1659851,0.613678,0.63572925
33,109.55858,149.00087,111.30691,149.4087,1.7483292,0.4078369,1.7952677
33,166.1987,240.69199,168.1875,240.91817,1.9888,0.22618103,2.0016203
33,100.563576,464.755,101.30117,464.26013,0.7375946,-0.49487305,0.88822585
33,186.13882,379.59912,186.73607,379.19763,0.59724426,-0.40148926,0.7196488
33,55.17884,341.8894,55.75036,341.7805,0.57151794,-0.10891724,0.58180386
33,100.76079,331.61655,101.813995,331.64505,1.0532074,0.028503418,1.053593
33,47.246895,150.69122,48.124443,150.54794,0.8775482,-0.14328003,0.88916814
33,826.51746,276.03476,823.6371,277.2302,-2.880371,1.1954346,3.1185896
33,834.38104,194.7573,845.6607,195.18883,11.279663,0.4315338,11.287914
33,181.6891,563.1131,193.98114,563.51715,12.292038,0.40405273,12.2986765
33,230.44125,307.13828,228.40187,307.626,-2.039383,0.48773193,2.0968943
33,163.47452,371.26733,163.48964,371.48648,0.01512146,0.21914673,0.2196678
33,380.42203,147.75124,381.67178,148.02235,1.2497559,0.27111816,1.2788255
33,821.6792,146.46907,825.6947,146.80316,4.015503,0.3340912,4.029377
33,807.581,559.77716,808.478,560.40454,0.8970337,0.6273804,1.0946578
33,382.3308,446.40317,385.52448,447.29257,3.1936646,0.8894043,3.3151975
33,950.877,147.64119,950.1356,148.11977,-0.74139404,0.47857666,0.8824402
33,729.60754,141.84789,731.7318,142.05574,2.1242676,0.20785522,2.1344125
33,351.3398,313.3446,353.11563,313.34064,1.7758179,-0.003967285,1.7758223
33,221.33138,331.142,219.57957,334.05316,-1.7518005,2.9111633,3.3975985
33,893.28485,61.562256,892.7963,75.96388,-0.4885254,14.401627,14.40991
33,649.4118,198.67805,650.109,199.00777,0.6972046,0.3297119,0.77123547
33,699.53375,194.01129,699.5295,194.50694,-0.004272461,0.49565125,0.49566966
33,631.96796,408.48532,633.33453,413.8926,1.3665771,5.4072876,5.5773015
33,1009.5884,234.4962,1009.81964,233.68776,0.2312622,-0.80844116,0.8408682
33,17.5796,229.46048,18.188969,229.95712,0.6093693,0.49664307,0.78612036
33,312.79495,151.19695,304.58405,151.34972,-8.210907,0.152771,8.212328
33,655.92896,60.492466,673.4883,73.78778,17.559326,13.295315,22.02488
33,473.12656,561.281,491.85483,561.5439,18.728271,0.26287842,18.730116
33,252.9655,334.73972,252.56189,334.71475,-0.40361023,-0.024963379,0.40438148
33,279.86722,189.6045,275.10052,190.33165,-4.766693,0.72714233,4.8218355
33,850.6594,129.56232,857.6248,127.384315,6.965393,-2.1780014,7.2979717
33,645.3675,265.55396,637.08527,259.19153,-8.282227,-6.3624268,10.4439335
33,180.71625,149.97778,174.10661,150.56381,-6.6096344,0.58602905,6.635563
33,790.5666,153.1856,798.74554,153.31992,8.178955,0.13432312,8.1800585
33,222.49763,461.64587,222.14636,461.98563,-0.35127258,0.3397522,0.48869622
33,764.7085,284.2954,770.91394,293.06952,6.2054443,8.774109,10.746745
33,602.08606,298.2484,608.5101,314.5842,6.424011,16.335785,17.553513
33,100.42534,366.0108,101.31614,365.96683,0.8908005,-0.04397583,0.8918853
33,219.84288,139.40361,210.8509,139.52162,-8.991974,0.118011475,8.992748
34,340.73544,242.15842,342.29343,242.7699,1.5579834,0.6114807,1.673685
34,66.577225,371.5345,67.04985,371.73886,0.47262573,0.20437622,0.514922
34,92.57446,453.16406,93.35602,452.8114,0.7815552,-0.35266113,0.8574371
34,85.37707,344.60077,86.4736,344.4854,1.0965347,-0.115356445,1.1025858
34,70.32304,396.5254,71.087776,396.62094,0.76474,0.09555054,0.77068615
34,350.46582,293.63635,352.13065,293.7615,1.6648254,0.12515259,1.6695229
34,284.4018,375.0919,284.62112,375.7853,0.21932983,0.6934204,0.72728086
34,111.30691,149.4087,108.78706,149.79715,-2.519844,0.388443,2.5496082
34,168.1875,240.91817,170.16199,240.89655,1.9744873,-0.021621704,1.9746057
34,101.30117,464.26013,102.13978,464.0989,0.8386078,-0.16122437,0.85396504
34,186.73607,379.19763,187.0966,379.79526,0.36053467,0.59762573,0.6979554
34,55.75036,341.7805,58.099266,341.5443,2.3489075,-0.23617554,2.360751
34,101.813995,331.64505,104.319496,329.72818,2.5055008,-1.9168701,3.1546671
34,48.124443,150.54794,47.741947,150.93254,-0.38249588,0.38459778,0.54241914
34,823.6371,277.2302,823.74036,277.3461,0.103271484,0.11590576,0.15523899
34,845.6607,195.18883,844.7838,195.00806,-0.8768921,-0.18077087,0.89533114
34,193.98114,563.51715,193.69885,564.1476,-0.2822876,0.6304321,0.69074667
34,228.40187,307.626,241.09024,306.59964,12.68837,-1.0263672,12.729814
34,163.48964,371.48648,160.32718,371.49863,-3.1624603,0.012145996,3.1624837
34,381.67178,148.02235,390.1492,148.4505,8.477417,0.42814636,8.488222
34,825.6947,146.80316,824.58606,146.90836,-1.1086426,0.10519409,1.1136222
34,808.478,560.40454,811.3259,560.85626,2.8479004,0.4517212,2.8835027
34,385.52448,447.29257,384.6159,444.93585,-0.90856934,-2.35672,2.5257924
34,950.1356,148.11977,950.58887,148.50989,0.45324707,0.39012146,0.5980198
34,731.7318,142.05574,734.4575,142.73454,2.725708,0.6788025,2.8089602
34,353.11563,313.34064,354.6301,314.02228,1.5144653,0.6816406,1.6607947
34,219.57957,334.05316,218.403,337.86203,-1.1765747,3.8088684,3.9864528
34,892.7963,75.96388,880.133,62.33591,-12.66333,-13.627972,18.603268
34,650.109,199.00777,650.4689,199.36908,0.35986328,0.36131287,0.50994956
34,699.5295,194.50694,695.4025,194.7567,-4.126953,0.24975586,4.1345034
34,633.33453,413.8926,628.3088,404.15677,-5.025757,-9.73584,10.956496
34,1009.81964,233.68776,1011.1401,239.3783,1.3204346,5.6905365,5.8417253
34,18.188969,229.95712,17.315243,230.99608,-0.8737259,1.0389557,1.3575072
34,304.58405,151.34972,311.79504,151.79172,7.2109985,0.44200134,7.224532
34,673.4883,73.78778,667.2651,79.89315,-6.2232056,6.1053696,8.718018
34,491.85483,561.5439,506.56348,561.8231,14.708649,0.27923584,14.711299
34,252.56189,334.71475,253.3339,337.57602,0.7720032,2.861267,2.9635854
34,275.10052,190.33165,276.26242,190.76147,1.1618958,0.42982483,1.2388507
34,857.6248,127.384315,862.7814,128.21512,5.156555,0.8308029,5.223054
34,637.08527,259.19153,636.7582,261.2298,-0.3270874,2.038269,2.0643466
34,174.10661,150.56381,176.04478,150.74081,1.9381714,0.17700195,1.9462368
34,798.74554,153.31992,796.92786,153.71788,-1.817688,0.39796448,1.8607433
34,222.14636,461.98563,227.07211,462.60495,4.9257507,0.61932373,4.9645324
34,770.91394,293.06952,779.6733,292.12207,8.759338,-0.94744873,8.81043
34,608.5101,314.5842,593.8025,301.5276,-14.707581,-13.05661,19.666927
34,101.31614,365.96683,102.34188,366.00607,1.0257416,0.039245605,1.0264921
34,210.8509,139.52162,218.61188,140.45332,7.760971,0.93170166,7.816696
35,342.29343,242.7699,343.83246,243.57973,1.539032,0.8098297,1.7390927
35,67.04985,371.73886,67.95697,371.71158,0.90711975,-0.027282715,0.90752995
35,93.35602,452.8114,94.16237,453.2431,0.8063507,0.43170166,0.9146408
35,86.4736,344.4854,87.31133,344.7255,0.8377304,0.24008179,0.87145364
35,71.087776,396.62094,71.68724,396.7745,0.5994644,0.15356445,0.61882114
35,352.13065,293.7615,353.45004,294.59018,1.319397,0.8286743,1.5580467
35,284.62112,375.7853,284.8943,376.48242,0.27316284,0.69711304,0.74872196
35,108.78706,149.79715,114.810394,150.00836,6.0233307,0.21121216,6.027033
35,170.16199,240.89655,172.0276,240.95966,1.8656158,0.06311035,1.866683
35,102.13978,464.0989,102.56015,464.38132,0.420372,0.28240967,0.5064266
35,187.0966,379.79526,188.34389,380.36966,1.2472839,0.57440186,1.3731915
35,58.099266,341.5443,59.701244,341.73346,1.6019783,0.18914795,1.6131061
35,104.319496,329.72818,105.85504,329.30374,1.5355453,-0.42443848,1.5931251
35,47.741947,150.93254,47.56586,151.73752,-0.17608643,0.8049774,0.82401156
35,823.74036,277.3461,818.6585,280.5062,-5.081848,3.1600952,5.984261
35,844.7838,195.00806,834.68146,195.58537,-10.102356,0.5773163,10.118838
35,193.69885,564.1476,196.42801,564.67285,2.7291565,0.52526855,2.779245
35,241.09024,306.59964,239.53137,301.68597,-1.5588684,-4.913666,5.1550155
35,160.32718,371.49863,158.4441,371.8927,-1.8830719,0.3940735,1.9238642
35,390.1492,148.4505,393.99643,149.04662,3.847229,0.5961151,3.8931382
35,824.58606,146.90836,818.1298,147.2771,-6.456238,0.3687439,6.466759
35,811.3259,560.85626,807.00476,561.39764,-4.321167,0.54138184,4.3549485
35,384.6159,444.93585,386.10794,447.49963,1.4920349,2.5637817,2.9663353
35,950.58887,148.50989,943.57196,148.82993,-7.0169067,0.32003784,7.0242014
35,734.4575,142.73454,730.9549,142.9377,-3.5026245,0.20315552,3.508511
35,354.6301,314.02228,355.901,316.52002,1.2709045,2.4977417,2.8024833
35,218.403,337.86203,209.3258,334.32385,-9.077194,-3.5381775,9.74239
35,880.133,62.33591,875.08417,72.65094,-5.048828,10.315029,11.484359
35,650.4689,199.36908,648.11,199.70248,-2.3588867,0.33340454,2.3823318
35,695.4025,194.7567,685.5521,195.5849,-9.850403,0.8282013,9.885159
35,628.3088,404.15677,615.3257,395.20514,-12.983093,-8.95163,15.769983
35,1011.1401,239.3783,1021.9865,243.58247,10.846436,4.204178,11.632725
35,17.315243,230.99608,17.548845,231.21254,0.23360252,0.21646118,0.31847382
35,311.79504,151.79172,309.4663,152.36026,-2.3287354,0.5685425,2.3971336
35,667.2651,79.89315,661.7734,77.663,-5.491699,-2.2301483,5.9272523
35,506.56348,561.8231,509.1674,562.26825,2.6039124,0.4451294,2.641685
35,253.3339,337.57602,252.67386,335.51715,-0.6600342,-2.0588684,2.1620786
35,276.26242,190.76147,271.611,190.98279,-4.651428,0.22131348,4.65669
35,862.7814,128.21512,860.42163,128.60538,-2.3597412,0.3902588,2.3917944
35,636.7582,261.2298,639.8209,267.60144,3.0627441,6.371643,7.0695286
35,176.04478,150.74081,184.1253,151.31451,8.080521,0.57369995,8.100861
35,796.92786,153.71788,787.7451,154.1969,-9.182739,0.47901917,9.195225
35,227.07211,462.60495,235.42986,463.74646,8.357742,1.14151,8.435337
35,779.6733,292.12207,772.49677,297.61273,-7.1765137,5.4906616,9.036023
35,593.8025,301.5276,602.6099,306.28357,8.807434,4.7559814,10.009508
35,102.34188,366.00607,103.14519,365.85178,0.8033066,-0.15429688,0.81799084
35,218.61188,140.45332,231.14316,140.87932,12.5312805,0.42599487,12.538519
36,343.83246,243.57973,345.314,244.2379,1.4815369,0.6581726,1.6211548
36,67.95697,371.71158,68.583595,372.0251,0.62662506,0.31350708,0.70067513
36,94.16237,453.2431,94.64347,453.21652,0.481102,-0.02658081,0.48183572
36,87.31133,344.7255,88.178604,344.9071,0.8672714,0.1816101,0.88608235
36,71.68724,396.7745,72.425865,397.25803,0.7386246,0.4835205,0.88281274
36,353.45004,294.59018,354.91324,294.52206,1.4631958,-0.068115234,1.4647803
36,284.8943,376.48242,285.10318,377.86893,0.20889282,1.3865051,1.4021529
36,114.810394,150.00836,114.573555,150.74701,-0.2368393,0.73864746,0.77568865
36,172.0276,240.95966,174.04141,241.35504,2.0138092,0.39538574,2.0522568
36,102.56015,464.38132,102.68533,464.3061,0.1251831,-0.07522583,0.14604703
36,188.34389,380.36966,184.45782,380.607,-3.8860626,0.2373352,3.8933032
36,59.701244,341.73346,60.539513,341.90048,0.8382683,0.1670227,0.85474575
36,105.85504,329.30374,107.0294,329.37238,1.1743622,0.06863403,1.1763661
36,47.56586,151.73752,48.02405,152.3522,0.45819092,0.61468506,0.76666594
36,818.6585,280.5062,824.65875,282.51654,6.000244,2.0103455,6.328066
36,834.68146,195.58537,835.8825,196.26982,1.2010498,0.68444824,1.3823856
36,196.42801,564.67285,192.39868,565.26184,-4.0293274,0.58898926,4.072148
36,239.53137,301.68597,248.3469,290.13797,8.815521,-11.548004,14.528242
36,158.4441,371.8927,160.0233,372.30182,1.5791931,0.40911865,1.6313274
36,393.99643,149.04662,399.54294,149.66428,5.546509,0.6176605,5.5807943
36,818.1298,147.2771,817.76227,147.72713,-0.3675537,0.45002747,0.5810512
36,807.00476,561.39764,808.52246,561.9273,1.5177002,0.5296631,1.6074691
36,386.10794,447.49963,385.92374,456.79147,-0.1842041,9.29184,9.293665
36,943.57196,148.82993,945.498,149.34134,1.9260254,0.5114136,1.9927663
36,730.9549,142.9377,731.1095,143.37173,0.15460205,0.43403625,0.46074858
36,355.901,316.52002,357.4926,315.88333,1.5916138,-0.63668823,1.7142364
36,209.3258,334.32385,219.56711,338.32095,10.2413025,3.9971008,10.993684
36,875.08417,72.65094,880.2307,81.79359,5.1465454,9.142647,10.491659
36,648.11,199.70248,643.7846,200.04877,-4.3253784,0.34628296,4.3392177
36,685.5521,195.5849,682.04376,196.28465,-3.5083618,0.6997528,3.577465
36,615.3257,395.20514,611.6955,397.70807,-3.630188,2.5029297,4.409413
36,1021.9865,243.58247,1021.35175,248.13406,-0.6347656,4.55159,4.595639
36,17.548845,231.21254,17.589611,231.44635,0.040765762,0.23381042,0.23733766
36,309.4663,152.36026,312.8305,152.82549,3.3641968,0.46522522,3.3962116
36,661.7734,77.663,659.28564,66.30928,-2.487732,-11.353722,11.623073
36,509.1674,562.26825,517.9648,562.85114,8.797394,0.58288574,8.816682
36,252.67386,335.51715,253.55482,332.8175,0.8809662,-2.699646,2.8397517
36,271.611,190.98279,269.2607,191.53049,-2.3502808,0.547699,2.4132538
36,860.42163,128.60538,861.145,129.42487,0.7233887,0.8194885,1.0930932
36,639.8209,267.60144,638.5848,262.3482,-1.236145,-5.253235,5.3967147
36,184.1253,151.31451,188.73828,151.71275,4.612976,0.39823914,4.630134
36,787.7451,154.1969,787.1084,154.51903,-0.63671875,0.3221283,0.71356666
36,235.42986,463.74646,239.28917,464.45154,3.859314,0.7050781,3.9231925
36,772.49677,297.61273,773.50745,299.73486,1.0106812,2.1221313,2.3505144
36,602.6099,306.28357,615.33185,322.48105,12.721924,16.19748,20.596254
36,103.14519,365.85178,102.12112,366.25104,-1.0240707,0.39926147,1.09915
36,231.14316,140.87932,241.96893,141.44052,10.825775,0.561203,10.840312
37,345.314,244.2379,346.77997,245.02023,1.4659729,0.7823334,1.6616625
37,68.583595,372.0251,69.232285,372.2447,0.64868927,0.21960449,0.6848532
37,94.64347,453.21652,95.30494,453.09064,0.6614685,-0.12588501,0.6733406
37,88.178604,344.9071,88.94697,345.21054,0.76836395,0.30343628,0.8261094
37,72.425865,397.25803,73.34915,397.0001,0.92328644,-0.25793457,0.95863867
37,354.91324,294.52206,356.42477,295.39835,1.5115356,0.87628174,1.7471719
37,285.10318,377.86893,284.8179,379.01688,-0.28527832,1.1479492,1.1828656
37,114.573555,150.74701,116.836205,151.17935,2.2626495,0.43234253,2.3035848
37,174.04141,241.35504,175.89108,241.5741,1.8496704,0.21905518,1.8625965
37,102.68533,464.3061,103.581245,464.26492,0.8959122,-0.041168213,0.8968575
37,184.45782,380.607,190.2447,381.56992,5.7868805,0.96292114,5.8664474
37,60.539513,341.90048,61.931778,342.0089,1.3922653,0.108428955,1.3964812
37,107.0294,329.37238,108.02103,329.48816,0.9916229,0.11578369,0.99835956
37,48.02405,152.3522,49.13373,152.76674,1.1096802,0.41453552,1.18458
37,824.65875,282.51654,819.99365,280.45236,-4.6651,-2.0641785,5.1013713
37,835.8825,196.26982,827.1886,196.83539,-8.693909,0.565567,8.712285
37,192.39868,565.26184,198.81973,565.8801,6.421051,0.61828613,6.45075
37,248.3469,290.13797,249.005,286.10513,0.6581116,-4.032837,4.086182
37,160.0233,372.30182,155.59625,372.4312,-4.4270477,0.12939453,4.4289384
37,399.54294,149.66428,398.65634,149.88547,-0.8865967,0.2211914,0.913772
37,817.76227,147.72713,809.9221,148.10318,-7.840149,0.37605286,7.849162
37,808.52246,561.9273,807.2403,562.63873,-1.2821655,0.7114258,1.4663134
37,385.92374,456.79147,386.87723,459.59625,0.9534912,2.804779,2.9624197
37,945.498,149.34134,943.7353,150.03241,-1.7626953,0.69107056,1.8933234
37,731.1095,143.37173,720.95764,143.91255,-10.151855,0.54081726,10.166251
37,357.4926,315.88333,358.8318,316.84598,1.3391724,0.9626465,1.6492637
37,219.56711,338.32095,215.60522,339.76166,-3.9618835,1.4407043,4.215703
37,880.2307,81.79359,883.9493,84.56602,3.718567,2.7724304,4.6383305
37,643.7846,200.04877,645.20325,200.45589,1.4186401,0.40711975,1.4759018
37,682.04376,196.28465,680.988,196.6195,-1.0557861,0.33485413,1.1076154
37,611.6955,397.70807,603.5516,389.55988,-8.143921,-8.148193,11.520265
37,1021.35175,248.13406,1029.8416,250.587,8.489807,2.452942,8.837067
37,17.589611,231.44635,16.02328,232.15863,-1.5663319,0.7122803,1.7206798
37,312.8305,152.82549,312.12225,153.47658,-0.70825195,0.6510925,0.9620511
37,659.28564,66.30928,651.7128,69.57889,-7.572815,3.2696075,8.248507
37,517.9648,562.85114,535.7299,563.13727,17.765137,0.2861328,17.76744
37,253.55482,332.8175,253.94933,332.7065,0.39450073,-0.11099243,0.40981722
37,269.2607,191.53049,273.47006,191.4788,4.2093506,-0.05168152,4.2096677
37,861.145,129.42487,855.7112,130.46864,-5.433838,1.0437775,5.533179
37,638.5848,262.3482,636.3445,261.58044,-2.2402954,-0.76776123,2.3682022
37,188.73828,151.71275,190.70493,152.08472,1.9666443,0.3719635,2.001511
37,787.1084,154.51903,778.4974,155.27399,-8.611023,0.7549591,8.644054
37,239.28917,464.45154,239.48022,465.02536,0.1910553,0.573822,0.60479236
37,773.50745,299.73486,760.8785,284.0915,-12.628967,-15.643372,20.104872
37,615.33185,322.48105,607.40765,323.61502,-7.9241943,1.1339722,8.00492
37,102.12112,366.25104,104.66217,366.50494,2.5410538,0.25390625,2.5537076
37,241.96893,141.44052,242.26637,142.31897,0.29743958,0.8784485,0.92743844
38,346.77997,245.02023,348.29178,245.56767,1.5118103,0.5474396,1.6078745
38,69.232285,372.2447,69.982956,372.45947,0.7506714,0.21478271,0.7807939
38,95.30494,453.09064,96.05486,452.99265,0.7499237,-0.09799194,0.7562989
38,88.94697,345.21054,90.08425,345.20596,1.1372833,-0.0045776367,1.1372926
38,73.34915,397.0001,74.100655,397.37744,0.751503,0.37734985,0.84092194
38,356.42477,295.39835,357.8989,296.42618,1.4741211,1.027832,1.7970731
38,284.8179,379.01688,285.24277,379.3608,0.42486572,0.3439331,0.5466268
38,116.836205,151.17935,114.82783,151.63452,-2.008377,0.45516968,2.05931
38,175.89108,241.5741,177.70038,241.56702,1.8092957,-0.007080078,1.8093095
38,103.581245,464.26492,104.5548,464.17316,0.9735565,-0.09176636,0.97787184
38,190.2447,381.56992,189.60262,382.14932,-0.64208984,0.57940674,0.86486506
38,61.931778,342.0089,63.213406,341.9783,1.2816277,-0.03060913,1.2819932
38,108.02103,329.48816,110.56129,328.13306,2.5402603,-1.3551025,2.8791015
38,49.13373,152.76674,49.507782,152.58932,0.37405014,-0.17741394,0.4139918
38,819.99365,280.45236,812.193,275.6556,-7.800659,-4.796753,9.157463
38,827.1886,196.83539,832.4829,197.18646,5.2943115,0.35107422,5.3059387
38,198.81973,565.8801,211.7984,566.12915,12.978668,0.24902344,12.981057
38,249.005,286.10513,254.2938,288.7123,5.288788,2.6071777,5.896495
38,155.59625,372.4312,156.18263,372.8291,0.58638,0.39788818,0.70863
38,398.65634,149.88547,410.15112,150.56332,11.4947815,0.67785645,11.514751
38,809.9221,148.10318,810.4433,148.65909,0.5211792,0.5559082,0.7620116
38,807.2403,562.63873,806.9604,562.8864,-0.27990723,0.24768066,0.3737563
38,386.87723,459.59625,385.2862,459.24072,-1.5910339,-0.3555298,1.6302731
38,943.7353,150.03241,942.17365,150.54126,-1.5616455,0.5088501,1.642457
38,720.95764,143.91255,724.3142,144.16255,3.3565674,0.25,3.3658645
38,358.8318,316.84598,360.44125,318.4362,1.6094666,1.59021,2.262554
38,215.60522,339.76166,219.26456,339.56622,3.6593323,-0.19543457,3.6645474
38,883.9493,84.56602,885.8864,84.36086,1.9371338,-0.20515442,1.947967
38,645.20325,200.45589,639.6246,200.51468,-5.5786743,0.058792114,5.5789843
38,680.988,196.6195,681.36725,197.22244,0.37927246,0.6029358,0.71230555
38,603.5516,389.55988,600.377,381.5378,-3.1745605,-8.022064,8.62736
38,16.02328,232.15863,17.211668,231.991,1.1883888,-0.16763306,1.2001537
38,312.12225,153.47658,311.5602,153.8697,-0.56204224,0.39312744,0.68588674
38,651.7128,69.57889,669.1827,77.63095,17.469849,8.052063,19.236198
38,535.7299,563.13727,543.7621,563.6628,8.032166,0.5255127,8.049338
38,253.94933,332.7065,249.43552,336.42548,-4.513809,3.7189636,5.848518
38,273.47006,191.4788,270.58145,191.58235,-2.8886108,0.10354614,2.8904662
38,855.7112,130.46864,854.43427,130.65509,-1.2769165,0.18644714,1.2904567
38,636.3445,261.58044,634.87585,259.04358,-1.4686279,-2.5368652,2.9313056
38,190.70493,152.08472,180.48566,152.5537,-10.219269,0.46897888,10.230024
38,778.4974,155.27399,782.0201,155.50458,3.522705,0.23059082,3.530244
38,239.48022,465.02536,238.15479,465.55667,-1.3254395,0.53131104,1.427964
38,760.8785,284.0915,750.4774,284.96368,-10.401062,0.8721924,10.437568
38,607.40765,323.61502,597.0255,323.063,-10.382141,-0.5520325,10.396807
38,104.66217,366.50494,104.98671,366.5324,0.32453918,0.02746582,0.32569933
38,242.26637,142.31897,240.44095,142.58688,-1.8254242,0.26791382,1.84498
39,348.29178,245.56767,349.62744,246.12297,1.3356628,0.55529785,1.4464961
39,69.982956,372.45947,70.79631,372.45612,0.8133545,-0.0033569336,0.8133614
39,96.05486,452.99265,96.75251,452.86017,0.6976471,-0.1324768,0.71011376
39,90.08425,345.20596,91.033775,345.23288,0.9495239,0.026916504,0.9499054
39,74.100655,397.37744,75.02964,397.55423,0.9289856,0.17678833,0.9456576
39,357.8989,296.42618,359.32135,296.43542,1.4224548,0.009246826,1.4224849
39,285.24277,379.3608,285.732,379.88583,0.4892273,0.5250244,0.71763086
39,114.82783,151.63452,119.45854,152.0337,4.6307144,0.39918518,4.647888
39,177.70038,241.56702,179.21873,241.8405,1.5183563,0.27348328,1.5427893
39,104.5548,464.17316,104.94147,464.0895,0.38666534,-0.08364868,0.39560992
39,189.60262,382.14932,189.10901,382.2975,-0.49360657,0.14816284,0.51536363
39,63.213406,341.9783,64.911865,342.11176,1.6984596,0.13345337,1.7036945
39,110.56129,328.13306,111.809364,327.99783,1.2480774,-0.13522339,1.2553815
39,49.507782,152.58932,48.8472,153.8617,-0.6605835,1.2723694,1.4336299
39,812.193,275.6556,815.7947,278.46655,3.6016846,2.8109436,4.5687566
39,832.4829,197.18646,838.0517,197.47192,5.5687866,0.28546143,5.5760984
39,211.7984,566.12915,210.39615,566.53595,-1.4022522,0.40679932,1.4600674
39,254.2938,288.7123,257.14258,286.8806,2.8487854,-1.8316956,3.3868403
39,156.18263,372.8291,160.81807,372.7763,4.635437,-0.05279541,4.6357374
39,410.15112,150.56332,416.22092,150.99818,6.0697937,0.43486023,6.085351
39,810.4433,148.65909,812.8495,148.69571,2.406189,0.036621094,2.4064677
39,806.9604,562.8864,806.39264,563.3841,-0.567749,0.49768066,0.755
39,385.2862,459.24072,382.2361,458.73962,-3.0500793,-0.50109863,3.0909681
39,942.17365,150.54126,943.4723,150.78952,1.298645,0.2482605,1.3221619
39,724.3142,144.16255,724.04,144.73717,-0.27423096,0.5746155,0.63669896
39,360.44125,318.4362,361.94595,318.4407,1.5046997,0.0045166016,1.5047065
39,219.26456,339.56622,221.31467,340.32877,2.0501099,0.7625427,2.1873322
39,885.8864,84.36086,883.00775,86.788506,-2.878662,2.4276428,3.7656534
39,639.6246,200.51468,640.72906,200.96121,1.1044922,0.4465332,1.1913416
39,681.36725,197.22244,689.00946,197.09772,7.642212,-0.12472534,7.6432295
39,600.377,381.5378,600.56177,376.62115,0.18475342,-4.9166565,4.9201264
39,17.211668,231.991,17.496473,232.35274,0.2848053,0.3617401,0.46040198
39,311.5602,153.8697,316.51825,154.31895,4.9580383,0.44924927,4.97835
39,669.1827,77.63095,654.2134,90.2695,-14.969299,12.63855,19.591143
39,543.7621,563.6628,540.29767,564.1524,-3.4644165,0.48962402,3.4988446
39,249.43552,336.42548,253.02602,337.4804,3.5904999,1.0549316,3.742268
39,270.58145,191.58235,269.83212,191.69756,-0.7493286,0.11520386,0.7581328
39,854.43427,130.65509,853.6646,130.77191,-0.7696533,0.11682129,0.7784686
39,634.87585,259.04358,623.25226,258.02417,-11.623596,-1.0194092,11.668213
39,180.48566,152.5537,179.64427,152.7754,-0.8413849,0.2217102,0.8701057
39,782.0201,155.50458,783.1936,155.79488,1.173523,0.29029846,1.2088959
39,238.15479,465.55667,236.56322,465.82565,-1.591568,0.26898193,1.6141375
39,750.4774,284.96368,754.1997,286.092,3.72229,1.1283264,3.8895454
39,597.0255,323.063,584.6136,316.10547,-12.411926,-6.9575195,14.228949
39,104.98671,366.5324,102.98554,366.64716,-2.0011673,0.114746094,2.0044544
39,240.44095,142.58688,239.94334,143.06311,-0.49760437,0.4762268,0.6887685
40,349.62744,246.12297,351.17807,246.1265,1.5506287,0.0035247803,1.5506326
40,70.79631,372.45612,71.95229,372.12225,1.155983,-0.3338623,1.2032293
40,96.75251,452.86017,97.86185,452.42822,1.1093369,-0.4319458,1.1904644
40,91.033775,345.23288,92.16222,344.78912,1.1284409,-0.4437561,1.2125585
40,75.02964,397.55423,76.30114,397.58325,1.2714996,0.029022217,1.2718308
40,359.32135,296.43542,360.60956,297.20538,1.288208,0.7699585,1.5007718
40,285.732,379.88583,286.36716,380.21375,0.63516235,0.32791138,0.7148126
40,119.45854,152.0337,121.484245,151.88046,2.0257034,-0.15324402,2.0314918
40,179.21873,241.8405,180.81409,241.74901,1.5953522,-0.0914917,1.5979735
40,104.94147,464.0895,106.599594,463.76233,1.6581268,-0.32717896,1.6900978
40,189.10901,382.2975,187.20523,382.1893,-1.9037781,-0.108184814,1.9068495
40,64.911865,342.11176,66.51251,341.72458,1.600647,-0.3871765,1.646808
40,111.809364,327.99783,112.447075,328.20596,0.6377106,0.20812988,0.67081505
40,48.8472,153.8617,49.41329,153.39651,0.56608963,-0.46517944,0.73270005
40,815.7947,278.46655,813.4919,274.65894,-2.3027954,-3.8076172,4.4498105
40,838.0517,197.47192,838.00775,197.45752,-0.043945312,-0.014404297,0.046245802
40,210.39615,566.53595,208.8637,566.4167,-1.5324554,-0.119262695,1.5370892
40,257.14258,286.8806,255.13847,286.93994,-2.0041046,0.059326172,2.0049825
40,160.81807,372.7763,159.46764,372.45905,-1.3504333,-0.31726074,1.3872002
40,416.22092,150.99818,418.66595,150.909,2.4450378,-0.08918762,2.4466639
40,812.8495,148.69571,811.6534,149.23973,-1.196106,0.5440216,1.3140125
40,806.39264,563.3841,804.9243,563.06647,-1.4683228,-0.31762695,1.5022844
40,382.2361,458.73962,383.96796,449.38177,1.731842,-9.357849,9.516755
40,943.4723,150.78952,944.0666,150.56952,0.5942993,-0.22000122,0.633713
40,724.04,144.73717,726.3875,144.54831,2.3475342,-0.18885803,2.3551188
40,361.94595,318.4407,363.3056,318.6258,1.3596497,0.18508911,1.37219
40,221.31467,340.32877,219.25368,343.7218,-2.0609894,3.393036,3.9699333
40,883.00775,86.788506,886.28503,78.19978,3.2772827,-8.588722,9.192755
40,640.72906,200.96121,642.35364,200.8369,1.6245728,-0.124313354,1.629322
40,689.00946,197.09772,682.2349,197.55907,-6.774536,0.4613495,6.7902274
40,600.56177,376.62115,600.5338,379.90393,-0.027954102,3.2827759,3.2828948
40,17.496473,232.35274,17.547787,232.5865,0.0513134,0.23376465,0.23933026
40,316.51825,154.31895,311.1565,154.22794,-5.3617554,-0.09101868,5.362528
40,654.2134,90.2695,668.7019,82.082855,14.488525,-8.1866455,16.64147
40,540.29767,564.1524,553.2762,563.8082,12.978516,-0.34417725,12.983078
40,253.02602,337.4804,256.77692,338.71066,3.7509003,1.2302551,3.947503
40,269.83212,191.69756,269.51907,191.98451,-0.31304932,0.2869568,0.42466938
40,853.6646,130.77191,860.92426,131.4939,7.2596436,0.72198486,7.2954564
40,623.25226,258.02417,631.2152,252.30557,7.9629517,-5.7185974,9.803619
40,179.64427,152.7754,182.44344,153.12048,2.7991638,0.3450775,2.820354
40,783.1936,155.79488,785.29803,155.43701,2.1044312,-0.35786438,2.1346421
40,236.56322,465.82565,230.69804,465.35773,-5.8651733,-0.46792603,5.8838096
40,754.1997,286.092,749.7414,289.54407,-4.458313,3.452057,5.6385503
40,584.6136,316.10547,588.39233,310.20538,3.7787476,-5.9000854,7.0064216
40,102.98554,366.64716,105.52778,366.52612,2.5422363,-0.121032715,2.5451157
40,239.94334,143.06311,239.92302,142.92247,-0.020324707,-0.14064026,0.14210129
41,351.17807,246.1265,352.16904,246.26279,0.9909668,0.1362915,1.0002953
41,71.95229,372.12225,72.77724,372.03915,0.82494354,-0.083099365,0.82911843
41,97.86185,452.42822,98.83683,451.96588,0.9749832,-0.4623413,1.0790513
41,92.16222,344.78912,93.380936,344.63956,1.2187195,-0.14956665,1.227863
41,76.30114,397.58325,76.97667,397.13193,0.6755295,-0.45132446,0.81242466
41,360.60956,297.20538,361.64514,296.87735,1.0355835,-0.32803345,1.0862961
41,286.36716,380.21375,287.4296,380.1915,1.062439,-0.022247314,1.0626719
41,121.484245,151.88046,122.305016,151.91893,0.82077026,0.038467407,0.82167125
41,180.81409,241.74901,181.9849,241.63214,1.1708069,-0.116867065,1.1766251
41,106.599594,463.76233,107.28038,463.32635,0.68078613,-0.43597412,0.8084202
41,187.20523,382.1893,188.05762,381.90646,0.8523865,-0.2828369,0.8980865
41,66.51251,341.72458,66.35854,341.62323,-0.15396881,-0.10134888,0.1843312
41,112.447075,328.20596,112.97356,328.74194,0.5264816,0.5359802,0.75130403
41,49.41329,153.39651,50.4155,153.62697,1.0022125,0.23045349,1.028367
41,813.4919,274.65894,814.6845,272.74283,1.192627,-1.9161072,2.2569506
41,838.00775,197.45752,840.1616,197.19627,2.1538696,-0.26124573,2.169655
41,208.8637,566.4167,210.64896,566.3507,1.7852631,-0.065979004,1.7864819
41,255.13847,286.93994,261.73346,284.1848,6.594986,-2.755127,7.1473465
41,159.46764,372.45905,160.25647,372.37088,0.7888336,-0.08816528,0.7937453
41,418.66595,150.909,416.49423,151.27438,-2.1717224,0.36538696,2.2022457
41,811.6534,149.23973,806.5719,149.18738,-5.081482,-0.052352905,5.081752
41,804.9243,563.06647,807.2263,562.83527,2.302002,-0.23120117,2.3135831
41,383.96796,449.38177,387.52835,450.44727,3.5603943,1.0654907,3.7164066
41,944.0666,150.56952,947.9732,150.7856,3.9066162,0.21607971,3.9125874
41,726.3875,144.54831,724.95465,144.58415,-1.4328613,0.035842896,1.4333096
41,363.3056,318.6258,364.35107,317.14813,1.0454712,-1.4776611,1.8101084
41,219.25368,343.7218,218.37721,335.24136,-0.87646484,-8.480438,8.52561
41,886.28503,78.19978,884.7761,83.76584,-1.5089111,5.5660553,5.7669563
41,642.35364,200.8369,644.4381,200.83646,2.0844727,-0.00044250488,2.0844727
41,682.2349,197.55907,676.0661,197.38123,-6.1688232,-0.17784119,6.1713862
41,600.5338,379.90393,603.03455,383.65836,2.5007324,3.754425,4.511028
41,17.547787,232.5865,16.614603,234.02165,-0.93318367,1.4351501,1.7118667
41,311.1565,154.22794,311.0094,154.343,-0.14709473,0.11506653,0.18675429
41,668.7019,82.082855,662.629,83.35891,-6.072876,1.2760544,6.2054925
41,553.2762,563.8082,558.13055,563.5182,4.85437,-0.29003906,4.863027
41,256.77692,338.71066,259.39148,336.75824,2.614563,-1.9524231,3.2631114
41,269.51907,191.98451,276.25052,191.74422,6.7314453,-0.24029541,6.735733
41,860.92426,131.4939,854.87976,131.50072,-6.0444946,0.0068206787,6.0444984
41,631.2152,252.30557,628.9516,254.54796,-2.2636108,2.2423859,3.1862564
41,182.44344,153.12048,181.9834,152.62094,-0.46003723,-0.49954224,0.6790999
41,785.29803,155.43701,781.1786,155.72919,-4.119446,0.2921753,4.129794
41,230.69804,465.35773,231.57892,465.14008,0.88087463,-0.21765137,0.90736556
41,749.7414,289.54407,749.5978,290.93747,-0.14361572,1.3934021,1.4007837
41,588.39233,310.20538,586.687,305.40128,-1.7053223,-4.8041077,5.097801
41,105.52778,366.52612,106.27955,366.12637,0.75177,-0.39974976,0.85144466
41,239.92302,142.92247,243.30196,142.8028,3.3789368,-0.11967468,3.3810554
42,352.16904,246.26279,353.19318,246.06898,1.0241394,-0.19380188,1.042315
42,72.77724,372.03915,73.78693,371.67056,1.0096893,-0.3685913,1.0748638
42,98.83683,451.96588,99.88367,451.7551,1.0468369,-0.21078491,1.0678473
42,93.380936,344.63956,94.42607,344.47644,1.0451355,-0.16311646,1.0577878
42,76.97667,397.13193,78.53614,397.14322,1.5594711,0.011291504,1.559512
42,361.64514,296.87735,362.57047,296.39917,0.9253235,-0.47817993,1.0415756
42,287.4296,380.1915,288.92825,379.62256,1.4986572,-0.5689392,1.6030176
42,122.305016,151.91893,121.41168,151.92267,-0.89333344,0.0037384033,0.89334124
42,181.9849,241.63214,182.85121,241.47276,0.86631775,-0.15937805,0.8808563
42,107.28038,463.32635,108.36507,463.21893,1.0846863,-0.107421875,1.0899925
42,188.05762,381.90646,192.78412,381.8941,4.7265015,-0.012359619,4.7265177
42,66.35854,341.62323,67.847595,341.529,1.4890518,-0.09423828,1.4920309
42,112.97356,328.74194,113.30301,329.46542,0.3294525,0.7234802,0.79496074
42,50.4155,153.62697,49.296062,153.37921,-1.1194382,-0.24775696,1.1465275
42,814.6845,272.74283,818.158,270.3607,3.4735107,-2.382141,4.211873
42,840.1616,197.19627,854.8159,197.34686,14.654297,0.15058899,14.65507
42,210.64896,566.3507,200.02019,566.2909,-10.628769,-0.059814453,10.628937
42,261.73346,284.1848,258.8828,282.66113,-2.850647,-1.5236816,3.2323048
42,160.25647,372.37088,158.26805,371.91132,-1.9884186,-0.4595642,2.0408351
42,416.49423,151.27438,415.518,151.17152,-0.9762268,-0.1028595,0.9816307
42,806.5719,149.18738,811.366,149.73834,4.7941284,0.55096436,4.8256845
42,807.2263,562.83527,802.2262,562.90955,-5.000122,0.074279785,5.000674
42,387.52835,450.44727,385.4037,457.51163,-2.1246643,7.0643616,7.3769507
42,947.9732,150.7856,952.6031,151.0994,4.629883,0.313797,4.640505
42,724.95465,144.58415,729.391,144.14302,4.4363403,-0.4411316,4.4582186
42,364.35107,317.14813,364.9328,317.2559,0.5817261,0.10775757,0.5916223
42,218.37721,335.24136,224.58305,336.9715,6.205841,1.730133,6.442501
42,884.7761,83.76584,888.81647,82.17094,4.040344,-1.594902,4.343742
42,644.4381,200.83646,642.17615,200.33139,-2.261963,-0.5050659,2.3176644
42,676.0661,197.38123,678.4707,197.38142,2.404602,0.00019836426,2.404602
42,603.03455,383.65836,609.68286,386.70862,6.6483154,3.0502625,7.3146567
42,16.614603,234.02165,16.211119,234.12299,-0.40348434,0.10133362,0.41601455
42,311.0094,154.343,310.61575,154.10094,-0.39364624,-0.24206543,0.462118
42,662.629,83.35891,663.73694,85.180305,1.1079102,1.8213959,2.1318884
42,558.13055,563.5182,560.6986,563.3272,2.5680542,-0.190979,2.5751457
42,259.39148,336.75824,262.16034,336.12753,2.7688599,-0.6307068,2.8397844
42,276.25052,191.74422,273.5449,191.52219,-2.7056274,-0.22203064,2.7147224
42,854.87976,131.50072,850.3478,130.47766,-4.5319824,-1.023056,4.646021
42,628.9516,254.54796,630.4914,253.08997,1.5397949,-1.4579926,2.120545
42,181.9834,152.62094,182.71495,152.93568,0.7315521,0.31474304,0.79638666
42,781.1786,155.72919,784.9126,155.42117,3.7340088,-0.30801392,3.746691
42,231.57892,465.14008,231.52518,464.78455,-0.053741455,-0.3555298,0.3595686
42,749.5978,290.93747,758.5786,297.55728,8.980835,6.619812,11.15694
42,586.687,305.40128,601.5499,305.21918,14.862915,-0.18209839,14.864031
42,106.27955,366.12637,105.24262,366.02017,-1.0369263,-0.10620117,1.0423505
42,243.30196,142.8028,237.63008,142.86691,-5.671875,0.06411743,5.6722374
43,353.19318,246.06898,353.588,245.82416,0.39483643,-0.24482727,0.46458176
43,73.78693,371.67056,75.44661,371.83914,1.6596832,0.1685791,1.6682228
43,99.88367,451.7551,101.23305,452.24274,1.3493805,0.48764038,1.4347895
43,94.42607,344.47644,95.4206,344.76987,0.9945297,0.2934265,1.0369129
43,78.53614,397.14322,79.651405,397.34476,1.1152649,0.20153809,1.1333284
43,362.57047,296.39917,362.99387,296.4375,0.42340088,0.038330078,0.42513233
43,288.92825,379.62256,290.43732,379.70044,1.5090637,0.07788086,1.511072
43,121.41168,151.92267,123.7092,151.4982,2.2975159,-0.424469,2.3363974
43,182.85121,241.47276,183.13358,241.29556,0.2823639,-0.17720032,0.33336067
43,108.36507,463.21893,109.24075,463.61072,0.87568665,0.39178467,0.9593343
43,192.78412,381.8941,190.87363,381.85468,-1.910492,-0.03942871,1.9108988
43,67.847595,341.529,68.70022,341.57532,0.852623,0.046325684,0.8538806
43,113.30301,329.46542,113.49789,330.44592,0.19487762,0.98049927,0.999678
43,49.296062,153.37921,49.605907,153.57114,0.30984497,0.19192505,0.36447102
43,818.158,270.3607,825.6441,287.6129,7.486084,17.252228,18.806404
43,854.8159,197.34686,859.1728,197.45944,4.3568726,0.112579346,4.358327
43,200.02019,566.2909,189.78801,566.1761,-10.232178,-0.11480713,10.232822
43,258.8828,282.66113,265.6152,280.26395,6.7323914,-2.3971863,7.146439
43,158.26805,371.91132,151.35349,371.33902,-6.914566,-0.57229614,6.938209
43,415.518,151.17152,417.55945,150.79494,2.0414429,-0.3765869,2.075887
43,811.366,149.73834,818.69336,149.56735,7.3273315,-0.17098999,7.329326
43,802.2262,562.90955,801.6101,562.74207,-0.61608887,-0.16748047,0.63844746
43,385.4037,457.51163,385.9968,456.4686,0.59310913,-1.0430298,1.1998707
43,952.6031,151.0994,954.18555,151.04478,1.5824585,-0.054611206,1.5834006
43,729.391,144.14302,719.81024,144.01405,-9.5807495,-0.12896729,9.581617
43,364.9328,317.2559,365.51443,316.84982,0.5816345,-0.4060669,0.70935816
43,224.58305,336.9715,216.08073,339.2552,-8.502319,2.2836914,8.803675
43,888.81647,82.17094,887.5004,66.48346,-1.31604,-15.687477,15.742582
43,642.17615,200.33139,645.9842,200.42462,3.8080444,0.0932312,3.8091855
43,678.4707,197.38142,679.8945,197.3417,1.4237671,-0.039718628,1.424321
43,609.68286,386.70862,617.444,407.38376,7.7611084,20.67514,22.083845
43,16.211119,234.12299,14.729646,233.6541,-1.481473,-0.46888733,1.5539039
43,310.61575,154.10094,315.57077,154.03995,4.955017,-0.06098938,4.9553924
43,663.73694,85.180305,666.0863,75.402695,2.3493652,-9.777611,10.055903
43,560.6986,563.3272,559.88025,563.2112,-0.8183594,-0.11602783,0.82654375
43,262.16034,336.12753,260.37067,330.27246,-1.7896729,-5.855072,6.1224833
43,273.5449,191.52219,273.23846,191.46603,-0.306427,-0.056152344,0.31152943
43,850.3478,130.47766,849.7161,130.65079,-0.63165283,0.17312622,0.65494883
43,630.4914,253.08997,631.4128,254.27388,0.9213867,1.1839142,1.5002021
43,182.71495,152.93568,194.71182,152.5684,11.996872,-0.36727905,12.002493
43,784.9126,155.42117,788.4692,155.21136,3.5565796,-0.20980835,3.5627627
43,231.52518,464.78455,241.4808,465.47217,9.955627,0.6876221,9.979345
43,758.5786,297.55728,769.65936,318.30374,11.0807495,20.74646,23.520174
43,601.5499,305.21918,609.122,312.5076,7.5720825,7.2884216,10.509877
43,105.24262,366.02017,106.77147,366.19754,1.5288467,0.17736816,1.539101
43,237.63008,142.86691,239.43788,142.53806,1.8078003,-0.32885742,1.8374681
44,353.588,245.82416,353.83093,245.55309,0.24291992,-0.2710724,0.3639922
44,75.44661,371.83914,76.71788,371.93634,1.2712708,0.09719849,1.2749811
44,101.23305,452.24274,102.63961,452.96725,1.4065628,0.7245178,1.5821962
44,95.4206,344.76987,96.93314,344.8138,1.5125427,0.043945312,1.513181
44,79.651405,397.34476,81.221405,397.2184,1.5699997,-0.12634277,1.5750751
44,362.99387,296.4375,363.3646,296.3093,0.37072754,-0.12820435,0.39226937
44,290.43732,379.70044,292.95984,379.5373,2.522522,-0.16314697,2.5277925
44,123.7092,151.4982,128.54233,151.37419,4.83313,-0.12400818,4.8347206
44,183.13358,241.29556,183.33061,241.57222,0.19703674,0.2766571,0.33965075
44,109.24075,463.61072,110.66194,464.34232,1.4211884,0.7315979,1.5984404
44,190.87363,381.85468,190.51295,381.59436,-0.360672,-0.26031494,0.44480124
44,68.70022,341.57532,68.785675,341.758,0.08545685,0.18267822,0.20167847
44,113.49789,330.44592,113.52279,332.28424,0.024902344,1.8383179,1.8384866
44,49.605907,153.57114,49.301144,153.53615,-0.3047638,-0.034988403,0.30676565
44,825.6441,287.6129,827.157,279.74298,1.5128784,-7.869934,8.0140295
44,859.1728,197.45944,858.01733,197.4645,-1.1554565,0.005050659,1.1554675
44,189.78801,566.1761,181.41791,566.3829,-8.370102,0.20678711,8.372656
44,265.6152,280.26395,267.74823,279.83646,2.1330261,-0.42749023,2.175442
44,151.35349,371.33902,154.76033,371.7497,3.406845,0.41067505,3.431508
44,417.55945,150.79494,432.24576,150.9555,14.68631,0.16056824,14.687188
44,818.69336,149.56735,813.7206,149.62088,-4.9727783,0.053527832,4.9730663
44,801.6101,562.74207,799.93835,562.7051,-1.6717529,-0.036987305,1.672162
44,385.9968,456.4686,389.61584,449.5046,3.619049,-6.9639893,7.8482265
44,954.18555,151.04478,956.7016,150.70055,2.5160522,-0.34423828,2.539492
44,719.81024,144.01405,727.4008,144.13399,7.590576,0.11993408,7.5915236
44,365.51443,316.84982,365.69025,315.7454,0.17581177,-1.1044312,1.1183372
44,216.08073,339.2552,218.5608,340.23276,2.480072,0.9775696,2.6657832
44,887.5004,66.48346,880.46967,69.02266,-7.0307617,2.5391998,7.4752355
44,645.9842,200.42462,644.9438,200.15872,-1.0404053,-0.26589966,1.0738462
44,679.8945,197.3417,680.51526,197.51758,0.6207886,0.1758728,0.64522064
44,617.444,407.38376,619.2664,406.2073,1.8224487,-1.1764526,2.1691842
44,14.729646,233.6541,14.653954,234.45062,-0.07569218,0.79652405,0.8001124
44,315.57077,154.03995,317.00745,154.01703,1.436676,-0.022918701,1.4368588
44,666.0863,75.402695,664.00287,71.44249,-2.083435,-3.960205,4.47481
44,559.88025,563.2112,570.9981,563.096,11.117859,-0.11517334,11.118456
44,260.37067,330.27246,257.31058,321.44083,-3.060089,-8.8316345,9.346759
44,273.23846,191.46603,275.84995,191.60008,2.6114807,0.13404846,2.614919
44,849.7161,130.65079,847.9102,131.76616,-1.8059082,1.1153717,2.122583
44,631.4128,254.27388,640.34973,260.7062,8.936951,6.4323273,11.011082
44,194.71182,152.5684,193.58615,152.72116,-1.1256714,0.15275574,1.1359887
44,788.4692,155.21136,787.00433,155.34677,-1.4648438,0.1354065,1.4710888
44,241.4808,465.47217,244.44981,465.26453,2.9690094,-0.2076416,2.9762614
44,769.65936,318.30374,774.01276,316.70865,4.3533936,-1.5950928,4.6364164
44,609.122,312.5076,619.4713,319.69626,10.349304,7.1886597,12.600989
44,106.77147,366.19754,106.613525,366.5276,-0.15794373,0.3300476,0.36589292
44,239.43788,142.53806,239.36598,142.652,-0.071899414,0.11393738,0.13472658
45,353.83093,245.55309,354.2577,245.49176,0.4267578,-0.061325073,0.4311415
45,76.71788,371.93634,78.5212,371.8211,1.8033218,-0.115234375,1.8069999
45,102.63961,452.96725,104.40127,453.62415,1.7616577,0.65689087,1.8801446
45,96.93314,344.8138,98.975914,344.5445,2.0427704,-0.26931763,2.0604472
45,81.221405,397.2184,82.921455,397.9663,1.7000504,0.7478943,1.8572876
45,363.3646,296.3093,363.50723,296.09866,0.14263916,-0.21063232,0.25438535
45,292.95984,379.5373,295.48706,378.95123,2.5272217,-0.5860596,2.594285
45,128.54233,151.37419,133.27142,151.66261,4.7290955,0.28842163,4.7378826
45,183.33061,241.57222,182.87679,242.28049,-0.4538269,0.7082672,0.8411904
45,110.66194,464.34232,112.28354,464.92883,1.6215973,0.58651733,1.7244072
45,190.51295,381.59436,188.52208,382.02606,-1.9908752,0.43170166,2.0371428
45,68.785675,341.758,69.23392,341.6801,0.4482422,-0.07788086,0.45495766
45,113.52279,332.28424,115.65833,331.78976,2.1355438,-0.49447632,2.1920433
45,49.301144,153.53615,49.448128,153.68701,0.1469841,0.15086365,0.21062803
45,827.157,279.74298,835.01764,286.05923,7.8606567,6.3162537,10.083898
45,858.01733,197.4645,859.5249,197.13972,1.5075684,-0.32476807,1.5421532
45,181.41791,566.3829,178.4512,566.1531,-2.9667053,-0.22979736,2.975592
45,267.74823,279.83646,263.5475,283.95493,-4.2007446,4.118469,5.88286
45,154.76033,371.7497,154.04451,372.03635,-0.7158203,0.2866516,0.7710823
45,432.24576,150.9555,434.54477,150.90019,2.2990112,-0.05531311,2.2996767
45,813.7206,149.62088,814.56366,149.62744,0.8430786,0.0065612793,0.8431041
45,799.93835,562.7051,800.7989,562.44525,0.86053467,-0.25982666,0.8989048
45,389.61584,449.5046,394.5079,448.43353,4.8920593,-1.0710754,5.0079384
45,956.7016,150.70055,955.9283,150.5777,-0.7733154,-0.12284851,0.78301245
45,727.4008,144.13399,730.01575,144.3192,2.6149292,0.18521118,2.6214802
45,365.69025,315.7454,366.1998,314.8461,0.509552,-0.899292,1.0336195
45,218.5608,340.23276,215.20268,340.50793,-3.3581238,0.275177,3.3693795
45,880.46967,69.02266,886.4679,76.00438,5.99823,6.98172,9.204519
45,644.9438,200.15872,649.8781,200.63498,4.934326,0.47625732,4.957257
45,680.51526,197.51758,679.85205,197.4249,-0.663208,-0.092681885,0.66965276
45,619.2664,406.2073,618.7798,404.31882,-0.4866333,-1.8884888,1.9501799
45,14.653954,234.45062,15.105636,234.14117,0.4516821,-0.30944824,0.54751706
45,317.00745,154.01703,315.28143,153.93602,-1.7260132,-0.08100891,1.7279131
45,664.00287,71.44249,665.32776,78.50476,1.3248901,7.062271,7.185472
45,570.9981,563.096,575.7719,563.14325,4.7738037,0.04724121,4.7740374
45,257.31058,321.44083,255.5268,321.76147,-1.783783,0.3206482,1.8123733
45,275.84995,191.60008,277.02695,191.84908,1.177002,0.24899292,1.2030507
45,847.9102,131.76616,858.8106,131.25308,10.900391,-0.5130768,10.912458
45,640.34973,260.7062,639.6317,260.66287,-0.7180176,-0.04333496,0.7193241
45,193.58615,152.72116,199.03166,152.6647,5.445511,-0.05645752,5.4458036
45,787.00433,155.34677,793.1754,154.952,6.1710815,-0.3947754,6.1836963
45,244.44981,465.26453,246.62498,465.56427,2.175171,0.29974365,2.1957264
45,774.01276,316.70865,765.79565,317.6126,-8.217102,0.9039612,8.266675
45,619.4713,319.69626,621.0321,313.7906,1.560791,-5.90567,6.1084375
45,106.613525,366.5276,107.50887,366.9828,0.8953476,0.4552002,1.0044175
45,239.36598,142.652,233.45203,142.96686,-5.9139557,0.3148651,5.922332
46,354.2577,245.49176,354.56406,245.23967,0.30636597,-0.25209045,0.3967489
46,78.5212,371.8211,80.981,371.6145,2.4598007,-0.206604,2.468462
46,104.40127,453.62415,106.59479,454.28076,2.1935196,0.6566162,2.2896883
46,98.975914,344.5445,101.365715,344.2268,2.389801,-0.317688,2.4108243
46,82.921455,397.9663,85.08717,398.46902,2.165718,0.50271606,2.2232988
46,363.50723,296.09866,363.70706,295.86813,0.1998291,-0.23052979,0.305083
46,295.48706,378.95123,298.0681,378.44165,2.5810547,-0.5095825,2.6308777
46,133.27142,151.66261,132.04083,151.38434,-1.2305908,-0.27827454,1.2616618
46,182.87679,242.28049,183.2012,242.59383,0.3244171,0.31333923,0.45102987
46,112.28354,464.92883,114.48902,465.59375,2.2054825,0.664917,2.3035338
46,188.52208,382.02606,189.92271,381.76215,1.4006348,-0.26391602,1.4252821
46,69.23392,341.6801,69.88166,341.56842,0.6477432,-0.111694336,0.65730274
46,115.65833,331.78976,119.06381,330.03964,3.4054794,-1.7501221,3.8288662
46,49.448128,153.68701,49.39971,153.5505,-0.048416138,-0.13650513,0.14483705
46,835.01764,286.05923,832.42584,281.47845,-2.5917969,-4.58078,5.26317
46,859.5249,197.13972,855.6891,197.16005,-3.8358154,0.020324707,3.8358693
46,178.4512,566.1531,171.00269,565.9319,-7.448517,-0.2211914,7.4518003
46,263.5475,283.95493,269.1749,283.77682,5.627411,-0.17810059,5.6302285
46,154.04451,372.03635,154.15244,372.41705,0.107925415,0.3807068,0.39570892
46,434.54477,150.90019,430.1773,150.89368,-4.367462,-0.006515503,4.367467
46,814.56366,149.62744,814.2612,149.7404,-0.3024292,0.112960815,0.32283676
46,800.7989,562.44525,796.26154,562.46216,-4.5373535,0.016906738,4.537385
46,394.5079,448.43353,399.48016,438.25003,4.9722595,-10.183502,11.332567
46,955.9283,150.5777,955.86926,150.53172,-0.059020996,-0.04597473,0.074814126
46,730.01575,144.3192,724.6386,144.18593,-5.377136,-0.13327026,5.3787875
46,366.1998,314.8461,366.21405,313.57355,0.014251709,-1.2725525,1.2726324
46,215.20268,340.50793,220.78586,340.68137,5.5831757,0.1734314,5.585869
46,886.4679,76.00438,878.2662,74.69134,-8.201721,-1.3130417,8.306161
46,649.8781,200.63498,653.573,200.47758,3.6948853,-0.15739441,3.698236
46,679.85205,197.4249,684.1849,197.10344,4.3328247,-0.3214569,4.344733
46,618.7798,404.31882,622.53906,402.2647,3.7592773,-2.0541077,4.283868
46,15.105636,234.14117,15.615593,234.23122,0.5099573,0.090042114,0.5178456
46,315.28143,153.93602,321.50525,154.29353,6.223816,0.35751343,6.2340755
46,665.32776,78.50476,666.6274,78.30832,1.2996216,-0.19644165,1.3143841
46,575.7719,563.14325,581.6701,562.64575,5.8981934,-0.49749756,5.9191375
46,255.5268,321.76147,261.22333,320.2804,5.696533,-1.4810791,5.8859224
46,277.02695,191.84908,276.32776,191.58887,-0.69918823,-0.26020813,0.74603784
46,858.8106,131.25308,857.24457,132.27576,-1.56604,1.0226746,1.8703862
46,639.6317,260.66287,650.0265,260.34497,10.394775,-0.3179016,10.399635
46,199.03166,152.6647,198.2334,152.5553,-0.79826355,-0.10940552,0.80572593
46,793.1754,154.952,791.8227,154.85588,-1.3527222,-0.09611511,1.3561325
46,246.62498,465.56427,244.86511,465.20804,-1.7598724,-0.3562317,1.7955645
46,765.79565,317.6126,761.36816,302.09503,-4.42749,-15.517578,16.136848
46,621.0321,313.7906,622.57654,318.4597,1.5444336,4.669098,4.917901
46,107.50887,366.9828,109.97101,367.51523,2.4621353,0.5324402,2.519048
46,233.45203,142.96686,230.60886,142.70216,-2.8431702,-0.2646942,2.8554647
47,354.56406,245.23967,354.82864,244.89069,0.2645874,-0.34898376,0.43794537
47,80.981,371.6145,83.86671,371.0941,2.885704,-0.52041626,2.9322553
47,106.59479,454.28076,108.79432,454.7954,2.1995316,0.51464844,2.2589383
47,101.365715,344.2268,103.941185,343.69565,2.57547,-0.53115845,2.629672
47,85.08717,398.46902,87.47034,398.5528,2.3831635,0.08377075,2.3846354
47,363.70706,295.86813,364.3035,295.76477,0.59643555,-0.10336304,0.60532576
47,298.0681,378.44165,301.39508,377.99893,3.3269653,-0.4427185,3.3562922
47,132.04083,151.38434,134.22784,152.00774,2.1870117,0.6233978,2.274125
47,183.2012,242.59383,183.20996,243.04837,0.008758545,0.45454407,0.45462844
47,114.48902,465.59375,117.155136,466.28348,2.6661148,0.6897278,2.7538867
47,189.92271,381.76215,193.19577,381.98947,3.273056,0.22732544,3.2809408
47,69.88166,341.56842,70.589645,341.34738,0.7079849,-0.22103882,0.74168783
47,119.06381,330.03964,121.62167,329.5511,2.5578613,-0.4885559,2.604101
47,49.39971,153.5505,49.50863,153.63583,0.10891724,0.08532715,0.13836071
47,832.42584,281.47845,839.35986,281.93124,6.934021,0.4527893,6.9487886
47,855.6891,197.16005,855.6431,197.23584,-0.045959473,0.075790405,0.08863667
47,171.00269,565.9319,170.42601,566.0301,-0.5766754,0.09820557,0.5849777
47,269.1749,283.77682,278.14157,283.1177,8.966675,-0.65911865,8.990868
47,154.15244,372.41705,153.6568,372.64215,-0.495636,0.22509766,0.54435647
47,430.1773,150.89368,417.71365,150.804,-12.463654,-0.0896759,12.463977
47,814.2612,149.7404,807.7161,149.53545,-6.545105,-0.20495605,6.548313
47,796.26154,562.46216,800.27515,562.07605,4.013611,-0.3861084,4.03214
47,399.48016,438.25003,402.23407,435.24255,2.7539062,-3.0074768,4.077857
47,955.86926,150.53172,953.35547,151.21883,-2.513794,0.6871033,2.6060066
47,724.6386,144.18593,730.485,143.75446,5.8463745,-0.43147278,5.8622746
47,366.21405,313.57355,366.84662,316.46292,0.63256836,2.8893738,2.9578073
47,220.78586,340.68137,216.9189,346.99036,-3.8669586,6.3089905,7.399779
47,878.2662,74.69134,874.7819,76.6972,-3.484253,2.0058594,4.0203843
47,653.573,200.47758,649.2449,200.29515,-4.328125,-0.18243408,4.331968
47,684.1849,197.10344,681.5823,197.35867,-2.6026,0.25523376,2.6150854
47,622.53906,402.2647,622.4545,393.3042,-0.08453369,-8.96051,8.960909
47,15.615593,234.23122,16.926958,233.29878,1.3113651,-0.9324341,1.6090717
47,321.50525,154.29353,321.8147,153.7814,0.30944824,-0.51213074,0.5983612
47,666.6274,78.30832,668.54675,79.4603,1.9193726,1.1519775,2.238536
47,581.6701,562.64575,576.0336,562.69824,-5.6364746,0.052490234,5.636719
47,261.22333,320.2804,268.7508,319.74222,7.527466,-0.5381775,7.54668
47,276.32776,191.58887,288.3003,191.01996,11.972534,-0.5689087,11.986043
47,857.24457,132.27576,850.1643,132.1954,-7.080261,-0.08035278,7.0807176
47,650.0265,260.34497,652.1467,259.92053,2.1202393,-0.42443848,2.1623049
47,198.2334,152.5553,195.97218,152.4623,-2.2612152,-0.09300232,2.2631269
47,791.8227,154.85588,787.1533,155.56448,-4.6693726,0.7086029,4.7228336
47,244.86511,465.20804,236.95808,464.37057,-7.907028,-0.8374634,7.951254
47,761.36816,302.09503,750.598,301.19135,-10.770142,-0.9036865,10.807988
47,622.57654,318.4597,626.3509,318.66507,3.774353,0.2053833,3.7799368
47,109.97101,367.51523,111.00651,367.92413,1.0354996,0.40890503,1.1133115
47,230.60886,142.70216,233.29955,142.7603,2.690689,0.058135986,2.691317
48,354.82864,244.89069,355.52417,244.46614,0.6955261,-0.4245453,0.8148591
48,83.86671,371.0941,86.70731,370.3048,2.8406067,-0.7892761,2.9482203
48,108.79432,454.7954,111.4978,455.54053,2.7034836,0.7451172,2.8042865
48,103.941185,343.69565,106.670425,343.35626,2.7292404,-0.339386,2.750261
48,87.47034,398.5528,90.272,399.18066,2.8016663,0.62786865,2.8711588
48,364.3035,295.76477,364.8605,295.71957,0.55700684,-0.045196533,0.55883753
48,301.39508,377.99893,305.129,377.69324,3.7339172,-0.30569458,3.74641
48,134.22784,152.00774,137.25438,151.89607,3.026535,-0.11166382,3.028594
48,183.20996,243.04837,183.63425,243.49907,0.4242859,0.45069885,0.61898947
48,117.155136,466.28348,118.78765,466.6996,1.632515,0.41610718,1.6847107
48,193.19577,381.98947,193.13739,381.5864,-0.058380127,-0.40307617,0.40728202
48,70.589645,341.34738,72.048645,341.08786,1.4589996,-0.25952148,1.4819013
48,121.62167,329.5511,124.46365,328.86172,2.84198,-0.6893616,2.9243922
48,49.50863,153.63583,50.025883,153.32753,0.5172539,-0.30830383,0.6021651
48,839.35986,281.93124,839.6742,287.433,0.31433105,5.50177,5.510742
48,855.6431,197.23584,858.8322,197.5937,3.189087,0.35786438,3.209103
48,170.42601,566.0301,166.07452,565.4889,-4.351486,-0.54119873,4.3850117
48,278.14157,283.1177,282.58392,283.23785,4.4423523,0.120147705,4.4439764
48,153.6568,372.64215,153.90936,372.63434,0.25256348,-0.0078125,0.25268427
48,417.71365,150.804,416.14032,150.7034,-1.5733337,-0.1006012,1.5765468
48,807.7161,149.53545,809.31696,149.8589,1.6008301,0.3234558,1.6331811
48,800.27515,562.07605,801.5013,561.6573,1.2261353,-0.4187622,1.2956734
48,402.23407,435.24255,402.41223,440.30853,0.17816162,5.065979,5.069111
48,953.35547,151.21883,952.73145,150.99878,-0.62402344,-0.220047,0.66168416
48,730.485,143.75446,731.4565,143.53741,0.9714966,-0.21704102,0.99544585
48,366.84662,316.46292,367.4371,315.29257,0.5904846,-1.1703491,1.3108735
48,216.9189,346.99036,212.18855,345.20218,-4.7303467,-1.7881775,5.05705
48,874.7819,76.6972,871.41327,75.112,-3.3686523,-1.5851974,3.722992
48,649.2449,200.29515,647.5624,200.21274,-1.6824951,-0.08241272,1.6845123
48,681.5823,197.35867,687.3106,197.0095,5.7283325,-0.34916687,5.738964
48,622.4545,393.3042,621.5631,409.2991,-0.89141846,15.994904,16.019724
48,16.926958,233.29878,17.253677,232.96046,0.32671928,-0.33831787,0.4703238
48,321.8147,153.7814,320.98038,154.00307,-0.83432007,0.22166443,0.8632642
48,668.54675,79.4603,664.0534,85.47858,-4.493347,6.01828,7.51065
48,576.0336,562.69824,581.9977,562.04974,5.9640503,-0.64849854,5.999204
48,268.7508,319.74222,270.38998,322.39755,1.6391907,2.6553345,3.1205363
48,288.3003,191.01996,287.6364,191.39296,-0.6638794,0.3730011,0.76148915
48,850.1643,132.1954,843.5362,132.4906,-6.628113,0.29519653,6.634683
48,652.1467,259.92053,647.60205,252.96544,-4.5446777,-6.9550934,8.308274
48,195.97218,152.4623,204.2231,152.66211,8.250916,0.19981384,8.253335
48,787.1533,155.56448,788.6082,155.38464,1.454895,-0.17984009,1.4659679
48,236.95808,464.37057,237.7138,463.89203,0.75572205,-0.47854614,0.8944955
48,750.598,301.19135,748.9207,318.79126,-1.6773071,17.599915,17.679659
48,626.3509,318.66507,615.126,312.47617,-11.224915,-6.188904,12.818005
48,111.00651,367.92413,112.497826,368.21866,1.4913177,0.29452515,1.5201229
48,233.29955,142.7603,243.29521,143.36803,9.9956665,0.60772705,10.014124
49,355.52417,244.46614,356.48407,244.0637,0.9598999,-0.4024353,1.0408467
49,86.70731,370.3048,89.40544,370.25986,2.6981277,-0.044952393,2.6985023
49,111.4978,455.54053,114.484726,455.59366,2.9869232,0.053131104,2.9873958
49,106.670425,343.35626,109.46736,343.42755,2.796936,0.07128906,2.7978444
49,90.272,399.18066,93.193375,398.5449,2.9213715,-0.6357727,2.9897523
49,364.8605,295.71957,365.92508,295.00912,1.0645752,-0.7104492,1.2798666
49,305.129,377.69324,307.6055,377.0822,2.4765015,-0.61102295,2.5507662
49,137.25438,151.89607,137.57668,151.7731,0.32229614,-0.12297058,0.34495878
49,183.63425,243.49907,184.55276,243.52055,0.91851807,0.021484375,0.9187693
49,118.78765,466.6996,121.49323,466.87872,2.7055817,0.17913818,2.7115057
49,193.13739,381.5864,193.65358,381.4065,0.5161896,-0.17990112,0.54664075
49,72.048645,341.08786,73.39818,341.39725,1.3495331,0.3093872,1.3845433
49,124.46365,328.86172,127.451126,328.26538,2.9874725,-0.596344,3.0464108
49,50.025883,153.32753,49.46781,153.52768,-0.55807114,0.20014954,0.5928771
49,839.6742,287.433,839.0898,290.47842,-0.5844116,3.0454102,3.1009772
49,858.8322,197.5937,850.513,197.50952,-8.319214,-0.08418274,8.31964
49,166.07452,565.4889,170.14229,565.22253,4.0677643,-0.26635742,4.0764756
49,282.58392,283.23785,291.62122,282.68326,9.0372925,-0.55459595,9.054294
49,153.90936,372.63434,154.41805,372.46188,0.50868225,-0.17245483,0.53712034
49,416.14032,150.7034,414.97946,150.69809,-1.1608582,-0.0053100586,1.1608703
49,809.31696,149.8589,809.3383,149.44745,0.021362305,-0.41145325,0.41200742
49,801.5013,561.6573,799.0526,561.4685,-2.4486694,-0.18878174,2.4559357
49,402.41223,440.30853,404.25598,437.6809,1.84375,-2.6276245,3.2099571
49,952.73145,150.99878,955.5899,151.14104,2.8584595,0.14225769,2.8619971
49,731.4565,143.53741,734.78864,143.66917,3.3321533,0.13175964,3.3347573
49,367.4371,315.29257,368.753,315.19336,1.3158875,-0.09921265,1.3196223
49,212.18855,345.20218,216.83958,346.64178,4.6510315,1.4396057,4.8687325
49,871.41327,75.112,872.5704,82.166565,1.1571045,7.0545654,7.148831
49,647.5624,200.21274,649.1292,200.30896,1.5668335,0.096221924,1.5697854
49,687.3106,197.0095,686.18134,196.80878,-1.1292725,-0.20072937,1.1469736
49,621.5631,409.2991,626.5694,405.48016,5.0062866,-3.8189392,6.2966022
49,17.253677,232.96046,17.425188,232.72142,0.1715107,-0.23904419,0.29420748
49,320.98038,154.00307,321.1216,154.01862,0.14123535,0.015548706,0.14208865
49,664.0534,85.47858,664.5482,78.89823,0.494812,-6.580345,6.5989227
49,581.9977,562.04974,586.8618,562.0753,4.8641357,0.02557373,4.864203
49,270.38998,322.39755,280.17215,326.11285,9.782166,3.7153015,10.463949
49,287.6364,191.39296,297.26538,191.29796,9.628967,-0.09500122,9.629436
49,843.5362,132.4906,842.4946,132.66376,-1.041565,0.17315674,1.0558603
49,647.60205,252.96544,644.2826,259.93576,-3.319458,6.9703217,7.7203746
49,204.2231,152.66211,202.29176,153.03459,-1.9313354,0.3724823,1.9669265
49,788.6082,155.38464,788.8699,155.29443,0.2616577,-0.09020996,0.27677172
49,237.7138,463.89203,244.16934,463.6468,6.455536,-0.24523926,6.460192
49,748.9207,318.79126,733.0904,309.0325,-15.830322,-9.758759,18.596571
49,615.126,312.47617,617.6212,307.74103,2.4952393,-4.735138,5.3523593
49,112.497826,368.21866,116.29131,368.48376,3.7934875,0.2651062,3.8027396
49,243.29521,143.36803,245.78912,143.16273,2.4939117,-0.20529175,2.502347
50,356.48407,244.0637,358.0735,243.57027,1.5894165,-0.49343872,1.6642497
50,89.40544,370.25986,92.9892,369.5915,3.5837555,-0.6683655,3.6455474
50,114.484726,455.59366,117.43001,455.41357,2.945282,-0.18008423,2.9507825
50,109.46736,343.42755,112.29722,343.28113,2.8298569,-0.14642334,2.8336425
50,93.193375,398.5449,96.537315,398.0693,3.3439407,-0.47558594,3.3775911
50,365.92508,295.00912,367.57697,295.40558,1.651886,0.39645386,1.6987945
50,307.6055,377.0822,310.55023,376.5389,2.9447327,-0.54330444,2.9944332
50,137.57668,151.7731,134.28578,151.8988,-3.2908936,0.1257019,3.2932935
50,184.55276,243.52055,186.14684,243.46632,1.5940704,-0.054229736,1.5949926
50,121.49323,466.87872,124.2496,466.6202,2.7563705,-0.2585144,2.7684667
50,193.65358,381.4065,194.53874,380.90482,0.88516235,-0.50167847,1.0174447
50,73.39818,341.39725,75.552246,341.43698,2.154068,0.039733887,2.1544344
50,127.451126,328.26538,131.22916,326.68127,3.7780304,-1.5841064,4.0966945
50,49.46781,153.52768,49.716385,153.27966,0.2485733,-0.24801636,0.35114214
50,839.0898,290.47842,861.5872,304.8918,22.497437,14.413391,26.718542
50,850.513,197.50952,852.05786,197.29184,1.5448608,-0.21768188,1.5601219
50,170.14229,565.22253,173.677,564.5486,3.5347137,-0.6739502,3.5983899
50,291.62122,282.68326,289.66196,276.8977,-1.959259,-5.785553,6.1082993
50,154.41805,372.46188,162.15738,372.40527,7.739334,-0.056610107,7.739541
50,414.97946,150.69809,415.558,150.63327,0.57855225,-0.064819336,0.582172
50,809.3383,149.44745,813.0875,149.89095,3.7492065,0.4434967,3.7753463
50,799.0526,561.4685,797.2889,560.8959,-1.7637329,-0.57263184,1.8543627
50,404.25598,437.6809,401.25305,436.07785,-3.0029297,-1.6030579,3.4040244
50,955.5899,151.14104,966.5538,150.66246,10.963867,-0.47857666,10.974307
50,734.78864,143.66917,736.3802,143.20457,1.5915527,-0.4645996,1.6579785
50,368.753,315.19336,370.09445,314.20795,1.3414612,-0.9854126,1.6644987
50,216.83958,346.64178,215.88623,340.7538,-0.9533539,-5.88797,5.964652
50,872.5704,82.166565,876.10583,66.36381,3.5354614,-15.802757,16.193413
50,649.1292,200.30896,653.2207,200.1327,4.0914917,-0.17625427,4.0952864
50,686.18134,196.80878,690.2434,196.77812,4.0620728,-0.030654907,4.0621886
50,626.5694,405.48016,636.0499,413.23843,9.48053,7.7582703,12.250355
50,17.425188,232.72142,19.783749,232.2963,2.3585606,-0.42512512,2.3965683
50,321.1216,154.01862,323.5524,153.95241,2.4307861,-0.066207886,2.4316876
50,664.5482,78.89823,659.60425,81.349174,-4.9439697,2.450943,5.518148
50,586.8618,562.0753,585.30945,561.6754,-1.5523682,-0.39990234,1.6030499
50,280.17215,326.11285,284.57767,324.88547,4.4055176,-1.2273865,4.573299
50,297.26538,191.29796,287.9463,191.43503,-9.319092,0.1370697,9.3201
50,842.4946,132.66376,848.6677,134.06616,6.1730957,1.4024048,6.330391
50,644.2826,259.93576,639.4695,257.55273,-4.8131104,-2.3830261,5.3707395
50,202.29176,153.03459,202.91006,152.79172,0.6183014,-0.24287415,0.66429245
50,788.8699,155.29443,786.4125,155.11777,-2.4573975,-0.17666626,2.4637396
50,244.16934,463.6468,246.38026,463.1687,2.2109222,-0.47808838,2.2620225
50,733.0904,309.0325,741.76447,313.379,8.674072,4.3464966,9.702142
50,617.6212,307.74103,620.53687,302.96884,2.9156494,-4.7721863,5.5923853
50,116.29131,368.48376,119.73877,367.95004,3.4474564,-0.5337219,3.488526
50,245.78912,143.16273,244.2,142.88887,-1.5891266,-0.27386475,1.6125524
51,358.0735,243.57027,359.786,243.08206,1.7125244,-0.48820496,1.7807537
51,92.9892,369.5915,96.19715,368.7937,3.2079544,-0.7977905,3.305668
51,117.43001,455.41357,120.617325,455.0806,3.187317,-0.3329773,3.2046628
51,112.29722,343.28113,115.313126,342.8944,3.0159073,-0.38671875,3.0405998
51,96.537315,398.0693,99.57196,397.6325,3.034645,-0.4367981,3.0659199
51,367.57697,295.40558,369.20688,295.1888,1.6299133,-0.21676636,1.6442643
51,310.55023,376.5389,314.19547,376.16638,3.6452332,-0.37252808,3.6642191
51,134.28578,151.8988,145.83936,151.46371,11.553574,-0.4350891,11.561763
51,186.14684,243.46632,187.68985,243.38518,1.5430145,-0.08114624,1.5451468
51,124.2496,466.6202,127.3694,466.29562,3.1197968,-0.32458496,3.1366363
51,194.53874,380.90482,201.42244,380.4582,6.8836975,-0.44662476,6.8981714
51,75.552246,341.43698,78.302574,341.1051,2.750328,-0.33187866,2.7702794
51,131.22916,326.68127,134.31464,325.7377,3.0854797,-0.943573,3.2265332
51,49.716385,153.27966,50.594448,152.93988,0.8780632,-0.3397827,0.9415133
51,861.5872,304.8918,871.8548,306.7406,10.267578,1.8487854,10.432697
51,852.05786,197.29184,851.8344,197.62103,-0.2234497,0.32919312,0.39786667
51,173.677,564.5486,169.95163,564.1874,-3.7253723,-0.36120605,3.7428424
51,289.66196,276.8977,290.70578,275.6461,1.0438232,-1.2516174,1.6297586
51,162.15738,372.40527,169.01698,371.69705,6.859604,-0.70822144,6.896067
51,415.558,150.63327,415.4231,150.5741,-0.13491821,-0.059173584,0.14732426
51,813.0875,149.89095,813.40436,149.5954,0.3168335,-0.2955475,0.43328026
51,797.2889,560.8959,802.70166,560.4615,5.412781,-0.4343872,5.430183
51,401.25305,436.07785,408.93808,434.82394,7.685028,-1.2539062,7.786651
51,966.5538,150.66246,966.39246,150.49551,-0.16131592,-0.16694641,0.23215066
51,736.3802,143.20457,738.6342,142.98508,2.2540283,-0.21949768,2.2646904
51,370.09445,314.20795,371.73657,313.56314,1.6421204,-0.6448059,1.7641808
51,215.88623,340.7538,220.7319,339.53864,4.8456726,-1.2151794,4.9957185
51,876.10583,66.36381,874.39124,71.94862,-1.7145996,5.584816,5.8420906
51,653.2207,200.1327,647.9971,199.80421,-5.223633,-0.3284912,5.233951
51,690.2434,196.77812,690.17834,196.59816,-0.06506348,-0.17996216,0.19136257
51,636.0499,413.23843,637.56415,409.3377,1.5142212,-3.9007263,4.1843195
51,19.783749,232.2963,20.918077,231.47893,1.1343288,-0.81736755,1.3981386
51,323.5524,153.95241,323.71088,153.73912,0.15847778,-0.21328735,0.2657192
51,659.60425,81.349174,663.17334,79.715034,3.5690918,-1.63414,3.9254084
51,585.30945,561.6754,590.91785,560.83405,5.6083984,-0.8413696,5.671158
51,284.57767,324.88547,288.39722,321.43652,3.8195496,-3.448944,5.1462774
51,287.9463,191.43503,290.7535,190.90463,2.8072205,-0.5303955,2.8568876
51,848.6677,134.06616,849.3107,135.79901,0.6430054,1.7328491,1.8483025
51,639.4695,257.55273,639.36847,253.72144,-0.10101318,-3.8312988,3.8326302
51,202.91006,152.79172,198.44131,152.68352,-4.46875,-0.10820007,4.47006
51,786.4125,155.11777,786.6701,154.7846,0.2576294,-0.3331604,0.4211517
51,246.38026,463.1687,246.36482,462.39117,-0.0154418945,-0.77752686,0.7776802
51,741.76447,313.379,740.9164,310.1046,-0.8480835,-3.2743835,3.38243
51,620.53687,302.96884,607.70984,298.7991,-12.827026,-4.169739,13.487747
51,119.73877,367.95004,122.254486,367.59497,2.5157166,-0.35507202,2.5406506
51,244.2,142.88887,246.82324,142.78275,2.6232452,-0.10612488,2.625391
52,359.786,243.08206,361.391,242.6027,1.6049805,-0.47935486,1.6750354
52,96.19715,368.7937,98.71169,368.3072,2.5145416,-0.48651123,2.5611742
52,120.617325,455.0806,123.167625,454.80603,2.5503006,-0.27456665,2.565038
52,115.313126,342.8944,117.94504,342.32858,2.6319122,-0.5658264,2.6920478
52,99.57196,397.6325,102.13994,397.22177,2.567978,-0.41073608,2.6006181
52,369.20688,295.1888,370.49808,294.487,1.2911987,-0.70181274,1.4696038
52,314.19547,376.16638,316.78262,375.27094,2.5871582,-0.8954468,2.7377386
52,145.83936,151.46371,148.76987,151.45512,2.9305115,-0.008590698,2.9305239
52,187.68985,243.38518,189.43707,242.99034,1.7472229,-0.39483643,1.7912798
52,127.3694,466.29562,130.20065,465.98184,2.831253,-0.31378174,2.848588
52,201.42244,380.4582,201.56558,379.70377,0.1431427,-0.75442505,0.76788473
52,78.302574,341.1051,80.282524,340.69293,1.97995,-0.4121704,2.022396
52,134.31464,325.7377,137.58455,324.1593,3.2699127,-1.5783997,3.630933
52,50.594448,152.93988,50.213276,153.00615,-0.38117218,0.06626892,0.3868899
52,871.8548,306.7406,852.06213,291.44998,-19.792664,-15.290619,25.01105
52,851.8344,197.62103,850.5252,197.36458,-1.3092041,-0.25645447,1.3340856
52,169.95163,564.1874,170.57536,563.7116,0.6237335,-0.47576904,0.7844742
52,290.70578,275.6461,292.84644,274.84814,2.1406555,-0.7979431,2.2845392
52,169.01698,371.69705,172.32918,371.04132,3.3121948,-0.6557312,3.37648
52,415.4231,150.5741,415.55533,150.51451,0.13223267,-0.05958557,0.14503764
52,813.40436,149.5954,824.34125,149.55089,10.93689,-0.044509888,10.93698
52,802.70166,560.4615,797.285,560.0324,-5.416687,-0.42907715,5.433655
52,408.93808,434.82394,418.74844,431.53036,9.810364,-3.293579,10.348474
52,966.39246,150.49551,966.2682,150.88065,-0.12426758,0.38513184,0.40468377
52,738.6342,142.98508,745.5187,143.3685,6.8844604,0.38342285,6.895129
52,371.73657,313.56314,372.96613,313.1495,1.2295532,-0.41363525,1.2972645
52,220.7319,339.53864,227.9725,340.0591,7.2406006,0.5204773,7.259283
52,874.39124,71.94862,874.33167,65.49133,-0.059570312,-6.4572906,6.4575653
52,647.9971,199.80421,651.2132,199.633,3.2161255,-0.17121887,3.22068
52,690.17834,196.59816,691.2362,196.67886,1.0578613,0.080703735,1.0609353
52,637.56415,409.3377,639.28656,414.24487,1.7224121,4.9071655,5.2006707
52,20.918077,231.47893,21.008495,231.45058,0.09041786,-0.02835083,0.09475843
52,323.71088,153.73912,328.7884,153.66803,5.0775146,-0.0710907,5.0780125
52,663.17334,79.715034,650.3582,73.117195,-12.8151245,-6.5978394,14.413844
52,590.91785,560.83405,599.11633,560.25696,8.198486,-0.5770874,8.218772
52,288.39722,321.43652,293.595,319.5213,5.1977844,-1.9152222,5.5394077
52,290.7535,190.90463,289.90564,190.86774,-0.8478699,-0.036895752,0.8486723
52,849.3107,135.79901,855.78046,136.10583,6.4697266,0.30682373,6.476998
52,639.36847,253.72144,645.37573,268.72134,6.007263,14.999908,16.158108
52,198.44131,152.68352,207.14685,152.49916,8.705536,-0.18435669,8.707488
52,786.6701,154.7846,793.8427,154.77371,7.1726074,-0.010894775,7.1726155
52,246.36482,462.39117,247.63739,461.64926,1.2725677,-0.74191284,1.4730456
52,740.9164,310.1046,742.73676,307.6836,1.8203735,-2.4210205,3.0290427
52,607.70984,298.7991,606.07404,300.64252,-1.6358032,1.8434143,2.4645543
52,122.254486,367.59497,125.26029,367.19656,3.005806,-0.39840698,3.0320947
52,246.82324,142.78275,248.85316,142.79245,2.0299225,0.00970459,2.0299459
53,361.391,242.6027,362.81705,242.37514,1.4260559,-0.22756958,1.4440994
53,98.71169,368.3072,101.24055,367.6359,2.5288544,-0.67129517,2.616437
53,123.167625,454.80603,125.45313,454.30048,2.2855072,-0.5055542,2.3407538
53,117.94504,342.32858,120.19076,341.94858,2.24572,-0.38000488,2.277644
53,102.13994,397.22177,104.57515,396.50433,2.4352112,-0.71743774,2.5386946
53,370.49808,294.487,372.04855,293.78055,1.5504761,-0.7064514,1.7038337
53,316.78262,375.27094,319.08054,374.49194,2.2979126,-0.7789917,2.4263616
53,148.76987,151.45512,159.66173,151.64368,10.891861,0.18855286,10.893493
53,189.43707,242.99034,191.13719,242.6638,1.700119,-0.3265381,1.7311938
53,130.20065,465.98184,132.27377,465.3331,2.07312,-0.6487427,2.1722555
53,201.56558,379.70377,212.78284,379.40945,11.217255,-0.29431152,11.221115
53,80.282524,340.69293,82.00001,340.30722,1.7174835,-0.38571167,1.7602623
53,137.58455,324.1593,139.60501,323.5259,2.020462,-0.63339233,2.1174166
53,50.213276,153.00615,51.07178,152.86139,0.85850525,-0.14476013,0.87062436
53,852.06213,291.44998,835.37604,289.78806,-16.686096,-1.6619263,16.768656
53,850.5252,197.36458,850.90845,196.76193,0.38323975,-0.6026459,0.7141811
53,170.57536,563.7116,162.53719,563.1451,-8.0381775,-0.5665283,8.058117
53,292.84644,274.84814,290.2286,271.4771,-2.6178284,-3.3710327,4.2681246
53,172.32918,371.04132,176.30759,370.4689,3.9784088,-0.5724182,4.019378
53,415.55533,150.51451,414.66016,150.30412,-0.8951721,-0.21038818,0.9195631
53,824.34125,149.55089,829.7559,149.76126,5.414673,0.21037292,5.418758
53,797.285,560.0324,799.28577,559.641,2.0007935,-0.39141846,2.0387208
53,418.74844,431.53036,414.8508,432.78766,-3.897644,1.2572937,4.095414
53,966.2682,150.88065,970.8322,150.6717,4.564026,-0.2089386,4.5688057
53,745.5187,143.3685,741.35046,143.34892,-4.168213,-0.019577026,4.1682587
53,372.96613,313.1495,374.70245,312.5364,1.7363281,-0.61309814,1.841392
53,227.9725,340.0591,224.75293,338.5772,-3.219574,-1.4819031,3.5442479
53,874.33167,65.49133,875.53357,72.32399,1.2019043,6.832657,6.9375625
53,651.2132,199.633,641.29224,199.13347,-9.920959,-0.49952698,9.933527
53,691.2362,196.67886,689.0723,196.3316,-2.1638794,-0.34725952,2.1915665
53,639.28656,414.24487,632.5991,398.8096,-6.687439,-15.435272,16.821697
53,21.008495,231.45058,21.109795,231.03023,0.101299286,-0.42034912,0.43238285
53,328.7884,153.66803,328.15863,153.53459,-0.62976074,-0.13343811,0.64374244
53,650.3582,73.117195,651.76807,75.42411,1.4098511,2.3069153,2.7036157
53,599.11633,560.25696,600.1178,559.933,1.0014648,-0.3239746,1.0525641
53,293.595,319.5213,299.50763,315.6333,5.912628,-3.8880005,7.07642
53,289.90564,190.86774,290.85394,190.29756,0.9483032,-0.5701752,1.1065165
53,855.78046,136.10583,853.4087,135.07065,-2.3717651,-1.0351868,2.5878334
53,645.37573,268.72134,633.7086,258.66235,-11.667114,-10.0589905,15.404702
53,207.14685,152.49916,199.81384,152.28682,-7.333008,-0.21234131,7.3360815
53,793.8427,154.77371,794.44794,154.94928,0.6052246,0.17556763,0.63017523
53,247.63739,461.64926,256.4917,461.27576,8.854309,-0.37350464,8.862184
53,742.73676,307.6836,753.4622,315.39178,10.725464,7.708191,13.208019
53,606.07404,300.64252,596.3082,291.99982,-9.765808,-8.6427,13.040984
53,125.26029,367.19656,127.51615,366.55994,2.2558594,-0.6366272,2.34397
53,248.85316,142.79245,246.92595,142.70235,-1.9272156,-0.09010315,1.9293208
54,362.81705,242.37514,364.34265,242.05972,1.5256042,-0.31541443,1.5578686
54,101.24055,367.6359,103.25992,367.03653,2.019371,-0.59936523,2.106442
54,125.45313,454.30048,127.50556,453.56903,2.0524292,-0.7314453,2.178871
54,120.19076,341.94858,121.78417,341.65756,1.5934143,-0.29101562,1.6197714
54,104.57515,396.50433,106.701546,395.96606,2.1263962,-0.53826904,2.1934662
54,372.04855,293.78055,373.52338,293.8223,1.474823,0.041748047,1.4754138
54,319.08054,374.49194,320.73703,374.59753,1.6564941,0.10559082,1.6598561
54,159.66173,151.64368,165.35323,151.42015,5.691498,-0.223526,5.6958857
54,191.13719,242.6638,193.23788,242.36646,2.1006927,-0.29734802,2.1216328
54,132.27377,465.3331,134.20264,464.69604,1.9288635,-0.63705444,2.0313425
54,212.78284,379.40945,212.38913,378.87503,-0.39370728,-0.5344238,0.6637878
54,82.00001,340.30722,83.460655,339.84982,1.4606476,-0.45739746,1.5305893
54,139.60501,323.5259,140.26636,325.04456,0.66134644,1.5186462,1.6564014
54,51.07178,152.86139,51.334698,153.08151,0.26291656,0.22012329,0.34289852
54,835.37604,289.78806,831.6572,281.51096,-3.718811,-8.2771,9.074136
54,850.90845,196.76193,851.2316,196.87877,0.32318115,0.11683655,0.3436522
54,162.53719,563.1451,162.71547,562.56506,0.17828369,-0.5800171,0.6067989
54,290.2286,271.4771,298.75473,275.266,8.526123,3.7888794,9.330079
54,176.30759,370.4689,173.00966,369.8921,-3.2979279,-0.57681274,3.3479908
54,414.66016,150.30412,415.20468,150.38535,0.54452515,0.081222534,0.5505495
54,829.7559,149.76126,838.86383,149.51944,9.10791,-0.24182129,9.11112
54,799.28577,559.641,798.74164,559.2583,-0.5441284,-0.38269043,0.6652276
54,414.8508,432.78766,420.7754,432.01852,5.924591,-0.7691345,5.9743075
54,970.8322,150.6717,968.90656,150.43932,-1.9256592,-0.23239136,1.9396311
54,741.35046,143.34892,742.39813,143.04958,1.0476685,-0.29934692,1.0895952
54,374.70245,312.5364,376.1966,312.5489,1.4941406,0.012481689,1.4941927
54,224.75293,338.5772,222.61523,342.47012,-2.1376953,3.8929138,4.4412293
54,875.53357,72.32399,884.75916,81.19558,9.225586,8.87159,12.799083
54,641.29224,199.13347,641.4179,199.25502,0.12567139,0.12155151,0.17483726
54,689.0723,196.3316,691.84,196.16106,2.7677002,-0.17054749,2.77295
54,632.5991,398.8096,637.8296,397.76736,5.2304688,-1.0422363,5.3332973
54,21.109795,231.03023,21.210876,230.9016,0.10108185,-0.12863159,0.16359591
54,328.15863,153.53459,331.596,153.77849,3.437378,0.24389648,3.44602
54,651.76807,75.42411,648.4633,74.36754,-3.3047485,-1.056572,3.4695399
54,600.1178,559.933,605.9705,559.3767,5.852722,-0.5562744,5.8790984
54,299.50763,315.6333,300.56598,316.20264,1.0583496,0.56933594,1.2017684
54,290.85394,190.29756,293.11508,190.4825,2.261139,0.18493652,2.2686892
54,853.4087,135.07065,848.5687,134.46758,-4.839966,-0.6030731,4.8773932
54,633.7086,258.66235,630.2473,258.92017,-3.4613037,0.2578125,3.470892
54,199.81384,152.28682,208.01985,152.23695,8.206009,-0.049865723,8.206161
54,794.44794,154.94928,793.9984,155.05943,-0.44952393,0.1101532,0.4628234
54,256.4917,461.27576,265.29794,461.14276,8.806244,-0.1329956,8.807248
54,753.4622,315.39178,761.3571,315.46997,7.8948975,0.078186035,7.8952847
54,596.3082,291.99982,614.1807,306.54468,17.872498,14.544861,23.042984
54,127.51615,366.55994,129.2727,366.10712,1.7565536,-0.45281982,1.8139808
54,246.92595,142.70235,258.7751,142.97943,11.849136,0.27708435,11.852376
55,364.34265,242.05972,365.92343,241.96007,1.58078,-0.09965515,1.5839181
55,103.25992,367.03653,105.41398,366.72165,2.1540604,-0.31488037,2.1769533
55,127.50556,453.56903,129.42082,453.1873,1.9152603,-0.38174438,1.9529339
55,121.78417,341.65756,123.841965,341.36502,2.0577927,-0.2925415,2.0784829
55,106.701546,395.96606,108.78298,395.5708,2.0814362,-0.39526367,2.118634
55,373.52338,293.8223,375.25635,294.0697,1.7329712,0.247406,1.7505424
55,320.73703,374.59753,322.53027,374.04926,1.7932434,-0.5482788,1.8751884
55,165.35323,151.42015,166.10504,151.26253,0.7518158,-0.15762329,0.7681615
55,193.23788,242.36646,194.7559,242.0466,1.5180206,-0.31985474,1.5513523
55,134.20264,464.69604,136.21213,464.29538,2.009491,-0.40066528,2.0490453
55,212.38913,378.87503,213.29564,378.53864,0.9065094,-0.33639526,0.96691316
55,83.460655,339.84982,85.11332,339.79468,1.6526642,-0.055145264,1.653584
55,140.26636,325.04456,141.03009,326.52646,0.7637329,1.4819031,1.6671307
55,51.334698,153.08151,50.683743,152.94745,-0.6509552,-0.13406372,0.664617
55,831.6572,281.51096,824.26904,271.2571,-7.3881836,-10.253845,12.638299
55,851.2316,196.87877,852.8737,196.65608,1.6420898,-0.22268677,1.6571206
55,162.71547,562.56506,166.40169,562.1416,3.6862183,-0.4234619,3.7104616
55,298.75473,275.266,301.4812,276.52545,2.726471,1.2594604,3.003312
55,173.00966,369.8921,174.97568,369.56158,1.9660187,-0.33050537,1.9936056
55,415.20468,150.38535,417.01816,150.21089,1.8134766,-0.17445374,1.8218484
55,838.86383,149.51944,839.67163,149.25826,0.8078003,-0.2611847,0.8489751
55,798.74164,559.2583,799.1774,559.0434,0.43579102,-0.21490479,0.48589903
55,420.7754,432.01852,419.58554,425.41794,-1.1898499,-6.600586,6.706972
55,968.90656,150.43932,975.59784,150.56606,6.691284,0.1267395,6.6924844
55,742.39813,143.04958,740.682,142.83437,-1.7161255,-0.21520996,1.729567
55,376.1966,312.5489,377.6607,313.44327,1.4641113,0.89437866,1.7156733
55,222.61523,342.47012,226.09163,340.68448,3.4763947,-1.7856445,3.9081767
55,884.75916,81.19558,871.9713,80.86903,-12.787842,-0.32654572,12.79201
55,641.4179,199.25502,638.6601,199.221,-2.7578125,-0.0340271,2.7580223
55,691.84,196.16106,690.6146,196.30986,-1.2254028,0.14880371,1.2344046
55,637.8296,397.76736,652.2343,405.25403,14.404724,7.486664,16.234106
55,21.210876,230.9016,21.212036,231.47563,0.001159668,0.57403564,0.57403684
55,331.596,153.77849,334.58612,153.66815,2.9901123,-0.1103363,2.9921474
55,648.4633,74.36754,651.4871,75.66301,3.0238037,1.2954712,3.2896252
55,605.9705,559.3767,606.71606,558.9622,0.74554443,-0.41448975,0.85301715
55,300.56598,316.20264,300.4174,313.20676,-0.14859009,-2.9958801,2.999563
55,293.11508,190.4825,292.0887,190.35365,-1.0263672,-0.12884521,1.0344229
55,848.5687,134.46758,852.3441,131.61401,3.7753906,-2.8535614,4.732482
55,630.2473,258.92017,627.9337,251.16962,-2.3135986,-7.7505493,8.088495
55,208.01985,152.23695,204.7159,152.41693,-3.303955,0.17997742,3.3088534
55,793.9984,155.05943,787.1456,155.38724,-6.852783,0.32780457,6.860619
55,265.29794,461.14276,264.22476,460.57352,-1.0731812,-0.5692444,1.2148074
55,761.3571,315.46997,750.3104,309.85138,-11.046692,-5.6185913,12.393465
55,614.1807,306.54468,629.2215,308.80142,15.0407715,2.2567444,15.209132
55,129.2727,366.10712,131.27069,365.83167,1.9979858,-0.27545166,2.016884
55,258.7751,142.97943,256.91467,142.56035,-1.8604126,-0.41908264,1.9070306
56,365.92343,241.96007,367.32443,241.79163,1.401001,-0.16844177,1.4110905
56,105.41398,366.72165,107.93285,366.2157,2.5188751,-0.5059509,2.5691862
56,129.42082,453.1873,131.59628,452.98978,2.1754608,-0.19750977,2.1844084
56,123.841965,341.36502,125.64784,341.3422,1.8058777,-0.022827148,1.8060219
56,108.78298,395.5708,111.03403,395.43137,2.2510452,-0.13943481,2.2553594
56,375.25635,294.0697,376.57294,293.61618,1.3165894,-0.45352173,1.392512
56,322.53027,374.04926,324.46237,373.81717,1.9320984,-0.23208618,1.9459877
56,166.10504,151.26253,166.0344,151.65955,-0.07064819,0.39701843,0.40325525
56,194.7559,242.0466,196.04146,242.48373,1.285553,0.4371338,1.357841
56,136.21213,464.29538,138.30943,464.1315,2.0973053,-0.1638794,2.1036983
56,213.29564,378.53864,212.1059,378.00113,-1.189743,-0.5375061,1.3055272
56,85.11332,339.79468,87.409805,339.51523,2.296486,-0.27944946,2.313426
56,141.03009,326.52646,142.17159,327.52676,1.1414948,1.0003052,1.5177684
56,50.683743,152.94745,51.057594,152.94319,0.37385178,-0.004257202,0.373876
56,824.26904,271.2571,829.8159,258.43365,5.546875,-12.823456,13.971716
56,852.8737,196.65608,854.56067,196.87234,1.6869507,0.21626282,1.7007563
56,166.40169,562.1416,166.29475,561.8301,-0.106933594,-0.31152344,0.32936552
56,301.4812,276.52545,308.27313,271.86163,6.791931,-4.6638184,8.239025
56,174.97568,369.56158,175.74556,369.35614,0.7698822,-0.20544434,0.7968224
56,417.01816,150.21089,413.27835,150.63977,-3.7398071,0.42887878,3.7643187
56,839.67163,149.25826,835.10187,149.4514,-4.569763,0.19314575,4.5738435
56,799.1774,559.0434,797.5254,558.5453,-1.6520386,-0.4981079,1.7254978
56,419.58554,425.41794,422.7538,427.67676,3.168274,2.2588196,3.8910444
56,975.59784,150.56606,976.09314,150.31737,0.4953003,-0.24868774,0.55422735
56,740.682,142.83437,740.34314,143.06302,-0.3388672,0.22865295,0.40879473
56,377.6607,313.44327,379.0669,313.49432,1.406189,0.05105591,1.4071156
56,226.09163,340.68448,229.24445,335.84875,3.1528168,-4.835724,5.7727356
56,871.9713,80.86903,876.5741,79.365364,4.602783,-1.5036697,4.8421726
56,638.6601,199.221,637.5656,199.42772,-1.0944824,0.20672607,1.1138345
56,690.6146,196.30986,690.1536,196.54358,-0.46099854,0.23371887,0.5168599
56,652.2343,405.25403,655.9309,417.33597,3.6965942,12.08194,12.634796
56,21.212036,231.47563,21.195797,232.11575,-0.016239166,0.64012146,0.64032745
56,334.58612,153.66815,328.81793,153.62189,-5.7681885,-0.04626465,5.768374
56,651.4871,75.66301,666.2391,72.09187,14.751953,-3.5711365,15.178048
56,606.71606,558.9622,611.47015,558.7929,4.7540894,-0.16931152,4.7571034
56,300.4174,313.20676,299.92072,307.7301,-0.49667358,-5.476654,5.4991293
56,292.0887,190.35365,291.1706,190.593,-0.91812134,0.23934937,0.94880706
56,852.3441,131.61401,862.39716,132.76584,10.05304,1.151825,10.11881
56,627.9337,251.16962,628.99603,249.13635,1.0623169,-2.0332642,2.2940533
56,204.7159,152.41693,199.72758,152.36716,-4.988312,-0.04977417,4.98856
56,787.1456,155.38724,787.35565,155.87805,0.21002197,0.4908142,0.5338613
56,264.22476,460.57352,261.30292,460.10986,-2.9218445,-0.46365356,2.958403
56,750.3104,309.85138,753.45386,312.4413,3.1434326,2.5899353,4.0729513
56,629.2215,308.80142,620.34125,294.24026,-8.880249,-14.561157,17.055384
56,131.27069,365.83167,133.49846,365.53156,2.227768,-0.30010986,2.2478914
56,256.91467,142.56035,257.75482,142.57751,0.8401489,0.017166138,0.8403243
57,367.32443,241.79163,368.75583,241.89702,1.4313965,0.105392456,1.4352713
57,107.93285,366.2157,109.92038,366.2957,1.9875259,0.07998657,1.9891348
57,131.59628,452.98978,134.14532,452.7775,2.5490417,-0.21228027,2.5578656
57,125.64784,341.3422,128.13947,341.28134,2.491623,-0.06085205,2.4923658
57,111.03403,395.43137,113.11262,395.2319,2.0785904,-0.19946289,2.0881388
57,376.57294,293.61618,377.95374,293.42975,1.3807983,-0.18643188,1.3933272
57,324.46237,373.81717,327.16193,373.4911,2.6995544,-0.32608032,2.7191768
57,166.0344,151.65955,161.91649,151.71516,-4.1179047,0.055618286,4.1182804
57,196.04146,242.48373,197.53136,242.4716,1.4898987,-0.012130737,1.489948
57,138.30943,464.1315,140.78453,463.92148,2.4750977,-0.21002197,2.4839923
57,212.1059,378.00113,218.02472,377.98773,5.9188232,-0.013397217,5.918838
57,87.409805,339.51523,88.95976,339.52615,1.5499573,0.010925293,1.5499958
57,142.17159,327.52676,143.41472,328.82404,1.2431335,1.2972717,1.7967457
57,51.057594,152.94319,51.172764,153.29802,0.115169525,0.35482788,0.37305072
57,829.8159,258.43365,828.056,259.32996,-1.7598877,0.89630127,1.9749837
57,854.56067,196.87234,864.0066,196.4082,9.445923,-0.46414185,9.457319
57,166.29475,561.8301,169.89288,561.8504,3.5981293,0.020324707,3.5981867
57,308.27313,271.86163,308.53513,273.20938,0.2619934,1.3477478,1.3729765
57,175.74556,369.35614,181.89095,369.4217,6.1453857,0.06555176,6.1457353
57,413.27835,150.63977,411.4841,150.54369,-1.7942505,-0.096084595,1.7968214
57,835.10187,149.4514,837.69415,149.6497,2.5922852,0.19830322,2.599859
57,797.5254,558.5453,805.8673,558.7955,8.341919,0.2501831,8.34567
57,422.7538,427.67676,420.69727,424.32196,-2.056549,-3.3547974,3.934979
57,976.09314,150.31737,975.7336,150.89572,-0.3595581,0.5783539,0.6810105
57,740.34314,143.06302,739.7171,142.8411,-0.6260376,-0.22192383,0.66420877
57,379.0669,313.49432,380.27753,313.02728,1.2106323,-0.46704102,1.297597
57,229.24445,335.84875,230.47676,334.18634,1.2323151,-1.6624146,2.069353
57,876.5741,79.365364,867.8095,77.75571,-8.764587,-1.6096573,8.911172
57,637.5656,199.42772,638.1013,199.34395,0.53570557,-0.08377075,0.5422158
57,690.1536,196.54358,693.48615,196.5223,3.3325195,-0.02128601,3.3325875
57,655.9309,417.33597,652.12067,423.32065,-3.8102417,5.98468,7.09467
57,21.195797,232.11575,21.49647,232.20622,0.30067253,0.09046936,0.31398833
57,328.81793,153.62189,333.52542,153.85338,4.707489,0.23149109,4.713177
57,666.2391,72.09187,674.1127,63.54325,7.873596,-8.548622,11.622068
57,611.47015,558.7929,608.7886,558.8633,-2.6815796,0.070373535,2.682503
57,299.92072,307.7301,301.2514,307.34793,1.3306885,-0.38217163,1.3844807
57,291.1706,190.593,294.25098,190.24156,3.0803833,-0.35144043,3.1003664
57,862.39716,132.76584,862.8099,133.2909,0.41271973,0.52505493,0.66784745
57,628.99603,249.13635,633.254,246.91771,4.2579956,-2.2186432,4.8013444
57,199.72758,152.36716,199.80746,152.71124,0.07987976,0.3440857,0.35323608
57,787.35565,155.87805,786.6114,155.77986,-0.7442627,-0.09819031,0.75071186
57,261.30292,460.10986,263.32947,459.8872,2.0265503,-0.22265625,2.0387452
57,753.45386,312.4413,741.6684,312.28787,-11.785461,-0.15344238,11.78646
57,620.34125,294.24026,608.3175,278.96265,-12.023743,-15.277618,19.441605
57,133.49846,365.53156,135.13039,365.66217,1.6319275,0.13061523,1.6371461
57,257.75482,142.57751,256.17462,142.8995,-1.5802002,0.32199097,1.612672
58,368.75583,241.89702,370.25522,241.8808,1.4993896,-0.016220093,1.4994774
58,109.92038,366.2957,112.73445,366.02695,2.8140717,-0.2687378,2.8268745
58,134.14532,452.7775,136.58133,453.1624,2.4360046,0.3849182,2.466228
58,128.13947,341.28134,130.53409,341.23642,2.3946228,-0.044921875,2.395044
58,113.11262,395.2319,115.79134,394.83398,2.6787262,-0.3979187,2.7081199
58,377.95374,293.42975,379.3288,292.9523,1.375061,-0.4774475,1.4555923
58,327.16193,373.4911,329.4975,373.19467,2.3355713,-0.29641724,2.3543057
58,161.91649,151.71516,173.56923,151.99535,11.6527405,0.28018188,11.656109
58,197.53136,242.4716,199.03271,242.78522,1.501358,0.3136139,1.5337632
58,140.78453,463.92148,143.55962,464.2222,2.7750854,0.3007202,2.7913315
58,218.02472,377.98773,219.2683,378.25647,1.243576,0.2687378,1.2722819
58,88.95976,339.52615,91.2713,339.64066,2.3115387,0.11450195,2.3143728
58,143.41472,328.82404,145.92802,328.7938,2.5133057,-0.03024292,2.5134876
58,51.172764,153.29802,52.45618,152.99548,1.2834167,-0.302536,1.3185927
58,828.056,259.32996,836.13153,261.7718,8.0755005,2.4418335,8.436602
58,864.0066,196.4082,855.67267,196.96407,-8.333923,0.5558624,8.35244
58,169.89288,561.8504,164.29607,561.78723,-5.596817,-0.06317139,5.597173
58,308.53513,273.20938,305.67834,272.7698,-2.856781,-0.4395752,2.890402
58,181.89095,369.4217,181.79985,369.492,-0.09109497,0.0703125,0.1150745
58,411.4841,150.54369,417.0745,150.96777,5.590393,0.42408752,5.606456
58,837.69415,149.6497,830.25604,149.80872,-7.4381104,0.15901184,7.43981
58,805.8673,558.7955,800.14386,558.65094,-5.7234497,-0.14453125,5.7252746
58,420.69727,424.32196,419.36444,426.175,-1.3328247,1.8530273,2.2825713
58,975.7336,150.89572,975.1612,150.63802,-0.5723877,-0.2577057,0.627726
58,739.7171,142.8411,747.6379,143.71733,7.9207764,0.87623596,7.9690957
58,380.27753,313.02728,381.6572,313.5816,1.3796692,0.5543213,1.4868622
58,230.47676,334.18634,236.41672,338.04993,5.9399567,3.8635864,7.0859284
58,867.8095,77.75571,871.2157,82.502686,3.406189,4.7469788,5.8425965
58,638.1013,199.34395,631.3165,199.43645,-6.78479,0.09249878,6.7854204
58,693.48615,196.5223,693.4792,196.42639,-0.006958008,-0.09590149,0.09615357
58,652.12067,423.32065,656.986,433.89282,4.8653564,10.572174,11.6379795
58,21.49647,232.20622,22.61315,232.56256,1.1166801,0.3563385,1.1721568
58,333.52542,153.85338,332.1765,154.21408,-1.3489075,0.3607025,1.3963014
58,674.1127,63.54325,676.4721,63.40679,2.359436,-0.13645935,2.3633788
58,608.7886,558.8633,611.2414,558.70685,2.4528198,-0.1564331,2.4578032
58,301.2514,307.34793,303.44635,303.8287,2.1949463,-3.519226,4.147619
58,294.25098,190.24156,295.62283,190.5349,1.3718567,0.29333496,1.4028671
58,862.8099,133.2909,854.3049,131.25647,-8.505005,-2.0344238,8.744941
58,633.254,246.91771,623.857,245.95822,-9.397034,-0.9594879,9.445891
58,199.80746,152.71124,201.54489,152.1378,1.7374268,-0.57344055,1.8296136
58,786.6114,155.77986,786.08203,156.11665,-0.5293579,0.336792,0.6274142
58,263.32947,459.8872,258.39905,459.52258,-4.93042,-0.36462402,4.943884
58,741.6684,312.28787,735.59534,315.9057,-6.073059,3.6178284,7.0689974
58,608.3175,278.96265,604.46136,285.30646,-3.8561401,6.343811,7.423864
58,135.13039,365.66217,137.21242,365.60318,2.0820312,-0.05899048,2.082867
58,256.17462,142.8995,256.734,143.05592,0.5593872,0.15641785,0.5808447
59,370.25522,241.8808,371.51523,241.82208,1.2600098,-0.05871582,1.2613771
59,112.73445,366.02695,115.58304,365.76733,2.848587,-0.25961304,2.8603928
59,136.58133,453.1624,139.0084,452.99854,2.4270782,-0.1638794,2.4326046
59,130.53409,341.23642,133.18587,341.1324,2.6517792,-0.104034424,2.653819
59,115.79134,394.83398,118.45572,394.969,2.6643753,0.13500977,2.6677938
59,379.3288,292.9523,380.54666,293.01465,1.217865,0.062347412,1.2194599
59,329.4975,373.19467,332.10162,373.13748,2.604126,-0.05718994,2.604754
59,173.56923,151.99535,183.70995,151.84389,10.140717,-0.15145874,10.141848
59,199.03271,242.78522,200.65335,242.7384,1.620636,-0.046813965,1.621312
59,143.55962,464.2222,145.83438,464.11536,2.274765,-0.10684204,2.2772727
59,219.2683,378.25647,223.14139,378.04053,3.8730927,-0.21594238,3.879108
59,91.2713,339.64066,93.31385,339.74823,2.0425491,0.10757446,2.04538
59,145.92802,328.7938,148.39401,328.76907,2.4659882,-0.024719238,2.466112
59,52.45618,152.99548,52.803925,153.43652,0.347744,0.44104004,0.5616424
59,836.13153,261.7718,811.166,256.8048,-24.965515,-4.96698,25.454819
59,855.67267,196.96407,852.9437,197.21906,-2.7289429,0.25498962,2.74083
59,164.29607,561.78723,166.24707,561.6845,1.951004,-0.10272217,1.9537064
59,305.67834,272.7698,303.67026,271.82483,-2.0080872,-0.9449768,2.2193232
59,181.79985,369.492,181.41565,369.08997,-0.38420105,-0.40203857,0.55609846
59,417.0745,150.96777,401.3183,150.92578,-15.756195,-0.041992188,15.756251
59,830.25604,149.80872,822.05597,150.00934,-8.200073,0.20062256,8.202527
59,800.14386,558.65094,799.15643,558.4972,-0.98742676,-0.15374756,0.99932474
59,419.36444,426.175,419.3299,427.81052,-0.0345459,1.6355286,1.6358933
59,975.1612,150.63802,981.57324,151.04695,6.4120483,0.40893555,6.4250755
59,747.6379,143.71733,748.65674,144.14825,1.0188599,0.43092346,1.1062416
59,381.6572,313.5816,382.81177,313.2319,1.1545715,-0.34970093,1.206369
59,236.41672,338.04993,241.40544,337.48224,4.9887238,-0.567688,5.02092
59,871.2157,82.502686,865.5992,81.62042,-5.616516,-0.8822632,5.6853886
59,631.3165,199.43645,631.7401,199.22,0.42358398,-0.21644592,0.4756808
59,693.4792,196.42639,695.05524,196.71324,1.5760498,0.28684998,1.6019413
59,656.986,433.89282,660.62695,428.06232,3.6409302,-5.8305054,6.8739486
59,22.61315,232.56256,23.294384,232.10556,0.68123436,-0.45700073,0.82032305
59,332.1765,154.21408,331.60486,154.22395,-0.5716553,0.0098724365,0.5717405
59,676.4721,63.40679,677.2301,74.37155,0.7579956,10.96476,10.990929
59,611.2414,558.70685,613.75543,558.4614,2.514038,-0.24542236,2.5259888
59,303.44635,303.8287,304.09366,307.32346,0.64730835,3.494751,3.5541937
59,295.62283,190.5349,291.98322,190.74951,-3.639618,0.21461487,3.64594
59,854.3049,131.25647,851.12024,132.57716,-3.1846313,1.320694,3.4476237
59,623.857,245.95822,621.48193,244.11845,-2.375061,-1.8397675,3.0042737
59,201.54489,152.1378,212.60172,152.52771,11.056824,0.38990784,11.063697
59,786.08203,156.11665,804.5462,156.49881,18.464172,0.38215637,18.468126
59,258.39905,459.52258,260.84625,459.3395,2.4472046,-0.18307495,2.454043
59,735.59534,315.9057,730.55273,311.90118,-5.0426025,-4.0045166,6.4392543
59,604.46136,285.30646,598.9898,283.46973,-5.4715576,-1.836731,5.7716136
59,137.21242,365.60318,137.47107,366.05865,0.25865173,0.45547485,0.523792
59,256.734,143.05592,246.29294,143.29736,-10.441071,0.24143982,10.443862
60,371.51523,241.82208,373.15952,241.65494,1.6442871,-0.16714478,1.6527605
60,115.58304,365.76733,118.370544,365.3737,2.787506,-0.39364624,2.8151639
60,139.0084,452.99854,141.85677,452.86868,2.8483582,-0.1298523,2.8513165
60,133.18587,341.1324,136.06311,340.8232,2.877243,-0.30917358,2.8938065
60,118.45572,394.969,121.239075,394.43585,2.7833557,-0.5331421,2.8339565
60,380.54666,293.01465,382.13873,293.14246,1.5920715,0.12780762,1.5971934
60,332.10162,373.13748,335.49,372.51947,3.3883667,-0.6180115,3.4442658
60,183.70995,151.84389,185.42812,152.186,1.7181702,0.3421173,1.7518997
60,200.65335,242.7384,202.37213,242.86902,1.7187805,0.13061523,1.7237363
60,145.83438,464.11536,149.51134,464.02695,3.6769562,-0.088409424,3.678019
60,223.14139,378.04053,216.93439,377.66745,-6.2070007,-0.3730774,6.2182026
60,93.31385,339.74823,95.42604,339.7221,2.1121902,-0.026123047,2.1123517
60,148.39401,328.76907,150.74852,329.23215,2.3545074,0.46307373,2.3996131
60,52.803925,153.43652,53.12782,153.48413,0.3238945,0.047607422,0.32737458
60,811.166,256.8048,821.3123,255.81023,10.146301,-0.99458313,10.194931
60,852.9437,197.21906,863.2009,197.42038,10.257202,0.20132446,10.259178
60,166.24707,561.6845,162.13324,561.3638,-4.1138306,-0.32073975,4.126315
60,303.67026,271.82483,304.75922,266.86075,1.0889587,-4.964081,5.0821185
60,181.41565,369.08997,181.86694,368.91498,0.45129395,-0.1749878,0.48403198
60,401.3183,150.92578,405.6416,151.24246,4.323303,0.3166809,4.334886
60,822.05597,150.00934,822.6108,150.29045,0.5548096,0.28111267,0.621963
60,799.15643,558.4972,797.69653,558.1883,-1.4598999,-0.30889893,1.492222
60,419.3299,427.81052,423.2883,420.5409,3.9584045,-7.269623,8.277462
60,981.57324,151.04695,982.2769,151.24588,0.7036743,0.19892883,0.7312525
60,748.65674,144.14825,745.11835,144.43839,-3.538391,0.29013062,3.5502658
60,382.81177,313.2319,384.49097,313.55844,1.6791992,0.3265381,1.710654
60,241.40544,337.48224,245.65413,336.58878,4.2486877,-0.89346313,4.3416157
60,865.5992,81.62042,860.76465,80.06209,-4.8345337,-1.5583344,5.0794806
60,631.7401,199.22,644.03723,199.07005,12.297119,-0.14994812,12.298034
60,695.05524,196.71324,704.0319,196.50497,8.976685,-0.20826721,8.9791
60,660.62695,428.06232,659.1887,429.66995,-1.4382324,1.6076355,2.1570823
60,23.294384,232.10556,24.322895,231.58725,1.028511,-0.51831055,1.1517295
60,331.60486,154.22395,333.48062,154.63362,1.8757629,0.40966797,1.9199777
60,677.2301,74.37155,679.6125,66.93219,2.3823853,-7.4393616,7.811521
60,613.75543,558.4614,615.16376,557.88086,1.4083252,-0.5805664,1.5232981
60,304.09366,307.32346,307.02432,309.7388,2.930664,2.4153442,3.7977204
60,291.98322,190.74951,297.47342,191.0207,5.490204,0.27119446,5.4968977
60,851.12024,132.57716,852.3896,133.31894,1.2693481,0.7417755,1.4701958
60,621.48193,244.11845,636.49146,243.41193,15.0095215,-0.7065277,15.026141
60,212.60172,152.52771,215.25854,152.49443,2.6568298,-0.03327942,2.6570382
60,804.5462,156.49881,812.12256,156.63718,7.576355,0.1383667,7.577618
60,260.84625,459.3395,265.7791,459.01788,4.9328613,-0.32162476,4.943335
60,730.55273,311.90118,735.7147,314.84283,5.1619873,2.9416504,5.9413314
60,598.9898,283.46973,596.3673,281.88004,-2.6224976,-1.5896912,3.066694
60,137.47107,366.05865,140.25198,365.6966,2.7809143,-0.36206055,2.8043845
60,246.29294,143.29736,246.51703,143.2101,0.22409058,-0.087265015,0.24048236
61,373.15952,241.65494,374.67798,241.4582,1.5184631,-0.19673157,1.5311543
61,118.370544,365.3737,121.19023,364.90207,2.819687,-0.47161865,2.8588562
61,141.85677,452.86868,144.762,452.4926,2.9052277,-0.37606812,2.9294667
61,136.06311,340.8232,138.42157,340.7926,2.3584595,-0.03060913,2.358658
61,121.239075,394.43585,124.20719,394.3171,2.9681168,-0.1187439,2.9704912
61,382.13873,293.14246,383.69452,292.91953,1.5557861,-0.22293091,1.571677
61,335.49,372.51947,338.3335,371.45084,2.8435059,-1.068634,3.0376809
61,185.42812,152.186,188.48817,152.052,3.0600586,-0.13400269,3.0629911
61,202.37213,242.86902,204.15794,242.77554,1.7858124,-0.09347534,1.7882571
61,149.51134,464.02695,152.4281,463.66153,2.9167633,-0.36541748,2.9395642
61,216.93439,377.66745,218.62164,376.94293,1.6872559,-0.7245178,1.8362348
61,95.42604,339.7221,96.857765,339.54446,1.4317245,-0.17764282,1.4427031
61,150.74852,329.23215,152.59265,329.7825,1.8441315,0.550354,1.9245027
61,53.12782,153.48413,53.524033,153.55959,0.39621353,0.07545471,0.40333432
61,821.3123,255.81023,810.91205,258.6458,-10.400269,2.8355865,10.779895
61,863.2009,197.42038,855.172,197.33727,-8.028931,-0.083114624,8.029361
61,162.13324,561.3638,156.90903,561.2238,-5.2242126,-0.13995361,5.226087
61,304.75922,266.86075,308.10245,265.44757,3.3432312,-1.4131775,3.629637
61,181.86694,368.91498,187.82321,368.58264,5.9562683,-0.33233643,5.9655323
61,405.6416,151.24246,407.16663,151.22118,1.5250244,-0.02128601,1.525173
61,822.6108,150.29045,825.3497,150.22133,2.7388916,-0.069122314,2.7397637
61,797.69653,558.1883,807.18256,558.35004,9.486023,0.16174316,9.487402
61,423.2883,420.5409,426.57202,417.3164,3.283722,-3.2244873,4.6021895
61,982.2769,151.24588,983.49713,150.78119,1.2202148,-0.46469116,1.3057036
61,745.11835,144.43839,751.8928,143.99486,6.774475,-0.44352722,6.7889786
61,384.49097,313.55844,385.78183,313.4538,1.290863,-0.104644775,1.2950977
61,245.65413,336.58878,243.28429,336.30707,-2.3698425,-0.28170776,2.3865273
61,860.76465,80.06209,866.5465,77.27198,5.7818604,-2.7901077,6.419861
61,644.03723,199.07005,644.93304,199.5504,0.895813,0.48034668,1.0164713
61,704.0319,196.50497,703.10016,196.49683,-0.9317627,-0.008148193,0.93179834
61,659.1887,429.66995,662.54175,433.30792,3.3530273,3.63797,4.947486
61,24.322895,231.58725,24.070946,231.2611,-0.2519493,-0.32615662,0.4121366
61,333.48062,154.63362,332.44717,154.47351,-1.0334473,-0.16011047,1.0457766
61,679.6125,66.93219,685.18823,70.96722,5.5757446,4.0350266,6.8826137
61,615.16376,557.88086,616.64026,557.62494,1.4765015,-0.2559204,1.4985166
61,307.02432,309.7388,308.40625,299.40836,1.3819275,-10.330444,10.422466
61,297.47342,191.0207,286.1263,190.83783,-11.347107,-0.18287659,11.34858
61,852.3896,133.31894,857.25995,133.51749,4.8703613,0.19854736,4.874407
61,636.49146,243.41193,625.4207,243.2042,-11.07074,-0.20773315,11.072688
61,215.25854,152.49443,214.63391,152.41107,-0.6246338,-0.083358765,0.6301715
61,812.12256,156.63718,813.9587,156.59146,1.8361206,-0.045715332,1.8366896
61,265.7791,459.01788,270.42328,458.59927,4.644165,-0.41860962,4.662993
61,735.7147,314.84283,731.438,312.58884,-4.2767334,-2.2539978,4.8343515
61,596.3673,281.88004,594.5432,283.14114,-1.8240967,1.2611084,2.217594
61,140.25198,365.6966,143.50842,365.35095,3.2564392,-0.3456421,3.2747312
61,246.51703,143.2101,251.12595,143.15176,4.608917,-0.05833435,4.6092863
62,374.67798,241.4582,376.19693,241.29291,1.5189514,-0.16529846,1.527919
62,121.19023,364.90207,123.78182,364.5056,2.591591,-0.39645386,2.6217396
62,144.762,452.4926,147.55922,452.4857,2.797226,-0.0069274902,2.7972345
62,138.42157,340.7926,140.91791,340.51764,2.496338,-0.27496338,2.5114355
62,124.20719,394.3171,126.89854,393.99954,2.6913452,-0.31756592,2.710016
62,383.69452,292.91953,385.16635,292.75745,1.4718323,-0.16207886,1.4807296
62,338.3335,371.45084,340.8864,371.296,2.5529175,-0.15484619,2.5576093
62,188.48817,152.052,191.60031,152.07709,3.1121368,0.02508545,3.112238
62,204.15794,242.77554,205.59866,242.63417,1.4407196,-0.14137268,1.4476391
62,152.4281,463.66153,155.17395,463.5557,2.7458496,-0.10583496,2.7478886
62,218.62164,376.94293,218.77719,376.9244,0.1555481,-0.01852417,0.15664722
62,96.857765,339.54446,99.09622,339.52774,2.2384567,-0.016723633,2.2385192
62,152.59265,329.7825,155.00182,329.55423,2.4091644,-0.22827148,2.4199548
62,53.524033,153.55959,54.355946,153.19006,0.831913,-0.3695221,0.9102889
62,810.91205,258.6458,809.8334,263.51385,-1.0786743,4.868042,4.986118
62,855.172,197.33727,854.44006,197.25842,-0.7319336,-0.07884216,0.7361677
62,156.90903,561.2238,156.48854,560.75684,-0.42048645,-0.46697998,0.6283941
62,308.10245,265.44757,308.02432,264.05048,-0.078125,-1.3970947,1.3992773
62,187.82321,368.58264,189.37958,368.32626,1.556366,-0.25637817,1.5773411
62,407.16663,151.22118,405.4663,151.28763,-1.7003174,0.06645203,1.7016155
62,825.3497,150.22133,825.6828,149.76366,0.33312988,-0.45767212,0.56607354
62,807.18256,558.35004,811.6335,558.05334,4.4509277,-0.2966919,4.4608054
62,426.57202,417.3164,436.07782,414.24188,9.505798,-3.074524,9.990641
62,983.49713,150.78119,979.4955,150.74931,-4.001648,-0.03187561,4.001775
62,751.8928,143.99486,748.72766,144.61949,-3.1651611,0.6246338,3.226207
62,385.78183,313.4538,387.2052,314.2601,1.4233704,0.80630493,1.6358823
62,243.28429,336.30707,243.00397,336.72208,-0.2803192,0.41500854,0.50081027
62,866.5465,77.27198,870.8781,75.79254,4.331604,-1.4794388,4.5772843
62,644.93304,199.5504,646.80707,199.4526,1.8740234,-0.09779358,1.8765733
62,703.10016,196.49683,703.19037,196.56113,0.09020996,0.06430054,0.11078085
62,662.54175,433.30792,669.52313,436.25916,6.9813843,2.951233,7.579545
62,24.070946,231.2611,24.55942,231.13245,0.4884739,-0.12864685,0.5051304
62,332.44717,154.47351,328.2334,154.48108,-4.2137756,0.0075683594,4.2137823
62,685.18823,70.96722,679.33093,67.55026,-5.8573,-3.416954,6.781116
62,616.64026,557.62494,616.76825,557.6654,0.12799072,0.04046631,0.13423541
62,308.40625,299.40836,303.64044,309.21426,-4.765808,9.805908,10.902696
62,286.1263,190.83783,277.82333,190.90929,-8.3029785,0.07145691,8.303286
62,857.25995,133.51749,850.83954,134.69487,-6.42041,1.1773834,6.5274725
62,625.4207,243.2042,625.3936,245.15007,-0.02709961,1.9458771,1.9460658
62,214.63391,152.41107,229.05925,152.6035,14.425339,0.19242859,14.426622
62,813.9587,156.59146,816.0337,156.37006,2.0750122,-0.22140503,2.0867908
62,270.42328,458.59927,272.57016,458.1214,2.146881,-0.47787476,2.1994233
62,731.438,312.58884,729.7005,308.75076,-1.7374878,-3.8380737,4.213036
62,594.5432,283.14114,597.3672,278.64032,2.8239746,-4.500824,5.3134027
62,143.50842,365.35095,146.41661,365.05963,2.9081879,-0.2913208,2.9227426
62,251.12595,143.15176,242.59282,143.351,-8.533127,0.19923401,8.535453
63,376.19693,241.29291,377.60614,240.7944,1.4092102,-0.49850464,1.4947844
63,123.78182,364.5056,126.370224,364.28192,2.5884018,-0.22369385,2.5980499
63,147.55922,452.4857,149.93823,452.2859,2.379013,-0.19979858,2.3873882
63,140.91791,340.51764,143.23878,340.49167,2.320877,-0.025970459,2.3210223
63,126.89854,393.99954,129.46802,393.42398,2.569481,-0.5755615,2.6331546
63,385.16635,292.75745,386.45486,292.39133,1.2885132,-0.36611938,1.3395184
63,340.8864,371.296,344.05563,370.81393,3.16922,-0.48205566,3.205672
63,191.60031,152.07709,195.81488,151.89178,4.214569,-0.18530273,4.218641
63,205.59866,242.63417,207.08047,242.80771,1.4818115,0.17353821,1.4919387
63,155.17395,463.5557,156.39496,463.22485,1.2210083,-0.33084106,1.2650365
63,218.77719,376.9244,224.46417,376.4642,5.686981,-0.46020508,5.705571
63,99.09622,339.52774,100.526825,339.4877,1.430603,-0.040039062,1.4311633
63,155.00182,329.55423,156.65184,330.42056,1.6500244,0.866333,1.8636291
63,54.355946,153.19006,54.418903,153.38374,0.06295776,0.19367981,0.20365547
63,809.8334,263.51385,804.7795,267.0783,-5.053894,3.5644531,6.1844296
63,854.44006,197.25842,846.6602,197.23698,-7.779846,-0.021438599,7.7798758
63,156.48854,560.75684,155.31223,560.6196,-1.1763153,-0.13720703,1.1842903
63,308.02432,264.05048,308.71167,265.4093,0.6873474,1.3588257,1.5227784
63,189.37958,368.32626,181.18237,367.85217,-8.197205,-0.47409058,8.210902
63,405.4663,151.28763,409.744,151.22984,4.2776794,-0.057785034,4.27807
63,825.6828,149.76366,823.6493,149.6515,-2.0335083,-0.1121521,2.0365987
63,811.6335,558.05334,813.0911,557.80597,1.4576416,-0.24737549,1.4784836
63,436.07782,414.24188,438.38644,415.69095,2.3086243,1.4490662,2.725718
63,979.4955,150.74931,980.79694,150.94597,1.3014526,0.19665527,1.3162265
63,748.72766,144.61949,748.7138,144.894,-0.0138549805,0.27450562,0.27485505
63,387.2052,314.2601,388.71686,314.63467,1.5116577,0.37457275,1.557374
63,243.00397,336.72208,235.66434,331.9239,-7.33963,-4.7981873,8.768852
63,870.8781,75.79254,883.6923,77.140144,12.814209,1.3476028,12.884874
63,646.80707,199.4526,647.72437,199.49704,0.91729736,0.044433594,0.9183729
63,703.19037,196.56113,711.2146,196.40999,8.024231,-0.1511383,8.025654
63,669.52313,436.25916,673.54395,427.29584,4.020813,-8.963318,9.823849
63,24.55942,231.13245,23.854565,232.45476,-0.70485497,1.3223114,1.4984418
63,328.2334,154.48108,326.66248,154.45166,-1.5709229,-0.029418945,1.5711983
63,679.33093,67.55026,677.8293,61.618446,-1.501648,-5.931816,6.118937
63,616.76825,557.6654,618.3878,557.3275,1.6195679,-0.33789062,1.6544396
63,303.64044,309.21426,304.2376,307.12256,0.59716797,-2.0917053,2.1752796
63,277.82333,190.90929,277.56503,191.01663,-0.25830078,0.10734558,0.27971837
63,850.83954,134.69487,849.53296,132.96992,-1.3065796,-1.7249451,2.1639283
63,625.3936,245.15007,636.68994,239.35959,11.296326,-5.7904816,12.693961
63,229.05925,152.6035,222.32466,152.62889,-6.7345886,0.025390625,6.7346363
63,816.0337,156.37006,817.39606,156.32361,1.3623657,-0.046447754,1.3631573
63,272.57016,458.1214,272.51358,457.61877,-0.05657959,-0.5026245,0.505799
63,729.7005,308.75076,746.69836,329.81168,16.997864,21.060913,27.064543
63,597.3672,278.64032,586.2711,268.0482,-11.096069,-10.592133,15.340014
63,146.41661,365.05963,148.32912,364.8127,1.9125061,-0.24691772,1.9283797
63,242.59282,143.351,247.9307,143.03871,5.3378754,-0.31228638,5.3470025
64,377.60614,240.7944,379.07614,240.7154,1.4700012,-0.07901001,1.472123
64,126.370224,364.28192,128.70735,363.83105,2.3371277,-0.4508667,2.38022
64,149.93823,452.2859,152.16283,452.0192,2.224594,-0.26669312,2.240523
64,143.23878,340.49167,145.43677,340.22418,2.1979828,-0.26748657,2.214199
64,129.46802,393.42398,131.84363,393.14062,2.3756104,-0.2833557,2.3924496
64,386.45486,292.39133,387.89197,292.50534,1.4371033,0.11401367,1.4416189
64,344.05563,370.81393,345.87204,370.55014,1.8164062,-0.26379395,1.8354615
64,195.81488,151.89178,198.0533,152.10757,2.2384186,0.2157898,2.2487957
64,207.08047,242.80771,208.50383,242.73784,1.4233551,-0.069869995,1.425069
64,156.39496,463.22485,158.54932,463.0989,2.154358,-0.12594604,2.1580362
64,224.46417,376.4642,226.50397,376.1534,2.039795,-0.31079102,2.0633357
64,100.526825,339.4877,102.13275,339.35587,1.6059265,-0.13183594,1.6113288
64,156.65184,330.42056,159.19527,329.58472,2.5434265,-0.83584595,2.677248
64,54.418903,153.38374,53.656727,152.99127,-0.7621765,-0.3924713,0.8572904
64,804.7795,267.0783,804.6568,260.39062,-0.122680664,-6.687683,6.688808
64,846.6602,197.23698,845.29987,197.40903,-1.3603516,0.17204285,1.3711874
64,155.31223,560.6196,149.10744,560.3503,-6.204788,-0.26934814,6.210632
64,308.71167,265.4093,320.8857,264.40125,12.174042,-1.0080566,12.215706
64,181.18237,367.85217,180.9705,367.71548,-0.21186829,-0.13668823,0.25213456
64,409.744,151.22984,408.1075,151.2731,-1.6364746,0.043258667,1.6370462
64,823.6493,149.6515,826.24536,149.8327,2.5960693,0.18119812,2.602385
64,813.0911,557.80597,821.1422,557.2403,8.051086,-0.5656738,8.070934
64,438.38644,415.69095,441.26166,418.9023,2.8752136,3.2113647,4.3104196
64,980.79694,150.94597,977.0429,151.16486,-3.7540283,0.21888733,3.7604043
64,748.7138,144.894,747.64,144.56769,-1.0737915,-0.3263092,1.1222771
64,388.71686,314.63467,390.10245,315.18503,1.3855896,0.550354,1.4908884
64,235.66434,331.9239,235.22449,334.3029,-0.43984985,2.3789978,2.419318
64,883.6923,77.140144,873.1223,77.08744,-10.570007,-0.052703857,10.570139
64,647.72437,199.49704,647.339,199.22087,-0.38537598,-0.27616882,0.47411376
64,711.2146,196.40999,712.6917,196.5862,1.4771118,0.1762085,1.4875848
64,673.54395,427.29584,678.4907,431.9039,4.9467773,4.6080627,6.760536
64,23.854565,232.45476,24.402187,232.08673,0.5476227,-0.36802673,0.6597987
64,326.66248,154.45166,327.3008,154.51472,0.6383362,0.063064575,0.64144385
64,677.8293,61.618446,666.2639,55.026844,-11.565369,-6.5916023,13.311911
64,618.3878,557.3275,619.0617,557.1234,0.67388916,-0.20410156,0.7041193
64,304.2376,307.12256,305.10126,303.05618,0.86364746,-4.0663757,4.1570783
64,277.56503,191.01663,266.04,190.48636,-11.525024,-0.53027344,11.537217
64,849.53296,132.96992,849.9017,134.0372,0.36871338,1.067276,1.1291711
64,636.68994,239.35959,634.1696,239.0645,-2.5203247,-0.29508972,2.5375412
64,222.32466,152.62889,222.38065,152.84398,0.055984497,0.21508789,0.22225451
64,817.39606,156.32361,819.5547,156.31078,2.1586304,-0.012832642,2.1586685
64,272.51358,457.61877,271.23712,457.20068,-1.2764587,-0.41809082,1.3431853
64,746.69836,329.81168,748.22784,329.53366,1.52948,-0.27801514,1.5545422
64,586.2711,268.0482,585.6029,267.24374,-0.6682129,-0.80444336,1.0457712
64,148.32912,364.8127,151.6575,364.52496,3.3283844,-0.28775024,3.3407998
64,247.9307,143.03871,246.33673,143.31393,-1.5939636,0.27522278,1.6175499
65,379.07614,240.7154,380.45172,240.37677,1.3755798,-0.33862305,1.4166459
65,128.70735,363.83105,130.74382,363.41595,2.0364685,-0.4151001,2.0783436
65,152.16283,452.0192,154.0288,451.5231,1.8659668,-0.49609375,1.9307877
65,145.43677,340.22418,147.23662,340.2006,1.7998505,-0.023590088,1.8000051
65,131.84363,393.14062,133.95224,393.22482,2.108612,0.084198,2.1102924
65,387.89197,292.50534,389.34647,292.22653,1.4544983,-0.2788086,1.4809792
65,345.87204,370.55014,348.17297,369.82602,2.3009338,-0.7241211,2.4121876
65,198.0533,152.10757,196.18077,151.84767,-1.8725281,-0.25990295,1.890479
65,208.50383,242.73784,209.97316,242.49763,1.4693298,-0.24020386,1.4888345
65,158.54932,463.0989,160.5561,462.64584,2.0067902,-0.45306396,2.0572977
65,226.50397,376.1534,224.20284,375.70117,-2.3011322,-0.45224,2.3451505
65,102.13275,339.35587,102.49162,339.32135,0.35887146,-0.03451538,0.36052746
65,159.19527,329.58472,161.20425,329.45535,2.0089874,-0.12936401,2.013148
65,53.656727,152.99127,53.725006,153.50508,0.06827927,0.5138092,0.5183261
65,804.6568,260.39062,812.88916,266.63083,8.232361,6.240204,10.330146
65,845.29987,197.40903,846.275,197.55177,0.9751587,0.14274597,0.98555106
65,149.10744,560.3503,153.65459,559.85364,4.5471497,-0.49664307,4.574191
65,320.8857,264.40125,321.57605,267.4009,0.69033813,2.9996643,3.0780761
65,180.9705,367.71548,183.67606,367.3173,2.7055511,-0.39819336,2.7346964
65,408.1075,151.2731,408.40695,151.07278,0.29943848,-0.20031738,0.36026442
65,826.24536,149.8327,827.56647,149.75584,1.321106,-0.07685852,1.3233397
65,821.1422,557.2403,816.30646,557.03125,-4.8357544,-0.20904541,4.8402705
65,441.26166,418.9023,442.7354,417.7444,1.4737549,-1.1579285,1.8742336
65,977.0429,151.16486,976.79456,151.25816,-0.24835205,0.093307495,0.26530176
65,747.64,144.56769,747.97974,144.71747,0.33972168,0.14978027,0.37127477
65,390.10245,315.18503,391.41785,314.99472,1.3153992,-0.19030762,1.3290944
65,235.22449,334.3029,241.78784,334.0025,6.5633545,-0.30038452,6.570225
65,873.1223,77.08744,874.758,79.182106,1.6356812,2.0946655,2.657645
65,647.339,199.22087,642.8767,199.25829,-4.4622803,0.03741455,4.462437
65,712.6917,196.5862,716.91016,196.12448,4.218445,-0.4617157,4.243637
65,678.4907,431.9039,676.5547,427.90756,-1.9360352,-3.996338,4.4406023
65,24.402187,232.08673,24.31041,232.51706,-0.0917778,0.43032837,0.44000646
65,327.3008,154.51472,335.79984,154.48552,8.499023,-0.029205322,8.499074
65,666.2639,55.026844,665.6849,60.662292,-0.5790405,5.6354485,5.665118
65,619.0617,557.1234,617.68256,556.6585,-1.3791504,-0.4649048,1.4554011
65,305.10126,303.05618,303.4124,305.60162,-1.6888428,2.5454407,3.0547435
65,266.04,190.48636,270.15656,190.8013,4.1165466,0.3149414,4.1285763
65,849.9017,134.0372,847.6922,134.75822,-2.2094727,0.72102356,2.3241436
65,634.1696,239.0645,633.7516,242.58112,-0.4180298,3.5166168,3.5413759
65,222.38065,152.84398,224.48463,152.64479,2.1039886,-0.19918823,2.1133964
65,819.5547,156.31078,821.17053,156.30545,1.6158447,-0.0053253174,1.6158535
65,271.23712,457.20068,272.78555,456.66562,1.5484314,-0.5350647,1.6382717
65,748.22784,329.53366,743.6481,318.6686,-4.579773,-10.865051,11.790829
65,585.6029,267.24374,590.7595,268.53156,5.156616,1.2878113,5.314993
65,151.6575,364.52496,153.48808,364.17987,1.8305817,-0.34509277,1.8628254
65,246.33673,143.31393,246.2964,143.05061,-0.04032898,-0.26332092,0.2663913
66,380.45172,240.37677,381.94922,240.4442,1.4974976,0.06742859,1.4990149
66,130.74382,363.41595,132.80023,363.36014,2.0564117,-0.05581665,2.0571692
66,154.0288,451.5231,156.19684,451.41815,2.168045,-0.10494995,2.1705837
66,147.23662,340.2006,149.30641,339.78748,2.0697937,-0.41311646,2.1106188
66,133.95224,393.22482,136.10437,392.65524,2.1521301,-0.5695801,2.2262268
66,389.34647,292.22653,390.7358,291.98294,1.3893433,-0.24359131,1.4105359
66,348.17297,369.82602,350.04102,369.58936,1.868042,-0.23666382,1.8829739
66,196.18077,151.84767,192.65894,152.141,-3.5218353,0.29333496,3.5340302
66,209.97316,242.49763,211.63564,242.53822,1.6624756,0.04058838,1.662971
66,160.5561,462.64584,162.48799,462.3272,1.9318848,-0.31863403,1.9579853
66,224.20284,375.70117,226.67819,375.49893,2.475357,-0.20223999,2.4836051
66,102.49162,339.32135,104.387794,339.05515,1.8961716,-0.26620483,1.9147667
66,161.20425,329.45535,163.05109,329.06784,1.8468323,-0.3875122,1.8870493
66,53.725006,153.50508,53.590103,153.24965,-0.13490295,-0.25543213,0.2888674
66,812.88916,266.63083,805.58954,270.78857,-7.2996216,4.1577454,8.400674
66,846.275,197.55177,852.73584,197.58308,6.4608154,0.031311035,6.4608912
66,153.65459,559.85364,153.60242,559.8256,-0.0521698,-0.028015137,0.05921601
66,321.57605,267.4009,313.1758,269.0339,-8.400238,1.6329956,8.557492
66,183.67606,367.3173,185.20694,367.13745,1.5308838,-0.17984009,1.5414109
66,408.40695,151.07278,402.59058,151.22835,-5.8163757,0.15556335,5.8184557
66,827.56647,149.75584,839.64935,149.72523,12.082886,-0.03060913,12.082924
66,816.30646,557.03125,818.73627,557.156,2.4298096,0.12475586,2.43301
66,442.7354,417.7444,445.158,415.34317,2.422577,-2.4012146,3.410969
66,976.79456,151.25816,979.4265,151.42276,2.631958,0.16459656,2.6370997
66,747.97974,144.71747,751.2066,145.10585,3.2268677,0.38838196,3.2501562
66,391.41785,314.99472,392.80356,314.959,1.3857117,-0.035705566,1.3861717
66,241.78784,334.0025,243.42982,331.5797,1.641983,-2.4227905,2.926777
66,874.758,79.182106,879.8814,78.800156,5.123413,-0.38195038,5.1376305
66,642.8767,199.25829,647.1944,199.78772,4.317688,0.5294342,4.3500266
66,716.91016,196.12448,716.24005,196.2504,-0.670105,0.12591553,0.6818324
66,676.5547,427.90756,666.9357,421.51627,-9.6189575,-6.3912964,11.548723
66,24.31041,232.51706,23.539131,233.04678,-0.7712784,0.5297241,0.9356698
66,335.79984,154.48552,338.62662,154.63654,2.8267822,0.15101624,2.8308134
66,665.6849,60.662292,663.40265,61.133812,-2.2822266,0.47151947,2.3304267
66,617.68256,556.6585,613.6598,556.91833,-4.022766,0.25982666,4.0311484
66,303.4124,305.60162,294.28058,313.28506,-9.131836,7.683441,11.934223
66,270.15656,190.8013,274.71146,190.40611,4.554901,-0.39518738,4.5720124
66,847.6922,134.75822,858.05994,134.83781,10.367737,0.079589844,10.368042
66,633.7516,242.58112,627.1666,241.26773,-6.584961,-1.313385,6.714662
66,224.48463,152.64479,224.85289,152.60414,0.36825562,-0.040649414,0.37049234
66,821.17053,156.30545,833.3644,156.1591,12.193848,-0.14634705,12.194726
66,272.78555,456.66562,274.6264,456.63657,1.8408508,-0.029052734,1.8410801
66,743.6481,318.6686,743.13184,326.36194,-0.51623535,7.693329,7.7106295
66,590.7595,268.53156,589.4077,263.17828,-1.3518066,-5.3532715,5.521313
66,153.48808,364.17987,154.45148,364.22412,0.96339417,0.04425049,0.9644099
66,246.2964,143.05061,246.6953,143.35486,0.39889526,0.304245,0.50167966
67,381.94922,240.4442,383.44354,240.47305,1.4943237,0.02885437,1.4946023
67,132.80023,363.36014,134.5285,363.06076,1.7282715,-0.29937744,1.7540094
67,156.19684,451.41815,157.7162,451.09323,1.5193634,-0.32492065,1.5537177
67,149.30641,339.78748,150.9283,339.57587,1.6218872,-0.21160889,1.6356333
67,136.10437,392.65524,137.71017,392.60443,1.6058044,-0.050811768,1.6066082
67,390.7358,291.98294,392.17877,291.81833,1.4429626,-0.16461182,1.4523216
67,350.04102,369.58936,351.64868,369.44037,1.607666,-0.14898682,1.6145548
67,192.65894,152.141,192.90674,152.2261,0.24780273,0.08509827,0.26200747
67,211.63564,242.53822,213.30212,242.54112,1.6664886,0.00289917,1.6664912
67,162.48799,462.3272,163.91058,461.97598,1.4225922,-0.3512268,1.4653083
67,226.67819,375.49893,226.49057,375.45905,-0.18762207,-0.039886475,0.19181494
67,104.387794,339.05515,104.83064,339.06265,0.4428482,0.007507324,0.44291183
67,163.05109,329.06784,164.64404,328.92645,1.5929565,-0.14138794,1.5992188
67,53.590103,153.24965,54.388786,153.80193,0.79868317,0.5522766,0.97103256
67,805.58954,270.78857,818.3303,276.8167,12.740784,6.028137,14.094893
67,852.73584,197.58308,854.2984,197.31725,1.562561,-0.26583862,1.5850133
67,153.60242,559.8256,155.88306,560.0262,2.2806396,0.20056152,2.2894416
67,313.1758,269.0339,312.4499,268.59665,-0.72592163,-0.43725586,0.8474402
67,185.20694,367.13745,185.5582,366.90506,0.35125732,-0.23239136,0.4211739
67,402.59058,151.22835,402.4105,151.28758,-0.18008423,0.05923462,0.18957601
67,839.64935,149.72523,838.234,149.96866,-1.4153442,0.24342346,1.4361247
67,818.73627,557.156,831.6566,557.39343,12.920349,0.23742676,12.92253
67,445.158,415.34317,445.44055,421.47336,0.28256226,6.130188,6.136697
67,979.4265,151.42276,976.9082,150.87758,-2.5183105,-0.5451813,2.576647
67,751.2066,145.10585,759.7153,144.8436,8.508667,-0.2622528,8.512708
67,392.80356,314.959,394.32495,313.4002,1.5213928,-1.5588074,2.1781912
67,243.42982,331.5797,245.06703,330.06674,1.637207,-1.51297,2.2292433
67,879.8814,78.800156,871.17017,70.68582,-8.711243,-8.114334,11.9049635
67,647.1944,199.78772,646.9894,199.57657,-0.20501709,-0.21115112,0.29430732
67,716.24005,196.2504,715.8547,196.8627,-0.38537598,0.6123047,0.72348577
67,666.9357,421.51627,668.3206,408.9352,1.3848877,-12.581055,12.657047
67,23.539131,233.04678,23.698997,232.69551,0.15986633,-0.35127258,0.38594
67,338.62662,154.63654,342.7326,154.88222,4.1059875,0.24568176,4.1133313
67,663.40265,61.133812,667.0932,68.73227,3.6905518,7.5984573,8.447291
67,613.6598,556.91833,607.36523,557.09717,-6.2945557,0.17883301,6.2970953
67,294.28058,313.28506,298.229,306.50464,3.9484253,-6.780426,7.846288
67,274.71146,190.40611,275.80786,190.16376,1.096405,-0.24235535,1.1228714
67,858.05994,134.83781,856.3486,135.30943,-1.7113647,0.47161865,1.7751602
67,627.1666,241.26773,623.544,239.46352,-3.6226196,-1.8042145,4.047044
67,224.85289,152.60414,226.61314,152.9222,1.7602539,0.3180542,1.7887572
67,833.3644,156.1591,834.6254,156.38878,1.2610474,0.2296753,1.2817922
67,274.6264,456.63657,272.89972,456.27634,-1.7266846,-0.3602295,1.7638608
67,743.13184,326.36194,749.67126,322.43298,6.5394287,-3.928955,7.628946
67,589.4077,263.17828,591.8797,267.10364,2.4719849,3.925354,4.63887
67,154.45148,364.22412,157.21223,363.74072,2.7607574,-0.48339844,2.8027587
67,246.6953,143.35486,247.11241,143.3252,0.41711426,-0.029663086,0.41816768
68,383.44354,240.47305,385.09,240.48672,1.6464539,0.013671875,1.6465106
68,134.5285,363.06076,136.20464,362.97354,1.6761322,-0.08721924,1.6783999
68,157.7162,451.09323,159.52191,450.89105,1.8057098,-0.20217896,1.8169932
68,150.9283,339.57587,152.60098,339.56348,1.6726837,-0.012390137,1.6727296
68,137.71017,392.60443,139.35867,392.37488,1.6484985,-0.22955322,1.6644045
68,392.17877,291.81833,393.64746,292.0952,1.468689,0.276886,1.4945612
68,351.64868,369.44037,353.24707,369.53024,1.5983887,0.08987427,1.6009134
68,192.90674,152.2261,193.45737,152.32887,0.55062866,0.102767944,0.56013674
68,213.30212,242.54112,214.89935,242.45703,1.597229,-0.08409119,1.599441
68,163.91058,461.97598,165.4613,461.7818,1.5507202,-0.19418335,1.5628308
68,226.49057,375.45905,224.93633,375.32938,-1.554245,-0.12966919,1.5596447
68,104.83064,339.06265,106.36775,339.02112,1.5371094,-0.041534424,1.5376705
68,164.64404,328.92645,166.65417,328.61496,2.0101318,-0.31149292,2.0341234
68,54.388786,153.80193,54.653965,154.10748,0.26517868,0.30555725,0.40458
68,818.3303,276.8167,811.9278,280.2102,-6.402527,3.3934937,7.246251
68,854.2984,197.31725,847.5664,198.0844,-6.7319946,0.7671509,6.775564
68,155.88306,560.0262,157.55759,559.7964,1.67453,-0.22979736,1.6902242
68,312.4499,268.59665,311.40872,267.57495,-1.0411682,-1.021698,1.4587317
68,185.5582,366.90506,186.56569,366.57086,1.0074921,-0.334198,1.0614747
68,402.4105,151.28758,403.71176,151.45642,1.3012695,0.1688385,1.3121771
68,838.234,149.96866,827.1888,150.00389,-11.045227,0.035232544,11.045283
68,831.6566,557.39343,837.15076,557.3004,5.4941406,-0.09301758,5.494928
68,445.44055,421.47336,446.3713,417.12357,0.9307556,-4.3497925,4.448258
68,976.9082,150.87758,973.8877,151.9361,-3.0205078,1.0585175,3.2006135
68,759.7153,144.8436,753.6633,144.95107,-6.051941,0.10746765,6.052895
68,394.32495,313.4002,395.8234,313.98785,1.4984436,0.5876465,1.6095532
68,245.06703,330.06674,244.59259,332.37534,-0.47444153,2.3085938,2.356841
68,871.17017,70.68582,869.8464,78.46602,-1.3237915,7.780197,7.8920145
68,646.9894,199.57657,655.86743,200.06644,8.878052,0.48986816,8.891556
68,715.8547,196.8627,711.31354,196.95639,-4.5411377,0.093688965,4.542104
68,668.3206,408.9352,681.2104,421.48138,12.8897705,12.546173,17.98757
68,23.698997,232.69551,24.099838,233.04915,0.40084076,0.3536377,0.53453994
68,342.7326,154.88222,346.0833,154.8709,3.350708,-0.0113220215,3.350727
68,667.0932,68.73227,682.5639,67.97398,15.470703,-0.7582855,15.489275
68,607.36523,557.09717,608.74884,556.9823,1.383606,-0.114868164,1.388366
68,298.229,306.50464,300.56134,304.83124,2.3323364,-1.6734009,2.870551
68,275.80786,190.16376,277.59064,189.89279,1.7827759,-0.27096558,1.8032504
68,856.3486,135.30943,846.3472,135.93213,-10.001343,0.6226959,10.020709
68,623.544,239.46352,633.499,245.8711,9.955017,6.4075775,11.838894
68,226.61314,152.9222,239.27121,152.8759,12.658066,-0.046295166,12.65815
68,834.6254,156.38878,823.5773,156.22365,-11.048157,-0.16513062,11.049391
68,272.89972,456.27634,272.86145,456.10263,-0.038269043,-0.17370605,0.17787161
68,749.67126,322.43298,774.6332,337.36295,24.961914,14.929962,29.086096
68,591.8797,267.10364,590.76074,263.39648,-1.1189575,-3.7071533,3.8723445
68,157.21223,363.74072,158.45216,363.81747,1.2399292,0.07675171,1.2423024
68,247.11241,143.3252,255.79175,143.60712,8.679337,0.2819214,8.683914
69,385.09,240.48672,386.89905,240.62836,1.8090515,0.14163208,1.8145872
69,136.20464,362.97354,137.90111,362.74872,1.6964722,-0.224823,1.7113045
69,159.52191,450.89105,160.77805,450.4797,1.256134,-0.41134644,1.321771
69,152.60098,339.56348,154.5106,339.28174,1.9096222,-0.28173828,1.9302936
69,139.35867,392.37488,141.13991,392.13904,1.7812347,-0.23583984,1.7967798
69,393.64746,292.0952,395.51944,292.03207,1.8719788,-0.06314087,1.8730433
69,353.24707,369.53024,354.50208,369.831,1.2550049,0.30075073,1.290538
69,193.45737,152.32887,192.7939,152.57741,-0.6634674,0.24853516,0.70849043
69,214.89935,242.45703,217.08423,242.25955,2.1848755,-0.19747925,2.1937819
69,165.4613,461.7818,166.17819,461.29358,0.7168884,-0.4882202,0.8673454
69,224.93633,375.32938,223.20122,374.87393,-1.7351074,-0.45544434,1.7938861
69,106.36775,339.02112,109.39614,338.4335,3.028389,-0.58761597,3.0848715
69,166.65417,328.61496,168.61334,328.4628,1.9591675,-0.15216064,1.9650674
69,54.653965,154.10748,54.458096,153.49634,-0.19586945,-0.611145,0.6417656
69,811.9278,280.2102,804.4261,268.38348,-7.501709,-11.826721,14.005248
69,847.5664,198.0844,843.34625,198.1936,-4.220154,0.10920715,4.2215667
69,157.55759,559.7964,153.56902,559.7546,-3.9885712,-0.041809082,3.9887903
69,311.40872,267.57495,308.5537,269.6959,-2.855011,2.1209412,3.5566106
69,186.56569,366.57086,185.65126,366.2396,-0.9144287,-0.3312683,0.9725835
69,403.71176,151.45642,404.11734,151.44933,0.4055786,-0.007095337,0.4056407
69,827.1888,150.00389,830.0761,150.1917,2.887329,0.18780518,2.8934305
69,837.15076,557.3004,839.09955,557.3796,1.9487915,0.0791626,1.9503987
69,446.3713,417.12357,449.91556,418.211,3.5442505,1.0874329,3.70732
69,973.8877,151.9361,972.51807,152.02003,-1.3696289,0.0839386,1.3721986
69,753.6633,144.95107,757.3253,145.0682,3.6619873,0.11714172,3.6638606
69,395.8234,313.98785,397.37955,313.60376,1.5561523,-0.38409424,1.6028533
69,244.59259,332.37534,249.95238,335.57104,5.359787,3.1957092,6.240182
69,869.8464,78.46602,867.3487,79.08492,-2.4976807,0.6189041,2.573218
69,655.86743,200.06644,656.5981,200.18059,0.73065186,0.114151,0.7395151
69,711.31354,196.95639,712.6551,196.88722,1.3415527,-0.06916809,1.3433347
69,681.2104,421.48138,688.2544,417.25107,7.0440063,-4.230316,8.216666
69,24.099838,233.04915,24.012638,233.10097,-0.087200165,0.051818848,0.10143501
69,346.0833,154.8709,349.28394,155.20941,3.2006226,0.33851624,3.2184746
69,682.5639,67.97398,685.5378,69.40816,2.973877,1.4341736,3.3016357
69,608.74884,556.9823,616.0035,556.71423,7.2546387,-0.2680664,7.2595897
69,300.56134,304.83124,298.50272,309.06586,-2.0586243,4.234619,4.708496
69,277.59064,189.89279,279.45325,190.48239,1.8626099,0.5895996,1.9536998
69,846.3472,135.93213,835.3718,134.64319,-10.975403,-1.2889404,11.05083
69,633.499,245.8711,646.06085,245.20224,12.561829,-0.66885376,12.579623
69,239.27121,152.8759,235.25949,153.07414,-4.0117188,0.19824219,4.016614
69,823.5773,156.22365,826.19617,156.5818,2.6188965,0.3581543,2.643273
69,272.86145,456.10263,272.84137,455.95404,-0.020080566,-0.14859009,0.1499408
69,774.6332,337.36295,777.82526,350.0887,3.1920776,12.725769,13.120006
69,590.76074,263.39648,595.962,260.79004,5.201233,-2.6064453,5.8177643
69,158.45216,363.81747,159.42038,363.50647,0.96821594,-0.31100464,1.0169395
69,255.79175,143.60712,246.279,143.60283,-9.512741,-0.0042877197,9.512742
70,386.89905,240.62836,388.8724,240.69218,1.9733582,0.063827515,1.9743901
70,137.90111,362.74872,139.60352,362.31976,1.7024078,-0.42895508,1.7556181
70,160.77805,450.4797,162.18123,449.80777,1.403183,-0.67193604,1.5557702
70,154.5106,339.28174,155.9264,338.76315,1.415802,-0.5185852,1.5077884
70,141.13991,392.13904,142.77277,391.74634,1.6328583,-0.3927002,1.6794164
70,395.51944,292.03207,397.27377,292.07928,1.7543335,0.047210693,1.7549686
70,354.50208,369.831,356.21,370.03415,1.7079163,0.20315552,1.7199564
70,192.7939,152.57741,193.95027,152.30379,1.1563721,-0.2736206,1.1883032
70,217.08423,242.25955,218.99327,242.09183,1.9090424,-0.16772461,1.9163961
70,166.17819,461.29358,166.7998,460.68457,0.62161255,-0.6090088,0.8702263
70,223.20122,374.87393,223.7723,374.4398,0.57107544,-0.43414307,0.7173614
70,109.39614,338.4335,111.59577,337.91922,2.1996307,-0.5142822,2.2589514
70,168.61334,328.4628,169.85585,328.20813,1.2425079,-0.2546692,1.2683384
70,54.458096,153.49634,55.00336,153.88995,0.5452652,0.39361572,0.67249346
70,804.4261,268.38348,800.26495,265.81216,-4.161133,-2.5713196,4.891494
70,843.34625,198.1936,849.27466,198.32692,5.928406,0.13331604,5.9299045
70,153.56902,559.7546,161.33853,559.7065,7.769516,-0.048095703,7.769665
70,308.5537,269.6959,312.68567,273.26028,4.131958,3.564392,5.456919
70,185.65126,366.2396,182.54044,366.009,-3.1108246,-0.23059082,3.1193593
70,404.11734,151.44933,404.4982,151.66148,0.38085938,0.2121582,0.4359644
70,830.0761,150.1917,831.93256,150.08229,1.8564453,-0.10940552,1.8596663
70,839.09955,557.3796,846.5875,557.09827,7.487976,-0.28131104,7.4932585
70,449.91556,418.211,452.3383,414.6507,2.4227295,-3.5603027,4.306434
70,972.51807,152.02003,971.6898,152.58533,-0.8282471,0.56529236,1.0027705
70,757.3253,145.0682,767.20807,144.68669,9.882751,-0.3815155,9.890113
70,397.37955,313.60376,399.49557,314.37054,2.1160278,0.76678467,2.2506738
70,249.95238,335.57104,251.66235,335.5394,1.7099762,-0.03164673,1.7102691
70,867.3487,79.08492,866.52875,77.41535,-0.8199463,-1.6695709,1.860048
70,656.5981,200.18059,658.44464,200.2622,1.8465576,0.08161926,1.8483605
70,712.6551,196.88722,714.5576,197.37202,1.9025269,0.48480225,1.9633242
70,688.2544,417.25107,688.4915,418.13773,0.23712158,0.8866577,0.9178173
70,24.012638,233.10097,24.216782,232.99654,0.20414352,-0.10443115,0.22930425
70,349.28394,155.20941,345.68912,155.16978,-3.594818,-0.039627075,3.5950365
70,685.5378,69.40816,691.45325,64.012955,5.9154663,-5.3952026,8.006307
70,616.0035,556.71423,616.76434,556.8867,0.76086426,0.17248535,0.7801702
70,298.50272,309.06586,300.49655,315.64728,1.9938354,6.581421,6.8768077
70,279.45325,190.48239,278.07657,190.46342,-1.3766785,-0.018966675,1.3768091
70,835.3718,134.64319,832.34705,133.28496,-3.0247803,-1.3582306,3.3157332
70,646.06085,245.20224,642.65344,248.23862,-3.4074097,3.036377,4.563992
70,235.25949,153.07414,234.64473,153.53664,-0.61476135,0.4624939,0.7693063
70,826.19617,156.5818,832.76984,156.58583,6.5736694,0.0040283203,6.573671
70,272.84137,455.95404,273.56067,455.61935,0.7192993,-0.33468628,0.79335135
70,777.82526,350.0887,780.5664,349.45303,2.74115,-0.63568115,2.8138928
70,595.962,260.79004,593.8373,258.35355,-2.1246948,-2.436493,3.2327738
70,159.42038,363.50647,160.18324,363.02866,0.76286316,-0.47781372,0.90014786
70,246.279,143.60283,247.5608,143.86652,1.2817993,0.26368713,1.3086407
71,388.8724,240.69218,390.7378,240.47751,1.865387,-0.2146759,1.8776993
71,139.60352,362.31976,141.07188,361.85532,1.4683685,-0.46444702,1.5400705
71,162.18123,449.80777,163.64493,449.09662,1.4636993,-0.7111511,1.6273142
71,155.9264,338.76315,157.67091,338.29706,1.7445068,-0.46609497,1.805699
71,142.77277,391.74634,144.40417,391.12054,1.6314087,-0.62579346,1.7473156
71,397.27377,292.07928,399.2137,292.1939,1.9399414,0.11462402,1.9433248
71,356.21,370.03415,357.1316,369.68475,0.92160034,-0.34939575,0.98560876
71,193.95027,152.30379,200.81938,152.1415,6.86911,-0.16229248,6.871027
71,218.99327,242.09183,220.97475,241.69331,1.9814758,-0.3985138,2.021153
71,166.7998,460.68457,169.2535,459.9412,2.4536896,-0.7433777,2.5638258
71,223.7723,374.4398,219.83049,373.91058,-3.941803,-0.5292053,3.9771683
71,111.59577,337.91922,113.6346,337.43317,2.038826,-0.48605347,2.0959625
71,169.85585,328.20813,171.64143,327.7183,1.7855835,-0.48983765,1.8515532
71,55.00336,153.88995,54.75472,153.59947,-0.24864197,-0.29048157,0.38236418
71,800.26495,265.81216,800.8693,261.0433,0.6043701,-4.76886,4.807004
71,849.27466,198.32692,858.66095,198.0163,9.3862915,-0.31062317,9.39143
71,161.33853,559.7065,164.00995,559.5672,2.6714172,-0.13928223,2.6750457
71,312.68567,273.26028,308.6952,277.52554,-3.9904785,4.265259,5.8409204
71,182.54044,366.009,181.77753,365.51944,-0.76290894,-0.489563,0.9064778
71,404.4982,151.66148,406.44626,151.57797,1.9480591,-0.08351135,1.9498483
71,831.93256,150.08229,837.0334,150.21178,5.10083,0.12948608,5.1024733
71,846.5875,557.09827,831.90356,557.3134,-14.68396,0.21514893,14.685536
71,452.3383,414.6507,455.2738,414.70633,2.9355164,0.055633545,2.9360435
71,971.6898,152.58533,973.07336,152.40527,1.3835449,-0.18005371,1.3952118
71,767.20807,144.68669,770.92303,144.89215,3.7149658,0.2054596,3.720643
71,399.49557,314.37054,401.60703,314.32812,2.1114502,-0.042419434,2.1118762
71,251.66235,335.5394,253.19951,334.99368,1.5371552,-0.54571533,1.6311502
71,866.52875,77.41535,864.43286,73.56741,-2.0958862,-3.8479385,4.3817086
71,658.44464,200.2622,660.3752,200.34818,1.930542,0.08596802,1.9324552
71,714.5576,197.37202,707.3651,196.77045,-7.192505,-0.60157776,7.217619
71,688.4915,418.13773,693.6507,427.82742,5.1591797,9.689697,10.977585
71,24.216782,232.99654,22.112297,234.08253,-2.1044846,1.0859985,2.368174
71,345.68912,155.16978,343.16434,155.08102,-2.5247803,-0.088760376,2.52634
71,691.45325,64.012955,695.29126,68.496315,3.8380127,4.4833603,5.9017677
71,616.76434,556.8867,616.3163,556.7439,-0.44805908,-0.14282227,0.47027135
71,300.49655,315.64728,302.7448,316.01697,2.2482605,0.36968994,2.2784524
71,278.07657,190.46342,281.91846,190.40521,3.8418884,-0.05821228,3.8423295
71,832.34705,133.28496,838.0242,133.36139,5.677124,0.076431274,5.6776385
71,642.65344,248.23862,633.4329,253.71812,-9.22052,5.4795074,10.72581
71,234.64473,153.53664,242.83887,153.35266,8.194138,-0.18397522,8.196202
71,832.76984,156.58583,838.0303,156.6069,5.260437,0.021072388,5.2604795
71,273.56067,455.61935,269.27338,455.20352,-4.2872925,-0.41583252,4.307411
71,780.5664,349.45303,789.92236,361.62396,9.355957,12.170929,15.351399
71,593.8373,258.35355,591.7149,261.94537,-2.1223755,3.5918274,4.1720138
71,160.18324,363.02866,161.62697,362.49866,1.4437256,-0.5299988,1.5379345
71,247.5608,143.86652,246.8197,143.6108,-0.7411041,-0.25572205,0.7839828
72,390.7378,240.47751,392.78015,240.28908,2.0423584,-0.18843079,2.0510325
72,141.07188,361.85532,142.27657,361.456,1.2046814,-0.3993225,1.2691398
72,163.64493,449.09662,164.88162,448.45865,1.2366943,-0.63797,1.3915526
72,157.67091,338.29706,158.85721,337.7057,1.1862946,-0.5913696,1.3255236
72,144.40417,391.12054,145.59993,390.58255,1.195755,-0.5379944,1.3112086
72,399.2137,292.1939,401.17145,291.5693,1.9577332,-0.6246033,2.0549572
72,357.1316,369.68475,358.2546,369.89505,1.1230164,0.21029663,1.1425368
72,200.81938,152.1415,208.55336,151.97836,7.7339783,-0.16313171,7.735698
72,220.97475,241.69331,223.01756,241.16263,2.0428162,-0.5306854,2.110622
72,169.2535,459.9412,171.08638,459.33896,1.8328857,-0.6022339,1.929289
72,219.83049,373.91058,223.15619,373.21945,3.3256989,-0.6911316,3.3967538
72,113.6346,337.43317,114.88218,336.64883,1.2475815,-0.7843323,1.4736474
72,171.64143,327.7183,172.91382,327.29147,1.2723846,-0.42681885,1.3420645
72,54.75472,153.59947,54.371574,153.43907,-0.38314438,-0.16040039,0.41536477
72,800.8693,261.0433,801.6524,253.0187,0.78308105,-8.024597,8.062715
72,858.66095,198.0163,858.9484,198.13411,0.2874756,0.11781311,0.31068012
72,164.00995,559.5672,160.29997,559.2926,-3.7099762,-0.27459717,3.7201245
72,308.6952,277.52554,305.31265,272.35098,-3.3825378,-5.1745605,6.1820416
72,181.77753,365.51944,184.30695,364.57474,2.529419,-0.94470215,2.7000782
72,406.44626,151.57797,404.47964,151.38112,-1.9666138,-0.19685364,1.9764415
72,837.0334,150.21178,842.92163,150.1203,5.8882446,-0.09147644,5.888955
72,831.90356,557.3134,837.18036,557.21783,5.2767944,-0.095581055,5.27766
72,455.2738,414.70633,456.6558,412.70322,1.3819885,-2.0031128,2.4335885
72,973.07336,152.40527,973.0923,152.16365,0.018920898,-0.24162292,0.24236262
72,770.92303,144.89215,763.79395,144.52908,-7.1290894,-0.36306763,7.138328
72,401.60703,314.32812,403.1991,314.09607,1.5920715,-0.23205566,1.6088946
72,253.19951,334.99368,255.81342,329.37927,2.6139069,-5.6144104,6.19307
72,864.43286,73.56741,872.13715,71.97179,7.7042847,-1.5956268,7.867784
72,660.3752,200.34818,658.5192,200.11345,-1.855957,-0.23472595,1.8707412
72,707.3651,196.77045,709.9012,196.42467,2.5360718,-0.34577942,2.5595357
72,693.6507,427.82742,695.18616,425.41193,1.5354614,-2.4154968,2.8622136
72,22.112297,234.08253,22.835787,234.5088,0.72348976,0.42626953,0.839728
72,343.16434,155.08102,346.0919,155.25792,2.9275513,0.17689514,2.932891
72,695.29126,68.496315,702.34247,77.81548,7.0512085,9.319168,11.686164
72,616.3163,556.7439,616.80634,556.3719,0.49005127,-0.37200928,0.61525697
72,302.7448,316.01697,304.7991,314.63327,2.0542908,-1.3836975,2.4768386
72,281.91846,190.40521,280.64447,190.28775,-1.2739868,-0.11746216,1.2793905
72,838.0242,133.36139,841.70776,133.27893,3.6835938,-0.082458496,3.6845167
72,633.4329,253.71812,641.5396,258.6673,8.106689,4.949173,9.498038
72,242.83887,153.35266,243.30617,153.08582,0.46730042,-0.2668457,0.53812295
72,838.0303,156.6069,843.1086,156.45294,5.078308,-0.15396118,5.0806413
72,269.27338,455.20352,274.49738,454.72696,5.223999,-0.4765625,5.2456913
72,789.92236,361.62396,793.7601,353.6796,3.8377075,-7.9443665,8.822752
72,591.7149,261.94537,593.62964,255.40952,1.9147339,-6.535858,6.810554
72,161.62697,362.49866,162.90927,361.7405,1.2823029,-0.7581482,1.4896607
72,246.8197,143.6108,247.03014,143.30327,0.21043396,-0.30752563,0.37263182
73,392.78015,240.28908,395.07703,240.28152,2.296875,-0.0075531006,2.2968874
73,142.27657,361.456,143.68576,360.80856,1.409195,-0.6474304,1.5508052
73,164.88162,448.45865,166.13956,447.45224,1.2579346,-1.0064087,1.6109804
73,158.85721,337.7057,160.57047,336.84372,1.7132568,-0.861969,1.9178737
73,145.59993,390.58255,146.89906,389.84244,1.2991333,-0.7401123,1.4951634
73,401.17145,291.5693,403.27762,291.2132,2.1061707,-0.35610962,2.1360638
73,358.2546,369.89505,359.0136,369.67737,0.7590027,-0.21768188,0.78960145
73,208.55336,151.97836,199.16269,151.71501,-9.390671,-0.26335144,9.394362
73,223.01756,241.16263,225.59451,240.49095,2.57695,-0.67167664,2.6630473
73,171.08638,459.33896,173.38165,458.43442,2.2952728,-0.904541,2.4670775
73,223.15619,373.21945,225.0688,372.81107,1.9126129,-0.40838623,1.9557269
73,114.88218,336.64883,118.14425,335.7658,3.2620697,-0.8830261,3.3794725
73,172.91382,327.29147,175.1042,325.86487,2.190384,-1.4266052,2.6139977
73,54.371574,153.43907,55.00653,153.33315,0.63495636,-0.10592651,0.6437313
73,801.6524,253.0187,802.8657,256.8647,1.2133179,3.8459778,4.032826
73,858.9484,198.13411,873.4309,197.40877,14.482483,-0.7253418,14.500635
73,160.29997,559.2926,172.90417,559.2104,12.604202,-0.082214355,12.60447
73,305.31265,272.35098,297.6741,270.9215,-7.63855,-1.4294739,7.7711544
73,184.30695,364.57474,185.24603,363.84714,0.9390869,-0.7276001,1.1879756
73,404.47964,151.38112,405.32288,151.2914,0.8432312,-0.08972168,0.84799105
73,842.92163,150.1203,838.34644,149.59111,-4.5751953,-0.52919006,4.605698
73,837.18036,557.21783,838.3418,556.80383,1.161438,-0.41400146,1.2330189
73,456.6558,412.70322,459.76276,409.4817,3.106964,-3.221527,4.475652
73,973.0923,152.16365,967.98956,152.69652,-5.102722,0.53286743,5.13047
73,763.79395,144.52908,756.9968,145.01266,-6.797119,0.48358154,6.8142996
73,403.1991,314.09607,405.31647,313.73425,2.1173706,-0.3618164,2.1480618
73,255.81342,329.37927,257.87323,329.3876,2.0598145,0.008331299,2.0598314
73,872.13715,71.97179,873.0678,65.96719,0.93066406,-6.004593,6.0762877
73,658.5192,200.11345,655.35504,199.87167,-3.1641846,-0.24177551,3.1734083
73,709.9012,196.42467,701.7448,196.70624,-8.156372,0.28157043,8.161231
73,695.18616,425.41193,689.32056,430.0223,-5.8656006,4.610382,7.460623
73,22.835787,234.5088,22.138334,234.99582,-0.69745255,0.48701477,0.8506606
73,346.0919,155.25792,350.77902,154.97644,4.687134,-0.28147888,4.695578
73,702.34247,77.81548,692.1471,80.96744,-10.195374,3.1519547,10.671479
73,616.80634,556.3719,616.5693,556.35645,-0.23706055,-0.0154418945,0.23756295
73,304.7991,314.63327,311.8168,322.6263,7.0177,7.993042,10.63658
73,280.64447,190.28775,290.96762,190.01172,10.323151,-0.2760315,10.32684
73,841.70776,133.27893,832.32086,133.35033,-9.386902,0.071395874,9.387174
73,641.5396,258.6673,642.80023,270.01236,1.2606201,11.345062,11.414885
73,243.30617,153.08582,244.11217,153.11975,0.80599976,0.033935547,0.8067138
73,843.1086,156.45294,838.59393,155.93675,-4.5146484,-0.5161896,4.544062
73,274.49738,454.72696,273.81274,454.37158,-0.68463135,-0.3553772,0.7713709
73,793.7601,353.6796,800.6364,352.60773,6.876343,-1.0718689,6.9593816
73,593.62964,255.40952,593.8059,257.0571,0.17626953,1.647583,1.6569854
73,162.90927,361.7405,164.47711,361.09076,1.5678406,-0.64974976,1.6971443
73,247.03014,143.30327,247.99992,143.53024,0.9697876,0.22697449,0.9959947
74,395.07703,240.28152,397.32117,240.24692,2.2441406,-0.034606934,2.2444074
74,143.68576,360.80856,145.4076,360.3742,1.7218323,-0.4343567,1.7757736
74,166.13956,447.45224,167.72298,446.61432,1.5834198,-0.83792114,1.7914603
74,160.57047,336.84372,162.39035,336.34344,1.8198853,-0.50027466,1.8873942
74,146.89906,389.84244,148.64003,389.2221,1.7409668,-0.6203308,1.8481817
74,403.27762,291.2132,405.5814,291.48752,2.303772,0.2743225,2.3200471
74,359.0136,369.67737,360.4162,369.45,1.4025879,-0.22735596,1.4208953
74,199.16269,151.71501,203.28499,151.99248,4.122299,0.27746582,4.1316266
74,225.59451,240.49095,228.00858,239.97873,2.4140625,-0.5122223,2.4678066
74,173.38165,458.43442,173.79259,457.55295,0.41093445,-0.8814697,0.9725513
74,225.0688,372.81107,228.89699,372.48727,3.828186,-0.3237915,3.841855
74,118.14425,335.7658,119.45965,335.29102,1.3153992,-0.47479248,1.3984644
74,175.1042,325.86487,176.55234,326.06842,1.4481354,0.20355225,1.4623712
74,55.00653,153.33315,54.343464,153.29083,-0.66306686,-0.042312622,0.66441554
74,802.8657,256.8647,810.4106,259.36203,7.544861,2.497345,7.947431
74,873.4309,197.40877,874.72144,197.47469,1.2905273,0.06591797,1.2922097
74,172.90417,559.2104,173.41737,558.8159,0.51319885,-0.3944702,0.64728653
74,297.6741,270.9215,300.57205,273.20804,2.8979492,2.2865295,3.6913855
74,185.24603,363.84714,188.5438,363.3811,3.29776,-0.46603394,3.3305268
74,405.32288,151.2914,401.6554,151.13467,-3.6674805,-0.15672302,3.6708276
74,838.34644,149.59111,837.6761,150.26471,-0.6703491,0.67359924,0.9503178
74,838.3418,556.80383,838.60486,556.9657,0.26306152,0.16186523,0.3088717
74,459.76276,409.4817,467.2237,410.31104,7.4609375,0.8293457,7.5068903
74,967.98956,152.69652,967.8092,152.83638,-0.18035889,0.13986206,0.22823393
74,756.9968,145.01266,762.4392,144.97371,5.442383,-0.03895569,5.4425225
74,405.31647,313.73425,407.83496,314.31934,2.5184937,0.585083,2.5855622
74,257.87323,329.3876,258.35974,331.66837,0.48651123,2.2807617,2.3320737
74,873.0678,65.96719,876.45905,72.93164,3.3912354,6.964447,7.746225
74,655.35504,199.87167,655.45544,200.18773,0.10040283,0.3160553,0.3316198
74,701.7448,196.70624,704.3135,196.99005,2.5686646,0.28381348,2.5842965
74,689.32056,430.0223,688.66956,431.96783,-0.651001,1.9455261,2.0515542
74,22.138334,234.99582,21.523422,234.38933,-0.61491203,-0.6064911,0.863683
74,350.77902,154.97644,350.56064,154.843,-0.21838379,-0.13343811,0.25592422
74,692.1471,80.96744,687.50165,81.89414,-4.645447,0.9267044,4.7369776
74,616.5693,556.35645,616.30786,556.51306,-0.26141357,0.15661621,0.30473873
74,311.8168,322.6263,316.82343,323.4292,5.0066223,0.80288696,5.070591
74,290.96762,190.01172,292.60492,189.86014,1.6372986,-0.15158081,1.6443002
74,832.32086,133.35033,837.6816,132.84998,5.360718,-0.50035095,5.3840175
74,642.80023,270.01236,637.9531,262.60483,-4.847107,-7.4075317,8.852455
74,244.11217,153.11975,249.13776,152.78679,5.025589,-0.33296204,5.036607
74,838.59393,155.93675,837.64044,156.54874,-0.9534912,0.61198425,1.1329917
74,273.81274,454.37158,273.49396,453.71518,-0.31878662,-0.6564026,0.7297186
74,800.6364,352.60773,791.2204,348.9347,-9.416016,-3.6730347,10.107054
74,593.8059,257.0571,596.4565,254.42442,2.6505737,-2.6326752,3.7358427
74,164.47711,361.09076,166.22313,360.5028,1.7460175,-0.58795166,1.8423529
74,247.99992,143.53024,246.1743,143.20892,-1.8256226,-0.32131958,1.8536838
75,397.32117,240.24692,399.5433,240.28745,2.2221375,0.040527344,2.222507
75,145.4076,360.3742,147.21535,360.05197,1.8077545,-0.3222351,1.8362494
75,167.72298,446.61432,169.51453,445.9801,1.7915497,-0.6342163,1.9004948
75,162.39035,336.34344,164.2944,335.94427,1.9040527,-0.39916992,1.9454442
75,148.64003,389.2221,150.79799,388.7593,2.157959,-0.46279907,2.2070274
75,405.5814,291.48752,407.65878,291.15103,2.0773926,-0.33648682,2.1044674
75,360.4162,369.45,361.98132,369.2164,1.5651245,-0.23361206,1.582463
75,203.28499,151.99248,210.57457,151.9011,7.2895813,-0.09138489,7.290154
75,228.00858,239.97873,230.57812,239.69365,2.5695496,-0.28507996,2.5853155
75,173.79259,457.55295,175.51993,456.92313,1.7273407,-0.6298218,1.8385814
75,228.89699,372.48727,219.57835,371.44455,-9.318634,-1.0427246,9.376791
75,119.45965,335.29102,118.93111,335.18118,-0.52854156,-0.10983276,0.5398328
75,176.55234,326.06842,178.51218,325.5309,1.9598389,-0.5375061,2.032211
75,54.343464,153.29083,54.284145,153.33177,-0.059318542,0.04093933,0.07207439
75,810.4106,259.36203,808.65424,258.34753,-1.7563477,-1.0144958,2.0282896
75,874.72144,197.47469,876.57684,197.1236,1.8554077,-0.35108948,1.8883331
75,173.41737,558.8159,173.5152,558.8702,0.0978241,0.054260254,0.111864775
75,300.57205,273.20804,305.27573,272.23563,4.7036743,-0.9724121,4.8031383
75,188.5438,363.3811,190.29507,362.48984,1.7512817,-0.89126587,1.96503
75,401.6554,151.13467,399.7252,151.13437,-1.9302063,-0.00030517578,1.9302063
75,837.6761,150.26471,839.3581,149.86325,1.6820068,-0.40145874,1.729253
75,838.60486,556.9657,840.98505,556.7044,2.380188,-0.2612915,2.394487
75,467.2237,410.31104,464.41586,416.75937,-2.8078308,6.4483337,7.0331306
75,967.8092,152.83638,965.6493,152.33696,-2.159912,-0.49942017,2.216899
75,762.4392,144.97371,764.55896,145.36353,2.119751,0.38981628,2.155296
75,407.83496,314.31934,409.80496,314.2804,1.9700012,-0.03894043,1.970386
75,258.35974,331.66837,265.46848,330.71368,7.108734,-0.9546814,7.172553
75,876.45905,72.93164,880.374,72.58907,3.914978,-0.34256744,3.9299371
75,655.45544,200.18773,654.57886,199.55338,-0.8765869,-0.63435364,1.0820394
75,704.3135,196.99005,705.50946,196.50198,1.1959839,-0.48806763,1.2917382
75,688.66956,431.96783,693.4703,440.34082,4.80072,8.372986,9.651622
75,21.523422,234.38933,22.40092,233.38312,0.8774986,-1.0062103,1.3350892
75,350.56064,154.843,347.13312,154.85007,-3.4275208,0.0070648193,3.427528
75,687.50165,81.89414,698.18475,78.8083,10.683105,-3.085846,11.119856
75,616.30786,556.51306,625.4298,556.0743,9.121948,-0.43878174,9.132495
75,316.82343,323.4292,313.23138,331.80038,-3.592041,8.371185,9.109308
75,292.60492,189.86014,293.08044,190.27419,0.4755249,0.41404724,0.63052285
75,837.6816,132.84998,835.7457,132.65616,-1.935852,-0.19381714,1.9455303
75,637.9531,262.60483,632.51434,264.0929,-5.4387817,1.4880676,5.638678
75,249.13776,152.78679,246.25766,153.07277,-2.8800964,0.28598022,2.8942597
75,837.64044,156.54874,839.16455,156.17886,1.5241089,-0.36987305,1.5683476
75,273.49396,453.71518,267.52744,453.2167,-5.966522,-0.49847412,5.987309
75,791.2204,348.9347,770.22296,342.4644,-20.997437,-6.4703064,21.971737
75,596.4565,254.42442,594.05426,253.08534,-2.4022217,-1.3390808,2.7502375
75,166.22313,360.5028,167.60657,359.75897,1.3834381,-0.74383545,1.5707299
75,246.1743,143.20892,243.473,143.5288,-2.701294,0.31987,2.7201664
76,399.5433,240.28745,401.90903,240.2755,2.3657227,-0.011947632,2.365753
76,147.21535,360.05197,149.54425,359.62128,2.3289032,-0.43069458,2.3683934
76,169.51453,445.9801,171.64894,445.44827,2.1344147,-0.53182983,2.1996748
76,164.2944,335.94427,166.51382,335.43723,2.2194214,-0.50704956,2.2766051
76,150.79799,388.7593,152.97693,388.31146,2.1789398,-0.44784546,2.2244873
76,407.65878,291.15103,410.16284,291.02246,2.5040588,-0.12857056,2.5073574
76,361.98132,369.2164,363.7006,369.10474,1.7192688,-0.11166382,1.7228912
76,210.57457,151.9011,209.94711,151.9939,-0.62745667,0.092803955,0.63428265
76,230.57812,239.69365,233.09668,239.48097,2.5185547,-0.212677,2.5275183
76,175.51993,456.92313,178.00331,456.4244,2.4833832,-0.49871826,2.532965
76,219.57835,371.44455,224.13954,371.19128,4.5611877,-0.25326538,4.568214
76,118.93111,335.18118,122.33442,334.5382,3.4033127,-0.64297485,3.4635177
76,178.51218,325.5309,181.89755,323.53256,3.385376,-1.998352,3.9311807
76,54.284145,153.33177,54.016743,153.62135,-0.26740265,0.2895813,0.39415923
76,808.65424,258.34753,795.55914,250.95613,-13.095093,-7.391403,15.037098
76,876.57684,197.1236,877.85706,197.62875,1.2802124,0.5051575,1.3762732
76,173.5152,558.8702,173.17897,559.02563,-0.33622742,0.15545654,0.37042627
76,305.27573,272.23563,300.66946,271.50522,-4.606262,-0.7304077,4.6638126
76,190.29507,362.48984,187.1708,361.91196,-3.1242676,-0.57788086,3.177262
76,399.7252,151.13437,396.4363,151.39719,-3.2888794,0.26281738,3.2993636
76,839.3581,149.86325,839.24915,149.77698,-0.108947754,-0.08627319,0.13897005
76,840.98505,556.7044,840.56665,556.9111,-0.418396,0.20666504,0.46665367
76,464.41586,416.75937,473.32376,409.6606,8.907898,-7.098755,11.390477
76,965.6493,152.33696,961.95746,152.45374,-3.6918335,0.11677551,3.69368
76,764.55896,145.36353,765.55914,144.70883,1.0001831,-0.6546936,1.1954037
76,409.80496,314.2804,412.41998,314.12656,2.6150208,-0.15383911,2.619542
76,265.46848,330.71368,268.77158,328.83865,3.3031006,-1.8750305,3.7981856
76,880.374,72.58907,882.67883,86.61635,2.3048096,14.027275,14.215364
76,654.57886,199.55338,658.3508,199.86493,3.7719727,0.31155396,3.7848175
76,705.50946,196.50198,709.636,197.00876,4.126526,0.5067749,4.1575274
76,693.4703,440.34082,691.9079,438.42743,-1.5623779,-1.9133911,2.470241
76,22.40092,233.38312,22.676409,233.30269,0.2754879,-0.08042908,0.28698853
76,347.13312,154.85007,348.21002,155.03577,1.0769043,0.18569946,1.0927979
76,698.18475,78.8083,704.0327,80.50055,5.8479614,1.6922531,6.0878873
76,625.4298,556.0743,621.3111,556.2044,-4.1187134,0.13012695,4.1207685
76,313.23138,331.80038,317.80853,328.28455,4.5771484,-3.5158386,5.7716036
76,293.08044,190.27419,296.31607,189.59143,3.2356262,-0.6827545,3.3068764
76,835.7457,132.65616,842.13586,135.12746,6.3901367,2.4712982,6.851362
76,632.51434,264.0929,634.83997,264.13092,2.3256226,0.038024902,2.3259335
76,246.25766,153.07277,252.53546,153.4276,6.2778015,0.35482788,6.2878213
76,839.16455,156.17886,838.5585,156.19061,-0.6060791,0.011749268,0.60619295
76,267.52744,453.2167,266.2839,452.96704,-1.2435303,-0.2496643,1.2683454
76,770.22296,342.4644,771.8624,331.2057,1.6394653,-11.2586975,11.3774395
76,594.05426,253.08534,598.50616,255.33148,4.4519043,2.2461395,4.986441
76,167.60657,359.75897,170.28664,359.21143,2.680069,-0.5475464,2.73543
76,243.473,143.5288,249.7393,143.8175,6.2662964,0.28871155,6.272944
77,401.90903,240.2755,404.46393,240.48474,2.5549011,0.20924377,2.5634553
77,149.54425,359.62128,151.8206,359.40436,2.276352,-0.21691895,2.286664
77,171.64894,445.44827,173.73752,444.8249,2.0885773,-0.62338257,2.179624
77,166.51382,335.43723,168.84056,335.19025,2.3267365,-0.24697876,2.339808
77,152.97693,388.31146,154.96648,387.775,1.9895477,-0.5364685,2.0606062
77,410.16284,291.02246,412.5142,291.35278,2.3513489,0.33032227,2.3744376
77,363.7006,369.10474,365.49146,369.5128,1.790863,0.40805054,1.8367623
77,209.94711,151.9939,209.2115,152.32724,-0.73561096,0.3333435,0.8076146
77,233.09668,239.48097,235.72095,239.255,2.6242676,-0.2259674,2.6339784
77,178.00331,456.4244,180.30507,455.9408,2.3017578,-0.48361206,2.3520138
77,224.13954,371.19128,225.77376,370.77704,1.6342163,-0.4142456,1.685901
77,122.33442,334.5382,123.519104,334.4412,1.1846848,-0.09701538,1.1886504
77,181.89755,323.53256,184.17413,323.25592,2.2765808,-0.27664185,2.2933276
77,54.016743,153.62135,53.64638,153.47743,-0.37036133,-0.1439209,0.3973421
77,795.55914,250.95613,779.3813,243.5602,-16.177856,-7.395935,17.78828
77,877.85706,197.62875,874.73584,197.32298,-3.1212158,-0.30577087,3.1361575
77,173.17897,559.02563,176.0437,559.13684,2.8647308,0.111206055,2.8668885
77,300.66946,271.50522,300.2342,274.55533,-0.43527222,3.0501099,3.0810115
77,187.1708,361.91196,193.4359,361.89386,6.265091,-0.018096924,6.265117
77,396.4363,151.39719,395.26718,151.43594,-1.1691284,0.038757324,1.1697706
77,839.24915,149.77698,839.7075,149.95294,0.45837402,0.17596436,0.490989
77,840.56665,556.9111,853.3495,557.27734,12.782837,0.36627197,12.788083
77,473.32376,409.6606,474.8725,421.67432,1.5487366,12.013702,12.113118
77,961.95746,152.45374,965.68524,152.64189,3.7277832,0.18815613,3.7325287
77,765.55914,144.70883,744.80444,145.46126,-20.7547,0.75242615,20.768333
77,412.41998,314.12656,414.68204,315.3689,2.2620544,1.2423401,2.5807555
77,268.77158,328.83865,273.21564,330.94962,4.4440613,2.110962,4.9199433
77,882.67883,86.61635,875.3375,79.13293,-7.3413086,-7.4834213,10.483149
77,658.3508,199.86493,658.0898,200.50447,-0.26104736,0.6395416,0.6907671
77,709.636,197.00876,706.04083,196.79071,-3.5951538,-0.2180481,3.6017601
77,691.9079,438.42743,696.0388,432.1128,4.1309204,-6.314636,7.545802
77,22.676409,233.30269,21.00312,234.37238,-1.6732883,1.0696869,1.9859818
77,348.21002,155.03577,347.7546,155.2494,-0.45541382,0.2136383,0.5030339
77,704.0327,80.50055,691.4001,89.076775,-12.632629,8.576225,15.268758
77,621.3111,556.2044,620.12384,556.5375,-1.1872559,0.33306885,1.2330902
77,317.80853,328.28455,319.17477,325.44394,1.3662415,-2.8406067,3.1520884
77,296.31607,189.59143,292.35382,189.45969,-3.9622498,-0.13174438,3.9644394
77,842.13586,135.12746,842.8562,135.27722,0.7203369,0.14976501,0.735741
77,634.83997,264.13092,629.55664,255.66174,-5.283325,-8.469177,9.982008
77,252.53546,153.4276,251.09663,153.64337,-1.4388275,0.21577454,1.4549168
77,838.5585,156.19061,839.4949,156.41302,0.93640137,0.22241211,0.9624524
77,266.2839,452.96704,267.43967,452.5716,1.1557617,-0.39544678,1.2215414
77,771.8624,331.2057,776.273,329.1437,4.4105835,-2.0619812,4.8687797
77,598.50616,255.33148,592.412,248.93161,-6.0941772,-6.399872,8.837271
77,170.28664,359.21143,173.31494,358.96414,3.028305,-0.24728394,3.0383847
77,249.7393,143.8175,246.43425,143.8967,-3.3050537,0.079193115,3.3060024
78,404.46393,240.48474,407.00916,240.73796,2.545227,0.2532196,2.5577922
78,151.8206,359.40436,154.0357,359.18213,2.2151031,-0.222229,2.2262228
78,173.73752,444.8249,175.84807,444.45145,2.11055,-0.3734436,2.1433342
78,168.84056,335.19025,171.3216,334.8811,2.4810333,-0.30914307,2.500219
78,154.96648,387.775,157.20352,387.292,2.2370453,-0.4830017,2.288594
78,412.5142,291.35278,415.10565,291.43692,2.5914612,0.08413696,2.5928266
78,365.49146,369.5128,367.38477,370.0457,1.8933105,0.53289795,1.966877
78,209.2115,152.32724,209.18367,152.43835,-0.027832031,0.1111145,0.11454717
78,235.72095,239.255,238.61475,239.00656,2.8937988,-0.2484436,2.9044442
78,180.30507,455.9408,183.34654,455.584,3.0414734,-0.356781,3.062328
78,225.77376,370.77704,231.7083,370.67355,5.93454,-0.10348511,5.935442
78,123.519104,334.4412,125.824066,334.09616,2.3049622,-0.34503174,2.3306432
78,184.17413,323.25592,185.2718,324.9748,1.0976715,1.7188721,2.0394616
78,53.64638,153.47743,53.64063,153.90065,-0.0057525635,0.42321777,0.42325687
78,779.3813,243.5602,775.3937,249.7508,-3.9876099,6.1905975,7.3637304
78,874.73584,197.32298,874.2319,197.8928,-0.5039673,0.5698242,0.76071197
78,176.0437,559.13684,173.6216,559.4513,-2.422104,0.31445312,2.4424307
78,300.2342,274.55533,305.11942,269.77182,4.8852234,-4.7835083,6.837204
78,193.4359,361.89386,192.01929,361.4962,-1.4166107,-0.39767456,1.4713703
78,395.26718,151.43594,382.70633,151.40813,-12.560852,-0.027816772,12.5608835
78,839.7075,149.95294,831.98505,150.2688,-7.722473,0.31585693,7.72893
78,853.3495,557.27734,852.6705,557.38165,-0.6790161,0.10430908,0.68698126
78,474.8725,421.67432,470.6852,427.42026,-4.1872864,5.745941,7.1097965
78,965.68524,152.64189,965.38513,153.05333,-0.30010986,0.411438,0.50926137
78,744.80444,145.46126,749.8295,145.12314,5.0250854,-0.3381195,5.036448
78,414.68204,315.3689,417.32898,316.82864,2.6469421,1.4597473,3.0227745
78,273.21564,330.94962,273.5404,332.8342,0.32476807,1.8845825,1.9123613
78,875.3375,79.13293,880.2741,69.612175,4.9365845,-9.520752,10.724485
78,658.0898,200.50447,659.39087,200.591,1.3010864,0.08653259,1.3039608
78,706.04083,196.79071,706.84686,196.95671,0.8060303,0.16600037,0.8229465
78,696.0388,432.1128,700.14246,431.3411,4.1036377,-0.771698,4.175567
78,21.00312,234.37238,21.324827,234.44028,0.32170677,0.06790161,0.32879457
78,347.7546,155.2494,342.6085,155.25389,-5.146118,0.004486084,5.14612
78,691.4001,89.076775,685.3127,85.48034,-6.0874023,-3.5964355,7.0704184
78,620.12384,556.5375,617.162,556.87115,-2.961853,0.3336792,2.9805896
78,319.17477,325.44394,321.63422,326.4711,2.4594421,1.0271606,2.665317
78,292.35382,189.45969,285.2581,189.61461,-7.0957336,0.15492249,7.097425
78,842.8562,135.27722,833.6584,135.49132,-9.197815,0.21409607,9.200306
78,629.55664,255.66174,632.16583,263.2806,2.609192,7.618866,8.053261
78,251.09663,153.64337,250.22525,154.04575,-0.87138367,0.40237427,0.95979923
78,839.4949,156.41302,831.5793,156.63863,-7.9155884,0.2256012,7.9188027
78,267.43967,452.5716,273.379,452.70654,5.939331,0.13494873,5.940864
78,776.273,329.1437,772.8673,332.50262,-3.4057007,3.3589172,4.7834215
78,592.412,248.93161,589.5747,246.43466,-2.8372803,-2.4969482,3.7795384
78,173.31494,358.96414,172.61252,358.4556,-0.7024231,-0.5085449,0.8671887
78,246.43425,143.8967,245.63339,144.18427,-0.80085754,0.28756714,0.8509217
79,407.00916,240.73796,409.6054,241.13387,2.5962524,0.39590454,2.6262648
79,154.0357,359.18213,156.17802,359.1509,2.1423187,-0.031219482,2.1425462
79,175.84807,444.45145,177.97066,444.0923,2.122589,-0.35916138,2.1527612
79,171.3216,334.8811,173.487,334.63922,2.1654053,-0.24188232,2.1788728
79,157.20352,387.292,159.52553,387.4467,2.3220062,0.1546936,2.3271534
79,415.10565,291.43692,417.58755,292.0996,2.481903,0.6626892,2.568852
79,367.38477,370.0457,368.68713,370.03647,1.3023682,-0.009216309,1.3024008
79,209.18367,152.43835,212.5021,152.68971,3.3184357,0.25135803,3.3279417
79,238.61475,239.00656,241.60342,239.10674,2.988678,0.10017395,2.9903562
79,183.34654,455.584,185.35979,455.26422,2.0132446,-0.3197937,2.0384853
79,231.7083,370.67355,231.36401,370.61896,-0.34428406,-0.054595947,0.34858605
79,125.824066,334.09616,127.58698,333.9955,1.7629166,-0.10064697,1.7657872
79,185.2718,324.9748,186.3224,326.55515,1.0505981,1.5803528,1.8977016
79,53.64063,153.90065,53.497196,154.04114,-0.14343262,0.14048767,0.20077276
79,775.3937,249.7508,766.3348,247.48912,-9.058899,-2.261673,9.33696
79,874.2319,197.8928,873.25494,197.9592,-0.9769287,0.06639099,0.979182
79,173.6216,559.4513,174.75244,559.6732,1.1308441,0.22192383,1.1524143
79,305.11942,269.77182,303.67126,266.13684,-1.4481506,-3.6349792,3.9128268
79,192.01929,361.4962,195.17793,361.27866,3.1586456,-0.2175293,3.1661272
79,382.70633,151.40813,380.7888,151.81921,-1.9175415,0.41108704,1.9611114
79,831.98505,150.2688,837.2854,150.59738,5.300354,0.32858276,5.310529
79,852.6705,557.38165,852.7307,557.50415,0.0602417,0.12249756,0.13650903
79,470.6852,427.42026,469.7947,424.9198,-0.8905029,-2.5004578,2.6542954
79,965.38513,153.05333,966.06287,153.0056,0.6777344,-0.047729492,0.67941296
79,749.8295,145.12314,755.3006,145.56685,5.4710693,0.44371033,5.4890327
79,417.32898,316.82864,419.5784,316.96164,2.2494202,0.1329956,2.2533484
79,273.5404,332.8342,278.62305,332.57635,5.0826416,-0.25784302,5.0891776
79,880.2741,69.612175,883.77637,76.329765,3.5022583,6.7175903,7.5757394
79,659.39087,200.591,661.8496,200.53247,2.4587402,-0.058532715,2.459437
79,706.84686,196.95671,693.0614,196.92473,-13.785461,-0.031982422,13.785499
79,700.14246,431.3411,704.6218,429.2684,4.47937,-2.0726929,4.9356675
79,21.324827,234.44028,20.762562,234.55936,-0.5622654,0.11907959,0.5747368
79,342.6085,155.25389,343.34216,155.54124,0.7336731,0.28735352,0.78793925
79,685.3127,85.48034,672.5256,84.2046,-12.787109,-1.2757416,12.850591
79,617.162,556.87115,623.5385,556.9335,6.376526,0.062316895,6.3768306
79,321.63422,326.4711,326.01254,330.87286,4.3783264,4.401764,6.2084837
79,285.2581,189.61461,287.50583,190.03139,2.2477417,0.41677856,2.2860548
79,833.6584,135.49132,839.49225,136.3298,5.8338623,0.8384857,5.893811
79,632.16583,263.2806,638.17523,258.94775,6.0093994,-4.332855,7.408543
79,250.22525,154.04575,261.34088,154.02577,11.115631,-0.019973755,11.115649
79,831.5793,156.63863,836.8363,157.06311,5.257019,0.42448425,5.274129
79,273.379,452.70654,273.38196,452.5508,0.002960205,-0.1557312,0.15575932
79,772.8673,332.50262,775.64825,334.501,2.7809448,1.9983826,3.424498
79,589.5747,246.43466,583.32495,250.82256,-6.249756,4.3878937,7.6362987
79,172.61252,358.4556,175.3979,358.12112,2.7853851,-0.33447266,2.8053951
79,245.63339,144.18427,245.27771,144.23303,-0.35568237,0.04876709,0.35900998
80,409.6054,241.13387,412.0296,241.39032,2.4241943,0.25645447,2.4377217
80,156.17802,359.1509,157.98737,359.25357,1.8093414,0.10266113,1.8122516
80,177.97066,444.0923,180.06174,443.81573,2.0910797,-0.2765503,2.1092877
80,173.487,334.63922,175.6609,334.5432,2.1739044,-0.0960083,2.1760235
80,159.52553,387.4467,161.60574,387.74878,2.0802155,0.3020935,2.1020362
80,417.58755,292.0996,419.99664,292.2312,2.4090881,0.1315918,2.4126794
80,368.68713,370.03647,370.61032,370.15384,1.9231873,0.117370605,1.9267654
80,212.5021,152.68971,214.02072,153.13268,1.5186157,0.44296265,1.5819007
80,241.60342,239.10674,244.37868,238.76547,2.7752533,-0.34126282,2.7961564
80,185.35979,455.26422,187.65701,454.957,2.297226,-0.30722046,2.317678
80,231.36401,370.61896,231.23781,370.54248,-0.12620544,-0.07647705,0.1475688
80,127.58698,333.9955,130.59155,333.74557,3.00457,-0.24993896,3.014948
80,186.3224,326.55515,188.68611,326.20663,2.3637085,-0.34851074,2.389263
80,53.497196,154.04114,53.718323,154.4589,0.22112656,0.41775513,0.47266933
80,766.3348,247.48912,767.9671,244.40654,1.6323242,-3.0825806,3.488092
80,873.25494,197.9592,864.14197,198.06836,-9.112976,0.10916138,9.11363
80,174.75244,559.6732,178.10297,559.82446,3.350525,0.15124512,3.3539367
80,303.67126,266.13684,311.0079,266.6375,7.3366394,0.5006714,7.353703
80,195.17793,361.27866,199.5784,361.26883,4.400467,-0.00982666,4.400478
80,380.7888,151.81921,374.44415,152.11452,-6.344635,0.29530334,6.351504
80,837.2854,150.59738,831.02344,150.81787,-6.261963,0.2204895,6.2658434
80,852.7307,557.50415,855.4698,557.746,2.7390747,0.24182129,2.7497287
80,469.7947,424.9198,471.02243,426.43585,1.2277222,1.5160522,1.9508245
80,966.06287,153.0056,965.6748,153.08203,-0.38806152,0.076431274,0.39551675
80,755.3006,145.56685,752.1517,146.62193,-3.1489258,1.0550842,3.3209844
80,419.5784,316.96164,421.78433,318.01785,2.2059326,1.0562134,2.4457567
80,278.62305,332.57635,279.4816,332.97025,0.858551,0.39389038,0.94459486
80,883.77637,76.329765,901.64044,84.631386,17.864075,8.3016205,19.698784
80,661.8496,200.53247,653.0126,200.84666,-8.837036,0.31419373,8.84262
80,693.0614,196.92473,693.26855,197.35533,0.20715332,0.43060303,0.47784042
80,704.6218,429.2684,698.4951,437.5445,-6.126709,8.276093,10.2971
80,20.762562,234.55936,20.387972,236.0481,-0.37458992,1.488739,1.5351422
80,343.34216,155.54124,343.89566,155.87521,0.5534973,0.33396912,0.6464477
80,672.5256,84.2046,674.4084,81.01311,1.8828125,-3.1914902,3.7054815
80,623.5385,556.9335,618.78687,557.2739,-4.751648,0.3404541,4.763829
80,326.01254,330.87286,323.26178,332.18857,-2.750763,1.3157043,3.049225
80,287.50583,190.03139,289.5745,190.62509,2.0686646,0.5937042,2.1521752
80,839.49225,136.3298,834.26807,136.66873,-5.224182,0.33892822,5.2351646
80,638.17523,258.94775,645.6534,265.27728,7.4781494,6.329529,9.797227
80,261.34088,154.02577,265.83432,154.40202,4.4934387,0.37625122,4.509164
80,836.8363,157.06311,830.1928,157.2516,-6.6434937,0.18849182,6.6461673
80,273.38196,452.5508,273.37656,452.5171,-0.0054016113,-0.033721924,0.0341518
80,775.64825,334.501,783.4044,355.31113,7.7561646,20.81012,22.208538
80,583.32495,250.82256,571.93567,249.99115,-11.389282,-0.83140564,11.419588
80,175.3979,358.12112,177.60727,357.89053,2.2093658,-0.23059082,2.2213666
80,245.27771,144.23303,246.32285,144.41974,1.0451355,0.18670654,1.0616814
81,412.0296,241.39032,414.2974,241.74744,2.2677917,0.3571167,2.2957377
81,157.98737,359.25357,160.64282,359.1424,2.6554565,-0.11117554,2.6577828
81,180.06174,443.81573,182.29828,443.7801,2.2365417,-0.03564453,2.2368257
81,175.6609,334.5432,178.15752,334.4962,2.4966125,-0.047027588,2.4970555
81,161.60574,387.74878,163.76025,387.3904,2.1545105,-0.35836792,2.1841114
81,419.99664,292.2312,422.2388,291.84412,2.242157,-0.38708496,2.2753248
81,370.61032,370.15384,372.8445,370.62057,2.234192,0.46673584,2.2824233
81,214.02072,153.13268,208.27107,153.22182,-5.749649,0.089141846,5.75034
81,244.37868,238.76547,246.71977,239.0647,2.341095,0.29922485,2.36014
81,187.65701,454.957,190.18314,454.92404,2.526123,-0.032958984,2.526338
81,231.23781,370.54248,233.37106,370.40024,2.133255,-0.14224243,2.137992
81,130.59155,333.74557,132.72165,333.86914,2.1300964,0.123565674,2.1336772
81,188.68611,326.20663,191.1513,326.27844,2.4651947,0.07180786,2.4662404
81,53.718323,154.4589,53.79139,154.37372,0.07306671,-0.08517456,0.11222054
81,767.9671,244.40654,774.6771,245.27245,6.710022,0.86590576,6.7656627
81,864.14197,198.06836,860.72876,198.4297,-3.413208,0.36134338,3.4322817
81,178.10297,559.82446,176.35115,560.2712,-1.7518158,0.4467163,1.8078755
81,311.0079,266.6375,309.47675,267.6539,-1.5311584,1.0163879,1.837795
81,199.5784,361.26883,200.02133,361.44843,0.44293213,0.17959595,0.4779577
81,374.44415,152.11452,376.36185,152.3676,1.9176941,0.25308228,1.9343219
81,831.02344,150.81787,831.187,151.39146,0.16357422,0.57359314,0.5964609
81,855.4698,557.746,845.7169,558.2104,-9.752869,0.4644165,9.76392
81,471.02243,426.43585,471.2392,422.2638,0.21676636,-4.172058,4.1776857
81,965.6748,153.08203,965.4173,153.68626,-0.25750732,0.6042328,0.656816
81,752.1517,146.62193,741.3009,146.19664,-10.850769,-0.42529297,10.8591
81,421.78433,318.01785,423.91144,319.2255,2.1271057,1.2076416,2.4460125
81,279.4816,332.97025,281.3612,333.7262,1.8796082,0.7559509,2.0259292
81,901.64044,84.631386,903.70496,98.33802,2.0645142,13.7066345,13.861242
81,653.0126,200.84666,652.7362,200.86809,-0.2763672,0.02142334,0.2771963
81,693.26855,197.35533,688.27795,197.76923,-4.9906006,0.41389465,5.0077343
81,698.4951,437.5445,693.6246,436.2518,-4.8705444,-1.2926941,5.0391726
81,20.387972,236.0481,19.217453,236.796,-1.1705189,0.74790955,1.3890584
81,343.89566,155.87521,342.41208,156.26003,-1.4835815,0.3848114,1.5326755
81,674.4084,81.01311,676.71515,75.458206,2.3067627,-5.554901,6.014822
81,618.78687,557.2739,624.0707,557.58105,5.2838135,0.3071289,5.292732
81,323.26178,332.18857,325.2947,332.6495,2.0329285,0.4609375,2.0845292
81,289.5745,190.62509,288.95508,191.1966,-0.6194153,0.5715027,0.84278744
81,834.26807,136.66873,825.3462,138.38441,-8.921875,1.715683,9.0853405
81,645.6534,265.27728,645.61035,267.56213,-0.043029785,2.284851,2.2852561
81,265.83432,154.40202,261.77338,154.6844,-4.0609436,0.28237915,4.0707493
81,830.1928,157.2516,822.3183,157.0455,-7.8745117,-0.20610046,7.877208
81,273.37656,452.5171,273.56024,452.57144,0.1836853,0.054351807,0.19155784
81,783.4044,355.31113,760.4661,338.64874,-22.938293,-16.662384,28.351372
81,571.93567,249.99115,562.2036,247.02649,-9.732056,-2.9646606,10.173599
81,177.60727,357.89053,180.09387,357.75836,2.4866028,-0.13217163,2.490113
81,246.32285,144.41974,240.1635,144.6475,-6.1593475,0.22776794,6.1635575
82,414.2974,241.74744,416.3517,241.77107,2.0543213,0.023635864,2.0544572
82,160.64282,359.1424,163.33597,359.28348,2.6931458,0.14108276,2.6968386
82,182.29828,443.7801,184.80809,444.20862,2.5098114,0.42852783,2.5461323
82,178.15752,334.4962,180.68729,334.69406,2.52977,0.19787598,2.537497
82,163.76025,387.3904,166.29218,387.69498,2.5319214,0.30456543,2.5501738
82,422.2388,291.84412,424.2066,292.0133,1.967804,0.16918945,1.9750639
82,372.8445,370.62057,375.21945,370.70023,2.374939,0.07965088,2.3762743
82,208.27107,153.22182,218.17374,153.4347,9.902664,0.21287537,9.904952
82,246.71977,239.0647,249.15427,239.17888,2.434494,0.11418152,2.4371703
82,190.18314,454.92404,193.18776,455.2894,3.0046234,0.36535645,3.0267553
82,233.37106,370.40024,230.86307,370.42548,-2.5079956,0.025238037,2.5081227
82,132.72165,333.86914,134.52402,334.1796,1.8023682,0.31045532,1.8289105
82,191.1513,326.27844,193.63301,326.74557,2.4817047,0.46713257,2.5252864
82,53.79139,154.37372,53.01635,155.23799,-0.7750397,0.8642731,1.1608852
82,774.6771,245.27245,775.1046,246.74025,0.42749023,1.467804,1.5287892
82,860.72876,198.4297,858.91296,198.95264,-1.8157959,0.52293396,1.8895965
82,176.35115,560.2712,182.2476,560.55084,5.896454,0.2796631,5.9030824
82,309.47675,267.6539,313.1406,269.20648,3.6638489,1.5525818,3.9792335
82,200.02133,361.44843,198.7322,361.42584,-1.2891388,-0.022583008,1.2893366
82,376.36185,152.3676,376.86777,152.53752,0.5059204,0.16992188,0.5336936
82,831.187,151.39146,830.9987,151.40468,-0.18829346,0.013214111,0.18875656
82,845.7169,558.2104,863.87274,558.5858,18.155823,0.37542725,18.159704
82,471.2392,422.2638,473.50812,431.61154,2.268921,9.347748,9.619167
82,965.4173,153.68626,959.5201,153.98564,-5.897217,0.29937744,5.904811
82,741.3009,146.19664,750.4228,147.24591,9.121887,1.0492706,9.182036
82,423.91144,319.2255,425.40125,320.21484,1.4898071,0.98934937,1.7883897
82,281.3612,333.7262,283.97726,330.45,2.6160583,-3.276184,4.1925106
82,903.70496,98.33802,892.68475,95.21617,-11.020203,-3.121849,11.4538555
82,652.7362,200.86809,653.9809,201.53494,1.24469,0.66685486,1.4120724
82,688.27795,197.76923,691.27814,198.03673,3.000183,0.26750183,3.012085
82,693.6246,436.2518,690.66473,445.60547,-2.9598389,9.353668,9.810798
82,19.217453,236.796,19.433086,237.13246,0.21563339,0.3364563,0.39962557
82,342.41208,156.26003,338.47733,156.45508,-3.9347534,0.1950531,3.939585
82,676.71515,75.458206,688.3104,78.13916,11.595276,2.680954,11.901174
82,624.0707,557.58105,626.0304,557.96954,1.9597168,0.38848877,1.9978522
82,325.2947,332.6495,328.6995,335.5732,3.4047852,2.923706,4.48783
82,288.95508,191.1966,294.58267,191.46976,5.627594,0.27316284,5.6342196
82,825.3462,138.38441,819.2266,138.73463,-6.119568,0.35021973,6.1295815
82,645.61035,267.56213,646.14594,274.17587,0.5355835,6.613739,6.6353893
82,261.77338,154.6844,262.00128,155.2428,0.22790527,0.5583954,0.6031138
82,822.3183,157.0455,823.2099,157.2342,0.89160156,0.18870544,0.91135234
82,273.56024,452.57144,275.2366,452.75427,1.6763611,0.18283081,1.6863017
82,760.4661,338.64874,761.6557,335.88068,1.1895752,-2.7680664,3.0128527
82,562.2036,247.02649,562.96375,240.7083,0.76013184,-6.3181915,6.3637524
82,180.09387,357.75836,182.27237,358.54034,2.1784973,0.7819824,2.3145943
82,240.1635,144.6475,244.91519,144.55113,4.7516937,-0.09637451,4.7526712
83,416.3517,241.77107,418.08255,242.31468,1.730835,0.5436096,1.8141943
83,163.33597,359.28348,166.10132,359.34714,2.7653503,0.06365967,2.766083
83,184.80809,444.20862,187.3971,444.44162,2.5890045,0.23300171,2.599468
83,180.68729,334.69406,183.17332,335.02783,2.4860382,0.33377075,2.508344
83,166.29218,387.69498,169.32257,387.479,3.0303955,-0.2159729,3.038082
83,424.2066,292.0133,425.87656,292.098,1.6699524,0.08468628,1.6720984
83,375.21945,370.70023,378.11288,370.94632,2.8934326,0.24609375,2.9038792
83,218.17374,153.4347,210.59737,153.6955,-7.5763702,0.26080322,7.5808578
83,249.15427,239.17888,250.84265,239.5732,1.688385,0.39431763,1.7338196
83,193.18776,455.2894,195.52782,455.54352,2.3400574,0.25411987,2.353815
83,230.86307,370.42548,239.82916,370.9089,8.966095,0.48342896,8.979118
83,134.52402,334.1796,137.9385,334.3571,3.4144897,0.17749023,3.4190998
83,193.63301,326.74557,196.17891,326.74942,2.5458984,0.0038452148,2.5459013
83,53.01635,155.23799,53.000473,155.42079,-0.01587677,0.1828003,0.18348847
83,775.1046,246.74025,769.89667,242.25632,-5.207947,-4.4839325,6.872289
83,858.91296,198.95264,858.1302,199.34087,-0.7827759,0.38822937,0.873762
83,182.2476,560.55084,186.8539,560.7707,4.6062927,0.21984863,4.611536
83,313.1406,269.20648,317.64957,267.83707,4.508972,-1.3694153,4.712338
83,198.7322,361.42584,201.73201,361.7623,2.999817,0.3364563,3.0186262
83,376.86777,152.53752,378.33606,152.98647,1.4682922,0.4489441,1.5353934
83,830.9987,151.40468,823.66705,151.6989,-7.331665,0.29421997,7.3375664
83,863.87274,558.5858,849.0348,558.97797,-14.837952,0.39215088,14.843133
83,473.50812,431.61154,479.63367,430.1942,6.1255493,-1.4173279,6.287382
83,959.5201,153.98564,955.58813,154.73907,-3.9319458,0.7534332,4.003481
83,750.4228,147.24591,747.2357,147.01677,-3.1870728,-0.22914124,3.1952994
83,425.40125,320.21484,427.30362,320.824,1.9023743,0.6091614,1.9975249
83,283.97726,330.45,294.74072,328.79538,10.763458,-1.6546326,10.889896
83,892.68475,95.21617,907.20703,97.54649,14.522278,2.3303223,14.708057
83,653.9809,201.53494,650.97345,201.63,-3.0074463,0.095062256,3.0089483
83,691.27814,198.03673,689.9013,198.39717,-1.376831,0.36044312,1.4232298
83,690.66473,445.60547,692.83765,447.62994,2.1729126,2.024475,2.9698565
83,19.433086,237.13246,17.511253,238.15977,-1.921833,1.0273132,2.1791775
83,338.47733,156.45508,339.68234,156.87973,1.2050171,0.4246521,1.2776524
83,688.3104,78.13916,677.54517,85.740944,-10.765259,7.6017838,13.178692
83,626.0304,557.96954,629.09644,558.3458,3.06604,0.37628174,3.0890434
83,328.6995,335.5732,335.50845,331.3932,6.80896,-4.180023,7.989651
83,294.58267,191.46976,294.63583,191.54558,0.05316162,0.07582092,0.092601135
83,819.2266,138.73463,810.2784,137.13693,-8.948242,-1.597702,9.089757
83,646.14594,274.17587,655.9792,278.463,9.833252,4.28714,10.7271805
83,262.00128,155.2428,261.90326,155.37302,-0.09802246,0.1302185,0.16298853
83,823.2099,157.2342,816.51526,157.53635,-6.694641,0.30213928,6.7014556
83,275.2366,452.75427,277.70142,452.9398,2.4648132,0.18551636,2.4717848
83,761.6557,335.88068,760.7149,344.816,-0.9407959,8.935333,8.984724
83,562.96375,240.7083,560.8573,239.72827,-2.1064453,-0.98002625,2.3232658
83,182.27237,358.54034,185.56488,358.5556,3.292511,0.015258789,3.2925463
83,244.91519,144.55113,244.94565,144.94151,0.030456543,0.39038086,0.3915671
84,418.08255,242.31468,419.57425,242.4142,1.4916992,0.09951782,1.4950153
84,166.10132,359.34714,168.99367,359.61212,2.8923492,0.26498413,2.904462
84,187.3971,444.44162,190.19571,445.11557,2.7986145,0.6739502,2.8786197
84,183.17332,335.02783,186.12775,335.4635,2.954422,0.43566895,2.986372
84,169.32257,387.479,171.99509,388.20816,2.6725159,0.7291565,2.7702005
84,425.87656,292.098,427.36786,292.63715,1.4913025,0.53915405,1.5857712
84,378.11288,370.94632,381.43195,370.85745,3.3190613,-0.08886719,3.3202507
84,210.59737,153.6955,210.12247,154.06528,-0.4748993,0.3697815,0.6018868
84,250.84265,239.5732,252.25592,240.19238,1.413269,0.6191864,1.5429585
84,195.52782,455.54352,198.2368,456.1761,2.7089844,0.63256836,2.781859
84,239.82916,370.9089,238.92809,371.39838,-0.9010773,0.48947144,1.0254377
84,137.9385,334.3571,138.14317,335.22455,0.20466614,0.86746216,0.89127934
84,196.17891,326.74942,198.87349,327.16803,2.69458,0.41860962,2.7269022
84,53.000473,155.42079,53.057583,155.914,0.057109833,0.49320984,0.49650526
84,769.89667,242.25632,763.6421,241.22026,-6.2545776,-1.0360565,6.339807
84,858.1302,199.34087,855.69293,199.3503,-2.4372559,0.009429932,2.437274
84,186.8539,560.7707,182.69545,561.2013,-4.1584473,0.43060303,4.180682
84,317.64957,267.83707,321.01108,271.27316,3.3615112,3.4360962,4.8069234
84,201.73201,361.7623,205.7538,362.44656,4.0217896,0.68426514,4.0795846
84,378.33606,152.98647,379.98813,153.30603,1.6520691,0.31956482,1.6826924
84,823.66705,151.6989,820.4308,151.65819,-3.236267,-0.04071045,3.2365232
84,849.0348,558.97797,850.9108,559.62177,1.8760376,0.6437988,1.9834299
84,479.63367,430.1942,479.75085,444.74146,0.1171875,14.547241,14.547713
84,955.58813,154.73907,961.17114,154.39305,5.583008,-0.34602356,5.5937204
84,747.2357,147.01677,747.9659,147.42328,0.7301636,0.4065094,0.8356966
84,427.30362,320.824,428.70987,321.37723,1.40625,0.55322266,1.5111567
84,294.74072,328.79538,289.07715,326.48682,-5.663574,-2.3085632,6.1160064
84,907.20703,97.54649,905.2348,93.8428,-1.972229,-3.7036972,4.196077
84,650.97345,201.63,653.214,202.01154,2.2405396,0.38153076,2.2727919
84,689.9013,198.39717,706.06793,198.74545,16.166626,0.34828186,16.170378
84,692.83765,447.62994,685.849,453.28207,-6.9886475,5.65213,8.988201
84,17.511253,238.15977,18.004356,238.10295,0.49310303,-0.05682373,0.49636632
84,339.68234,156.87973,342.52414,157.3524,2.8417969,0.4726715,2.880838
84,677.54517,85.740944,674.8516,85.08396,-2.6935425,-0.6569824,2.7725074
84,629.09644,558.3458,627.279,558.8435,-1.8174438,0.49768066,1.8843535
84,335.50845,331.3932,336.45322,334.36493,0.9447632,2.9717407,3.118304
84,294.63583,191.54558,293.75613,191.74362,-0.8796997,0.19804382,0.90171665
84,810.2784,137.13693,813.0402,135.87753,2.7618408,-1.2593994,3.0354328
84,655.9792,278.463,653.9249,282.9122,-2.0542603,4.449188,4.900537
84,261.90326,155.37302,256.6603,155.70885,-5.2429504,0.3358307,5.253695
84,816.51526,157.53635,821.53107,157.67964,5.015808,0.14329529,5.0178547
84,277.70142,452.9398,278.3277,453.22818,0.62628174,0.2883911,0.6894913
84,760.7149,344.816,775.0989,349.08966,14.383972,4.273651,15.0054245
84,560.8573,239.72827,564.658,239.94153,3.8007202,0.21325684,3.8066986
84,185.56488,358.5556,188.7967,359.1466,3.2318268,0.5910034,3.2854207
84,244.94565,144.94151,241.34583,145.19191,-3.599823,0.25039673,3.608521
85,419.57425,242.4142,421.04492,242.46962,1.4706726,0.055419922,1.4717164
85,168.99367,359.61212,172.24376,359.8311,3.2500916,0.21896362,3.2574592
85,190.19571,445.11557,193.21225,445.8724,3.0165405,0.75683594,3.110035
85,186.12775,335.4635,189.0517,336.00186,2.9239502,0.5383606,2.973099
85,171.99509,388.20816,174.9719,388.50806,2.9768066,0.29989624,2.991875
85,427.36786,292.63715,428.66995,292.9119,1.3020935,0.27474976,1.3307648
85,381.43195,370.85745,384.97464,370.73962,3.542694,-0.11782837,3.544653
85,210.12247,154.06528,216.05945,154.37523,5.936981,0.30995178,5.9450665
85,252.25592,240.19238,253.59167,240.73961,1.3357544,0.54722595,1.4435012
85,198.2368,456.1761,200.02817,456.79984,1.7913666,0.6237488,1.8968544
85,238.92809,371.39838,244.8273,372.0947,5.8992157,0.6963196,5.940169
85,138.14317,335.22455,141.53423,335.63174,3.3910522,0.40719604,3.4154127
85,198.87349,327.16803,201.67422,327.66672,2.8007355,0.49868774,2.8447862
85,53.057583,155.914,53.175014,156.07385,0.11743164,0.15985107,0.19834958
85,763.6421,241.22026,752.75604,238.11104,-10.886047,-3.1092224,11.321364
85,855.69293,199.3503,855.193,199.90948,-0.49993896,0.55918884,0.75008744
85,182.69545,561.2013,188.23276,561.5712,5.5373077,0.36993408,5.549651
85,321.01108,271.27316,327.66974,272.66672,6.658661,1.3935547,6.8029227
85,205.7538,362.44656,208.27534,363.0455,2.5215454,0.598938,2.5917017
85,379.98813,153.30603,381.79062,153.62029,1.8024902,0.31425476,1.8296795
85,820.4308,151.65819,823.54675,152.67223,3.1159668,1.0140381,3.276816
85,850.9108,559.62177,844.8203,560.1636,-6.090515,0.5418091,6.1145673
85,479.75085,444.74146,479.5121,439.50928,-0.23876953,-5.2321777,5.237623
85,961.17114,154.39305,956.6912,155.02667,-4.4799194,0.6336212,4.524506
85,747.9659,147.42328,748.26575,148.06668,0.29986572,0.6434021,0.7098491
85,428.70987,321.37723,430.63452,321.8225,1.9246521,0.44528198,1.9754902
85,289.07715,326.48682,291.65305,327.13943,2.5758972,0.6526184,2.6572838
85,905.2348,93.8428,905.7838,94.544495,0.54901123,0.7016983,0.89095104
85,653.214,202.01154,652.4862,202.82974,-0.7277832,0.8182068,1.0950483
85,706.06793,198.74545,701.47034,198.86163,-4.597595,0.11618042,4.599063
85,685.849,453.28207,683.73126,463.00238,-2.1177368,9.720306,9.948325
85,18.004356,238.10295,17.901037,238.75583,-0.10331917,0.6528778,0.6610025
85,342.52414,157.3524,342.85516,157.52597,0.33102417,0.17356873,0.37376878
85,674.8516,85.08396,682.9911,86.11057,8.139465,1.0266113,8.203952
85,627.279,558.8435,630.1839,559.15894,2.9049072,0.3154297,2.9219825
85,336.45322,334.36493,339.55157,335.7165,3.0983582,1.3515625,3.3803172
85,293.75613,191.74362,297.728,191.84747,3.9718628,0.10385132,3.9732203
85,813.0402,135.87753,808.3107,136.40674,-4.729492,0.5292053,4.759008
85,653.9249,282.9122,646.0355,279.0774,-7.8894043,-3.8348083,8.772027
85,256.6603,155.70885,258.54736,156.15695,1.8870544,0.44810486,1.939529
85,821.53107,157.67964,824.5035,158.69984,2.972412,1.0202026,3.142618
85,278.3277,453.22818,287.60583,453.88333,9.278137,0.65515137,9.301239
85,775.0989,349.08966,792.8973,355.0559,17.7984,5.9662476,18.771765
85,564.658,239.94153,558.2223,244.96529,-6.43573,5.023758,8.16436
85,188.7967,359.1466,192.25203,360.03033,3.4553223,0.883728,3.5665429
85,241.34583,145.19191,246.87447,145.60081,5.5286407,0.40890503,5.5437417
86,421.04492,242.46962,422.14618,242.70338,1.1012573,0.23376465,1.1257946
86,172.24376,359.8311,175.46426,360.05057,3.2205048,0.21948242,3.2279751
86,193.21225,445.8724,196.57483,446.8025,3.3625793,0.9300842,3.488839
86,189.0517,336.00186,191.77968,336.62314,2.7279816,0.62127686,2.7978327
86,174.9719,388.50806,178.50935,389.0729,3.5374603,0.56484985,3.582273
86,428.66995,292.9119,429.71246,293.05923,1.042511,0.14733887,1.0528712
86,384.97464,370.73962,387.92877,370.7925,2.954132,0.052886963,2.9546053
86,216.05945,154.37523,214.84802,154.62856,-1.2114258,0.25332642,1.2376295
86,253.59167,240.73961,254.48653,241.4388,0.8948517,0.69918823,1.1356161
86,200.02817,456.79984,203.16197,457.7122,3.1338043,0.9123535,3.2639115
86,244.8273,372.0947,243.60204,372.5275,-1.2252655,0.4328003,1.2994581
86,141.53423,335.63174,142.23732,336.63693,0.7030945,1.005188,1.2266804
86,201.67422,327.66672,204.40776,328.24976,2.7335358,0.58303833,2.7950227
86,53.175014,156.07385,52.9113,156.29686,-0.26371384,0.2230072,0.34536532
86,752.75604,238.11104,751.30695,235.6551,-1.4490967,-2.4559326,2.8515763
86,855.193,199.90948,854.90344,200.06065,-0.28955078,0.15116882,0.3266369
86,188.23276,561.5712,186.4914,561.8502,-1.7413635,0.2789917,1.7635711
86,327.66974,272.66672,323.59827,271.3443,-4.071472,-1.3224182,4.28085
86,208.27534,363.0455,211.04674,363.82068,2.7713928,0.775177,2.8777626
86,381.79062,153.62029,391.06387,154.2283,9.273254,0.60801697,9.293166
86,823.54675,152.67223,820.669,152.48917,-2.8777466,-0.18305969,2.8835633
86,844.8203,560.1636,850.63824,560.366,5.817932,0.20245361,5.8214536
86,479.5121,439.50928,481.60046,442.4618,2.088379,2.9525146,3.616444
86,956.6912,155.02667,955.52026,155.07129,-1.1709595,0.0446167,1.1718092
86,748.26575,148.06668,757.8628,148.55621,9.597046,0.48953247,9.609523
86,430.63452,321.8225,431.27695,319.65958,0.64242554,-2.1629333,2.2563226
86,291.65305,327.13943,291.47614,329.528,-0.1769104,2.3885803,2.3951228
86,905.7838,94.544495,896.2989,96.61439,-9.484924,2.069893,9.708154
86,652.4862,202.82974,650.4074,202.87585,-2.0787964,0.04611206,2.0793078
86,701.47034,198.86163,696.3336,199.38359,-5.1367188,0.5219574,5.1631694
86,683.73126,463.00238,684.05707,455.88934,0.32580566,-7.113037,7.120495
86,17.901037,238.75583,17.397665,238.79851,-0.5033722,0.042678833,0.5051783
86,342.85516,157.52597,344.14685,157.79399,1.291687,0.26802063,1.3192006
86,682.9911,86.11057,684.7902,87.689766,1.7991333,1.5791931,2.3938947
86,630.1839,559.15894,624.8127,559.54047,-5.371216,0.38153076,5.3847494
86,339.55157,335.7165,339.38718,340.18884,-0.1643982,4.472351,4.475372
86,297.728,191.84747,299.11356,192.4339,1.3855591,0.5864258,1.5045494
86,808.3107,136.40674,805.0718,138.33755,-3.2389526,1.9308167,3.7707913
86,646.0355,279.0774,640.26483,266.27042,-5.770691,-12.806976,14.047047
86,258.54736,156.15695,258.96072,156.37357,0.4133606,0.21661377,0.46667814
86,824.5035,158.69984,823.47974,158.7021,-1.0237427,0.0022583008,1.0237452
86,287.60583,453.88333,289.194,454.22757,1.5881653,0.34423828,1.6250443
86,792.8973,355.0559,787.084,355.27017,-5.8132935,0.21426392,5.8172407
86,558.2223,244.96529,552.4427,241.584,-5.779602,-3.3812866,6.696036
86,192.25203,360.03033,194.71904,360.76828,2.4670105,0.73794556,2.5750153
86,246.87447,145.60081,253.45322,145.65297,6.5787506,0.05215454,6.5789576
87,422.14618,242.70338,423.25955,242.43192,1.1133728,-0.27146912,1.1459906
87,175.46426,360.05057,179.16455,360.3859,3.7002869,0.33532715,3.7154496
87,196.57483,446.8025,200.22624,447.99567,3.651413,1.1931763,3.8414173
87,191.77968,336.62314,194.8457,337.33566,3.0660248,0.7125244,3.1477292
87,178.50935,389.0729,182.05522,389.28995,3.545868,0.21704102,3.5525043
87,429.71246,293.05923,430.7226,293.9364,1.0101318,0.87716675,1.3378295
87,387.92877,370.7925,393.05725,370.4586,5.128479,-0.33392334,5.1393385
87,214.84802,154.62856,213.26671,154.7921,-1.5813141,0.1635437,1.5897486
87,254.48653,241.4388,255.47462,242.1916,0.98809814,0.7528076,1.2421986
87,203.16197,457.7122,206.41722,458.72614,3.255249,1.0139465,3.4095063
87,243.60204,372.5275,247.00911,373.05246,3.407074,0.5249634,3.44728
87,142.23732,336.63693,142.60715,337.75348,0.36982727,1.1165466,1.1762009
87,204.40776,328.24976,207.45967,328.7725,3.0519104,0.5227356,3.0963542
87,52.9113,156.29686,53.112625,156.7037,0.20132446,0.4068451,0.45393223
87,751.30695,235.6551,755.04016,235.85246,3.7332153,0.19735718,3.7384284
87,854.90344,200.06065,856.69543,200.38512,1.7919922,0.3244629,1.8211293
87,186.4914,561.8502,179.45702,562.23926,-7.034378,0.3890381,7.045128
87,323.59827,271.3443,323.0977,271.82288,-0.50057983,0.47857666,0.69254297
87,211.04674,363.82068,213.33104,364.35233,2.2843018,0.5316467,2.3453534
87,391.06387,154.2283,395.32013,154.38213,4.256256,0.15382385,4.259035
87,820.669,152.48917,823.23334,152.45984,2.564331,-0.029327393,2.5644987
87,850.63824,560.366,849.3088,560.8017,-1.3294678,0.43566895,1.3990325
87,481.60046,442.4618,481.41608,440.0082,-0.1843872,-2.4535828,2.4605012
87,955.52026,155.07129,955.2983,155.2057,-0.22198486,0.13441467,0.25950834
87,757.8628,148.55621,759.56854,148.4389,1.7057495,-0.11730957,1.7097787
87,431.27695,319.65958,432.63528,318.99872,1.3583374,-0.66085815,1.5105674
87,291.47614,329.528,296.81464,330.46042,5.338501,0.93240356,5.4193144
87,896.2989,96.61439,900.7979,101.41734,4.4990234,4.8029556,6.581002
87,650.4074,202.87585,648.5473,203.09543,-1.8601074,0.21957397,1.8730222
87,696.3336,199.38359,694.4629,199.55399,-1.8707275,0.1703949,1.8784717
87,684.05707,455.88934,684.24207,466.03543,0.18499756,10.146088,10.147774
87,17.397665,238.79851,15.805901,240.16226,-1.5917645,1.3637543,2.0960772
87,344.14685,157.79399,344.8659,158.06276,0.7190552,0.2687683,0.7676437
87,684.7902,87.689766,691.8267,87.282486,7.036499,-0.40727997,7.048276
87,624.8127,559.54047,625.0289,559.6978,0.21618652,0.15734863,0.26738587
87,339.38718,340.18884,338.65985,339.30838,-0.72732544,-0.88046265,1.1420231
87,299.11356,192.4339,297.55728,192.61322,-1.5562744,0.17932129,1.5665716
87,805.0718,138.33755,806.6791,137.57587,1.6072998,-0.76168823,1.778646
87,640.26483,266.27042,634.2447,275.69162,-6.0201416,9.421204,11.180393
87,258.96072,156.37357,258.46802,156.78902,-0.4927063,0.41545105,0.64448357
87,823.47974,158.7021,825.2941,158.92723,1.8143921,0.22512817,1.8283056
87,289.194,454.22757,288.72318,454.49387,-0.4708252,0.2662964,0.540916
87,787.084,355.27017,779.73535,353.52524,-7.348633,-1.7449341,7.5529594
87,552.4427,241.584,543.03125,242.33078,-9.411438,0.7467804,9.441019
87,194.71904,360.76828,198.25311,361.70364,3.5340729,0.93536377,3.6557593
87,253.45322,145.65297,249.95001,145.88127,-3.5032043,0.228302,3.5106356
88,423.25955,242.43192,424.3813,242.42296,1.1217346,-0.008956909,1.1217704
88,179.16455,360.3859,183.39877,360.48828,4.2342224,0.102386475,4.2354603
88,200.22624,447.99567,204.0567,448.77353,3.8304596,0.77786255,3.908643
88,194.8457,337.33566,198.64867,337.77652,3.8029633,0.44085693,3.8284311
88,182.05522,389.28995,186.00148,389.68774,3.9462585,0.39779663,3.9662576
88,430.7226,293.9364,431.8451,293.43832,1.1224976,-0.4980774,1.2280399
88,393.05725,370.4586,396.77014,369.8625,3.7128906,-0.59609985,3.7604377
88,213.26671,154.7921,212.04521,155.30687,-1.2214966,0.5147705,1.3255348
88,255.47462,242.1916,256.64075,242.8005,1.1661224,0.608902,1.315524
88,206.41722,458.72614,210.09557,459.54846,3.6783447,0.82232666,3.7691433
88,247.00911,373.05246,254.40475,373.56165,7.395645,0.5091858,7.413153
88,142.60715,337.75348,143.9175,338.74106,1.3103485,0.98757935,1.6408309
88,207.45967,328.7725,211.10298,329.12012,3.6433105,0.34762573,3.6598573
88,53.112625,156.7037,53.334454,157.2976,0.22182846,0.5939026,0.63397807
88,755.04016,235.85246,754.5392,231.57697,-0.50097656,-4.2754974,4.304748
88,856.69543,200.38512,855.6785,200.37865,-1.0169067,-0.0064697266,1.0169274
88,179.45702,562.23926,181.0893,562.2867,1.6322784,0.047424316,1.6329672
88,323.0977,271.82288,321.60925,271.8954,-1.4884338,0.072509766,1.490199
88,213.33104,364.35233,216.79451,365.42978,3.4634705,1.0774536,3.6271937
88,395.32013,154.38213,395.29123,154.64326,-0.028900146,0.26113892,0.26273322
88,823.23334,152.45984,822.9619,152.73384,-0.27142334,0.27400208,0.38567832
88,849.3088,560.8017,845.0242,560.58563,-4.284607,-0.21606445,4.2900515
88,481.41608,440.0082,487.4832,444.5659,6.067108,4.557678,7.588296
88,955.2983,155.2057,959.488,155.51608,4.1896973,0.31037903,4.201178
88,759.56854,148.4389,744.71844,149.03647,-14.850098,0.5975647,14.862116
88,432.63528,318.99872,433.65076,317.3232,1.0154724,-1.6755066,1.9592106
88,296.81464,330.46042,310.22287,325.20303,13.408234,-5.2573853,14.402112
88,900.7979,101.41734,891.6339,95.387054,-9.164001,-6.0302887,10.970109
88,648.5473,203.09543,639.2167,203.20688,-9.330627,0.111450195,9.331293
88,694.4629,199.55399,686.2999,199.97743,-8.162964,0.42344666,8.17394
88,684.24207,466.03543,686.1829,453.12177,1.9408569,-12.913666,13.0587015
88,15.805901,240.16226,15.967377,240.35583,0.16147614,0.193573,0.25208142
88,344.8659,158.06276,345.87277,158.19533,1.0068665,0.13256836,1.0155562
88,691.8267,87.282486,688.4205,91.021576,-3.40625,3.73909,5.0579967
88,625.0289,559.6978,629.1407,559.902,4.1118164,0.2041626,4.116882
88,338.65985,339.30838,346.16696,339.1882,7.5071106,-0.12017822,7.5080724
88,297.55728,192.61322,295.8187,192.42537,-1.7385864,-0.18785095,1.7487055
88,806.6791,137.57587,806.28876,136.9021,-0.39031982,-0.6737671,0.7786602
88,634.2447,275.69162,649.38794,286.775,15.1432495,11.083374,18.765905
88,258.46802,156.78902,258.00912,156.64946,-0.45889282,-0.13955688,0.47964442
88,825.2941,158.92723,825.1394,159.06007,-0.15472412,0.13284302,0.20392847
88,288.72318,454.49387,295.96735,454.84958,7.244171,0.3557129,7.252899
88,779.73535,353.52524,765.6741,337.72064,-14.061279,-15.804596,21.15431
88,543.03125,242.33078,552.2654,242.83058,9.234131,0.49980164,9.247647
88,198.25311,361.70364,202.24567,362.68597,3.9925537,0.9823303,4.1116247
88,249.95001,145.88127,246.3313,146.0852,-3.6187134,0.20393372,3.6244552
89,424.3813,242.42296,425.51782,241.95906,1.1365356,-0.4638977,1.2275645
89,183.39877,360.48828,187.5743,360.7371,4.175522,0.24880981,4.182928
89,204.0567,448.77353,208.13657,449.90887,4.0798645,1.1353455,4.2348914
89,198.64867,337.77652,202.38744,338.39267,3.7387695,0.6161499,3.7892
89,186.00148,389.68774,189.9234,390.37357,3.9219208,0.68582153,3.9814336
89,431.8451,293.43832,433.05176,293.1326,1.206665,-0.3057251,1.2447925
89,396.77014,369.8625,401.9557,369.17746,5.185547,-0.6850281,5.2305984
89,212.04521,155.30687,210.84825,155.31525,-1.1969604,0.008377075,1.1969898
89,256.64075,242.8005,257.89252,243.33334,1.25177,0.5328369,1.3604571
89,210.09557,459.54846,214.5049,460.737,4.4093323,1.1885376,4.566709
89,254.40475,373.56165,256.05945,374.2066,1.6546936,0.6449585,1.7759455
89,143.9175,338.74106,145.38843,339.7127,1.470932,0.97164917,1.7628791
89,211.10298,329.12012,214.69441,329.5087,3.5914307,0.38858032,3.612391
89,53.334454,157.2976,53.30463,157.09473,-0.029823303,-0.20288086,0.20506114
89,754.5392,231.57697,753.46185,231.81403,-1.0773315,0.23706055,1.1031052
89,855.6785,200.37865,855.6768,200.62889,-0.0017089844,0.25024414,0.25024998
89,181.0893,562.2867,177.3818,562.2528,-3.707489,-0.03387451,3.7076437
89,321.60925,271.8954,321.63263,266.37073,0.023376465,-5.524658,5.524708
89,216.79451,365.42978,220.38698,365.87808,3.5924683,0.44830322,3.620332
89,395.29123,154.64326,396.38327,155.05986,1.092041,0.41659546,1.1688051
89,822.9619,152.73384,824.01245,152.97572,1.0505371,0.24188232,1.0780238
89,845.0242,560.58563,844.417,560.98285,-0.60717773,0.3972168,0.72556597
89,487.4832,444.5659,493.76657,445.5901,6.283386,1.0242004,6.366312
89,959.488,155.51608,960.76215,156.16536,1.2741699,0.64927673,1.4300592
89,744.71844,149.03647,741.48737,149.11504,-3.231079,0.078567505,3.2320342
89,433.65076,317.3232,435.08307,318.5826,1.432312,1.2593994,1.9072505
89,310.22287,325.20303,305.93573,321.12997,-4.28714,-4.073059,5.913491
89,891.6339,95.387054,895.4171,101.68473,3.7832031,6.297676,7.346656
89,639.2167,203.20688,636.7726,203.8295,-2.4440918,0.6226196,2.5221498
89,686.2999,199.97743,678.26697,200.29282,-8.032959,0.3153839,8.039147
89,686.1829,453.12177,691.4545,445.34012,5.2716064,-7.7816467,9.399141
89,15.967377,240.35583,16.639524,239.5179,0.67214775,-0.8379364,1.0742067
89,345.87277,158.19533,345.7523,158.66383,-0.1204834,0.46850586,0.48374993
89,688.4205,91.021576,683.26324,92.56272,-5.1572266,1.5411453,5.382575
89,629.1407,559.902,625.3036,560.1259,-3.8370972,0.22393799,3.8436263
89,346.16696,339.1882,347.88318,341.23373,1.716217,2.0455322,2.6701317
89,295.8187,192.42537,296.12555,192.6908,0.30685425,0.26542664,0.40572262
89,806.28876,136.9021,806.7888,136.62793,0.50006104,-0.27416992,0.57028955
89,649.38794,286.775,650.4241,297.52438,1.0361328,10.74939,10.799211
89,258.00912,156.64946,256.85486,156.83257,-1.1542664,0.18310547,1.1686995
89,825.1394,159.06007,826.51196,159.31734,1.3725586,0.25726318,1.3964603
89,295.96735,454.84958,303.761,455.27515,7.79364,0.42556763,7.80525
89,765.6741,337.72064,761.3224,345.32962,-4.3516846,7.6089783,8.765484
89,552.2654,242.83058,559.15704,241.74681,6.8916626,-1.0837708,6.9763584
89,202.24567,362.68597,206.96034,363.56534,4.714676,0.879364,4.795983
89,246.3313,146.0852,247.85788,146.26373,1.5265808,0.17852783,1.5369844
90,425.51782,241.95906,426.8305,241.78943,1.3126831,-0.16963196,1.323598
90,187.5743,360.7371,191.28387,361.2329,3.7095795,0.4958191,3.742568
90,208.13657,449.90887,212.21097,450.4854,4.074402,0.5765381,4.11499
90,202.38744,338.39267,205.68898,338.96716,3.3015442,0.5744934,3.3511546
90,189.9234,390.37357,194.2922,390.1107,4.368805,-0.26287842,4.3767066
90,433.05176,293.1326,434.29987,292.9526,1.2481079,-0.17999268,1.2610197
90,401.9557,369.17746,405.7003,368.6495,3.7445984,-0.5279541,3.7816336
90,210.84825,155.31525,210.51308,155.39244,-0.33517456,0.077194214,0.34394902
90,257.89252,243.33334,258.7307,243.87004,0.8381958,0.5366974,0.9952971
90,214.5049,460.737,218.39128,461.3306,3.886383,0.5935974,3.9314542
90,256.05945,374.2066,257.32843,374.68576,1.2689819,0.4791565,1.3564315
90,145.38843,339.7127,147.7551,340.43066,2.3666687,0.71795654,2.4731724
90,214.69441,329.5087,218.11234,329.8485,3.417923,0.33981323,3.4347737
90,53.30463,157.09473,53.23017,157.117,-0.074459076,0.022277832,0.07772037
90,753.46185,231.81403,753.6613,234.06516,0.19946289,2.2511292,2.2599487
90,855.6768,200.62889,855.4712,200.21362,-0.20562744,-0.41526794,0.4633898
90,177.3818,562.2528,178.35327,562.6956,0.97146606,0.44281006,1.0676268
90,321.63263,266.37073,311.03497,267.9462,-10.597656,1.57547,10.714123
90,220.38698,365.87808,222.4845,366.57837,2.097519,0.70028687,2.2113316
90,396.38327,155.05986,397.24847,155.27759,0.86520386,0.21772766,0.89217883
90,824.01245,152.97572,825.079,152.5678,1.0665283,-0.40792847,1.1418793
90,844.417,560.98285,849.6138,561.0652,5.1967773,0.082336426,5.1974297
90,493.76657,445.5901,496.53156,448.849,2.7649841,3.2589111,4.273832
90,960.76215,156.16536,965.88104,156.72943,5.1188965,0.56407166,5.1498814
90,741.48737,149.11504,741.163,149.25732,-0.32434082,0.14228821,0.3541792
90,435.08307,318.5826,436.46085,320.26694,1.3777771,1.6843262,2.176057
90,305.93573,321.12997,306.32703,319.74835,0.3912964,-1.3816223,1.4359642
90,895.4171,101.68473,886.7377,101.85627,-8.679443,0.1715393,8.681139
90,636.7726,203.8295,639.72504,203.94388,2.9524536,0.11437988,2.9546683
90,678.26697,200.29282,679.79614,200.51854,1.5291748,0.22572327,1.5457447
90,691.4545,445.34012,689.5458,447.466,-1.9087524,2.125885,2.857048
90,16.639524,239.5179,16.515354,240.05562,-0.1241703,0.5377197,0.5518702
90,345.7523,158.66383,344.65546,158.39015,-1.0968323,-0.27368164,1.1304612
90,683.26324,92.56272,680.20264,84.62167,-3.060608,-7.9410477,8.510438
90,625.3036,560.1259,623.31274,560.3269,-1.9908447,0.20098877,2.0009646
90,347.88318,341.23373,352.13943,344.6932,4.256256,3.4594727,5.484858
90,296.12555,192.6908,303.4206,193.39455,7.295044,0.7037506,7.328911
90,806.7888,136.62793,807.6535,136.61462,0.86468506,-0.013305664,0.8647874
90,650.4241,297.52438,645.5015,292.5092,-4.9225464,-5.0151978,7.027352
90,256.85486,156.83257,252.39487,157.17978,-4.4599915,0.34721375,4.4734864
90,826.51196,159.31734,827.79803,159.1414,1.2860718,-0.17593384,1.2980498
90,303.761,455.27515,310.46863,455.4763,6.7076416,0.20114136,6.7106566
90,761.3224,345.32962,756.84296,342.02307,-4.479431,-3.306549,5.567636
90,559.15704,241.74681,561.1549,241.11563,1.9978638,-0.6311798,2.0951962
90,206.96034,363.56534,210.237,363.995,3.276657,0.42965698,3.3047068
90,247.85788,146.26373,245.91182,146.5538,-1.9460602,0.29006958,1.9675595
91,426.8305,241.78943,428.23196,241.61581,1.4014587,-0.1736145,1.4121716
91,191.28387,361.2329,196.08978,361.43848,4.805908,0.2055664,4.8103027
91,212.21097,450.4854,216.56363,451.59775,4.352661,1.1123352,4.4925437
91,205.68898,338.96716,209.65811,339.51178,3.9691315,0.5446167,4.0063214
91,194.2922,390.1107,198.70981,390.58643,4.4176025,0.47573853,4.4431453
91,434.29987,292.9526,435.61877,292.6293,1.3189087,-0.32330322,1.3579563
91,405.7003,368.6495,410.10742,368.13123,4.407135,-0.51828,4.4375052
91,210.51308,155.39244,211.79346,155.65387,1.2803802,0.26142883,1.306797
91,258.7307,243.87004,260.44885,244.42183,1.7181396,0.55178833,1.8045704
91,218.39128,461.3306,222.99272,462.41025,4.6014404,1.0796509,4.7264047
91,257.32843,374.68576,264.66968,375.03912,7.3412476,0.35336304,7.349747
91,147.7551,340.43066,147.97533,341.55164,0.2202301,1.1209717,1.1424004
91,218.11234,329.8485,221.64822,330.6142,3.5358887,0.76568604,3.6178424
91,53.23017,157.117,52.71296,157.50723,-0.5172119,0.39022827,0.64790916
91,753.6613,234.06516,740.21716,235.58458,-13.444153,1.5194244,13.529741
91,855.4712,200.21362,848.4644,200.52069,-7.006775,0.30706787,7.0135
91,178.35327,562.6956,179.32591,562.94025,0.972641,0.2446289,1.0029325
91,311.03497,267.9462,302.74237,265.88525,-8.292603,-2.0609436,8.544867
91,222.4845,366.57837,228.47047,367.502,5.985977,0.923645,6.056818
91,397.24847,155.27759,388.67178,155.31557,-8.576691,0.037979126,8.576775
91,825.079,152.5678,818.5679,152.38953,-6.5111084,-0.17826843,6.5135484
91,849.6138,561.0652,849.0799,561.2835,-0.5338745,0.21832275,0.5767901
91,496.53156,448.849,501.52148,446.81012,4.989929,-2.0388794,5.390401
91,965.88104,156.72943,966.14685,156.5329,0.2658081,-0.1965332,0.33057413
91,741.163,149.25732,741.65704,149.1954,0.49401855,-0.061920166,0.49788398
91,436.46085,320.26694,438.09625,318.63107,1.6354065,-1.6358643,2.3131378
91,306.32703,319.74835,314.2733,317.56747,7.9462585,-2.1808777,8.2401
91,886.7377,101.85627,884.6091,107.5006,-2.128601,5.644333,6.032366
91,639.72504,203.94388,637.72266,203.64828,-2.0023804,-0.29559326,2.0240805
91,679.79614,200.51854,675.6805,200.60478,-4.1156616,0.086242676,4.116565
91,689.5458,447.466,687.5148,445.67633,-2.0310059,-1.7896729,2.707012
91,16.515354,240.05562,16.253141,240.18117,-0.26221275,0.12554932,0.29072008
91,344.65546,158.39015,342.81726,158.6847,-1.8381958,0.2945404,1.8616438
91,680.20264,84.62167,667.35754,97.52751,-12.845093,12.905838,18.208708
91,623.31274,560.3269,623.3681,560.6821,0.055358887,0.3552246,0.35951236
91,352.13943,344.6932,354.05466,344.74234,1.9152222,0.0491333,1.9158523
91,303.4206,193.39455,302.29996,192.81398,-1.120636,-0.5805664,1.2620945
91,807.6535,136.61462,797.53455,137.23141,-10.1189575,0.6167908,10.137738
91,645.5015,292.5092,646.9538,297.9503,1.4522705,5.441101,5.631578
91,252.39487,157.17978,252.8212,157.41347,0.42633057,0.23368835,0.48617694
91,827.79803,159.1414,820.7148,158.97374,-7.083252,-0.16766357,7.085236
91,310.46863,455.4763,312.4757,455.67105,2.00708,0.19476318,2.0165076
91,756.84296,342.02307,761.5614,350.3692,4.718445,8.34613,9.587576
91,561.1549,241.11563,556.8977,244.78313,-4.257202,3.6674957,5.619101
91,210.237,363.995,215.73936,364.84232,5.502365,0.84732056,5.567223
91,245.91182,146.5538,253.58311,146.88086,7.671295,0.32705688,7.678264
92,428.23196,241.61581,429.6626,241.40608,1.4306335,-0.20973206,1.4459252
92,196.08978,361.43848,200.43637,361.75824,4.346588,0.31976318,4.358334
92,216.56363,451.59775,221.04341,452.23788,4.479782,0.6401367,4.525287
92,209.65811,339.51178,213.49959,339.93558,3.8414764,0.4237976,3.8647828
92,198.70981,390.58643,203.12276,391.02457,4.4129486,0.43814087,4.4346457
92,435.61877,292.6293,437.09216,292.2992,1.4733887,-0.33010864,1.5099158
92,410.10742,368.13123,414.1776,367.5923,4.0701904,-0.5389404,4.105716
92,211.79346,155.65387,218.54634,156.27621,6.752884,0.622345,6.781501
92,260.44885,244.42183,261.93658,244.85866,1.4877319,0.4368286,1.5505371
92,222.99272,462.41025,227.47679,463.00803,4.48407,0.5977783,4.52374
92,264.66968,375.03912,261.3505,375.4159,-3.3191833,0.37677002,3.340499
92,147.97533,341.55164,150.24362,342.10056,2.2682953,0.5489197,2.3337686
92,221.64822,330.6142,225.13585,331.21823,3.4876251,0.6040344,3.5395463
92,52.71296,157.50723,53.478344,157.43193,0.7653847,-0.075302124,0.76908004
92,740.21716,235.58458,734.50995,233.9461,-5.7072144,-1.6384735,5.9377513
92,848.4644,200.52069,848.0988,200.98268,-0.3656006,0.46199036,0.58915097
92,179.32591,562.94025,184.38196,562.9887,5.0560455,0.048461914,5.0562778
92,302.74237,265.88525,303.23584,267.7688,0.49346924,1.8835449,1.9471141
92,228.47047,367.502,231.37659,367.9337,2.9061127,0.43167114,2.9379978
92,388.67178,155.31557,393.55273,155.77774,4.880951,0.46217346,4.9027834
92,818.5679,152.38953,819.255,152.2391,0.6871338,-0.15042114,0.70340556
92,849.0799,561.2835,846.47906,561.6563,-2.60083,0.37280273,2.627413
92,501.52148,446.81012,503.9906,447.85098,2.4691162,1.040863,2.6795392
92,966.14685,156.5329,970.48047,156.23013,4.333618,-0.3027649,4.3441815
92,741.65704,149.1954,741.33954,149.51549,-0.31750488,0.32008362,0.45084682
92,438.09625,318.63107,439.4388,318.83096,1.3425598,0.19989014,1.3573588
92,314.2733,317.56747,314.1506,320.23273,-0.122680664,2.6652527,2.6680746
92,884.6091,107.5006,879.9403,115.70655,-4.668762,8.205948,9.441129
92,637.72266,203.64828,638.66296,204.23721,0.9403076,0.5889282,1.1095111
92,675.6805,200.60478,679.365,201.2554,3.6845093,0.6506195,3.7415123
92,687.5148,445.67633,690.2582,444.1766,2.7434082,-1.4997253,3.126574
92,16.253141,240.18117,16.40786,240.4409,0.1547184,0.2597351,0.3023245
92,342.81726,158.6847,346.91058,158.95872,4.0933228,0.2740326,4.102485
92,667.35754,97.52751,683.8833,93.22438,16.525757,-4.303131,17.076815
92,623.3681,560.6821,622.80585,560.7929,-0.56225586,0.11077881,0.5730651
92,354.05466,344.74234,351.71906,344.9878,-2.3356018,0.24545288,2.3484638
92,302.29996,192.81398,300.21103,193.63419,-2.0889282,0.8202057,2.2441833
92,797.53455,137.23141,799.24524,137.49121,1.7106934,0.25979614,1.7303079
92,646.9538,297.9503,659.4505,305.31052,12.496704,7.3602295,14.503123
92,252.8212,157.41347,256.72827,157.23376,3.907074,-0.17970276,3.9112046
92,820.7148,158.97374,821.2879,158.76477,0.5731201,-0.20896912,0.6100285
92,312.4757,455.67105,317.98648,455.5907,5.5107727,-0.08035278,5.5113583
92,761.5614,350.3692,756.6192,346.988,-4.9421997,-3.381195,5.9881396
92,556.8977,244.78313,550.3225,244.39636,-6.5751953,-0.38676453,6.5865602
92,215.73936,364.84232,219.70471,365.46606,3.9653473,0.6237488,4.0141053
92,253.58311,146.88086,256.96924,146.70665,3.3861237,-0.1742096,3.390602
93,429.6626,241.40608,431.46707,241.31268,1.8044739,-0.09339905,1.8068894
93,200.43637,361.75824,204.71577,361.93777,4.2794037,0.17953491,4.283168
93,221.04341,452.23788,224.91798,452.68665,3.8745728,0.448761,3.9004743
93,213.49959,339.93558,217.29271,340.40323,3.7931213,0.46765137,3.8218408
93,203.12276,391.02457,207.45746,390.959,4.3347015,-0.06555176,4.335197
93,437.09216,292.2992,438.7273,292.76178,1.6351318,0.46258545,1.6993061
93,414.1776,367.5923,417.63617,367.40942,3.4585571,-0.18286133,3.463388
93,218.54634,156.27621,214.78435,156.41048,-3.7619934,0.13426208,3.7643886
93,261.93658,244.85866,263.6598,245.45457,1.7232056,0.59591675,1.823336
93,227.47679,463.00803,231.29172,463.45874,3.8149261,0.4507141,3.8414586
93,261.3505,375.4159,267.81485,375.60675,6.4643555,0.19085693,6.467172
93,150.24362,342.10056,153.11568,342.55267,2.872055,0.45211792,2.9074235
93,225.13585,331.21823,228.74838,331.5813,3.6125336,0.36306763,3.6307323
93,53.478344,157.43193,53.284477,158.04868,-0.19386673,0.616745,0.64649725
93,734.50995,233.9461,736.31494,235.81398,1.8049927,1.8678741,2.5974896
93,848.0988,200.98268,832.39954,200.81851,-15.69928,-0.16416931,15.700138
93,184.38196,562.9887,187.83305,563.3096,3.4510956,0.32086182,3.4659793
93,303.23584,267.7688,309.05585,264.25046,5.8200073,-3.518341,6.800824
93,231.37659,367.9337,236.07481,368.25546,4.698227,0.32177734,4.7092333
93,393.55273,155.77774,394.62753,155.96495,1.0747986,0.18721008,1.090981
93,819.255,152.2391,817.3012,152.0849,-1.9537964,-0.15420532,1.9598724
93,846.47906,561.6563,838.6726,561.8906,-7.8064575,0.23431396,7.8099732
93,503.9906,447.85098,505.55826,448.38278,1.5676575,0.5317993,1.6554034
93,970.48047,156.23013,969.27606,156.87518,-1.2044067,0.64505005,1.3662668
93,741.33954,149.51549,738.5333,149.23428,-2.8062134,-0.28120422,2.8202677
93,439.4388,318.83096,440.37027,318.7162,0.9314575,-0.11477661,0.93850243
93,314.1506,320.23273,318.16647,310.2626,4.015869,-9.970123,10.748514
93,879.9403,115.70655,884.54913,113.97537,4.6088257,-1.7311783,4.923236
93,638.66296,204.23721,644.3042,204.87003,5.6412354,0.6328125,5.6766176
93,679.365,201.2554,681.5041,201.54704,2.1390991,0.29164124,2.1588886
93,690.2582,444.1766,688.43964,442.17,-1.8185425,-2.0065918,2.708045
93,16.40786,240.4409,16.567944,240.54604,0.16008377,0.10513306,0.19151965
93,346.91058,158.95872,350.35983,159.13228,3.4492493,0.17355347,3.4536128
93,683.8833,93.22438,669.7973,98.241325,-14.085999,5.016945,14.952763
93,622.80585,560.7929,623.8001,561.00684,0.9942627,0.21392822,1.017017
93,351.71906,344.9878,354.975,339.24402,3.255951,-5.7437744,6.602436
93,300.21103,193.63419,308.36932,194.18376,8.158295,0.5495758,8.1767845
93,799.24524,137.49121,797.4009,136.31912,-1.8443604,-1.1720886,2.185282
93,659.4505,305.31052,658.5522,303.68906,-0.8983154,-1.62146,1.8536729
93,256.72827,157.23376,261.99994,157.58307,5.2716675,0.3493042,5.2832274
93,821.2879,158.76477,820.80164,158.93372,-0.4862671,0.16894531,0.51477975
93,317.98648,455.5907,329.12274,455.46786,11.136261,-0.12283325,11.136939
93,756.6192,346.988,762.60004,358.93808,5.980835,11.950073,13.363182
93,550.3225,244.39636,557.31213,242.24232,6.989624,-2.1540375,7.3140087
93,219.70471,365.46606,223.82039,365.7612,4.115677,0.2951355,4.1262455
93,256.96924,146.70665,258.456,147.08975,1.4867554,0.38310242,1.5353205
94,431.46707,241.31268,433.52902,241.16608,2.0619507,-0.14660645,2.067156
94,204.71577,361.93777,208.99933,361.8727,4.283554,-0.06506348,4.284048
94,224.91798,452.68665,228.6793,452.71762,3.761322,0.030975342,3.7614496
94,217.29271,340.40323,220.68845,340.411,3.3957367,0.0077819824,3.3957458
94,207.45746,390.959,211.2247,390.63757,3.7672424,-0.32144165,3.7809312
94,438.7273,292.76178,440.8305,292.45853,2.1032104,-0.30325317,2.1249604
94,417.63617,367.40942,421.6781,366.85062,4.041931,-0.5588074,4.0803766
94,214.78435,156.41048,217.6609,156.9405,2.8765564,0.5300293,2.9249802
94,263.6598,245.45457,266.4338,245.4411,2.7740173,-0.013473511,2.77405
94,231.29172,463.45874,234.85739,463.35367,3.5656738,-0.10507202,3.5672216
94,267.81485,375.60675,269.3583,375.65683,1.543457,0.050079346,1.5442692
94,153.11568,342.55267,156.32603,342.62152,3.2103577,0.068847656,3.2110958
94,228.74838,331.5813,232.15942,331.80685,3.4110413,0.22555542,3.4184906
94,53.284477,158.04868,53.40807,158.53415,0.12359238,0.48547363,0.5009588
94,736.31494,235.81398,733.4805,237.2917,-2.8344116,1.4777222,3.1964905
94,832.39954,200.81851,832.69006,201.46356,0.29052734,0.64505005,0.7074572
94,187.83305,563.3096,186.70901,563.5302,-1.1240387,0.22064209,1.1454893
94,309.05585,264.25046,306.36694,268.4434,-2.6889038,4.192932,4.9810524
94,236.07481,368.25546,240.24997,368.45547,4.1751556,0.2000122,4.1799436
94,394.62753,155.96495,393.75604,156.2309,-0.8714905,0.26594543,0.91116554
94,817.3012,152.0849,818.2228,152.36761,0.9215698,0.28271484,0.9639599
94,838.6726,561.8906,835.36066,562.18365,-3.3119507,0.2930298,3.3248885
94,505.55826,448.38278,508.72702,447.76385,3.1687622,-0.618927,3.2286413
94,969.27606,156.87518,970.6478,156.8657,1.3717651,-0.009475708,1.3717979
94,738.5333,149.23428,737.4408,149.69154,-1.0925293,0.45726013,1.1843593
94,440.37027,318.7162,442.61346,318.49872,2.2431946,-0.21746826,2.2537112
94,318.16647,310.2626,322.3022,314.43512,4.1357117,4.172516,5.8748617
94,884.54913,113.97537,876.19525,112.94827,-8.353882,-1.0270996,8.416785
94,644.3042,204.87003,649.92944,205.21016,5.625244,0.34013367,5.635518
94,681.5041,201.54704,683.75165,201.86145,2.2475586,0.31440735,2.269443
94,688.43964,442.17,688.5006,445.83783,0.06097412,3.6678162,3.6683228
94,16.567944,240.54604,16.007404,241.11511,-0.56053925,0.56907654,0.7987818
94,350.35983,159.13228,350.30563,159.60722,-0.05419922,0.47494507,0.47802758
94,669.7973,98.241325,663.5151,91.287445,-6.2822266,-6.9538803,9.371383
94,623.8001,561.00684,628.3732,561.3718,4.57312,0.36499023,4.587662
94,354.975,339.24402,359.35187,335.01785,4.3768616,-4.226166,6.0841923
94,308.36932,194.18376,309.70447,194.35242,1.335144,0.1686554,1.3457541
94,797.4009,136.31912,797.36194,137.06499,-0.03894043,0.74586487,0.7468807
94,658.5522,303.68906,657.2306,309.9806,-1.3215942,6.2915344,6.4288425
94,261.99994,157.58307,256.86298,158.02876,-5.136963,0.44569397,5.1562614
94,820.80164,158.93372,823.12726,159.29457,2.3256226,0.3608551,2.3534522
94,329.12274,455.46786,332.15067,455.2331,3.0279236,-0.23477173,3.0370116
94,762.60004,358.93808,763.99585,360.15533,1.395813,1.2172546,1.8520267
94,557.31213,242.24232,561.09406,244.84448,3.7819214,2.6021576,4.5906596
94,223.82039,365.7612,228.33185,365.847,4.5114594,0.08578491,4.5122747
94,258.456,147.08975,255.09207,147.57828,-3.363922,0.4885254,3.3992102
95,433.52902,241.16608,435.99942,241.18631,2.470398,0.020233154,2.470481
95,208.99933,361.8727,212.01749,361.8568,3.018158,-0.015899658,3.0182
95,228.6793,452.71762,231.9848,452.57227,3.3054962,-0.14535522,3.3086905
95,220.68845,340.411,224.29735,340.38312,3.608902,-0.027893066,3.6090097
95,211.2247,390.63757,214.65733,390.5661,3.4326324,-0.07147217,3.4333763
95,440.8305,292.45853,443.22873,292.80673,2.3982239,0.34820557,2.4233706
95,421.6781,366.85062,424.6185,366.77478,2.9403992,-0.07583618,2.941377
95,217.6609,156.9405,214.48662,157.22156,-3.174286,0.28105164,3.1867037
95,266.4338,245.4411,268.98456,245.59415,2.5507507,0.15304565,2.5553381
95,234.85739,463.35367,238.74121,463.29364,3.8838196,-0.060028076,3.8842835
95,269.3583,375.65683,272.6889,375.38052,3.330597,-0.27630615,3.3420384
95,156.32603,342.62152,158.5608,342.74353,2.2347717,0.12200928,2.2380998
95,232.15942,331.80685,235.5884,331.59586,3.4289703,-0.21099854,3.435456
95,53.40807,158.53415,54.25178,158.28424,0.84371185,-0.24990845,0.8799454
95,733.4805,237.2917,740.9155,235.31438,7.4349976,-1.9773254,7.693439
95,832.69006,201.46356,825.41675,201.78745,-7.2733154,0.32388306,7.2805233
95,186.70901,563.5302,185.48773,563.90906,-1.221283,0.3788452,1.278693
95,306.36694,268.4434,309.8087,272.9906,3.441742,4.5472107,5.702869
95,240.24997,368.45547,243.91032,368.3296,3.6603546,-0.12588501,3.6625187
95,393.75604,156.2309,384.89313,156.53175,-8.862915,0.30085754,8.86802
95,818.2228,152.36761,802.9616,152.717,-15.261169,0.3493805,15.265168
95,835.36066,562.18365,829.5297,562.50055,-5.8309326,0.31689453,5.8395376
95,508.72702,447.76385,509.95575,446.66434,1.2287292,-1.0995178,1.6488526
95,970.6478,156.8657,973.6582,157.39018,3.010376,0.5244751,3.055722
95,737.4408,149.69154,727.454,150.37025,-9.986816,0.67871094,10.009852
95,442.61346,318.49872,445.41287,318.52832,2.799408,0.02960205,2.7995644
95,322.3022,314.43512,327.28177,315.5802,4.9795837,1.1450806,5.109546
95,876.19525,112.94827,866.69135,112.559555,-9.503906,-0.38871765,9.511852
95,649.92944,205.21016,643.61066,205.06822,-6.3187866,-0.14193726,6.32038
95,683.75165,201.86145,680.3809,202.22804,-3.3707275,0.3665924,3.3906038
95,688.5006,445.83783,685.62335,446.84302,-2.8772583,1.005188,3.047789
95,16.007404,241.11511,15.747833,241.62642,-0.25957108,0.51130676,0.5734211
95,350.30563,159.60722,351.2206,160.0261,0.914978,0.41886902,1.0062982
95,663.5151,91.287445,655.96173,92.36424,-7.5533447,1.0767975,7.629712
95,628.3732,561.3718,634.2668,561.42694,5.8935547,0.055114746,5.893812
95,359.35187,335.01785,367.00034,339.6772,7.648468,4.6593323,8.955916
95,309.70447,194.35242,308.14963,194.63174,-1.5548401,0.2793274,1.5797315
95,797.36194,137.06499,785.9322,136.4591,-11.429749,-0.60588074,11.445796
95,657.2306,309.9806,656.0192,304.49234,-1.2113647,-5.4882507,5.620347
95,256.86298,158.02876,250.2489,158.1631,-6.6140747,0.13433838,6.615439
95,823.12726,159.29457,808.5714,159.67429,-14.555847,0.37971497,14.560799
95,332.15067,455.2331,337.58636,455.05936,5.4356995,-0.17373657,5.438475
95,763.99585,360.15533,761.59143,372.85333,-2.404419,12.697998,12.923636
95,561.09406,244.84448,552.57117,247.40594,-8.522888,2.5614624,8.899478
95,228.33185,365.847,231.5619,365.75443,3.2300568,-0.092559814,3.2313826
95,255.09207,147.57828,248.57837,147.75266,-6.5137024,0.17437744,6.516036
96,435.99942,241.18631,438.6012,241.40004,2.6017761,0.21372986,2.6105402
96,212.01749,361.8568,214.95016,361.42694,2.9326782,-0.4298706,2.9640157
96,231.9848,452.57227,234.99994,452.25583,3.0151367,-0.31643677,3.031696
96,224.29735,340.38312,227.26012,339.91037,2.9627686,-0.4727478,3.0002482
96,214.65733,390.5661,217.44695,390.26,2.7896118,-0.3060913,2.8063545
96,443.22873,292.80673,445.85864,292.77182,2.6299133,-0.03491211,2.630145
96,424.6185,366.77478,426.47464,366.56866,1.8561401,-0.20611572,1.8675492
96,214.48662,157.22156,221.84691,157.46408,7.3602905,0.2425232,7.364285
96,268.98456,245.59415,271.83768,245.64838,2.853119,0.054229736,2.8536344
96,238.74121,463.29364,241.76752,462.8755,3.0263062,-0.41815186,3.0550582
96,272.6889,375.38052,273.74933,374.93933,1.0604248,-0.44119263,1.1485432
96,158.5608,342.74353,159.11559,342.8468,0.55477905,0.103271484,0.5643091
96,235.5884,331.59586,238.67332,331.2172,3.0849304,-0.3786621,3.1080832
96,54.25178,158.28424,54.43411,158.98816,0.18232727,0.70391846,0.7271481
96,740.9155,235.31438,738.7175,234.37314,-2.197998,-0.9412384,2.391051
96,825.41675,201.78745,827.6013,201.6869,2.1845703,-0.10054016,2.1868827
96,185.48773,563.90906,187.56784,564.2747,2.0801086,0.36566162,2.1120038
96,309.8087,272.9906,313.90683,274.4491,4.0981445,1.4584961,4.349942
96,243.91032,368.3296,246.38654,367.68695,2.4762115,-0.64263916,2.5582433
96,384.89313,156.53175,385.9749,156.69975,1.0817871,0.16799927,1.0947543
96,802.9616,152.717,802.9006,152.92496,-0.061035156,0.20796204,0.21673371
96,829.5297,562.50055,832.56396,562.8923,3.0342407,0.39172363,3.059422
96,509.95575,446.66434,512.62366,449.72153,2.6679077,3.05719,4.057603
96,973.6582,157.39018,974.3288,157.44374,0.67059326,0.05355835,0.67272866
96,727.454,150.37025,728.62354,150.38376,1.1695557,0.013504028,1.1696336
96,445.41287,318.52832,447.86945,319.10617,2.4565735,0.57785034,2.5236213
96,327.28177,315.5802,327.1221,315.42703,-0.15966797,-0.15316772,0.22125599
96,866.69135,112.559555,878.06805,111.12216,11.376709,-1.4373932,11.467154
96,643.61066,205.06822,633.60596,205.52136,-10.0047,0.45314026,10.014956
96,680.3809,202.22804,671.16974,202.52365,-9.211182,0.29560852,9.215924
96,685.62335,446.84302,686.48694,445.03778,0.8635864,-1.8052368,2.0011652
96,15.747833,241.62642,14.547718,242.71161,-1.2001152,1.0851898,1.6179967
96,351.2206,160.0261,351.57977,160.47449,0.35916138,0.44839478,0.5745039
96,655.96173,92.36424,659.66187,86.28449,3.7001343,-6.07975,7.117187
96,634.2668,561.42694,626.95215,561.7919,-7.314636,0.3649292,7.323734
96,367.00034,339.6772,372.33105,338.25934,5.330719,-1.4178467,5.516054
96,308.14963,194.63174,312.19522,194.83185,4.0455933,0.20010376,4.050539
96,785.9322,136.4591,788.2377,135.12784,2.305481,-1.3312683,2.6622393
96,656.0192,304.49234,658.2976,289.92593,2.2783813,-14.566406,14.743514
96,250.2489,158.1631,251.18822,158.44298,0.9393158,0.2798767,0.98012507
96,808.5714,159.67429,804.3401,159.71661,-4.2313232,0.04232788,4.231535
96,337.58636,455.05936,341.25024,454.6964,3.6638794,-0.36294556,3.6818123
96,761.59143,372.85333,773.9937,380.14212,12.402283,7.288788,14.385515
96,552.57117,247.40594,559.85034,247.33981,7.279175,-0.06613159,7.279475
96,231.5619,365.75443,235.30447,365.41714,3.742569,-0.33728027,3.7577362
96,248.57837,147.75266,249.17517,148.08948,0.59680176,0.3368225,0.6852895
97,438.6012,241.40004,441.63007,241.57333,3.0288696,0.17329407,3.033823
97,214.95016,361.42694,217.41484,360.98297,2.464676,-0.44396973,2.5043435
97,234.99994,452.25583,237.01866,451.41745,2.0187225,-0.8383789,2.1858912
97,227.26012,339.91037,229.79259,339.48874,2.5324707,-0.42163086,2.5673294
97,217.44695,390.26,219.87036,389.65393,2.4234161,-0.6060791,2.4980547
97,445.85864,292.77182,448.95535,293.4962,3.0967102,0.72436523,3.1803017
97,426.47464,366.56866,428.48007,366.59116,2.0054321,0.022491455,2.0055583
97,221.84691,157.46408,224.25475,157.86244,2.407837,0.3983612,2.4405677
97,271.83768,245.64838,275.27826,245.12369,3.4405823,-0.5246887,3.4803598
97,241.76752,462.8755,243.18976,461.9799,1.4222412,-0.89559937,1.6807345
97,273.74933,374.93933,277.98956,374.5383,4.2402344,-0.4010315,4.259156
97,159.11559,342.8468,162.1289,342.45206,3.013321,-0.39474487,3.0390668
97,238.67332,331.2172,241.28654,330.76703,2.6132202,-0.4501648,2.6517105
97,54.43411,158.98816,55.109035,159.01355,0.67492676,0.025390625,0.6754042
97,738.7175,234.37314,741.2919,229.53699,2.5743408,-4.836151,5.478648
97,827.6013,201.6869,828.9462,201.9426,1.3449097,0.25569153,1.3689997
97,187.56784,564.2747,186.02017,564.2848,-1.5476685,0.010070801,1.5477012
97,313.90683,274.4491,315.29095,273.33566,1.3841248,-1.1134338,1.7763829
97,246.38654,367.68695,250.08557,367.4565,3.6990356,-0.23043823,3.7062066
97,385.9749,156.69975,395.70248,157.12987,9.72757,0.43011475,9.737074
97,802.9006,152.92496,781.6097,153.31754,-21.290894,0.39257812,21.294512
97,832.56396,562.8923,831.7937,563.02826,-0.7702637,0.13598633,0.7821754
97,512.62366,449.72153,516.1861,453.06082,3.562439,3.3392944,4.8828125
97,974.3288,157.44374,975.9177,157.95242,1.5889282,0.50868225,1.6683676
97,728.62354,150.38376,728.49054,150.71532,-0.1329956,0.33155823,0.35723758
97,447.86945,319.10617,450.93433,319.97537,3.0648804,0.86920166,3.18575
97,327.1221,315.42703,338.75317,307.3112,11.631073,-8.115845,14.1826935
97,878.06805,111.12216,865.2448,104.27532,-12.823242,-6.84684,14.53667
97,633.60596,205.52136,634.08215,205.8846,0.4761963,0.36323547,0.5989181
97,671.16974,202.52365,667.2591,202.7912,-3.9106445,0.2675476,3.919786
97,686.48694,445.03778,691.6578,461.63635,5.1708374,16.598572,17.385342
97,14.547718,242.71161,14.421635,243.5433,-0.12608337,0.83169556,0.84119827
97,351.57977,160.47449,351.80768,160.58665,0.22790527,0.11216736,0.25401247
97,659.66187,86.28449,656.3661,91.461845,-3.2957764,5.177353,6.137355
97,626.95215,561.7919,627.89825,562.23175,0.94610596,0.43988037,1.0433654
97,372.33105,338.25934,373.4914,342.00458,1.1603394,3.7452393,3.920868
97,312.19522,194.83185,314.79196,194.59087,2.5967407,-0.24098206,2.6078985
97,788.2377,135.12784,786.5492,135.5949,-1.6884766,0.46705627,1.7518831
97,658.2976,289.92593,655.5527,295.7992,-2.744934,5.8732605,6.4830437
97,251.18822,158.44298,252.67043,158.75024,1.4822083,0.30726624,1.513722
97,804.3401,159.71661,782.8376,160.27507,-21.502502,0.5584564,21.509752
97,341.25024,454.6964,343.78928,454.47476,2.539032,-0.22164917,2.5486882
97,773.9937,380.14212,774.27264,378.77283,0.27893066,-1.3692932,1.3974141
97,559.85034,247.33981,559.8485,246.62979,-0.0018310547,-0.710022,0.7100243
97,235.30447,365.41714,237.77818,364.82578,2.473709,-0.5913696,2.543414
97,249.17517,148.08948,248.361,148.4113,-0.81417847,0.32182312,0.8754751
98,441.63007,241.57333,444.69757,241.67076,3.067505,0.09742737,3.0690517
98,217.41484,360.98297,219.08348,360.46884,1.6686401,-0.51412964,1.7460495
98,237.01866,451.41745,238.49995,450.5168,1.4812927,-0.90063477,1.7336006
98,229.79259,339.48874,231.87949,338.81863,2.0868988,-0.670105,2.1918457
98,219.87036,389.65393,221.6106,388.92044,1.7402344,-0.73349,1.8884976
98,448.95535,293.4962,451.81396,293.62323,2.858612,0.12704468,2.8614337
98,428.48007,366.59116,429.68716,367.04446,1.2070923,0.4533081,1.289403
98,224.25475,157.86244,226.39964,158.25761,2.1448975,0.39517212,2.1809964
98,275.27826,245.12369,278.62814,244.5859,3.349884,-0.53778076,3.3927763
98,243.18976,461.9799,244.69041,461.12857,1.5006561,-0.85131836,1.725315
98,277.98956,374.5383,278.58884,373.9542,0.5992737,-0.58410645,0.83684486
98,162.1289,342.45206,164.62352,341.64896,2.4946136,-0.8031006,2.6207
98,241.28654,330.76703,243.47566,330.17944,2.1891174,-0.58758545,2.2666035
98,55.109035,159.01355,54.34447,159.1637,-0.7645645,0.15014648,0.77916807
98,741.2919,229.53699,738.32587,229.42552,-2.9660034,-0.111465454,2.9680972
98,828.9462,201.9426,834.1338,202.03642,5.187561,0.093826294,5.1884093
98,186.02017,564.2848,185.61418,564.5613,-0.4059906,0.27648926,0.4911972
98,315.29095,273.33566,317.1836,274.25198,1.8926392,0.9163208,2.10279
98,250.08557,367.4565,251.5594,366.63788,1.4738312,-0.81863403,1.685924
98,395.70248,157.12987,393.6574,157.38782,-2.0450745,0.25794983,2.0612783
98,781.6097,153.31754,794.5719,153.39845,12.962219,0.08091736,12.962472
98,831.7937,563.02826,836.43317,563.24646,4.6394653,0.21820068,4.6445937
98,516.1861,453.06082,514.5813,452.27768,-1.6047974,-0.7831421,1.7856892
98,975.9177,157.95242,975.2741,158.5999,-0.6436157,0.6474762,0.91294396
98,728.49054,150.71532,728.75165,151.07904,0.2611084,0.36372375,0.44774163
98,450.93433,319.97537,454.1972,321.8379,3.2628784,1.8625183,3.75704
98,338.75317,307.3112,342.3581,306.3833,3.6049194,-0.92788696,3.7224212
98,865.2448,104.27532,878.24457,100.31167,12.999756,-3.9636536,13.590592
98,634.08215,205.8846,623.0835,205.94975,-10.998657,0.06515503,10.99885
98,667.2591,202.7912,667.2703,202.57674,0.011230469,-0.21446228,0.21475613
98,691.6578,461.63635,686.88135,466.06635,-4.776428,4.4299927,6.51453
98,14.421635,243.5433,13.943117,244.12839,-0.47851753,0.585083,0.75584465
98,351.80768,160.58665,351.07007,161.03047,-0.73760986,0.44381714,0.860838
98,656.3661,91.461845,669.3779,90.5789,13.011841,-0.8829422,13.041763
98,627.89825,562.23175,636.9395,562.1525,9.04126,-0.07922363,9.041607
98,373.4914,342.00458,377.29984,337.63037,3.8084412,-4.3742065,5.7998195
98,314.79196,194.59087,317.32294,195.14697,2.5309753,0.55610657,2.5913491
98,786.5492,135.5949,802.51184,137.985,15.9626465,2.3901062,16.14059
98,655.5527,295.7992,652.6678,295.86978,-2.8848877,0.07058716,2.8857512
98,252.67043,158.75024,251.63165,159.34703,-1.0387726,0.5967865,1.1979994
98,782.8376,160.27507,798.4224,159.88928,15.584839,-0.38578796,15.589613
98,343.78928,454.47476,345.0176,454.20834,1.2283325,-0.26641846,1.2568928
98,774.27264,378.77283,779.7953,388.30048,5.522644,9.527649,11.012525
98,559.8485,246.62979,562.73755,249.56622,2.889038,2.936432,4.1193657
98,237.77818,364.82578,239.06198,364.31268,1.2837982,-0.51309204,1.3825344
98,248.361,148.4113,248.95032,148.78705,0.58932495,0.37574768,0.6989207
99,444.69757,241.67076,448.17267,242.11588,3.4750977,0.44511414,3.5034883
99,219.08348,360.46884,220.46722,359.84225,1.3837433,-0.6265869,1.5189985
99,238.49995,450.5168,239.74438,449.34415,1.2444305,-1.1726685,1.7099001
99,231.87949,338.81863,233.48918,338.3333,1.6096954,-0.48532104,1.6812662
99,221.6106,388.92044,223.04295,388.60736,1.4323578,-0.31307983,1.4661745
99,451.81396,293.62323,455.0861,293.40115,3.2721252,-0.22207642,3.2796526
99,429.68716,367.04446,430.73883,367.7842,1.0516663,0.7397461,1.2857785
99,226.39964,158.25761,227.07765,158.52739,0.67800903,0.2697754,0.72970885
99,278.62814,244.5859,282.1626,244.26982,3.5344543,-0.31608582,3.54856
99,244.69041,461.12857,245.5407,460.01776,0.85028076,-1.1108093,1.3988833
99,278.58884,373.9542,281.1429,373.33444,2.5540771,-0.619751,2.6281936
99,164.62352,341.64896,167.87965,340.81958,3.256134,-0.8293762,3.3601003
99,243.47566,330.17944,245.20212,329.58502,1.7264557,-0.5944214,1.8259206
99,54.34447,159.1637,55.61439,159.42262,1.2699203,0.2589264,1.296048
99,738.32587,229.42552,736.41956,230.71991,-1.906311,1.2943878,2.3042269
99,834.1338,202.03642,838.2467,202.10622,4.112915,0.0697937,4.1135073
99,185.61418,564.5613,196.08873,564.9326,10.474548,0.3713379,10.481129
99,317.1836,274.25198,322.56015,276.90234,5.3765564,2.65036,5.9943113
99,251.5594,366.63788,252.555,365.9764,0.9955902,-0.6614685,1.1952994
99,393.6574,157.38782,394.27283,157.74191,0.6154175,0.35409546,0.71001565
99,794.5719,153.39845,798.0159,153.46165,3.4440308,0.063201904,3.4446108
99,836.43317,563.24646,838.8858,563.645,2.4526367,0.39855957,2.4848092
99,514.5813,452.27768,518.2167,457.78314,3.635376,5.5054626,6.5974298
99,975.2741,158.5999,978.5104,158.20697,3.236267,-0.39292908,3.2600334
99,728.75165,151.07904,730.188,151.12344,1.4363403,0.044403076,1.4370266
99,454.1972,321.8379,457.10474,320.01154,2.9075317,-1.826355,3.433557
99,342.3581,306.3833,349.37875,307.35547,7.0206604,0.97216797,7.08765
99,878.24457,100.31167,877.578,97.73774,-0.66656494,-2.5739288,2.6588378
99,623.0835,205.94975,626.16693,206.8798,3.083435,0.9300537,3.2206478
99,667.2703,202.57674,671.1225,203.03352,3.8521729,0.4567871,3.879161
99,686.88135,466.06635,685.0257,465.51828,-1.8556519,-0.5480652,1.9348952
99,13.943117,244.12839,14.291204,244.26445,0.3480873,0.13606262,0.37373495
99,351.07007,161.03047,354.46237,161.3692,3.3923035,0.33872986,3.409173
99,669.3779,90.5789,673.34534,81.57224,3.9674072,-9.00666,9.841761
99,636.9395,562.1525,638.4931,562.4324,1.5535889,0.2798462,1.5785918
99,377.29984,337.63037,374.3977,338.78226,-2.9021301,1.151886,3.122371
99,317.32294,195.14697,316.1802,195.37834,-1.1427307,0.23136902,1.1659181
99,802.51184,137.985,811.4336,138.74359,8.921753,0.7585907,8.953945
99,652.6678,295.86978,647.45575,296.43265,-5.212036,0.5628662,5.242341
99,251.63165,159.34703,250.37836,159.5459,-1.2532959,0.1988678,1.2689756
99,798.4224,159.88928,800.2589,160.11551,1.8364868,0.2262268,1.8503681
99,345.0176,454.20834,345.41806,453.93503,0.40045166,-0.27331543,0.48483282
99,779.7953,388.30048,785.4397,389.6806,5.644409,1.380127,5.810689
99,562.73755,249.56622,558.4633,252.3315,-4.274231,2.765274,5.0907555
99,239.06198,364.31268,240.23027,363.51285,1.1682892,-0.7998352,1.4158517
99,248.95032,148.78705,246.52309,148.99251,-2.4272308,0.2054596,2.4359112
100,448.17267,242.11588,451.4316,242.56702,3.2589417,0.45114136,3.2900198
100,220.46722,359.84225,221.58969,359.58212,1.122467,-0.26013184,1.1522156
100,239.74438,449.34415,241.12262,448.56702,1.3782349,-0.7771301,1.5822334
100,233.48918,338.3333,235.4002,337.80847,1.911026,-0.5248413,1.9817867
100,223.04295,388.60736,224.3593,388.38098,1.3163452,-0.2263794,1.3356693
100,455.0861,293.40115,458.3895,293.67395,3.3034058,0.27279663,3.3146505
100,430.73883,367.7842,431.42426,368.0981,0.6854248,0.3139038,0.7538851
100,227.07765,158.52739,222.23964,158.7873,-4.8380127,0.25990295,4.844989
100,282.1626,244.26982,285.62534,243.90057,3.462738,-0.36924744,3.4823697
100,245.5407,460.01776,246.21703,459.24423,0.67633057,-0.77352905,1.0275067
100,281.1429,373.33444,279.39618,372.93732,-1.7467346,-0.39712524,1.7913097
100,167.87965,340.81958,171.27025,340.16205,3.3905945,-0.65753174,3.453763
100,245.20212,329.58502,247.28018,329.14377,2.078064,-0.44125366,2.1243951
100,55.61439,159.42262,54.576946,159.69104,-1.0374451,0.26841736,1.0716063
100,736.41956,230.71991,742.2373,229.62949,5.817749,-1.0904236,5.919056
100,838.2467,202.10622,833.23517,202.49286,-5.0115356,0.38664246,5.026428
100,196.08873,564.9326,198.40875,565.169,2.3200226,0.23638916,2.3320346
100,322.56015,276.90234,324.62173,280.77722,2.0615845,3.874878,4.3891697
100,252.555,365.9764,253.50974,365.39426,0.95474243,-0.5821533,1.1182288
100,394.27283,157.74191,394.39157,157.91246,0.1187439,0.17054749,0.20781375
100,798.0159,153.46165,799.5546,153.96925,1.5386963,0.5075989,1.6202601
100,838.8858,563.645,845.1759,563.86896,6.2901,0.22393799,6.294085
100,518.2167,457.78314,513.5978,453.5802,-4.6188965,-4.202942,6.2449117
100,978.5104,158.20697,979.0668,159.40965,0.5563965,1.2026825,1.3251499
100,730.188,151.12344,730.0083,151.5225,-0.1796875,0.3990631,0.43765163
100,457.10474,320.01154,459.7294,318.7018,2.6246643,-1.3097229,2.9332979
100,349.37875,307.35547,353.48767,307.04404,4.108917,-0.31143188,4.1207027
100,877.578,97.73774,880.74274,99.58559,3.164734,1.847847,3.6647072
100,626.16693,206.8798,627.7395,206.67021,1.5725708,-0.20959473,1.5864769
100,671.1225,203.03352,665.63,203.67722,-5.4924927,0.643692,5.5300827
100,685.0257,465.51828,683.0879,465.49936,-1.9378052,-0.018920898,1.9378976
100,14.291204,244.26445,13.847469,244.49405,-0.44373512,0.229599,0.4996164
100,354.46237,161.3692,351.50272,161.55734,-2.9596558,0.18814087,2.9656296
100,673.34534,81.57224,684.632,65.27472,11.286682,-16.297523,19.824188
100,638.4931,562.4324,640.91364,562.9125,2.4205322,0.48010254,2.4676862
100,374.3977,338.78226,370.24753,339.41348,-4.150177,0.6312256,4.197906
100,316.1802,195.37834,318.83755,196.386,2.6573486,1.0076599,2.8419852
100,811.4336,138.74359,818.46313,137.41614,7.029541,-1.3274536,7.153781
100,647.45575,296.43265,652.99347,299.48746,5.5377197,3.0548096,6.324413
100,250.37836,159.5459,253.66882,159.52797,3.2904663,-0.017929077,3.2905152
100,800.2589,160.11551,806.1729,160.11798,5.9140015,0.0024719238,5.9140024
100,345.41806,453.93503,346.2605,454.0443,0.84243774,0.10928345,0.8494964
100,785.4397,389.6806,788.42163,386.1804,2.9819336,-3.5002136,4.598198
100,558.4633,252.3315,555.33044,251.02367,-3.1328735,-1.3078308,3.3948958
100,240.23027,363.51285,241.38194,362.73663,1.1516724,-0.7762146,1.3888334
100,246.52309,148.99251,245.88567,149.23375,-0.63742065,0.24124146,0.68154424
101,451.4316,242.56702,454.42258,243.07536,2.9909668,0.50834656,3.0338588
101,221.58969,359.58212,223.11917,359.233,1.52948,-0.3491211,1.5688195
101,241.12262,448.56702,242.52663,447.89496,1.404007,-0.6720581,1.556566
101,235.4002,337.80847,237.19475,337.3424,1.7945404,-0.46606445,1.8540742
101,224.3593,388.38098,225.7886,387.83234,1.429306,-0.548645,1.5309889
101,458.3895,293.67395,461.2321,293.91852,2.8425903,0.24456787,2.8530917
101,431.42426,368.0981,432.1528,368.67722,0.72854614,0.57910156,0.93066543
101,222.23964,158.7873,217.76147,158.8718,-4.4781647,0.084503174,4.478962
101,285.62534,243.90057,289.00552,243.53197,3.380188,-0.36860657,3.4002266
101,246.21703,459.24423,247.94936,458.6681,1.7323303,-0.57614136,1.8256252
101,279.39618,372.93732,278.54178,372.45844,-0.85440063,-0.47888184,0.979453
101,171.27025,340.16205,175.63348,339.3328,4.3632355,-0.82925415,4.4413385
101,247.28018,329.14377,249.28012,328.67868,1.999939,-0.4650879,2.0533054
101,54.576946,159.69104,54.649513,160.05412,0.072566986,0.3630829,0.37026364
101,742.2373,229.62949,739.67944,227.79565,-2.5578613,-1.8338318,3.1473153
101,833.23517,202.49286,842.44604,202.25024,9.210876,-0.24261475,9.214071
101,198.40875,565.169,197.2158,565.3016,-1.1929474,0.13256836,1.2002908
101,324.62173,280.77722,330.4419,281.83633,5.82016,1.0591125,5.91574
101,253.50974,365.39426,254.96136,365.05054,1.4516296,-0.34371948,1.491768
101,394.39157,157.91246,385.7331,158.32823,-8.658478,0.41577148,8.668454
101,799.5546,153.96925,800.2963,154.40228,0.7416992,0.43302917,0.858855
101,845.1759,563.86896,845.5602,564.0661,0.38427734,0.19714355,0.4318966
101,513.5978,453.5802,515.22076,455.92328,1.6229858,2.3430786,2.8502808
101,979.0668,159.40965,979.45416,159.2288,0.38739014,-0.18084717,0.42752403
101,730.0083,151.5225,718.5003,152.1038,-11.507996,0.5812988,11.522668
101,459.7294,318.7018,462.83112,318.61523,3.101715,-0.08657837,3.1029232
101,353.48767,307.04404,360.5937,321.85315,7.106018,14.809113,16.42575
101,880.74274,99.58559,871.9531,95.318985,-8.789612,-4.2666016,9.770423
101,627.7395,206.67021,629.8307,207.07364,2.0911865,0.40342712,2.1297452
101,665.63,203.67722,664.3965,203.89308,-1.2335205,0.21586609,1.2522664
101,683.0879,465.49936,685.6178,458.1524,2.5299072,-7.3469543,7.770339
101,13.847469,244.49405,13.173462,245.5572,-0.6740074,1.0631561,1.2588038
101,351.50272,161.55734,354.7994,161.65517,3.296692,0.0978241,3.298143
101,684.632,65.27472,696.2997,70.878555,11.667664,5.603836,12.943623
101,640.91364,562.9125,644.39056,563.013,3.4769287,0.1005249,3.4783816
101,370.24753,339.41348,366.17032,343.58762,-4.0772095,4.1741333,5.834983
101,318.83755,196.386,318.9368,196.55246,0.099243164,0.16645813,0.1937976
101,818.46313,137.41614,819.966,141.27975,1.5028687,3.863617,4.145618
101,652.99347,299.48746,650.9239,309.0854,-2.06958,9.597931,9.818525
101,253.66882,159.52797,253.30284,159.77516,-0.36598206,0.24719238,0.44164118
101,806.1729,160.11798,806.96387,160.61447,0.7909546,0.49649048,0.93386936
101,346.2605,454.0443,346.62106,453.83142,0.3605652,-0.21289062,0.41872385
101,788.42163,386.1804,801.59125,388.78723,13.169617,2.606842,13.425141
101,555.33044,251.02367,557.157,250.35956,1.8265381,-0.6641083,1.9435229
101,241.38194,362.73663,242.72392,362.36676,1.34198,-0.36987305,1.3920188
101,245.88567,149.23375,246.37498,149.52551,0.48931885,0.2917633,0.5697006
102,454.42258,243.07536,457.59097,243.38722,3.168396,0.31185913,3.1837068
102,223.11917,359.233,224.77733,359.04904,1.6581573,-0.18395996,1.6683307
102,242.52663,447.89496,244.35109,447.35437,1.8244629,-0.5405884,1.9028665
102,237.19475,337.3424,239.3272,336.86856,2.1324463,-0.47384644,2.184458
102,225.7886,387.83234,227.58481,388.13275,1.7962036,0.30041504,1.8211526
102,461.2321,293.91852,464.2604,294.40295,3.0283203,0.48443604,3.0668228
102,432.1528,368.67722,433.5868,369.5494,1.4339905,0.8721924,1.6784065
102,217.76147,158.8718,219.32533,159.31961,1.563858,0.44781494,1.6267115
102,289.00552,243.53197,292.33105,243.38297,3.325531,-0.14900208,3.3288674
102,247.94936,458.6681,250.21204,458.09644,2.26268,-0.5716553,2.333776
102,278.54178,372.45844,280.42664,372.34042,1.8848572,-0.118011475,1.888548
102,175.63348,339.3328,179.72224,338.54855,4.0887604,-0.7842407,4.1632915
102,249.28012,328.67868,251.5178,328.1633,2.2376862,-0.51538086,2.2962701
102,54.649513,160.05412,54.75643,160.39426,0.106918335,0.34013367,0.35654232
102,739.67944,227.79565,729.4151,227.82289,-10.264343,0.027236938,10.2643795
102,842.44604,202.25024,842.5555,202.7432,0.109436035,0.49295044,0.5049519
102,197.2158,565.3016,197.08607,565.7337,-0.12973022,0.4321289,0.45118216
102,330.4419,281.83633,335.3327,283.97687,4.890808,2.1405334,5.338716
102,254.96136,365.05054,256.76648,364.60526,1.8051147,-0.44528198,1.8592244
102,385.7331,158.32823,386.50024,158.35785,0.7671509,0.02961731,0.76772237
102,800.2963,154.40228,802.1172,154.27238,1.8208618,-0.12989807,1.8254893
102,845.5602,564.0661,857.3545,564.4167,11.794312,0.35058594,11.799521
102,515.22076,455.92328,515.8933,458.3176,0.6725464,2.3943176,2.4869812
102,979.45416,159.2288,975.393,159.46046,-4.061157,0.23165894,4.067759
102,718.5003,152.1038,713.6311,152.34647,-4.8692017,0.24266052,4.8752446
102,462.83112,318.61523,465.68918,316.8955,2.8580627,-1.7197266,3.3355632
102,360.5937,321.85315,367.06143,317.5316,6.467743,-4.3215637,7.778664
102,871.9531,95.318985,877.1995,91.257935,5.246399,-4.0610504,6.634518
102,629.8307,207.07364,623.14996,207.35097,-6.680725,0.2773285,6.686479
102,664.3965,203.89308,657.6256,203.76619,-6.770874,-0.12689209,6.772063
102,685.6178,458.1524,683.4036,451.34274,-2.2141724,-6.809662,7.1605906
102,13.173462,245.5572,12.619312,245.48445,-0.5541496,-0.072753906,0.5589051
102,354.7994,161.65517,357.20135,161.94173,2.401947,0.28656006,2.4189804
102,696.2997,70.878555,705.75867,73.52789,9.458984,2.6493378,9.823003
102,644.39056,563.013,644.8005,563.44366,0.4099121,0.43066406,0.59455824
102,366.17032,343.58762,370.6011,340.63876,4.430786,-2.9488525,5.3223677
102,318.9368,196.55246,319.49753,196.86662,0.56073,0.3141632,0.6427415
102,819.966,141.27975,821.3554,139.88455,1.3894043,-1.3952026,1.9690187
102,650.9239,309.0854,655.6232,312.61386,4.699341,3.528473,5.8765574
102,253.30284,159.77516,258.75543,160.20822,5.452591,0.4330597,5.4697614
102,806.96387,160.61447,806.23615,160.42723,-0.72772217,-0.1872406,0.7514244
102,346.62106,453.83142,346.66068,453.95724,0.039611816,0.12582397,0.13191196
102,801.59125,388.78723,794.952,395.6177,-6.639221,6.830475,9.525474
102,557.157,250.35956,555.35986,252.99101,-1.7971191,2.6314545,3.186564
102,242.72392,362.36676,245.00432,361.77676,2.2803955,-0.58999634,2.3554828
102,246.37498,149.52551,245.22617,149.99234,-1.148819,0.4668274,1.2400455
103,457.59097,243.38722,460.57104,243.84323,2.980072,0.4560089,3.014759
103,224.77733,359.04904,227.11497,358.62753,2.3376465,-0.4215088,2.3753443
103,244.35109,447.35437,246.14532,446.8313,1.7942352,-0.5230713,1.8689258
103,239.3272,336.86856,241.68831,336.51022,2.3611145,-0.3583374,2.3881514
103,227.58481,388.13275,229.54333,387.4982,1.9585266,-0.634552,2.0587575
103,464.2604,294.40295,467.14853,294.5422,2.8881226,0.13925171,2.8914778
103,433.5868,369.5494,435.12573,369.62982,1.5389404,0.08041382,1.54104
103,219.32533,159.31961,221.30878,159.31926,1.9834442,-0.00035095215,1.9834443
103,292.33105,243.38297,295.3947,243.27788,3.0636597,-0.10508728,3.0654614
103,250.21204,458.09644,252.00246,457.5722,1.7904205,-0.52423096,1.8655894
103,280.42664,372.34042,281.47086,371.92157,1.04422,-0.41885376,1.1250929
103,179.72224,338.54855,180.53403,338.47644,0.81178284,-0.07211304,0.81497955
103,251.5178,328.1633,253.73302,328.2507,2.21521,0.087402344,2.2169335
103,54.75643,160.39426,54.402706,160.79099,-0.35372543,0.39672852,0.53152156
103,729.4151,227.82289,741.71216,230.4273,12.297058,2.604416,12.56983
103,842.5555,202.7432,843.1337,203.35622,0.5782471,0.61302185,0.8427131
103,197.08607,565.7337,199.45815,566.2313,2.3720703,0.49761963,2.4237044
103,335.3327,283.97687,339.74258,286.72302,4.4098816,2.7461548,5.1950383
103,256.76648,364.60526,257.96606,364.24,1.199585,-0.3652649,1.2539628
103,386.50024,158.35785,390.67236,158.47498,4.172119,0.117126465,4.173763
103,802.1172,154.27238,807.35474,154.2918,5.237549,0.01940918,5.237585
103,857.3545,564.4167,858.91846,564.8623,1.5639648,0.44561768,1.6262107
103,515.8933,458.3176,516.89056,459.1251,0.9972534,0.8074951,1.2831846
103,975.393,159.46046,980.90063,160.14519,5.5076294,0.6847229,5.5500298
103,713.6311,152.34647,713.5986,151.93239,-0.03253174,-0.41407776,0.41535372
103,465.68918,316.8955,468.922,317.90515,3.2328186,1.0096436,3.3868122
103,367.06143,317.5316,367.33038,323.11383,0.26895142,5.582245,5.58872
103,877.1995,91.257935,879.40137,85.21163,2.2018433,-6.046303,6.434741
103,623.14996,207.35097,623.3976,208.0579,0.24761963,0.7069397,0.7490522
103,657.6256,203.76619,655.52606,204.15411,-2.0995483,0.3879242,2.135085
103,683.4036,451.34274,680.4658,431.54968,-2.9378052,-19.79306,20.009895
103,12.619312,245.48445,12.344998,245.48502,-0.27431393,0.0005645752,0.27431452
103,357.20135,161.94173,359.3707,161.98389,2.169342,0.042160034,2.1697516
103,705.75867,73.52789,708.19855,69.39115,2.4398804,-4.1367416,4.802671
103,644.8005,563.44366,641.09235,563.91064,-3.70813,0.46697998,3.7374184
103,370.6011,340.63876,370.4166,342.35092,-0.18450928,1.7121582,1.7220713
103,319.49753,196.86662,319.90274,196.97096,0.4052124,0.1043396,0.4184302
103,821.3554,139.88455,836.10425,139.65106,14.74884,-0.23348999,14.750689
103,655.6232,312.61386,664.25214,319.57776,8.628906,6.9638977,11.088458
103,258.75543,160.20822,263.4997,160.38281,4.7442627,0.17459106,4.747474
103,806.23615,160.42723,811.0834,160.44682,4.847229,0.019592285,4.8472686
103,346.66068,453.95724,352.12665,454.1776,5.465973,0.22036743,5.470413
103,794.952,395.6177,793.0851,385.15152,-1.8669434,-10.466187,10.631393
103,555.35986,252.99101,561.5525,255.8891,6.192627,2.8980865,6.837217
103,245.00432,361.77676,247.1831,361.17853,2.1787872,-0.5982361,2.2594247
103,245.22617,149.99234,245.54349,150.17146,0.31732178,0.17912292,0.36438733
104,460.57104,243.84323,463.66302,244.22588,3.09198,0.38264465,3.1155667
104,227.11497,358.62753,229.55083,358.62717,2.435852,-0.00036621094,2.435852
104,246.14532,446.8313,248.5948,446.50052,2.4494781,-0.33078003,2.4717116
104,241.68831,336.51022,244.37912,336.44077,2.6908112,-0.06945801,2.6917076
104,229.54333,387.4982,232.2121,387.28125,2.6687622,-0.21694946,2.6775658
104,467.14853,294.5422,470.01355,295.22348,2.8650208,0.6812744,2.9449072
104,435.12573,369.62982,437.78024,370.15414,2.6545105,0.5243225,2.7057974
104,221.30878,159.31926,222.30412,159.76071,0.99534607,0.44145203,1.0888497
104,295.3947,243.27788,298.80402,243.11902,3.4093018,-0.15885925,3.4130008
104,252.00246,457.5722,254.5376,457.24286,2.535141,-0.3293457,2.5564444
104,281.47086,371.92157,281.58722,372.00613,0.116363525,0.08456421,0.14384566
104,180.53403,338.47644,181.73778,338.46692,1.2037506,-0.009521484,1.2037883
104,253.73302,328.2507,256.65222,327.7748,2.9192047,-0.4758911,2.9577403
104,54.402706,160.79099,55.294388,160.76547,0.8916817,-0.025512695,0.8920466
104,741.71216,230.4273,731.73724,229.23755,-9.974915,-1.1897583,10.045618
104,843.1337,203.35622,845.3667,203.33527,2.2329712,-0.020950317,2.2330694
104,199.45815,566.2313,204.2549,566.47015,4.796753,0.23883057,4.802695
104,339.74258,286.72302,342.34006,281.2325,2.5974731,-5.490509,6.073924
104,257.96606,364.24,263.05536,364.01053,5.0892944,-0.22946167,5.094465
104,390.67236,158.47498,380.55682,158.78246,-10.11554,0.30747986,10.120212
104,807.35474,154.2918,802.6449,154.44473,-4.709839,0.15293884,4.7123213
104,858.91846,564.8623,863.7094,564.8588,4.7909546,-0.003479004,4.7909555
104,516.89056,459.1251,522.46765,463.87357,5.5770874,4.748474,7.324746
104,980.90063,160.14519,974.27356,160.14088,-6.627075,-0.0043029785,6.6270766
104,713.5986,151.93239,712.719,152.40416,-0.87957764,0.47177124,0.9981107
104,468.922,317.90515,471.86032,319.50897,2.938324,1.6038208,3.3475347
104,367.33038,323.11383,371.21106,315.81122,3.8806763,-7.3026123,8.269691
104,879.40137,85.21163,872.77606,86.802086,-6.625305,1.5904541,6.813532
104,623.3976,208.0579,620.57764,207.88275,-2.8199463,-0.17515564,2.8253808
104,655.52606,204.15411,655.4016,204.22272,-0.12445068,0.068603516,0.14210705
104,680.4658,431.54968,690.2213,435.1334,9.755493,3.5837097,10.392912
104,12.344998,245.48502,10.97713,246.52211,-1.3678684,1.0370941,1.7165745
104,359.3707,161.98389,363.11343,162.26567,3.7427368,0.28178406,3.7533293
104,708.19855,69.39115,706.6085,63.25548,-1.5900269,-6.1356697,6.338346
104,641.09235,563.91064,640.8933,564.2706,-0.19903564,0.35998535,0.41134492
104,370.4166,342.35092,370.8185,340.63,0.4019165,-1.7209167,1.767227
104,319.90274,196.97096,324.64542,197.65228,4.742676,0.6813202,4.791364
104,836.10425,139.65106,831.4971,139.24284,-4.6071777,-0.40821838,4.6252275
104,664.25214,319.57776,655.6901,325.06476,-8.562012,5.4869995,10.169327
104,263.4997,160.38281,265.8576,160.76805,2.3579102,0.38523865,2.3891733
104,811.0834,160.44682,805.45135,160.621,-5.632019,0.17417908,5.6347117
104,352.12665,454.1776,350.57703,454.02756,-1.5496216,-0.15005493,1.5568699
104,793.0851,385.15152,788.2127,374.9092,-4.8723755,-10.24231,11.342176
104,561.5525,255.8891,559.4139,257.48914,-2.1386108,1.6000366,2.6709125
104,247.1831,361.17853,251.02747,361.01944,3.8443604,-0.15908813,3.8476505
104,245.54349,150.17146,249.77773,150.47023,4.2342377,0.2987671,4.244765
105,463.66302,244.22588,466.9975,244.50987,3.3344727,0.28399658,3.3465447
105,229.55083,358.62717,232.90953,358.5617,3.3587036,-0.065460205,3.3593414
105,248.5948,446.50052,251.81721,446.50168,3.222412,0.001159668,3.2224123
105,244.37912,336.44077,247.53877,336.28952,3.1596527,-0.15124512,3.1632705
105,232.2121,387.28125,235.44635,387.37772,3.234253,0.096466064,3.2356913
105,470.01355,295.22348,473.3833,295.31393,3.369751,0.0904541,3.3709648
105,437.78024,370.15414,440.37518,370.5506,2.5949402,0.39645386,2.6250505
105,222.30412,159.76071,221.44098,159.78955,-0.8631439,0.028839111,0.8636256
105,298.80402,243.11902,302.07053,242.85558,3.26651,-0.263443,3.277116
105,254.5376,457.24286,257.5368,457.24533,2.9992065,0.0024719238,2.9992075
105,281.58722,372.00613,279.31656,371.88397,-2.2706604,-0.122161865,2.2739441
105,181.73778,338.46692,184.63516,338.3558,2.8973846,-0.1111145,2.8995144
105,256.65222,327.7748,259.75638,327.73447,3.1041565,-0.04034424,3.1044188
105,55.294388,160.76547,54.920307,161.16399,-0.37408066,0.3985138,0.5465799
105,731.73724,229.23755,736.6853,231.5239,4.948059,2.2863464,5.4507494
105,845.3667,203.33527,857.0035,203.98894,11.63678,0.65367126,11.655125
105,204.2549,566.47015,203.66922,566.8747,-0.5856781,0.40454102,0.71180916
105,342.34006,281.2325,345.76538,280.75827,3.4253235,-0.47424316,3.4579976
105,263.05536,364.01053,266.1893,363.86194,3.1339417,-0.14859009,3.1374624
105,380.55682,158.78246,382.3743,159.22438,1.8174744,0.44192505,1.8704307
105,802.6449,154.44473,803.95087,154.41226,1.3059692,-0.032470703,1.3063729
105,863.7094,564.8588,854.66626,565.49475,-9.043152,0.6359253,9.065484
105,522.46765,463.87357,526.7448,460.89072,4.2771606,-2.9828491,5.214546
105,974.27356,160.14088,975.18243,160.56003,0.9088745,0.41914368,1.0008668
105,712.719,152.40416,721.63696,152.61548,8.917969,0.21131897,8.920472
105,471.86032,319.50897,475.0045,316.90195,3.144165,-2.6070251,4.0844035
105,371.21106,315.81122,373.20822,314.1654,1.9971619,-1.645813,2.5879252
105,872.77606,86.802086,877.4893,89.05667,4.713257,2.2545853,5.2247434
105,620.57764,207.88275,618.553,208.24657,-2.0246582,0.3638153,2.0570858
105,655.4016,204.22272,666.2814,204.63297,10.879761,0.4102478,10.887493
105,690.2213,435.1334,689.4524,433.18845,-0.7689209,-1.9449463,2.0914242
105,10.97713,246.52211,10.370682,247.28944,-0.6064482,0.767334,0.9780495
105,363.11343,162.26567,362.22586,162.55571,-0.88757324,0.29003906,0.93376064
105,706.6085,63.25548,697.07666,62.103546,-9.53186,-1.1519356,9.601214
105,640.8933,564.2706,645.30804,564.614,4.414734,0.3433838,4.428068
105,370.8185,340.63,373.12823,340.7725,2.309723,0.14248657,2.3141136
105,324.64542,197.65228,325.4313,197.31348,0.7858887,-0.33880615,0.8558099
105,831.4971,139.24284,835.45917,138.9987,3.9620972,-0.24414062,3.969612
105,655.6901,325.06476,656.6856,322.2617,0.9954834,-2.80307,2.9745905
105,265.8576,160.76805,265.74756,160.43239,-0.11004639,-0.33566284,0.35324177
105,805.45135,160.621,813.26355,160.48846,7.812195,-0.13253784,7.813319
105,350.57703,454.02756,354.8491,454.19113,4.272064,0.16357422,4.2751946
105,788.2127,374.9092,793.4151,382.5548,5.2023926,7.6455994,9.247706
105,559.4139,257.48914,568.6329,263.91467,9.218994,6.425537,11.237321
105,251.02747,361.01944,254.40793,360.7419,3.3804626,-0.27752686,3.3918357
105,249.77773,150.47023,254.36926,150.49925,4.5915375,0.029022217,4.591629
106,466.9975,244.50987,470.18646,244.71388,3.1889648,0.20401001,3.195484
106,232.90953,358.5617,236.87451,358.40384,3.964981,-0.15786743,3.9681227
106,251.81721,446.50168,255.44666,446.38754,3.6294403,-0.11413574,3.6312346
106,247.53877,336.28952,251.43681,336.2438,3.8980408,-0.045715332,3.8983088
106,235.44635,387.37772,239.14764,387.35873,3.701294,-0.018981934,3.7013428
106,473.3833,295.31393,476.59732,295.56183,3.2140198,0.24789429,3.2235656
106,440.37518,370.5506,443.99033,370.67047,3.6151428,0.11987305,3.6171298
106,221.44098,159.78955,239.33492,160.17783,17.893936,0.38827515,17.898148
106,302.07053,242.85558,305.37906,243.29596,3.3085327,0.4403839,3.337713
106,257.5368,457.24533,260.69598,457.06635,3.1591797,-0.1789856,3.1642458
106,279.31656,371.88397,280.42386,371.84213,1.1072998,-0.0418396,1.10809
106,184.63516,338.3558,187.77077,338.53476,3.1356049,0.17895508,3.1407075
106,259.75638,327.73447,263.64053,327.71924,3.8841553,-0.0152282715,3.884185
106,54.920307,161.16399,55.400024,161.44928,0.47971725,0.28529358,0.55814075
106,736.6853,231.5239,722.17334,235.25414,-14.511963,3.7302399,14.983716
106,857.0035,203.98894,863.25757,203.94135,6.2540894,-0.047592163,6.2542706
106,203.66922,566.8747,203.30183,567.34283,-0.36738586,0.46813965,0.5950858
106,345.76538,280.75827,348.9736,283.6327,3.2082214,2.8744202,4.3075485
106,266.1893,363.86194,268.97977,364.19086,2.7904663,0.32891846,2.8097847
106,382.3743,159.22438,385.13995,159.27643,2.7656555,0.05204773,2.7661452
106,803.95087,154.41226,809.6155,154.57019,5.664612,0.15792847,5.666813
106,854.66626,565.49475,855.1496,565.7067,0.4833374,0.2119751,0.5277769
106,526.7448,460.89072,531.5727,457.9022,4.827881,-2.9885254,5.678003
106,975.18243,160.56003,977.00745,160.14163,1.8250122,-0.418396,1.8723581
106,721.63696,152.61548,719.48267,152.71814,-2.1542969,0.10266113,2.1567416
106,475.0045,316.90195,478.42618,317.02484,3.421692,0.12289429,3.4238982
106,373.20822,314.1654,381.42172,302.46732,8.213501,-11.69809,14.293597
106,877.4893,89.05667,884.2806,101.84398,6.79126,12.787308,14.478827
106,618.553,208.24657,612.13916,209.36871,-6.4138184,1.1221466,6.5112424
106,666.2814,204.63297,658.38965,204.76183,-7.8917236,0.12886047,7.8927755
106,689.4524,433.18845,690.4462,424.13547,0.99383545,-9.0529785,9.107367
106,10.370682,247.28944,10.521739,247.37996,0.15105724,0.09051514,0.17610021
106,362.22586,162.55571,364.14722,163.03351,1.9213562,0.47779846,1.979874
106,697.07666,62.103546,699.1419,59.435825,2.0652466,-2.6677208,3.3737185
106,645.30804,564.614,644.5004,565.0269,-0.8076172,0.41290283,0.907047
106,373.12823,340.7725,371.382,339.45273,-1.7462463,-1.3197632,2.1888697
106,325.4313,197.31348,338.48886,197.3914,13.057556,0.077926636,13.057789
106,835.45917,138.9987,836.5176,137.27048,1.0584106,-1.7282257,2.026573
106,656.6856,322.2617,652.85815,328.1643,-3.8274536,5.9026184,7.0349345
106,265.74756,160.43239,263.76993,160.94292,-1.9776306,0.51052856,2.0424647
106,813.26355,160.48846,818.84985,160.76172,5.5863037,0.2732544,5.592983
106,354.8491,454.19113,357.2077,454.19052,2.358612,-0.00061035156,2.358612
106,793.4151,382.5548,777.5343,369.21997,-15.880798,-13.334839,20.736868
106,568.6329,263.91467,570.7718,263.17197,2.138916,-0.7427063,2.264194
106,254.40793,360.7419,258.27313,360.93317,3.8652039,0.19125366,3.8699327
106,254.36926,150.49925,254.28036,150.74521,-0.088897705,0.24595642,0.2615289
107,470.18646,244.71388,473.3242,244.73015,3.1377258,0.01626587,3.137768
107,236.87451,358.40384,240.95847,358.44565,4.083954,0.041809082,4.0841675
107,255.44666,446.38754,259.29272,446.5642,3.8460693,0.17666626,3.8501248
107,251.43681,336.2438,255.41882,336.2599,3.98201,0.016082764,3.9820423
107,239.14764,387.35873,243.34705,387.20416,4.199402,-0.15457153,4.202245
107,476.59732,295.56183,479.55023,295.80484,2.9529114,0.24301147,2.962894
107,443.99033,370.67047,448.31046,370.475,4.3201294,-0.19546509,4.324549
107,239.33492,160.17783,224.7782,160.29425,-14.556717,0.11642456,14.557182
107,305.37906,243.29596,309.04233,243.37794,3.663269,0.08198547,3.6641865
107,260.69598,457.06635,264.5822,457.30487,3.8862305,0.23852539,3.8935435
107,280.42386,371.84213,281.5502,371.74625,1.1263428,-0.09588623,1.1304168
107,187.77077,338.53476,191.15302,338.57504,3.382248,0.040283203,3.3824878
107,263.64053,327.71924,267.40356,327.97043,3.763031,0.2511902,3.7714055
107,55.400024,161.44928,55.3724,161.6958,-0.027626038,0.246521,0.2480641
107,722.17334,235.25414,720.75464,237.62494,-1.4187012,2.3708038,2.762865
107,863.25757,203.94135,859.70215,204.37135,-3.55542,0.43000793,3.581329
107,203.30183,567.34283,204.42885,567.3448,1.1270142,0.001953125,1.1270158
107,348.9736,283.6327,346.22537,285.89713,-2.74823,2.2644348,3.5609596
107,268.97977,364.19086,273.55402,363.9975,4.5742493,-0.19335938,4.5783343
107,385.13995,159.27643,384.6989,159.59018,-0.44104004,0.31375122,0.5412542
107,809.6155,154.57019,814.6617,154.56657,5.0462036,-0.003616333,5.046205
107,855.1496,565.7067,846.5827,565.90796,-8.566895,0.20123291,8.569258
107,531.5727,457.9022,526.29285,459.1783,-5.279846,1.276123,5.431875
107,977.00745,160.14163,978.9229,160.35464,1.9154663,0.2130127,1.9272741
107,719.48267,152.71814,725.7654,153.41571,6.282715,0.6975708,6.321322
107,478.42618,317.02484,481.40616,318.02838,2.9799805,1.00354,3.14442
107,381.42172,302.46732,378.72745,300.43042,-2.694275,-2.0368958,3.3775823
107,884.2806,101.84398,888.88947,101.6992,4.6088867,-0.14477539,4.61116
107,612.13916,209.36871,608.0795,209.08391,-4.0596313,-0.2848053,4.069609
107,658.38965,204.76183,655.4871,204.88985,-2.9025269,0.12802124,2.905349
107,690.4462,424.13547,692.41046,420.50085,1.9642334,-3.634613,4.131419
107,10.521739,247.37996,10.289384,247.70789,-0.23235512,0.32792664,0.40190145
107,364.14722,163.03351,362.72214,163.09029,-1.4250793,0.056777954,1.4262099
107,699.1419,59.435825,707.1367,63.907993,7.994812,4.472168,9.160639
107,644.5004,565.0269,640.513,565.16895,-3.9874268,0.14202881,3.9899554
107,371.382,339.45273,375.0256,339.11804,3.6436157,-0.33468628,3.6589549
107,338.48886,197.3914,345.3753,198.28645,6.886444,0.89505005,6.9443665
107,836.5176,137.27048,842.1548,134.51074,5.637207,-2.759735,6.276483
107,652.85815,328.1643,650.6976,325.38223,-2.1605835,-2.782074,3.5225072
107,263.76993,160.94292,248.3147,161.17065,-15.455231,0.22773743,15.456908
107,818.84985,160.76172,825.49023,160.38412,6.640381,-0.377594,6.651108
107,357.2077,454.19052,357.43213,454.10358,0.22442627,-0.08694458,0.24067926
107,777.5343,369.21997,788.11163,377.56317,10.577332,8.343201,13.471784
107,570.7718,263.17197,583.33453,264.68536,12.562744,1.5133972,12.653573
107,258.27313,360.93317,263.21295,361.0956,4.9398193,0.16244507,4.9424896
107,254.28036,150.74521,239.22154,151.1299,-15.058823,0.38468933,15.063735
108,473.3242,244.73015,476.5589,244.68599,3.2347107,-0.044158936,3.235012
108,240.95847,358.44565,245.50627,358.15454,4.547806,-0.29110718,4.557113
108,259.29272,446.5642,263.9131,446.39462,4.6203613,-0.16958618,4.623472
108,255.41882,336.2599,259.90906,336.1859,4.4902344,-0.07397461,4.490844
108,243.34705,387.20416,248.01202,386.83685,4.664978,-0.36730957,4.679416
108,479.55023,295.80484,482.77023,295.54022,3.2200012,-0.26461792,3.230856
108,448.31046,370.475,452.75604,370.03024,4.445587,-0.44476318,4.46778
108,224.7782,160.29425,223.58469,160.35126,-1.193512,0.057006836,1.1948726
108,309.04233,243.37794,311.92203,243.61754,2.8796997,0.2395935,2.8896499
108,264.5822,457.30487,269.3736,457.10916,4.791382,-0.19570923,4.7953773
108,281.5502,371.74625,283.22684,371.64066,1.6766357,-0.10559082,1.6799574
108,191.15302,338.57504,193.77036,338.65222,2.61734,0.077178955,2.6184778
108,267.40356,327.97043,271.7935,328.0454,4.389923,0.07498169,4.3905635
108,55.3724,161.6958,55.172703,161.62376,-0.19969559,-0.07203674,0.21229136
108,720.75464,237.62494,725.55023,238.23824,4.7955933,0.6132965,4.834651
108,859.70215,204.37135,857.4653,204.26767,-2.2368774,-0.10368347,2.239279
108,204.42885,567.3448,204.37283,567.40625,-0.056015015,0.061462402,0.08315834
108,346.22537,285.89713,350.95062,290.49704,4.7252502,4.5999146,6.594483
108,273.55402,363.9975,277.86154,364.05652,4.3075256,0.059020996,4.30793
108,384.6989,159.59018,381.69635,159.5517,-3.0025635,-0.038482666,3.00281
108,814.6617,154.56657,822.0492,155.79245,7.387512,1.2258759,7.488532
108,846.5827,565.90796,842.18713,565.82324,-4.395569,-0.0847168,4.396385
108,526.29285,459.1783,525.45044,465.1139,-0.8424072,5.9355774,5.9950585
108,978.9229,160.35464,980.06165,161.36441,1.1387329,1.0097656,1.5219524
108,725.7654,153.41571,726.9539,153.60272,1.1885376,0.18701172,1.2031604
108,481.40616,318.02838,484.6162,317.5627,3.2100525,-0.46566772,3.2436528
108,378.72745,300.43042,379.74796,297.27213,1.0205078,-3.1582947,3.3190753
108,888.88947,101.6992,885.2132,101.6448,-3.6762695,-0.054405212,3.676672
108,608.0795,209.08391,613.11053,208.73291,5.031006,-0.35099792,5.043235
108,655.4871,204.88985,646.3744,205.24144,-9.112732,0.35159302,9.119513
108,692.41046,420.50085,690.66815,424.49838,-1.7423096,3.997528,4.360719
108,10.289384,247.70789,10.691658,247.43077,0.40227413,-0.27711487,0.4884845
108,362.72214,163.09029,361.76074,163.14848,-0.96139526,0.05819702,0.96315515
108,707.1367,63.907993,704.6269,66.577194,-2.5098267,2.669201,3.6638591
108,640.513,565.16895,643.2343,565.12964,2.7213135,-0.03930664,2.7215974
108,375.0256,339.11804,373.67102,338.35052,-1.3545837,-0.7675171,1.5569135
108,345.3753,198.28645,346.71014,198.32106,1.3348389,0.034606934,1.3352875
108,842.1548,134.51074,829.43115,137.20015,-12.723633,2.6894073,13.004759
108,650.6976,325.38223,655.85547,328.41525,5.157898,3.03302,5.9835706
108,248.3147,161.17065,245.99971,161.10364,-2.3149872,-0.0670166,2.315957
108,825.49023,160.38412,832.43677,161.0416,6.946533,0.6574707,6.9775777
108,357.43213,454.10358,361.97302,453.9653,4.5408936,-0.13827515,4.5429983
108,788.11163,377.56317,792.08075,376.28418,3.9691162,-1.2789917,4.1700964
108,583.33453,264.68536,592.41174,270.53796,9.077209,5.8526,10.800401
108,263.21295,361.0956,269.11185,360.87527,5.8988953,-0.22033691,5.903009
108,239.22154,151.1299,240.62146,151.31175,1.3999176,0.18185425,1.4116799
109,476.5589,244.68599,480.21805,244.60738,3.6591492,-0.07861328,3.6599936
109,245.50627,358.15454,250.63731,358.00385,5.1310425,-0.1506958,5.133255
109,263.9131,446.39462,268.7915,446.4764,4.878418,0.08178711,4.8791037
109,259.90906,336.1859,264.92264,336.0348,5.0135803,-0.15112305,5.0158577
109,248.01202,386.83685,252.76756,386.48853,4.755539,-0.34832764,4.7682786
109,482.77023,295.54022,486.31998,295.7823,3.5497437,0.24206543,3.5579877
109,452.75604,370.03024,456.91324,370.03757,4.157196,0.0073242188,4.1572022
109,223.58469,160.35126,223.18553,160.27908,-0.39915466,-0.07217407,0.40562737
109,311.92203,243.61754,315.81204,243.56023,3.8900146,-0.05731201,3.8904366
109,269.3736,457.10916,272.7312,457.00226,3.357605,-0.106903076,3.3593063
109,283.22684,371.64066,285.59155,371.53296,2.3647156,-0.10769653,2.3671668
109,193.77036,338.65222,198.65111,338.49878,4.8807526,-0.15344238,4.883164
109,271.7935,328.0454,276.72614,327.61554,4.9326477,-0.4298706,4.9513435
109,55.172703,161.62376,55.86,162.07318,0.6872978,0.4494171,0.8211906
109,725.55023,238.23824,724.44324,233.45161,-1.1069946,-4.786621,4.91296
109,857.4653,204.26767,857.6075,204.37564,0.14221191,0.10797119,0.17855534
109,204.37283,567.40625,202.19164,567.33966,-2.1811981,-0.066589355,2.1822143
109,350.95062,290.49704,355.1339,293.59418,4.1832886,3.0971375,5.2050133
109,277.86154,364.05652,281.70035,363.7983,3.8388062,-0.25820923,3.8474803
109,381.69635,159.5517,382.73685,159.90117,1.0404968,0.34947205,1.0976176
109,822.0492,155.79245,821.83514,155.63826,-0.2140503,-0.15419006,0.26380315
109,842.18713,565.82324,834.441,565.997,-7.746155,0.17376709,7.7481036
109,525.45044,465.1139,531.35187,466.82916,5.901428,1.715271,6.1456494
109,980.06165,161.36441,982.60895,161.15907,2.5473022,-0.20533752,2.5555649
109,726.9539,153.60272,716.9957,153.82565,-9.958191,0.22293091,9.960686
109,484.6162,317.5627,488.20007,319.59906,3.5838623,2.0363464,4.121987
109,379.74796,297.27213,380.10754,307.59253,0.35958862,10.320404,10.326667
109,885.2132,101.6448,889.3317,99.52081,4.1185303,-2.1239853,4.633962
109,613.11053,208.73291,619.2208,209.15112,6.1102905,0.4182129,6.124586
109,646.3744,205.24144,640.63354,205.1356,-5.7408447,-0.10583496,5.7418203
109,690.66815,424.49838,678.3004,419.56046,-12.367737,-4.9379272,13.317058
109,10.691658,247.43077,11.283285,247.20966,0.5916271,-0.22111511,0.6315968
109,361.76074,163.14848,363.10156,163.42178,1.3408203,0.27330017,1.3683903
109,704.6269,66.577194,711.007,70.30592,6.380127,3.7287292,7.38982
109,643.2343,565.12964,648.6994,565.17554,5.465088,0.045898438,5.4652805
109,373.67102,338.35052,375.67035,337.29382,1.9993286,-1.0567017,2.2614007
109,346.71014,198.32106,346.4838,198.31897,-0.22634888,-0.002090454,0.22635853
109,829.43115,137.20015,831.9249,137.65958,2.4937744,0.45942688,2.5357413
109,655.85547,328.41525,653.33765,335.3633,-2.5178223,6.948059,7.390193
109,245.99971,161.10364,236.79163,161.0734,-9.208084,-0.03024292,9.208134
109,832.43677,161.0416,831.6311,160.79388,-0.80566406,-0.24771118,0.8428852
109,361.97302,453.9653,366.87094,453.8522,4.8979187,-0.113098145,4.8992243
109,792.08075,376.28418,796.8584,373.29593,4.777649,-2.9882507,5.635208
109,592.41174,270.53796,599.1965,283.8571,6.784729,13.319122,14.947627
109,269.11185,360.87527,273.31497,360.84244,4.203125,-0.032836914,4.2032533
109,240.62146,151.31175,240.81897,151.36284,0.19750977,0.051086426,0.20400964
110,480.21805,244.60738,483.56635,244.5866,3.348297,-0.02078247,3.3483617
110,250.63731,358.00385,255.85918,358.03265,5.221863,0.028808594,5.2219424
110,268.7915,446.4764,273.60345,446.74826,4.8119507,0.2718506,4.8196235
110,264.92264,336.0348,269.6283,336.21518,4.705658,0.1803894,4.7091146
110,252.76756,386.48853,258.2636,386.37497,5.496048,-0.11355591,5.497221
110,486.31998,295.7823,489.72333,296.09262,3.4033508,0.31033325,3.4174705
110,456.91324,370.03757,461.01733,369.6725,4.1040955,-0.3650818,4.1203017
110,223.18553,160.27908,229.48547,160.19525,6.299942,-0.08383179,6.3005
110,315.81204,243.56023,319.43283,243.7757,3.6207886,0.21546936,3.6271942
110,272.7312,457.00226,277.93805,457.34964,5.206848,0.3473816,5.2184234
110,285.59155,371.53296,291.58148,371.69855,5.989929,0.16558838,5.9922175
110,198.65111,338.49878,203.35298,338.66797,4.701874,0.16918945,4.704917
110,276.72614,327.61554,281.07037,328.17944,4.3442383,0.5639038,4.380684
110,55.86,162.07318,55.04244,162.73306,-0.8175621,0.6598816,1.0506434
110,724.44324,233.45161,736.6786,235.15886,12.235352,1.7072449,12.353887
110,857.6075,204.37564,858.7698,204.18901,1.1622925,-0.18663025,1.1771808
110,202.19164,567.33966,201.3765,567.71985,-0.8151398,0.380188,0.8994419
110,355.1339,293.59418,355.00073,290.41833,-0.13317871,-3.1758423,3.1786335
110,281.70035,363.7983,286.793,363.95374,5.0926514,0.15542603,5.0950227
110,382.73685,159.90117,385.34494,159.85196,2.6080933,-0.049209595,2.6085575
110,821.83514,155.63826,812.51385,155.56158,-9.321289,-0.076675415,9.321605
110,834.441,565.997,857.3439,566.06067,22.902893,0.06365967,22.90298
110,531.35187,466.82916,533.5542,470.315,2.2023315,3.4858398,4.1232686
110,982.60895,161.15907,986.1545,161.60785,3.5455322,0.44877625,3.5738213
110,716.9957,153.82565,714.6544,154.2199,-2.3413086,0.39424133,2.3742688
110,488.20007,319.59906,491.9933,319.36713,3.793213,-0.2319336,3.800297
110,380.10754,307.59253,382.48523,302.01025,2.3776855,-5.5822754,6.067552
110,889.3317,99.52081,890.13763,101.16606,0.8059082,1.6452484,1.832029
110,619.2208,209.15112,623.633,209.79451,4.4121704,0.64338684,4.458833
110,640.63354,205.1356,645.1555,205.4201,4.5219727,0.28450012,4.5309134
110,678.3004,419.56046,673.23553,414.75702,-5.0648804,-4.8034363,6.980402
110,11.283285,247.20966,11.36569,246.95108,0.08240509,-0.25857544,0.27138877
110,363.10156,163.42178,369.60007,163.09953,6.4985046,-0.32225037,6.5064898
110,711.007,70.30592,711.5142,69.42773,0.50720215,-0.8781967,1.0141417
110,648.6994,565.17554,646.9311,565.51874,-1.7683105,0.34320068,1.8013076
110,375.67035,337.29382,379.8925,331.67728,4.2221375,-5.6165466,7.026524
110,346.4838,198.31897,353.77612,198.80087,7.292328,0.48190308,7.3082337
110,831.9249,137.65958,834.866,137.30505,2.941101,-0.3545227,2.9623914
110,653.33765,335.3633,658.82935,341.575,5.491699,6.2117004,8.2912
110,236.79163,161.0734,247.80637,161.16132,11.01474,0.08792114,11.015091
110,831.6311,160.79388,836.8294,160.50417,5.198303,-0.28971863,5.2063704
110,366.87094,453.8522,372.50266,453.92508,5.631714,0.07287598,5.6321855
110,796.8584,373.29593,793.67224,373.1417,-3.1861572,-0.15423584,3.1898882
110,599.1965,283.8571,607.5275,289.26776,8.331055,5.410675,9.933875
110,273.31497,360.84244,278.29187,360.98465,4.976898,0.14221191,4.9789295
110,240.81897,151.36284,247.47653,151.22432,6.6575623,-0.13851929,6.6590033
111,483.56635,244.5866,486.74564,244.51256,3.1792908,-0.074035645,3.180153
111,255.85918,358.03265,261.39264,358.30106,5.5334625,0.2684021,5.539968
111,273.60345,446.74826,279.0764,447.3874,5.472931,0.63912964,5.5101233
111,269.6283,336.21518,275.24124,336.49783,5.6129456,0.2826538,5.620058
111,258.2636,386.37497,263.96613,386.5221,5.7025146,0.14712524,5.704412
111,489.72333,296.09262,493.05914,296.05463,3.3358154,-0.037994385,3.336032
111,461.01733,369.6725,467.73746,369.75635,6.7201233,0.083862305,6.720647
111,229.48547,160.19525,236.30731,160.81633,6.8218384,0.6210785,6.8500524
111,319.43283,243.7757,322.93884,244.08792,3.506012,0.31222534,3.519887
111,277.93805,457.34964,282.90152,457.95477,4.9634705,0.60513306,5.0002227
111,291.58148,371.69855,291.1752,372.4318,-0.40628052,0.73324585,0.83827996
111,203.35298,338.66797,207.59613,339.09866,4.243149,0.43069458,4.264951
111,281.07037,328.17944,286.29865,328.51764,5.2282715,0.3381958,5.239198
111,55.04244,162.73306,55.25216,162.35718,0.20972061,-0.375885,0.43043265
111,736.6786,235.15886,726.4737,231.04404,-10.204895,-4.1148224,11.003256
111,858.7698,204.18901,864.368,204.77779,5.5982056,0.58877563,5.6290817
111,201.3765,567.71985,199.45668,568.2259,-1.9198151,0.5060425,1.9853889
111,355.00073,290.41833,360.21317,289.87784,5.212433,-0.5404968,5.2403812
111,286.793,363.95374,294.0752,364.54166,7.282196,0.58792114,7.30589
111,385.34494,159.85196,388.3553,160.10497,3.0103455,0.25300598,3.0209587
111,812.51385,155.56158,799.78326,156.33185,-12.730591,0.7702637,12.753872
111,857.3439,566.06067,861.36414,566.2667,4.0202637,0.20605469,4.025541
111,533.5542,470.315,540.6669,469.1452,7.112671,-1.1697998,7.2082257
111,986.1545,161.60785,985.8996,162.25642,-0.2548828,0.6485748,0.6968605
111,714.6544,154.2199,714.9051,154.29314,0.2506714,0.07324219,0.26115236
111,491.9933,319.36713,494.90704,318.7222,2.9137573,-0.644928,2.9842777
111,382.48523,302.01025,392.53586,302.86008,10.050629,0.849823,10.086493
111,890.13763,101.16606,887.1501,97.7552,-2.9875488,-3.4108582,4.534248
111,623.633,209.79451,629.50415,209.65907,5.871155,-0.13543701,5.872717
111,645.1555,205.4201,646.42706,205.65356,1.2715454,0.23345947,1.2927997
111,673.23553,414.75702,675.70593,410.47223,2.470398,-4.28479,4.9459367
111,11.36569,246.95108,12.252286,247.56958,0.8865957,0.61849976,1.0810152
111,369.60007,163.09953,371.69635,163.63763,2.096283,0.5381012,2.1642447
111,711.5142,69.42773,713.2788,68.48933,1.7645874,-0.93840027,1.9985905
111,646.9311,565.51874,647.1204,565.719,0.18933105,0.20025635,0.27558818
111,379.8925,331.67728,388.38184,327.11545,8.489349,-4.5618286,9.637392
111,353.77612,198.80087,356.61203,199.04253,2.835907,0.24165344,2.8461843
111,834.866,137.30505,822.8739,137.28119,-11.992126,-0.023864746,11.99215
111,658.82935,341.575,660.5817,345.67233,1.7523804,4.0973206,4.45633
111,247.80637,161.16132,257.91632,161.64268,10.109955,0.48136902,10.121408
111,836.8294,160.50417,838.70465,160.95128,1.8752441,0.44711304,1.9278098
111,372.50266,453.92508,373.18173,454.13565,0.67907715,0.21057129,0.7109754
111,793.67224,373.1417,793.0423,375.26303,-0.62994385,2.121338,2.212895
111,607.5275,289.26776,605.4708,286.47418,-2.0567017,-2.793579,3.4690208
111,278.29187,360.98465,284.3432,361.51523,6.0513306,0.5305786,6.0745463
111,247.47653,151.22432,249.16846,152.21294,1.691925,0.98861694,1.9595852
112,486.74564,244.51256,489.90158,244.51588,3.1559448,0.003326416,3.1559467
112,261.39264,358.30106,267.66724,358.54263,6.274597,0.24157715,6.2792463
112,279.0764,447.3874,285.1108,448.0992,6.034424,0.7118225,6.0762625
112,275.24124,336.49783,280.74442,337.01883,5.503174,0.5209961,5.5277805
112,263.96613,386.5221,269.87158,386.43237,5.9054565,-0.08972168,5.906138
112,493.05914,296.05463,495.79135,295.93143,2.7322083,-0.12319946,2.7349844
112,467.73746,369.75635,473.3196,369.39798,5.5821533,-0.35836792,5.593645
112,236.30731,160.81633,239.04791,161.35333,2.7406006,0.53700256,2.792716
112,322.93884,244.08792,326.02695,244.6326,3.0881042,0.54467773,3.1357713
112,282.90152,457.95477,290.10944,458.7465,7.2079163,0.7917175,7.251267
112,291.1752,372.4318,298.6904,372.95377,7.5151978,0.52197266,7.5333033
112,207.59613,339.09866,212.29094,339.63065,4.694809,0.5319824,4.724853
112,286.29865,328.51764,291.7446,329.01303,5.4459534,0.49539185,5.4684386
112,55.25216,162.35718,55.77912,162.79298,0.5269623,0.43580627,0.68382484
112,726.4737,231.04404,731.11725,233.16566,4.6435547,2.1216278,5.105282
112,864.368,204.77779,877.8944,205.26665,13.526428,0.48886108,13.535259
112,199.45668,568.2259,200.90605,568.4287,1.4493713,0.20281982,1.4634935
112,360.21317,289.87784,366.24377,282.22012,6.030609,-7.657715,9.747249
112,294.0752,364.54166,297.83017,365.1208,3.7549744,0.5791321,3.799372
112,388.3553,160.10497,391.67188,160.44603,3.3165894,0.34106445,3.3340802
112,799.78326,156.33185,800.888,156.69756,1.1047363,0.3657074,1.1636941
112,861.36414,566.2667,862.25714,566.88824,0.8930054,0.621521,1.0880014
112,540.6669,469.1452,545.7616,468.83533,5.0947266,-0.3098755,5.1041417
112,985.8996,162.25642,988.4749,162.32501,2.5753174,0.06858826,2.5762305
112,714.9051,154.29314,723.55536,154.79457,8.650269,0.5014343,8.66479
112,494.90704,318.7222,497.27466,317.3399,2.3676147,-1.3822937,2.7415936
112,392.53586,302.86008,399.802,298.7175,7.266144,-4.142578,8.364078
112,887.1501,97.7552,884.0911,98.720276,-3.05896,0.96507263,3.2075849
112,629.50415,209.65907,632.4788,209.60046,2.9746704,-0.05860901,2.9752479
112,646.42706,205.65356,650.3686,205.90892,3.9415283,0.25535583,3.9497914
112,675.70593,410.47223,668.11127,400.66922,-7.5946655,-9.803009,12.4007225
112,12.252286,247.56958,11.329696,248.18367,-0.92259026,0.61408997,1.1082777
112,371.69635,163.63763,375.3392,163.83232,3.6428528,0.19468689,3.6480515
112,713.2788,68.48933,720.9216,71.78565,7.642761,3.2963257,8.323315
112,647.1204,565.719,646.4125,566.1757,-0.7079468,0.45672607,0.84248877
112,388.38184,327.11545,395.1978,328.46817,6.815979,1.3527222,6.9489155
112,356.61203,199.04253,360.58987,199.37202,3.9778442,0.3294983,3.9914677
112,822.8739,137.28119,817.0138,135.17317,-5.8601074,-2.108017,6.227728
112,660.5817,345.67233,651.69824,339.87518,-8.883484,-5.7971497,10.607697
112,257.91632,161.64268,264.3021,162.10532,6.3857727,0.46263123,6.4025087
112,838.70465,160.95128,834.1894,161.4696,-4.515259,0.5183258,4.544912
112,373.18173,454.13565,371.69055,454.29303,-1.4911804,0.15737915,1.4994622
112,793.0423,375.26303,798.1931,376.91846,5.150818,1.655426,5.410301
112,605.4708,286.47418,612.4396,281.45743,6.96875,-5.016754,8.586693
112,284.3432,361.51523,291.88242,362.55194,7.539215,1.0367126,7.61016
112,249.16846,152.21294,254.6129,152.7351,5.4444427,0.522171,5.4694257
113,489.90158,244.51588,492.69363,244.16412,2.7920532,-0.35176086,2.8141246
113,267.66724,358.54263,273.8464,358.98407,6.1791687,0.44143677,6.1949167
113,285.1108,448.0992,290.8595,449.32568,5.7486877,1.226471,5.878064
113,280.74442,337.01883,285.6937,337.66266,4.94928,0.64382935,4.9909806
113,269.87158,386.43237,276.05136,386.06235,6.179779,-0.37002563,6.190847
113,495.79135,295.93143,498.45187,295.705,2.6605225,-0.22644043,2.6701415
113,473.3196,369.39798,480.23544,368.93082,6.9158325,-0.4671631,6.931593
113,239.04791,161.35333,238.2889,161.16602,-0.75901794,-0.1873169,0.78179014
113,326.02695,244.6326,329.25897,244.79082,3.2320251,0.15821838,3.2358954
113,290.10944,458.7465,295.10995,459.78058,5.000519,1.0340881,5.1063223
113,298.6904,372.95377,303.77597,373.57162,5.0855713,0.6178589,5.1229663
113,212.29094,339.63065,215.27472,340.47446,2.98378,0.84381104,3.1007998
113,291.7446,329.01303,296.6399,329.72626,4.895294,0.7132263,4.9469786
113,55.77912,162.79298,55.4372,162.95917,-0.34192276,0.16618347,0.38016856
113,731.11725,233.16566,725.92084,231.10864,-5.196411,-2.057022,5.5887413
113,877.8944,205.26665,879.3443,205.95947,1.4498901,0.6928253,1.6069189
113,200.90605,568.4287,204.436,568.87445,3.529953,0.44573975,3.5579844
113,366.24377,282.22012,363.86856,284.17953,-2.3752136,1.9594116,3.0791125
113,297.83017,365.1208,303.30627,365.72882,5.4761047,0.6080322,5.5097575
113,391.67188,160.44603,392.19318,160.47105,0.52130127,0.025024414,0.52190155
113,800.888,156.69756,799.31915,156.93576,-1.5688477,0.23820496,1.5868285
113,862.25714,566.88824,870.37976,566.95703,8.12262,0.06878662,8.1229105
113,545.7616,468.83533,553.0901,472.62183,7.328491,3.786499,8.2489
113,988.4749,162.32501,987.7396,162.41957,-0.7352905,0.094558716,0.74134576
113,723.55536,154.79457,727.53046,154.84846,3.9750977,0.053894043,3.975463
113,497.27466,317.3399,500.43442,318.6266,3.1597595,1.2866821,3.4116905
113,399.802,298.7175,407.0542,290.0082,7.2521973,-8.70929,11.3334055
113,884.0911,98.720276,879.54724,96.24814,-4.5438843,-2.4721375,5.1728473
113,632.4788,209.60046,629.6993,209.43929,-2.779541,-0.16117859,2.7842102
113,650.3686,205.90892,649.87164,206.13127,-0.49694824,0.22235107,0.54442406
113,668.11127,400.66922,659.1306,386.18497,-8.980652,-14.484253,17.042467
113,11.329696,248.18367,11.557298,248.473,0.227602,0.28933716,0.3681286
113,375.3392,163.83232,374.76953,164.0731,-0.56967163,0.24078369,0.6184679
113,720.9216,71.78565,723.20306,74.769295,2.2814941,2.9836426,3.7559738
113,646.4125,566.1757,647.5071,566.4826,1.0946045,0.30688477,1.1368101
113,395.1978,328.46817,402.5352,327.56824,7.337372,-0.89993286,7.3923545
113,360.58987,199.37202,366.88864,199.75601,6.298767,0.38398743,6.3104606
113,817.0138,135.17317,810.8542,133.5481,-6.159607,-1.6250763,6.3703713
113,651.69824,339.87518,650.1131,338.58768,-1.585144,-1.2875061,2.0421445
113,264.3021,162.10532,262.41992,162.07414,-1.8821716,-0.031173706,1.8824298
113,834.1894,161.4696,830.57745,161.58012,-3.6119385,0.11051941,3.6136289
113,371.69055,454.29303,379.50967,454.5967,7.8191223,0.30368042,7.825017
113,798.1931,376.91846,811.30597,389.50497,13.112854,12.586517,18.17601
113,612.4396,281.45743,616.671,284.52982,4.2314453,3.0723877,5.2292156
113,291.88242,362.55194,297.3217,363.21768,5.43927,0.66574097,5.4798603
113,254.6129,152.7351,252.4027,152.58086,-2.210205,-0.1542511,2.2155812
114,492.69363,244.16412,495.1716,243.9538,2.4779663,-0.21032715,2.4868765
114,273.8464,358.98407,280.3665,359.49564,6.5200806,0.51156616,6.5401187
114,290.8595,449.32568,296.90445,450.48,6.0449524,1.1543274,6.154179
114,285.6937,337.66266,291.0871,338.30774,5.393402,0.64508057,5.431843
114,276.05136,386.06235,282.25107,386.4671,6.199707,0.40475464,6.2129054
114,498.45187,295.705,500.80154,295.7938,2.3496704,0.08880615,2.3513482
114,480.23544,368.93082,487.1481,368.6948,6.9126587,-0.23602295,6.916687
114,238.2889,161.16602,238.5057,161.47865,0.21681213,0.31263733,0.38045973
114,329.25897,244.79082,331.56216,245.64804,2.3031921,0.8572235,2.4575448
114,295.10995,459.78058,301.62628,460.90533,6.516327,1.1247559,6.6126842
114,303.77597,373.57162,310.40735,374.43845,6.631378,0.8668213,6.687792
114,215.27472,340.47446,218.32967,341.51883,3.054947,1.0443726,3.2285314
114,296.6399,329.72626,301.8842,330.2897,5.244293,0.56344604,5.2744746
114,55.4372,162.95917,55.19657,163.37877,-0.24062729,0.41960144,0.4837012
114,725.92084,231.10864,727.4627,229.1727,1.5418701,-1.9359436,2.4749224
114,879.3443,205.95947,889.6596,205.8716,10.315308,-0.087875366,10.315681
114,204.436,568.87445,215.18683,569.3181,10.750824,0.44366455,10.7599745
114,363.86856,284.17953,366.48465,285.76215,2.6160889,1.5826111,3.0575447
114,303.30627,365.72882,309.4562,366.56723,6.149933,0.8384094,6.206819
114,392.19318,160.47105,394.06845,160.91403,1.8752747,0.4429779,1.9268847
114,799.31915,156.93576,801.4017,156.8709,2.0825195,-0.06486511,2.0835295
114,870.37976,566.95703,870.226,567.3803,-0.15374756,0.4232788,0.4503368
114,553.0901,472.62183,558.7398,475.83987,5.649719,3.218048,6.501935
114,987.7396,162.41957,987.1795,163.39732,-0.5601196,0.9777527,1.1268249
114,727.53046,154.84846,725.4144,155.00383,-2.1160278,0.15536499,2.121724
114,500.43442,318.6266,503.37943,320.0139,2.9450073,1.3872986,3.2554057
114,407.0542,290.0082,405.3815,294.23993,-1.672699,4.23172,4.550316
114,879.54724,96.24814,871.1404,94.30119,-8.40686,-1.9469452,8.629362
114,629.6993,209.43929,629.3107,209.37906,-0.3885498,-0.06022644,0.39318976
114,649.87164,206.13127,648.1135,206.413,-1.7581177,0.28172302,1.7805464
114,659.1306,386.18497,663.3198,390.61362,4.189209,4.42865,6.0960984
114,11.557298,248.473,11.501133,249.14346,-0.05616474,0.67045593,0.6728043
114,374.76953,164.0731,371.56085,164.54501,-3.2086792,0.47190857,3.2431958
114,723.20306,74.769295,716.2442,74.995056,-6.9588623,0.22576141,6.9625235
114,647.5071,566.4826,650.39764,566.738,2.890564,0.2553711,2.9018226
114,402.5352,327.56824,395.70953,328.17157,-6.825653,0.6033325,6.852266
114,366.88864,199.75601,372.44833,200.44225,5.5596924,0.6862335,5.6018834
114,810.8542,133.5481,814.10535,133.29477,3.2511597,-0.25332642,3.2610142
114,650.1131,338.58768,643.1648,327.35968,-6.948303,-11.227997,13.204046
114,262.41992,162.07414,262.18036,162.40718,-0.23956299,0.33303833,0.41024986
114,830.57745,161.58012,833.6007,162.1462,3.0232544,0.56607056,3.075793
114,379.50967,454.5967,381.0391,455.02,1.529419,0.4232788,1.5869112
114,811.30597,389.50497,803.6805,386.2349,-7.6254883,-3.2700806,8.297078
114,616.671,284.52982,617.9641,286.60355,1.2930908,2.0737305,2.443858
114,297.3217,363.21768,303.65823,363.90515,6.336548,0.6874695,6.3737316
114,252.4027,152.58086,248.85176,152.28671,-3.5509338,-0.29414368,3.5630958
115,495.1716,243.9538,497.4882,243.59207,2.3165894,-0.36172485,2.34466
115,280.3665,359.49564,286.65793,360.21973,6.291443,0.7240906,6.332974
115,296.90445,450.48,303.1295,451.49353,6.2250366,1.0135193,6.307004
115,291.0871,338.30774,297.10187,338.92896,6.0147705,0.6212158,6.0467653
115,282.25107,386.4671,288.7479,386.5057,6.496826,0.038604736,6.496941
115,500.80154,295.7938,503.0814,295.6357,2.2798462,-0.15808105,2.28532
115,487.1481,368.6948,493.2927,368.12613,6.1445923,-0.56866455,6.1708503
115,238.5057,161.47865,234.55849,161.90248,-3.9472198,0.42382812,3.9699087
115,331.56216,245.64804,333.8834,246.47296,2.321228,0.82492065,2.4634516
115,301.62628,460.90533,307.51172,461.8177,5.885437,0.9123535,5.9557333
115,310.40735,374.43845,313.47806,375.36322,3.0707092,0.92477417,3.2069397
115,218.32967,341.51883,222.5505,342.28616,4.2208405,0.767334,4.290023
115,301.8842,330.2897,307.2502,331.10107,5.366028,0.81137085,5.427023
115,55.19657,163.37877,55.059025,163.40344,-0.13754654,0.024673462,0.13974202
115,727.4627,229.1727,721.55786,228.48337,-5.904846,-0.68933105,5.9449463
115,889.6596,205.8716,897.24384,205.9323,7.5842285,0.060699463,7.5844717
115,215.18683,569.3181,229.04301,569.8074,13.856186,0.4892578,13.864821
115,366.48465,285.76215,367.56595,286.2581,1.0812988,0.49594116,1.1896069
115,309.4562,366.56723,317.19473,367.36334,7.7385254,0.79611206,7.7793684
115,394.06845,160.91403,401.55847,161.10645,7.4900208,0.19241333,7.4924917
115,801.4017,156.8709,799.87744,156.43835,-1.524231,-0.4325409,1.5844152
115,870.226,567.3803,867.9651,568.33,-2.2609253,0.94970703,2.45229
115,558.7398,475.83987,561.46014,477.84802,2.720337,2.0081482,3.3812559
115,987.1795,163.39732,987.585,163.03984,0.40551758,-0.3574829,0.5405909
115,725.4144,155.00383,727.7034,155.25099,2.2890015,0.24716187,2.302307
115,503.37943,320.0139,505.56152,318.29214,2.1820984,-1.7217407,2.7795584
115,405.3815,294.23993,410.53806,296.17194,5.156555,1.9320068,5.506606
115,871.1404,94.30119,871.3385,93.332,0.19812012,-0.9691925,0.98923486
115,629.3107,209.37906,635.50275,209.93196,6.1920166,0.5529022,6.216653
115,648.1135,206.413,648.73676,206.77956,0.62323,0.3665619,0.7230375
115,663.3198,390.61362,669.75195,403.8046,6.432129,13.190979,14.675633
115,11.501133,249.14346,11.05344,249.32074,-0.44769287,0.17727661,0.4815142
115,371.56085,164.54501,372.9679,164.80414,1.4070435,0.25912476,1.4307051
115,716.2442,74.995056,720.5346,79.0322,4.2904053,4.0371475,5.8911915
115,650.39764,566.738,650.3198,567.645,-0.077819824,0.90704346,0.91037565
115,395.70953,328.17157,399.5012,330.4206,3.7916565,2.2490234,4.408488
115,372.44833,200.44225,381.9614,200.23099,9.513062,-0.21125793,9.515407
115,814.10535,133.29477,814.064,132.37498,-0.0413208,-0.91978455,0.92071223
115,643.1648,327.35968,655.6348,335.55417,12.470032,8.194489,14.921506
115,262.18036,162.40718,253.212,162.45015,-8.968353,0.04296875,8.968456
115,833.6007,162.1462,833.8316,162.34473,0.230896,0.1985321,0.30451265
115,381.0391,455.02,393.67014,455.48615,12.6310425,0.466156,12.639641
115,803.6805,386.2349,823.6576,382.992,19.977112,-3.2428894,20.23861
115,617.9641,286.60355,618.14056,291.38364,0.17645264,4.7800903,4.783346
115,303.65823,363.90515,311.43396,364.8921,7.7757263,0.9869385,7.83811
115,248.85176,152.28671,237.61336,152.89824,-11.238403,0.6115265,11.255029
116,497.4882,243.59207,499.78516,243.3083,2.2969666,-0.2837677,2.3144286
116,286.65793,360.21973,293.10422,360.62112,6.446289,0.4013977,6.458774
116,303.1295,451.49353,308.99405,452.20157,5.864563,0.70803833,5.90715
116,297.10187,338.92896,302.44284,339.54648,5.340973,0.6175232,5.3765535
116,288.7479,386.5057,295.11172,386.6917,6.3638306,0.18600464,6.3665485
116,503.0814,295.6357,505.9795,295.5242,2.8981018,-0.11151123,2.9002464
116,493.2927,368.12613,499.62653,367.4825,6.333832,-0.6436157,6.3664484
116,234.55849,161.90248,234.82971,162.3369,0.27122498,0.43441772,0.5121345
116,333.8834,246.47296,336.12445,246.9342,2.2410583,0.46124268,2.2880313
116,307.51172,461.8177,313.03018,462.58694,5.518463,0.7692566,5.571821
116,313.47806,375.36322,318.07797,375.73395,4.5999146,0.37072754,4.6148295
116,222.5505,342.28616,226.41254,343.13815,3.86203,0.85198975,3.954891
116,307.2502,331.10107,312.505,331.71542,5.2547913,0.61434937,5.2905817
116,55.059025,163.40344,54.694206,163.794,-0.36481857,0.39056396,0.53444624
116,721.55786,228.48337,712.5159,226.75557,-9.041931,-1.7277985,9.205531
116,897.24384,205.9323,904.1588,206.7648,6.914978,0.8325043,6.964911
116,229.04301,569.8074,232.15709,570.40936,3.1140747,0.60198975,3.1717272
116,367.56595,286.2581,372.2483,286.22104,4.6823425,-0.03704834,4.6824894
116,317.19473,367.36334,321.50128,367.9832,4.306549,0.6198425,4.3509274
116,401.55847,161.10645,405.9039,161.24779,4.3454285,0.14134216,4.3477263
116,799.87744,156.43835,802.92194,156.93597,3.0444946,0.49761963,3.0848944
116,867.9651,568.33,864.49243,568.68756,-3.4726562,0.35754395,3.491014
116,561.46014,477.84802,566.3232,476.42526,4.863037,-1.42276,5.0668902
116,987.585,163.03984,987.0804,163.47354,-0.5046387,0.43370056,0.6653994
116,727.7034,155.25099,735.2479,155.67868,7.5444946,0.4276886,7.5566077
116,505.56152,318.29214,508.5619,317.42032,3.0003662,-0.8718262,3.1244645
116,410.53806,296.17194,408.7716,293.24292,-1.766449,-2.929016,3.4204497
116,871.3385,93.332,869.8939,93.71501,-1.4445801,0.38301086,1.4944929
116,635.50275,209.93196,634.1426,210.2724,-1.3601685,0.34043884,1.4021258
116,648.73676,206.77956,647.076,206.54579,-1.6607666,-0.23376465,1.677138
116,669.75195,403.8046,668.8705,411.9722,-0.8814697,8.167603,8.21503
116,11.05344,249.32074,12.56531,248.5696,1.5118694,-0.7511444,1.6881845
116,372.9679,164.80414,364.05942,165.00325,-8.908478,0.19911194,8.910703
116,720.5346,79.0322,713.63293,87.62297,-6.9016724,8.590767,11.019726
116,650.3198,567.645,649.2921,568.07117,-1.02771,0.42614746,1.1125598
116,399.5012,330.4206,396.6115,332.0644,-2.889679,1.6437988,3.3245027
116,381.9614,200.23099,380.4698,200.6678,-1.4916077,0.43681335,1.554252
116,814.064,132.37498,807.3021,130.54016,-6.761902,-1.8348236,7.006418
116,655.6348,335.55417,664.825,344.50192,9.190186,8.947754,12.826606
116,253.212,162.45015,253.44652,162.97682,0.23451233,0.52667236,0.5765239
116,833.8316,162.34473,831.36847,162.14413,-2.4631348,-0.20059204,2.4712892
116,393.67014,455.48615,398.41595,455.4329,4.745819,-0.053253174,4.746118
116,823.6576,382.992,814.20886,377.60132,-9.44873,-5.390686,10.878327
116,618.14056,291.38364,620.311,301.69556,2.1704102,10.31192,10.537854
116,311.43396,364.8921,315.3166,365.53955,3.8826294,0.64746094,3.936244
116,237.61336,152.89824,238.925,153.37672,1.3116455,0.4784851,1.3961955
117,499.78516,243.3083,502.16644,242.84671,2.3812866,-0.46159363,2.4256122
117,293.10422,360.62112,299.20154,360.982,6.0973206,0.36087036,6.1079903
117,308.99405,452.20157,315.19727,453.19897,6.2032166,0.997406,6.282891
117,302.44284,339.54648,307.63214,340.21753,5.1893005,0.671051,5.232509
117,295.11172,386.6917,301.57364,386.80344,6.461914,0.11172485,6.4628797
117,505.9795,295.5242,510.2101,294.91226,4.2306213,-0.6119385,4.274649
117,499.62653,367.4825,505.8447,366.46942,6.21817,-1.013092,6.3001585
117,234.82971,162.3369,234.48444,162.92136,-0.34527588,0.5844574,0.67882687
117,336.12445,246.9342,338.85312,247.57242,2.7286682,0.6382141,2.802311
117,313.03018,462.58694,319.3373,463.5658,6.307129,0.9788513,6.3826346
117,318.07797,375.73395,324.24002,376.55484,6.1620483,0.82089233,6.2164865
117,226.41254,343.13815,230.61185,343.6887,4.1993103,0.5505371,4.2352448
117,312.505,331.71542,317.614,332.3867,5.109009,0.67126465,5.1529183
117,54.694206,163.794,54.33882,164.11166,-0.35538483,0.31765747,0.47665986
117,712.5159,226.75557,710.9665,226.89893,-1.5494385,0.14335632,1.5560561
117,904.1588,206.7648,909.90497,206.86809,5.746155,0.10328674,5.747083
117,232.15709,570.40936,232.37318,570.96173,0.21609497,0.55236816,0.5931337
117,372.2483,286.22104,381.1607,285.20172,8.912415,-1.0193176,8.970515
117,321.50128,367.9832,326.201,368.77692,4.699707,0.7937317,4.7662625
117,405.9039,161.24779,406.01685,161.65933,0.11294556,0.4115448,0.426762
117,802.92194,156.93597,800.6631,157.42763,-2.25885,0.49165344,2.3117368
117,864.49243,568.68756,865.592,568.8237,1.0995483,0.13616943,1.107948
117,566.3232,476.42526,565.7467,481.92435,-0.57647705,5.4990845,5.529218
117,987.0804,163.47354,983.51575,163.10324,-3.5646362,-0.3703003,3.5838184
117,735.2479,155.67868,733.94293,155.81802,-1.3049927,0.13934326,1.312411
117,508.5619,317.42032,514.2438,319.87228,5.681885,2.4519653,6.188372
117,408.7716,293.24292,405.65164,303.0098,-3.1199646,9.766876,10.253099
117,869.8939,93.71501,875.41925,100.78352,5.5253296,7.068512,8.971796
117,634.1426,210.2724,637.2397,210.70638,3.097107,0.43397522,3.1273642
117,647.076,206.54579,650.3791,207.07866,3.3031006,0.53286743,3.3458066
117,668.8705,411.9722,665.3072,404.3369,-3.5632935,-7.6352844,8.425831
117,12.56531,248.5696,13.141929,248.32033,0.57661915,-0.24926758,0.62819105
117,364.05942,165.00325,365.39902,165.20988,1.3395996,0.20663452,1.3554428
117,713.63293,87.62297,710.07477,84.14933,-3.5581665,-3.4736404,4.9725976
117,649.2921,568.07117,651.1142,568.5816,1.8220825,0.510437,1.892229
117,396.6115,332.0644,396.61774,333.7913,0.006225586,1.7268982,1.7269094
117,380.4698,200.6678,375.1798,200.46094,-5.289978,-0.2068634,5.294021
117,807.3021,130.54016,806.10803,134.00749,-1.1940918,3.467331,3.6671839
117,664.825,344.50192,670.18854,343.1869,5.3635254,-1.315033,5.522383
117,253.44652,162.97682,254.75876,163.34348,1.3122406,0.36665344,1.3625014
117,831.36847,162.14413,832.15955,162.61385,0.79107666,0.4697113,0.9200169
117,398.41595,455.4329,411.49487,455.27536,13.078918,-0.15753174,13.079866
117,814.20886,377.60132,811.52014,369.56476,-2.6887207,-8.03656,8.474403
117,620.311,301.69556,622.4269,316.49753,2.1159058,14.801971,14.952438
117,315.3166,365.53955,320.73877,366.27917,5.42218,0.739624,5.4723926
117,238.925,153.37672,238.2628,153.8335,-0.6622009,0.45677185,0.8044567
118,502.16644,242.84671,504.5742,242.52489,2.4077454,-0.32182312,2.4291577
118,299.20154,360.982,305.5499,361.21024,6.348358,0.22824097,6.35246
118,315.19727,453.19897,321.14517,453.4153,5.9479065,0.21633911,5.9518394
118,307.63214,340.21753,313.29044,340.54483,5.6582947,0.32730103,5.667753
118,301.57364,386.80344,307.7902,386.8438,6.2165527,0.040374756,6.216684
118,510.2101,294.91226,513.8393,294.24576,3.629181,-0.6665039,3.6898754
118,505.8447,366.46942,512.0182,366.16782,6.1734924,-0.30160522,6.1808553
118,234.48444,162.92136,234.19716,162.6901,-0.28727722,-0.2312622,0.3687959
118,338.85312,247.57242,341.5615,247.78108,2.708374,0.20866394,2.7164004
118,319.3373,463.5658,325.79434,463.7811,6.4570312,0.21530151,6.46062
118,324.24002,376.55484,331.82172,376.58392,7.5816956,0.029083252,7.5817513
118,230.61185,343.6887,234.2682,344.294,3.6563568,0.60531616,3.7061236
118,317.614,332.3867,322.87756,332.97528,5.26355,0.5885925,5.296357
118,54.33882,164.11166,54.095253,164.65257,-0.24356842,0.5409088,0.59321827
118,710.9665,226.89893,728.0888,227.86949,17.122314,0.9705658,17.1498
118,909.90497,206.86809,920.521,207.22046,10.616028,0.35237122,10.621875
118,232.37318,570.96173,251.01233,571.32196,18.639145,0.3602295,18.642626
118,381.1607,285.20172,375.71765,290.39566,-5.443054,5.193939,7.5235524
118,326.201,368.77692,333.17496,368.79315,6.9739685,0.016235352,6.9739876
118,406.01685,161.65933,403.60153,162.16385,-2.4153137,0.5045166,2.4674435
118,800.6631,157.42763,802.0496,157.88457,1.3865356,0.4569397,1.4598887
118,865.592,568.8237,866.7145,569.4667,1.1224976,0.64294434,1.2935913
118,565.7467,481.92435,568.8571,480.6104,3.1104126,-1.3139343,3.37655
118,983.51575,163.10324,984.50995,163.58553,0.99420166,0.48228455,1.1050047
118,733.94293,155.81802,735.52795,156.40721,1.585022,0.5891876,1.6909869
118,514.2438,319.87228,516.60266,317.45926,2.3588867,-2.413025,3.374468
118,405.65164,303.0098,409.48248,306.71576,3.830841,3.7059631,5.3300567
118,875.41925,100.78352,880.7772,103.71001,5.357971,2.9264832,6.105093
118,637.2397,210.70638,638.5497,210.96959,1.3099976,0.2632141,1.3361794
118,650.3791,207.07866,652.3495,207.126,1.970398,0.047348022,1.9709667
118,665.3072,404.3369,675.54346,404.4253,10.236267,0.088378906,10.236649
118,13.141929,248.32033,13.432342,248.34433,0.2904129,0.024002075,0.29140308
118,365.39902,165.20988,365.43085,165.39081,0.031829834,0.18092346,0.18370204
118,710.07477,84.14933,714.71906,81.55144,4.644287,-2.5978928,5.321508
118,651.1142,568.5816,654.2833,569.2056,3.1691284,0.62402344,3.2299814
118,396.61774,333.7913,395.34402,337.48804,-1.2737122,3.6967468,3.910023
118,375.1798,200.46094,375.92633,201.11877,0.746521,0.6578369,0.99500906
118,806.10803,134.00749,803.4654,139.52075,-2.6426392,5.51326,6.113884
118,670.18854,343.1869,668.74884,344.58957,-1.4396973,1.4026794,2.0100343
118,254.75876,163.34348,255.06042,163.56894,0.30166626,0.22546387,0.37661186
118,832.15955,162.61385,825.57184,162.5435,-6.5877075,-0.07034302,6.5880833
118,411.49487,455.27536,410.81805,455.3121,-0.67681885,0.036743164,0.67781544
118,811.52014,369.56476,812.9039,368.12665,1.383728,-1.4381104,1.9957116
118,622.4269,316.49753,622.4302,316.05573,0.0032958984,-0.44180298,0.4418153
118,320.73877,366.27917,329.3564,366.4006,8.617645,0.12142944,8.618501
118,238.2628,153.8335,237.64784,153.83401,-0.6149597,0.0005187988,0.61495996
119,504.5742,242.52489,507.42813,242.18755,2.8539429,-0.3373413,2.873811
119,305.5499,361.21024,311.65915,361.20288,6.109253,-0.0073547363,6.109257
119,321.14517,453.4153,327.15393,453.69705,6.0087585,0.28173828,6.01536
119,313.29044,340.54483,318.59903,340.74814,5.3085938,0.2033081,5.3124857
119,307.7902,386.8438,313.96533,386.4395,6.1751404,-0.40429688,6.188361
119,513.8393,294.24576,518.00977,294.2662,4.170471,0.020446777,4.1705213
119,512.0182,366.16782,517.5066,365.20316,5.4884033,-0.96466064,5.5725346
119,234.19716,162.6901,229.4501,163.1938,-4.747055,0.5037079,4.7737045
119,341.5615,247.78108,344.47995,248.44064,2.918457,0.65956116,2.992058
119,325.79434,463.7811,331.67517,464.03775,5.880829,0.25665283,5.886427
119,331.82172,376.58392,338.25583,376.72513,6.4341125,0.14120483,6.435662
119,234.2682,344.294,238.54903,344.5565,4.2808228,0.2624817,4.288862
119,322.87756,332.97528,327.98706,333.32455,5.109497,0.34927368,5.121421
119,54.095253,164.65257,53.852932,165.20839,-0.24232101,0.55581665,0.60634285
119,728.0888,227.86949,730.03735,230.73851,1.9485474,2.8690186,3.4681559
119,920.521,207.22046,916.34155,207.60025,-4.1794434,0.37979126,4.196664
119,251.01233,571.32196,245.42998,571.80255,-5.5823517,0.48059082,5.603001
119,375.71765,290.39566,384.31485,293.19064,8.5971985,2.794983,9.040119
119,333.17496,368.79315,339.8798,369.02573,6.704834,0.23257446,6.7088666
119,403.60153,162.16385,401.2018,162.23605,-2.3997192,0.07220459,2.4008052
119,802.0496,157.88457,802.4723,158.79378,0.42266846,0.9092102,1.0026524
119,866.7145,569.4667,866.41345,570.1061,-0.3010254,0.6394043,0.7067207
119,568.8571,480.6104,572.4668,483.06577,3.6096802,2.4553528,4.3656096
119,984.50995,163.58553,987.12714,163.195,2.6171875,-0.3905182,2.6461623
119,735.52795,156.40721,737.0817,156.78851,1.553772,0.38130188,1.5998746
119,516.60266,317.45926,523.0969,318.5343,6.4942627,1.0750427,6.582641
119,409.48248,306.71576,413.36325,314.18347,3.8807678,7.4677124,8.415883
119,880.7772,103.71001,880.23553,104.809814,-0.541687,1.0998077,1.2259698
119,638.5497,210.96959,641.50256,211.42432,2.9528809,0.45472717,2.9876883
119,652.3495,207.126,648.9817,207.4076,-3.3677979,0.2815857,3.379549
119,675.54346,404.4253,680.3083,413.69983,4.7648315,9.274536,10.426919
119,13.432342,248.34433,14.2486105,248.34027,0.8162689,-0.004058838,0.816279
119,365.43085,165.39081,365.48203,165.90016,0.05117798,0.50935364,0.51191825
119,714.71906,81.55144,713.65625,85.29668,-1.0628052,3.7452393,3.8931186
119,654.2833,569.2056,654.51746,569.5847,0.23413086,0.37908936,0.44556257
119,395.34402,337.48804,403.73856,339.30746,8.394531,1.8194275,8.589439
119,375.92633,201.11877,377.03012,201.56375,1.1037903,0.4449768,1.1901082
119,803.4654,139.52075,805.5347,138.80864,2.069336,-0.7121124,2.1884367
119,668.74884,344.58957,665.07745,346.0915,-3.6713867,1.5019226,3.966718
119,255.06042,163.56894,254.19232,164.09677,-0.868103,0.52783203,1.0159771
119,825.57184,162.5435,818.85803,162.63048,-6.713806,0.0869751,6.7143693
119,410.81805,455.3121,417.6703,455.0092,6.852234,-0.30291748,6.8589263
119,812.9039,368.12665,816.363,380.7012,3.4591064,12.574554,13.041657
119,622.4302,316.05573,629.253,320.09042,6.822815,4.0346985,7.9265122
119,329.3564,366.4006,336.48853,366.53802,7.1321106,0.13742065,7.1334343
119,237.64784,153.83401,257.26257,154.5857,19.61473,0.75167847,19.62913
120,507.42813,242.18755,510.11832,241.81892,2.6901855,-0.36862183,2.7153232
120,311.65915,361.20288,317.9724,361.23227,6.313263,0.029388428,6.313331
120,327.15393,453.69705,333.27237,454.06396,6.1184387,0.36691284,6.1294303
120,318.59903,340.74814,324.03815,340.98422,5.4391174,0.23608398,5.4442387
120,313.96533,386.4395,320.33032,386.4998,6.36499,0.060272217,6.3652754
120,518.00977,294.2662,522.1421,293.63757,4.132324,-0.6286316,4.1798663
120,517.5066,365.20316,525.5341,364.08328,8.027527,-1.119873,8.105264
120,229.4501,163.1938,229.57217,163.37723,0.12207031,0.1834259,0.22033207
120,344.47995,248.44064,347.9545,248.42328,3.4745483,-0.017364502,3.4745917
120,331.67517,464.03775,337.94153,464.45386,6.2663574,0.41610718,6.2801576
120,338.25583,376.72513,344.2655,376.86765,6.009674,0.14251709,6.0113635
120,238.54903,344.5565,241.79082,345.05295,3.2417908,0.49645996,3.2795854
120,327.98706,333.32455,333.43402,333.58374,5.4469604,0.2591858,5.4531236
120,53.852932,165.20839,54.037334,165.72603,0.18440247,0.51763916,0.5495039
120,730.03735,230.73851,726.5047,230.73833,-3.5326538,-0.00018310547,3.5326538
120,916.34155,207.60025,922.3104,207.76358,5.968872,0.16333008,5.971106
120,245.42998,571.80255,245.51746,572.32513,0.08747864,0.522583,0.52985424
120,384.31485,293.19064,388.86185,291.73364,4.546997,-1.4570007,4.774729
120,339.8798,369.02573,346.7989,369.23837,6.919098,0.21264648,6.9223647
120,401.2018,162.23605,396.6801,162.68924,-4.521698,0.45318604,4.5443516
120,802.4723,158.79378,801.33295,158.29047,-1.1393433,-0.50331116,1.2455622
120,866.41345,570.1061,868.4655,570.6071,2.052063,0.5010376,2.112345
120,572.4668,483.06577,568.8541,486.74973,-3.612671,3.68396,5.1597433
120,987.12714,163.195,989.0206,163.63025,1.8934937,0.4352417,1.9428725
120,737.0817,156.78851,736.0397,156.88289,-1.0420532,0.09437561,1.0463182
120,523.0969,318.5343,526.06573,317.99454,2.968811,-0.5397644,3.01748
120,413.36325,314.18347,417.63217,314.0261,4.268921,-0.15737915,4.271821
120,880.23553,104.809814,881.6384,107.60044,1.4028931,2.7906265,3.1234124
120,641.50256,211.42432,636.92,211.4841,-4.5825806,0.059783936,4.5829706
120,648.9817,207.4076,642.69073,208.02936,-6.2909546,0.62176514,6.321606
120,680.3083,413.69983,682.51794,419.17368,2.2096558,5.4738464,5.9030137
120,14.2486105,248.34027,13.802388,248.73242,-0.4462223,0.39215088,0.59405106
120,365.48203,165.90016,354.21954,166.3987,-11.262482,0.49853516,11.27351
120,713.65625,85.29668,714.99207,90.784225,1.3358154,5.487549,5.6477957
120,654.51746,569.5847,655.68567,570.0635,1.1682129,0.47875977,1.2625103
120,403.73856,339.30746,401.8927,341.7131,-1.8458557,2.4056396,3.032208
120,377.03012,201.56375,377.62454,201.97525,0.5944214,0.41149902,0.72295797
120,805.5347,138.80864,804.73236,135.43665,-0.80236816,-3.371994,3.4661417
120,665.07745,346.0915,667.18176,355.95328,2.104309,9.861786,10.083796
120,254.19232,164.09677,255.10545,164.39575,0.9131317,0.2989807,0.9608325
120,818.85803,162.63048,818.51556,163.18834,-0.34246826,0.5578613,0.65459436
120,417.6703,455.0092,431.26917,454.4489,13.598877,-0.5602722,13.610414
120,816.363,380.7012,817.0663,389.0711,0.7033081,8.369904,8.399401
120,629.253,320.09042,632.2932,322.0055,3.0402222,1.9150696,3.5931103
120,336.48853,366.53802,343.01352,366.67563,6.524994,0.13760376,6.526445
120,257.26257,154.5857,257.88983,155.02075,0.6272583,0.4350586,0.7633669
121,510.11832,241.81892,512.8078,241.48808,2.6894836,-0.33084106,2.7097561
121,317.9724,361.23227,324.33417,361.47415,6.3617554,0.24188232,6.366352
121,333.27237,454.06396,339.49258,454.51532,6.220215,0.45135498,6.236569
121,324.03815,340.98422,330.23856,341.20752,6.200409,0.22329712,6.2044287
121,320.33032,386.4998,326.5319,386.7052,6.2015686,0.20541382,6.2049694
121,522.1421,293.63757,526.2099,293.95013,4.06781,0.31256104,4.0798006
121,525.5341,364.08328,531.2107,363.28137,5.6765747,-0.8019104,5.7329364
121,229.57217,163.37723,228.56094,163.76083,-1.0112305,0.38360596,1.0815455
121,347.9545,248.42328,350.8997,248.8739,2.9451904,0.45062256,2.9794643
121,337.94153,464.45386,343.71698,464.8546,5.7754517,0.40075684,5.789339
121,344.2655,376.86765,350.3947,376.76938,6.1292114,-0.0982666,6.129999
121,241.79082,345.05295,246.05853,345.3855,4.2677155,0.33255005,4.2806525
121,333.43402,333.58374,339.16254,333.90768,5.7285156,0.3239441,5.7376676
121,54.037334,165.72603,54.322796,165.44278,0.28546143,-0.2832489,0.40214196
121,726.5047,230.73833,738.221,230.3871,11.716309,-0.3512268,11.721572
121,922.3104,207.76358,921.7199,209.57512,-0.59051514,1.8115387,1.9053558
121,245.51746,572.32513,265.67932,572.8284,20.161865,0.5032959,20.168146
121,388.86185,291.73364,397.99973,291.7644,9.137878,0.030761719,9.13793
121,346.7989,369.23837,352.24902,369.2011,5.4501343,-0.037261963,5.4502616
121,396.6801,162.68924,403.39914,163.28941,6.7190247,0.60017395,6.7457767
121,801.33295,158.29047,795.8557,159.15033,-5.477234,0.8598633,5.5443172
121,868.4655,570.6071,854.81775,571.0411,-13.647766,0.43395996,13.654664
121,568.8541,486.74973,578.9909,485.80994,10.13678,-0.9397888,10.180251
121,989.0206,163.63025,991.8532,163.91986,2.8325806,0.28961182,2.8473475
121,736.0397,156.88289,745.4069,157.105,9.367249,0.22210693,9.369882
121,526.06573,317.99454,530.20264,319.28876,4.136902,1.29422,4.3346233
121,417.63217,314.0261,419.88516,310.5151,2.2529907,-3.5109863,4.1716895
121,881.6384,107.60044,865.3588,94.04088,-16.279602,-13.559563,21.186958
121,636.92,211.4841,635.12366,211.64987,-1.7963257,0.16577148,1.8039584
121,642.69073,208.02936,640.05927,208.01881,-2.6314697,-0.010543823,2.631491
121,682.51794,419.17368,678.3481,432.16354,-4.169861,12.989868,13.642742
121,13.802388,248.73242,14.390915,248.4605,0.5885267,-0.27192688,0.6483116
121,354.21954,166.3987,358.1149,166.36223,3.8953552,-0.036468506,3.895526
121,714.99207,90.784225,723.0911,90.22836,8.09906,-0.5558624,8.118113
121,655.68567,570.0635,659.0694,570.3958,3.383728,0.33233643,3.4000094
121,401.8927,341.7131,406.5538,341.99493,4.6611023,0.28182983,4.669615
121,377.62454,201.97525,377.19598,202.0609,-0.42855835,0.08564758,0.43703294
121,804.73236,135.43665,791.89,133.66284,-12.842346,-1.7738037,12.964268
121,667.18176,355.95328,672.95135,361.70297,5.7695923,5.749695,8.145378
121,255.10545,164.39575,254.37813,164.72858,-0.72732544,0.3328247,0.7998591
121,818.51556,163.18834,816.7598,163.16646,-1.7557373,-0.021881104,1.7558737
121,431.26917,454.4489,428.5714,454.61105,-2.697754,0.1621399,2.702622
121,817.0663,389.0711,810.55414,376.30557,-6.512146,-12.765533,14.330628
121,632.2932,322.0055,633.6465,329.98093,1.3532715,7.9754333,8.08943
121,343.01352,366.67563,348.70102,366.58276,5.6875,-0.09286499,5.688258
121,257.88983,155.02075,257.44812,155.38129,-0.44171143,0.36053467,0.57017034
122,512.8078,241.48808,515.67474,241.14882,2.8669434,-0.33926392,2.8869472
122,324.33417,361.47415,330.0839,361.53662,5.7497253,0.062469482,5.750065
122,339.49258,454.51532,345.073,454.63205,5.580414,0.11672974,5.5816345
122,330.23856,341.20752,335.58868,341.37082,5.350128,0.16329956,5.3526196
122,326.5319,386.7052,332.78705,386.66824,6.2551575,-0.036956787,6.2552667
122,526.2099,293.95013,529.783,293.3414,3.57312,-0.60873413,3.6246026
122,531.2107,363.28137,536.9371,362.8629,5.7263794,-0.41845703,5.741648
122,228.56094,163.76083,236.52423,164.12952,7.9632874,0.36868286,7.971817
122,350.8997,248.8739,353.8838,249.40991,2.9841003,0.53601074,3.031858
122,343.71698,464.8546,349.46277,465.00095,5.7457886,0.14633179,5.7476516
122,350.3947,376.76938,356.5474,377.16235,6.1526794,0.39297485,6.1652164
122,246.05853,345.3855,250.72754,345.58725,4.6690063,0.20175171,4.673363
122,339.16254,333.90768,344.2527,334.13345,5.090149,0.22576904,5.0951533
122,54.322796,165.44278,53.580914,165.76506,-0.7418823,0.32228088,0.80885994
122,738.221,230.3871,740.11633,231.73984,1.8953247,1.3527374,2.328552
122,921.7199,209.57512,912.7966,210.5832,-8.92334,1.0080872,8.980103
122,265.67932,572.8284,262.34314,573.3203,-3.3361816,0.49188232,3.372248
122,397.99973,291.7644,405.5208,288.7141,7.5210876,-3.050293,8.116098
122,352.24902,369.2011,359.98212,369.41495,7.7330933,0.21383667,7.736049
122,403.39914,163.28941,403.3524,163.39632,-0.04675293,0.106903076,0.11667949
122,795.8557,159.15033,794.03815,159.64665,-1.8175659,0.49632263,1.8841131
122,854.81775,571.0411,860.2168,571.4664,5.399048,0.42529297,5.4157724
122,578.9909,485.80994,582.61566,483.7882,3.6247559,-2.0217285,4.1504507
122,991.8532,163.91986,994.7552,164.37189,2.9019775,0.45202637,2.9369714
122,745.4069,157.105,738.60754,157.41939,-6.7993774,0.3143921,6.806642
122,530.20264,319.28876,532.1364,318.3873,1.9337769,-0.90145874,2.13357
122,419.88516,310.5151,431.3306,321.3155,11.445435,10.8003845,15.736781
122,865.3588,94.04088,870.3884,92.62909,5.029602,-1.411789,5.2239876
122,635.12366,211.64987,634.02014,211.72995,-1.1035156,0.080078125,1.1064173
122,640.05927,208.01881,639.7037,208.30476,-0.35559082,0.2859497,0.4563026
122,678.3481,432.16354,678.76263,434.77945,0.41455078,2.6159058,2.6485496
122,14.390915,248.4605,14.7276745,248.43765,0.33675957,-0.022842407,0.33753338
122,358.1149,166.36223,356.18643,166.96274,-1.9284668,0.60050964,2.019801
122,723.0911,90.22836,703.1569,105.267334,-19.934204,15.038971,24.970846
122,659.0694,570.3958,663.8501,570.93744,4.7807007,0.541626,4.811284
122,406.5538,341.99493,411.54034,343.41147,4.9865417,1.4165344,5.1838374
122,377.19598,202.0609,376.25467,202.57367,-0.9413147,0.5127716,1.0719179
122,791.89,133.66284,791.7351,132.23972,-0.15490723,-1.4231262,1.4315323
122,672.95135,361.70297,680.76416,354.3793,7.812805,-7.3236694,10.708691
122,254.37813,164.72858,243.74182,165.10757,-10.636307,0.3789978,10.643057
122,816.7598,163.16646,816.0542,163.78065,-0.70562744,0.6141968,0.93549335
122,428.5714,454.61105,433.65848,454.47803,5.0870667,-0.13302612,5.0888057
122,810.55414,376.30557,818.0807,386.5918,7.5265503,10.286224,12.745798
122,633.6465,329.98093,642.7559,333.61185,9.109436,3.6309204,9.8063965
122,348.70102,366.58276,356.03693,366.8341,7.335907,0.25134277,7.3402114
122,257.44812,155.38129,246.15501,155.8813,-11.293106,0.50001526,11.304171
123,515.67474,241.14882,518.19507,240.88493,2.5203247,-0.2638855,2.5341017
123,330.0839,361.53662,335.61542,361.27237,5.5315247,-0.2642517,5.5378327
123,345.073,454.63205,350.6113,454.3774,5.5382996,-0.25463867,5.5441504
123,335.58868,341.37082,340.1304,341.38654,4.5417175,0.015716553,4.5417447
123,332.78705,386.66824,338.3171,386.37347,5.53006,-0.2947693,5.5379105
123,529.783,293.3414,533.5376,292.96402,3.7545776,-0.37738037,3.7734957
123,536.9371,362.8629,540.4402,361.949,3.5031128,-0.9139099,3.6203635
123,236.52423,164.12952,226.07265,164.65126,-10.451584,0.5217438,10.464599
123,353.8838,249.40991,356.7925,249.72484,2.908722,0.31492615,2.9257207
123,349.46277,465.00095,355.08432,464.69113,5.6215515,-0.30981445,5.630082
123,356.5474,377.16235,360.43088,377.1796,3.883484,0.017242432,3.883522
123,250.72754,345.58725,255.05525,345.49692,4.327713,-0.09033203,4.3286557
123,344.2527,334.13345,348.79355,334.1229,4.540863,-0.010559082,4.540875
123,53.580914,165.76506,53.256588,166.33783,-0.32432556,0.57276917,0.6582185
123,740.11633,231.73984,738.2926,231.31401,-1.8237305,-0.42582703,1.8727844
123,912.7966,210.5832,914.7495,211.69762,1.9529419,1.1144104,2.248531
123,262.34314,573.3203,256.07172,573.36,-6.2714233,0.03967285,6.2715487
123,405.5208,288.7141,407.6708,289.54996,2.149994,0.83584595,2.3067536
123,359.98212,369.41495,364.0663,369.4122,4.084198,-0.002746582,4.084199
123,403.3524,163.39632,400.0887,163.79395,-3.2636719,0.39762878,3.287805
123,794.03815,159.64665,792.6599,160.12042,-1.3782349,0.47377014,1.4573914
123,860.2168,571.4664,858.04376,571.7448,-2.1730347,0.27844238,2.1908011
123,582.61566,483.7882,582.64685,483.5647,0.031188965,-0.22351074,0.22567633
123,994.7552,164.37189,994.5981,164.90562,-0.15710449,0.5337372,0.55637866
123,738.60754,157.41939,742.7095,158.1791,4.1019287,0.7597046,4.1716866
123,532.1364,318.3873,537.90826,320.5972,5.7718506,2.2099,6.180446
123,431.3306,321.3155,430.06345,321.34073,-1.2671509,0.025238037,1.2674022
123,870.3884,92.62909,871.8761,87.71243,1.4876709,-4.9166565,5.1367965
123,634.02014,211.72995,636.2141,212.11636,2.1939697,0.38641357,2.2277384
123,639.7037,208.30476,641.2776,208.62823,1.5739136,0.32347107,1.6068097
123,678.76263,434.77945,679.4714,437.83994,0.70874023,3.0604858,3.1414783
123,14.7276745,248.43765,13.260098,250.19011,-1.467576,1.7524567,2.2858005
123,356.18643,166.96274,358.07886,167.4798,1.8924255,0.5170593,1.9617913
123,703.1569,105.267334,711.2614,106.497765,8.104492,1.2304306,8.197363
123,663.8501,570.93744,661.38806,571.2336,-2.4620361,0.29614258,2.4797828
123,411.54034,343.41147,410.7912,344.5415,-0.7491455,1.1300354,1.3558019
123,376.25467,202.57367,377.68494,203.27095,1.4302673,0.6972809,1.5911835
123,791.7351,132.23972,792.2753,128.99841,0.54022217,-3.2413025,3.286013
123,680.76416,354.3793,682.6488,375.4322,1.8846436,21.052887,21.137075
123,243.74182,165.10757,236.62115,165.35484,-7.1206665,0.24726868,7.1249585
123,816.0542,163.78065,810.74066,163.81154,-5.3135376,0.030883789,5.3136272
123,433.65848,454.47803,438.67746,453.88046,5.018982,-0.5975647,5.05443
123,818.0807,386.5918,818.6632,388.30008,0.58251953,1.7082825,1.8048706
123,642.7559,333.61185,635.23914,338.28088,-7.5167847,4.669037,8.848839
123,356.03693,366.8341,360.23123,366.84412,4.1943054,0.010009766,4.1943173
123,246.15501,155.8813,231.7281,155.91098,-14.42691,0.029678345,14.426941
124,518.19507,240.88493,520.975,240.66441,2.7799072,-0.22052002,2.78864
124,335.61542,361.27237,340.25577,361.00266,4.6403503,-0.26971436,4.6481824
124,350.6113,454.3774,355.2333,454.00482,4.6220093,-0.3725891,4.6370025
124,340.1304,341.38654,344.7662,341.34433,4.635803,-0.04220581,4.6359954
124,338.3171,386.37347,343.03662,386.01956,4.719513,-0.35391235,4.7327642
124,533.5376,292.96402,536.59894,292.55728,3.0613403,-0.40673828,3.0882423
124,540.4402,361.949,544.94244,361.61035,4.5022583,-0.33865356,4.514977
124,226.07265,164.65126,224.68774,164.93025,-1.384903,0.2789917,1.4127252
124,356.7925,249.72484,359.85742,249.77324,3.064911,0.04840088,3.0652928
124,355.08432,464.69113,359.77734,464.36594,4.6930237,-0.3251953,4.704277
124,360.43088,377.1796,365.63303,376.66895,5.2021484,-0.51065063,5.2271514
124,255.05525,345.49692,258.61078,345.51675,3.5555267,0.019836426,3.555582
124,348.79355,334.1229,353.37247,334.11542,4.5789185,-0.0074768066,4.5789247
124,53.256588,166.33783,53.355816,166.33238,0.099227905,-0.0054473877,0.09937731
124,738.2926,231.31401,736.9595,229.61398,-1.3331299,-1.7000275,2.1604002
124,914.7495,211.69762,912.7946,210.62488,-1.954895,-1.0727386,2.229884
124,256.07172,573.36,256.4986,573.73175,0.42687988,0.37176514,0.56607044
124,407.6708,289.54996,413.43658,289.23706,5.7657776,-0.31289673,5.7742615
124,364.0663,369.4122,369.0546,368.9627,4.9882812,-0.4494934,5.008492
124,400.0887,163.79395,394.51706,163.96239,-5.5716553,0.16844177,5.5742006
124,792.6599,160.12042,789.06757,161.2577,-3.5923462,1.1372833,3.7680717
124,858.04376,571.7448,867.3267,572.05634,9.282959,0.31152344,9.288184
124,582.64685,483.5647,588.18286,481.93808,5.5360107,-1.6266174,5.770035
124,994.5981,164.90562,992.5053,165.24338,-2.0927734,0.3377533,2.1198533
124,742.7095,158.1791,738.9616,158.35374,-3.7478638,0.1746521,3.751931
124,537.90826,320.5972,539.4947,318.74936,1.5864258,-1.8478394,2.4354172
124,430.06345,321.34073,437.27298,316.4039,7.2095337,-4.9368286,8.737829
124,871.8761,87.71243,868.2074,84.48948,-3.6687012,-3.2229538,4.8833184
124,636.2141,212.11636,632.83276,212.62534,-3.3813477,0.50897217,3.419439
124,641.2776,208.62823,638.54083,209.15831,-2.7367554,0.5300751,2.7876172
124,679.4714,437.83994,679.2331,431.09668,-0.23828125,-6.7432556,6.747464
124,13.260098,250.19011,12.1809025,251.02948,-1.079196,0.8393707,1.3671895
124,358.07886,167.4798,357.66278,167.79091,-0.41607666,0.31111145,0.51952875
124,711.2614,106.497765,715.65936,102.99785,4.397949,-3.499916,5.6206203
124,661.38806,571.2336,664.95746,571.1105,3.569397,-0.12310791,3.5715194
124,410.7912,344.5415,414.0927,345.52676,3.3015137,0.98526,3.4453926
124,377.68494,203.27095,388.79248,203.58241,11.107544,0.3114624,11.11191
124,792.2753,128.99841,807.38904,125.23193,15.1137085,-3.7664795,15.575961
124,682.6488,375.4322,690.06525,380.38174,7.416443,4.9495544,8.916373
124,236.62115,165.35484,234.68585,165.81827,-1.9353027,0.46342468,1.9900148
124,810.74066,163.81154,813.88605,164.15982,3.1453857,0.34828186,3.1646094
124,438.67746,453.88046,441.84833,453.35425,3.170868,-0.5262146,3.2142348
124,818.6632,388.30008,822.8988,399.2511,4.2355957,10.951019,11.741597
124,635.23914,338.28088,635.48486,346.18488,0.24572754,7.9039917,7.9078107
124,360.23123,366.84412,365.34348,366.42255,5.1122437,-0.42156982,5.129596
124,231.7281,155.91098,230.13744,156.25153,-1.5906677,0.34054565,1.626713
125,520.975,240.66441,523.5189,240.16824,2.5439453,-0.49617004,2.59188
125,340.25577,361.00266,344.36304,360.50766,4.1072693,-0.49499512,4.1369896
125,355.2333,454.00482,359.0915,453.48734,3.8581848,-0.5174866,3.8927345
125,344.7662,341.34433,348.54294,340.85446,3.7767334,-0.48986816,3.8083706
125,343.03662,386.01956,347.15677,385.53677,4.1201477,-0.4827881,4.148337
125,536.59894,292.55728,539.73096,292.2807,3.132019,-0.2765808,3.1442075
125,544.94244,361.61035,547.7821,360.9617,2.8396606,-0.6486511,2.9128032
125,224.68774,164.93025,222.45305,165.48085,-2.2346954,0.55059814,2.301526
125,359.85742,249.77324,363.1502,249.3729,3.2927856,-0.40034485,3.317034
125,359.77734,464.36594,364.0182,463.78906,4.2408447,-0.5768738,4.2799006
125,365.63303,376.66895,370.66623,376.22485,5.033203,-0.4440918,5.052757
125,258.61078,345.51675,262.6042,344.84302,3.9934082,-0.6737366,4.0498433
125,353.37247,334.11542,357.0249,333.7057,3.6524353,-0.409729,3.6753452
125,53.355816,166.33238,53.78707,166.6137,0.43125534,0.28131104,0.5148952
125,736.9595,229.61398,740.6417,229.76553,3.682251,0.1515503,3.6853683
125,912.7946,210.62488,906.8951,211.24352,-5.899536,0.6186371,5.9318833
125,256.4986,573.73175,256.7807,573.97076,0.2821045,0.23901367,0.3697438
125,413.43658,289.23706,416.4605,286.21646,3.0239258,-3.0205994,4.274125
125,369.0546,368.9627,373.6289,368.56003,4.5743103,-0.40267944,4.592
125,394.51706,163.96239,394.25452,164.27882,-0.26254272,0.31643677,0.41117018
125,789.06757,161.2577,780.33777,160.99002,-8.729797,-0.26768494,8.7339
125,867.3267,572.05634,866.8476,571.71295,-0.47912598,-0.3433838,0.5894694
125,588.18286,481.93808,588.6832,482.5228,0.5003662,0.5847168,0.76958436
125,992.5053,165.24338,993.66724,164.8226,1.1619263,-0.42077637,1.2357692
125,738.9616,158.35374,747.8138,158.81985,8.852173,0.46611023,8.864436
125,539.4947,318.74936,542.48254,317.53897,2.987854,-1.2103882,3.2237108
125,437.27298,316.4039,443.8944,316.28006,6.6214294,-0.12384033,6.622587
125,868.2074,84.48948,860.39984,77.496506,-7.807556,-6.9929733,10.481393
125,632.83276,212.62534,638.32324,212.5866,5.4904785,-0.038742065,5.4906154
125,638.54083,209.15831,643.3772,208.94734,4.8363647,-0.21096802,4.840964
125,679.2331,431.09668,678.41516,437.19162,-0.8179321,6.09494,6.149578
125,12.1809025,251.02948,10.4422035,251.63966,-1.738699,0.6101837,1.8426607
125,357.66278,167.79091,357.7738,168.14052,0.11102295,0.34960938,0.3668144
125,715.65936,102.99785,716.8864,91.40841,1.2270508,-11.589439,11.654217
125,664.95746,571.1105,667.81885,571.33,2.8613892,0.21954346,2.8697991
125,414.0927,345.52676,418.3613,345.6493,4.268585,0.122528076,4.2703433
125,388.79248,203.58241,386.7854,204.12274,-2.00708,0.540329,2.0785394
125,807.38904,125.23193,798.7449,126.543526,-8.644165,1.3115921,8.743104
125,690.06525,380.38174,689.2713,378.59604,-0.7939453,-1.7857056,1.9542501
125,234.68585,165.81827,231.55443,166.20917,-3.131424,0.39089966,3.1557279
125,813.88605,164.15982,809.5588,164.2089,-4.3272705,0.049072266,4.327549
125,441.84833,453.35425,445.6814,452.692,3.8330688,-0.66226196,3.8898597
125,822.8988,399.2511,823.2229,394.063,0.32409668,-5.1881104,5.1982236
125,635.48486,346.18488,644.4439,347.8022,8.959045,1.6173096,9.103856
125,365.34348,366.42255,369.71786,365.92975,4.3743896,-0.49279785,4.40206
125,230.13744,156.25153,229.74707,156.56758,-0.3903656,0.3160553,0.5022711
126,523.5189,240.16824,527.00464,239.91066,3.4857178,-0.25758362,3.495222
126,344.36304,360.50766,347.79446,359.73553,3.431427,-0.77212524,3.5172246
126,359.0915,453.48734,362.28864,452.40802,3.1971436,-1.0793152,3.3744109
126,348.54294,340.85446,352.26868,340.18787,3.7257385,-0.66659546,3.7849011
126,347.15677,385.53677,350.5821,384.6559,3.4253235,-0.8808594,3.5367718
126,539.73096,292.2807,543.1261,292.09875,3.3951416,-0.1819458,3.4000132
126,547.7821,360.9617,550.51666,360.9039,2.734558,-0.057800293,2.735169
126,222.45305,165.48085,219.83334,165.71744,-2.6197052,0.23658752,2.6303668
126,363.1502,249.3729,366.58328,248.81557,3.433075,-0.5573273,3.4780192
126,364.0182,463.78906,367.2599,462.79245,3.2416992,-0.99661255,3.3914378
126,370.66623,376.22485,374.0422,375.50882,3.3759766,-0.71603394,3.4510756
126,262.6042,344.84302,265.76556,344.48236,3.161377,-0.36065674,3.1818829
126,357.0249,333.7057,360.75104,333.03934,3.7261353,-0.6663513,3.7852488
126,53.78707,166.6137,53.392616,166.5591,-0.39445496,-0.054595947,0.3982153
126,740.6417,229.76553,739.74567,232.06303,-0.8960571,2.2975006,2.4660552
126,906.8951,211.24352,912.2482,211.42543,5.3531494,0.18191528,5.3562393
126,256.7807,573.97076,264.49725,574.21136,7.7165527,0.24060059,7.7203026
126,416.4605,286.21646,418.05603,285.72833,1.59552,-0.48812866,1.6685184
126,373.6289,368.56003,377.29648,367.72058,3.667572,-0.839447,3.7624135
126,394.25452,164.27882,394.8748,164.53763,0.6202698,0.25880432,0.6720969
126,780.33777,160.99002,780.6091,160.96564,0.27130127,-0.024383545,0.27239484
126,866.8476,571.71295,865.48956,572.2771,-1.3580322,0.56414795,1.470549
126,588.6832,482.5228,594.969,487.2571,6.2857666,4.734314,7.869218
126,993.66724,164.8226,986.7587,165.26979,-6.9085083,0.44718933,6.9229665
126,747.8138,158.81985,744.11145,158.58038,-3.7023315,-0.23947144,3.7100682
126,542.48254,317.53897,547.28,319.32837,4.7974854,1.7893982,5.120333
126,443.8944,316.28006,445.27924,313.60065,1.3848267,-2.6794128,3.016123
126,860.39984,77.496506,851.3364,72.88365,-9.063416,-4.612854,10.169755
126,638.32324,212.5866,637.56915,212.2555,-0.75408936,-0.33110046,0.82357657
126,643.3772,208.94734,642.53735,209.01906,-0.83984375,0.07171631,0.8429002
126,678.41516,437.19162,682.31476,431.42108,3.8995972,-5.7705383,6.964623
126,10.4422035,251.63966,10.333269,252.17114,-0.1089344,0.5314789,0.54252785
126,357.7738,168.14052,359.47098,167.96205,1.6971741,-0.1784668,1.7065316
126,716.8864,91.40841,713.2866,84.39567,-3.5997925,-7.012741,7.8827057
126,667.81885,571.33,666.26056,571.509,-1.5582886,0.17895508,1.5685306
126,418.3613,345.6493,421.47668,346.77124,3.115387,1.1219482,3.3112543
126,386.7854,204.12274,388.22256,203.97113,1.4371643,-0.15161133,1.4451392
126,798.7449,126.543526,794.5525,126.864265,-4.192383,0.32073975,4.204634
126,689.2713,378.59604,690.6465,374.9447,1.3751831,-3.6513367,3.901716
126,231.55443,166.20917,231.49736,166.35962,-0.05706787,0.15045166,0.16091129
126,809.5588,164.2089,808.7383,164.5952,-0.8204956,0.38630676,0.90688807
126,445.6814,452.692,446.95987,452.0939,1.2784729,-0.5980835,1.411452
126,823.2229,394.063,802.4011,405.68512,-20.821777,11.622131,23.845762
126,644.4439,347.8022,645.2892,358.20416,0.8452759,10.401978,10.436265
126,369.71786,365.92975,373.17865,365.28076,3.460785,-0.6489868,3.52111
126,229.74707,156.56758,230.33769,156.74043,0.59062195,0.17285156,0.6153958
127,527.00464,239.91066,531.0227,240.10316,4.0180664,0.19250488,4.022675
127,347.79446,359.73553,351.1473,358.75055,3.3528442,-0.98498535,3.494533
127,362.28864,452.40802,365.2304,451.08655,2.9417725,-1.3214722,3.2249517
127,352.26868,340.18787,355.5492,339.29953,3.2805176,-0.8883362,3.398667
127,350.5821,384.6559,353.86456,383.59335,3.2824707,-1.062561,3.4501667
127,543.1261,292.09875,546.5897,291.66913,3.463623,-0.42962646,3.4901667
127,550.51666,360.9039,552.86115,360.51935,2.3444824,-0.384552,2.375811
127,219.83334,165.71744,223.28598,165.75368,3.4526367,0.036239624,3.4528267
127,366.58328,248.81557,370.97452,248.4448,4.3912354,-0.37077332,4.4068604
127,367.2599,462.79245,369.86682,461.43286,2.6069336,-1.3595886,2.9401674
127,374.0422,375.50882,377.35004,374.38828,3.3078308,-1.1205444,3.4924726
127,265.76556,344.48236,269.99185,343.41455,4.226288,-1.06781,4.359097
127,360.75104,333.03934,364.08643,332.0579,3.3353882,-0.9814453,3.476787
127,53.392616,166.5591,54.57113,166.9181,1.1785126,0.3590088,1.2319819
127,739.74567,232.06303,745.38086,233.05066,5.635193,0.9876251,5.7210836
127,912.2482,211.42543,910.0827,211.99901,-2.1655273,0.5735779,2.2402008
127,264.49725,574.21136,257.2981,574.3616,-7.1991577,0.15020752,7.2007246
127,418.05603,285.72833,421.44055,285.8604,3.3845215,0.13208008,3.3870978
127,377.29648,367.72058,378.9612,366.7684,1.6647339,-0.95217896,1.917807
127,394.8748,164.53763,404.82297,164.91493,9.948181,0.37730408,9.955334
127,780.6091,160.96564,781.103,161.13606,0.49395752,0.17042542,0.5225312
127,865.48956,572.2771,858.377,572.35205,-7.112549,0.07495117,7.112944
127,594.969,487.2571,597.20917,482.64478,2.2401733,-4.612335,5.127574
127,986.7587,165.26979,991.9324,165.50542,5.173645,0.23562622,5.179008
127,744.11145,158.58038,729.38617,159.25774,-14.725281,0.6773529,14.740851
127,547.28,319.32837,549.7704,318.40845,2.4903564,-0.9199219,2.6548316
127,445.27924,313.60065,448.6335,308.31815,3.3542786,-5.282501,6.257476
127,851.3364,72.88365,852.3125,71.85591,0.9760742,-1.0277405,1.4173818
127,637.56915,212.2555,638.6683,212.47781,1.0991211,0.22232056,1.1213802
127,642.53735,209.01906,645.1704,209.27432,2.6330566,0.25526428,2.645401
127,682.31476,431.42108,688.7786,438.4801,6.463867,7.059021,9.5713825
127,10.333269,252.17114,11.384532,252.23473,1.0512629,0.063583374,1.0531839
127,359.47098,167.96205,368.64926,168.39317,9.178284,0.43112183,9.188403
127,713.2866,84.39567,709.7706,88.95483,-3.5159912,4.5591583,5.75744
127,666.26056,571.509,657.77203,571.7742,-8.488525,0.26519775,8.492667
127,421.47668,346.77124,418.62213,345.48016,-2.8545532,-1.2910767,3.1329463
127,388.22256,203.97113,392.21936,204.1985,3.9967957,0.22737122,4.0032578
127,794.5525,126.864265,796.08746,129.38214,1.5349731,2.5178757,2.9488711
127,690.6465,374.9447,703.08453,384.2159,12.438049,9.27121,15.513233
127,231.49736,166.35962,242.40605,166.71852,10.908691,0.35890198,10.914594
127,808.7383,164.5952,811.3174,164.76738,2.5791016,0.17218018,2.5848424
127,446.95987,452.0939,447.25946,451.4665,0.29959106,-0.6274109,0.69526917
127,802.4011,405.68512,802.4455,399.74393,0.04437256,-5.9411926,5.9413586
127,645.2892,358.20416,655.69995,353.078,10.410767,-5.1261597,11.604378
127,373.17865,365.28076,375.25415,364.23834,2.0755005,-1.0424194,2.322572
127,230.33769,156.74043,239.91922,157.24828,9.581528,0.507843,9.594976
128,531.0227,240.10316,535.3919,240.03625,4.3692017,-0.06690979,4.369714
128,351.1473,358.75055,353.86157,357.63257,2.714264,-1.117981,2.9354916
128,365.2304,451.08655,367.6513,449.55637,2.4208984,-1.5301819,2.8639493
128,355.5492,339.29953,358.69012,338.16913,3.1409302,-1.1304016,3.3381507
128,353.86456,383.59335,356.45502,382.44324,2.590454,-1.150116,2.8342934
128,546.5897,291.66913,549.8571,291.2462,3.267395,-0.42294312,3.2946548
128,552.86115,360.51935,554.9859,360.50995,2.1247559,-0.009399414,2.1247766
128,223.28598,165.75368,223.74399,165.94441,0.4580078,0.19073486,0.496136
128,370.97452,248.4448,375.46866,247.52118,4.4941406,-0.9236145,4.5880675
128,369.86682,461.43286,371.49658,459.86224,1.6297607,-1.5706177,2.2633958
128,377.35004,374.38828,380.77173,372.70978,3.421692,-1.6784973,3.8112109
128,269.99185,343.41455,273.82724,342.1434,3.8353882,-1.2711487,4.0405474
128,364.08643,332.0579,367.38675,330.95764,3.3003235,-1.1002502,3.4788914
128,54.57113,166.9181,54.17829,166.89616,-0.39283752,-0.021942139,0.39344984
128,745.38086,233.05066,749.01056,234.00267,3.6296997,0.9520111,3.752472
128,910.0827,211.99901,911.1125,211.8939,1.0297852,-0.10510254,1.0351348
128,257.2981,574.3616,258.25775,574.6038,0.95965576,0.24224854,0.9897593
128,421.44055,285.8604,422.08444,285.82477,0.6438904,-0.03564453,0.64487624
128,378.9612,366.7684,380.90814,365.28415,1.9469299,-1.4842529,2.4481714
128,404.82297,164.91493,406.8929,165.24391,2.0699463,0.3289795,2.0959258
128,781.103,161.13606,782.28174,161.26485,1.1787109,0.12878418,1.1857255
128,858.377,572.35205,859.01,572.6616,0.6329956,0.3095703,0.7046398
128,597.20917,482.64478,601.2449,482.33228,4.0357056,-0.3125,4.047786
128,991.9324,165.50542,989.7503,165.73706,-2.1820679,0.23164368,2.1943288
128,729.38617,159.25774,729.23065,159.69449,-0.15551758,0.43675232,0.4636144
128,549.7704,318.40845,553.80804,318.03302,4.0376587,-0.37542725,4.055075
128,448.6335,308.31815,450.17383,301.1393,1.5403137,-7.178833,7.3422213
128,852.3125,71.85591,851.4582,65.77278,-0.8543091,-6.08313,6.142826
128,638.6683,212.47781,637.3961,213.22174,-1.2721558,0.743927,1.4737054
128,645.1704,209.27432,643.0208,209.9014,-2.1495972,0.6270752,2.2391944
128,688.7786,438.4801,691.89087,426.57074,3.1122437,-11.909363,12.309304
128,11.384532,252.23473,12.093628,251.46532,0.70909595,-0.7694092,1.0463306
128,368.64926,168.39317,371.07288,168.81183,2.4236145,0.4186554,2.459508
128,709.7706,88.95483,713.38727,87.938446,3.6166382,-1.0163803,3.7567406
128,657.77203,571.7742,663.3867,572.2009,5.614685,0.4267578,5.63088
128,418.62213,345.48016,418.38705,344.40472,-0.2350769,-1.0754395,1.100832
128,392.21936,204.1985,393.94724,204.26624,1.7278748,0.067733765,1.7292018
128,796.08746,129.38214,801.16034,127.7389,5.072876,-1.6432419,5.3323836
128,703.08453,384.2159,697.6472,380.21692,-5.437317,-3.998993,6.749545
128,242.40605,166.71852,243.00443,166.5766,0.5983734,-0.141922,0.61497366
128,811.3174,164.76738,823.28015,164.82295,11.962769,0.05557251,11.962897
128,447.25946,451.4665,448.3466,450.61447,1.0871277,-0.85202026,1.381226
128,802.4455,399.74393,801.12714,412.23932,-1.3183594,12.495392,12.564748
128,655.69995,353.078,663.7102,356.08932,8.010254,3.011322,8.557583
128,375.25415,364.23834,378.06723,362.55707,2.8130798,-1.6812744,3.2772095
128,239.91922,157.24828,239.79744,157.22461,-0.121780396,-0.023666382,0.1240587
129,535.3919,240.03625,539.91,240.21017,4.5180664,0.17391968,4.521413
129,353.86157,357.63257,355.94284,356.4544,2.0812683,-1.1781616,2.3915985
129,367.6513,449.55637,369.88205,447.9729,2.2307434,-1.5834656,2.735613
129,358.69012,338.16913,361.63293,336.88727,2.94281,-1.2818604,3.2098749
129,356.45502,382.44324,358.63046,381.1206,2.1754456,-1.3226318,2.5459611
129,549.8571,291.2462,554.05585,292.16995,4.1987305,0.9237671,4.299149
129,554.9859,360.50995,556.9992,360.87503,2.0133057,0.3650818,2.0461388
129,223.74399,165.94441,216.10425,166.43332,-7.63974,0.48890686,7.655368
129,375.46866,247.52118,379.95377,246.81233,4.4851074,-0.70884705,4.5407767
129,371.49658,459.86224,374.07993,458.3785,2.5833435,-1.4837341,2.9791157
129,380.77173,372.70978,384.3207,371.55396,3.5489807,-1.1558228,3.732451
129,273.82724,342.1434,277.98343,340.70148,4.156189,-1.441925,4.3992105
129,367.38675,330.95764,370.4518,329.6744,3.0650635,-1.2832336,3.3228455
129,54.17829,166.89616,54.395603,167.1591,0.21731186,0.26293945,0.34111816
129,749.01056,234.00267,734.2329,234.45421,-14.777649,0.4515381,14.784546
129,911.1125,211.8939,896.72485,212.16072,-14.387634,0.2668152,14.390108
129,258.25775,574.6038,233.59105,574.73444,-24.666702,0.13061523,24.66705
129,422.08444,285.82477,426.22964,288.9841,4.1452026,3.1593323,5.2119174
129,380.90814,365.28415,383.01593,364.22525,2.107788,-1.0588989,2.3588212
129,406.8929,165.24391,409.66025,165.6161,2.767334,0.37219238,2.7922509
129,782.28174,161.26485,778.7214,161.72826,-3.5603638,0.46340942,3.5903955
129,859.01,572.6616,862.6507,572.7266,3.640686,0.06500244,3.6412663
129,601.2449,482.33228,603.5508,485.53415,2.3059082,3.2018738,3.9457836
129,989.7503,165.73706,990.21796,165.78311,0.46765137,0.046051025,0.4699133
129,729.23065,159.69449,730.46826,159.83469,1.2376099,0.14019775,1.2455255
129,553.80804,318.03302,559.6462,323.9905,5.838135,5.957489,8.341192
129,450.17383,301.1393,452.4225,299.52994,2.2486572,-1.609375,2.765239
129,851.4582,65.77278,856.64105,73.39871,5.1828613,7.625931,9.220459
129,637.3961,213.22174,625.3124,213.44829,-12.08374,0.22654724,12.085864
129,643.0208,209.9014,644.2408,210.08607,1.2199707,0.18467712,1.2338696
129,691.89087,426.57074,696.33356,414.3368,4.442688,-12.233948,13.015642
129,12.093628,251.46532,12.181185,252.10301,0.08755684,0.6376953,0.6436781
129,371.07288,168.81183,375.8122,169.16544,4.739319,0.35360718,4.752492
129,713.38727,87.938446,721.35754,91.11215,7.970276,3.173706,8.578911
129,663.3867,572.2009,666.7569,572.0348,3.3701782,-0.1661377,3.3742707
129,418.38705,344.40472,417.79984,342.94058,-0.58721924,-1.4641418,1.57751
129,393.94724,204.26624,394.4866,204.32333,0.5393677,0.05709839,0.5423815
129,801.16034,127.7389,789.3917,132.65921,-11.768616,4.920311,12.7557745
129,697.6472,380.21692,704.2996,386.42377,6.652405,6.206848,9.098321
129,243.00443,166.5766,227.73605,166.6363,-15.268372,0.05970764,15.268489
129,823.28015,164.82295,827.3764,165.4569,4.0962524,0.63394165,4.145017
129,448.3466,450.61447,452.50684,449.57376,4.160248,-1.0407104,4.2884426
129,801.12714,412.23932,812.68616,400.6427,11.559021,-11.596619,16.373531
129,663.7102,356.08932,664.194,360.3846,0.48376465,4.295288,4.3224444
129,378.06723,362.55707,379.55902,361.39825,1.4917908,-1.1588135,1.8889914
129,239.79744,157.22461,234.9243,157.22076,-4.8731384,-0.0038452148,4.87314
130,539.91,240.21017,544.872,240.43355,4.962036,0.22337341,4.9670615
130,355.94284,356.4544,358.62637,355.23862,2.6835327,-1.2157898,2.9460979
130,369.88205,447.9729,372.18332,446.44028,2.3012695,-1.5326233,2.7649188
130,361.63293,336.88727,364.7633,335.6069,3.130371,-1.280365,3.3820937
130,358.63046,381.1206,360.96698,380.00433,2.3365173,-1.116272,2.5894742
130,554.05585,292.16995,557.5922,291.78775,3.536377,-0.38220215,3.5569706
130,556.9992,360.87503,558.56067,361.52188,1.5614624,0.6468506,1.6901423
130,216.10425,166.43332,226.28996,166.58905,10.185715,0.1557312,10.186905
130,379.95377,246.81233,385.07938,245.9365,5.1256104,-0.87583923,5.1999016
130,374.07993,458.3785,376.18698,456.77878,2.1070557,-1.5997314,2.645529
130,384.3207,371.55396,385.85355,370.4635,1.5328369,-1.0904541,1.8811377
130,277.98343,340.70148,281.30826,339.44397,3.324829,-1.2575073,3.554689
130,370.4518,329.6744,373.68015,328.47983,3.2283325,-1.1945801,3.4422596
130,54.395603,167.1591,54.676086,167.72147,0.28048325,0.5623627,0.6284287
130,734.2329,234.45421,735.2106,236.8659,0.97766113,2.4116974,2.6023269
130,896.72485,212.16072,902.84235,212.79453,6.1174927,0.6338043,6.1502376
130,233.59105,574.73444,241.0659,575.00555,7.4748535,0.27111816,7.4797688
130,426.22964,288.9841,432.7608,286.47552,6.5311584,-2.5085754,6.996355
130,383.01593,364.22525,385.48376,363.1505,2.4678345,-1.0747375,2.6917036
130,409.66025,165.6161,415.215,165.8713,5.5547485,0.25520325,5.560608
130,778.7214,161.72826,773.47595,161.4733,-5.2454224,-0.2549591,5.251615
130,862.6507,572.7266,860.1074,573.1091,-2.543274,0.3824463,2.5718684
130,603.5508,485.53415,590.4488,485.44632,-13.10199,-0.08782959,13.102284
130,990.21796,165.78311,989.6168,165.5812,-0.60113525,-0.2019043,0.6341364
130,730.46826,159.83469,734.30566,159.87813,3.8374023,0.043441772,3.8376482
130,559.6462,323.9905,561.1633,320.74548,1.5171509,-3.2450256,3.5821695
130,452.4225,299.52994,451.2381,300.3517,-1.1843872,0.82177734,1.4415586
130,856.64105,73.39871,852.7159,83.59081,-3.925171,10.192101,10.921807
130,625.3124,213.44829,620.5157,214.24887,-4.796692,0.8005829,4.863043
130,644.2408,210.08607,645.36066,210.21638,1.119873,0.13031006,1.1274291
130,696.33356,414.3368,703.2608,423.92792,6.927246,9.5911255,11.831163
130,12.181185,252.10301,12.439781,251.77536,0.25859642,-0.32765198,0.41740617
130,375.8122,169.16544,377.2157,169.3611,1.4035034,0.19566345,1.4170766
130,721.35754,91.11215,723.00385,96.586075,1.6463013,5.4739227,5.71613
130,666.7569,572.0348,666.7453,572.3803,-0.01159668,0.34552002,0.34571457
130,417.79984,342.94058,418.02777,340.85437,0.22793579,-2.0862122,2.098627
130,394.4866,204.32333,407.26978,204.94861,12.783173,0.62527466,12.798456
130,789.3917,132.65921,791.3655,137.85675,1.9737549,5.1975403,5.559688
130,704.2996,386.42377,705.8423,390.6137,1.5426636,4.1899414,4.4649096
130,227.73605,166.6363,241.8483,167.03789,14.112244,0.4015808,14.117956
130,827.3764,165.4569,833.2124,165.70914,5.8359985,0.25224304,5.8414474
130,452.50684,449.57376,453.77307,448.8373,1.2662354,-0.7364502,1.4648246
130,812.68616,400.6427,804.38574,393.7683,-8.300415,-6.8743896,10.777482
130,664.194,360.3846,668.8005,367.6465,4.6065063,7.261902,8.599716
130,379.55902,361.39825,382.19077,360.46762,2.6317444,-0.93063354,2.7914436
130,234.9243,157.22076,248.53146,157.74551,13.607162,0.52474976,13.617277
131,544.872,240.43355,549.4255,240.57297,4.553467,0.13941956,4.5556006
131,358.62637,355.23862,360.5485,354.21097,1.9221191,-1.0276489,2.179588
131,372.18332,446.44028,374.08084,444.88666,1.897522,-1.5536194,2.4524117
131,364.7633,335.6069,367.6329,334.31952,2.8695984,-1.287384,3.1451476
131,360.96698,380.00433,362.87308,379.02368,1.9060974,-0.98065186,2.1435683
131,557.5922,291.78775,561.6346,293.07837,4.0423584,1.2906189,4.24339
131,558.56067,361.52188,561.1325,361.67923,2.5718384,0.15734863,2.5766473
131,226.28996,166.58905,216.15764,167.21652,-10.132324,0.6274719,10.151734
131,385.07938,245.9365,389.88373,245.38033,4.804352,-0.5561676,4.8364367
131,376.18698,456.77878,377.79855,455.28064,1.6115723,-1.4981384,2.20036
131,385.85355,370.4635,387.3946,369.2506,1.5410461,-1.2128906,1.9611036
131,281.30826,339.44397,285.44897,338.1283,4.1407166,-1.3156738,4.344713
131,373.68015,328.47983,376.6202,327.16068,2.9400635,-1.3191528,3.2224426
131,54.676086,167.72147,54.893578,167.88004,0.21749115,0.15856934,0.2691591
131,735.2106,236.8659,748.50586,240.36218,13.295288,3.4962769,13.7473135
131,902.84235,212.79453,899.5214,213.06035,-3.3209229,0.26582336,3.3315449
131,241.0659,575.00555,239.06279,575.2512,-2.0031128,0.2456665,2.018121
131,432.7608,286.47552,440.00635,287.20438,7.2455444,0.7288513,7.2821107
131,385.48376,363.1505,387.3778,361.94614,1.894043,-1.2043762,2.2445314
131,415.215,165.8713,416.60968,166.1975,1.3946838,0.32618713,1.4323201
131,773.47595,161.4733,771.9363,162.46577,-1.5396729,0.9924774,1.8318307
131,860.1074,573.1091,859.05054,573.3256,-1.0568848,0.21655273,1.0788423
131,590.4488,485.44632,591.61816,485.17502,1.1693726,-0.27130127,1.2004318
131,989.6168,165.5812,989.11786,166.04857,-0.4989624,0.46736145,0.6836594
131,734.30566,159.87813,734.7828,160.2463,0.47711182,0.36817932,0.60265386
131,561.1633,320.74548,564.9127,319.35345,3.7493896,-1.3920288,3.9994583
131,451.2381,300.3517,459.69424,303.834,8.456146,3.4822998,9.145098
131,852.7159,83.59081,857.3361,94.31779,4.6202393,10.7269745,11.679666
131,620.5157,214.24887,627.3055,214.09016,6.789795,-0.15870667,6.7916493
131,645.36066,210.21638,649.18286,210.28246,3.8222046,0.06607056,3.8227756
131,703.2608,423.92792,696.4642,424.5835,-6.796631,0.6555786,6.828175
131,12.439781,251.77536,12.711437,252.4351,0.27165604,0.65974426,0.71348405
131,377.2157,169.3611,380.21402,169.8212,2.9983215,0.46009827,3.0334175
131,723.00385,96.586075,721.16315,104.95478,-1.8406982,8.368706,8.568746
131,666.7453,572.3803,671.1261,572.15594,4.3807983,-0.22436523,4.3865404
131,418.02777,340.85437,420.61526,340.29767,2.587494,-0.55670166,2.6467037
131,407.26978,204.94861,411.26935,205.37485,3.9995728,0.426239,4.022221
131,791.3655,137.85675,788.8183,140.9577,-2.5471802,3.1009521,4.012983
131,705.8423,390.6137,700.22406,389.7538,-5.618225,-0.8598938,5.6836495
131,241.8483,167.03789,231.72803,167.08444,-10.12027,0.046554565,10.120377
131,833.2124,165.70914,834.58514,166.34917,1.3727417,0.6400299,1.5146148
131,453.77307,448.8373,453.66904,448.07184,-0.104034424,-0.7654724,0.77250963
131,804.38574,393.7683,806.7274,381.89603,2.3416748,-11.872284,12.101015
131,668.8005,367.6465,671.6931,374.36877,2.8926392,6.7222595,7.318206
131,382.19077,360.46762,384.04324,359.35178,1.852478,-1.1158447,2.1625874
131,248.53146,157.74551,246.66814,158.07,-1.863327,0.3244934,1.8913708
132,549.4255,240.57297,554.60596,240.9798,5.180481,0.40682983,5.1964307
132,360.5485,354.21097,362.84134,353.0049,2.2928467,-1.2060547,2.5906975
132,374.08084,444.88666,375.68558,443.2594,1.6047363,-1.6272583,2.285421
132,367.6329,334.31952,370.33533,332.98538,2.702423,-1.334137,3.0138035
132,362.87308,379.02368,365.17694,377.83374,2.3038635,-1.1899414,2.593019
132,561.6346,293.07837,565.11285,293.36636,3.4782715,0.28799438,3.4901738
132,561.1325,361.67923,562.1883,362.1547,1.0557861,0.47546387,1.1579077
132,216.15764,167.21652,215.59846,167.14189,-0.5591736,-0.07463074,0.5641319
132,389.88373,245.38033,395.35742,244.24503,5.473694,-1.1352997,5.5901904
132,377.79855,455.28064,379.15512,453.5858,1.3565674,-1.6948547,2.1709
132,387.3946,369.2506,389.18478,367.64923,1.7901917,-1.6013794,2.4019163
132,285.44897,338.1283,288.17932,336.93155,2.7303467,-1.1967468,2.9811065
132,376.6202,327.16068,379.57343,325.64636,2.9532166,-1.5143127,3.3188298
132,54.893578,167.88004,55.24842,168.3154,0.35484314,0.43536377,0.56165403
132,748.50586,240.36218,752.7369,239.66321,4.231018,-0.6989746,4.2883654
132,899.5214,213.06035,897.26465,214.00714,-2.256775,0.9467926,2.447335
132,239.06279,575.2512,229.51718,575.44476,-9.5456085,0.19354248,9.54757
132,440.00635,287.20438,442.2,280.5151,2.1936646,-6.68927,7.0397797
132,387.3778,361.94614,389.4265,360.40463,2.048706,-1.5415039,2.5638704
132,416.60968,166.1975,416.45926,166.39455,-0.15042114,0.197052,0.24790323
132,771.9363,162.46577,775.56635,162.32097,3.630066,-0.14480591,3.632953
132,859.05054,573.3256,859.24207,573.5842,0.19152832,0.25860596,0.3218076
132,591.61816,485.17502,592.1527,484.48218,0.5345459,-0.6928406,0.87508136
132,989.11786,166.04857,991.02625,166.06738,1.9083862,0.018814087,1.908479
132,734.7828,160.2463,735.56,160.65747,0.7772217,0.41116333,0.8792774
132,564.9127,319.35345,569.83704,320.72314,4.9243164,1.36969,5.1112566
132,459.69424,303.834,460.2023,302.19232,0.50805664,-1.6416931,1.7185104
132,857.3361,94.31779,863.02637,83.62103,5.6902466,-10.696754,12.116083
132,627.3055,214.09016,624.305,213.90912,-3.0004883,-0.18104553,3.0059454
132,649.18286,210.28246,647.80225,209.97437,-1.3806152,-0.3080902,1.4145734
132,696.4642,424.5835,698.7264,416.99533,2.262207,-7.5881653,7.918196
132,12.711437,252.4351,11.407086,253.38208,-1.3043509,0.9469757,1.6118604
132,380.21402,169.8212,381.2791,170.18867,1.065094,0.36747742,1.1267053
132,721.16315,104.95478,741.6526,106.16659,20.48944,1.2118073,20.525246
132,671.1261,572.15594,674.5785,572.5676,3.4523926,0.41168213,3.4768517
132,420.61526,340.29767,424.4885,338.0618,3.87323,-2.2358704,4.4722505
132,411.26935,205.37485,415.58255,205.4865,4.313202,0.11164856,4.3146467
132,788.8183,140.9577,792.54266,139.18462,3.7243652,-1.7730865,4.1248918
132,700.22406,389.7538,701.1345,379.3025,0.9104614,-10.451324,10.490907
132,231.72803,167.08444,225.5642,167.34758,-6.1638336,0.26313782,6.1694474
132,834.58514,166.34917,830.4433,165.84212,-4.1418457,-0.50704956,4.172767
132,453.66904,448.07184,438.70483,447.9286,-14.964203,-0.14324951,14.964889
132,806.7274,381.89603,800.3012,380.25543,-6.4262085,-1.6405945,6.632323
132,671.6931,374.36877,668.52905,376.00864,-3.1640625,1.6398621,3.5637677
132,384.04324,359.35178,386.07208,357.8101,2.028839,-1.541687,2.5481339
132,246.66814,158.07,240.69412,158.3625,-5.9740143,0.29249573,5.98117
133,554.60596,240.9798,559.3816,241.393,4.775635,0.413208,4.7934775
133,362.84134,353.0049,364.67383,351.92905,1.832489,-1.0758667,2.1249719
133,375.68558,443.2594,377.84277,441.48486,2.157196,-1.7745361,2.7932906
133,370.33533,332.98538,373.34055,331.7096,3.0052185,-1.2757874,3.2648082
133,365.17694,377.83374,366.98334,376.90842,1.8063965,-0.9253235,2.029604
133,565.11285,293.36636,568.77563,293.42984,3.6627808,0.06347656,3.6633308
133,562.1883,362.1547,563.89545,362.8123,1.7071533,0.6575928,1.8294264
133,215.59846,167.14189,224.20915,167.57349,8.610687,0.43159485,8.621497
133,395.35742,244.24503,400.22647,243.52576,4.869049,-0.7192688,4.9218884
133,379.15512,453.5858,381.34344,451.8792,2.188324,-1.7065735,2.7750955
133,389.18478,367.64923,392.4709,366.73575,3.2861023,-0.91348267,3.4107065
133,288.17932,336.93155,292.592,335.4623,4.412689,-1.4692383,4.650859
133,379.57343,325.64636,382.7598,324.32614,3.1863708,-1.320221,3.4490495
133,55.24842,168.3154,54.778275,168.34354,-0.47014618,0.028137207,0.4709874
133,752.7369,239.66321,760.87067,242.62396,8.133789,2.9607544,8.655899
133,897.26465,214.00714,897.1791,213.64369,-0.08557129,-0.3634491,0.3733868
133,229.51718,575.44476,246.52853,575.41644,17.011353,-0.028320312,17.011375
133,442.2,280.5151,444.85312,280.5773,2.6531067,0.062194824,2.6538355
133,389.4265,360.40463,392.53876,359.42773,3.1122437,-0.9768982,3.2619612
133,416.45926,166.39455,416.4516,166.46753,-0.007659912,0.07298279,0.07338366
133,775.56635,162.32097,763.28687,162.73279,-12.27948,0.41181946,12.286384
133,859.24207,573.5842,862.0862,573.597,2.8441162,0.012756348,2.8441448
133,592.1527,484.48218,596.382,484.91272,4.229309,0.430542,4.251167
133,991.02625,166.06738,994.5179,165.86424,3.4916382,-0.20314026,3.4975424
133,735.56,160.65747,732.3324,160.83769,-3.2276,0.18022156,3.2326279
133,569.83704,320.72314,571.7721,322.03348,1.9350586,1.3103333,2.3369691
133,460.2023,302.19232,464.02356,305.62793,3.8212585,3.435608,5.1386204
133,863.02637,83.62103,861.1013,82.64552,-1.9250488,-0.97550964,2.1581085
133,624.305,213.90912,630.6032,214.57437,6.298218,0.6652527,6.333254
133,647.80225,209.97437,646.681,210.52388,-1.1212158,0.5495148,1.2486358
133,698.7264,416.99533,697.8744,413.20517,-0.85198975,-3.7901611,3.8847404
133,11.407086,253.38208,11.510379,253.94946,0.103292465,0.5673828,0.5767084
133,381.2791,170.18867,385.18674,170.4975,3.9076233,0.30882263,3.9198074
133,741.6526,106.16659,726.54285,103.04197,-15.109741,-3.1246185,15.429437
133,674.5785,572.5676,678.5069,572.6479,3.9284058,0.08026123,3.9292257
133,424.4885,338.0618,423.59116,337.35867,-0.89733887,-0.703125,1.1400008
133,415.58255,205.4865,416.67557,205.83942,1.0930176,0.35292053,1.1485819
133,792.54266,139.18462,783.6785,137.29144,-8.864136,-1.8931732,9.06405
133,701.1345,379.3025,700.4073,370.23926,-0.7272339,-9.063232,9.092362
133,225.5642,167.34758,234.12177,167.88055,8.557571,0.53297424,8.574152
133,830.4433,165.84212,836.5338,166.30704,6.090515,0.46492004,6.1082344
133,438.70483,447.9286,446.29846,446.92355,7.593628,-1.0050354,7.6598487
133,800.3012,380.25543,811.8168,378.34622,11.515564,-1.9092102,11.672759
133,668.52905,376.00864,663.9564,382.9032,-4.572632,6.894562,8.273086
133,386.07208,357.8101,388.0404,356.59592,1.9683228,-1.2141724,2.3126843
133,240.69412,158.3625,250.24658,158.81909,9.55246,0.45658875,9.563366
134,559.3816,241.393,564.36816,241.9327,4.9865723,0.5396881,5.015692
134,364.67383,351.92905,366.57025,350.77872,1.8964233,-1.1503296,2.218035
134,377.84277,441.48486,379.3584,439.92593,1.515625,-1.5589294,2.174254
134,373.34055,331.7096,376.21805,330.38022,2.8775024,-1.3293762,3.1697416
134,366.98334,376.90842,368.7843,375.79184,1.8009644,-1.1165771,2.1190133
134,568.77563,293.42984,572.4251,293.75818,3.649475,0.32833862,3.6642153
134,563.89545,362.8123,565.74786,363.16388,1.852417,0.35159302,1.8854884
134,224.20915,167.57349,227.69347,167.65443,3.484314,0.080947876,3.485254
134,400.22647,243.52576,405.3594,242.67197,5.1329346,-0.8537903,5.203458
134,381.34344,451.8792,383.66843,450.45996,2.3249817,-1.4192505,2.7239332
134,392.4709,366.73575,393.68344,365.46826,1.2125549,-1.2674866,1.7540843
134,292.592,335.4623,296.71176,334.0724,4.119751,-1.3899231,4.3479
134,382.7598,324.32614,385.7989,322.87592,3.039093,-1.4502258,3.3673792
134,54.778275,168.34354,54.93923,168.66031,0.16095734,0.31677246,0.35531965
134,760.87067,242.62396,763.65344,245.18248,2.7827759,2.5585175,3.7801921
134,897.1791,213.64369,896.95984,214.16333,-0.21923828,0.51963806,0.56399393
134,246.52853,575.41644,247.31895,575.41364,0.79042053,-0.0028076172,0.79042554
134,444.85312,280.5773,448.11728,278.72876,3.2641602,-1.8485413,3.751246
134,392.53876,359.42773,396.3536,358.12366,3.8148499,-1.3040771,4.031587
134,416.4516,166.46753,416.0347,166.90115,-0.41690063,0.43362427,0.60152817
134,763.28687,162.73279,772.65466,162.70436,9.367798,-0.028427124,9.367841
134,862.0862,573.597,862.41565,573.72253,0.32946777,0.12554932,0.35257855
134,596.382,484.91272,603.0796,495.10544,6.697571,10.1927185,12.196268
134,994.5179,165.86424,998.1851,165.77133,3.6672363,-0.09291077,3.6684132
134,732.3324,160.83769,734.6901,161.17262,2.357727,0.33493042,2.3813977
134,571.7721,322.03348,574.53345,321.8018,2.7613525,-0.23168945,2.7710552
134,464.02356,305.62793,469.03668,302.29724,5.0131226,-3.3306885,6.018711
134,861.1013,82.64552,864.68726,86.05471,3.5859375,3.4091873,4.947879
134,630.6032,214.57437,630.7232,214.5064,0.11999512,-0.067977905,0.13791238
134,646.681,210.52388,636.1973,210.46255,-10.483704,-0.061325073,10.483883
134,697.8744,413.20517,696.50616,418.08612,-1.3682251,4.880951,5.0690947
134,11.510379,253.94946,11.087097,254.43738,-0.42328167,0.48791504,0.64593226
134,385.18674,170.4975,395.88535,170.75552,10.698608,0.25802612,10.701719
134,726.54285,103.04197,721.13995,103.16741,-5.402893,0.1254425,5.4043493
134,678.5069,572.6479,677.16425,572.91925,-1.3426514,0.2713623,1.3697993
134,423.59116,337.35867,427.03195,335.29376,3.440796,-2.064911,4.012846
134,416.67557,205.83942,420.18793,206.22447,3.5123596,0.38505554,3.5334032
134,783.6785,137.29144,792.19116,136.6023,8.512634,-0.68914795,8.540483
134,700.4073,370.23926,700.82733,368.3119,0.42004395,-1.9273682,1.9726087
134,234.12177,167.88055,244.43187,167.77197,10.310104,-0.10858154,10.310677
134,836.5338,166.30704,836.95917,166.22017,0.425354,-0.086868286,0.43413377
134,446.29846,446.92355,448.5064,446.02646,2.2079468,-0.8970947,2.3832347
134,811.8168,378.34622,813.6328,386.1504,1.81604,7.8041687,8.01268
134,663.9564,382.9032,666.41797,378.6212,2.4615479,-4.282013,4.9391146
134,388.0404,356.59592,389.87585,355.52423,1.8354492,-1.0716858,2.125414
134,250.24658,158.81909,261.02036,158.70734,10.773773,-0.11175537,10.774353
135,564.36816,241.9327,569.60236,242.34924,5.234192,0.41654968,5.2507405
135,366.57025,350.77872,368.4801,349.77277,1.9098511,-1.0059509,2.15858
135,379.3584,439.92593,381.15225,438.066,1.7938538,-1.8599243,2.5840337
135,376.21805,330.38022,378.62463,329.31323,2.4065857,-1.0669861,2.632511
135,368.7843,375.79184,370.51465,374.72427,1.7303467,-1.0675659,2.033174
135,572.4251,293.75818,576.18243,293.85306,3.7573242,0.09487915,3.7585218
135,565.74786,363.16388,566.4126,363.58948,0.6647339,0.42559814,0.7893066
135,227.69347,167.65443,229.94034,167.3949,2.246872,-0.25953674,2.261812
135,405.3594,242.67197,410.4846,241.86157,5.125183,-0.8103943,5.188857
135,383.66843,450.45996,385.58356,448.6632,1.9151306,-1.7967529,2.6260326
135,393.68344,365.46826,395.5287,364.17322,1.8452454,-1.295044,2.2543445
135,296.71176,334.0724,300.63278,332.62488,3.9210205,-1.4475098,4.1796756
135,385.7989,322.87592,388.5832,321.70245,2.7843018,-1.1734619,3.0214813
135,54.93923,168.66031,54.980114,169.00002,0.04088211,0.33970642,0.34215757
135,763.65344,245.18248,753.87476,244.83563,-9.778687,-0.34684753,9.784836
135,896.95984,214.16333,896.4414,214.33917,-0.5184326,0.17584229,0.54744214
135,247.31895,575.41364,249.22536,575.70984,1.9064026,0.2962036,1.9292763
135,448.11728,278.72876,457.32828,278.52036,9.210999,-0.20840454,9.213356
135,396.3536,358.12366,396.85858,356.47098,0.50497437,-1.6526794,1.7281054
135,416.0347,166.90115,412.86826,167.29196,-3.1664429,0.3908081,3.1904688
135,772.65466,162.70436,776.75867,162.88571,4.104004,0.18135071,4.108009
135,862.41565,573.72253,872.5988,573.43695,10.1831665,-0.2855835,10.18717
135,603.0796,495.10544,597.57214,501.1149,-5.5074463,6.0094604,8.151416
135,998.1851,165.77133,998.7583,165.62354,0.57318115,-0.14779663,0.59192944
135,734.6901,161.17262,733.7436,161.38423,-0.9465332,0.21160889,0.9698987
135,574.53345,321.8018,579.6555,321.49106,5.1220703,-0.31072998,5.131487
135,469.03668,302.29724,474.9891,300.52747,5.952423,-1.7697754,6.209947
135,864.68726,86.05471,866.92474,90.44121,2.2374878,4.3864975,4.9241967
135,630.7232,214.5064,631.5634,215.03928,0.84020996,0.5328827,0.9949456
135,636.1973,210.46255,637.44275,210.83475,1.2454224,0.37219238,1.2998477
135,696.50616,418.08612,701.27246,418.23343,4.7662964,0.14730835,4.7685723
135,11.087097,254.43738,10.71461,254.8823,-0.37248707,0.44491577,0.5802557
135,395.88535,170.75552,398.53796,171.17062,2.6526184,0.4151001,2.6849008
135,721.13995,103.16741,724.2987,96.02442,3.1587524,-7.14299,7.810251
135,677.16425,572.91925,678.59467,572.9077,1.4304199,-0.0115356445,1.4304664
135,427.03195,335.29376,427.20413,336.37094,0.17218018,1.077179,1.0908531
135,420.18793,206.22447,424.12238,206.13474,3.9344482,-0.08973694,3.9354715
135,792.19116,136.6023,796.99207,135.9588,4.8009033,-0.64349365,4.8438373
135,700.82733,368.3119,707.4643,376.76013,6.636963,8.448242,10.743466
135,244.43187,167.77197,243.60406,168.02002,-0.82780457,0.24804688,0.86416876
135,836.95917,166.22017,835.55853,166.42139,-1.4006348,0.20121765,1.4150145
135,448.5064,446.02646,447.16397,445.0347,-1.3424377,-0.99176025,1.6690499
135,813.6328,386.1504,808.6365,381.55557,-4.996338,-4.594818,6.787912
135,666.41797,378.6212,671.3257,386.74066,4.907715,8.119476,9.487442
135,389.87585,355.52423,391.7467,354.20074,1.8708496,-1.3234863,2.2916574
135,261.02036,158.70734,264.01343,159.10623,2.9930725,0.39889526,3.0195365
136,569.60236,242.34924,574.99243,242.77191,5.3900757,0.42266846,5.4066224
136,368.4801,349.77277,370.32227,348.38974,1.8421631,-1.3830261,2.3035464
136,381.15225,438.066,382.7558,436.03256,1.6035461,-2.0334473,2.5896463
136,378.62463,329.31323,381.4069,327.66022,2.782257,-1.6530151,3.2362654
136,370.51465,374.72427,372.28946,373.07422,1.7748108,-1.6500549,2.423352
136,576.18243,293.85306,579.85876,294.05344,3.6763306,0.20037842,3.6817873
136,566.4126,363.58948,567.7785,364.22736,1.3659058,0.6378784,1.5075104
136,229.94034,167.3949,242.13435,167.6768,12.1940155,0.28190613,12.197273
136,410.4846,241.86157,415.92206,241.14014,5.4374695,-0.72143555,5.4851203
136,385.58356,448.6632,386.88116,446.68607,1.2976074,-1.9771423,2.3649263
136,395.5287,364.17322,399.02222,362.58044,3.4935303,-1.5927734,3.8394897
136,300.63278,332.62488,305.4153,330.795,4.7825317,-1.8298645,5.120646
136,388.5832,321.70245,391.4841,320.13312,2.9009094,-1.5693359,3.2981951
136,54.980114,169.00002,55.341137,169.1131,0.36102295,0.113082886,0.37831905
136,753.87476,244.83563,759.2659,247.25552,5.3911743,2.4198914,5.9093685
136,896.4414,214.33917,896.6611,214.35213,0.21966553,0.012954712,0.22004719
136,249.22536,575.70984,250.92488,575.75415,1.6995239,0.044311523,1.7001015
136,457.32828,278.52036,462.81677,279.35556,5.488495,0.8352051,5.551679
136,396.85858,356.47098,400.4858,354.81662,3.6272278,-1.6543579,3.9866881
136,412.86826,167.29196,413.4628,167.09172,0.59454346,-0.20024109,0.62735826
136,776.75867,162.88571,782.41205,162.52727,5.6533813,-0.3584442,5.6647334
136,872.5988,573.43695,873.6258,573.70056,1.0269775,0.26361084,1.0602705
136,597.57214,501.1149,596.4621,506.65128,-1.1100464,5.536377,5.646563
136,998.7583,165.62354,996.3753,166.27849,-2.3829956,0.654953,2.4713624
136,733.7436,161.38423,725.45374,161.39046,-8.289856,0.006225586,8.289858
136,579.6555,321.49106,582.53375,325.08746,2.8782349,3.596405,4.6063395
136,474.9891,300.52747,477.2108,303.06714,2.2216797,2.5396729,3.374285
136,866.92474,90.44121,863.77924,83.94379,-3.1455078,-6.4974213,7.2187743
136,631.5634,215.03928,632.4422,214.73499,0.8787842,-0.30429077,0.92997557
136,637.44275,210.83475,647.89984,210.59196,10.457092,-0.2427826,10.45991
136,701.27246,418.23343,701.9048,414.36096,0.6323242,-3.872467,3.9237525
136,10.71461,254.8823,11.432132,254.52898,0.71752167,-0.35331726,0.799794
136,398.53796,171.17062,391.3238,170.84584,-7.2141724,-0.32478333,7.2214794
136,724.2987,96.02442,717.4494,96.11508,-6.849304,0.090660095,6.849904
136,678.59467,572.9077,675.16016,573.10364,-3.4345093,0.19592285,3.4400928
136,427.20413,336.37094,432.5224,335.2536,5.318268,-1.1173401,5.434374
136,424.12238,206.13474,430.80853,206.0832,6.686157,-0.05152893,6.6863556
136,796.99207,135.9588,800.6358,135.24171,3.6437378,-0.7170868,3.7136288
136,707.4643,376.76013,712.8776,374.7012,5.41333,-2.0589294,5.7916603
136,243.60406,168.02002,243.54517,168.21454,-0.058898926,0.19451904,0.2032406
136,835.55853,166.42139,844.9009,166.765,9.342346,0.34361267,9.348663
136,447.16397,445.0347,450.06677,443.90228,2.9028015,-1.1324158,3.1158662
136,808.6365,381.55557,810.7799,393.54852,2.1434326,11.99295,12.182986
136,671.3257,386.74066,675.5874,386.85287,4.2617188,0.112213135,4.263196
136,391.7467,354.20074,395.42834,352.5304,3.6816406,-1.6703491,4.0428386
136,264.01343,159.10623,264.60065,159.6742,0.58721924,0.56796265,0.81695044
137,574.99243,242.77191,581.02124,243.20525,6.0288086,0.43333435,6.044362
137,370.32227,348.38974,372.2051,347.1224,1.882843,-1.267334,2.2696328
137,382.7558,436.03256,384.50146,433.70633,1.7456665,-2.326233,2.9083865
137,381.4069,327.66022,384.3414,325.8716,2.9345093,-1.7886047,3.4366338
137,372.28946,373.07422,374.25162,372.1196,1.9621582,-0.95462036,2.1820552
137,579.85876,294.05344,584.37274,294.20093,4.513977,0.14749146,4.516386
137,567.7785,364.22736,568.4962,364.6194,0.7177124,0.3920288,0.8178005
137,242.13435,167.6768,241.55179,167.73477,-0.5825653,0.05796814,0.58544225
137,415.92206,241.14014,422.15707,239.8997,6.235016,-1.2404327,6.3572083
137,386.88116,446.68607,388.55057,444.45447,1.6694031,-2.231598,2.7869222
137,399.02222,362.58044,400.72147,361.076,1.6992493,-1.5044556,2.269545
137,305.4153,330.795,309.4652,329.15094,4.0498962,-1.6440735,4.3708854
137,391.4841,320.13312,394.58356,318.24673,3.0994568,-1.886383,3.6283705
137,55.341137,169.1131,53.942646,169.2061,-1.3984909,0.09300232,1.40158
137,759.2659,247.25552,761.2966,248.71814,2.0306396,1.462616,2.5025473
137,896.6611,214.35213,900.5446,214.77496,3.883545,0.4228363,3.906496
137,250.92488,575.75415,240.47974,575.598,-10.445145,-0.15612793,10.446311
137,462.81677,279.35556,465.73248,277.67807,2.9157104,-1.6774902,3.3638284
137,400.4858,354.81662,403.09933,353.2743,2.6135254,-1.5423279,3.0346813
137,413.4628,167.09172,414.19324,167.12817,0.73043823,0.036453247,0.73134726
137,782.41205,162.52727,784.3149,162.64047,1.902832,0.113204956,1.9061965
137,873.6258,573.70056,869.8106,573.4901,-3.8151855,-0.21044922,3.8209856
137,596.4621,506.65128,598.8936,503.69394,2.4315186,-2.9573364,3.8285925
137,996.3753,166.27849,995.9902,165.83188,-0.38513184,-0.4466095,0.5897343
137,725.45374,161.39046,720.67084,161.05792,-4.782898,-0.3325348,4.7944436
137,582.53375,325.08746,587.0843,325.0469,4.550537,-0.04055786,4.550718
137,477.2108,303.06714,475.9111,299.98575,-1.2996826,-3.0813904,3.34427
137,863.77924,83.94379,860.1344,82.898155,-3.6448364,-1.0456314,3.7918568
137,632.4422,214.73499,647.48627,215.24208,15.044067,0.50709534,15.052611
137,647.89984,210.59196,647.4813,210.88513,-0.41851807,0.2931671,0.51098365
137,701.9048,414.36096,703.40674,414.88123,1.5019531,0.5202637,1.5895085
137,11.432132,254.52898,11.631812,255.20627,0.19968033,0.67729187,0.7061137
137,391.3238,170.84584,388.4385,170.8481,-2.8852844,0.0022583008,2.8852854
137,717.4494,96.11508,719.3439,100.881485,1.8944702,4.766403,5.129095
137,675.16016,573.10364,674.8353,572.80225,-0.3248291,-0.3013916,0.44311494
137,432.5224,335.2536,435.71274,333.48935,3.1903381,-1.7642517,3.6456606
137,430.80853,206.0832,437.7511,205.97705,6.942566,-0.106155396,6.9433775
137,800.6358,135.24171,800.9281,137.37134,0.29229736,2.1296234,2.1495893
137,712.8776,374.7012,707.4544,376.33423,-5.423218,1.6330261,5.66375
137,243.54517,168.21454,242.99309,168.32971,-0.55207825,0.11517334,0.5639639
137,844.9009,166.765,844.74194,166.47191,-0.15893555,-0.29309082,0.33341077
137,450.06677,443.90228,452.77112,442.5906,2.7043457,-1.311676,3.005658
137,810.7799,393.54852,814.4116,389.75314,3.6317139,-3.7953796,5.253023
137,675.5874,386.85287,679.6649,385.83582,4.0775146,-1.0170593,4.202444
137,395.42834,352.5304,397.57645,350.85165,2.1481018,-1.6787415,2.7262638
137,264.60065,159.6742,265.18433,159.53616,0.5836792,-0.138031,0.5997783
138,581.02124,243.20525,586.6251,243.57463,5.603882,0.36938477,5.616043
138,372.2051,347.1224,374.6758,345.79706,2.4707031,-1.3253479,2.8037333
138,384.50146,433.70633,387.04532,432.0288,2.5438538,-1.6775208,3.0471737
138,384.3414,325.8716,387.64755,324.52335,3.3061523,-1.3482666,3.5704994
138,374.25162,372.1196,376.61945,371.148,2.3678284,-0.97158813,2.559413
138,584.37274,294.20093,589.82715,294.9447,5.4544067,0.7437744,5.5048842
138,568.4962,364.6194,571.032,365.08844,2.5357666,0.46905518,2.5787838
138,241.55179,167.73477,239.75926,167.52913,-1.7925262,-0.2056427,1.8042836
138,422.15707,239.8997,427.61966,238.78941,5.4625854,-1.1102905,5.574279
138,388.55057,444.45447,391.13757,442.84018,2.5870056,-1.6142883,3.0493484
138,400.72147,361.076,402.43613,359.6804,1.7146606,-1.3955994,2.2108276
138,309.4652,329.15094,314.53207,327.4714,5.066864,-1.6795349,5.337972
138,394.58356,318.24673,398.21725,316.6996,3.6336975,-1.5471497,3.949358
138,53.942646,169.2061,54.396572,169.2466,0.4539261,0.040496826,0.45572895
138,761.2966,248.71814,766.5918,249.74538,5.295227,1.0272369,5.393945
138,900.5446,214.77496,904.79443,214.89278,4.249817,0.11781311,4.2514496
138,240.47974,575.598,240.55054,575.5493,0.07080078,-0.048706055,0.085936196
138,465.73248,277.67807,467.99683,280.08258,2.2643433,2.4045105,3.3028655
138,403.09933,353.2743,404.61633,351.8136,1.5169983,-1.4606934,2.1059222
138,414.19324,167.12817,414.66257,167.15373,0.46932983,0.025558472,0.47002524
138,784.3149,162.64047,779.51843,162.55264,-4.7964478,-0.08782959,4.7972517
138,869.8106,573.4901,860.2044,573.6993,-9.606201,0.20916748,9.608479
138,598.8936,503.69394,603.55884,498.5071,4.665222,-5.1868286,6.9762087
138,995.9902,165.83188,994.428,165.9884,-1.5621948,0.15652466,1.5700167
138,720.67084,161.05792,723.5416,161.11267,2.8707886,0.054748535,2.8713107
138,587.0843,325.0469,591.57336,322.33563,4.4890747,-2.7112732,5.244311
138,475.9111,299.98575,475.64407,308.17188,-0.2670288,8.186127,8.190481
138,860.1344,82.898155,862.1176,79.65428,1.9832153,-3.2438736,3.802086
138,647.48627,215.24208,645.6815,215.03973,-1.8047485,-0.2023468,1.8160566
138,647.4813,210.88513,648.26904,210.88174,0.7877197,-0.0033874512,0.787727
138,703.40674,414.88123,696.5321,409.83777,-6.874634,-5.043457,8.526257
138,11.631812,255.20627,12.169757,254.91669,0.5379448,-0.2895813,0.6109353
138,388.4385,170.8481,388.71246,170.71455,0.2739563,-0.13354492,0.30477253
138,719.3439,100.881485,725.4496,105.429665,6.105713,4.5481796,7.6135187
138,674.8353,572.80225,681.9259,572.69836,7.090576,-0.103881836,7.091337
138,435.71274,333.48935,434.5244,332.88077,-1.188324,-0.60858154,1.3350976
138,437.7511,205.97705,441.60568,205.78564,3.8545837,-0.19140625,3.859333
138,800.9281,137.37134,798.37646,129.97737,-2.5516357,-7.3939667,7.821866
138,707.4544,376.33423,704.07477,368.73358,-3.3796387,-7.600647,8.31816
138,242.99309,168.32971,241.04301,168.05437,-1.9500732,-0.27534485,1.9694163
138,844.74194,166.47191,856.0256,166.55107,11.28363,0.0791626,11.283908
138,452.77112,442.5906,452.6241,441.50928,-0.14700317,-1.0813293,1.0912759
138,814.4116,389.75314,821.5899,397.4932,7.1782837,7.7400513,10.556333
138,679.6649,385.83582,676.15967,381.1248,-3.505249,-4.711029,5.8720155
138,397.57645,350.85165,399.18457,349.47733,1.6081238,-1.3743286,2.115382
138,265.18433,159.53616,275.6526,159.59886,10.468262,0.062698364,10.46845
139,586.6251,243.57463,591.9483,244.03178,5.323181,0.45715332,5.3427753
139,374.6758,345.79706,377.3169,344.7405,2.6410828,-1.0565491,2.8445761
139,387.04532,432.0288,389.6416,430.42078,2.596283,-1.6080322,3.053924
139,387.64755,324.52335,391.24664,323.24036,3.5990906,-1.2829895,3.8209312
139,376.61945,371.148,379.3626,370.2136,2.743164,-0.9344177,2.8979452
139,589.82715,294.9447,595.4436,294.91864,5.616455,-0.026062012,5.6165156
139,571.032,365.08844,573.57574,365.57318,2.5437622,0.4847412,2.5895367
139,239.75926,167.52913,244.32837,167.76077,4.569107,0.23164368,4.5749755
139,427.61966,238.78941,433.10837,238.41533,5.4887085,-0.37408447,5.5014415
139,391.13757,442.84018,393.85486,441.30533,2.7172852,-1.5348511,3.1208022
139,402.43613,359.6804,404.8819,358.45316,2.4457703,-1.2272339,2.7364018
139,314.53207,327.4714,318.76328,326.1623,4.231201,-1.3091125,4.42909
139,398.21725,316.6996,401.8394,315.49597,3.6221313,-1.2036133,3.816873
139,54.396572,169.2466,54.649677,169.25813,0.25310516,0.0115356445,0.2533679
139,766.5918,249.74538,766.5199,247.44249,-0.071899414,-2.302887,2.3040092
139,904.79443,214.89278,903.6672,214.87994,-1.1272583,-0.012832642,1.1273314
139,240.55054,575.5493,240.46385,575.58716,-0.08668518,0.037841797,0.094585
139,467.99683,280.08258,479.41623,282.65454,11.419403,2.5719604,11.705458
139,404.61633,351.8136,406.03165,350.51175,1.4153137,-1.3018494,1.9229989
139,414.66257,167.15373,422.6908,167.37064,8.028229,0.21690369,8.031158
139,779.51843,162.55264,781.49536,162.59856,1.9769287,0.045913696,1.9774618
139,860.2044,573.6993,850.63104,573.4517,-9.573364,-0.2475586,9.576565
139,603.55884,498.5071,601.2396,495.39413,-2.3192139,-3.112976,3.8819292
139,994.428,165.9884,992.6317,165.80534,-1.7962646,-0.18305969,1.8055686
139,723.5416,161.11267,724.81006,161.11699,1.2684326,0.0043182373,1.2684399
139,591.57336,322.33563,595.9856,322.43726,4.4122314,0.101623535,4.4134016
139,475.64407,308.17188,478.45813,298.1011,2.8140564,-10.07077,10.456545
139,862.1176,79.65428,866.7116,80.7743,4.593994,1.120018,4.728554
139,645.6815,215.03973,647.5963,214.8822,1.9147949,-0.15753174,1.9212642
139,648.26904,210.88174,650.4641,210.7738,2.1950684,-0.107940674,2.1977208
139,696.5321,409.83777,706.10834,424.2829,9.576233,14.445129,17.33107
139,12.169757,254.91669,12.914527,254.80737,0.74477005,-0.109313965,0.7527496
139,388.71246,170.71455,388.43472,171.02374,-0.27774048,0.30918884,0.41561702
139,725.4496,105.429665,719.4376,108.80225,-6.011963,3.372589,6.8933344
139,681.9259,572.69836,682.28705,572.8883,0.36114502,0.1899414,0.40804836
139,434.5244,332.88077,437.3789,329.02438,2.8544922,-3.8563843,4.797898
139,441.60568,205.78564,447.9364,205.91829,6.330719,0.13264465,6.3321085
139,798.37646,129.97737,802.11273,133.4108,3.736267,3.433426,5.074259
139,704.07477,368.73358,705.8363,365.2578,1.7615356,-3.475769,3.8966625
139,241.04301,168.05437,241.58171,168.32086,0.5386963,0.26649475,0.6010101
139,856.0256,166.55107,848.11774,166.63379,-7.907837,0.082717896,7.90827
139,452.6241,441.50928,461.2055,440.72943,8.58139,-0.7798462,8.616753
139,821.5899,397.4932,829.2638,400.7877,7.673889,3.2944946,8.351184
139,676.15967,381.1248,679.2434,381.56882,3.0837402,0.44403076,3.1155446
139,399.18457,349.47733,400.8643,348.13644,1.679718,-1.3408813,2.1492825
139,275.6526,159.59886,271.7159,159.95056,-3.936676,0.35169983,3.9523551
140,591.9483,244.03178,597.16254,244.44638,5.2142334,0.41459656,5.2306905
140,377.3169,344.7405,380.1997,343.73383,2.8828125,-1.0066833,3.0535257
140,389.6416,430.42078,392.22635,428.62524,2.5847473,-1.7955322,3.147198
140,391.24664,323.24036,394.54333,322.18405,3.296692,-1.0563049,3.4617853
140,379.3626,370.2136,382.24054,369.09067,2.8779297,-1.1229248,3.0892458
140,595.4436,294.91864,600.51917,295.2722,5.0755615,0.35354614,5.08786
140,573.57574,365.57318,576.05945,366.44138,2.4837036,0.8681946,2.631073
140,244.32837,167.76077,244.89603,167.59052,0.5676575,-0.17025757,0.5926404
140,433.10837,238.41533,438.2771,237.72588,5.1687317,-0.6894531,5.214512
140,393.85486,441.30533,396.39835,439.65903,2.5434875,-1.6463013,3.0297916
140,404.8819,358.45316,407.38803,356.6247,2.506134,-1.8284607,3.1022534
140,318.76328,326.1623,323.1957,324.7394,4.432434,-1.4228821,4.655219
140,401.8394,315.49597,405.2583,314.5282,3.4189148,-0.96777344,3.553247
140,54.649677,169.25813,54.959026,168.92296,0.30934906,-0.33517456,0.45611274
140,766.5199,247.44249,773.43176,247.57301,6.911865,0.13052368,6.9130974
140,903.6672,214.87994,906.93976,214.98143,3.272583,0.101486206,3.2741563
140,240.46385,575.58716,298.85477,575.5296,58.390915,-0.057556152,58.390945
140,479.41623,282.65454,473.5245,278.44696,-5.8917236,-4.2075806,7.239899
140,406.03165,350.51175,408.75723,348.7727,2.725586,-1.7390442,3.2331245
140,422.6908,167.37064,417.96448,167.0126,-4.7263184,-0.35803223,4.73986
140,781.49536,162.59856,775.72766,162.47768,-5.7677,-0.12088013,5.7689667
140,850.63104,573.4517,839.07416,573.5768,-11.556885,0.12506104,11.557561
140,601.2396,495.39413,612.42,496.54095,11.180359,1.1468201,11.239022
140,992.6317,165.80534,990.85724,166.31479,-1.7744751,0.5094452,1.8461572
140,724.81006,161.11699,727.3743,161.0416,2.56427,-0.07539368,2.5653782
140,595.9856,322.43726,600.5935,322.43723,4.60791,-3.0517578e-05,4.60791
140,478.45813,298.1011,478.7318,308.05176,0.27368164,9.950653,9.954416
140,866.7116,80.7743,866.9648,83.37749,0.25317383,2.6031876,2.61547
140,647.5963,214.8822,640.03656,214.51512,-7.5597534,-0.3670807,7.5686603
140,650.4641,210.7738,642.53235,210.42212,-7.9317627,-0.35168457,7.9395556
140,706.10834,424.2829,705.62476,428.4319,-0.48358154,4.148987,4.1770735
140,12.914527,254.80737,13.18766,254.82962,0.27313328,0.022247314,0.2740378
140,388.43472,171.02374,387.20422,170.88594,-1.2304993,-0.13780212,1.2381914
140,719.4376,108.80225,715.5919,105.6851,-3.8457031,-3.117157,4.9503636
140,682.28705,572.8883,678.17456,572.6041,-4.112488,-0.2841797,4.1222944
140,437.3789,329.02438,441.0359,328.78912,3.6569824,-0.23526001,3.664542
140,447.9364,205.91829,452.31656,206.421,4.3801575,0.50271606,4.4089117
140,802.11273,133.4108,796.08606,131.81407,-6.0266724,-1.5967255,6.234606
140,705.8363,365.2578,710.2553,370.6887,4.4190063,5.4308777,7.0015745
140,241.58171,168.32086,244.47806,168.24525,2.896347,-0.0756073,2.8973336
140,848.11774,166.63379,844.0514,166.92345,-4.066345,0.2896576,4.0766487
140,461.2055,440.72943,465.36713,440.03275,4.161621,-0.6966858,4.2195334
140,829.2638,400.7877,831.1763,399.42636,1.9124756,-1.3613281,2.3475046
140,679.2434,381.56882,680.973,385.74207,1.7296143,4.1732483,4.517473
140,400.8643,348.13644,403.65005,346.41898,2.7857666,-1.7174683,3.272643
140,271.7159,159.95056,274.12396,159.78604,2.4080505,-0.16452026,2.413664
141,597.16254,244.44638,601.77655,244.60599,4.6140137,0.15960693,4.616773
141,380.1997,343.73383,382.7984,342.83423,2.5986938,-0.89959717,2.7499971
141,392.22635,428.62524,394.77124,427.11972,2.5448914,-1.5055237,2.956869
141,394.54333,322.18405,397.67075,321.18063,3.127411,-1.003418,3.28444
141,382.24054,369.09067,384.55167,368.06912,2.3111267,-1.0215454,2.5268285
141,600.51917,295.2722,605.14886,295.68015,4.6296997,0.40795898,4.6476393
141,576.05945,366.44138,578.0148,366.4074,1.9553223,-0.033966064,1.9556172
141,244.89603,167.59052,235.58652,167.72289,-9.309509,0.13237,9.310451
141,438.2771,237.72588,443.1911,237.18008,4.9140015,-0.5457916,4.9442186
141,396.39835,439.65903,398.94083,438.1693,2.5424805,-1.4897156,2.946771
141,407.38803,356.6247,407.54187,355.71017,0.15383911,-0.91452026,0.9273693
141,323.1957,324.7394,326.8788,323.63528,3.6831055,-1.104126,3.8450437
141,405.2583,314.5282,408.57373,313.40244,3.3154297,-1.1257629,3.501345
141,54.959026,168.92296,55.1409,168.95728,0.18187332,0.034317017,0.18508258
141,773.43176,247.57301,769.4901,245.59258,-3.9416504,-1.9804382,4.4112067
141,906.93976,214.98143,913.97906,214.60757,7.0393066,-0.3738556,7.049227
141,298.85477,575.5296,297.36835,575.1931,-1.4864197,-0.33648682,1.5240299
141,473.5245,278.44696,475.79898,278.57034,2.274475,0.12338257,2.2778192
141,408.75723,348.7727,409.86823,348.10815,1.1109924,-0.6645508,1.294578
141,417.96448,167.0126,415.67557,166.94324,-2.28891,-0.069366455,2.2899609
141,775.72766,162.47768,776.72516,162.32774,0.99749756,-0.14993286,1.0087028
141,839.07416,573.5768,834.3462,573.45526,-4.7279663,-0.121520996,4.729528
141,612.42,496.54095,602.09033,496.32846,-10.329651,-0.2124939,10.331837
141,990.85724,166.31479,991.4373,166.20006,0.5800781,-0.114730835,0.59131527
141,727.3743,161.0416,729.8703,160.72838,2.4959717,-0.31321716,2.5155475
141,600.5935,322.43723,604.2055,322.43048,3.6119995,-0.0067443848,3.6120057
141,478.7318,308.05176,480.6834,308.49744,1.9515991,0.4456787,2.0018413
141,866.9648,83.37749,864.30493,73.20459,-2.659851,-10.172897,10.514877
141,640.03656,214.51512,644.5155,214.562,4.478943,0.046875,4.479188
141,642.53235,210.42212,641.76825,210.4185,-0.7640991,-0.003616333,0.76410764
141,705.62476,428.4319,713.4721,414.44998,7.847351,-13.981903,16.033545
141,13.18766,254.82962,13.169968,254.67728,-0.017692566,-0.15234375,0.15336768
141,387.20422,170.88594,389.41772,171.10793,2.213501,0.22198486,2.2246041
141,715.5919,105.6851,706.2096,98.71539,-9.382324,-6.9697037,11.687805
141,678.17456,572.6041,669.6335,572.6741,-8.541077,0.06994629,8.541363
141,441.0359,328.78912,445.57336,329.42703,4.5374756,0.63790894,4.5820966
141,452.31656,206.421,455.21567,206.35081,2.899109,-0.07019043,2.8999584
141,796.08606,131.81407,786.2939,130.14655,-9.792175,-1.6675262,9.933144
141,710.2553,370.6887,716.8633,361.87,6.607971,-8.818695,11.01974
141,244.47806,168.24525,235.14816,168.35767,-9.329895,0.1124115,9.330572
141,844.0514,166.92345,837.54706,166.3705,-6.5043335,-0.552948,6.527795
141,465.36713,440.03275,464.64862,438.8143,-0.71850586,-1.2184448,1.414517
141,831.1763,399.42636,837.6324,400.0873,6.4561157,0.6609497,6.48986
141,680.973,385.74207,682.66473,378.1915,1.6917114,-7.5505676,7.737762
141,403.65005,346.41898,405.30112,345.70557,1.651062,-0.7134094,1.7985991
141,274.12396,159.78604,267.09613,159.6646,-7.027832,-0.1214447,7.028881
142,601.77655,244.60599,606.51416,245.05377,4.73761,0.44778442,4.758724
142,382.7984,342.83423,384.86563,342.08725,2.0672302,-0.74697876,2.1980486
142,394.77124,427.11972,397.0201,425.65225,2.2488708,-1.4674683,2.6853087
142,397.67075,321.18063,400.6906,320.1445,3.019867,-1.0361328,3.1926742
142,384.55167,368.06912,387.02325,367.31006,2.4715881,-0.7590637,2.5855224
142,605.14886,295.68015,610.00104,295.91296,4.852173,0.2328186,4.857755
142,578.0148,366.4074,579.8131,366.64243,1.7983398,0.23501587,1.8136314
142,235.58652,167.72289,220.6448,167.65195,-14.941711,-0.07093811,14.94188
142,443.1911,237.18008,447.87228,236.32889,4.681183,-0.8511963,4.7579417
142,398.94083,438.1693,401.1402,436.67453,2.1993713,-1.4947815,2.659249
142,407.54187,355.71017,408.44595,354.28064,0.90408325,-1.4295349,1.6914303
142,326.8788,323.63528,330.35583,322.55176,3.4770203,-1.0835266,3.6419363
142,408.57373,313.40244,411.6782,312.3733,3.1044617,-1.0291443,3.2705994
142,55.1409,168.95728,54.963627,169.31247,-0.1772728,0.3551941,0.39697415
142,769.4901,245.59258,771.1977,241.98811,1.7075806,-3.6044617,3.9884803
142,913.97906,214.60757,920.54254,214.01334,6.5634766,-0.5942383,6.590322
142,297.36835,575.1931,293.20926,575.0039,-4.159088,-0.18920898,4.1633897
142,475.79898,278.57034,477.68716,273.69266,1.8881836,-4.8776855,5.230397
142,409.86823,348.10815,411.1052,346.6161,1.236969,-1.4920654,1.938131
142,415.67557,166.94324,409.96643,166.89816,-5.709137,-0.045074463,5.7093153
142,776.72516,162.32774,776.99066,162.0209,0.26550293,-0.306839,0.40576097
142,834.3462,573.45526,827.7854,573.3673,-6.560791,-0.08795166,6.561381
142,602.09033,496.32846,599.16504,497.20172,-2.925293,0.8732605,3.0528548
142,991.4373,166.20006,991.34717,165.7235,-0.090148926,-0.4765625,0.48501405
142,729.8703,160.72838,724.4936,161.12535,-5.376709,0.39697266,5.3913436
142,604.2055,322.43048,606.93353,322.88864,2.7280273,0.4581604,2.7662327
142,480.6834,308.49744,482.51584,304.17398,1.832428,-4.323456,4.6957493
142,864.30493,73.20459,877.95526,82.6004,13.65033,9.395813,16.571445
142,644.5155,214.562,650.67865,214.56203,6.163147,3.0517578e-05,6.163147
142,641.76825,210.4185,646.74457,210.41576,4.9763184,-0.002746582,4.9763193
142,713.4721,414.44998,719.32666,425.09,5.854553,10.640015,12.14437
142,13.169968,254.67728,13.120293,254.54007,-0.049674988,-0.13720703,0.1459225
142,389.41772,171.10793,389.26422,170.71252,-0.15350342,-0.395401,0.4241524
142,706.2096,98.71539,703.33374,98.69062,-2.8758545,-0.024772644,2.875961
142,669.6335,572.6741,667.29,572.4989,-2.3435059,-0.1751709,2.3500435
142,445.57336,329.42703,448.7107,330.38412,3.137329,0.9570923,3.28007
142,455.21567,206.35081,455.373,206.49983,0.15731812,0.14901733,0.21669137
142,786.2939,130.14655,787.76697,127.12079,1.4730835,-3.0257568,3.3652904
142,716.8633,361.87,721.8154,352.36923,4.9521484,-9.500763,10.713929
142,235.14816,168.35767,220.0941,168.27596,-15.054062,-0.081710815,15.054284
142,837.54706,166.3705,838.30225,165.88338,0.755188,-0.48712158,0.89866364
142,464.64862,438.8143,463.90414,437.94662,-0.7444763,-0.8676758,1.1432874
142,837.6324,400.0873,836.6042,400.27853,-1.0281982,0.19122314,1.0458288
142,682.66473,378.1915,688.49945,380.457,5.834717,2.265503,6.259107
142,405.30112,345.70557,408.93625,344.48703,3.6351318,-1.2185364,3.8339293
142,267.09613,159.6646,282.1894,159.86893,15.093262,0.20433044,15.094645
143,606.51416,245.05377,610.7573,244.881,4.243164,-0.17277527,4.2466803
143,384.86563,342.08725,387.20093,341.29364,2.3352966,-0.7936096,2.4664602
143,397.0201,425.65225,398.95563,424.4929,1.9355164,-1.1593628,2.2561796
143,400.6906,320.1445,403.19144,319.18555,2.500824,-0.95895386,2.6783788
143,387.02325,367.31006,389.18994,366.51825,2.166687,-0.7918091,2.3068364
143,610.00104,295.91296,613.7958,295.96353,3.7947388,0.050567627,3.7950757
143,579.8131,366.64243,581.41895,366.86795,1.605835,0.2255249,1.6215942
143,220.6448,167.65195,219.47537,167.368,-1.1694336,-0.2839508,1.203413
143,447.87228,236.32889,451.96716,235.61931,4.094879,-0.70957947,4.1559043
143,401.1402,436.67453,402.89062,435.55072,1.7504272,-1.1238098,2.0801308
143,408.44595,354.28064,410.75842,353.0638,2.3124695,-1.2168274,2.6130795
143,330.35583,322.55176,333.82886,321.56274,3.4730225,-0.9890137,3.6110985
143,411.6782,312.3733,414.5016,311.31882,2.8233948,-1.0544739,3.01388
143,54.963627,169.31247,54.817383,168.95784,-0.14624405,-0.35462952,0.3836006
143,771.1977,241.98811,776.1659,238.6833,4.9682007,-3.3048096,5.9669743
143,920.54254,214.01334,926.1731,213.58052,5.630554,-0.43281555,5.647165
143,293.20926,575.0039,304.2324,574.79486,11.023132,-0.20904541,11.025114
143,477.68716,273.69266,491.12305,275.57608,13.435883,1.8834229,13.567248
143,411.1052,346.6161,413.5539,345.57288,2.4487,-1.0432129,2.6616583
143,409.96643,166.89816,408.31805,166.89119,-1.6483765,-0.0069732666,1.6483912
143,776.99066,162.0209,769.4707,162.21088,-7.5199585,0.18997192,7.5223575
143,827.7854,573.3673,829.7147,573.11475,1.9293213,-0.25256348,1.9457824
143,599.16504,497.20172,606.61914,489.55792,7.4541016,-7.643799,10.67667
143,991.34717,165.7235,994.3772,165.54631,3.0300293,-0.17718506,3.0352056
143,724.4936,161.12535,719.1113,161.18724,-5.382263,0.06188965,5.382619
143,606.93353,322.88864,611.5902,323.17847,4.6566772,0.28982544,4.6656876
143,482.51584,304.17398,488.77658,299.61804,6.260742,-4.5559387,7.7429624
143,877.95526,82.6004,883.2111,79.35839,5.2558594,-3.242012,6.17533
143,650.67865,214.56203,653.77924,214.22531,3.100586,-0.3367157,3.1188157
143,646.74457,210.41576,649.7358,210.05688,2.991211,-0.35887146,3.012662
143,719.32666,425.09,733.08777,421.64578,13.761108,-3.4442139,14.185581
143,13.120293,254.54007,12.9902115,254.00174,-0.13008118,-0.5383301,0.5538234
143,389.26422,170.71252,381.69614,170.5948,-7.5680847,-0.11772156,7.5690002
143,703.33374,98.69062,692.11346,96.107376,-11.220276,-2.5832443,11.513807
143,667.29,572.4989,666.69104,572.2422,-0.598938,-0.25671387,0.6516354
143,448.7107,330.38412,449.62817,326.4532,0.91748047,-3.9309387,4.036589
143,455.373,206.49983,456.76505,205.94469,1.3920593,-0.55514526,1.4986712
143,787.76697,127.12079,777.32416,128.58792,-10.44281,1.4671326,10.545367
143,721.8154,352.36923,733.1512,351.40692,11.335754,-0.9623108,11.376527
143,220.0941,168.27596,218.84625,167.94763,-1.2478485,-0.32832336,1.2903186
143,838.30225,165.88338,847.13434,166.27834,8.832092,0.3949585,8.840919
143,463.90414,437.94662,465.0145,437.11533,1.1103516,-0.8312988,1.387061
143,836.6042,400.27853,828.6892,390.32977,-7.914978,-9.948761,12.713171
143,688.49945,380.457,692.78204,377.85782,4.282593,-2.5991821,5.0096254
143,408.93625,344.48703,411.4826,343.34424,2.5463562,-1.1427917,2.7910397
143,282.1894,159.86893,284.175,159.87222,1.9855957,0.0032958984,1.9855984
144,610.7573,244.881,614.3696,245.39255,3.6123047,0.5115509,3.6483462
144,387.20093,341.29364,389.55423,340.68924,2.353302,-0.60440063,2.429677
144,398.95563,424.4929,401.1481,423.44946,2.1924744,-1.0434265,2.4281027
144,403.19144,319.18555,405.811,318.46512,2.6195679,-0.72042847,2.7168279
144,389.18994,366.51825,391.36548,365.55566,2.175537,-0.96258545,2.3789773
144,613.7958,295.96353,617.3552,295.65265,3.5594482,-0.31088257,3.5729988
144,581.41895,366.86795,583.4135,367.40265,1.9945679,0.5346985,2.0649948
144,219.47537,167.368,218.64894,167.56331,-0.8264313,0.1953125,0.84919703
144,451.96716,235.61931,455.54224,235.25401,3.5750732,-0.3652954,3.5936875
144,402.89062,435.55072,404.69073,434.4898,1.8001099,-1.0609131,2.0894814
144,410.75842,353.0638,413.65005,352.39417,2.891632,-0.6696472,2.9681582
144,333.82886,321.56274,337.53073,320.64655,3.7018738,-0.91619873,3.8135667
144,414.5016,311.31882,417.1849,310.6687,2.683319,-0.65011597,2.7609513
144,54.817383,168.95784,54.972733,168.94873,0.15534973,-0.009109497,0.15561658
144,776.1659,238.6833,770.604,237.57573,-5.5618896,-1.1075745,5.671097
144,926.1731,213.58052,930.7353,213.23619,4.562195,-0.34432983,4.5751705
144,304.2324,574.79486,292.28305,574.5685,-11.949341,-0.2263794,11.951485
144,491.12305,275.57608,499.3184,273.85416,8.195343,-1.7219238,8.374287
144,413.5539,345.57288,415.98465,344.6949,2.4307556,-0.8779907,2.5844615
144,408.31805,166.89119,410.02893,166.6622,1.7108765,-0.22898865,1.7261328
144,769.4707,162.21088,773.2527,161.99893,3.7819824,-0.21194458,3.7879167
144,829.7147,573.11475,836.38776,572.7458,6.6730347,-0.36895752,6.683227
144,606.61914,489.55792,610.2432,493.3738,3.6240845,3.8158875,5.2626023
144,994.3772,165.54631,991.7712,166.25992,-2.606018,0.7136078,2.701956
144,719.1113,161.18724,717.4466,160.89532,-1.6647339,-0.2919159,1.6901343
144,611.5902,323.17847,615.2208,322.81305,3.6306152,-0.36541748,3.6489582
144,488.77658,299.61804,497.91455,298.82303,9.13797,-0.7950134,9.172488
144,883.2111,79.35839,885.50946,83.69727,2.2983398,4.3388824,4.910017
144,653.77924,214.22531,658.39636,214.36147,4.6171265,0.13615417,4.6191335
144,649.7358,210.05688,653.4218,210.35535,3.6860352,0.2984619,3.698099
144,733.08777,421.64578,727.59784,421.98148,-5.489929,0.33569336,5.500183
144,12.9902115,254.00174,13.185951,254.0043,0.19573975,0.0025634766,0.19575652
144,381.69614,170.5948,377.18646,170.51425,-4.509674,-0.08055115,4.5103936
144,692.11346,96.107376,693.2045,101.2367,1.0910645,5.129326,5.244083
144,666.69104,572.2422,655.4793,572.09955,-11.211731,-0.14263916,11.212638
144,449.62817,326.4532,446.74762,327.79733,-2.8805542,1.3441467,3.1787298
144,456.76505,205.94469,456.55176,206.22063,-0.21328735,0.27593994,0.34876117
144,777.32416,128.58792,780.7322,128.29056,3.40802,-0.29736328,3.4209683
144,733.1512,351.40692,736.6934,355.5249,3.5422363,4.117981,5.4318695
144,218.84625,167.94763,218.4212,168.23634,-0.42504883,0.28871155,0.5138296
144,847.13434,166.27834,851.7156,166.32256,4.581238,0.04421997,4.581451
144,465.0145,437.11533,466.43936,436.4454,1.4248657,-0.6699219,1.574496
144,828.6892,390.32977,824.2403,384.08292,-4.4489136,-6.2468567,7.6691623
144,692.78204,377.85782,702.77057,380.8502,9.988525,2.9923706,10.427124
144,411.4826,343.34424,413.73212,342.44104,2.2495117,-0.90319824,2.4240606
144,284.175,159.87222,276.62436,159.7891,-7.5506287,-0.08312988,7.5510864
145,614.3696,245.39255,617.8061,245.68286,3.4364624,0.29031372,3.4487035
145,389.55423,340.68924,391.59274,340.2735,2.0385132,-0.41574097,2.080475
145,401.1481,423.44946,403.1573,422.36307,2.0091858,-1.0863953,2.2840931
145,405.811,318.46512,408.16058,318.10175,2.3495789,-0.3633728,2.3775115
145,391.36548,365.55566,393.52774,365.09622,2.162262,-0.45944214,2.2105348
145,617.3552,295.65265,621.0927,295.8805,3.7374878,0.22784424,3.7444263
145,583.4135,367.40265,585.88824,367.16458,2.4747314,-0.23806763,2.486156
145,218.64894,167.56331,217.69304,167.44557,-0.9559021,-0.11773682,0.9631255
145,455.54224,235.25401,458.98645,234.82578,3.4442139,-0.42823792,3.4707344
145,404.69073,434.4898,406.92468,433.50168,2.2339478,-0.98812866,2.442728
145,413.65005,352.39417,415.57843,351.63818,1.9283752,-0.75598145,2.0712652
145,337.53073,320.64655,340.66666,320.1244,3.1359253,-0.52215576,3.1790996
145,417.1849,310.6687,419.53818,310.41266,2.3532715,-0.25604248,2.3671596
145,54.972733,168.94873,53.940086,169.43349,-1.0326462,0.48475647,1.1407659
145,770.604,237.57573,776.19556,235.90637,5.5915527,-1.6693573,5.8354278
145,930.7353,213.23619,923.56305,213.28682,-7.172241,0.050628662,7.17242
145,292.28305,574.5685,288.14774,574.6789,-4.135315,0.1104126,4.136789
145,499.3184,273.85416,497.77954,272.67563,-1.5388489,-1.1785278,1.938294
145,415.98465,344.6949,418.13852,344.05734,2.1538696,-0.6375427,2.2462447
145,410.02893,166.6622,412.78787,166.4163,2.7589417,-0.24589539,2.769878
145,773.2527,161.99893,777.08673,161.9361,3.8340454,-0.06283569,3.8345604
145,836.38776,572.7458,850.2583,572.42126,13.870544,-0.32452393,13.87434
145,610.2432,493.3738,609.98694,494.18405,-0.25628662,0.8102417,0.8498085
145,991.7712,166.25992,995.243,165.40788,3.4718018,-0.8520355,3.5748248
145,717.4466,160.89532,712.8189,160.89117,-4.6276855,-0.0041503906,4.6276875
145,615.2208,322.81305,618.27655,323.35455,3.055725,0.5415039,3.103334
145,497.91455,298.82303,493.53934,297.09222,-4.3752136,-1.7308044,4.7051225
145,885.50946,83.69727,886.5632,73.8465,1.0537109,-9.850777,9.906973
145,658.39636,214.36147,668.73236,214.21378,10.335999,-0.14768982,10.337053
145,653.4218,210.35535,655.01874,210.24794,1.5969238,-0.107406616,1.6005317
145,727.59784,421.98148,740.9096,431.95798,13.311768,9.976501,16.635315
145,13.185951,254.0043,12.024672,254.46918,-1.1612797,0.46487427,1.2508711
145,377.18646,170.51425,378.7443,170.50548,1.5578308,-0.008773804,1.5578555
145,693.2045,101.2367,696.1413,93.49193,2.9367676,-7.744774,8.282882
145,655.4793,572.09955,659.33356,571.7945,3.854248,-0.3050537,3.8663013
145,446.74762,327.79733,448.6627,326.73843,1.9150696,-1.0588989,2.1883233
145,456.55176,206.22063,458.2292,205.58102,1.6774292,-0.63960266,1.7952327
145,780.7322,128.29056,766.5175,126.74393,-14.214661,-1.5466309,14.298553
145,736.6934,355.5249,754.7109,355.74365,18.017456,0.21875,18.018784
145,218.4212,168.23634,217.47174,168.10503,-0.9494629,-0.13131714,0.95850086
145,851.7156,166.32256,850.7473,166.19917,-0.9682617,-0.12338257,0.9760912
145,466.43936,436.4454,468.897,435.85077,2.4576416,-0.594635,2.5285556
145,824.2403,384.08292,840.2992,380.6914,16.058899,-3.39151,16.413122
145,702.77057,380.8502,704.31256,374.47574,1.5419922,-6.3744507,6.558305
145,413.73212,342.44104,415.71973,341.69775,1.9876099,-0.74328613,2.1220431
145,276.62436,159.7891,277.3213,159.83656,0.69692993,0.047470093,0.69854474
146,617.8061,245.68286,620.90826,245.78055,3.1021729,0.09768677,3.1037104
146,391.59274,340.2735,394.30304,340.02737,2.7102966,-0.24612427,2.7214491
146,403.1573,422.36307,405.5997,422.11313,2.4424133,-0.24993896,2.4551685
146,408.16058,318.10175,410.69043,317.7738,2.5298462,-0.3279419,2.551013
146,393.52774,365.09622,396.14517,365.02908,2.6174316,-0.06713867,2.6182926
146,621.0927,295.8805,623.7502,296.22128,2.6574707,0.3407898,2.6792328
146,585.88824,367.16458,588.6778,367.47818,2.7895508,0.31359863,2.8071227
146,217.69304,167.44557,217.36359,167.34952,-0.3294525,-0.09605408,0.34316957
146,458.98645,234.82578,462.09082,234.72363,3.10437,-0.102142334,3.10605
146,406.92468,433.50168,409.71518,433.33136,2.7904968,-0.1703186,2.7956896
146,415.57843,351.63818,417.92422,351.35623,2.3457947,-0.2819519,2.3626785
146,340.66666,320.1244,343.33835,319.85986,2.671692,-0.26452637,2.6847556
146,419.53818,310.41266,422.18936,310.05722,2.651184,-0.35543823,2.6749043
146,53.940086,169.43349,54.201218,169.12173,0.2611313,-0.31175232,0.40666822
146,776.19556,235.90637,787.49713,239.27219,11.301575,3.3658142,11.792129
146,923.56305,213.28682,923.1743,213.71437,-0.3887329,0.42755127,0.57785237
146,288.14774,574.6789,288.50424,574.5243,0.35650635,-0.15460205,0.38858533
146,497.77954,272.67563,498.26617,270.7642,0.4866333,-1.911438,1.9724115
146,418.13852,344.05734,420.3261,343.60287,2.1875916,-0.45446777,2.2343004
146,412.78787,166.4163,409.54248,166.47426,-3.2453918,0.05795288,3.2459092
146,777.08673,161.9361,777.87134,161.84818,0.78460693,-0.08792114,0.7895177
146,850.2583,572.42126,851.11536,572.5263,0.85705566,0.105041504,0.86346865
146,609.98694,494.18405,610.5603,495.17398,0.57336426,0.9899292,1.143987
146,995.243,165.40788,993.33496,166.11203,-1.90802,0.70414734,2.0338054
146,712.8189,160.89117,711.01324,160.8283,-1.8056641,-0.06288147,1.8067586
146,618.27655,323.35455,621.3099,322.4647,3.0333252,-0.88986206,3.1611576
146,493.53934,297.09222,497.216,298.70068,3.6766663,1.6084595,4.0131054
146,886.5632,73.8465,892.02344,71.033035,5.460266,-2.8134613,6.142481
146,668.73236,214.21378,669.11896,214.50131,0.38659668,0.28753662,0.48180318
146,655.01874,210.24794,655.8862,210.23561,0.8674927,-0.012329102,0.8675803
146,740.9096,431.95798,746.00616,431.02475,5.0965576,-0.93322754,5.1812944
146,12.024672,254.46918,12.291624,254.90788,0.2669525,0.43870544,0.5135427
146,378.7443,170.50548,373.4861,170.39224,-5.2581787,-0.11323547,5.259398
146,696.1413,93.49193,700.24164,91.74488,4.100342,-1.7470474,4.4570146
146,659.33356,571.7945,668.9335,571.7309,9.599915,-0.06359863,9.600125
146,448.6627,326.73843,450.9175,327.24115,2.2548218,0.50271606,2.3101828
146,458.2292,205.58102,464.32303,205.80553,6.0938416,0.22450256,6.0979757
146,766.5175,126.74393,764.32825,123.60212,-2.18927,-3.1418076,3.829342
146,754.7109,355.74365,754.5178,355.59753,-0.1930542,-0.14611816,0.24211659
146,217.47174,168.10503,216.8637,168.00143,-0.6080475,-0.10359192,0.6168087
146,850.7473,166.19917,861.68036,165.73456,10.933044,-0.46461487,10.942912
146,468.897,435.85077,469.98755,435.71594,1.0905457,-0.13482666,1.0988485
146,840.2992,380.6914,845.2686,368.6552,4.9694214,-12.036194,13.021717
146,704.31256,374.47574,704.61066,386.70755,0.2980957,12.231812,12.235444
146,415.71973,341.69775,417.8407,341.44998,2.1209717,-0.24777222,2.135395
146,277.3213,159.83656,278.00873,159.87065,0.68743896,0.034088135,0.6882836
147,620.90826,245.78055,623.6997,246.22313,2.7914429,0.44258118,2.8263106
147,394.30304,340.02737,396.8513,339.947,2.5482483,-0.0803833,2.5495157
147,405.5997,422.11313,408.1435,421.89267,2.5437927,-0.22045898,2.553328
147,410.69043,317.7738,413.3195,317.60916,2.6290588,-0.16464233,2.6342092
147,396.14517,365.02908,398.57175,364.61993,2.4265747,-0.40914917,2.4608266
147,623.7502,296.22128,626.64276,296.46194,2.8925781,0.24066162,2.9025722
147,588.6778,367.47818,591.5817,367.5646,2.9039307,0.08642578,2.9052165
147,217.36359,167.34952,223.76395,167.33,6.40036,-0.019515991,6.40039
147,462.09082,234.72363,465.1962,234.5305,3.1053772,-0.1931305,3.111377
147,409.71518,433.33136,412.1006,433.10492,2.3854065,-0.22644043,2.39613
147,417.92422,351.35623,419.93594,351.34787,2.0117188,-0.008361816,2.0117362
147,343.33835,319.85986,345.90826,319.79572,2.5699158,-0.06414795,2.5707161
147,422.18936,310.05722,424.6263,310.01645,2.4369507,-0.040771484,2.4372919
147,54.201218,169.12173,54.332504,169.36067,0.13128662,0.23893738,0.27263024
147,787.49713,239.27219,786.8852,239.6041,-0.6119385,0.33190918,0.6961554
147,923.1743,213.71437,931.57495,212.79439,8.400635,-0.9199829,8.45086
147,288.50424,574.5243,289.9935,574.7536,1.4892578,0.22930908,1.5068084
147,498.26617,270.7642,498.64212,264.67175,0.37594604,-6.0924377,6.104026
147,420.3261,343.60287,422.40256,343.56503,2.0764465,-0.037841797,2.0767913
147,409.54248,166.47426,407.96353,166.5888,-1.578949,0.11454773,1.5830985
147,777.87134,161.84818,768.5403,161.72636,-9.331055,-0.12181091,9.33185
147,851.11536,572.5263,852.57806,572.83875,1.4627075,0.31243896,1.4957043
147,610.5603,495.17398,615.3771,497.01007,4.8167725,1.8360901,5.1548543
147,993.33496,166.11203,989.8357,165.63702,-3.4992676,-0.4750061,3.5313601
147,711.01324,160.8283,715.6139,160.73497,4.600647,-0.093322754,4.6015935
147,621.3099,322.4647,623.46606,323.78943,2.156189,1.3247375,2.5306284
147,497.216,298.70068,493.87936,290.45728,-3.3366394,-8.243408,8.893085
147,892.02344,71.033035,898.5765,75.14089,6.5530396,4.1078568,7.734133
147,669.11896,214.50131,675.05133,214.1114,5.932373,-0.38990784,5.945173
147,655.8862,210.23561,661.87366,210.30293,5.9874268,0.06732178,5.987805
147,746.00616,431.02475,746.10156,427.00092,0.09539795,-4.023834,4.024965
147,12.291624,254.90788,11.485072,255.00096,-0.80655193,0.09307861,0.81190497
147,373.4861,170.39224,377.2482,170.28178,3.762085,-0.110458374,3.7637062
147,700.24164,91.74488,697.2852,87.02391,-2.956421,-4.72097,5.5702767
147,668.9335,571.7309,664.43536,571.6404,-4.498108,-0.09051514,4.4990187
147,450.9175,327.24115,451.23685,327.3171,0.31933594,0.07595825,0.3282455
147,464.32303,205.80553,467.62506,206.00659,3.3020325,0.20106506,3.3081484
147,764.32825,123.60212,757.39685,118.20346,-6.9313965,-5.3986588,8.785771
147,754.5178,355.59753,753.85236,357.4191,-0.6654663,1.8215637,1.9393142
147,216.8637,168.00143,222.99844,167.98904,6.1347504,-0.012390137,6.134763
147,861.68036,165.73456,863.55054,165.7493,1.8701782,0.01473999,1.8702363
147,469.98755,435.71594,468.65674,435.11734,-1.3308105,-0.5986023,1.45924
147,845.2686,368.6552,851.19824,366.6118,5.9296265,-2.0434265,6.271847
147,704.61066,386.70755,705.03094,392.24582,0.4202881,5.538269,5.5541935
147,417.8407,341.44998,420.321,341.40717,2.4803162,-0.042816162,2.4806857
147,278.00873,159.87065,274.15768,159.95804,-3.8510437,0.087387085,3.852035
148,623.6997,246.22313,626.34515,246.13243,2.6454468,-0.09069824,2.6470013
148,396.8513,339.947,400.16116,340.0246,3.3098755,0.0776062,3.310785
148,408.1435,421.89267,410.82693,422.018,2.6834412,0.1253357,2.6863666
148,413.3195,317.60916,416.443,317.75977,3.1235046,0.15060425,3.1271331
148,398.57175,364.61993,401.70834,364.80948,3.1365967,0.18954468,3.1423185
148,626.64276,296.46194,629.25037,296.51807,2.607605,0.056121826,2.608209
148,591.5817,367.5646,594.3103,367.72556,2.7285767,0.1609497,2.7333195
148,223.76395,167.33,215.4279,167.67058,-8.336044,0.34057617,8.3429985
148,465.1962,234.5305,467.4988,234.70691,2.3026123,0.17640686,2.3093598
148,412.1006,433.10492,413.86035,433.0439,1.7597656,-0.06100464,1.7608227
148,419.93594,351.34787,423.84357,350.86725,3.9076233,-0.48062134,3.9370697
148,345.90826,319.79572,348.82523,319.80478,2.9169617,0.009063721,2.9169757
148,424.6263,310.01645,427.61426,310.42255,2.9879456,0.4060974,3.015416
148,54.332504,169.36067,54.525803,169.55032,0.19329834,0.18965149,0.2707987
148,786.8852,239.6041,785.52637,237.10521,-1.3588257,-2.498886,2.84444
148,931.57495,212.79439,942.01324,213.04747,10.438293,0.25308228,10.44136
148,289.9935,574.7536,274.27612,574.90607,-15.717377,0.15246582,15.718116
148,498.64212,264.67175,501.73407,265.62854,3.0919495,0.9567871,3.236602
148,422.40256,343.56503,426.7641,343.33502,4.3615417,-0.23001099,4.3676023
148,407.96353,166.5888,407.9333,166.39832,-0.03024292,-0.19049072,0.19287652
148,768.5403,161.72636,770.50183,161.98093,1.9615479,0.25456238,1.977997
148,852.57806,572.83875,851.76733,572.749,-0.81073,-0.08972168,0.81567955
148,615.3771,497.01007,620.7223,494.60956,5.345215,-2.4005127,5.8595037
148,989.8357,165.63702,990.126,165.98097,0.2902832,0.34394836,0.450072
148,715.6139,160.73497,715.50604,160.74236,-0.10784912,0.007385254,0.10810169
148,623.46606,323.78943,626.3483,326.7267,2.8822632,2.9372864,4.1152267
148,493.87936,290.45728,495.1731,294.95416,1.2937317,4.496887,4.679288
148,898.5765,75.14089,901.67,77.75539,3.0935059,2.6144943,4.050353
148,675.05133,214.1114,676.1346,214.15054,1.083252,0.039138794,1.0839587
148,661.87366,210.30293,663.7871,210.2138,1.9134521,-0.08912659,1.9155267
148,746.10156,427.00092,748.43506,432.57874,2.333496,5.57782,6.0462613
148,11.485072,255.00096,12.164752,255.4048,0.6796799,0.4038391,0.79060155
148,377.2482,170.28178,377.74075,170.45836,0.4925537,0.1765747,0.52324736
148,697.2852,87.02391,700.8177,81.27179,3.5324707,-5.752121,6.7502036
148,664.43536,571.6404,669.91833,571.9037,5.482971,0.26330566,5.4892898
148,451.23685,327.3171,454.30536,327.71344,3.068512,0.3963318,3.0940013
148,467.62506,206.00659,467.53094,206.1634,-0.09411621,0.15681458,0.18288979
148,757.39685,118.20346,756.8518,120.15196,-0.54504395,1.9485016,2.023297
148,753.85236,357.4191,757.0614,357.78424,3.2090454,0.36514282,3.2297525
148,222.99844,167.98904,213.43393,168.22346,-9.564514,0.23442078,9.567387
148,863.55054,165.7493,870.41016,165.57469,6.859619,-0.17460632,6.861841
148,468.65674,435.11734,472.50595,435.49884,3.8492126,0.38150024,3.8680718
148,851.19824,366.6118,859.9271,378.29407,8.728882,11.6822815,14.5831785
148,705.03094,392.24582,705.0436,405.7956,0.012634277,13.549774,13.54978
148,420.321,341.40717,424.5388,341.24078,4.2177734,-0.16638184,4.2210536
148,274.15768,159.95804,261.33594,160.07321,-12.821747,0.11517334,12.822264
149,626.34515,246.13243,628.57837,246.32404,2.2332153,0.19160461,2.2414198
149,400.16116,340.0246,403.42343,340.3303,3.262268,0.30569458,3.2765596
149,410.82693,422.018,414.2365,422.54483,3.4095764,0.52682495,3.4500372
149,416.443,317.75977,419.63272,318.3294,3.1897278,0.5696411,3.2401934
149,401.70834,364.80948,405.09787,365.2012,3.3895264,0.39172363,3.4120867
149,629.25037,296.51807,631.27295,296.13315,2.022583,-0.3849182,2.0588841
149,594.3103,367.72556,600.58295,368.4544,6.272644,0.7288513,6.3148465
149,215.4279,167.67058,216.14554,167.63388,0.7176361,-0.036697388,0.7185738
149,467.4988,234.70691,469.50696,235.13097,2.0081482,0.424057,2.0524335
149,413.86035,433.0439,416.40683,433.42538,2.5464783,0.38146973,2.5748923
149,423.84357,350.86725,426.74365,351.4813,2.9000854,0.6140442,2.9643795
149,348.82523,319.80478,351.26926,320.35947,2.4440308,0.5546875,2.5061853
149,427.61426,310.42255,430.83224,310.8682,3.217987,0.4456482,3.2486987
149,54.525803,169.55032,55.003784,169.20349,0.47798157,-0.34683228,0.59055823
149,785.52637,237.10521,794.2543,236.7937,8.727905,-0.31150818,8.733462
149,942.01324,213.04747,943.34094,212.52248,1.3276978,-0.5249939,1.4277254
149,274.27612,574.90607,286.81665,574.8133,12.540527,-0.09277344,12.540871
149,501.73407,265.62854,496.25168,265.3067,-5.4823914,-0.32183838,5.49183
149,426.7641,343.33502,429.01312,343.8729,2.2490234,0.5378723,2.3124473
149,407.9333,166.39832,415.08826,166.65532,7.1549683,0.25700378,7.1595826
149,770.50183,161.98093,780.7163,161.72993,10.214478,-0.25099182,10.217561
149,851.76733,572.749,841.1564,572.8614,-10.610962,0.11236572,10.611557
149,620.7223,494.60956,609.9141,498.34848,-10.8081665,3.738922,11.436608
149,990.126,165.98097,988.9779,165.53885,-1.1480713,-0.4421234,1.2302605
149,715.50604,160.74236,721.9508,160.57706,6.444763,-0.16529846,6.4468827
149,626.3483,326.7267,628.1408,325.0714,1.7924805,-1.655304,2.4398806
149,495.1731,294.95416,491.20084,307.76163,-3.9722595,12.807465,13.409325
149,901.67,77.75539,899.1356,81.16079,-2.5343628,3.4054031,4.2449694
149,676.1346,214.15054,677.86676,214.5903,1.7321777,0.4397583,1.7871281
149,663.7871,210.2138,662.99445,210.59427,-0.7926636,0.38046265,0.87924254
149,748.43506,432.57874,750.2098,429.2415,1.7747192,-3.3372498,3.7797968
149,12.164752,255.4048,11.771922,255.47546,-0.3928299,0.07066345,0.39913487
149,377.74075,170.45836,379.58585,170.76535,1.8450928,0.30699158,1.8704575
149,700.8177,81.27179,711.6389,85.673195,10.821228,4.4014053,11.682095
149,669.91833,571.9037,666.1283,572.11426,-3.790039,0.21057129,3.7958841
149,454.30536,327.71344,454.90723,328.29218,0.6018677,0.57873535,0.8349726
149,467.53094,206.1634,468.36624,205.8298,0.83529663,-0.3336029,0.8994506
149,756.8518,120.15196,753.3094,119.98636,-3.5424194,-0.16560364,3.5462883
149,757.0614,357.78424,770.3399,373.52878,13.278503,15.744537,20.596336
149,213.43393,168.22346,214.41504,168.19019,0.9811096,-0.03327942,0.9816739
149,870.41016,165.57469,880.8181,166.09085,10.407959,0.51615906,10.42075
149,472.50595,435.49884,479.17368,436.4051,6.6677246,0.90625,6.7290297
149,859.9271,378.29407,852.32043,364.81842,-7.6066895,-13.475647,15.474327
149,705.0436,405.7956,707.8502,406.0577,2.8066406,0.26211548,2.8188536
149,424.5388,341.24078,427.01724,341.66946,2.4784546,0.42868042,2.5152543
149,261.33594,160.07321,264.97873,160.30219,3.6427917,0.22897339,3.649981
150,628.57837,246.32404,630.06805,245.74863,1.489685,-0.57540894,1.5969524
150,403.42343,340.3303,407.06607,340.72543,3.6426392,0.3951416,3.6640081
150,414.2365,422.54483,417.91513,423.78564,3.6786194,1.2408142,3.8822496
150,419.63272,318.3294,422.85568,318.88266,3.2229614,0.5532532,3.2701025
150,405.09787,365.2012,408.94608,365.6729,3.8482056,0.4717102,3.8770087
150,631.27295,296.13315,632.6828,295.87997,1.4098511,-0.25317383,1.4324026
150,600.58295,368.4544,604.42096,368.4374,3.8380127,-0.016998291,3.8380504
150,216.14554,167.63388,212.55072,167.66086,-3.594818,0.026977539,3.5949192
150,469.50696,235.13097,470.84457,235.56902,1.337616,0.43804932,1.4075168
150,416.40683,433.42538,419.5521,434.67612,3.1452637,1.2507324,3.3848214
150,426.74365,351.4813,429.78766,352.3601,3.0440063,0.8788147,3.1683261
150,351.26926,320.35947,353.61227,321.03976,2.3430176,0.68029785,2.4397821
150,430.83224,310.8682,433.91245,311.47076,3.0802002,0.6025696,3.1385863
150,55.003784,169.20349,55.188904,169.36047,0.18511963,0.15698242,0.2427195
150,794.2543,236.7937,793.8939,238.80386,-0.36035156,2.0101624,2.0422063
150,943.34094,212.52248,947.1011,212.4956,3.7601318,-0.026870728,3.760228
150,286.81665,574.8133,291.15143,575.0194,4.334778,0.20611572,4.3396754
150,496.25168,265.3067,500.87015,264.62872,4.618469,-0.6779785,4.667967
150,429.01312,343.8729,431.63547,344.64313,2.622345,0.77023315,2.7331214
150,415.08826,166.65532,418.96176,166.44101,3.8735046,-0.21430969,3.8794286
150,780.7163,161.72993,770.64526,161.55301,-10.071045,-0.17692566,10.072599
150,841.1564,572.8614,850.14105,572.9248,8.98468,0.06341553,8.984904
150,609.9141,498.34848,618.78107,501.28458,8.866943,2.9360962,9.340415
150,988.9779,165.53885,996.0473,164.90855,7.069397,-0.6302948,7.0974393
150,721.9508,160.57706,713.48755,160.1377,-8.463257,-0.43936157,8.474653
150,628.1408,325.0714,630.5437,325.1232,2.402893,0.05178833,2.4034512
150,491.20084,307.76163,496.35764,308.01462,5.1567993,0.25299072,5.1630015
150,899.1356,81.16079,893.469,78.97326,-5.666626,-2.1875305,6.0742025
150,677.86676,214.5903,678.1831,214.4362,0.3163452,-0.15409851,0.35188156
150,662.99445,210.59427,664.5926,210.36633,1.5981445,-0.22793579,1.6143174
150,750.2098,429.2415,765.5691,430.29907,15.359314,1.0575867,15.395681
150,11.771922,255.47546,10.742774,255.65161,-1.0291481,0.17614746,1.0441139
150,379.58585,170.76535,380.4763,170.39478,0.8904419,-0.37057495,0.96447533
150,711.6389,85.673195,699.9792,88.207565,-11.659729,2.5343704,11.931987
150,666.1283,572.11426,668.53986,571.91376,2.41156,-0.20050049,2.4198806
150,454.90723,328.29218,457.2533,329.74704,2.3460693,1.4548645,2.7605565
150,468.36624,205.8298,470.94513,206.1655,2.578888,0.33569336,2.6006446
150,753.3094,119.98636,754.69916,121.79421,1.3897705,1.8078537,2.2803063
150,770.3399,373.52878,772.47705,372.53165,2.137146,-0.99713135,2.3583179
150,214.41504,168.19019,210.9007,168.27159,-3.5143433,0.08140564,3.515286
150,880.8181,166.09085,872.559,165.80772,-8.259094,-0.28312683,8.263946
150,479.17368,436.4051,485.46167,437.38086,6.2879944,0.97576904,6.3632536
150,852.32043,364.81842,860.6645,390.48523,8.344055,25.66681,26.98904
150,707.8502,406.0577,706.4765,416.94556,-1.3737183,10.887848,10.974167
150,427.01724,341.66946,429.8443,342.42062,2.827057,0.75115967,2.925148
150,264.97873,160.30219,274.4046,160.11256,9.425873,-0.18962097,9.42778
151,630.06805,245.74863,631.1553,245.49063,1.0872192,-0.2579956,1.117411
151,407.06607,340.72543,411.20193,341.26907,4.1358643,0.54364014,4.1714406
151,417.91513,423.78564,422.256,425.28842,4.3408813,1.5027771,4.5936465
151,422.85568,318.88266,426.63867,319.58878,3.7829895,0.7061157,3.8483255
151,408.94608,365.6729,413.33633,366.07602,4.390259,0.4031067,4.408726
151,632.6828,295.87997,633.7898,295.6406,1.1069946,-0.23937988,1.1325811
151,604.42096,368.4374,609.4078,368.37628,4.9868164,-0.06112671,4.987191
151,212.55072,167.66086,211.70784,167.85242,-0.84288025,0.19155884,0.8643737
151,470.84457,235.56902,472.05728,235.72281,1.2127075,0.15379333,1.2224206
151,419.5521,434.67612,423.8409,436.09204,4.2888184,1.4159241,4.5165033
151,429.78766,352.3601,434.6721,353.3306,4.88443,0.9704895,4.9799104
151,353.61227,321.03976,355.70334,321.92096,2.0910645,0.88119507,2.269153
151,433.91245,311.47076,437.1692,312.3267,3.2567444,0.8559265,3.3673425
151,55.188904,169.36047,55.145634,169.31985,-0.04327011,-0.040618896,0.059348103
151,793.8939,238.80386,793.62463,242.65033,-0.2692871,3.846466,3.8558807
151,947.1011,212.4956,948.0565,212.14046,0.95544434,-0.35514832,1.0193156
151,291.15143,575.0194,283.5397,575.05096,-7.611725,0.031555176,7.61179
151,500.87015,264.62872,503.59058,267.11746,2.7204285,2.488739,3.6870792
151,431.63547,344.64313,436.97025,345.74973,5.334778,1.1065979,5.4483404
151,418.96176,166.44101,412.8601,166.30013,-6.101654,-0.1408844,6.1032805
151,770.64526,161.55301,764.74426,162.08282,-5.901001,0.5298157,5.9247375
151,850.14105,572.9248,851.0863,572.43915,0.94525146,-0.48565674,1.0627148
151,618.78107,501.28458,632.60236,499.95563,13.821289,-1.328949,13.885033
151,996.0473,164.90855,995.3468,165.2274,-0.7005005,0.31884766,0.76965237
151,713.48755,160.1377,711.49475,160.04803,-1.9927979,-0.089660645,1.9948139
151,630.5437,325.1232,632.0509,324.07147,1.5072021,-1.0517273,1.8378762
151,496.35764,308.01462,497.36157,312.84192,1.0039368,4.827301,4.9305906
151,893.469,78.97326,898.17145,78.80191,4.7024536,-0.17134857,4.7055745
151,678.1831,214.4362,677.51514,214.50554,-0.66796875,0.06933594,0.67155766
151,664.5926,210.36633,664.3368,210.4037,-0.25579834,0.037368774,0.25851348
151,765.5691,430.29907,771.1336,430.04132,5.564514,-0.25775146,5.570481
151,10.742774,255.65161,10.416144,255.71184,-0.32662964,0.06022644,0.33213574
151,380.4763,170.39478,377.608,170.54309,-2.8682861,0.14831543,2.8721182
151,699.9792,88.207565,698.4966,81.79872,-1.482605,-6.408844,6.5780997
151,668.53986,571.91376,667.4053,571.72833,-1.1345825,-0.1854248,1.1496346
151,457.2533,329.74704,460.07532,330.68512,2.8220215,0.93807983,2.9738524
151,470.94513,206.1655,465.39862,206.4628,-5.546509,0.29730225,5.554471
151,754.69916,121.79421,754.8898,116.68562,0.1906128,-5.108589,5.112144
151,772.47705,372.53165,781.00073,367.5214,8.523682,-5.010254,9.887154
151,210.9007,168.27159,209.56218,168.44185,-1.3385162,0.17025757,1.3493011
151,872.559,165.80772,880.9163,165.87827,8.3573,0.07054138,8.357597
151,485.46167,437.38086,493.91556,438.68137,8.453888,1.3005066,8.553335
151,860.6645,390.48523,857.163,389.8967,-3.5014648,-0.5885315,3.550581
151,706.4765,416.94556,714.6674,408.74487,8.190918,-8.200684,11.590614
151,429.8443,342.42062,434.3886,343.38208,4.5443115,0.9614563,4.6449075
151,274.4046,160.11256,262.20837,159.8299,-12.196228,-0.28266907,12.199503
152,631.1553,245.49063,631.9503,245.02072,0.79504395,-0.46990967,0.92353123
152,411.20193,341.26907,415.6197,341.90454,4.417755,0.6354675,4.463225
152,422.256,425.28842,426.525,426.8022,4.268982,1.5137634,4.5294247
152,426.63867,319.58878,429.9467,320.52118,3.308014,0.93240356,3.4369073
152,413.33633,366.07602,417.8697,366.47586,4.5333557,0.3998413,4.5509543
152,633.7898,295.6406,634.6107,295.44147,0.82092285,-0.1991272,0.84472835
152,609.4078,368.37628,615.22144,367.98154,5.8136597,-0.39474487,5.8270454
152,211.70784,167.85242,202.57098,167.7496,-9.136856,-0.10281372,9.137435
152,472.05728,235.72281,472.6401,236.56001,0.5828247,0.837204,1.0200957
152,423.8409,436.09204,427.99756,437.57156,4.1566467,1.4795227,4.4121084
152,434.6721,353.3306,440.511,354.4568,5.8388977,1.1261902,5.946514
152,355.70334,321.92096,357.84845,322.8747,2.145111,0.95373535,2.347576
152,437.1692,312.3267,440.40265,313.17944,3.2334595,0.8527527,3.3440166
152,55.145634,169.31985,55.06333,169.44305,-0.08230209,0.12319946,0.1481612
152,793.62463,242.65033,790.63794,244.82794,-2.9866943,2.1776123,3.69626
152,948.0565,212.14046,950.61285,211.80235,2.5563354,-0.33810425,2.5785975
152,283.5397,575.05096,283.43527,574.81006,-0.10443115,-0.24090576,0.26256704
152,503.59058,267.11746,502.53088,276.9371,-1.0596924,9.819641,9.876655
152,436.97025,345.74973,441.45013,346.67673,4.479889,0.92700195,4.574794
152,412.8601,166.30013,418.68488,166.39665,5.824768,0.0965271,5.8255677
152,764.74426,162.08282,772.16064,161.87347,7.416382,-0.20935059,7.419336
152,851.0863,572.43915,852.0893,572.20575,1.0029907,-0.23339844,1.029789
152,632.60236,499.95563,638.6474,507.1776,6.045044,7.221985,9.418048
152,995.3468,165.2274,992.25964,164.71413,-3.0871582,-0.51327515,3.1295364
152,711.49475,160.04803,712.43,160.31665,0.9352417,0.26861572,0.9730527
152,632.0509,324.07147,633.9852,325.14868,1.9343262,1.0772095,2.2140455
152,497.36157,312.84192,498.13925,316.55734,0.77767944,3.7154236,3.7959397
152,898.17145,78.80191,897.06995,79.46745,-1.1015015,0.6655426,1.2869546
152,677.51514,214.50554,683.4563,214.46635,5.941162,-0.03918457,5.941292
152,664.3368,210.4037,663.23047,210.16788,-1.1063232,-0.23582458,1.1311783
152,771.1336,430.04132,762.43616,434.55606,-8.697449,4.51474,9.799413
152,10.416144,255.71184,10.924377,254.87233,0.5082331,-0.83950806,0.98136365
152,377.608,170.54309,385.1855,170.34302,7.577484,-0.20007324,7.580125
152,698.4966,81.79872,692.2976,73.06465,-6.1989746,-8.73407,10.710334
152,667.4053,571.72833,666.0811,571.82776,-1.3241577,0.09942627,1.3278853
152,460.07532,330.68512,463.61597,330.80124,3.5406494,0.116119385,3.5425532
152,465.39862,206.4628,469.71237,206.13438,4.313751,-0.32841492,4.326235
152,754.8898,116.68562,758.72375,120.20941,3.8339844,3.5237885,5.2073526
152,781.00073,367.5214,779.1539,387.88812,-1.8468628,20.36673,20.450294
152,209.56218,168.44185,201.26878,168.35353,-8.293396,-0.08831787,8.293866
152,880.9163,165.87827,885.3078,165.73885,4.3914795,-0.13941956,4.393692
152,493.91556,438.68137,494.3631,439.20584,0.44754028,0.5244751,0.6894682
152,857.163,389.8967,866.36035,400.5996,9.197327,10.702911,14.111808
152,714.6674,408.74487,711.3131,405.63812,-3.354309,-3.1067505,4.5720115
152,434.3886,343.38208,437.74677,344.22644,3.3581543,0.84436035,3.462679
152,262.20837,159.8299,259.4844,159.6232,-2.7239685,-0.20669556,2.7317994
153,631.9503,245.02072,633.1859,244.5341,1.2355957,-0.48661804,1.3279661
153,415.6197,341.90454,420.1241,342.49057,4.504425,0.58602905,4.5423865
153,426.525,426.8022,430.6676,428.08704,4.1426086,1.2848511,4.337286
153,429.9467,320.52118,433.71017,321.18765,3.7634888,0.6664734,3.822046
153,417.8697,366.47586,422.18668,366.70407,4.316986,0.22821045,4.323014
153,634.6107,295.44147,635.4269,295.23245,0.8161621,-0.2090149,0.8425009
153,615.22144,367.98154,619.4364,366.10504,4.214966,-1.8764954,4.6138024
153,202.57098,167.7496,188.37738,167.27617,-14.1936035,-0.47343445,14.201497
153,472.6401,236.56001,473.4807,237.17827,0.8406067,0.6182556,1.0434843
153,427.99756,437.57156,432.3862,438.84326,4.3886414,1.271698,4.569178
153,440.511,354.4568,443.13464,355.5793,2.6236572,1.1225281,2.8537076
153,357.84845,322.8747,359.82477,323.6598,1.9763184,0.7850952,2.1265485
153,440.40265,313.17944,443.85144,314.03705,3.4487915,0.857605,3.5538218
153,55.06333,169.44305,54.517315,169.51118,-0.5460167,0.06813049,0.5502509
153,790.63794,244.82794,790.8506,242.51549,0.21264648,-2.3124542,2.3222108
153,950.61285,211.80235,953.2568,211.7427,2.643921,-0.059646606,2.6445937
153,283.43527,574.81006,281.95618,574.73975,-1.4790955,-0.0703125,1.4807658
153,502.53088,276.9371,505.28555,278.7234,2.7546692,1.7862854,3.2831416
153,441.45013,346.67673,447.55984,348.1329,6.1097107,1.4561768,6.2808447
153,418.68488,166.39665,416.8289,166.4145,-1.8559875,0.017852783,1.8560734
153,772.16064,161.87347,767.8137,161.42441,-4.346924,-0.44906616,4.370058
153,852.0893,572.20575,858.7007,572.0263,6.611389,-0.17944336,6.613824
153,638.6474,507.1776,640.06445,502.42746,1.4170532,-4.7501526,4.957014
153,992.25964,164.71413,996.2637,165.25505,4.0040283,0.5409241,4.0404015
153,712.43,160.31665,714.14044,159.62836,1.7104492,-0.68829346,1.843742
153,633.9852,325.14868,635.4446,323.60364,1.4593506,-1.545044,2.1252916
153,498.13925,316.55734,497.12393,315.39307,-1.0153198,-1.1642761,1.544802
153,897.06995,79.46745,894.6438,76.73518,-2.4261475,-2.7322693,3.6539686
153,683.4563,214.46635,672.65704,214.33731,-10.799255,-0.12904358,10.800027
153,663.23047,210.16788,663.5709,210.15898,0.3404541,-0.008895874,0.3405703
153,762.43616,434.55606,765.75604,425.58463,3.3198853,-8.971436,9.565997
153,10.924377,254.87233,11.843128,254.45319,0.91875076,-0.41914368,1.0098438
153,385.1855,170.34302,381.4579,170.52051,-3.7276,0.17749023,3.7318232
153,692.2976,73.06465,688.4136,79.11102,-3.8840332,6.0463715,7.1863985
153,666.0811,571.82776,668.0782,571.6872,1.9970703,-0.14056396,2.002011
153,463.61597,330.80124,468.46252,333.8279,4.8465576,3.0266724,5.714006
153,469.71237,206.13438,470.93,205.472,1.2176208,-0.66238403,1.3861289
153,758.72375,120.20941,751.7339,121.87252,-6.989868,1.6631088,7.1849976
153,779.1539,387.88812,782.4711,393.37674,3.3172607,5.488617,6.4132
153,201.26878,168.35353,186.9375,167.87473,-14.331284,-0.47880554,14.339279
153,885.3078,165.73885,881.77405,165.66287,-3.5337524,-0.07597351,3.534569
153,494.3631,439.20584,500.72186,439.9624,6.3587646,0.7565613,6.403614
153,866.36035,400.5996,872.5093,399.29953,6.148926,-1.3000793,6.284862
153,711.3131,405.63812,719.93646,416.257,8.623352,10.618866,13.679273
153,437.74677,344.22644,441.44382,345.64886,3.697052,1.4224243,3.961248
153,259.4844,159.6232,258.8345,159.6306,-0.64990234,0.0074005127,0.6499445
154,633.1859,244.5341,634.16595,243.99582,0.9800415,-0.5382843,1.1181374
154,420.1241,342.49057,424.6341,342.94238,4.5099792,0.45181274,4.532554
154,430.6676,428.08704,434.96204,429.13208,4.2944336,1.045044,4.4197598
154,433.71017,321.18765,437.2909,321.80258,3.580719,0.6149292,3.6331372
154,422.18668,366.70407,426.45245,367.2583,4.2657776,0.55422974,4.301631
154,635.4269,295.23245,637.72906,294.80035,2.302185,-0.4320984,2.3423843
154,619.4364,366.10504,625.18,365.7279,5.7435913,-0.37713623,5.75596
154,188.37738,167.27617,176.53394,166.90202,-11.843445,-0.3741455,11.849353
154,473.4807,237.17827,474.54303,237.43936,1.0623169,0.26109314,1.0939318
154,432.3862,438.84326,436.51053,439.8324,4.1243286,0.98913574,4.2412825
154,443.13464,355.5793,447.82327,356.40848,4.688629,0.8291626,4.7613816
154,359.82477,323.6598,362.34927,324.44907,2.5245056,0.7892761,2.6450114
154,443.85144,314.03705,447.31232,314.626,3.4608765,0.58895874,3.5106323
154,54.517315,169.51118,54.625496,169.7147,0.108181,0.20352173,0.23048693
154,790.8506,242.51549,793.9995,247.18544,3.1489258,4.6699524,5.632423
154,953.2568,211.7427,952.6399,212.55898,-0.6168823,0.8162689,1.0231514
154,281.95618,574.73975,282.98358,574.6924,1.0274048,-0.04736328,1.0284959
154,505.28555,278.7234,509.33282,279.0063,4.0472717,0.28289795,4.0571465
154,447.55984,348.1329,452.9057,348.81506,5.3458557,0.6821594,5.3892035
154,416.8289,166.4145,420.61276,166.49931,3.7838745,0.08480835,3.7848248
154,767.8137,161.42441,769.03754,161.4439,1.2238159,0.019485474,1.223971
154,858.7007,572.0263,858.07886,572.09454,-0.6218262,0.068237305,0.62555903
154,640.06445,502.42746,642.53674,504.61343,2.47229,2.1859741,3.3001063
154,996.2637,165.25505,998.92377,164.8418,2.6600952,-0.41325378,2.692004
154,714.14044,159.62836,711.3725,159.73895,-2.7679443,0.1105957,2.7701528
154,635.4446,323.60364,638.0914,326.76807,2.6467896,3.1644287,4.1254215
154,497.12393,315.39307,501.07455,314.39893,3.9506226,-0.9941406,4.0737863
154,894.6438,76.73518,897.3218,70.28503,2.6779785,-6.450157,6.983989
154,672.65704,214.33731,673.6727,213.86205,1.015686,-0.4752655,1.121381
154,663.5709,210.15898,664.79926,209.78308,1.2283325,-0.37590027,1.2845628
154,765.75604,425.58463,778.57526,429.28003,12.819214,3.695404,13.341224
154,11.843128,254.45319,11.539986,254.48035,-0.30314255,0.027160645,0.30435687
154,381.4579,170.52051,385.6967,170.14426,4.2388,-0.37625122,4.255466
154,688.4136,79.11102,687.5015,79.23534,-0.91204834,0.124313354,0.9204814
154,668.0782,571.6872,664.5963,571.8101,-3.4818726,0.122924805,3.484042
154,468.46252,333.8279,476.223,335.75937,7.7604675,1.9314575,7.997211
154,470.93,205.472,471.4062,206.07625,0.4761963,0.60424805,0.76933646
154,751.7339,121.87252,747.69635,120.631744,-4.0375366,-1.2407761,4.223888
154,782.4711,393.37674,774.94977,392.63007,-7.5213623,-0.7466736,7.558334
154,186.9375,167.87473,181.45895,167.54726,-5.478546,-0.32746887,5.488324
154,881.77405,165.66287,882.5673,165.76321,0.7932739,0.1003418,0.79959494
154,500.72186,439.9624,503.9424,440.49533,3.2205505,0.53292847,3.2643466
154,872.5093,399.29953,874.37335,392.73602,1.8640747,-6.563507,6.823078
154,719.93646,416.257,730.6466,412.48462,10.710144,-3.7723694,11.355085
154,441.44382,345.64886,445.90884,346.6581,4.465027,1.0092468,4.5776677
154,258.8345,159.6306,254.39182,159.36363,-4.442688,-0.26696777,4.450702
155,634.16595,243.99582,635.2714,243.47351,1.1054688,-0.52230835,1.2226477
155,424.6341,342.94238,428.9066,343.46423,4.2724915,0.5218506,4.304243
155,434.96204,429.13208,439.15054,430.26956,4.188507,1.1374817,4.340214
155,437.2909,321.80258,440.8457,322.4895,3.5548096,0.68692017,3.6205704
155,426.45245,367.2583,430.79044,367.44058,4.337982,0.1822815,4.34181
155,637.72906,294.80035,640.1419,294.19907,2.4128418,-0.60128784,2.4866347
155,625.18,365.7279,629.18365,365.5874,4.003662,-0.14050293,4.006127
155,176.53394,166.90202,168.83353,167.34131,-7.700409,0.43928528,7.712929
155,474.54303,237.43936,475.66284,237.8223,1.119812,0.38293457,1.183477
155,436.51053,439.8324,441.31967,441.20322,4.809143,1.3708191,5.0007
155,447.82327,356.40848,450.79474,356.9053,2.971466,0.49682617,3.0127144
155,362.34927,324.44907,364.81516,325.19778,2.4658813,0.74871826,2.5770428
155,447.31232,314.626,450.52908,315.37704,3.2167664,0.7510376,3.3032777
155,54.625496,169.7147,54.31699,169.45856,-0.308506,-0.2561493,0.40098432
155,793.9995,247.18544,809.9585,247.32245,15.958984,0.13700867,15.959572
155,952.6399,212.55898,956.08856,212.51299,3.4486694,-0.04598999,3.448976
155,282.98358,574.6924,279.4382,574.7885,-3.5453796,0.09613037,3.5466826
155,509.33282,279.0063,513.65796,281.0896,4.3251343,2.083313,4.800727
155,452.9057,348.81506,458.54324,349.59503,5.6375427,0.77996826,5.691242
155,420.61276,166.49931,421.6566,166.57849,1.0438232,0.07917786,1.0468218
155,769.03754,161.4439,777.4833,161.94128,8.44574,0.49739075,8.460374
155,858.07886,572.09454,868.4875,572.0679,10.40863,-0.026672363,10.408665
155,642.53674,504.61343,644.635,499.6689,2.0982666,-4.944519,5.371312
155,998.92377,164.8418,997.7634,164.79227,-1.1603394,-0.04953003,1.161396
155,711.3725,159.73895,703.19336,159.85478,-8.179138,0.11582947,8.179958
155,638.0914,326.76807,641.18787,324.25473,3.0964966,-2.5133362,3.988126
155,501.07455,314.39893,504.315,313.76254,3.240448,-0.63638306,3.3023458
155,897.3218,70.28503,887.0608,63.220352,-10.260986,-7.0646744,12.457828
155,673.6727,213.86205,676.3356,213.8979,2.6628418,0.035858154,2.6630833
155,664.79926,209.78308,667.77826,209.53459,2.979004,-0.24848938,2.9893496
155,778.57526,429.28003,780.59155,436.959,2.0162964,7.6789856,7.9392867
155,11.539986,254.48035,10.482492,255.5605,-1.0574932,1.0801544,1.51163
155,385.6967,170.14426,384.0222,170.28471,-1.6744995,0.14045715,1.68038
155,687.5015,79.23534,684.5872,82.99513,-2.9143066,3.7597961,4.757021
155,664.5963,571.8101,668.5293,571.5979,3.9329834,-0.21221924,3.9387047
155,476.223,335.75937,479.2625,336.33945,3.0395203,0.5800781,3.0943778
155,471.4062,206.07625,474.35556,205.51666,2.9493713,-0.5595856,3.0019872
155,747.69635,120.631744,747.65405,119.488,-0.042297363,-1.1437454,1.1445273
155,774.94977,392.63007,771.41724,393.61722,-3.5325317,0.9871521,3.6678672
155,181.45895,167.54726,185.53275,167.86296,4.0737915,0.31570435,4.086006
155,882.5673,165.76321,881.6904,165.35042,-0.8768921,-0.41279602,0.9691957
155,503.9424,440.49533,514.6543,441.3728,10.711884,0.8774719,10.747763
155,874.37335,392.73602,875.26953,396.17432,0.8961792,3.4382935,3.5531676
155,730.6466,412.48462,740.0003,410.5267,9.353699,-1.9579163,9.556417
155,445.90884,346.6581,449.61566,347.108,3.7068176,0.44989014,3.734019
155,254.39182,159.36363,250.3397,159.51532,-4.052109,0.15168762,4.054947
156,635.2714,243.47351,636.65405,243.25314,1.3826294,-0.22036743,1.4000807
156,428.9066,343.46423,433.0753,343.96503,4.168701,0.50079346,4.1986737
156,439.15054,430.26956,443.261,431.0524,4.110443,0.7828369,4.1843247
156,440.8457,322.4895,444.1293,323.06824,3.2835999,0.57873535,3.3342109
156,430.79044,367.44058,434.5706,368.02322,3.7801514,0.5826416,3.8247895
156,640.1419,294.19907,642.4489,294.19867,2.3070068,-0.00039672852,2.3070068
156,629.18365,365.5874,635.332,365.10202,6.1483154,-0.48538208,6.167445
156,168.83353,167.34131,168.75722,167.26544,-0.076309204,-0.0758667,0.10760507
156,475.66284,237.8223,477.28018,238.26132,1.6173401,0.43902588,1.6758678
156,441.31967,441.20322,444.6882,441.71765,3.3685303,0.5144348,3.4075856
156,450.79474,356.9053,453.82263,357.7411,3.027893,0.8357849,3.141126
156,364.81516,325.19778,367.06903,325.94797,2.2538757,0.7501831,2.3754432
156,450.52908,315.37704,453.7439,316.10403,3.2148132,0.72698975,3.295988
156,54.31699,169.45856,53.820942,169.67204,-0.49604797,0.21348572,0.5400368
156,809.9585,247.32245,814.5423,248.28653,4.5838013,0.9640808,4.6840887
156,956.08856,212.51299,957.5653,212.91939,1.4767456,0.4064026,1.5316464
156,279.4382,574.7885,283.26382,575.115,3.8256226,0.32647705,3.839528
156,513.65796,281.0896,513.76874,281.80444,0.11077881,0.71484375,0.72337645
156,458.54324,349.59503,461.16434,350.3512,2.6210938,0.75616455,2.7279878
156,421.6566,166.57849,422.56497,166.43506,0.90838623,-0.14343262,0.9196404
156,777.4833,161.94128,780.2248,161.89107,2.741516,-0.050216675,2.741976
156,868.4875,572.0679,867.9055,572.3846,-0.5819702,0.31671143,0.6625673
156,644.635,499.6689,641.4113,497.1913,-3.2236938,-2.4776,4.065797
156,997.7634,164.79227,997.4792,164.9236,-0.28424072,0.1313324,0.31311497
156,703.19336,159.85478,702.4285,160.12068,-0.76483154,0.26589966,0.80973446
156,641.18787,324.25473,642.65485,329.05624,1.46698,4.8015137,5.0206137
156,504.315,313.76254,505.82492,314.78613,1.5099182,1.0235901,1.8241682
156,887.0608,63.220352,890.1335,75.38615,3.0726929,12.165794,12.547828
156,676.3356,213.8979,676.1315,213.78293,-0.20410156,-0.114974976,0.23425774
156,667.77826,209.53459,666.217,209.58806,-1.5612793,0.053466797,1.5621945
156,780.59155,436.959,778.39667,437.62128,-2.1948853,0.66226196,2.2926211
156,10.482492,255.5605,9.705429,255.64981,-0.77706337,0.08930969,0.7821788
156,384.0222,170.28471,384.05612,170.49886,0.033935547,0.21414185,0.21681409
156,684.5872,82.99513,686.0816,71.14952,1.4943848,-11.845612,11.939502
156,668.5293,571.5979,667.13824,571.93427,-1.3910522,0.33636475,1.4311421
156,479.2625,336.33945,480.2667,338.0831,1.0041809,1.7436523,2.0121388
156,474.35556,205.51666,477.12296,205.96437,2.767395,0.44770813,2.8033762
156,747.65405,119.488,747.5578,119.574844,-0.09625244,0.0868454,0.12964047
156,771.41724,393.61722,773.69275,398.91257,2.2755127,5.295349,5.763565
156,185.53275,167.86296,182.40805,167.93698,-3.1246948,0.074020386,3.1255715
156,881.6904,165.35042,874.7909,165.65735,-6.899536,0.30693054,6.90636
156,514.6543,441.3728,514.2301,441.64532,-0.42419434,0.27252197,0.50419146
156,875.26953,396.17432,884.882,394.3447,9.612488,-1.8296204,9.785062
156,740.0003,410.5267,745.0757,402.2895,5.0753784,-8.237213,9.675285
156,449.61566,347.108,453.03278,347.77127,3.4171143,0.66326904,3.48089
156,250.3397,159.51532,251.03572,159.5234,0.6960144,0.008087158,0.69606143
157,636.65405,243.25314,638.38055,243.24826,1.7265015,-0.0048828125,1.7265084
157,433.0753,343.96503,437.0691,344.30997,3.993805,0.3449402,4.008673
157,443.261,431.0524,446.90585,431.64413,3.644867,0.59173584,3.692588
157,444.1293,323.06824,447.66943,323.56213,3.5401306,0.49389648,3.5744174
157,434.5706,368.02322,438.79944,368.2018,4.2288513,0.17858887,4.2326207
157,642.4489,294.19867,645.2163,293.92038,2.767395,-0.2782898,2.7813523
157,635.332,365.10202,639.60034,364.83557,4.2683716,-0.26644897,4.27668
157,168.75722,167.26544,162.45526,167.63039,-6.301956,0.36494446,6.3125143
157,477.28018,238.26132,478.96902,238.49988,1.6888428,0.23855591,1.705608
157,444.6882,441.71765,448.72556,442.52087,4.0373535,0.80322266,4.116478
157,453.82263,357.7411,457.5692,358.17422,3.746582,0.433136,3.7715359
157,367.06903,325.94797,369.75156,326.31555,2.6825256,0.36758423,2.7075934
157,453.7439,316.10403,457.1827,316.54208,3.4388123,0.43804932,3.4666002
157,53.820942,169.67204,54.455963,169.86607,0.6350212,0.19403076,0.6640029
157,814.5423,248.28653,812.359,251.69331,-2.1832886,3.406784,4.046347
157,957.5653,212.91939,957.5033,212.7025,-0.06201172,-0.21688843,0.22557935
157,283.26382,575.115,281.45166,575.4697,-1.8121643,0.35473633,1.8465582
157,513.76874,281.80444,515.42786,281.5922,1.6591187,-0.21224976,1.6726401
157,461.16434,350.3512,462.8475,350.50082,1.6831665,0.14962769,1.6898041
157,422.56497,166.43506,421.10403,166.96124,-1.4609375,0.5261841,1.5528065
157,780.2248,161.89107,783.2131,161.62776,2.9882812,-0.26330566,2.999859
157,867.9055,572.3846,868.14246,572.47894,0.23693848,0.09436035,0.2550367
157,641.4113,497.1913,639.67236,497.85083,-1.7389526,0.6595154,1.8598163
157,997.4792,164.9236,999.6616,164.77881,2.182434,-0.14479065,2.1872318
157,702.4285,160.12068,700.6527,160.20485,-1.7758179,0.08416748,1.7778114
157,642.65485,329.05624,645.1675,325.08536,2.5126343,-3.9708862,4.699071
157,505.82492,314.78613,508.72342,315.7118,2.8984985,0.9256592,3.042719
157,890.1335,75.38615,888.6218,70.632034,-1.5116577,-4.7541122,4.9886565
157,676.1315,213.78293,675.8079,214.22125,-0.32354736,0.43832397,0.54480344
157,666.217,209.58806,664.5612,210.03479,-1.6557617,0.44673157,1.7149682
157,778.39667,437.62128,788.73047,437.68314,10.333801,0.06185913,10.333986
157,9.705429,255.64981,9.480406,256.19464,-0.22502327,0.5448303,0.58947057
157,384.05612,170.49886,383.50217,170.61949,-0.5539551,0.12063599,0.5669385
157,686.0816,71.14952,693.6489,87.38002,7.567322,16.2305,17.907917
157,667.13824,571.93427,667.43616,572.02356,0.2979126,0.08929443,0.31100708
157,480.2667,338.0831,480.2691,338.8869,0.0024108887,0.8038025,0.8038061
157,477.12296,205.96437,480.47992,205.71498,3.356964,-0.24938965,3.366215
157,747.5578,119.574844,744.48334,115.75818,-3.074463,-3.8166656,4.9009447
157,773.69275,398.91257,778.3258,390.4327,4.6330566,-8.479858,9.662982
157,182.40805,167.93698,175.3411,167.95447,-7.0669556,0.017486572,7.066977
157,874.7909,165.65735,874.96936,165.42374,0.1784668,-0.23361206,0.29398128
157,514.2301,441.64532,525.9948,442.2486,11.764709,0.6032715,11.780167
157,884.882,394.3447,871.55133,390.09372,-13.330688,-4.2509766,13.992071
157,745.0757,402.2895,749.61224,398.68353,4.53656,-3.605957,5.7951107
157,453.03278,347.77127,456.65927,348.27777,3.6264954,0.50650024,3.661695
157,251.03572,159.5234,255.38748,159.67278,4.351761,0.14936829,4.3543234
158,638.38055,243.24826,640.3678,242.9228,1.9872437,-0.3254547,2.0137174
158,437.0691,344.30997,440.55994,344.5329,3.4908447,0.22293091,3.4979558
158,446.90585,431.64413,450.3378,432.06335,3.4319458,0.41921997,3.4574552
158,447.66943,323.56213,450.86847,323.84167,3.1990356,0.27954102,3.211226
158,438.79944,368.2018,442.30032,368.1977,3.500885,-0.004119873,3.5008874
158,645.2163,293.92038,647.6465,293.85916,2.4301758,-0.06121826,2.4309468
158,639.60034,364.83557,643.11707,364.87573,3.5167236,0.040161133,3.516953
158,162.45526,167.63039,173.01236,167.62703,10.557098,-0.0033569336,10.557098
158,478.96902,238.49988,481.06583,238.78346,2.0968018,0.2835846,2.1158917
158,448.72556,442.52087,453.08096,443.0524,4.3554077,0.53152466,4.387721
158,457.5692,358.17422,461.10306,358.4052,3.533844,0.23098755,3.5413852
158,369.75156,326.31555,372.46527,326.6393,2.7137146,0.323761,2.7329595
158,457.1827,316.54208,460.23132,317.06223,3.0486145,0.5201416,3.0926683
158,54.455963,169.86607,54.666195,170.37617,0.21023178,0.5101013,0.55172527
158,812.359,251.69331,809.27496,250.51804,-3.0840454,-1.1752777,3.3003962
158,957.5033,212.7025,956.1018,213.14146,-1.4014893,0.43896484,1.468626
158,281.45166,575.4697,317.41528,575.5709,35.963623,0.10119629,35.963764
158,515.42786,281.5922,520.65234,285.74783,5.2244873,4.1556396,6.6756725
158,462.8475,350.50082,466.41373,350.70993,3.5662231,0.20910645,3.5723486
158,421.10403,166.96124,421.88672,167.01877,0.7826843,0.057525635,0.7847955
158,783.2131,161.62776,768.1755,161.68272,-15.037598,0.05496216,15.037699
158,868.14246,572.47894,868.1649,572.9061,0.022460938,0.42718506,0.42777514
158,639.67236,497.85083,648.5628,498.05136,8.890442,0.200531,8.892703
158,999.6616,164.77881,999.07294,165.05577,-0.5886841,0.27696228,0.6505821
158,700.6527,160.20485,700.28986,160.48933,-0.362854,0.28448486,0.4610799
158,645.1675,325.08536,647.2238,329.32336,2.0563354,4.2380066,4.710543
158,508.72342,315.7118,512.50757,315.69797,3.7841492,-0.013824463,3.7841744
158,888.6218,70.632034,895.1048,73.69012,6.482971,3.0580826,7.168039
158,675.8079,214.22125,676.1319,213.86835,0.3239746,-0.35290527,0.47906333
158,664.5612,210.03479,663.92236,210.09262,-0.638855,0.05783081,0.64146715
158,788.73047,437.68314,792.8404,436.61932,4.1099243,-1.0638123,4.245371
158,9.480406,256.19464,10.528191,255.89346,1.0477848,-0.30117798,1.0902115
158,383.50217,170.61949,385.614,170.523,2.111847,-0.09649658,2.1140504
158,693.6489,87.38002,691.83997,80.07135,-1.80896,-7.30867,7.529209
158,667.43616,572.02356,668.66736,572.31586,1.2312012,0.29229736,1.2654225
158,480.2691,338.8869,480.55762,337.62866,0.28851318,-1.2582397,1.2908939
158,480.47992,205.71498,483.75784,205.77798,3.2779236,0.06300354,3.278529
158,744.48334,115.75818,742.74347,115.45732,-1.7398682,-0.30085754,1.7656888
158,778.3258,390.4327,777.2843,402.75714,-1.0415039,12.324432,12.368361
158,175.3411,167.95447,179.61803,168.1752,4.276932,0.22073364,4.282624
158,874.96936,165.42374,866.46484,165.55455,-8.504517,0.1308136,8.505523
158,525.9948,442.2486,525.65234,442.30966,-0.34246826,0.061065674,0.34787
158,871.55133,390.09372,877.23114,395.1673,5.6798096,5.073578,7.615867
158,749.61224,398.68353,747.0487,411.60742,-2.5635376,12.923889,13.175684
158,456.65927,348.27777,459.98358,348.58246,3.3243103,0.3046875,3.338244
158,255.38748,159.67278,254.13257,159.84543,-1.2549133,0.1726532,1.2667346
159,640.3678,242.9228,642.18005,242.62875,1.8122559,-0.29405212,1.8359569
159,440.55994,344.5329,444.17856,344.51114,3.6186218,-0.021759033,3.6186872
159,450.3378,432.06335,453.53366,432.43112,3.1958618,0.36776733,3.2169528
159,450.86847,323.84167,453.7364,324.20645,2.86792,0.3647766,2.8910253
159,442.30032,368.1977,445.6357,368.30948,3.3353882,0.11178589,3.337261
159,647.6465,293.85916,650.2359,293.5782,2.5894165,-0.28097534,2.604616
159,643.11707,364.87573,646.61786,364.46985,3.5007935,-0.4058838,3.524244
159,173.01236,167.62703,165.65555,167.66716,-7.3568115,0.040130615,7.356921
159,481.06583,238.78346,482.56522,238.85487,1.4993896,0.07141113,1.5010892
159,453.08096,443.0524,456.25525,443.3269,3.174286,0.27450562,3.1861331
159,461.10306,358.4052,464.83972,358.57913,3.7366638,0.17391968,3.740709
159,372.46527,326.6393,375.01163,326.73163,2.5463562,0.092315674,2.5480292
159,460.23132,317.06223,462.94717,317.43546,2.7158508,0.37322998,2.7413769
159,54.666195,170.37617,54.909874,169.9925,0.24367905,-0.38368225,0.4545234
159,809.27496,250.51804,801.56757,250.3353,-7.7073975,-0.18273926,7.7095637
159,956.1018,213.14146,962.0755,213.52353,5.973694,0.38206482,5.9858994
159,317.41528,575.5709,388.527,574.97766,71.111725,-0.5932617,71.1142
159,520.65234,285.74783,520.9823,283.6229,0.32995605,-2.124939,2.1504037
159,466.41373,350.70993,471.6751,351.1646,5.261383,0.4546814,5.280993
159,421.88672,167.01877,425.0157,167.19118,3.1289673,0.17240906,3.1337137
159,768.1755,161.68272,772.2452,161.8446,4.069702,0.1618805,4.0729203
159,868.1649,572.9061,862.5994,572.85626,-5.5654907,-0.049865723,5.5657144
159,648.5628,498.05136,649.37885,502.4259,0.81604004,4.374542,4.4500046
159,999.07294,165.05577,1000.29047,164.75761,1.2175293,-0.29815674,1.2535051
159,700.28986,160.48933,699.4483,160.42937,-0.84155273,-0.05996704,0.8436866
159,647.2238,329.32336,647.4713,329.66907,0.24749756,0.34570312,0.42516547
159,512.50757,315.69797,513.29285,316.74573,0.7852783,1.04776,1.309375
159,895.1048,73.69012,900.4848,73.216156,5.380005,-0.47396088,5.4008417
159,676.1319,213.86835,675.48486,213.77773,-0.6470337,-0.09062195,0.653349
159,663.92236,210.09262,663.7549,209.90486,-0.16748047,-0.1877594,0.25160146
159,792.8404,436.61932,787.1103,433.7216,-5.7301025,-2.8977356,6.421133
159,10.528191,255.89346,10.5996275,256.1223,0.07143688,0.22885132,0.23974185
159,385.614,170.523,382.6687,170.7581,-2.9453125,0.23510742,2.9546814
159,691.83997,80.07135,690.30145,78.66739,-1.5385132,-1.4039612,2.0828178
159,668.66736,572.31586,672.89465,572.33704,4.227295,0.0211792,4.227348
159,480.55762,337.62866,488.2304,337.37628,7.6727905,-0.25238037,7.67694
159,483.75784,205.77798,484.5023,205.74167,0.7444458,-0.036315918,0.7453311
159,742.74347,115.45732,736.3396,123.98218,-6.4038696,8.524857,10.66221
159,777.2843,402.75714,773.3916,397.34955,-3.8927002,-5.407593,6.6629705
159,179.61803,168.1752,171.80826,168.3369,-7.8097687,0.16169739,7.8114424
159,866.46484,165.55455,867.25934,165.42719,0.7944946,-0.12736511,0.8046388
159,525.65234,442.30966,528.3259,442.42728,2.673584,0.117614746,2.6761696
159,877.23114,395.1673,876.57587,394.75296,-0.65527344,-0.41433716,0.77527964
159,747.0487,411.60742,746.2498,414.53064,-0.79888916,2.9232178,3.0304167
159,459.98358,348.58246,463.78903,348.63287,3.8054504,0.05041504,3.8057845
159,254.13257,159.84543,251.87285,160.3084,-2.2597198,0.46296692,2.3066583
160,642.18005,242.62875,643.6689,242.38223,1.4888306,-0.246521,1.5091021
160,444.17856,344.51114,447.39755,344.56668,3.2189941,0.055541992,3.2194734
160,453.53366,432.43112,457.05374,432.9008,3.5200806,0.46966553,3.5512748
160,453.7364,324.20645,456.76825,324.24072,3.0318604,0.03427124,3.032054
160,445.6357,368.30948,449.0054,368.37784,3.36969,0.068359375,3.3703833
160,650.2359,293.5782,652.39886,293.02274,2.1629639,-0.55545044,2.2331452
160,646.61786,364.46985,649.9296,364.04825,3.3117676,-0.42160034,3.3384955
160,165.65555,167.66716,165.42862,167.62917,-0.22692871,-0.037994385,0.2300874
160,482.56522,238.85487,484.3474,239.00226,1.782196,0.14738464,1.7882799
160,456.25525,443.3269,460.25607,443.9184,4.000824,0.5914917,4.0443115
160,464.83972,358.57913,467.31778,359.23947,2.4780579,0.66033936,2.5645308
160,375.01163,326.73163,377.21954,326.9318,2.2079163,0.2001648,2.216971
160,462.94717,317.43546,465.89847,317.47565,2.951294,0.04019165,2.9515676
160,54.909874,169.9925,54.092396,170.07953,-0.8174782,0.08703613,0.82209843
160,801.56757,250.3353,807.8094,248.56996,6.2418213,-1.7653351,6.486659
160,962.0755,213.52353,966.2593,213.78944,4.183777,0.26591492,4.192219
160,388.527,574.97766,395.5447,575.1876,7.0177,0.20996094,7.02084
160,520.9823,283.6229,523.02045,277.42007,2.038147,-6.20282,6.5290904
160,471.6751,351.1646,473.2217,351.3754,1.5466003,0.21078491,1.5608981
160,425.0157,167.19118,424.39005,166.99776,-0.62564087,-0.19342041,0.6548572
160,772.2452,161.8446,775.31915,162.45401,3.0739746,0.6094055,3.1337988
160,862.5994,572.85626,874.6617,572.6287,12.062256,-0.22753906,12.064402
160,649.37885,502.4259,654.81,503.0448,5.4311523,0.6188965,5.4663014
160,1000.29047,164.75761,992.8435,165.3757,-7.4469604,0.61808777,7.4725666
160,699.4483,160.42937,693.4322,160.31044,-6.0161133,-0.118927,6.0172887
160,647.4713,329.66907,647.5326,325.75424,0.061279297,-3.9148254,3.9153051
160,513.29285,316.74573,517.50183,315.6214,4.2089844,-1.1243286,4.3565655
160,900.4848,73.216156,899.7874,77.7397,-0.6973877,4.5235443,4.5769863
160,675.48486,213.77773,684.3409,213.78467,8.856018,0.006942749,8.856021
160,663.7549,209.90486,669.67444,210.29268,5.9195557,0.38781738,5.9322457
160,787.1103,433.7216,777.6139,429.61084,-9.496399,-4.1107483,10.3479395
160,10.5996275,256.1223,10.354896,255.87485,-0.2447319,-0.24746704,0.34804258
160,382.6687,170.7581,372.6359,170.70178,-10.032806,-0.05632019,10.032965
160,690.30145,78.66739,697.61017,76.549995,7.308716,-2.1173935,7.60925
160,672.89465,572.33704,673.7465,572.6108,0.8518677,0.27374268,0.89477015
160,488.2304,337.37628,492.5083,339.5068,4.277893,2.1305237,4.779069
160,484.5023,205.74167,485.98587,205.99094,1.4835815,0.24926758,1.5043764
160,736.3396,123.98218,724.2464,125.930466,-12.093201,1.948288,12.249136
160,773.3916,397.34955,769.5441,399.5362,-3.8474731,2.1866455,4.425434
160,171.80826,168.3369,171.99751,168.40753,0.18925476,0.070632935,0.20200588
160,867.25934,165.42719,864.6562,165.13481,-2.6031494,-0.29237366,2.6195168
160,528.3259,442.42728,533.7851,442.52094,5.4591675,0.09365845,5.459971
160,876.57587,394.75296,866.2016,390.7521,-10.374268,-4.0008545,11.119004
160,746.2498,414.53064,745.2091,416.82352,-1.0407104,2.2928772,2.518008
160,463.78903,348.63287,466.59164,349.29593,2.8026123,0.6630554,2.879979
160,251.87285,160.3084,245.65343,160.2879,-6.2194214,-0.020492554,6.2194552
161,643.6689,242.38223,645.4633,242.18051,1.7944336,-0.20172119,1.8057362
161,447.39755,344.56668,450.2645,344.52463,2.8669434,-0.042053223,2.8672516
161,457.05374,432.9008,459.67136,432.84494,2.6176147,-0.055847168,2.6182103
161,456.76825,324.24072,459.49765,324.16983,2.7294006,-0.070892334,2.7303212
161,449.0054,368.37784,451.8252,368.34787,2.8197937,-0.029968262,2.819953
161,652.39886,293.02274,654.68713,292.3963,2.288269,-0.6264343,2.372466
161,649.9296,364.04825,652.97455,363.67126,3.0449219,-0.37698364,3.0681698
161,165.42862,167.62917,169.53847,167.62984,4.109848,0.0006713867,4.109848
161,484.3474,239.00226,486.0013,238.72932,1.6539001,-0.27293396,1.6762693
161,460.25607,443.9184,463.32407,443.90085,3.0679932,-0.017547607,3.0680435
161,467.31778,359.23947,469.20123,359.12625,1.8834534,-0.113220215,1.8868533
161,377.21954,326.9318,379.23337,326.7791,2.0138245,-0.15267944,2.019604
161,465.89847,317.47565,468.52414,317.4436,2.6256714,-0.032043457,2.625867
161,54.092396,170.07953,54.180702,169.94713,0.08830643,-0.13240051,0.15914749
161,807.8094,248.56996,805.05005,246.6598,-2.7593384,-1.9101562,3.3559866
161,966.2593,213.78944,967.34546,214.14203,1.0861816,0.35258484,1.1419748
161,395.5447,575.1876,407.14645,574.9475,11.601746,-0.2401123,11.60423
161,523.02045,277.42007,518.5369,276.50266,-4.4835205,-0.91741943,4.5764194
161,473.2217,351.3754,476.0495,351.50534,2.8277893,0.12994385,2.8307734
161,424.39005,166.99776,424.93384,167.20554,0.5437927,0.20777893,0.5821363
161,775.31915,162.45401,775.7262,162.13112,0.40704346,-0.32289124,0.5195605
161,874.6617,572.6287,887.08856,572.644,12.42688,0.015258789,12.426888
161,654.81,503.0448,646.75946,504.8138,-8.050537,1.7690125,8.242606
161,992.8435,165.3757,993.62805,165.3757,0.7845459,0.0,0.7845459
161,693.4322,160.31044,697.99774,160.35228,4.5655518,0.0418396,4.5657434
161,647.5326,325.75424,649.3104,324.15414,1.777832,-1.6000977,2.391861
161,517.50183,315.6214,518.8484,315.3717,1.3465576,-0.24969482,1.3695127
161,899.7874,77.7397,896.51404,69.76056,-3.2733765,-7.979141,8.624482
161,684.3409,213.78467,685.25757,213.90617,0.916687,0.12150574,0.9247047
161,669.67444,210.29268,670.3801,210.06683,0.7056885,-0.22584534,0.74094695
161,777.6139,429.61084,786.8387,429.921,9.2247925,0.31015015,9.230004
161,10.354896,255.87485,11.857785,255.73892,1.5028896,-0.1359253,1.5090239
161,372.6359,170.70178,385.18787,170.64156,12.551971,-0.06022644,12.552116
161,697.61017,76.549995,696.4994,78.6785,-1.1107788,2.128502,2.400906
161,673.7465,572.6108,669.6793,572.395,-4.0671997,-0.21575928,4.072919
161,492.5083,339.5068,495.1154,337.7114,2.6070862,-1.7954102,3.1655009
161,485.98587,205.99094,494.3809,206.6762,8.39502,0.68525696,8.42294
161,724.2464,125.930466,730.49133,121.24637,6.244934,-4.6840973,7.806406
161,769.5441,399.5362,769.3606,391.9164,-0.18353271,-7.6197815,7.6219916
161,171.99751,168.40753,175.66624,168.19798,3.6687317,-0.20954895,3.6747112
161,864.6562,165.13481,859.8476,165.3932,-4.8085938,0.25839233,4.8155313
161,533.7851,442.52094,534.27966,442.5802,0.49456787,0.059265137,0.49810615
161,866.2016,390.7521,873.8463,385.09763,7.6447144,-5.65448,9.50867
161,745.2091,416.82352,750.4859,410.0497,5.2767944,-6.7738037,8.586557
161,466.59164,349.29593,469.45126,349.23633,2.8596191,-0.05960083,2.8602402
161,245.65343,160.2879,250.03065,160.28268,4.377228,-0.005218506,4.377231
162,645.4633,242.18051,647.21045,241.6855,1.7471313,-0.49501038,1.8159028
162,450.2645,344.52463,453.16705,344.49896,2.9025574,-0.025665283,2.9026709
162,459.67136,432.84494,462.51068,432.7575,2.839325,-0.08743286,2.8406708
162,459.49765,324.16983,462.08478,323.80502,2.5871277,-0.36480713,2.6127217
162,451.8252,368.34787,454.9038,367.84772,3.0786133,-0.5001526,3.118976
162,654.68713,292.3963,656.9876,292.46918,2.300476,0.07287598,2.30163
162,652.97455,363.67126,656.29755,363.11322,3.322998,-0.55804443,3.3695297
162,169.53847,167.62984,170.41573,167.61473,0.8772583,-0.015106201,0.87738836
162,486.0013,238.72932,487.934,238.73633,1.9326782,0.007003784,1.932691
162,463.32407,443.90085,465.72455,443.77496,2.4004822,-0.12588501,2.4037807
162,469.20123,359.12625,472.40085,358.81143,3.1996155,-0.31481934,3.2150662
162,379.23337,326.7791,381.1273,326.62872,1.8939209,-0.15039062,1.8998826
162,468.52414,317.4436,470.98914,317.2059,2.4649963,-0.23770142,2.4764307
162,54.180702,169.94713,54.684128,169.82008,0.5034256,-0.12704468,0.5192087
162,805.05005,246.6598,808.7854,249.18184,3.7353516,2.5220337,4.5070505
162,967.34546,214.14203,962.539,214.0266,-4.8064575,-0.11543274,4.807843
162,407.14645,574.9475,423.5078,574.7732,16.361359,-0.1743164,16.362288
162,518.5369,276.50266,520.72815,277.82327,2.1912231,1.3206177,2.5584154
162,476.0495,351.50534,479.4882,351.33972,3.4386902,-0.1656189,3.442676
162,424.93384,167.20554,432.401,167.00644,7.467163,-0.19909668,7.4698167
162,775.7262,162.13112,774.4375,162.1688,-1.2886963,0.03767395,1.2892468
162,887.08856,572.644,877.37646,572.547,-9.712097,-0.09698486,9.712582
162,646.75946,504.8138,647.6343,506.68692,0.8748169,1.8731079,2.0673263
162,993.62805,165.3757,998.6171,165.07082,4.9890747,-0.30488586,4.998382
162,697.99774,160.35228,703.6452,159.98515,5.647461,-0.36712646,5.659381
162,649.3104,324.15414,651.5063,323.21277,2.1958618,-0.94137573,2.3891416
162,518.8484,315.3717,513.79346,315.23965,-5.0549316,-0.13204956,5.056656
162,896.51404,69.76056,891.95605,66.71463,-4.5579834,-3.045929,5.4820523
162,685.25757,213.90617,681.7285,213.42288,-3.5290527,-0.48329163,3.5619917
162,670.3801,210.06683,668.664,209.8883,-1.7161255,-0.17852783,1.7253866
162,786.8387,429.921,789.1872,422.1621,2.3485107,-7.7588806,8.1065235
162,11.857785,255.73892,12.083968,256.11618,0.22618294,0.3772583,0.4398665
162,385.18787,170.64156,391.25723,170.63527,6.0693665,-0.006286621,6.0693693
162,696.4994,78.6785,699.16833,68.30429,2.6689453,-10.374207,10.712023
162,669.6793,572.395,673.1394,572.2753,3.460083,-0.11968994,3.4621527
162,495.1154,337.7114,497.9592,338.46066,2.843811,0.7492676,2.940861
162,494.3809,206.6762,498.35135,206.6412,3.970459,-0.034988403,3.9706132
162,730.49133,121.24637,737.2086,123.15813,6.717285,1.9117584,6.9840345
162,769.3606,391.9164,767.98895,392.8446,-1.3716431,0.92819214,1.656184
162,175.66624,168.19798,176.96695,168.24713,1.300705,0.04914856,1.3016331
162,859.8476,165.3932,852.45953,165.15619,-7.3880615,-0.23701477,7.3918624
162,534.27966,442.5802,535.53436,442.21332,1.2546997,-0.36688232,1.307239
162,873.8463,385.09763,875.3468,371.00085,1.5004883,-14.096771,14.176404
162,750.4859,410.0497,746.28973,410.26212,-4.196167,0.21240234,4.201539
162,469.45126,349.23633,472.655,348.92722,3.2037354,-0.30911255,3.2186131
162,250.03065,160.28268,251.90329,160.43243,1.8726349,0.14974976,1.8786129
163,647.21045,241.6855,648.687,241.50713,1.4765625,-0.17837524,1.4872978
163,453.16705,344.49896,456.47293,344.45197,3.3058777,-0.04699707,3.3062117
163,462.51068,432.7575,465.91202,433.05243,3.4013367,0.29492188,3.4140987
163,462.08478,323.80502,464.78012,323.94186,2.695343,0.13684082,2.6988144
163,454.9038,367.84772,458.19608,368.0652,3.2922668,0.21746826,3.2994413
163,656.9876,292.46918,659.61804,292.38245,2.6304321,-0.08673096,2.6318617
163,656.29755,363.11322,659.57153,362.6066,3.2739868,-0.5066223,3.3129528
163,170.41573,167.61473,169.32379,167.38187,-1.0919342,-0.23286438,1.1164883
163,487.934,238.73633,489.52466,238.90863,1.5906677,0.17230225,1.5999725
163,465.72455,443.77496,469.24194,444.04132,3.517395,0.26635742,3.5274656
163,472.40085,358.81143,475.5917,359.1886,3.190857,0.37716675,3.2130706
163,381.1273,326.62872,383.8016,326.56403,2.6743164,-0.064697266,2.675099
163,470.98914,317.2059,473.61188,317.41766,2.6227417,0.21176147,2.6312766
163,54.684128,169.82008,54.037766,169.59962,-0.6463623,-0.22045898,0.68292487
163,808.7854,249.18184,814.80865,244.91988,6.0232544,-4.261963,7.3786125
163,962.539,214.0266,962.0475,213.79369,-0.4915161,-0.23291016,0.54390734
163,423.5078,574.7732,424.29303,575.11945,0.7852173,0.34625244,0.8581707
163,520.72815,277.82327,524.7992,279.73483,4.071045,1.91156,4.4974957
163,479.4882,351.33972,483.30566,351.44412,3.8174744,0.104400635,3.8189018
163,432.401,167.00644,435.7635,167.06975,3.3624878,0.063308716,3.3630838
163,774.4375,162.1688,779.8694,161.76802,5.431885,-0.4007721,5.4466496
163,877.37646,572.547,871.4377,572.6006,-5.9387817,0.053588867,5.9390235
163,647.6343,506.68692,644.2278,506.33994,-3.4064941,-0.34698486,3.4241204
163,998.6171,165.07082,998.6478,164.80658,0.030700684,-0.26423645,0.26601398
163,703.6452,159.98515,694.47546,159.81926,-9.169739,-0.16589355,9.171239
163,651.5063,323.21277,654.1457,321.64307,2.6394043,-1.5697021,3.0708988
163,513.79346,315.23965,513.9226,316.54968,0.12915039,1.3100281,1.316379
163,891.95605,66.71463,907.5968,67.51577,15.640747,0.80113983,15.661251
163,681.7285,213.42288,682.2204,213.56485,0.49188232,0.14196777,0.51196
163,668.664,209.8883,668.4572,209.9227,-0.20678711,0.03439331,0.20962778
163,789.1872,422.1621,787.4371,426.38974,-1.7501221,4.2276306,4.575564
163,12.083968,256.11618,12.004341,255.54622,-0.07962704,-0.56996155,0.57549685
163,391.25723,170.63527,394.69897,170.80162,3.441742,0.16635132,3.4457598
163,699.16833,68.30429,684.37427,65.12563,-14.794067,-3.1786575,15.131699
163,673.1394,572.2753,678.7938,572.34033,5.654419,0.06500244,5.654793
163,497.9592,338.46066,495.40506,337.613,-2.5541382,-0.84765625,2.691123
163,498.35135,206.6412,501.77957,206.30437,3.4282227,-0.33683777,3.4447308
163,737.2086,123.15813,726.6428,126.851654,-10.565796,3.6935272,11.192774
163,767.98895,392.8446,776.77423,401.42996,8.785278,8.585358,12.283708
163,176.96695,168.24713,173.21332,167.832,-3.7536316,-0.41513062,3.7765174
163,852.45953,165.15619,849.6685,164.74724,-2.7910156,-0.4089508,2.820817
163,535.53436,442.21332,538.39856,442.2578,2.8641968,0.04449463,2.8645422
163,875.3468,371.00085,866.4788,358.81393,-8.867981,-12.18692,15.071898
163,746.28973,410.26212,746.73285,407.4821,0.44311523,-2.7800293,2.8151224
163,472.655,348.92722,476.01425,349.26324,3.359253,0.33602905,3.3760178
163,251.90329,160.43243,258.16437,160.09554,6.261078,-0.3368988,6.2701354
164,648.687,241.50713,650.3833,241.39435,1.6962891,-0.11277771,1.700034
164,456.47293,344.45197,459.90012,344.70352,3.427185,0.2515564,3.436405
164,465.91202,433.05243,469.12024,433.7013,3.2082214,0.64886475,3.2731805
164,464.78012,323.94186,467.7632,324.2197,2.9830933,0.27783203,2.9960034
164,458.19608,368.0652,461.63974,367.9471,3.4436646,-0.11807251,3.445688
164,659.61804,292.38245,662.01276,292.38815,2.3947144,0.005706787,2.394721
164,659.57153,362.6066,663.17377,362.36887,3.602234,-0.23773193,3.61007
164,169.32379,167.38187,169.66754,167.36682,0.34375,-0.015045166,0.34407908
164,489.52466,238.90863,491.2536,238.98056,1.7289429,0.07192993,1.7304385
164,469.24194,444.04132,472.26288,444.62717,3.020935,0.58584595,3.077217
164,475.5917,359.1886,478.88223,359.33984,3.2905273,0.15124512,3.2940013
164,383.8016,326.56403,386.13132,326.77353,2.329712,0.20950317,2.3391128
164,473.61188,317.41766,476.5128,317.70575,2.9009094,0.28808594,2.915179
164,54.037766,169.59962,54.538418,169.81801,0.5006523,0.21838379,0.5462089
164,814.80865,244.91988,799.62024,248.65047,-15.188416,3.7305908,15.639862
164,962.0475,213.79369,961.1574,212.71413,-0.8900757,-1.0795593,1.3991723
164,424.29303,575.11945,419.88257,575.3145,-4.4104614,0.19506836,4.414773
164,524.7992,279.73483,523.33624,287.3203,-1.4629517,7.5854797,7.7252655
164,483.30566,351.44412,485.78503,351.59537,2.47937,0.15124512,2.483979
164,435.7635,167.06975,438.99042,167.2323,3.2269287,0.16255188,3.2310202
164,779.8694,161.76802,778.01434,161.53381,-1.8550415,-0.23420715,1.8697679
164,871.4377,572.6006,880.80927,572.41974,9.371582,-0.18084717,9.373327
164,644.2278,506.33994,641.57263,511.35623,-2.6551514,5.0162964,5.675655
164,998.6478,164.80658,998.74866,164.8573,0.10083008,0.050720215,0.112868264
164,694.47546,159.81926,694.29645,159.54068,-0.17901611,-0.2785797,0.3311396
164,654.1457,321.64307,658.93195,323.49664,4.786255,1.8535767,5.132639
164,513.9226,316.54968,516.70685,314.68,2.7842407,-1.86969,3.3537645
164,907.5968,67.51577,882.2302,62.256977,-25.366577,-5.258793,25.905949
164,682.2204,213.56485,686.43164,213.2337,4.2112427,-0.33114624,4.224242
164,668.4572,209.9227,671.9752,209.88692,3.5180054,-0.03578186,3.5181875
164,787.4371,426.38974,793.5425,436.0776,6.1054077,9.687866,11.451234
164,12.004341,255.54622,12.409676,255.74628,0.40533447,0.20005798,0.45201683
164,394.69897,170.80162,391.31567,170.61739,-3.3833008,-0.18423462,3.388313
164,684.37427,65.12563,676.44006,68.895935,-7.934204,3.7703018,8.784462
164,678.7938,572.34033,674.59485,572.3921,-4.1989746,0.051757812,4.1992936
164,495.40506,337.613,498.87424,339.26883,3.4691772,1.6558228,3.8440785
164,501.77957,206.30437,503.3028,205.71735,1.5232239,-0.5870209,1.6324229
164,726.6428,126.851654,722.6697,130.93948,-3.9731445,4.0878296,5.7005463
164,776.77423,401.42996,784.7664,407.95175,7.9921875,6.5217896,10.315464
164,173.21332,167.832,164.09843,167.87248,-9.114883,0.040481567,9.114973
164,849.6685,164.74724,834.7734,164.73032,-14.895142,-0.016921997,14.895151
164,538.39856,442.2578,543.85223,442.4164,5.4536743,0.15859985,5.45598
164,866.4788,358.81393,879.9441,370.57254,13.465271,11.758606,17.876755
164,746.73285,407.4821,747.8726,412.59567,1.1397705,5.1135864,5.239069
164,476.01425,349.26324,479.3747,349.36133,3.360443,0.098083496,3.3618743
164,258.16437,160.09554,248.09705,160.23846,-10.067322,0.14292908,10.0683365
165,650.3833,241.39435,652.09906,241.2417,1.7157593,-0.15264893,1.7225364
165,459.90012,344.70352,463.4169,344.95544,3.5167847,0.2519226,3.5257962
165,469.12024,433.7013,472.4106,434.05197,3.2903748,0.3506775,3.3090088
165,467.7632,324.2197,470.93304,324.6337,3.1698303,0.41400146,3.1967516
165,461.63974,367.9471,465.17014,368.27713,3.5303955,0.3300171,3.5457869
165,662.01276,292.38815,664.1857,291.48206,2.1729736,-0.9060974,2.354321
165,663.17377,362.36887,666.2175,362.045,3.0437622,-0.32385254,3.0609424
165,169.66754,167.36682,168.61252,167.45982,-1.0550232,0.09300232,1.0591145
165,491.2536,238.98056,492.70453,239.22743,1.4509277,0.24687195,1.4717802
165,472.26288,444.62717,474.66217,444.88104,2.399292,0.25387573,2.4126863
165,478.88223,359.33984,482.50525,359.71448,3.6230164,0.3746338,3.6423342
165,386.13132,326.77353,388.62585,326.8692,2.4945374,0.09567261,2.4963715
165,476.5128,317.70575,479.5957,318.14056,3.0829163,0.43481445,3.1134284
165,54.538418,169.81801,54.823643,169.5225,0.2852249,-0.2955017,0.41070002
165,799.62024,248.65047,804.02203,248.45432,4.4017944,-0.19615173,4.4061627
165,961.1574,212.71413,956.1023,213.20792,-5.0551147,0.49378967,5.0791745
165,419.88257,575.3145,423.3988,574.9775,3.5162354,-0.33703613,3.532351
165,523.33624,287.3203,525.8502,284.76575,2.513977,-2.5545654,3.5841157
165,485.78503,351.59537,489.32608,352.19095,3.5410461,0.59558105,3.5907834
165,438.99042,167.2323,437.8032,167.17456,-1.1872253,-0.057739258,1.1886286
165,778.01434,161.53381,778.23706,161.86455,0.22271729,0.33073425,0.39873317
165,880.80927,572.41974,873.4409,572.7494,-7.368347,0.32965088,7.3757176
165,641.57263,511.35623,651.50555,514.0349,9.932922,2.6786804,10.287773
165,998.74866,164.8573,995.64404,164.54796,-3.1046143,-0.30934143,3.1199875
165,694.29645,159.54068,696.00195,159.5854,1.7055054,0.04472351,1.7060916
165,658.93195,323.49664,660.3328,321.5579,1.4008789,-1.9387512,2.3919067
165,516.70685,314.68,517.39923,314.1653,0.6923828,-0.51467896,0.8627215
165,882.2302,62.256977,887.949,63.69682,5.71875,1.4398422,5.897224
165,686.43164,213.2337,687.28864,213.2323,0.8569946,-0.0014038086,0.85699576
165,671.9752,209.88692,674.5215,210.0554,2.5462646,0.16848755,2.551833
165,793.5425,436.0776,791.56067,435.30902,-1.9818115,-0.7685852,2.1256294
165,12.409676,255.74628,13.47967,255.05032,1.069994,-0.69595337,1.2764162
165,391.31567,170.61739,390.90295,170.71622,-0.41271973,0.09883118,0.424388
165,676.44006,68.895935,675.7108,66.33869,-0.72924805,-2.5572433,2.659191
165,674.59485,572.3921,661.95404,572.821,-12.640808,0.42889404,12.648082
165,498.87424,339.26883,498.1594,338.9458,-0.71484375,-0.32302856,0.7844419
165,503.3028,205.71735,506.12485,205.93741,2.822052,0.22006226,2.830619
165,722.6697,130.93948,727.4533,129.12878,4.7836304,-1.8106995,5.1148562
165,784.7664,407.95175,780.373,408.90726,-4.3934326,0.9555054,4.496136
165,164.09843,167.87248,162.17535,167.85461,-1.9230804,-0.017868042,1.9231634
165,834.7734,164.73032,838.22565,165.2014,3.4522705,0.4710846,3.4842637
165,543.85223,442.4164,551.73425,442.69962,7.882019,0.28320312,7.887105
165,879.9441,370.57254,873.40314,362.58182,-6.5409546,-7.9907227,10.326458
165,747.8726,412.59567,753.9418,410.5777,6.069153,-2.0179749,6.3958454
165,479.3747,349.36133,482.92645,349.53992,3.5517578,0.17858887,3.5562449
165,248.09705,160.23846,247.63977,160.22505,-0.4572754,-0.013412476,0.45747206
166,652.09906,241.2417,653.5104,241.05,1.4113159,-0.19169617,1.4242753
166,463.4169,344.95544,467.43634,345.39938,4.0194397,0.4439392,4.0438814
166,472.4106,434.05197,476.38898,434.92145,3.978363,0.8694763,4.0722675
166,470.93304,324.6337,474.17227,325.16165,3.2392273,0.5279541,3.2819703
166,465.17014,368.27713,469.13486,368.71738,3.9647217,0.44024658,3.9890895
166,664.1857,291.48206,666.71783,291.73993,2.5321045,0.25787354,2.5452018
166,666.2175,362.045,671.2666,362.08603,5.0490723,0.041015625,5.049239
166,168.61252,167.45982,182.15762,167.71333,13.545105,0.25350952,13.547477
166,492.70453,239.22743,494.2819,239.9289,1.5773621,0.7014618,1.7263023
166,474.66217,444.88104,478.20688,445.82144,3.5447083,0.94039917,3.6673298
166,482.50525,359.71448,486.47693,360.8857,3.9716797,1.1712341,4.140776
166,388.62585,326.8692,391.09708,327.3293,2.471222,0.46011353,2.513691
166,479.5957,318.14056,482.72562,318.61456,3.1299133,0.47399902,3.1656015
166,54.823643,169.5225,54.53087,169.92722,-0.2927742,0.40470886,0.49950576
166,804.02203,248.45432,800.33356,248.58665,-3.6884766,0.13233948,3.6908498
166,956.1023,213.20792,961.93677,213.71777,5.8344727,0.5098572,5.8567076
166,423.3988,574.9775,423.08243,575.42633,-0.31637573,0.44885254,0.5491468
166,525.8502,284.76575,532.9319,282.3955,7.081665,-2.3702393,7.467798
166,489.32608,352.19095,495.3586,352.96326,6.0325317,0.77230835,6.0817676
166,437.8032,167.17456,435.31827,167.4542,-2.4849243,0.27963257,2.5006084
166,778.23706,161.86455,777.5058,162.14757,-0.7312622,0.28302002,0.7841204
166,873.4409,572.7494,859.1169,572.9858,-14.324036,0.23638916,14.325986
166,651.50555,514.0349,654.3377,515.9419,2.8321533,1.9069824,3.4143338
166,995.64404,164.54796,1003.9476,164.73055,8.303528,0.18258667,8.305535
166,696.00195,159.5854,695.52625,159.44556,-0.475708,-0.1398468,0.49583793
166,660.3328,321.5579,661.7146,319.79547,1.3817749,-1.7624207,2.2395153
166,517.39923,314.1653,520.38495,314.35336,2.9857178,0.18804932,2.991634
166,887.949,63.69682,893.4533,53.946728,5.5043335,-9.750092,11.196516
166,687.28864,213.2323,687.58,213.39536,0.29138184,0.16305542,0.33390185
166,674.5215,210.0554,675.4788,209.95844,0.9573364,-0.096969604,0.962235
166,791.56067,435.30902,793.24457,434.8763,1.6838989,-0.43270874,1.7386065
166,13.47967,255.05032,11.91405,255.72035,-1.5656195,0.6700287,1.7029687
166,390.90295,170.71622,388.26587,171.01161,-2.637085,0.2953949,2.6535778
166,675.7108,66.33869,678.72815,59.612564,3.017334,-6.7261276,7.3719125
166,661.95404,572.821,663.46185,573.0679,1.5078125,0.2468872,1.5278913
166,498.1594,338.9458,503.96875,339.52158,5.8093567,0.57577515,5.83782
166,506.12485,205.93741,508.14246,205.58768,2.0176086,-0.34973145,2.0476954
166,727.4533,129.12878,741.661,125.26326,14.207703,-3.8655243,14.724167
166,780.373,408.90726,781.646,403.76727,1.2730103,-5.139984,5.2952805
166,162.17535,167.85461,165.6167,167.98433,3.4413452,0.12971497,3.443789
166,838.22565,165.2014,838.6767,165.1652,0.4510498,-0.036193848,0.45249963
166,551.73425,442.69962,554.528,443.203,2.7937622,0.50338745,2.8387508
166,873.40314,362.58182,873.498,368.16757,0.09484863,5.5857544,5.58656
166,753.9418,410.5777,757.3572,407.5415,3.4154053,-3.0361938,4.5698433
166,482.92645,349.53992,486.80164,350.76035,3.875183,1.2204285,4.062818
166,247.63977,160.22505,238.6553,160.65797,-8.984467,0.43292236,8.994891
167,653.5104,241.05,655.07733,240.77133,1.5669556,-0.27867126,1.5915425
167,467.43634,345.39938,471.37134,345.85202,3.9349976,0.45263672,3.9609451
167,476.38898,434.92145,480.2106,435.848,3.8216248,0.9265442,3.9323401
167,474.17227,325.16165,477.6092,325.6525,3.4369202,0.49084473,3.4717932
167,469.13486,368.71738,473.1753,369.23062,4.040436,0.5132446,4.072903
167,666.71783,291.73993,669.2337,291.3403,2.5158691,-0.3996277,2.5474105
167,671.2666,362.08603,674.18115,362.06165,2.9145508,-0.024383545,2.9146526
167,182.15762,167.71333,185.87155,167.65451,3.7139282,-0.05882263,3.7143939
167,494.2819,239.9289,495.74045,240.21988,1.4585571,0.2909851,1.4873
167,478.20688,445.82144,481.753,446.72452,3.546112,0.9030762,3.6592975
167,486.47693,360.8857,489.8416,361.4823,3.364685,0.59658813,3.417166
167,391.09708,327.3293,393.96448,327.73264,2.8674011,0.4033203,2.8956273
167,482.72562,318.61456,486.08444,319.23685,3.3588257,0.62228394,3.4159842
167,54.53087,169.92722,54.9981,170.15385,0.46723175,0.2266388,0.51929826
167,800.33356,248.58665,793.8214,251.01344,-6.512146,2.4267883,6.9496293
167,961.93677,213.71777,961.8646,214.61826,-0.072143555,0.9004822,0.9033675
167,423.08243,575.42633,423.83176,575.7724,0.7493286,0.34606934,0.8253832
167,532.9319,282.3955,534.36444,282.3351,1.4325562,-0.060394287,1.4338287
167,495.3586,352.96326,498.52576,353.33942,3.1671448,0.37615967,3.1894045
167,435.31827,167.4542,447.2278,167.76776,11.909546,0.31356812,11.913673
167,777.5058,162.14757,767.6592,162.15868,-9.846619,0.011108398,9.846625
167,859.1169,572.9858,850.2755,573.5845,-8.84137,0.59869385,8.861617
167,654.3377,515.9419,651.15875,515.52905,-3.178955,-0.4128418,3.2056503
167,1003.9476,164.73055,1002.1523,164.50044,-1.7952881,-0.23010254,1.8099742
167,695.52625,159.44556,693.91724,159.76712,-1.6090088,0.32156372,1.6408268
167,661.7146,319.79547,664.68866,316.1771,2.97406,-3.6183777,4.6837687
167,520.38495,314.35336,523.7289,316.6908,3.343933,2.3374329,4.0798874
167,893.4533,53.946728,900.46466,63.273693,7.0113525,9.326965,11.66839
167,687.58,213.39536,694.85986,213.55075,7.279846,0.15539551,7.2815046
167,675.4788,209.95844,673.84735,210.16809,-1.6314697,0.20965576,1.6448858
167,793.24457,434.8763,793.0827,431.11853,-0.16186523,-3.757782,3.7612665
167,11.91405,255.72035,11.78483,255.40762,-0.12922001,-0.31272888,0.3383743
167,388.26587,171.01161,380.61942,171.11096,-7.646454,0.099349976,7.647099
167,678.72815,59.612564,680.8724,68.116974,2.144226,8.50441,8.770558
167,663.46185,573.0679,662.6406,573.28436,-0.821228,0.2164917,0.84928447
167,503.96875,339.52158,506.1349,340.86755,2.1661377,1.3459778,2.5502567
167,508.14246,205.58768,509.41635,206.24965,1.2738953,0.66197205,1.4356239
167,741.661,125.26326,732.58057,123.79474,-9.080444,-1.4685211,9.198425
167,781.646,403.76727,778.62244,406.1166,-3.0235596,2.3493347,3.8290057
167,165.6167,167.98433,169.31017,167.90218,3.6934662,-0.08215332,3.6943798
167,838.6767,165.1652,839.34143,165.42462,0.6647339,0.25941467,0.7135595
167,554.528,443.203,557.6515,443.5209,3.1234741,0.3179016,3.13961
167,873.498,368.16757,869.8265,362.1628,-3.6715088,-6.0047607,7.038262
167,757.3572,407.5415,763.60187,409.90015,6.24469,2.3586426,6.6752787
167,486.80164,350.76035,490.09445,351.43576,3.2928162,0.67541504,3.3613722
167,238.6553,160.65797,247.01982,160.64546,8.364517,-0.012512207,8.364527
168,655.07733,240.77133,656.62427,240.61642,1.546936,-0.15490723,1.5546728
168,471.37134,345.85202,474.99628,346.22974,3.624939,0.37771606,3.6445646
168,480.2106,435.848,484.06308,436.4137,3.852478,0.56570435,3.893791
168,477.6092,325.6525,481.07275,326.05,3.463562,0.39749146,3.4862962
168,473.1753,369.23062,476.99814,369.59232,3.8228455,0.36169434,3.839918
168,669.2337,291.3403,671.9199,291.33643,2.6862183,-0.0038757324,2.6862211
168,674.18115,362.06165,678.7405,361.68286,4.559326,-0.37878418,4.5750337
168,185.87155,167.65451,188.98183,167.93687,3.1102753,0.2823639,3.123066
168,495.74045,240.21988,497.48627,240.64864,1.7458191,0.4287567,1.7976975
168,481.753,446.72452,485.54913,447.21326,3.7961426,0.488739,3.827475
168,489.8416,361.4823,493.38254,361.94193,3.540924,0.45962524,3.5706298
168,393.96448,327.73264,396.45477,328.22702,2.4902954,0.49438477,2.538895
168,486.08444,319.23685,489.37396,319.6559,3.2895203,0.41906738,3.3161063
168,54.9981,170.15385,54.273262,169.94855,-0.72483826,-0.205307,0.7533535
168,793.8214,251.01344,790.4727,248.24054,-3.3486938,-2.7729034,4.3477287
168,961.8646,214.61826,961.7093,215.35118,-0.15533447,0.7329254,0.74920523
168,423.83176,575.7724,433.68103,575.9015,9.849274,0.12908936,9.85012
168,534.36444,282.3351,538.2845,284.23602,3.920044,1.9009094,4.3566275
168,498.52576,353.33942,501.40268,353.93546,2.8769226,0.5960388,2.9380174
168,447.2278,167.76776,444.51773,167.66945,-2.710083,-0.09831238,2.7118657
168,767.6592,162.15868,769.1629,162.30403,1.5037231,0.14535522,1.510732
168,850.2755,573.5845,854.45807,573.44324,4.182556,-0.14123535,4.18494
168,651.15875,515.52905,644.6857,514.4951,-6.4730225,-1.0339355,6.5550776
168,1002.1523,164.50044,1003.51794,164.9936,1.3656616,0.49316406,1.4519788
168,693.91724,159.76712,697.3642,159.76045,3.4469604,-0.006668091,3.446967
168,664.68866,316.1771,667.3996,316.36295,2.7109375,0.18585205,2.7173007
168,523.7289,316.6908,522.594,312.63583,-1.1348877,-4.054962,4.2107825
168,900.46466,63.273693,899.0133,63.52216,-1.451355,0.24846649,1.4724697
168,694.85986,213.55075,697.8172,213.28284,2.9573364,-0.26791382,2.9694471
168,673.84735,210.16809,674.5108,209.92566,0.66345215,-0.24243164,0.70635813
168,793.0827,431.11853,794.8756,433.70114,1.7929077,2.582611,3.1439462
168,11.78483,255.40762,12.270222,255.07068,0.48539162,-0.33694458,0.5908779
168,380.61942,171.11096,381.9305,170.93863,1.3110962,-0.17233276,1.3223736
168,680.8724,68.116974,681.43585,61.934612,0.56347656,-6.1823616,6.207987
168,662.6406,573.28436,657.7596,573.2335,-4.8810425,-0.050842285,4.881307
168,506.1349,340.86755,507.54858,341.6819,1.4136963,0.81433105,1.6314632
168,509.41635,206.24965,511.4562,206.2062,2.039856,-0.043441772,2.0403185
168,732.58057,123.79474,734.5002,122.595634,1.9196167,-1.1991043,2.2633557
168,778.62244,406.1166,777.1643,409.46503,-1.4581299,3.3484192,3.6521301
168,169.31017,167.90218,171.21222,168.58264,1.9020538,0.6804657,2.0201094
168,839.34143,165.42462,838.2275,165.40585,-1.1139526,-0.01876831,1.1141107
168,557.6515,443.5209,561.9986,443.75555,4.347107,0.23464966,4.3534355
168,869.8265,362.1628,869.18024,357.41254,-0.64624023,-4.7502747,4.794031
168,763.60187,409.90015,765.0005,411.6439,1.3986206,1.7437439,2.2353485
168,490.09445,351.43576,493.6327,351.94016,3.5382385,0.50439453,3.5740097
168,247.01982,160.64546,248.84071,160.76935,1.8208923,0.12388611,1.8251017
169,656.62427,240.61642,658.16766,240.39311,1.543396,-0.22331238,1.5594677
169,474.99628,346.22974,479.1524,346.4436,4.156128,0.21386719,4.161627
169,484.06308,436.4137,487.96585,436.85187,3.902771,0.4381714,3.9272912
169,481.07275,326.05,484.28607,326.48486,3.2133179,0.4348755,3.2426114
169,476.99814,369.59232,481.2377,369.80606,4.239563,0.21374512,4.244948
169,671.9199,291.33643,674.27594,290.8695,2.356018,-0.46691895,2.4018397
169,678.7405,361.68286,682.6834,361.46136,3.9429321,-0.22149658,3.9491487
169,188.98183,167.93687,189.22629,168.10335,0.24446106,0.16647339,0.29576105
169,497.48627,240.64864,499.17728,241.10031,1.6910095,0.45167542,1.7502925
169,485.54913,447.21326,489.71924,447.72052,4.170105,0.5072632,4.2008443
169,493.38254,361.94193,497.54517,362.31842,4.162628,0.37649536,4.17962
169,396.45477,328.22702,399.37338,328.55032,2.9186096,0.32330322,2.9364617
169,489.37396,319.6559,492.57294,320.27063,3.1989746,0.6147156,3.2575011
169,54.273262,169.94855,54.313408,170.30685,0.040145874,0.35830688,0.3605489
169,790.4727,248.24054,792.83966,247.61122,2.3669434,-0.62931824,2.4491758
169,961.7093,215.35118,955.8308,214.47379,-5.878479,-0.87739563,5.9435964
169,433.68103,575.9015,419.6191,576.1246,-14.06192,0.2230835,14.063689
169,538.2845,284.23602,540.7347,287.22632,2.4501953,2.9902954,3.8659182
169,501.40268,353.93546,502.98166,354.33295,1.5789795,0.39749146,1.6282431
169,444.51773,167.66945,442.56863,167.69147,-1.9490967,0.022018433,1.949221
169,769.1629,162.30403,772.77185,161.68394,3.6089478,-0.62008667,3.6618316
169,854.45807,573.44324,850.5518,573.92175,-3.90625,0.47851562,3.9354498
169,644.6857,514.4951,645.94464,524.34485,1.2589111,9.849731,9.929857
169,1003.51794,164.9936,1002.6835,164.7592,-0.83447266,-0.23440552,0.8667702
169,697.3642,159.76045,701.736,159.76741,4.371826,0.006958008,4.3718314
169,667.3996,316.36295,671.1735,315.96722,3.7739258,-0.39572144,3.794616
169,522.594,312.63583,528.31964,314.2671,5.725647,1.6312561,5.953489
169,899.0133,63.52216,892.9804,54.454273,-6.032898,-9.067886,10.891392
169,697.8172,213.28284,700.2028,213.72911,2.38562,0.4462738,2.427003
169,674.5108,209.92566,675.50995,210.13306,0.9991455,0.20739746,1.0204438
169,794.8756,433.70114,798.44275,432.1972,3.5671387,-1.5039368,3.8712149
169,12.270222,255.07068,11.219738,255.64215,-1.0504837,0.57147217,1.1958663
169,381.9305,170.93863,384.09506,171.05844,2.1645508,0.11981201,2.167864
169,681.43585,61.934612,676.5807,58.613644,-4.8551636,-3.3209686,5.8822994
169,657.7596,573.2335,665.74396,573.7067,7.984375,0.47320557,7.9983854
169,507.54858,341.6819,510.95004,342.36954,3.4014587,0.6876526,3.470272
169,511.4562,206.2062,513.59,205.87463,2.1338196,-0.3315735,2.1594274
169,734.5002,122.595634,736.7936,123.25721,2.293396,0.6615753,2.3869116
169,777.1643,409.46503,773.77155,408.65012,-3.3927612,-0.8149109,3.4892561
169,171.21222,168.58264,170.94804,168.72206,-0.26417542,0.13941956,0.298708
169,838.2275,165.40585,837.6423,165.5505,-0.5852051,0.14465332,0.602818
169,561.9986,443.75555,567.58075,444.01904,5.5821533,0.26348877,5.5883684
169,869.18024,357.41254,850.27704,351.4483,-18.903198,-5.9642334,19.821781
169,765.0005,411.6439,769.5958,411.13446,4.595337,-0.50942993,4.623488
169,493.6327,351.94016,497.77908,352.3273,4.146393,0.387146,4.1644273
169,248.84071,160.76935,245.7863,160.75009,-3.0544128,-0.019256592,3.0544736
170,658.16766,240.39311,659.23145,239.77345,1.0637817,-0.6196594,1.2311009
170,479.1524,346.4436,482.5989,346.92108,3.4465027,0.47747803,3.4794204
170,487.96585,436.85187,491.81165,437.65735,3.8457947,0.80548096,3.9292412
170,484.28607,326.48486,487.45352,327.1276,3.16745,0.6427307,3.232003
170,481.2377,369.80606,484.87018,370.24933,3.6324768,0.44326782,3.6594226
170,674.27594,290.8695,676.3133,289.89563,2.0373535,-0.97387695,2.2581508
170,682.6834,361.46136,686.4511,360.36874,3.7677002,-1.0926208,3.9229307
170,189.22629,168.10335,171.38513,167.71405,-17.841156,-0.3892975,17.845404
170,499.17728,241.10031,500.36176,241.32579,1.1844788,0.22547913,1.205749
170,489.71924,447.72052,494.08325,448.52396,4.3640137,0.8034363,4.4373555
170,497.54517,362.31842,501.42224,362.99036,3.8770752,0.67193604,3.9348712
170,399.37338,328.55032,401.58926,329.07858,2.2158813,0.5282593,2.277979
170,492.57294,320.27063,495.50778,320.9515,2.934845,0.6808777,3.012791
170,54.313408,170.30685,53.37198,170.60136,-0.94142914,0.2945099,0.9864203
170,792.83966,247.61122,794.4809,247.25844,1.6412354,-0.3527832,1.6787226
170,955.8308,214.47379,962.3805,214.90437,6.5496826,0.43058777,6.5638213
170,419.6191,576.1246,412.67166,576.02924,-6.9474487,-0.095336914,6.948103
170,540.7347,287.22632,547.8366,287.92126,7.1019287,0.6949463,7.1358495
170,502.98166,354.33295,506.42795,355.0816,3.446289,0.7486572,3.5266693
170,442.56863,167.69147,442.0396,167.58167,-0.5290222,-0.109802246,0.5402972
170,772.77185,161.68394,771.02026,162.13565,-1.7515869,0.45170593,1.8088933
170,850.5518,573.92175,842.56506,573.5213,-7.9867554,-0.40045166,7.9967885
170,645.94464,524.34485,643.41473,523.69525,-2.5299072,-0.64959717,2.6119738
170,1002.6835,164.7592,999.20447,164.90724,-3.479004,0.14804077,3.4821522
170,701.736,159.76741,701.3578,159.59773,-0.37823486,-0.16967773,0.41455054
170,671.1735,315.96722,673.03394,314.44147,1.8604126,-1.5257568,2.4060485
170,528.31964,314.2671,533.3019,314.537,4.982239,0.26989746,4.989544
170,892.9804,54.454273,884.8865,33.21039,-8.093933,-21.243885,22.733553
170,700.2028,213.72911,699.49664,213.57245,-0.70617676,-0.15666199,0.7233454
170,675.50995,210.13306,673.2652,210.0996,-2.244751,-0.033462524,2.2450004
170,798.44275,432.1972,803.6301,427.8016,5.187378,-4.3955994,6.7992783
170,11.219738,255.64215,11.665914,255.26166,0.44617558,-0.38049316,0.58638525
170,384.09506,171.05844,376.21677,171.0843,-7.878296,0.025863647,7.8783383
170,676.5807,58.613644,683.3355,57.90709,6.754822,-0.7065544,6.791674
170,665.74396,573.7067,665.065,573.41266,-0.6789551,-0.29406738,0.73990244
170,510.95004,342.36954,515.41486,343.10306,4.464813,0.7335205,4.524667
170,513.59,205.87463,511.9656,206.20241,-1.6244202,0.32777405,1.6571592
170,736.7936,123.25721,742.3829,127.82489,5.5892944,4.5676804,7.218304
170,773.77155,408.65012,778.4054,412.6168,4.63385,3.9666748,6.0997605
170,170.94804,168.72206,153.65054,168.4932,-17.2975,-0.22886658,17.299015
170,837.6423,165.5505,834.4556,165.33902,-3.1866455,-0.21148682,3.1936557
170,567.58075,444.01904,570.0814,444.28018,2.5006714,0.26113892,2.5142694
170,850.27704,351.4483,861.23926,354.3813,10.962219,2.9329834,11.347803
170,769.5958,411.13446,773.6745,415.47522,4.0786743,4.3407593,5.956322
170,497.77908,352.3273,501.40643,352.9148,3.6273499,0.5874939,3.6746178
170,245.7863,160.75009,255.36821,160.8929,9.581909,0.142807,9.5829735
171,659.23145,239.77345,660.21234,239.39433,0.980896,-0.37911987,1.0516125
171,482.5989,346.92108,486.00986,347.2725,3.4109497,0.3514099,3.4290037
171,491.81165,437.65735,495.58804,438.42523,3.7763977,0.7678833,3.8536768
171,487.45352,327.1276,490.3218,327.9513,2.8682861,0.82369995,2.9842165
171,484.87018,370.24933,488.49063,370.6192,3.620453,0.36987305,3.6392975
171,676.3133,289.89563,678.126,289.95142,1.8126831,0.055786133,1.8135413
171,686.4511,360.36874,689.39716,359.77386,2.946045,-0.59487915,3.0055053
171,171.38513,167.71405,174.48987,167.81778,3.1047363,0.10372925,3.1064687
171,500.36176,241.32579,501.33682,241.54529,0.97506714,0.21949768,0.99946743
171,494.08325,448.52396,498.27664,449.3319,4.19339,0.8079529,4.270516
171,501.42224,362.99036,505.43616,363.65936,4.013916,0.66900635,4.0692863
171,401.58926,329.07858,403.8054,329.63892,2.2161255,0.56033325,2.2858665
171,495.50778,320.9515,498.39163,321.94873,2.88385,0.9972229,3.0514004
171,53.37198,170.60136,53.0408,170.27858,-0.33118057,-0.32278442,0.46246117
171,794.4809,247.25844,794.92126,247.29579,0.44036865,0.037353516,0.44195002
171,962.3805,214.90437,963.2652,215.69308,0.8847046,0.78871155,1.1852292
171,412.67166,576.02924,427.3482,576.2196,14.676544,0.19036865,14.677779
171,547.8366,287.92126,552.42993,287.76962,4.5933228,-0.15164185,4.595825
171,506.42795,355.0816,510.1182,355.73517,3.6902466,0.65356445,3.747675
171,442.0396,167.58167,441.8939,167.60722,-0.14572144,0.025558472,0.14794584
171,771.02026,162.13565,769.51483,161.97017,-1.5054321,-0.16548157,1.5144999
171,842.56506,573.5213,841.82,573.69775,-0.74505615,0.17645264,0.7656659
171,643.41473,523.69525,639.9274,522.3843,-3.4873047,-1.3109741,3.7255802
171,999.20447,164.90724,1000.49915,165.36942,1.2946777,0.46217346,1.374698
171,701.3578,159.59773,696.9067,159.87854,-4.451111,0.2808075,4.45996
171,673.03394,314.44147,674.5379,311.6732,1.5039673,-2.76828,3.150443
171,533.3019,314.537,539.19403,315.51978,5.892151,0.9827881,5.9735513
171,884.8865,33.21039,885.44586,47.45995,0.5593872,14.249561,14.260537
171,699.49664,213.57245,699.6725,213.33855,0.17584229,-0.23390198,0.29262713
171,673.2652,210.0996,672.4437,210.01712,-0.82147217,-0.082473755,0.8256019
171,803.6301,427.8016,803.65576,427.94867,0.025634766,0.14706421,0.1492817
171,11.665914,255.26166,11.55969,255.38264,-0.10622311,0.12098694,0.16100058
171,376.21677,171.0843,378.00778,170.80927,1.7910156,-0.27503967,1.812011
171,683.3355,57.90709,675.1658,61.70282,-8.169739,3.7957306,9.008451
171,665.065,573.41266,665.8687,573.64044,0.80371094,0.2277832,0.8353661
171,515.41486,343.10306,518.49695,344.72736,3.0820923,1.6242981,3.4839113
171,511.9656,206.20241,513.7046,206.66107,1.7389832,0.45866394,1.7984536
171,742.3829,127.82489,743.54016,127.14183,1.1572876,-0.6830597,1.3438323
171,778.4054,412.6168,785.29114,412.08417,6.885742,-0.5326233,6.906311
171,153.65054,168.4932,154.95073,168.41194,1.3001862,-0.08125305,1.3027226
171,834.4556,165.33902,840.9304,165.41113,6.4747925,0.07211304,6.475194
171,570.0814,444.28018,570.001,444.53262,-0.080444336,0.2524414,0.26494896
171,861.23926,354.3813,859.1065,357.20502,-2.1327515,2.8237305,3.5386555
171,773.6745,415.47522,782.2795,417.63324,8.60498,2.15802,8.871457
171,501.40643,352.9148,505.05994,353.62033,3.6535034,0.7055359,3.7210035
171,255.36821,160.8929,258.4491,161.17957,3.0808868,0.28666687,3.094195
172,660.21234,239.39433,660.7073,238.93701,0.49493408,-0.45732117,0.6738712
172,486.00986,347.2725,488.52402,347.86496,2.5141602,0.59246826,2.5830252
172,495.58804,438.42523,499.4639,439.29645,3.8758545,0.8712158,3.972564
172,490.3218,327.9513,492.82138,328.58023,2.4995728,0.62893677,2.5774841
172,488.49063,370.6192,490.9725,371.19983,2.4818726,0.58062744,2.5488858
172,678.126,289.95142,679.8626,289.30136,1.7366333,-0.65005493,1.8543103
172,689.39716,359.77386,691.969,358.70898,2.5718384,-1.0648804,2.783581
172,174.48987,167.81778,177.1817,167.8166,2.6918335,-0.0011749268,2.6918337
172,501.33682,241.54529,502.20688,241.8887,0.87005615,0.3434143,0.93537754
172,498.27664,449.3319,501.74924,450.1047,3.4725952,0.77279663,3.557546
172,505.43616,363.65936,509.35663,364.2457,3.9204712,0.5863342,3.964074
172,403.8054,329.63892,405.52478,330.33633,1.7193909,0.6974182,1.8554507
172,498.39163,321.94873,501.0403,322.6757,2.6486816,0.7269592,2.7466314
172,53.0408,170.27858,52.704815,170.47963,-0.33598328,0.2010498,0.39154282
172,794.92126,247.29579,789.4353,245.25664,-5.485962,-2.039154,5.8526855
172,963.2652,215.69308,962.3031,214.82214,-0.96209717,-0.87094116,1.2977556
172,427.3482,576.2196,423.66226,576.1152,-3.6859436,-0.10443115,3.6874228
172,552.42993,287.76962,548.7408,288.02533,-3.689148,0.2557068,3.6979992
172,510.1182,355.73517,511.29166,356.22977,1.1734619,0.4945984,1.2734364
172,441.8939,167.60722,443.38,167.68912,1.4861145,0.08189392,1.4883692
172,769.51483,161.97017,768.305,161.89519,-1.2098389,-0.07498169,1.2121602
172,841.82,573.69775,845.21063,573.9731,3.390625,0.2753296,3.4017854
172,639.9274,522.3843,643.13776,527.17346,3.2103271,4.7891846,5.76563
172,1000.49915,165.36942,998.3662,165.02353,-2.1329346,-0.34588623,2.1607978
172,696.9067,159.87854,702.251,159.85246,5.3442993,-0.02607727,5.344363
172,674.5379,311.6732,677.4786,312.0476,2.9406738,0.37442017,2.9644144
172,539.19403,315.51978,538.25287,316.42487,-0.9411621,0.90509033,1.3057468
172,885.44586,47.45995,883.63684,37.399563,-1.809021,-10.060387,10.221739
172,699.6725,213.33855,703.6799,213.38576,4.0073853,0.047210693,4.0076637
172,672.4437,210.01712,671.76776,209.94426,-0.67596436,-0.07286072,0.6798798
172,803.65576,427.94867,812.4549,435.48462,8.799133,7.5359497,11.585132
172,11.55969,255.38264,10.853924,255.4361,-0.7057667,0.053451538,0.7077879
172,378.00778,170.80927,379.28928,171.16939,1.2814941,0.36012268,1.3311331
172,675.1658,61.70282,678.94476,64.50903,3.7789917,2.8062134,4.7069745
172,665.8687,573.64044,665.25934,573.6649,-0.609375,0.024475098,0.6098663
172,518.49695,344.72736,520.20044,345.32938,1.7034912,0.60202026,1.8067404
172,513.7046,206.66107,515.7197,206.34808,2.0151367,-0.31298828,2.0392983
172,743.54016,127.14183,740.273,127.193436,-3.2671509,0.051605225,3.2675583
172,785.29114,412.08417,792.61914,420.883,7.328003,8.798828,11.450721
172,154.95073,168.41194,159.54927,168.48447,4.5985413,0.072525024,4.599113
172,840.9304,165.41113,843.92773,165.23671,2.9973145,-0.17442322,3.0023854
172,570.001,444.53262,570.19495,444.9381,0.19396973,0.40548706,0.44949305
172,859.1065,357.20502,847.44696,344.73108,-11.659546,-12.473938,17.074663
172,782.2795,417.63324,789.22534,426.24738,6.945862,8.614136,11.065638
172,505.05994,353.62033,510.16632,354.20178,5.1063843,0.5814514,5.139382
172,258.4491,161.17957,255.40277,161.02983,-3.0463257,-0.1497345,3.0500033
173,660.7073,238.93701,661.4925,238.51468,0.7852173,-0.42233276,0.8915891
173,488.52402,347.86496,490.94208,348.58524,2.4180603,0.7202759,2.5230563
173,499.4639,439.29645,503.3464,439.92694,3.8825073,0.63049316,3.9333682
173,492.82138,328.58023,495.40085,329.38318,2.5794678,0.802948,2.7015512
173,490.9725,371.19983,493.8106,371.8318,2.8381042,0.631958,2.9076118
173,679.8626,289.30136,682.6537,289.72244,2.7910767,0.42108154,2.8226616
173,691.969,358.70898,695.70166,358.51282,3.732666,-0.19616699,3.7378173
173,177.1817,167.8166,167.57957,167.72829,-9.602127,-0.08831787,9.602533
173,502.20688,241.8887,503.16565,242.45752,0.95877075,0.56881714,1.1148069
173,501.74924,450.1047,505.4727,450.7153,3.7234497,0.6105957,3.7731824
173,509.35663,364.2457,513.2318,364.93732,3.875183,0.6916199,3.9364173
173,405.52478,330.33633,408.1224,330.83606,2.5976257,0.49972534,2.645257
173,501.0403,322.6757,503.56314,323.43436,2.5228271,0.758667,2.634432
173,52.704815,170.47963,51.95552,170.38031,-0.7492943,-0.09931946,0.755848
173,789.4353,245.25664,793.5141,246.95238,4.0787964,1.6957397,4.4172516
173,962.3031,214.82214,962.29425,215.3136,-0.008850098,0.49145508,0.49153474
173,423.66226,576.1152,485.15417,575.647,61.491913,-0.46820068,61.493694
173,548.7408,288.02533,552.1586,283.05145,3.4178467,-4.973877,6.0349917
173,511.29166,356.22977,515.2894,357.02106,3.9977722,0.7912903,4.0753307
173,443.38,167.68912,445.3245,167.3735,1.9444885,-0.3156128,1.9699358
173,768.305,161.89519,772.1568,162.2167,3.8518066,0.32151794,3.8652022
173,845.21063,573.9731,838.54663,574.2852,-6.6640015,0.3121338,6.6713076
173,643.13776,527.17346,641.69586,528.7039,-1.4418945,1.5304565,2.1027024
173,998.3662,165.02353,999.3944,165.69766,1.0281982,0.6741333,1.2294906
173,702.251,159.85246,696.5789,159.66055,-5.672058,-0.19190979,5.675304
173,677.4786,312.0476,679.89185,311.29898,2.413269,-0.7486267,2.526719
173,538.25287,316.42487,540.51575,316.3753,2.2628784,-0.049560547,2.263421
173,883.63684,37.399563,882.94165,41.108253,-0.6951904,3.7086906,3.7732844
173,703.6799,213.38576,703.5939,213.64581,-0.085998535,0.26005554,0.27390626
173,671.76776,209.94426,672.72095,209.96703,0.95318604,0.022766113,0.9534579
173,812.4549,435.48462,813.24493,442.3913,0.79003906,6.9066772,6.9517155
173,10.853924,255.4361,10.402728,255.6356,-0.45119572,0.19950867,0.4933369
173,379.28928,171.16939,379.28244,171.11613,-0.0068359375,-0.053253174,0.053690135
173,678.94476,64.50903,672.60547,65.544235,-6.3392944,1.035202,6.423262
173,665.25934,573.6649,666.61017,573.8137,1.3508301,0.14880371,1.3590013
173,520.20044,345.32938,523.74054,346.10495,3.5401,0.77557373,3.6240618
173,515.7197,206.34808,519.912,206.2837,4.1922607,-0.06437683,4.192755
173,740.273,127.193436,747.4586,124.821556,7.185608,-2.3718796,7.5669527
173,792.61914,420.883,793.2066,423.46872,0.5874634,2.5857239,2.6516187
173,159.54927,168.48447,145.30089,168.3334,-14.248383,-0.15106201,14.249184
173,843.92773,165.23671,844.4342,165.03864,0.5064697,-0.19807434,0.54382443
173,570.19495,444.9381,567.7944,445.49014,-2.4005737,0.5520325,2.4632285
173,847.44696,344.73108,843.5758,342.47464,-3.8711548,-2.2564392,4.4807763
173,789.22534,426.24738,793.49664,429.80167,4.2713013,3.5542908,5.5567074
173,510.16632,354.20178,513.8956,354.8684,3.729309,0.666626,3.7884214
173,255.40277,161.02983,256.34442,160.87328,0.9416504,-0.15655518,0.95457584
174,661.4925,238.51468,662.51825,238.3139,1.0257568,-0.20077515,1.0452213
174,490.94208,348.58524,493.20544,349.40088,2.2633667,0.8156433,2.4058478
174,503.3464,439.92694,507.60867,440.67715,4.262268,0.7502136,4.327788
174,495.40085,329.38318,497.81476,330.0437,2.41391,0.66052246,2.5026488
174,493.8106,371.8318,496.25366,372.75952,2.4430542,0.9277344,2.6132748
174,682.6537,289.72244,684.4306,289.4479,1.7769165,-0.27453613,1.7979995
174,695.70166,358.51282,698.17554,358.05865,2.473877,-0.4541626,2.5152197
174,167.57957,167.72829,170.20892,167.9408,2.6293488,0.21250916,2.6379225
174,503.16565,242.45752,504.033,242.89557,0.8673401,0.43804932,0.9716821
174,505.4727,450.7153,509.60516,451.52826,4.132477,0.81295776,4.211682
174,513.2318,364.93732,517.65344,365.71472,4.421631,0.7774048,4.489452
174,408.1224,330.83606,409.96655,331.62088,1.8441467,0.78482056,2.0042007
174,503.56314,323.43436,506.02573,324.18613,2.4625854,0.75177,2.5747788
174,51.95552,170.38031,52.202133,170.47733,0.24661255,0.09701538,0.26500893
174,793.5141,246.95238,790.9841,244.3784,-2.5300293,-2.5739746,3.6092095
174,962.29425,215.3136,960.25385,214.0665,-2.0404053,-1.2471008,2.3913414
174,485.15417,575.647,479.8044,575.987,-5.349762,0.34002686,5.360557
174,552.1586,283.05145,563.2447,285.36676,11.08606,2.3153076,11.3252535
174,515.2894,357.02106,520.2987,357.7447,5.0092773,0.7236328,5.061275
174,445.3245,167.3735,445.63837,167.63724,0.3138733,0.2637329,0.40996522
174,772.1568,162.2167,760.3337,162.14096,-11.82312,-0.07574463,11.823362
174,838.54663,574.2852,834.17535,574.1866,-4.371277,-0.09863281,4.3723893
174,641.69586,528.7039,639.21045,526.24774,-2.4854126,-2.4561768,3.4942925
174,999.3944,165.69766,1000.66986,165.18532,1.2754517,-0.51234436,1.3745085
174,696.5789,159.66055,707.55524,159.50246,10.976318,-0.15809631,10.977457
174,679.89185,311.29898,682.854,310.924,2.9621582,-0.37496948,2.985797
174,540.51575,316.3753,547.63184,316.61337,7.116089,0.23806763,7.12007
174,882.94165,41.108253,888.8004,33.94099,5.8587646,-7.167263,9.257148
174,703.5939,213.64581,699.7163,214.0392,-3.8775635,0.39338684,3.8974674
174,672.72095,209.96703,670.5873,210.03406,-2.133667,0.06703186,2.1347196
174,813.24493,442.3913,819.3283,440.48123,6.083374,-1.9100647,6.3761888
174,10.402728,255.6356,10.34299,255.69446,-0.05973816,0.05885315,0.083859056
174,379.28244,171.11613,381.85132,171.49829,2.5688782,0.38215637,2.5971482
174,672.60547,65.544235,682.8372,72.300316,10.2317505,6.7560806,12.26105
174,666.61017,573.8137,662.3652,573.9664,-4.244995,0.15264893,4.247739
174,523.74054,346.10495,529.75586,346.56284,6.01532,0.45788574,6.032722
174,519.912,206.2837,523.70105,207.01309,3.7890625,0.7293854,3.8586264
174,747.4586,124.821556,728.2152,123.22876,-19.243408,-1.5927963,19.309214
174,793.2066,423.46872,799.13727,424.16104,5.930664,0.6923218,5.970937
174,145.30089,168.3334,147.36012,168.66777,2.0592346,0.33436584,2.086204
174,844.4342,165.03864,841.6382,165.362,-2.7960205,0.32336426,2.8146572
174,567.7944,445.49014,570.8574,445.9041,3.0630493,0.41397095,3.0908968
174,843.5758,342.47464,841.41675,344.3284,-2.1590576,1.8537598,2.8456907
174,793.49664,429.80167,799.72906,428.63785,6.232422,-1.1638184,6.340154
174,513.8956,354.8684,518.6355,355.56665,4.739868,0.6982422,4.791022
174,256.34442,160.87328,251.673,161.41582,-4.671417,0.5425415,4.7028174
175,662.51825,238.3139,663.0833,237.86078,0.5650635,-0.453125,0.72430587
175,493.20544,349.40088,495.26117,350.25323,2.055725,0.85235596,2.225425
175,507.60867,440.67715,511.83688,441.6871,4.2282104,1.0099487,4.3471556
175,497.81476,330.0437,500.34665,330.78403,2.5318909,0.7403259,2.637907
175,496.25366,372.75952,498.63123,373.31897,2.3775635,0.55944824,2.4424968
175,684.4306,289.4479,686.4218,288.92923,1.9912109,-0.51867676,2.0576556
175,698.17554,358.05865,701.0043,357.48782,2.8287354,-0.5708313,2.8857567
175,170.20892,167.9408,170.62408,167.79881,0.41516113,-0.14198303,0.43876868
175,504.033,242.89557,504.83,243.38982,0.7969971,0.49424744,0.9378085
175,509.60516,451.52826,513.7178,452.5734,4.11261,1.0451355,4.243332
175,517.65344,365.71472,521.92505,366.61002,4.2716064,0.8952942,4.3644214
175,409.96655,331.62088,412.67773,332.30322,2.7111816,0.6823425,2.7957284
175,506.02573,324.18613,508.5149,324.85785,2.4891663,0.6717224,2.5782087
175,52.202133,170.47733,51.856224,170.76485,-0.34590912,0.28752136,0.4498018
175,790.9841,244.3784,795.7322,245.93501,4.748108,1.5566101,4.996755
175,960.25385,214.0665,956.2061,213.16742,-4.0477295,-0.89907837,4.1463785
175,479.8044,575.987,482.78104,576.31,2.9766235,0.32299805,2.9940968
175,563.2447,285.36676,560.57916,282.61264,-2.6655273,-2.7541199,3.8327813
175,520.2987,357.7447,523.98773,358.3994,3.6890259,0.6547241,3.7466753
175,445.63837,167.63724,443.38535,167.826,-2.2530212,0.18876648,2.260915
175,760.3337,162.14096,776.6374,161.8933,16.30371,-0.2476654,16.305592
175,834.17535,574.1866,834.4569,574.5453,0.28155518,0.3587036,0.45600614
175,639.21045,526.24774,635.8581,529.7545,-3.352356,3.506775,4.851367
175,1000.66986,165.18532,999.6893,165.03867,-0.9805908,-0.14665222,0.99149644
175,707.55524,159.50246,704.4174,159.65924,-3.1378174,0.15678406,3.1417317
175,682.854,310.924,683.7746,309.79517,0.92059326,-1.1288452,1.4566343
175,547.63184,316.61337,549.8638,315.63693,2.2319336,-0.9764404,2.436178
175,888.8004,33.94099,892.43506,33.92259,3.6346436,-0.0184021,3.6346903
175,699.7163,214.0392,698.76874,213.76999,-0.9475708,-0.26921082,0.985071
175,670.5873,210.03406,670.6381,210.33559,0.050842285,0.30152893,0.30578527
175,819.3283,440.48123,823.2883,440.79633,3.960022,0.315094,3.972538
175,10.34299,255.69446,9.734482,255.89096,-0.6085081,0.19650269,0.6394493
175,381.85132,171.49829,374.97974,171.54906,-6.871582,0.05076599,6.8717694
175,682.8372,72.300316,672.1795,70.41697,-10.657715,-1.8833466,10.822841
175,662.3652,573.9664,665.5249,574.2816,3.159729,0.31524658,3.1754162
175,529.75586,346.56284,533.08594,347.1436,3.3300781,0.5807495,3.3803387
175,523.70105,207.01309,519.05084,207.14417,-4.6502075,0.131073,4.6520543
175,728.2152,123.22876,723.4117,122.940956,-4.803528,-0.28780365,4.812142
175,799.13727,424.16104,799.0724,423.13477,-0.06488037,-1.0262756,1.0283245
175,147.36012,168.66777,147.92212,168.72153,0.56199646,0.053756714,0.5645616
175,841.6382,165.362,832.71796,165.19176,-8.920227,-0.17024231,8.921851
175,570.8574,445.9041,576.1673,446.33374,5.3098755,0.42962646,5.327228
175,841.41675,344.3284,846.77075,353.92688,5.354004,9.59848,10.990731
175,799.72906,428.63785,803.7843,433.83087,4.055237,5.1930237,6.588812
175,518.6355,355.56665,522.32635,356.38812,3.690857,0.82147217,3.7811692
175,251.673,161.41582,249.6224,161.13028,-2.0505981,-0.28553772,2.0703828
176,663.0833,237.86078,664.04224,237.70265,0.95892334,-0.15812683,0.97187346
176,495.26117,350.25323,497.5384,351.01523,2.2772217,0.7619934,2.4013274
176,511.83688,441.6871,516.1338,442.59137,4.2969055,0.90426636,4.3910246
176,500.34665,330.78403,502.74945,331.4856,2.4028015,0.7015686,2.5031288
176,498.63123,373.31897,501.01627,373.9565,2.3850403,0.6375427,2.4687805
176,686.4218,288.92923,688.3628,288.92343,1.940979,-0.00579834,1.9409877
176,701.0043,357.48782,705.7289,356.92795,4.7246094,-0.5598755,4.757667
176,170.62408,167.79881,170.35594,168.00984,-0.2681427,0.21102905,0.34122393
176,504.83,243.38982,505.90652,243.97333,1.0765381,0.58351135,1.2245079
176,513.7178,452.5734,517.8176,453.39487,4.0998535,0.82147217,4.181341
176,521.92505,366.61002,525.88806,367.08005,3.9630127,0.47003174,3.9907894
176,412.67773,332.30322,414.8673,332.98752,2.1895752,0.68429565,2.294014
176,508.5149,324.85785,510.96228,325.59296,2.4473877,0.7351074,2.555404
176,51.856224,170.76485,51.444756,171.00078,-0.4114685,0.2359314,0.47430998
176,795.7322,245.93501,802.44617,238.87576,6.7139893,-7.05925,9.74221
176,956.2061,213.16742,955.9732,214.05502,-0.23291016,0.88760376,0.9176533
176,482.78104,576.31,507.33456,576.4701,24.553528,0.16009521,24.55405
176,560.57916,282.61264,557.3844,285.5417,-3.1947632,2.9290466,4.334262
176,523.98773,358.3994,527.66345,358.78564,3.6757202,0.38623047,3.6959562
176,443.38535,167.826,442.83673,168.03456,-0.5486145,0.20855713,0.586919
176,776.6374,161.8933,769.5962,162.28513,-7.0411987,0.39183044,7.0520926
176,834.4569,574.5453,832.1086,574.9304,-2.3483276,0.38513184,2.3796995
176,635.8581,529.7545,632.9498,531.412,-2.9082642,1.6574707,3.3474183
176,999.6893,165.03867,1002.82196,165.24841,3.1326904,0.20974731,3.1397042
176,704.4174,159.65924,713.6153,159.4618,9.197876,-0.19743347,9.199995
176,683.7746,309.79517,685.1844,310.38736,1.40979,0.5921936,1.5291178
176,549.8638,315.63693,556.4241,316.5279,6.5603027,0.8909607,6.6205273
176,892.43506,33.92259,880.3055,13.984844,-12.129578,-19.937744,23.337528
176,698.76874,213.76999,699.0158,214.16846,0.24707031,0.39846802,0.4688502
176,670.6381,210.33559,671.18787,210.43555,0.54974365,0.09996033,0.55875766
176,823.2883,440.79633,837.2341,433.6663,13.94574,-7.1300354,15.662728
176,9.734482,255.89096,11.688604,254.41339,1.9541225,-1.4775696,2.4498584
176,374.97974,171.54906,375.41492,171.5657,0.43518066,0.016647339,0.43549895
176,672.1795,70.41697,663.8884,69.65996,-8.291077,-0.7570114,8.325564
176,665.5249,574.2816,671.60583,574.6029,6.0809326,0.32128906,6.089414
176,533.08594,347.1436,537.89746,348.10452,4.8115234,0.9609375,4.9065423
176,519.05084,207.14417,528.48737,207.36035,9.436523,0.21618652,9.438999
176,723.4117,122.940956,719.5555,125.85306,-3.8562012,2.9121017,4.832248
176,799.0724,423.13477,802.89557,416.12265,3.8231812,-7.0121155,7.986644
176,147.92212,168.72153,147.16185,169.08469,-0.76026917,0.36315918,0.84255195
176,832.71796,165.19176,831.6657,165.37541,-1.0522461,0.18365479,1.068153
176,576.1673,446.33374,580.69147,446.6218,4.52417,0.28805542,4.533331
176,846.77075,353.92688,847.4736,347.8349,0.7028198,-6.09198,6.1323876
176,803.7843,433.83087,800.91095,441.07245,-2.873352,7.241577,7.790802
176,522.32635,356.38812,526.2486,356.86795,3.9222412,0.47982788,3.951482
176,249.6224,161.13028,260.2833,161.56776,10.660889,0.43748474,10.669861
177,664.04224,237.70265,664.99506,237.4184,0.9528198,-0.28425598,0.9943174
177,497.5384,351.01523,499.71887,351.57846,2.180481,0.5632324,2.2520497
177,516.1338,442.59137,519.928,443.03036,3.7941895,0.43899536,3.8195014
177,502.74945,331.4856,505.09613,331.98654,2.3466797,0.50094604,2.3995526
177,501.01627,373.9565,503.62323,374.48334,2.606964,0.52682495,2.6596627
177,688.3628,288.92343,690.52386,288.9377,2.1610718,0.014282227,2.161119
177,705.7289,356.92795,710.1426,356.26624,4.4136963,-0.66171265,4.4630237
177,170.35594,168.00984,169.7998,168.39946,-0.5561371,0.38961792,0.6790365
177,505.90652,243.97333,506.96683,244.55344,1.0603027,0.58010864,1.2086223
177,517.8176,453.39487,521.5375,453.76822,3.7198486,0.37335205,3.7385378
177,525.88806,367.08005,529.6368,367.76358,3.7487183,0.6835327,3.8105257
177,414.8673,332.98752,417.5998,333.38916,2.732483,0.40164185,2.7618434
177,510.96228,325.59296,513.1987,326.086,2.2364502,0.493042,2.2901528
177,51.444756,171.00078,51.041126,171.38754,-0.4036293,0.38676453,0.55902004
177,802.44617,238.87576,795.5736,234.58055,-6.8725586,-4.295212,8.104376
177,955.9732,214.05502,956.00574,214.58716,0.03253174,0.532135,0.5331285
177,507.33456,576.4701,498.42184,576.8833,-8.91272,0.413208,8.922293
177,557.3844,285.5417,562.3124,282.7947,4.9279785,-2.7469788,5.641885
177,527.66345,358.78564,531.5759,359.52444,3.9124756,0.73880005,3.9816191
177,442.83673,168.03456,441.0896,168.17877,-1.7471313,0.14421082,1.753073
177,769.5962,162.28513,766.3658,162.4389,-3.2304077,0.15377808,3.2340658
177,832.1086,574.9304,828.39624,575.22437,-3.7123413,0.2939453,3.7239604
177,632.9498,531.412,639.97797,525.69147,7.028137,-5.72052,9.061957
177,1002.82196,165.24841,1002.3788,165.02284,-0.44317627,-0.22557068,0.49727994
177,713.6153,159.4618,709.3392,160.27759,-4.276123,0.81578064,4.3532434
177,685.1844,310.38736,687.84705,309.71234,2.6626587,-0.6750183,2.7468894
177,556.4241,316.5279,557.9473,314.22498,1.5232544,-2.3029175,2.7611108
177,880.3055,13.984844,872.5781,11.354649,-7.727356,-2.6301956,8.162718
177,699.0158,214.16846,690.1328,214.4166,-8.882996,0.24813843,8.88646
177,671.18787,210.43555,669.9441,210.99251,-1.2437744,0.55696106,1.362784
177,837.2341,433.6663,830.53174,425.52655,-6.7023315,-8.13974,10.544032
177,11.688604,254.41339,10.676031,254.66946,-1.0125732,0.256073,1.044451
177,375.41492,171.5657,376.40857,171.97803,0.99365234,0.412323,1.0758045
177,663.8884,69.65996,660.4597,74.08927,-3.428711,4.4293137,5.6013284
177,671.60583,574.6029,669.1958,574.8514,-2.4100342,0.24847412,2.4228091
177,537.89746,348.10452,541.2172,348.26294,3.3197632,0.15841675,3.3235407
177,528.48737,207.36035,526.59595,207.85364,-1.8914185,0.49328613,1.9546854
177,719.5555,125.85306,717.5991,128.05167,-1.9563599,2.1986084,2.9429955
177,802.89557,416.12265,812.14484,413.27792,9.249268,-2.8447266,9.676849
177,147.16185,169.08469,139.19893,169.49402,-7.962921,0.40933228,7.973435
177,831.6657,165.37541,831.8722,165.27338,0.20648193,-0.10203552,0.23031725
177,580.69147,446.6218,583.3216,446.938,2.630127,0.31619263,2.649065
177,847.4736,347.8349,847.4379,338.76523,-0.03564453,-9.069672,9.069742
177,800.91095,441.07245,805.92145,439.8054,5.010498,-1.2670593,5.1682234
177,526.2486,356.86795,530.0473,357.63486,3.798706,0.76690674,3.875347
177,260.2833,161.56776,261.43567,161.76234,1.1523743,0.19458008,1.1686864
178,664.99506,237.4184,666.4506,237.13042,1.4555664,-0.28797913,1.4837809
178,499.71887,351.57846,502.10162,351.91772,2.3827515,0.33926392,2.406783
178,519.928,443.03036,523.80096,443.44437,3.8729858,0.41400146,3.8950503
178,505.09613,331.98654,507.50452,332.3182,2.4083862,0.33166504,2.431116
178,503.62323,374.48334,506.13947,374.68845,2.5162354,0.20510864,2.5245812
178,690.52386,288.9377,692.57043,288.68314,2.0465698,-0.25457764,2.062343
178,710.1426,356.26624,712.92914,355.5721,2.78656,-0.6941223,2.8717108
178,169.7998,168.39946,175.50882,168.52382,5.709015,0.12435913,5.710369
178,506.96683,244.55344,508.4467,244.74799,1.4798584,0.19454956,1.4925919
178,521.5375,453.76822,525.4437,454.20728,3.90625,0.4390564,3.9308472
178,529.6368,367.76358,533.837,368.3271,4.2001953,0.5635071,4.237828
178,417.5998,333.38916,420.1204,333.62057,2.5205994,0.2314148,2.5312002
178,513.1987,326.086,515.65625,326.4437,2.4575195,0.35769653,2.483415
178,51.041126,171.38754,50.845814,171.34727,-0.1953125,-0.040267944,0.19942036
178,795.5736,234.58055,803.8262,239.19307,8.252563,4.6125183,9.454106
178,956.00574,214.58716,956.6962,214.53313,0.6904907,-0.054031372,0.6926015
178,498.42184,576.8833,529.57086,577.01776,31.149017,0.13446045,31.149307
178,562.3124,282.7947,564.2978,282.8753,1.9854126,0.080596924,1.9870479
178,531.5759,359.52444,535.4479,359.99933,3.8719482,0.47488403,3.9009612
178,441.0896,168.17877,440.77698,168.35829,-0.31262207,0.17951965,0.36049947
178,766.3658,162.4389,764.60455,162.58588,-1.7612305,0.14697266,1.7673522
178,828.39624,575.22437,830.3973,575.69214,2.0010376,0.46777344,2.054985
178,639.97797,525.69147,642.0921,523.79663,2.1141357,-1.8948364,2.8390095
178,1002.3788,165.02284,1004.8659,164.9821,2.4871216,-0.040740967,2.4874554
178,709.3392,160.27759,709.2535,160.11748,-0.08569336,-0.16011047,0.18160042
178,687.84705,309.71234,692.94366,313.0091,5.0966187,3.296753,6.0699344
178,557.9473,314.22498,561.7491,314.79404,3.8017578,0.5690613,3.8441114
178,872.5781,11.354649,879.48047,20.31453,6.9023438,8.959881,11.310252
178,690.1328,214.4166,686.79266,214.49982,-3.340149,0.083221436,3.3411856
178,669.9441,210.99251,671.2986,210.74446,1.3544922,-0.24804688,1.3770171
178,830.53174,425.52655,830.41254,428.23898,-0.11920166,2.7124329,2.715051
178,10.676031,254.66946,9.568843,255.68277,-1.1071882,1.0133057,1.5008844
178,376.40857,171.97803,374.94968,171.88847,-1.4588928,-0.08955383,1.4616389
178,660.4597,74.08927,674.4342,74.298805,13.974487,0.20953369,13.976058
178,669.1958,574.8514,673.99176,575.04877,4.7959595,0.1973877,4.8000197
178,541.2172,348.26294,545.32745,347.5027,4.1102295,-0.7602539,4.179949
178,526.59595,207.85364,522.7716,208.12794,-3.8243408,0.27430725,3.8341658
178,717.5991,128.05167,716.9759,125.86591,-0.62323,-2.1857529,2.2728684
178,812.14484,413.27792,817.74243,410.83145,5.597595,-2.4464722,6.1088705
178,139.19893,169.49402,135.99304,169.45975,-3.2058868,-0.03427124,3.20607
178,831.8722,165.27338,831.5258,165.5743,-0.3463745,0.30091858,0.45883253
178,583.3216,446.938,585.3107,447.02548,1.9891357,0.0874939,1.9910591
178,847.4379,338.76523,843.7776,341.37436,-3.6603394,2.6091309,4.4950695
178,805.92145,439.8054,807.6455,443.9494,1.72406,4.1440125,4.4883432
178,530.0473,357.63486,533.97687,357.98645,3.9295654,0.35159302,3.9452631
178,261.43567,161.76234,249.78473,162.16953,-11.65094,0.4071808,11.658053
179,666.4506,237.13042,667.7351,236.59763,1.2844849,-0.53279114,1.3905998
179,502.10162,351.91772,504.43695,352.09784,2.3353271,0.18011475,2.3422625
179,523.80096,443.44437,526.97656,443.40634,3.1755981,-0.038024902,3.1758258
179,507.50452,332.3182,509.8282,332.4423,2.3236694,0.12408447,2.32698
179,506.13947,374.68845,508.5392,374.91415,2.3997498,0.22570801,2.410341
179,692.57043,288.68314,693.5384,286.30573,0.96795654,-2.377411,2.566909
179,712.92914,355.5721,716.7834,355.43704,3.854248,-0.1350708,3.856614
179,175.50882,168.52382,178.10785,168.59602,2.5990295,0.07220459,2.6000323
179,508.4467,244.74799,510.0765,244.73428,1.6298218,-0.013702393,1.6298795
179,525.4437,454.20728,528.6971,454.20093,3.253357,-0.0063476562,3.2533631
179,533.837,368.3271,537.4015,368.15836,3.5645142,-0.16873169,3.5685055
179,420.1204,333.62057,422.66208,333.7894,2.541687,0.16882324,2.5472877
179,515.65625,326.4437,518.02,326.41498,2.3637695,-0.028717041,2.363944
179,50.845814,171.34727,50.841206,171.49191,-0.0046081543,0.14463806,0.14471145
179,803.8262,239.19307,806.348,239.80717,2.5218506,0.6141052,2.5955453
179,956.6962,214.53313,961.0054,214.48752,4.309143,-0.04560852,4.3093843
179,529.57086,577.01776,527.05743,577.2887,-2.5134277,0.27093506,2.5279882
179,564.2978,282.8753,568.50006,281.44302,4.2022705,-1.4322815,4.4396515
179,535.4479,359.99933,539.24243,359.83826,3.7945557,-0.16107178,3.7979727
179,440.77698,168.35829,451.0849,168.34158,10.307922,-0.016708374,10.307936
179,764.60455,162.58588,760.66943,162.74866,-3.9351196,0.16278076,3.9384851
179,830.3973,575.69214,836.9226,575.75183,6.5253296,0.059692383,6.5256023
179,642.0921,523.79663,641.2184,518.8547,-0.87371826,-4.9419556,5.018596
179,1004.8659,164.9821,1005.0909,165.4637,0.22497559,0.4815979,0.5315549
179,709.2535,160.11748,702.6951,160.34688,-6.5583496,0.22940063,6.5623603
179,692.94366,313.0091,697.7915,317.6305,4.8478394,4.621399,6.6976767
179,561.7491,314.79404,565.214,313.566,3.4649048,-1.2280273,3.6760871
179,879.48047,20.31453,894.622,36.648003,15.141541,16.333473,22.272148
179,686.79266,214.49982,689.16364,214.62149,2.3709717,0.121673584,2.3740916
179,671.2986,210.74446,673.9815,210.73817,2.6829224,-0.006286621,2.6829298
179,830.41254,428.23898,835.8963,423.87134,5.4837646,-4.3676453,7.0105634
179,9.568843,255.68277,9.586608,256.2185,0.017765045,0.5357361,0.53603053
179,374.94968,171.88847,364.6152,171.92422,-10.334473,0.035751343,10.334535
179,674.4342,74.298805,676.99176,74.799484,2.5575562,0.500679,2.606103
179,673.99176,575.04877,679.9931,575.2378,6.001343,0.18902588,6.0043187
179,545.32745,347.5027,549.7277,348.2098,4.4002686,0.7071228,4.4567237
179,522.7716,208.12794,524.13684,208.59581,1.3652344,0.467865,1.4431779
179,716.9759,125.86591,712.5957,122.02163,-4.380188,-3.844284,5.827913
179,817.74243,410.83145,825.7531,409.11816,8.010681,-1.7132874,8.191848
179,135.99304,169.45975,141.44879,169.75362,5.4557495,0.29386902,5.4636583
179,831.5258,165.5743,831.813,165.16092,0.2871704,-0.41337585,0.5033353
179,585.3107,447.02548,584.8017,447.11432,-0.5090332,0.08883667,0.516727
179,843.7776,341.37436,859.53485,347.6602,15.757263,6.2858276,16.964756
179,807.6455,443.9494,815.4761,435.22086,7.8305664,-8.728546,11.726265
179,533.97687,357.98645,537.671,357.80072,3.6941528,-0.18572998,3.6988187
179,249.78473,162.16953,251.20583,161.92194,1.4210968,-0.24758911,1.4425036
180,667.7351,236.59763,669.20953,236.33981,1.4744263,-0.2578125,1.4967966
180,504.43695,352.09784,506.83072,352.21188,2.3937683,0.11404419,2.3964834
180,526.97656,443.40634,530.4111,443.51575,3.4345093,0.10940552,3.4362514
180,509.8282,332.4423,512.2678,332.44363,2.4396362,0.0013427734,2.4396367
180,508.5392,374.91415,510.98135,375.0671,2.4421387,0.1529541,2.4469237
180,693.5384,286.30573,696.6676,287.81903,3.1292114,1.5133057,3.4759257
180,716.7834,355.43704,719.11456,354.63297,2.3311768,-0.80407715,2.4659534
180,178.10785,168.59602,194.58002,168.53418,16.472168,-0.061843872,16.472284
180,510.0765,244.73428,511.6749,244.89697,1.5983887,0.16268921,1.6066469
180,528.6971,454.20093,531.65814,454.19403,2.9610596,-0.0068969727,2.9610677
180,537.4015,368.15836,541.0194,368.32376,3.61792,0.16540527,3.621699
180,422.66208,333.7894,425.0588,333.72995,2.3967285,-0.059448242,2.3974657
180,518.02,326.41498,520.5249,326.60864,2.5048828,0.19366455,2.5123582
180,50.841206,171.49191,49.94052,171.86272,-0.90068436,0.37080383,0.9740266
180,806.348,239.80717,798.8683,241.52647,-7.4797363,1.7192993,7.674793
180,961.0054,214.48752,968.42175,214.49532,7.416382,0.007797241,7.416386
180,527.05743,577.2887,549.20044,577.2777,22.143005,-0.010986328,22.143007
180,568.50006,281.44302,565.3972,281.0001,-3.1028442,-0.44293213,3.1342993
180,539.24243,359.83826,542.79504,359.84445,3.5526123,0.0061950684,3.5526178
180,451.0849,168.34158,451.2178,168.31621,0.13290405,-0.025375366,0.13530482
180,760.66943,162.74866,760.3532,162.41475,-0.31622314,-0.33390808,0.45988223
180,836.9226,575.75183,831.7582,575.94916,-5.1644287,0.19732666,5.168197
180,641.2184,518.8547,635.5509,516.4298,-5.6674805,-2.4248657,6.164439
180,1005.0909,165.4637,1005.3504,165.55998,0.25952148,0.09628296,0.27680644
180,702.6951,160.34688,712.98584,159.9913,10.29071,-0.35557556,10.296852
180,697.7915,317.6305,700.2965,317.37057,2.505005,-0.2599182,2.5184534
180,565.214,313.566,569.67426,313.10672,4.460266,-0.45928955,4.483851
180,894.622,36.648003,902.88776,36.543854,8.265747,-0.104148865,8.266403
180,689.16364,214.62149,690.5263,215.15556,1.3626709,0.5340729,1.4635935
180,673.9815,210.73817,673.7098,210.75684,-0.27172852,0.018661499,0.27236858
180,835.8963,423.87134,836.51556,427.56607,0.6192627,3.6947327,3.7462697
180,9.586608,256.2185,8.797866,255.83305,-0.78874207,-0.38545227,0.8778881
180,364.6152,171.92422,363.9145,172.21217,-0.7007141,0.2879486,0.7575715
180,676.99176,74.799484,668.5039,76.647964,-8.487854,1.8484802,8.686803
180,679.9931,575.2378,679.4677,575.21295,-0.5253906,-0.024841309,0.52597755
180,549.7277,348.2098,550.46814,346.4874,0.7404175,-1.7224121,1.8748124
180,524.13684,208.59581,528.806,208.73352,4.6691895,0.13771057,4.67122
180,712.5957,122.02163,716.4599,128.19623,3.8641968,6.1745987,7.2840705
180,825.7531,409.11816,823.4087,412.75705,-2.3444214,3.6388855,4.3287177
180,141.44879,169.75362,141.94016,169.5206,0.49136353,-0.23301697,0.54381526
180,831.813,165.16092,825.0697,165.22241,-6.743286,0.06149292,6.7435665
180,584.8017,447.11432,586.1955,447.05807,1.3937988,-0.056243896,1.3949331
180,859.53485,347.6602,858.2471,348.2145,-1.2877808,0.5543213,1.4020169
180,815.4761,435.22086,816.30493,440.49335,0.8288574,5.2724915,5.3372436
180,537.671,357.80072,541.3331,357.83838,3.6621094,0.03765869,3.662303
180,251.20583,161.92194,251.34406,162.1677,0.13822937,0.24575806,0.2819652
181,669.20953,236.33981,671.0507,235.882,1.8411865,-0.45780945,1.8972499
181,506.83072,352.21188,509.37994,352.05475,2.5492249,-0.15713501,2.5540633
181,530.4111,443.51575,533.8205,443.38483,3.4094238,-0.13092041,3.4119368
181,512.2678,332.44363,514.61035,332.35583,2.3425293,-0.08779907,2.3441741
181,510.98135,375.0671,513.47626,374.7263,2.4949036,-0.3408203,2.518075
181,696.6676,287.81903,698.24,286.25018,1.5723877,-1.5688477,2.2211902
181,719.11456,354.63297,721.33795,354.18546,2.2233887,-0.44750977,2.2679775
181,194.58002,168.53418,191.74098,168.37495,-2.839035,-0.15922546,2.8434966
181,511.6749,244.89697,513.63477,244.88324,1.9598694,-0.01373291,1.9599175
181,531.65814,454.19403,535.46436,454.06522,3.8062134,-0.1288147,3.8083925
181,541.0194,368.32376,544.0636,368.13956,3.0441895,-0.1842041,3.0497575
181,425.0588,333.72995,427.73743,333.68655,2.6786194,-0.043395996,2.6789708
181,520.5249,326.60864,522.88165,326.32892,2.3567505,-0.27972412,2.3732927
181,49.94052,171.86272,49.18286,171.88861,-0.7576599,0.025894165,0.75810224
181,798.8683,241.52647,800.55286,245.06578,1.6845703,3.5393066,3.9197536
181,968.42175,214.49532,965.2383,213.88486,-3.1834717,-0.6104584,3.2414737
181,549.20044,577.2777,549.1603,577.79034,-0.040161133,0.5126343,0.51420504
181,565.3972,281.0001,566.66943,276.72644,1.2722168,-4.273651,4.4589944
181,542.79504,359.84445,545.8326,359.70624,3.0375366,-0.13821411,3.0406795
181,451.2178,168.31621,451.35107,168.29077,0.13327026,-0.025436401,0.13567598
181,760.3532,162.41475,765.72003,162.36935,5.3668213,-0.045394897,5.367013
181,831.7582,575.94916,846.7378,576.0229,14.979614,0.07373047,14.979795
181,635.5509,516.4298,633.4917,515.2661,-2.059204,-1.1636963,2.3652718
181,1005.3504,165.55998,1010.13446,165.44002,4.7840576,-0.1199646,4.7855616
181,712.98584,159.9913,711.9839,159.91599,-1.0019531,-0.07531738,1.0047799
181,700.2965,317.37057,704.2578,319.7237,3.9613037,2.353119,4.6075044
181,569.67426,313.10672,571.92676,315.25134,2.2525024,2.1446228,3.1101727
181,902.88776,36.543854,899.1712,30.729156,-3.7165527,-5.8146973,6.9009757
181,690.5263,215.15556,692.58875,214.92603,2.062439,-0.22953796,2.075173
181,673.7098,210.75684,673.431,210.75294,-0.27874756,-0.0038909912,0.2787747
181,836.51556,427.56607,835.4076,426.13004,-1.1079712,-1.4360352,1.8137798
181,8.797866,255.83305,8.109221,256.24768,-0.6886444,0.41462708,0.80383253
181,363.9145,172.21217,352.55823,172.16147,-11.356262,-0.050704956,11.356375
181,668.5039,76.647964,664.98846,77.72986,-3.515442,1.0818939,3.6781552
181,679.4677,575.21295,678.38367,575.71716,-1.0840454,0.5042114,1.1955683
181,550.46814,346.4874,552.6716,346.19604,2.2034302,-0.29135132,2.2226088
181,528.806,208.73352,531.75024,208.45096,2.9442139,-0.28256226,2.9577417
181,716.4599,128.19623,720.7136,131.75186,4.253723,3.5556335,5.544068
181,823.4087,412.75705,825.5135,413.35254,2.1047974,0.5954895,2.187414
181,141.94016,169.5206,135.74933,169.59142,-6.1908264,0.07081604,6.1912317
181,825.0697,165.22241,823.3622,165.39479,-1.7075195,0.17237854,1.7161984
181,586.1955,447.05807,588.6983,446.84048,2.5028076,-0.21759033,2.5122483
181,858.2471,348.2145,863.6213,356.4511,5.3742065,8.236603,9.834822
181,816.30493,440.49335,820.8683,437.10538,4.5633545,-3.38797,5.6835327
181,541.3331,357.83838,544.4614,357.71796,3.128296,-0.12042236,3.1306129
181,251.34406,162.1677,255.80385,162.09436,4.459793,-0.07333374,4.4603963
182,671.0507,235.882,673.0404,235.58037,1.989685,-0.30163574,2.0124192
182,509.37994,352.05475,511.69708,351.96606,2.3171387,-0.08868408,2.3188353
182,533.8205,443.38483,537.23676,443.23193,3.4162598,-0.15289307,3.4196794
182,514.61035,332.35583,516.9944,332.2827,2.3840332,-0.07312012,2.3851542
182,513.47626,374.7263,516.0182,374.61105,2.5419312,-0.115234375,2.5445418
182,698.24,286.25018,700.8075,286.1232,2.567505,-0.12698364,2.5706432
182,721.33795,354.18546,722.24994,353.87524,0.9119873,-0.31021118,0.96330255
182,191.74098,168.37495,185.86542,168.64137,-5.8755646,0.26641846,5.881602
182,513.63477,244.88324,515.7285,244.63982,2.09375,-0.24342346,2.107853
182,535.46436,454.06522,539.15826,453.78885,3.6939087,-0.2763672,3.7042327
182,544.0636,368.13956,548.0834,367.77234,4.0197754,-0.36721802,4.036514
182,427.73743,333.68655,430.403,333.607,2.6655884,-0.079559326,2.6667755
182,522.88165,326.32892,525.526,326.39676,2.6443481,0.067840576,2.6452181
182,49.18286,171.88861,48.77157,171.70914,-0.41129303,-0.17947388,0.44874585
182,800.55286,245.06578,801.912,247.08783,1.3591309,2.022049,2.4363742
182,965.2383,213.88486,969.73596,214.8814,4.4976807,0.99653625,4.6067576
182,549.1603,577.79034,549.8455,577.8041,0.6852417,0.01373291,0.68537927
182,566.66943,276.72644,567.3665,278.15427,0.6970825,1.4278259,1.5889025
182,545.8326,359.70624,549.86584,359.4361,4.033264,-0.2701416,4.0423007
182,451.35107,168.29077,450.7622,168.4196,-0.5888672,0.12882996,0.60279495
182,765.72003,162.36935,768.44617,162.24603,2.7261353,-0.12332153,2.728923
182,846.7378,576.0229,858.33875,575.9882,11.600952,-0.03466797,11.601005
182,633.4917,515.2661,642.9187,515.0641,9.427002,-0.20202637,9.429167
182,1010.13446,165.44002,1009.64954,165.45476,-0.48492432,0.01473999,0.48514828
182,711.9839,159.91599,711.6271,159.7381,-0.35681152,-0.17788696,0.39869565
182,704.2578,319.7237,707.37665,319.2502,3.1188354,-0.47348022,3.1545708
182,571.92676,315.25134,574.4681,316.06384,2.5413208,0.8125,2.6680458
182,899.1712,30.729156,899.5117,27.279232,0.34051514,-3.4499245,3.4666884
182,692.58875,214.92603,695.1076,215.21187,2.5188599,0.2858429,2.5350268
182,673.431,210.75294,675.519,210.9278,2.0879517,0.17485046,2.0952601
182,835.4076,426.13004,832.8913,431.4311,-2.5162964,5.301056,5.867959
182,8.109221,256.24768,9.602748,255.25462,1.4935265,-0.99305725,1.7935395
182,352.55823,172.16147,347.98157,172.04857,-4.57666,-0.11289978,4.5780525
182,664.98846,77.72986,664.4529,76.627075,-0.5355835,-1.1027832,1.2259611
182,678.38367,575.71716,689.4631,575.77606,11.079407,0.058898926,11.079563
182,552.6716,346.19604,556.3811,344.78265,3.7095337,-1.4133911,3.9696743
182,531.75024,208.45096,531.19977,208.20166,-0.5504761,-0.2492981,0.60429585
182,720.7136,131.75186,728.69946,130.28433,7.98584,-1.4675293,8.119562
182,825.5135,413.35254,826.775,424.60696,1.2615356,11.254425,11.324908
182,135.74933,169.59142,139.24306,169.7826,3.4937286,0.19117737,3.4989552
182,823.3622,165.39479,829.28876,165.08109,5.9265747,-0.31370544,5.934871
182,588.6983,446.84048,587.7586,446.73483,-0.93969727,-0.105651855,0.9456179
182,863.6213,356.4511,857.7351,360.1678,-5.8861694,3.7166748,6.9613695
182,820.8683,437.10538,826.2967,445.5054,5.428406,8.400024,10.0014
182,544.4614,357.71796,548.25085,357.3977,3.7894287,-0.32025146,3.802937
182,255.80385,162.09436,250.51607,161.83313,-5.287781,-0.26123047,5.2942295
183,673.0404,235.58037,674.82513,235.17152,1.784729,-0.408844,1.8309591
183,511.69708,351.96606,514.2506,351.7431,2.5535278,-0.22296143,2.5632434
183,537.23676,443.23193,540.023,442.8957,2.786255,-0.33624268,2.8064704
183,516.9944,332.2827,519.4185,331.86023,2.4241333,-0.42248535,2.460674
183,516.0182,374.61105,518.4582,374.54132,2.4400024,-0.069732666,2.4409988
183,700.8075,286.1232,703.8992,286.94107,3.0916748,0.8178711,3.1980255
183,722.24994,353.87524,725.21063,353.35928,2.9606934,-0.5159607,3.0053153
183,185.86542,168.64137,190.47935,168.50996,4.6139374,-0.13140869,4.6158085
183,515.7285,244.63982,517.5742,244.40202,1.8457031,-0.23779297,1.8609582
183,539.15826,453.78885,542.87354,453.6842,3.715271,-0.104644775,3.7167444
183,548.0834,367.77234,551.0477,367.51456,2.9643555,-0.25778198,2.9755428
183,430.403,333.607,432.80637,333.3958,2.4033508,-0.21118164,2.4126112
183,525.526,326.39676,527.9384,326.0125,2.4124146,-0.38424683,2.4428241
183,48.77157,171.70914,48.65627,171.625,-0.115299225,-0.08413696,0.14273381
183,801.912,247.08783,814.3705,247.93604,12.458496,0.84820557,12.487337
183,969.73596,214.8814,964.8682,214.51982,-4.867737,-0.36157227,4.8811474
183,549.8455,577.8041,541.44415,577.92804,-8.401367,0.1239624,8.402282
183,567.3665,278.15427,563.7343,277.53705,-3.6322021,-0.617218,3.6842706
183,549.86584,359.4361,552.6614,359.1849,2.7955322,-0.2511902,2.806795
183,450.7622,168.4196,449.60352,168.13072,-1.1586914,-0.2888794,1.1941595
183,768.44617,162.24603,772.9441,162.54027,4.497925,0.29423523,4.5075383
183,858.33875,575.9882,872.36646,576.2757,14.02771,0.2874756,14.030655
183,642.9187,515.0641,643.35675,512.3445,0.43804932,-2.7196045,2.7546573
183,1009.64954,165.45476,1008.5304,165.3862,-1.1191406,-0.06855774,1.1212386
183,711.6271,159.7381,710.7921,159.8274,-0.83496094,0.08929443,0.83972216
183,707.37665,319.2502,710.30963,319.67303,2.9329834,0.42282104,2.9633038
183,574.4681,316.06384,576.6096,313.4569,2.1415405,-2.6069336,3.3737664
183,899.5117,27.279232,901.41437,27.416546,1.9026489,0.13731384,1.9075974
183,695.1076,215.21187,696.9439,215.02861,1.8363037,-0.18325806,1.8454254
183,675.519,210.9278,672.3883,211.11676,-3.1306763,0.18896484,3.136374
183,832.8913,431.4311,838.67584,437.1547,5.784546,5.7236023,8.137604
183,9.602748,255.25462,9.359042,254.65147,-0.24370575,-0.6031494,0.65052414
183,347.98157,172.04857,346.29947,172.16289,-1.6820984,0.11431885,1.6859787
183,664.4529,76.627075,662.42175,66.69632,-2.031128,-9.930756,10.13634
183,689.4631,575.77606,706.5479,575.59076,17.084839,-0.18530273,17.085844
183,556.3811,344.78265,559.4287,346.94672,3.0476074,2.1640625,3.7377906
183,531.19977,208.20166,532.1985,208.22458,0.99871826,0.022918701,0.99898124
183,728.69946,130.28433,724.8125,132.42516,-3.886963,2.1408234,4.4375224
183,826.775,424.60696,832.9136,430.33344,6.13855,5.726471,8.394895
183,139.24306,169.7826,140.83887,169.90303,1.5958099,0.12043762,1.6003482
183,829.28876,165.08109,828.21027,165.1645,-1.0784912,0.0834198,1.0817126
183,587.7586,446.73483,588.6554,446.70203,0.89678955,-0.032806396,0.8973894
183,857.7351,360.1678,859.45056,363.431,1.7154541,3.263214,3.6866446
183,826.2967,445.5054,829.64264,439.12985,3.3459473,-6.3755493,7.2002077
183,548.25085,357.3977,551.45685,357.1232,3.2059937,-0.27450562,3.2177243
183,250.51607,161.83313,238.5455,161.77473,-11.970566,-0.058395386,11.970708
184,674.82513,235.17152,676.7544,234.84026,1.9292603,-0.3312683,1.9574943
184,514.2506,351.7431,516.546,351.46616,2.2954102,-0.27694702,2.312057
184,540.023,442.8957,543.0064,442.3571,2.9833984,-0.53860474,3.031627
184,519.4185,331.86023,521.6942,331.65802,2.2756958,-0.20220947,2.284662
184,518.4582,374.54132,520.8539,374.46832,2.395691,-0.07299805,2.396803
184,703.8992,286.94107,697.72833,272.70413,-6.1708374,-14.236938,15.516754
184,725.21063,353.35928,728.134,352.29788,2.9233398,-1.0614014,3.1100624
184,190.47935,168.50996,190.92291,168.59311,0.44355774,0.08314514,0.45128328
184,517.5742,244.40202,519.6316,244.29611,2.057373,-0.105911255,2.0600972
184,542.87354,453.6842,545.59064,453.174,2.717102,-0.5101929,2.764587
184,551.0477,367.51456,554.3766,367.23352,3.3288574,-0.28103638,3.3406997
184,432.80637,333.3958,435.2536,333.13583,2.447235,-0.25997925,2.4610057
184,527.9384,326.0125,530.45337,325.7837,2.5149536,-0.2288208,2.5253417
184,48.65627,171.625,48.552677,172.03297,-0.10359192,0.40797424,0.42092073
184,814.3705,247.93604,810.9541,247.40295,-3.4163818,-0.53308105,3.457722
184,964.8682,214.51982,966.2435,214.18607,1.3753052,-0.3337555,1.4152232
184,541.44415,577.92804,543.44836,578.2084,2.0042114,0.28033447,2.023722
184,563.7343,277.53705,564.6213,277.2347,0.8869629,-0.30233765,0.9370759
184,552.6614,359.1849,555.9253,358.78006,3.263916,-0.4048462,3.288928
184,449.60352,168.13072,447.08276,168.36389,-2.520752,0.23316956,2.531513
184,772.9441,162.54027,773.3363,162.3327,0.3922119,-0.20756531,0.4437494
184,872.36646,576.2757,873.81586,576.1304,1.4494019,-0.1453247,1.4566692
184,643.35675,512.3445,645.65796,520.0574,2.3012085,7.7128906,8.048866
184,1008.5304,165.3862,1011.1883,164.89084,2.657898,-0.49536133,2.703665
184,710.7921,159.8274,703.3381,159.83548,-7.4540405,0.008087158,7.454045
184,710.30963,319.67303,714.8186,321.89832,4.508972,2.2252808,5.028191
184,576.6096,313.4569,578.4168,314.50284,1.80719,1.045929,2.088038
184,901.41437,27.416546,897.1643,27.430557,-4.250061,0.014011383,4.250084
184,696.9439,215.02861,696.18445,215.1416,-0.75946045,0.11299133,0.76781976
184,672.3883,211.11676,671.9482,210.76665,-0.4401245,-0.35011292,0.56239545
184,838.67584,437.1547,846.1694,448.64957,7.4935303,11.494873,13.721703
184,9.359042,254.65147,7.5018454,256.06445,-1.8571968,1.4129791,2.3336003
184,346.29947,172.16289,345.16946,172.23883,-1.1300049,0.07594299,1.1325539
184,662.42175,66.69632,657.4983,73.06975,-4.923462,6.3734283,8.053637
184,706.5479,575.59076,703.09515,575.3875,-3.4527588,-0.20324707,3.4587357
184,559.4287,346.94672,562.3029,347.2779,2.8742065,0.33117676,2.8932235
184,532.1985,208.22458,538.1868,207.68213,5.9883423,-0.54244995,6.012861
184,724.8125,132.42516,713.0354,137.1587,-11.7771,4.733551,12.692777
184,832.9136,430.33344,849.10156,428.90033,16.187988,-1.4331055,16.2513
184,140.83887,169.90303,141.20732,169.76106,0.36845398,-0.14196777,0.39485845
184,828.21027,165.1645,831.17786,165.3409,2.9675903,0.1763916,2.972828
184,588.6554,446.70203,589.3181,446.45377,0.6627197,-0.2482605,0.70769393
184,859.45056,363.431,864.1607,372.07074,4.710144,8.63974,9.840252
184,829.64264,439.12985,844.43567,438.52454,14.79303,-0.60531616,14.8054085
184,551.45685,357.1232,554.6344,356.7493,3.1775513,-0.37390137,3.199474
184,238.5455,161.77473,240.76979,161.59264,2.224289,-0.18209839,2.2317305
185,676.7544,234.84026,679.0935,234.57816,2.3391113,-0.26210022,2.3537498
185,516.546,351.46616,518.8861,351.15884,2.340088,-0.307312,2.3601804
185,543.0064,442.3571,545.89655,442.22266,2.8901367,-0.13442993,2.8932614
185,521.6942,331.65802,524.0896,331.3436,2.3953857,-0.3144226,2.4159336
185,520.8539,374.46832,523.2417,373.90503,2.3878174,-0.56329346,2.4533591
185,697.72833,272.70413,700.4693,272.61017,2.7409668,-0.09396362,2.7425768
185,728.134,352.29788,730.25726,351.80142,2.123291,-0.49645996,2.180559
185,190.92291,168.59311,190.39114,168.3892,-0.5317688,-0.2039032,0.56952137
185,519.6316,244.29611,521.4971,244.12683,1.8654785,-0.169281,1.8731433
185,545.59064,453.174,548.4626,452.9069,2.8719482,-0.26712036,2.8843439
185,554.3766,367.23352,557.4094,366.80463,3.032837,-0.42889404,3.0630133
185,435.2536,333.13583,437.22464,332.70212,1.9710388,-0.43371582,2.018193
185,530.45337,325.7837,532.9876,325.50464,2.5342407,-0.27905273,2.5495582
185,48.552677,172.03297,48.728195,171.67918,0.17551804,-0.35379028,0.39493564
185,810.9541,247.40295,809.86066,245.236,-1.0934448,-2.1669617,2.4272091
185,966.2435,214.18607,966.05743,214.94113,-0.18609619,0.7550659,0.77766085
185,543.44836,578.2084,544.352,578.3599,0.9036255,0.1515503,0.91624594
185,564.6213,277.2347,563.808,284.99554,-0.81329346,7.7608337,7.803332
185,555.9253,358.78006,559.04865,358.45728,3.123352,-0.32278442,3.139987
185,447.08276,168.36389,449.88864,168.4379,2.8058777,0.07400513,2.8068535
185,773.3363,162.3327,789.4379,162.15915,16.101624,-0.17355347,16.102558
185,873.81586,576.1304,878.59186,576.17206,4.776001,0.04168701,4.7761827
185,645.65796,520.0574,644.8613,515.74585,-0.79663086,-4.3115234,4.3845015
185,1011.1883,164.89084,1006.32623,165.17828,-4.8620605,0.28744507,4.87055
185,703.3381,159.83548,702.5799,159.89056,-0.7581787,0.05508423,0.76017714
185,714.8186,321.89832,716.3158,319.88647,1.4971924,-2.0118408,2.5078053
185,578.4168,314.50284,577.4379,314.29028,-0.97888184,-0.21255493,1.0016931
185,897.1643,27.430557,900.4259,21.293316,3.2615967,-6.1372414,6.9500895
185,696.18445,215.1416,699.3517,214.90515,3.1672363,-0.2364502,3.1760502
185,671.9482,210.76665,675.17755,210.78355,3.22937,0.016906738,3.2294145
185,846.1694,448.64957,861.70404,449.85742,15.534668,1.2078552,15.581553
185,7.5018454,256.06445,5.604691,257.05194,-1.8971543,0.9874878,2.1387675
185,345.16946,172.23883,345.26404,172.16231,0.094573975,-0.07652283,0.121655166
185,657.4983,73.06975,649.4846,68.63628,-8.013672,-4.4334717,9.158308
185,703.09515,575.3875,705.4186,575.9717,2.3234253,0.5841675,2.3957372
185,562.3029,347.2779,565.67957,346.98834,3.376648,-0.28955078,3.3890398
185,538.1868,207.68213,540.06665,207.35367,1.8798218,-0.3284607,1.908302
185,713.0354,137.1587,713.704,137.01552,0.6685791,-0.14318848,0.6837404
185,849.10156,428.90033,847.5456,418.83023,-1.5559692,-10.070099,10.189599
185,141.20732,169.76106,134.30714,169.77982,-6.900177,0.018753052,6.9002023
185,831.17786,165.3409,840.7316,164.97772,9.553772,-0.36317444,9.560673
185,589.3181,446.45377,590.19794,446.30017,0.8798218,-0.15359497,0.8931281
185,864.1607,372.07074,867.5574,373.77405,3.3966675,1.7033081,3.7998168
185,844.43567,438.52454,858.65753,433.92947,14.221863,-4.5950623,14.945767
185,554.6344,356.7493,557.80554,356.4396,3.1711426,-0.30969238,3.186229
185,240.76979,161.59264,243.2286,161.69524,2.4588165,0.1026001,2.460956
186,679.0935,234.57816,680.7803,233.9933,1.6867676,-0.5848541,1.785284
186,518.8861,351.15884,521.16113,350.68317,2.2750244,-0.4756775,2.3242214
186,545.89655,442.22266,548.4793,441.9984,2.5827637,-0.22424316,2.5924802
186,524.0896,331.3436,526.2243,330.93295,2.1347046,-0.41064453,2.173843
186,523.2417,373.90503,525.4343,373.7362,2.192627,-0.16882324,2.1991167
186,700.4693,272.61017,700.94183,269.70068,0.47253418,-2.9094849,2.9476075
186,730.25726,351.80142,732.67426,351.16177,2.4169922,-0.63964844,2.5002003
186,190.39114,168.3892,179.52965,168.56268,-10.861496,0.17347717,10.862882
186,521.4971,244.12683,523.54004,243.64444,2.0429688,-0.48239136,2.099148
186,548.4626,452.9069,551.02136,452.6874,2.5587769,-0.21948242,2.5681727
186,557.4094,366.80463,560.1763,366.51724,2.7668457,-0.28738403,2.7817304
186,437.22464,332.70212,439.77805,332.2265,2.5534058,-0.47561646,2.597324
186,532.9876,325.50464,535.31177,325.15662,2.3241577,-0.34802246,2.35007
186,48.728195,171.67918,48.01212,172.09431,-0.7160759,0.41513062,0.8277065
186,809.86066,245.236,812.6956,243.9582,2.834961,-1.2777863,3.1096208
186,966.05743,214.94113,961.48285,214.5402,-4.574585,-0.40092468,4.59212
186,544.352,578.3599,535.8087,578.6419,-8.543274,0.28198242,8.547926
186,563.808,284.99554,568.5005,279.46448,4.692505,-5.531067,7.253434
186,559.04865,358.45728,561.7441,358.16263,2.6954346,-0.29464722,2.711491
186,449.88864,168.4379,446.03055,168.11111,-3.8580933,-0.32678223,3.871908
186,789.4379,162.15915,784.06354,161.63945,-5.3743896,-0.5196991,5.3994584
186,878.59186,576.17206,891.9462,576.44507,13.35437,0.27301025,13.357161
186,644.8613,515.74585,643.51953,517.0144,-1.3417969,1.2685547,1.8465238
186,1006.32623,165.17828,1005.43866,165.09221,-0.88757324,-0.08607483,0.8917371
186,702.5799,159.89056,699.1491,159.97449,-3.4307861,0.08392334,3.4318123
186,716.3158,319.88647,718.3912,319.29813,2.0753784,-0.5883484,2.1571624
186,577.4379,314.29028,580.7359,312.63306,3.2979736,-1.6572266,3.690939
186,900.4259,21.293316,898.4207,11.193404,-2.005188,-10.099912,10.297038
186,699.3517,214.90515,700.62274,214.80576,1.2710571,-0.09939575,1.2749375
186,675.17755,210.78355,674.77985,211.2123,-0.39770508,0.42874146,0.58479786
186,861.70404,449.85742,850.3463,445.6389,-11.357727,-4.2185364,12.115858
186,5.604691,257.05194,4.857188,256.96436,-0.7475028,-0.08758545,0.7526166
186,345.26404,172.16231,341.96393,172.18016,-3.3001099,0.017852783,3.300158
186,649.4846,68.63628,642.4162,68.782394,-7.0684204,0.14611816,7.0699306
186,705.4186,575.9717,706.5095,576.03894,1.0909424,0.06726074,1.0930139
186,565.67957,346.98834,569.3481,346.3671,3.668518,-0.62124634,3.720749
186,540.06665,207.35367,541.67957,207.57532,1.612915,0.22164917,1.6280735
186,713.704,137.01552,711.10034,133.4736,-2.6036377,-3.541916,4.3959184
186,847.5456,418.83023,838.75836,413.8657,-8.787231,-4.9645386,10.092675
186,134.30714,169.77982,150.12102,169.53268,15.813873,-0.24713135,15.8158045
186,840.7316,164.97772,842.98206,165.06528,2.2504272,0.08755493,2.2521298
186,590.19794,446.30017,593.0965,445.7886,2.8985596,-0.51156616,2.9433565
186,867.5574,373.77405,864.78705,376.56342,-2.7703247,2.7893677,3.9313192
186,858.65753,433.92947,847.7833,428.57648,-10.874207,-5.352997,12.120352
186,557.80554,356.4396,560.6481,356.18427,2.8425293,-0.25534058,2.8539748
186,243.2286,161.69524,243.78845,161.57005,0.559845,-0.1251831,0.57366997
187,680.7803,233.9933,682.9233,233.46956,2.1430054,-0.5237427,2.2060776
187,521.16113,350.68317,523.4435,350.21454,2.2823486,-0.46862793,2.329963
187,548.4793,441.9984,550.9364,441.2112,2.4570923,-0.7872009,2.580114
187,526.2243,330.93295,528.50745,330.41257,2.283142,-0.52038574,2.3416958
187,525.4343,373.7362,527.8118,373.06485,2.3775024,-0.6713562,2.470473
187,700.94183,269.70068,702.9011,268.5291,1.9592896,-1.1715698,2.2828472
187,732.67426,351.16177,735.2233,350.2821,2.5490723,-0.8796692,2.696588
187,179.52965,168.56268,176.71886,168.38425,-2.810791,-0.17843628,2.8164492
187,523.54004,243.64444,525.77057,243.12273,2.2305298,-0.52171326,2.290731
187,551.02136,452.6874,553.2214,451.95618,2.2000122,-0.7312317,2.3183515
187,560.1763,366.51724,562.5808,365.79105,2.404541,-0.7261963,2.5118077
187,439.77805,332.2265,442.41443,331.43973,2.636383,-0.7867737,2.7512777
187,535.31177,325.15662,537.5474,324.54102,2.2356567,-0.6156006,2.318863
187,48.01212,172.09431,47.15685,171.63467,-0.8552704,-0.4596405,0.9709567
187,812.6956,243.9582,809.6124,240.057,-3.083191,-3.9011993,4.9724665
187,961.48285,214.5402,967.3737,214.30603,5.890869,-0.23417664,5.895522
187,535.8087,578.6419,539.02075,578.7026,3.2120361,0.060668945,3.212609
187,568.5005,279.46448,573.86774,271.95706,5.3672485,-7.507416,9.228686
187,561.7441,358.16263,564.3181,357.35977,2.5740356,-0.80285645,2.696338
187,446.03055,168.11111,453.2854,167.89232,7.2548523,-0.21879578,7.2581506
187,784.06354,161.63945,772.8832,161.89455,-11.180359,0.25509644,11.183269
187,891.9462,576.44507,889.0072,576.3015,-2.9390259,-0.14355469,2.9425297
187,643.51953,517.0144,647.5305,517.3125,4.0109863,0.2980957,4.0220485
187,1005.43866,165.09221,1004.9413,164.68585,-0.4973755,-0.4063568,0.64226806
187,699.1491,159.97449,692.6439,159.5929,-6.505188,-0.3815918,6.5163703
187,718.3912,319.29813,719.31335,315.33365,0.9221802,-3.9644775,4.070319
187,580.7359,312.63306,582.72736,313.08823,1.9914551,0.45516968,2.04281
187,898.4207,11.193404,899.3085,19.733696,0.88775635,8.540292,8.5863085
187,700.62274,214.80576,702.8013,214.77573,2.1785278,-0.030029297,2.1787348
187,674.77985,211.2123,674.4719,211.07886,-0.30792236,-0.13343811,0.33559188
187,850.3463,445.6389,853.17633,436.83102,2.830017,-8.807861,9.251347
187,4.857188,256.96436,3.5120883,257.33258,-1.3450999,0.3682251,1.3945909
187,341.96393,172.18016,341.4421,171.95804,-0.52182007,-0.22212219,0.56712824
187,642.4162,68.782394,648.6426,76.04945,6.2263794,7.2670593,9.569637
187,706.5095,576.03894,729.0046,575.45215,22.495056,-0.586792,22.502708
187,569.3481,346.3671,573.39484,345.47522,4.046753,-0.8918762,4.1438694
187,541.67957,207.57532,541.5774,207.19427,-0.10217285,-0.38104248,0.39450306
187,711.10034,133.4736,703.63434,137.26727,-7.4660034,3.7936707,8.374554
187,838.75836,413.8657,847.89996,408.70114,9.141602,-5.164551,10.499594
187,150.12102,169.53268,150.704,169.44386,0.5829773,-0.08882141,0.5897048
187,842.98206,165.06528,845.9751,164.72664,2.993042,-0.3386383,3.0121381
187,593.0965,445.7886,595.6409,445.09076,2.5444336,-0.69784546,2.6383953
187,864.78705,376.56342,880.26306,377.3947,15.476013,0.8312988,15.498323
187,847.7833,428.57648,848.7293,432.3959,0.9459839,3.8194275,3.934833
187,560.6481,356.18427,563.1594,355.35367,2.5113525,-0.8305969,2.6451433
187,243.78845,161.57005,250.85953,161.53691,7.0710754,-0.03314209,7.071153
188,682.9233,233.46956,685.3367,233.00787,2.413391,-0.46168518,2.4571548
188,523.4435,350.21454,525.7161,349.45303,2.272644,-0.7615051,2.3968315
188,550.9364,441.2112,553.28094,440.44067,2.3445435,-0.77053833,2.4679167
188,528.50745,330.41257,530.8633,329.64438,2.355835,-0.7681885,2.477917
188,527.8118,373.06485,530.48706,372.21957,2.675232,-0.8452759,2.805594
188,702.9011,268.5291,707.3782,271.01874,4.477051,2.489624,5.122715
188,735.2233,350.2821,737.0841,349.6297,1.8607788,-0.6524048,1.9718341
188,176.71886,168.38425,192.0229,168.35924,15.304047,-0.025009155,15.304067
188,525.77057,243.12273,528.42444,242.58655,2.6538696,-0.5361786,2.7074916
188,553.2214,451.95618,555.4866,451.23087,2.2651978,-0.7253113,2.3784864
188,562.5808,365.79105,564.9499,364.742,2.3690796,-1.0490417,2.590951
188,442.41443,331.43973,444.57172,330.58063,2.1572876,-0.85910034,2.3220558
188,537.5474,324.54102,539.8884,323.74033,2.3410034,-0.8006897,2.4741466
188,47.15685,171.63467,47.09276,171.87845,-0.06409073,0.24377441,0.2520587
188,809.6124,240.057,814.2763,241.38246,4.6638794,1.3254547,4.848567
188,967.3737,214.30603,966.835,213.92885,-0.5386963,-0.377182,0.65761685
188,539.02075,578.7026,537.8704,578.80273,-1.1503296,0.10015869,1.1546818
188,573.86774,271.95706,573.8547,271.03662,-0.013061523,-0.9204407,0.92053336
188,564.3181,357.35977,566.6267,356.4305,2.3085938,-0.92926025,2.4886
188,453.2854,167.89232,454.63443,167.53224,1.3490295,-0.3600769,1.3962579
188,772.8832,161.89455,779.12335,161.61456,6.2401733,-0.27998352,6.2464514
188,889.0072,576.3015,879.91144,576.7279,-9.095764,0.4263916,9.105753
188,647.5305,517.3125,653.813,522.1527,6.2824707,4.84021,7.9307675
188,1004.9413,164.68585,1000.64307,164.46954,-4.298218,-0.2163086,4.303657
188,692.6439,159.5929,691.3137,159.20482,-1.3302002,-0.38807678,1.3856536
188,719.31335,315.33365,725.2029,321.32495,5.8895264,5.9913025,8.401323
188,582.72736,313.08823,585.829,313.9486,3.1016235,0.8603821,3.218746
188,899.3085,19.733696,907.5146,23.449314,8.206116,3.7156181,9.008116
188,702.8013,214.77573,704.7171,214.42953,1.9158325,-0.3461914,1.9468597
188,674.4719,211.07886,675.4296,210.74637,0.95770264,-0.332489,1.0137768
188,853.17633,436.83102,850.4434,425.58356,-2.7329102,-11.247467,11.574728
188,3.5120883,257.33258,4.611694,256.55655,1.0996056,-0.7760315,1.3458667
188,341.4421,171.95804,340.55896,171.6244,-0.8831482,-0.33363342,0.9440667
188,648.6426,76.04945,640.86975,75.58937,-7.772827,-0.460083,7.786432
188,729.0046,575.45215,730.496,575.8971,1.491394,0.4449463,1.5563526
188,573.39484,345.47522,575.4617,344.91318,2.0668335,-0.56204224,2.1418898
188,541.5774,207.19427,543.8434,206.91328,2.2659912,-0.2809906,2.2833467
188,703.63434,137.26727,700.0171,132.23634,-3.6172485,-5.0309296,6.196349
188,847.89996,408.70114,857.1303,409.2846,9.230347,0.5834656,9.24877
188,150.704,169.44386,160.95302,169.64702,10.249023,0.20315552,10.251037
188,845.9751,164.72664,842.81256,164.45895,-3.1625366,-0.26768494,3.173845
188,595.6409,445.09076,598.5666,444.37802,2.9256592,-0.71273804,3.0112252
188,880.26306,377.3947,891.91565,381.4918,11.652588,4.0970764,12.351876
188,848.7293,432.3959,861.1572,423.44476,12.4279175,-8.951141,15.315877
188,563.1594,355.35367,565.53503,354.34756,2.3756104,-1.0061035,2.5798776
188,250.85953,161.53691,238.68568,161.0761,-12.173843,-0.46081543,12.182562
189,685.3367,233.00787,688.67883,232.62175,3.342163,-0.38612366,3.364394
189,525.7161,349.45303,528.24774,348.35822,2.5316162,-1.0948181,2.7582073
189,553.28094,440.44067,555.13574,439.28238,1.8547974,-1.1582947,2.1867602
189,530.8633,329.64438,533.58154,328.62546,2.7182617,-1.0189209,2.9029546
189,530.48706,372.21957,532.7092,371.33344,2.222168,-0.8861389,2.3923361
189,707.3782,271.01874,708.5801,267.91345,1.2019043,-3.1052856,3.3297708
189,737.0841,349.6297,740.83344,348.97778,3.7493286,-0.6519165,3.8055828
189,192.0229,168.35924,188.02274,168.57559,-4.000168,0.21635437,4.006015
189,528.42444,242.58655,531.2323,241.84161,2.8078613,-0.7449341,2.9049976
189,555.4866,451.23087,557.3011,450.04358,1.8145142,-1.1872864,2.168435
189,564.9499,364.742,567.4451,363.65558,2.4952393,-1.0864258,2.7214959
189,444.57172,330.58063,447.71478,329.6603,3.1430664,-0.9203186,3.275035
189,539.8884,323.74033,542.6312,322.85306,2.7427979,-0.88726807,2.882739
189,47.09276,171.87845,47.266663,171.59758,0.17390442,-0.28086853,0.33034813
189,814.2763,241.38246,819.8204,241.2605,5.5440674,-0.1219635,5.5454087
189,966.835,213.92885,965.8668,214.93549,-0.9682007,1.0066376,1.396686
189,537.8704,578.80273,536.8738,579.0585,-0.99664307,0.2557373,1.028931
189,573.8547,271.03662,575.19476,266.2351,1.3400879,-4.8015137,4.9850144
189,566.6267,356.4305,568.8202,355.15796,2.1934814,-1.2725525,2.5358925
189,454.63443,167.53224,455.03326,167.49918,0.39883423,-0.033065796,0.40020257
189,779.12335,161.61456,790.1415,161.12111,11.018127,-0.49345398,11.029172
189,879.91144,576.7279,879.17834,576.9615,-0.73309326,0.23358154,0.7694063
189,653.813,522.1527,651.6332,522.5835,-2.1798096,0.43078613,2.2219691
189,1000.64307,164.46954,996.0792,163.99055,-4.563843,-0.47898865,4.5889096
189,691.3137,159.20482,695.1087,159.19997,3.794983,-0.004852295,3.794986
189,725.2029,321.32495,725.6733,316.55453,0.47039795,-4.7704163,4.7935524
189,585.829,313.9486,586.46375,315.9437,0.6347656,1.9950867,2.0936327
189,907.5146,23.449314,893.8905,20.3484,-13.624084,-3.100914,13.972521
189,704.7171,214.42953,706.7736,214.59167,2.0565186,0.1621399,2.0629003
189,675.4296,210.74637,681.65,210.59734,6.220398,-0.1490326,6.2221828
189,850.4434,425.58356,867.3818,433.46097,16.938354,7.877411,18.680511
189,4.611694,256.55655,5.276348,255.35924,0.66465425,-1.1973114,1.3694233
189,340.55896,171.6244,339.61423,171.30696,-0.94473267,-0.31744385,0.99663955
189,640.86975,75.58937,636.59674,79.375336,-4.2730103,3.785965,5.7089534
189,730.496,575.8971,771.6219,575.05414,41.125916,-0.84295654,41.134552
189,575.4617,344.91318,578.0869,343.3989,2.6252441,-1.5142822,3.0306695
189,543.8434,206.91328,548.4944,207.08577,4.651001,0.17248535,4.654198
189,700.0171,132.23634,706.03766,135.75844,6.020569,3.5220947,6.975127
189,857.1303,409.2846,863.6249,415.1569,6.494568,5.872284,8.755749
189,160.95302,169.64702,154.94167,169.39555,-6.0113525,-0.25146484,6.01661
189,842.81256,164.45895,841.7359,164.4266,-1.0766602,-0.032348633,1.077146
189,598.5666,444.37802,599.258,443.51883,0.69140625,-0.8591919,1.1028388
189,891.91565,381.4918,890.5034,381.56653,-1.4122314,0.07473755,1.4142077
189,861.1572,423.44476,867.1245,430.58942,5.967285,7.1446533,9.308844
189,565.53503,354.34756,567.82294,353.0945,2.2879028,-1.2530518,2.60857
189,238.68568,161.0761,235.55801,161.27562,-3.1276703,0.19952393,3.134028
190,688.67883,232.62175,691.59314,232.20541,2.9143066,-0.41633606,2.9438953
190,528.24774,348.35822,530.95984,347.4251,2.7120972,-0.93310547,2.8681278
190,555.13574,439.28238,557.2653,438.40482,2.1295776,-0.8775635,2.303306
190,533.58154,328.62546,536.3501,327.9076,2.7685547,-0.717865,2.8601093
190,532.7092,371.33344,535.2021,370.59412,2.492859,-0.73931885,2.6001804
190,708.5801,267.91345,712.1006,268.37552,3.5205078,0.46206665,3.5507014
190,740.83344,348.97778,742.14,348.6321,1.3065796,-0.3456726,1.3515323
190,188.02274,168.57559,177.90083,168.37775,-10.121902,-0.19784546,10.1238365
190,531.2323,241.84161,534.32294,241.21495,3.0906372,-0.6266632,3.153529
190,557.3011,450.04358,559.05316,449.05408,1.7520752,-0.98950195,2.0121832
190,567.4451,363.65558,569.16315,363.12344,1.7180176,-0.532135,1.7985417
190,447.71478,329.6603,450.4356,328.9637,2.7208252,-0.69659424,2.808582
190,542.6312,322.85306,545.22266,322.1287,2.5914307,-0.72436523,2.6907651
190,47.266663,171.59758,46.94146,171.22285,-0.32520294,-0.37472534,0.4961613
190,819.8204,241.2605,826.3655,235.54915,6.545105,-5.7113495,8.686651
190,965.8668,214.93549,965.83875,214.59296,-0.028076172,-0.3425293,0.34367803
190,536.8738,579.0585,538.19586,578.66486,1.3220825,-0.39361572,1.379433
190,575.19476,266.2351,583.2724,264.71783,8.077637,-1.517273,8.218901
190,568.8202,355.15796,570.57904,354.507,1.7588501,-0.65097046,1.875451
190,455.03326,167.49918,453.32617,167.57405,-1.7070923,0.07487488,1.7087336
190,790.1415,161.12111,791.2749,161.53978,1.1334229,0.41867065,1.2082766
190,879.17834,576.9615,879.2886,577.1632,0.11022949,0.20172119,0.22987384
190,651.6332,522.5835,660.55115,517.02716,8.917969,-5.5563354,10.507284
190,996.0792,163.99055,996.8661,164.37236,0.78686523,0.38180542,0.87460405
190,695.1087,159.19997,698.59955,158.83754,3.4908447,-0.36242676,3.5096083
190,725.6733,316.55453,727.80133,315.71835,2.1280518,-0.83618164,2.2864392
190,586.46375,315.9437,589.60333,313.44907,3.1395874,-2.494629,4.0100102
190,893.8905,20.3484,892.09894,7.988082,-1.791565,-12.360318,12.489482
190,706.7736,214.59167,707.4933,214.13486,0.7196655,-0.45681763,0.8524088
190,681.65,210.59734,684.1156,210.66518,2.4655762,0.067840576,2.4665093
190,867.3818,433.46097,858.7556,443.40503,-8.62616,9.944061,13.164155
190,5.276348,255.35924,7.6416836,255.27263,2.3653355,-0.08660889,2.3669205
190,339.61423,171.30696,344.35767,171.52461,4.7434387,0.21765137,4.74843
190,636.59674,79.375336,624.22046,76.77781,-12.376282,-2.5975266,12.645928
190,771.6219,575.05414,774.6317,575.3134,3.0098267,0.25927734,3.0209734
190,578.0869,343.3989,579.37054,341.45605,1.2836304,-1.9428406,2.328591
190,548.4944,207.08577,548.14514,206.33421,-0.34924316,-0.7515564,0.8287387
190,706.03766,135.75844,687.5472,135.80307,-18.490479,0.044631958,18.490532
190,863.6249,415.1569,866.7986,423.49918,3.173706,8.342285,8.925589
190,154.94167,169.39555,150.1183,169.39969,-4.8233643,0.004135132,4.823366
190,841.7359,164.4266,845.4301,164.7645,3.6942139,0.33789062,3.7096343
190,599.258,443.51883,603.3934,442.59036,4.135376,-0.9284668,4.238323
190,890.5034,381.56653,909.3177,385.70422,18.81427,4.1376953,19.263885
190,867.1245,430.58942,856.835,444.7016,-10.28949,14.112183,17.46503
190,567.82294,353.0945,569.6484,352.46918,1.8254395,-0.6253357,1.9295787
190,235.55801,161.27562,250.31856,161.05022,14.760544,-0.22540283,14.762265
191,691.59314,232.20541,694.9042,232.42285,3.3110352,0.21743774,3.3181672
191,530.95984,347.4251,533.22296,346.79025,2.2631226,-0.6348572,2.3504825
191,557.2653,438.40482,558.9244,437.61554,1.6590576,-0.7892761,1.837234
191,536.3501,327.9076,538.5681,327.35547,2.2180176,-0.552124,2.2857041
191,535.2021,370.59412,537.3791,369.70428,2.177002,-0.88983154,2.3518372
191,712.1006,268.37552,713.3343,265.98355,1.2337036,-2.3919678,2.6913815
191,742.14,348.6321,744.3984,348.77567,2.2583618,0.14355469,2.26292
191,177.90083,168.37775,182.43002,168.59193,4.52919,0.21418762,4.5342517
191,534.32294,241.21495,537.2783,240.57278,2.9553833,-0.64216614,3.0243459
191,559.05316,449.05408,561.246,448.3896,2.19281,-0.66448975,2.2912796
191,569.16315,363.12344,570.46234,362.5261,1.2991943,-0.5973511,1.429942
191,450.4356,328.9637,452.94604,328.3593,2.510437,-0.60440063,2.5821686
191,545.22266,322.1287,547.4207,321.5803,2.198059,-0.5484009,2.2654376
191,46.94146,171.22285,47.49411,171.24062,0.55265045,0.01776123,0.5529358
191,826.3655,235.54915,829.9244,236.9108,3.558899,1.3616486,3.810492
191,965.83875,214.59296,963.0394,214.33336,-2.7993164,-0.25959778,2.8113277
191,583.2724,264.71783,584.48883,266.39905,1.2164307,1.6812134,2.0751343
191,570.57904,354.507,571.8929,353.91782,1.3138428,-0.58917236,1.4398981
191,453.32617,167.57405,445.59045,167.84296,-7.735718,0.26890564,7.7403903
191,791.2749,161.53978,793.4859,161.40382,2.2109985,-0.13595581,2.2151747
191,879.2886,577.1632,887.2266,577.39667,7.9380493,0.23345947,7.9414816
191,660.55115,517.02716,657.14514,514.3872,-3.4060059,-2.6399536,4.309319
191,996.8661,164.37236,992.7433,164.25165,-4.1228027,-0.12071228,4.12457
191,698.59955,158.83754,684.4723,159.25151,-14.127258,0.41397095,14.133322
191,727.80133,315.71835,731.42206,317.2241,3.6207275,1.5057373,3.9213407
191,589.60333,313.44907,590.6786,309.92633,1.0752563,-3.5227356,3.6831837
191,892.09894,7.988082,890.41986,6.445155,-1.6790771,-1.5429268,2.280334
191,707.4933,214.13486,710.70844,214.39789,3.215149,0.263031,3.2258904
191,684.1156,210.66518,685.50214,211.03487,1.3865356,0.36968994,1.4349744
191,858.7556,443.40503,868.26685,443.4485,9.51123,0.04345703,9.51133
191,7.6416836,255.27263,7.108383,254.6724,-0.5333004,-0.600235,0.8029267
191,344.35767,171.52461,339.4476,171.41685,-4.9100647,-0.10775757,4.9112473
191,624.22046,76.77781,618.418,73.940094,-5.802429,-2.8377151,6.459165
191,774.6317,575.3134,776.2315,575.5605,1.5997925,0.24707031,1.6187587
191,579.37054,341.45605,582.1258,340.2638,2.755249,-1.1922607,3.0021465
191,548.14514,206.33421,556.96027,206.47809,8.8151245,0.14387512,8.8162985
191,687.5472,135.80307,676.8094,133.91168,-10.737793,-1.8913879,10.903098
191,866.7986,423.49918,879.8376,422.4866,13.039001,-1.0125732,13.078259
191,150.1183,169.39969,153.5575,169.57654,3.4391937,0.17684937,3.4437377
191,845.4301,164.7645,848.5559,164.44522,3.1257935,-0.3192749,3.142057
191,603.3934,442.59036,607.0496,441.88232,3.65625,-0.70803833,3.7241755
191,909.3177,385.70422,898.7109,378.34192,-10.606812,-7.3623047,12.911545
191,856.835,444.7016,866.4252,444.39853,9.590149,-0.30307007,9.594936
191,569.6484,352.46918,570.9067,351.81418,1.2583008,-0.6549988,1.4185712
191,250.31856,161.05022,243.3877,161.23969,-6.9308624,0.18946838,6.9334517
192,694.9042,232.42285,697.61646,232.26854,2.7122803,-0.15431213,2.7166665
192,533.22296,346.79025,535.2917,346.00214,2.0687256,-0.78811646,2.2137644
192,558.9244,437.61554,560.0528,436.75775,1.128418,-0.8577881,1.417437
192,538.5681,327.35547,540.75836,326.77512,2.1902466,-0.5803528,2.2658308
192,537.3791,369.70428,539.2092,368.9928,1.8301392,-0.7114868,1.9635739
192,713.3343,265.98355,717.8366,269.8516,4.5023193,3.868042,5.935708
192,744.3984,348.77567,746.12555,349.076,1.7271729,0.3003235,1.7530888
192,182.43002,168.59193,182.4008,168.67114,-0.029220581,0.079208374,0.08442635
192,537.2783,240.57278,539.93256,240.14735,2.6542358,-0.4254303,2.6881144
192,561.246,448.3896,562.5109,447.53564,1.2649536,-0.8539429,1.526213
192,570.46234,362.5261,572.20197,362.13425,1.739624,-0.3918457,1.7832091
192,452.94604,328.3593,455.09222,327.80728,2.1461792,-0.5520325,2.2160382
192,547.4207,321.5803,549.4088,320.83862,1.9880981,-0.7416687,2.1219347
192,47.49411,171.24062,47.272488,171.33647,-0.22162247,0.09585571,0.24146394
192,829.9244,236.9108,826.7335,234.82742,-3.190857,-2.083374,3.8107762
192,963.0394,214.33336,969.51575,214.31447,6.4763184,-0.01889038,6.476346
192,584.48883,266.39905,586.87897,264.75183,2.3901367,-1.6472168,2.9027705
192,571.8929,353.91782,573.4589,353.46378,1.56604,-0.45404053,1.6305319
192,445.59045,167.84296,446.7475,167.93597,1.1570435,0.09301758,1.1607764
192,793.4859,161.40382,790.47754,161.54892,-3.0083618,0.14509583,3.0118587
192,887.2266,577.39667,875.5363,577.9015,-11.690308,0.5048218,11.701203
192,657.14514,514.3872,655.33124,516.8398,-1.8139038,2.4525757,3.050471
192,992.7433,164.25165,996.3738,164.47559,3.6304932,0.22393799,3.6373932
192,684.4723,159.25151,683.3223,159.28572,-1.1499634,0.034210205,1.1504722
192,731.42206,317.2241,732.06024,314.93085,0.6381836,-2.2932434,2.3803873
192,590.6786,309.92633,592.5057,310.39102,1.8270874,0.46469116,1.885255
192,890.41986,6.445155,909.8225,21.67694,19.402649,15.231786,24.667187
192,710.70844,214.39789,713.97205,214.55182,3.2636108,0.15393066,3.2672389
192,685.50214,211.03487,689.0819,210.80264,3.579773,-0.23222351,3.5872972
192,868.26685,443.4485,866.69696,443.83044,-1.5698853,0.381958,1.6156831
192,7.108383,254.6724,5.654845,256.40802,-1.453538,1.7356262,2.263884
192,339.4476,171.41685,343.44168,171.86914,3.9940796,0.45228577,4.019606
192,618.418,73.940094,621.839,78.26076,3.4209595,4.3206635,5.510998
192,776.2315,575.5605,775.9115,575.8552,-0.32000732,0.29473877,0.43505818
192,582.1258,340.2638,583.1461,338.45477,1.0203247,-1.809021,2.0769255
192,556.96027,206.47809,555.11096,206.61606,-1.8493042,0.13796997,1.8544438
192,676.8094,133.91168,676.05585,133.73917,-0.75354004,-0.17251587,0.77303576
192,879.8376,422.4866,870.6921,420.60733,-9.145508,-1.8792725,9.336594
192,153.5575,169.57654,153.8138,169.77934,0.25630188,0.20280457,0.3268338
192,848.5559,164.44522,841.3235,164.64355,-7.232422,0.19833374,7.235141
192,607.0496,441.88232,608.245,441.3311,1.1953735,-0.551239,1.3163519
192,898.7109,378.34192,902.34204,373.57086,3.6311646,-4.771057,5.9956937
192,866.4252,444.39853,854.87933,445.41946,-11.545837,1.020935,11.590888
192,570.9067,351.81418,572.47125,351.39575,1.5645752,-0.4184265,1.6195605
192,243.3877,161.23969,239.5704,161.00032,-3.8172913,-0.23936462,3.8247886
193,697.61646,232.26854,700.36646,232.63983,2.75,0.3712921,2.774952
193,535.2917,346.00214,537.268,345.51862,1.9763184,-0.4835205,2.0346072
193,560.0528,436.75775,561.0772,436.2271,1.0244141,-0.53063965,1.1536908
193,540.75836,326.77512,542.68536,326.38788,1.927002,-0.38723755,1.9655253
193,539.2092,368.9928,540.94916,368.6326,1.7399292,-0.36019897,1.7768221
193,717.8366,269.8516,719.9323,269.90305,2.0957031,0.051452637,2.0963347
193,746.12555,349.076,748.90204,349.35953,2.7764893,0.28353882,2.7909293
193,182.4008,168.67114,191.06506,168.92723,8.664261,0.25608826,8.668045
193,539.93256,240.14735,542.53625,239.8627,2.6036987,-0.2846527,2.6192126
193,562.5109,447.53564,562.62103,446.85846,0.11010742,-0.67718506,0.6860782
193,572.20197,362.13425,572.8942,361.51385,0.69226074,-0.62039185,0.92957574
193,455.09222,327.80728,456.5526,327.35712,1.4603882,-0.4501648,1.5281956
193,549.4088,320.83862,551.369,320.50412,1.9602051,-0.33450317,1.9885412
193,47.272488,171.33647,46.39507,171.7332,-0.8774185,0.39672852,0.9629417
193,826.7335,234.82742,830.8,236.96706,4.0664673,2.1396332,4.5950174
193,969.51575,214.31447,969.63293,214.41405,0.1171875,0.09957886,0.15378185
193,586.87897,264.75183,585.894,270.97885,-0.98498535,6.2270203,6.304441
193,573.4589,353.46378,574.3139,352.8221,0.85498047,-0.6416626,1.068982
193,446.7475,167.93597,447.11545,168.10213,0.36795044,0.16615295,0.40372556
193,790.47754,161.54892,792.75775,161.68117,2.2802124,0.13224792,2.2840443
193,875.5363,577.9015,879.8018,578.60443,4.265503,0.7029419,4.323036
193,655.33124,516.8398,661.2371,515.34973,5.905884,-1.4900513,6.090954
193,996.3738,164.47559,992.44574,164.45665,-3.9280396,-0.018936157,3.9280853
193,683.3223,159.28572,683.98346,159.68024,0.6611328,0.394516,0.76989573
193,732.06024,314.93085,735.78986,318.9839,3.7296143,4.0530396,5.5079174
193,592.5057,310.39102,592.31836,309.25583,-0.1873169,-1.1351929,1.1505436
193,909.8225,21.67694,895.51215,10.99331,-14.310364,-10.683631,17.858513
193,713.97205,214.55182,715.34503,214.92462,1.3729858,0.37280273,1.4226989
193,689.0819,210.80264,691.4024,211.52202,2.3204956,0.7193756,2.4294446
193,866.69696,443.83044,873.90515,447.1258,7.208191,3.2953491,7.9257393
193,5.654845,256.40802,4.6803575,256.68484,-0.9744878,0.27682495,1.0130441
193,343.44168,171.86914,342.54346,172.17975,-0.8982239,0.3106079,0.9504122
193,621.839,78.26076,614.83105,86.95906,-7.0079346,8.698303,11.170122
193,775.9115,575.8552,784.6249,575.92993,8.713379,0.07470703,8.713699
193,583.1461,338.45477,583.70435,336.3609,0.55822754,-2.093872,2.1670067
193,555.11096,206.61606,555.4217,206.7129,0.31072998,0.096847534,0.32547283
193,676.05585,133.73917,679.7452,139.20248,3.689331,5.463318,6.5923448
193,870.6921,420.60733,868.09357,425.29413,-2.5985107,4.686798,5.358949
193,153.8138,169.77934,152.21815,170.10779,-1.5956421,0.32844543,1.6290948
193,841.3235,164.64355,838.8963,165.1393,-2.427185,0.4957428,2.4772944
193,608.245,441.3311,607.31415,441.17035,-0.93084717,-0.16073608,0.944623
193,902.34204,373.57086,901.543,373.21152,-0.79901123,-0.35934448,0.87609786
193,854.87933,445.41946,858.6355,446.17838,3.7561646,0.75891113,3.8320644
193,572.47125,351.39575,573.3258,350.7188,0.8545532,-0.6769409,1.0901881
193,239.5704,161.00032,241.54663,161.73293,1.9762268,0.732605,2.1076486
194,700.36646,232.63983,702.9064,233.10143,2.539917,0.46159363,2.5815203
194,537.268,345.51862,538.96716,344.89978,1.6991577,-0.61883545,1.8083402
194,561.0772,436.2271,561.6401,435.6064,0.5628662,-0.620697,0.837904
194,542.68536,326.38788,544.5468,325.91782,1.8614502,-0.47006226,1.9198842
194,540.94916,368.6326,542.67035,368.22562,1.7211914,-0.40698242,1.7686533
194,719.9323,269.90305,721.36774,268.73047,1.4354248,-1.1725769,1.8534781
194,748.90204,349.35953,750.4277,349.6715,1.5256348,0.3119812,1.557207
194,191.06506,168.92723,201.9204,169.49039,10.855331,0.5631561,10.869929
194,542.53625,239.8627,545.0578,239.47781,2.5215454,-0.3848877,2.550751
194,562.62103,446.85846,562.9637,446.30566,0.34265137,-0.5527954,0.6503789
194,572.8942,361.51385,573.56354,360.83643,0.6693115,-0.6774292,0.9523068
194,456.5526,327.35712,458.51706,326.82352,1.964447,-0.53359985,2.0356278
194,551.369,320.50412,553.0495,319.9126,1.680481,-0.5915222,1.7815485
194,46.39507,171.7332,46.35644,171.91164,-0.038627625,0.17843628,0.18256943
194,830.8,236.96706,824.71356,239.50555,-6.086426,2.538498,6.594585
194,969.63293,214.41405,972.3918,214.65096,2.75885,0.23690796,2.7690032
194,585.894,270.97885,584.8039,266.13968,-1.0900879,-4.8391724,4.9604316
194,574.3139,352.8221,574.8086,352.3073,0.49468994,-0.514801,0.7139595
194,447.11545,168.10213,440.76077,168.40138,-6.3546753,0.29925537,6.3617177
194,792.75775,161.68117,799.83826,161.84901,7.0805054,0.16784668,7.0824943
194,879.8018,578.60443,882.10406,579.1407,2.302246,0.5362549,2.3638754
194,661.2371,515.34973,663.8769,518.5016,2.6397705,3.1518555,4.1112747
194,992.44574,164.45665,993.79755,165.218,1.3518066,0.76135254,1.5514634
194,683.98346,159.68024,687.5213,159.7409,3.5378418,0.060668945,3.538362
194,735.78986,318.9839,739.86725,322.81274,4.0773926,3.8288574,5.5933247
194,592.31836,309.25583,590.2817,312.2323,-2.0366821,2.976471,3.6065848
194,895.51215,10.99331,894.7424,10.248034,-0.7697754,-0.74527645,1.0714436
194,715.34503,214.92462,717.3788,215.1667,2.0337524,0.24208069,2.0481095
194,691.4024,211.52202,693.83746,211.4986,2.4350586,-0.023422241,2.4351711
194,873.90515,447.1258,871.5219,442.61816,-2.3832397,-4.5076294,5.098878
194,4.6803575,256.68484,3.1239905,257.60547,-1.5563669,0.9206238,1.808266
194,342.54346,172.17975,343.99014,172.32568,1.4466858,0.14593506,1.4540278
194,614.83105,86.95906,603.21533,82.71951,-11.615723,-4.2395477,12.365225
194,784.6249,575.92993,796.3849,576.3721,11.76001,0.44213867,11.768318
194,583.70435,336.3609,582.99347,335.10126,-0.71087646,-1.2596436,1.4463911
194,555.4217,206.7129,557.9436,207.2153,2.5219116,0.50239563,2.5714664
194,679.7452,139.20248,684.63074,141.35625,4.885559,2.1537628,5.3392305
194,868.09357,425.29413,868.7725,422.62857,0.6789551,-2.6655579,2.7506688
194,152.21815,170.10779,167.66473,170.30891,15.446579,0.2011261,15.447888
194,838.8963,165.1393,843.5879,165.02902,4.6915894,-0.11027527,4.6928854
194,607.31415,441.17035,608.4162,440.9246,1.1020508,-0.24575806,1.1291205
194,901.543,373.21152,906.6884,370.1898,5.1453857,-3.0217285,5.967063
194,858.6355,446.17838,857.22125,445.5111,-1.4142456,-0.66726685,1.563757
194,573.3258,350.7188,573.84467,350.14893,0.51885986,-0.56988525,0.77070403
194,241.54663,161.73293,238.8172,162.0783,-2.7294312,0.34536743,2.7511947
195,702.9064,233.10143,705.4039,233.31978,2.4974976,0.21835327,2.5070245
195,538.96716,344.89978,540.5363,344.57736,1.5691528,-0.3224182,1.6019346
195,561.6401,435.6064,562.5486,435.06937,0.9085083,-0.53704834,1.0553712
195,544.5468,325.91782,546.3354,325.58804,1.7885742,-0.32977295,1.8187215
195,542.67035,368.22562,544.0623,367.6223,1.3919678,-0.603302,1.5170852
195,721.36774,268.73047,723.2536,268.70377,1.8858643,-0.02670288,1.8860533
195,750.4277,349.6715,751.5449,350.51645,1.1172485,0.8449402,1.4007741
195,201.9204,169.49039,196.84962,169.49992,-5.0707703,0.009536743,5.0707793
195,545.0578,239.47781,547.4751,239.45444,2.4172974,-0.023376465,2.4174104
195,562.9637,446.30566,563.69714,445.74854,0.7334595,-0.5571289,0.9210621
195,573.56354,360.83643,574.18555,360.4003,0.6220093,-0.4361267,0.75967234
195,458.51706,326.82352,460.20355,326.38623,1.6864929,-0.43728638,1.7422622
195,553.0495,319.9126,554.6738,319.50534,1.6243286,-0.40725708,1.6746049
195,46.35644,171.91164,46.667236,172.29079,0.31079483,0.3791504,0.49025345
195,824.71356,239.50555,844.9228,241.0449,20.209229,1.5393524,20.26777
195,972.3918,214.65096,972.76886,215.05997,0.3770752,0.40901184,0.556306
195,584.8039,266.13968,585.5465,266.79486,0.74261475,0.6551819,0.9903231
195,574.8086,352.3073,575.4892,352.11273,0.680603,-0.19458008,0.7078714
195,440.76077,168.40138,438.97284,168.74802,-1.7879333,0.3466339,1.821225
195,799.83826,161.84901,810.62683,161.71237,10.788574,-0.13664246,10.789439
195,882.10406,579.1407,892.18585,579.1248,10.081787,-0.01586914,10.0817995
195,663.8769,518.5016,665.5106,518.2107,1.633728,-0.29089355,1.6594235
195,993.79755,165.218,997.1772,165.59702,3.3796387,0.37901306,3.4008248
195,687.5213,159.7409,687.4141,160.18019,-0.107177734,0.43928528,0.452171
195,739.86725,322.81274,741.21277,323.18683,1.34552,0.37408447,1.3965541
195,590.2817,312.2323,589.0948,314.60867,-1.1868896,2.3763733,2.6562862
195,894.7424,10.248034,882.2401,-0.9859123,-12.502258,-11.233946,16.807974
195,717.3788,215.1667,721.0469,215.35252,3.6680908,0.18582153,3.6727946
195,693.83746,211.4986,698.13495,212.14226,4.2974854,0.6436615,4.345421
195,871.5219,442.61816,875.32904,442.83618,3.807129,0.21801758,3.8133662
195,3.1239905,257.60547,1.8162479,258.58936,-1.3077426,0.9838867,1.6365279
195,343.99014,172.32568,343.10916,172.75725,-0.88098145,0.43156433,0.9810077
195,603.21533,82.71951,609.4189,73.6686,6.2035522,-9.050911,10.972833
195,796.3849,576.3721,797.0749,577.1492,0.69000244,0.7770996,1.0392243
195,582.99347,335.10126,584.54785,334.56024,1.5543823,-0.5410156,1.645844
195,557.9436,207.2153,557.85486,207.9275,-0.08874512,0.712204,0.7177118
195,684.63074,141.35625,688.4459,143.90588,3.8151855,2.5496368,4.588713
195,868.7725,422.62857,858.4909,429.43845,-10.281616,6.8098755,12.332316
195,167.66473,170.30891,161.00735,170.5655,-6.657379,0.2565918,6.662322
195,843.5879,165.02902,843.6175,164.71648,0.02960205,-0.31254578,0.3139445
195,608.4162,440.9246,608.9408,440.75317,0.52459717,-0.17141724,0.5518932
195,906.6884,370.1898,901.2485,367.61707,-5.4399414,-2.5727234,6.0176296
195,857.22125,445.5111,860.7279,445.27448,3.5066528,-0.2366333,3.514628
195,573.84467,350.14893,574.5059,349.83847,0.6612549,-0.31045532,0.730507
195,238.8172,162.0783,240.15141,162.39085,1.3342133,0.31256104,1.3703355
196,705.4039,233.31978,708.06555,233.70837,2.6616821,0.38859558,2.6898994
196,540.5363,344.57736,542.2188,344.4139,1.6824951,-0.16345215,1.6904161
196,562.5486,435.06937,563.1943,434.8109,0.6456909,-0.25845337,0.69549614
196,546.3354,325.58804,547.92395,325.26956,1.588562,-0.31848145,1.6201727
196,544.0623,367.6223,545.75323,367.1522,1.690918,-0.4701233,1.7550554
196,723.2536,268.70377,725.05286,268.5517,1.7992554,-0.15206909,1.8056703
196,751.5449,350.51645,751.9108,350.67215,0.36590576,0.15570068,0.39765528
196,196.84962,169.49992,200.96689,169.59964,4.117264,0.09971619,4.118471
196,547.4751,239.45444,549.84827,239.34813,2.373169,-0.10630798,2.3755488
196,563.69714,445.74854,564.23535,445.51022,0.538208,-0.23831177,0.5886088
196,574.18555,360.4003,575.4461,360.26804,1.2605591,-0.13226318,1.267479
196,460.20355,326.38623,461.31824,326.1712,1.114685,-0.21502686,1.1352354
196,554.6738,319.50534,556.389,319.20633,1.7151489,-0.29901123,1.7410179
196,46.667236,172.29079,46.745472,172.344,0.078235626,0.053207397,0.09461416
196,844.9228,241.0449,840.83435,241.27454,-4.08844,0.22962952,4.0948834
196,972.76886,215.05997,972.9838,215.12845,0.21496582,0.068481445,0.22561032
196,585.5465,266.79486,586.2265,263.5714,0.6799927,-3.2234497,3.2943919
196,575.4892,352.11273,576.7388,352.03235,1.2495728,-0.0803833,1.2521555
196,438.97284,168.74802,438.9137,169.15152,-0.059143066,0.40350342,0.4078148
196,810.62683,161.71237,801.7906,162.30983,-8.836243,0.5974579,8.856418
196,665.5106,518.2107,670.0736,523.9054,4.5629883,5.694702,7.2972937
196,997.1772,165.59702,1000.46796,165.59645,3.2907715,-0.0005645752,3.2907715
196,687.4141,160.18019,698.4979,160.0351,11.083801,-0.14509583,11.08475
196,741.21277,323.18683,742.39954,323.44992,1.1867676,0.26309204,1.21558
196,589.0948,314.60867,597.83887,314.142,8.74408,-0.4666748,8.756524
196,721.0469,215.35252,721.89575,215.62389,0.84887695,0.2713623,0.8911956
196,698.13495,212.14226,699.7708,211.96843,1.6358643,-0.17382812,1.6450739
196,875.32904,442.83618,879.6755,444.47986,4.3464355,1.6436768,4.646846
196,1.8162479,258.58936,3.3304882,257.07434,1.5142403,-1.5150146,2.1420069
196,343.10916,172.75725,347.0194,172.62106,3.9102478,-0.13618469,3.9126186
196,609.4189,73.6686,617.6313,74.04338,8.212402,0.37477875,8.220949
196,797.0749,577.1492,794.4447,582.45886,-2.630188,5.3096924,5.9254303
196,584.54785,334.56024,584.4817,332.4022,-0.06616211,-2.1580505,2.1590645
196,557.85486,207.9275,559.1092,207.96736,1.2543335,0.039855957,1.2549665
196,688.4459,143.90588,697.0821,145.56407,8.636169,1.6581879,8.793919
196,858.4909,429.43845,860.7518,430.41254,2.2608643,0.9740906,2.4617798
196,161.00735,170.5655,160.92929,170.79167,-0.078063965,0.22616577,0.23925914
196,843.6175,164.71648,844.33264,165.3089,0.7151489,0.5924225,0.9286563
196,608.9408,440.75317,606.8621,440.51498,-2.0786743,-0.2381897,2.0922766
196,901.2485,367.61707,903.8325,369.0203,2.5840454,1.4032288,2.9404664
196,860.7279,445.27448,862.2499,450.24088,1.5219727,4.9664,5.194375
196,574.5059,349.83847,575.7861,349.81586,1.2801514,-0.022613525,1.280351
196,240.15141,162.39085,244.22382,162.50958,4.072403,0.11872864,4.0741334
197,708.06555,233.70837,710.51324,234.16068,2.4476929,0.45230103,2.4891317
197,542.2188,344.4139,543.92444,344.12866,1.7056274,-0.2852478,1.7293153
197,563.1943,434.8109,564.2078,434.4343,1.0135498,-0.37661743,1.0812603
197,547.92395,325.26956,549.67175,325.1515,1.7478027,-0.11807251,1.7517864
197,545.75323,367.1522,547.2038,366.91104,1.4505615,-0.2411499,1.4704701
197,725.05286,268.5517,728.37054,271.41205,3.317688,2.8603516,4.3804865
197,751.9108,350.67215,752.417,351.1834,0.50616455,0.511261,0.71943754
197,200.96689,169.59964,199.05562,169.96794,-1.9112701,0.3683014,1.9464325
197,549.84827,239.34813,551.975,239.35219,2.126709,0.004058838,2.1267128
197,564.23535,445.51022,565.4292,445.231,1.1938477,-0.27923584,1.2260689
197,575.4461,360.26804,576.28656,360.11734,0.8404541,-0.1506958,0.85385734
197,461.31824,326.1712,463.0239,325.84445,1.705658,-0.3267517,1.7366738
197,556.389,319.20633,558.0054,319.0102,1.616394,-0.19613647,1.6282504
197,46.745472,172.344,46.435837,172.79535,-0.30963516,0.45135498,0.5473529
197,840.83435,241.27454,840.46277,244.56839,-0.37158203,3.2938538,3.3147469
197,972.9838,215.12845,976.0371,215.58063,3.0532837,0.45217896,3.086585
197,586.2265,263.5714,586.80457,262.46338,0.57806396,-1.1080322,1.2497573
197,576.7388,352.03235,577.5577,351.81567,0.8189087,-0.2166748,0.84708875
197,438.9137,169.15152,436.6691,169.38168,-2.2445984,0.23016357,2.2563682
197,801.7906,162.30983,802.11255,162.8163,0.32196045,0.5064697,0.6001417
197,670.0736,523.9054,669.88025,518.4027,-0.19335938,-5.5026855,5.5060816
197,1000.46796,165.59645,1001.4372,165.63841,0.9692383,0.04196167,0.9701462
197,698.4979,160.0351,692.07355,160.52332,-6.4243774,0.4882202,6.4429016
197,742.39954,323.44992,744.13403,324.19376,1.7344971,0.74383545,1.8872656
197,597.83887,314.142,601.0701,316.58646,3.2312622,2.444458,4.0517197
197,721.89575,215.62389,724.9381,216.0316,3.0423584,0.40771484,3.0695562
197,699.7708,211.96843,702.11816,212.34055,2.347351,0.3721161,2.376663
197,879.6755,444.47986,873.1913,451.83112,-6.484192,7.3512573,9.802333
197,3.3304882,257.07434,2.3251038,258.0577,-1.0053844,0.9833679,1.4063464
197,347.0194,172.62106,348.03024,173.12334,1.0108337,0.50227356,1.1287442
197,617.6313,74.04338,616.956,77.57925,-0.67529297,3.5358658,3.5997732
197,584.4817,332.4022,586.4607,331.87747,1.9790039,-0.52471924,2.0473855
197,559.1092,207.96736,561.11395,208.4871,2.0047607,0.5197449,2.0710385
197,697.0821,145.56407,701.4444,147.61766,4.3623047,2.0535889,4.821507
197,860.7518,430.41254,853.5329,438.31195,-7.218872,7.899414,10.701068
197,160.92929,170.79167,183.69661,170.84428,22.767319,0.052612305,22.76738
197,844.33264,165.3089,848.41547,165.87932,4.0828247,0.5704193,4.1224794
197,606.8621,440.51498,608.3044,440.41425,1.4422607,-0.100738525,1.4457747
197,903.8325,369.0203,905.17694,366.8783,1.3444214,-2.1419983,2.5289574
197,862.2499,450.24088,855.45795,457.0487,-6.791931,6.807831,9.61649
197,575.7861,349.81586,576.6509,349.68207,0.8648071,-0.13378906,0.8750948
197,244.22382,162.50958,235.65921,162.83345,-8.564606,0.3238678,8.570727
198,710.51324,234.16068,712.7164,234.12634,2.203125,-0.034332275,2.2033925
198,543.92444,344.12866,545.5714,343.81622,1.6469727,-0.31243896,1.6763463
198,564.2078,434.4343,565.4524,434.28717,1.2445679,-0.14712524,1.2532338
198,549.67175,325.1515,551.54034,324.73483,1.8685913,-0.4166565,1.9144806
198,547.2038,366.91104,548.6678,366.5755,1.4639893,-0.33554077,1.5019494
198,728.37054,271.41205,731.9332,274.46582,3.562683,3.053772,4.692359
198,752.417,351.1834,754.80334,351.4507,2.3863525,0.26730347,2.4012766
198,199.05562,169.96794,188.69638,170.13387,-10.359238,0.16592407,10.360566
198,551.975,239.35219,554.22314,238.98854,2.248169,-0.36364746,2.2773895
198,565.4292,445.231,566.2328,444.92953,0.80358887,-0.30145264,0.8582708
198,576.28656,360.11734,577.2836,359.72083,0.9970703,-0.3965149,1.0730206
198,463.0239,325.84445,464.8472,325.46155,1.8233032,-0.38290405,1.8630755
198,558.0054,319.0102,559.8278,318.41544,1.8224487,-0.5947571,1.9170433
198,46.435837,172.79535,46.383854,172.63536,-0.05198288,-0.1599884,0.16822161
198,840.46277,244.56839,840.2223,248.58998,-0.24047852,4.021591,4.0287747
198,976.0371,215.58063,970.5902,215.1424,-5.4468994,-0.43823242,5.4645
198,586.80457,262.46338,592.56226,264.10883,5.7576904,1.6454468,5.9881964
198,577.5577,351.81567,578.43695,351.57812,0.87927246,-0.23754883,0.91079605
198,436.6691,169.38168,434.69366,169.42816,-1.9754333,0.04647827,1.97598
198,802.11255,162.8163,809.54834,163.24806,7.435791,0.4317627,7.448316
198,669.88025,518.4027,674.62146,516.6804,4.741211,-1.72229,5.0443397
198,1001.4372,165.63841,1002.7151,165.78793,1.2778931,0.14952087,1.2866107
198,692.07355,160.52332,685.2618,160.72191,-6.8117676,0.19859314,6.814662
198,744.13403,324.19376,745.55316,324.15088,1.4191284,-0.042877197,1.4197761
198,601.0701,316.58646,601.9109,317.7664,0.8407593,1.1799316,1.4488323
198,724.9381,216.0316,726.76086,215.90977,1.8227539,-0.12182617,1.8268206
198,702.11816,212.34055,704.1976,212.48402,2.0794067,0.1434784,2.0843508
198,873.1913,451.83112,870.30835,453.5907,-2.8829346,1.7595825,3.3774905
198,2.3251038,258.0577,3.4091125,257.46423,1.0840087,-0.59347534,1.2358348
198,348.03024,173.12334,345.66632,173.44655,-2.363922,0.32321167,2.3859158
198,616.956,77.57925,616.0444,75.67669,-0.9116211,-1.9025574,2.1096866
198,586.4607,331.87747,588.8775,331.63333,2.416809,-0.24414062,2.429109
198,561.11395,208.4871,562.4693,208.2906,1.3553467,-0.19650269,1.3695174
198,701.4444,147.61766,693.51,150.11938,-7.934387,2.5017242,8.319443
198,853.5329,438.31195,857.2503,432.7942,3.7174072,-5.517761,6.65318
198,183.69661,170.84428,179.44281,171.13774,-4.2537994,0.29345703,4.26391
198,848.41547,165.87932,848.56146,165.69305,0.1459961,-0.18626404,0.23666252
198,608.3044,440.41425,611.6671,440.16376,3.362732,-0.25048828,3.3720484
198,905.17694,366.8783,919.18994,371.40845,14.0130005,4.5301514,14.727065
198,855.45795,457.0487,856.4508,456.34824,0.9928589,-0.70047,1.2150831
198,576.6509,349.68207,577.5418,349.42624,0.8909302,-0.25582886,0.9269331
198,235.65921,162.83345,236.52654,163.33922,0.8673248,0.5057678,1.0040187
199,712.7164,234.12634,714.882,234.46487,2.1656494,0.3385315,2.1919491
199,545.5714,343.81622,547.3013,343.6874,1.7298584,-0.1288147,1.7346479
199,565.4524,434.28717,566.9805,434.0048,1.5281372,-0.28237915,1.5540081
199,551.54034,324.73483,553.3775,324.7947,1.8371582,0.05987549,1.8381337
199,548.6678,366.5755,550.4869,366.60184,1.8190918,0.02633667,1.8192824
199,731.9332,274.46582,734.038,274.721,2.1047974,0.255188,2.1202104
199,754.80334,351.4507,754.89844,352.0152,0.09509277,0.56448364,0.5724372
199,188.69638,170.13387,188.28044,170.26566,-0.41593933,0.13179016,0.43631887
199,554.22314,238.98854,556.35114,238.8094,2.1279907,-0.17913818,2.1355176
199,566.2328,444.92953,567.5332,444.6611,1.300415,-0.26843262,1.327831
199,577.2836,359.72083,578.9133,359.66785,1.6296997,-0.052978516,1.6305606
199,464.8472,325.46155,467.14856,325.0313,2.301361,-0.43023682,2.3412318
199,559.8278,318.41544,561.6476,318.46494,1.8197632,0.04949951,1.8204362
199,46.383854,172.63536,45.84758,173.04955,-0.53627396,0.41418457,0.6775977
199,840.2223,248.58998,833.44794,250.69559,-6.774353,2.105606,7.0940423
199,970.5902,215.1424,966.0804,215.20361,-4.5098267,0.06121826,4.5102425
199,592.56226,264.10883,587.87335,261.75476,-4.688904,-2.354065,5.2466598
199,578.43695,351.57812,579.95074,351.45627,1.513794,-0.12185669,1.5186906
199,434.69366,169.42816,430.99554,169.60416,-3.69812,0.17599487,3.7023056
199,809.54834,163.24806,809.67633,163.3383,0.12799072,0.09024048,0.1566045
199,674.62146,516.6804,676.0366,517.353,1.4151611,0.6726074,1.56687
199,1002.7151,165.78793,1004.1294,166.2487,1.4143066,0.46076965,1.4874716
199,685.2618,160.72191,689.1118,160.88235,3.8500366,0.16044617,3.8533783
199,745.55316,324.15088,746.351,322.4241,0.79785156,-1.7267761,1.902189
199,601.9109,317.7664,604.3131,317.45422,2.4022217,-0.3121643,2.4224193
199,726.76086,215.90977,728.3748,216.15237,1.6139526,0.24259949,1.6320839
199,704.1976,212.48402,704.8955,212.52217,0.697937,0.038146973,0.6989787
199,870.30835,453.5907,874.7652,451.68982,4.456848,-1.9008789,4.84529
199,3.4091125,257.46423,2.4077797,258.15668,-1.0013328,0.69244385,1.217434
199,345.66632,173.44655,345.32605,173.72453,-0.340271,0.27798462,0.4393857
199,616.0444,75.67669,613.367,82.41249,-2.6773682,6.7358017,7.2484016
199,588.8775,331.63333,591.6348,330.70865,2.7573242,-0.9246826,2.9082425
199,562.4693,208.2906,565.3294,208.72989,2.8601074,0.43928528,2.8936458
199,693.51,150.11938,697.5307,148.7779,4.020691,-1.3414917,4.2385793
199,857.2503,432.7942,860.986,425.01816,3.7357178,-7.7760315,8.626834
199,179.44281,171.13774,179.54272,171.45537,0.09991455,0.31762695,0.33297116
199,848.56146,165.69305,836.7278,166.32892,-11.833679,0.63586426,11.850751
199,611.6671,440.16376,611.4432,440.2136,-0.22393799,0.049835205,0.22941615
199,919.18994,371.40845,904.2255,359.54578,-14.9644165,-11.862671,19.095987
199,856.4508,456.34824,861.0039,454.50415,4.5531006,-1.8440857,4.9123697
199,577.5418,349.42624,579.1628,349.2622,1.6209717,-0.16403198,1.62925
199,236.52654,163.33922,231.68102,163.16531,-4.84552,-0.17390442,4.84864
200,714.882,234.46487,717.4933,234.81221,2.611267,0.34733582,2.6342661
200,547.3013,343.6874,549.4997,343.50214,2.1984253,-0.18527222,2.2062182
200,566.9805,434.0048,568.51855,433.79636,1.5380249,-0.20843506,1.5520843
200,553.3775,324.7947,555.4572,324.3858,2.079712,-0.40890503,2.1195295
200,550.4869,366.60184,552.73254,366.51926,2.2456665,-0.08258057,2.2471843
200,734.038,274.721,736.00507,274.5862,1.967041,-0.13479614,1.9716542
200,754.89844,352.0152,757.68976,352.27847,2.7913208,0.26327515,2.8037093
200,188.28044,170.26566,186.64085,170.52686,-1.6395874,0.26119995,1.6602627
200,556.35114,238.8094,558.73413,238.78278,2.3829956,-0.026626587,2.3831444
200,567.5332,444.6611,568.92725,444.4117,1.394043,-0.24938965,1.4161748
200,578.9133,359.66785,580.94916,359.70215,2.0358276,0.034301758,2.0361166
200,467.14856,325.0313,468.6763,324.92178,1.5277405,-0.10952759,1.5316616
200,561.6476,318.46494,563.747,318.23224,2.0994263,-0.23269653,2.1122828
200,45.84758,173.04955,46.07044,173.16063,0.22285843,0.111083984,0.2490091
200,833.44794,250.69559,830.8841,247.91832,-2.5638428,-2.7772675,3.7797494
200,966.0804,215.20361,965.9533,215.47816,-0.1270752,0.2745514,0.3025336
200,587.87335,261.75476,594.76843,264.39862,6.8950806,2.6438599,7.3845873
200,579.95074,351.45627,582.03485,351.4466,2.0841064,-0.009674072,2.0841289
200,430.99554,169.60416,428.53122,169.81212,-2.464325,0.20796204,2.4730842
200,809.67633,163.3383,804.04083,162.89409,-5.635498,-0.44421387,5.6529784
200,676.0366,517.353,676.929,518.4475,0.892395,1.0944824,1.4121829
200,1004.1294,166.2487,1003.5505,166.42001,-0.57891846,0.17131042,0.60373324
200,689.1118,160.88235,686.173,160.99095,-2.9388428,0.1085968,2.9408486
200,746.351,322.4241,748.1006,320.65405,1.7495728,-1.77005,2.4887912
200,604.3131,317.45422,607.2152,317.3233,2.9020996,-0.13092041,2.9050512
200,728.3748,216.15237,731.4075,216.53593,3.0326538,0.38356018,3.0568132
200,704.8955,212.52217,707.5475,212.80461,2.6519775,0.2824402,2.6669753
200,874.7652,451.68982,878.3638,444.43018,3.5985718,-7.2596436,8.102601
200,2.4077797,258.15668,2.0185976,258.23346,-0.3891821,0.07678223,0.39668402
200,345.32605,173.72453,344.47916,173.93605,-0.8468933,0.21151733,0.8729077
200,613.367,82.41249,608.61224,81.48315,-4.7547607,-0.9293442,4.8447323
200,591.6348,330.70865,594.7401,330.63217,3.1052856,-0.07647705,3.1062274
200,565.3294,208.72989,567.31464,209.07959,1.9852295,0.34970093,2.0157943
200,697.5307,148.7779,693.091,150.41898,-4.4396973,1.6410828,4.7332935
200,860.986,425.01816,865.10297,427.45743,4.1169434,2.43927,4.7853174
200,179.54272,171.45537,174.3688,171.72205,-5.1739197,0.26667786,5.180788
200,836.7278,166.32892,843.609,166.23616,6.8812256,-0.09275818,6.8818507
200,611.4432,440.2136,613.3047,440.1455,1.8615112,-0.06808472,1.8627559
200,904.2255,359.54578,903.6781,358.64883,-0.5474243,-0.89694214,1.050799
200,861.0039,454.50415,864.43585,451.55957,3.4319458,-2.94458,4.522035
200,579.1628,349.2622,581.2867,349.18097,2.1239014,-0.08123779,2.1254544
200,231.68102,163.16531,225.894,163.32822,-5.787018,0.16290283,5.7893105
201,717.4933,234.81221,719.6038,234.64899,2.1105347,-0.16322327,2.116837
201,549.4997,343.50214,551.3381,343.4321,1.8383789,-0.07003784,1.8397125
201,568.51855,433.79636,570.7219,433.78665,2.2033691,-0.00970459,2.2033906
201,555.4572,324.3858,557.50336,324.3747,2.0461426,-0.011108398,2.0461729
201,552.73254,366.51926,554.8305,366.05124,2.0979614,-0.46801758,2.1495306
201,736.00507,274.5862,737.53577,273.52216,1.5307007,-1.0640564,1.864205
201,757.68976,352.27847,759.1286,352.37646,1.4388428,0.09799194,1.4421757
201,186.64085,170.52686,188.8654,170.50732,2.2245483,-0.01953125,2.2246342
201,558.73413,238.78278,560.913,238.78014,2.178894,-0.0026397705,2.1788957
201,568.92725,444.4117,571.3349,444.39243,2.4076538,-0.01928711,2.407731
201,580.94916,359.70215,582.9465,359.22745,1.9973145,-0.47470093,2.0529506
201,468.6763,324.92178,470.88464,324.7066,2.2083435,-0.21517944,2.2188022
201,563.747,318.23224,565.7724,318.04672,2.0253906,-0.18551636,2.033869
201,46.07044,173.16063,46.54161,173.44305,0.47117233,0.28242493,0.5493334
201,830.8841,247.91832,842.9437,247.56621,12.059631,-0.35211182,12.064771
201,965.9533,215.47816,962.5167,216.17865,-3.4365845,0.7004852,3.5072486
201,594.76843,264.39862,598.5406,256.40692,3.7721558,-7.991699,8.837217
201,582.03485,351.4466,583.98444,350.93362,1.949585,-0.51297,2.0159414
201,428.53122,169.81212,423.29675,169.94968,-5.2344666,0.13755798,5.236274
201,804.04083,162.89409,806.6831,163.42458,2.642273,0.53048706,2.6949997
201,676.929,518.4475,678.8359,512.5121,1.9068604,-5.935425,6.2342105
201,1003.5505,166.42001,999.7195,166.69006,-3.8309937,0.27005005,3.8404999
201,686.173,160.99095,686.6276,160.91316,0.45465088,-0.07778931,0.46125764
201,748.1006,320.65405,750.8616,322.461,2.7609863,1.8069458,3.299712
201,607.2152,317.3233,604.26355,318.83334,-2.9516602,1.5100403,3.315497
201,731.4075,216.53593,732.1395,216.67543,0.73205566,0.13949585,0.7452279
201,707.5475,212.80461,711.7756,212.61096,4.2280884,-0.19364929,4.2325206
201,878.3638,444.43018,882.8931,447.60458,4.529358,3.174408,5.530999
201,2.0185976,258.23346,2.763967,257.4229,0.74536943,-0.8105469,1.1011639
201,344.47916,173.93605,343.99124,173.85698,-0.48791504,-0.079071045,0.4942806
201,608.61224,81.48315,606.24304,81.07787,-2.3692017,-0.40527344,2.4036145
201,594.7401,330.63217,599.6958,331.42703,4.9556885,0.79486084,5.0190287
201,567.31464,209.07959,567.0869,209.13106,-0.22772217,0.051467896,0.23346591
201,693.091,150.41898,690.5689,148.70819,-2.5220947,-1.7107849,3.0475805
201,865.10297,427.45743,868.43524,433.46625,3.3322754,6.0088196,6.870951
201,174.3688,171.72205,176.29291,171.64069,1.9241028,-0.08135986,1.9258221
201,843.609,166.23616,841.70435,166.55862,-1.9046631,0.322464,1.9317672
201,613.3047,440.1455,611.67206,440.00674,-1.6326294,-0.13876343,1.6385158
201,903.6781,358.64883,897.0161,357.3498,-6.6619873,-1.2990417,6.787458
201,864.43585,451.55957,868.7136,456.57022,4.277771,5.0106506,6.588319
201,581.2867,349.18097,583.32367,348.62967,2.0369873,-0.55130005,2.1102722
201,225.894,163.32822,224.56702,163.45262,-1.3269806,0.12440491,1.3327993
202,719.6038,234.64899,721.6508,234.9832,2.046997,0.33421326,2.0741012
202,551.3381,343.4321,553.67584,343.44675,2.3377686,0.0146484375,2.3378143
202,570.7219,433.78665,573.63904,434.01202,2.9171143,0.22537231,2.9258072
202,557.50336,324.3747,559.72723,324.45816,2.223877,0.083465576,2.2254426
202,554.8305,366.05124,557.125,366.39893,2.2944946,0.34768677,2.3206878
202,737.53577,273.52216,739.21844,272.3547,1.6826782,-1.16745,2.04801
202,759.1286,352.37646,761.5249,352.16376,2.3963013,-0.21270752,2.4057233
202,188.8654,170.50732,181.32483,170.45667,-7.540573,-0.05065918,7.5407434
202,560.913,238.78014,562.87573,238.658,1.9627075,-0.12213135,1.9665037
202,571.3349,444.39243,574.3477,444.57092,3.0128174,0.17849731,3.0181003
202,582.9465,359.22745,585.6267,359.48135,2.6802368,0.25390625,2.6922367
202,470.88464,324.7066,473.4425,324.69116,2.5578613,-0.0154418945,2.5579078
202,565.7724,318.04672,568.11316,318.3333,2.3407593,0.28659058,2.3582385
202,46.54161,173.44305,46.447468,173.83496,-0.094142914,0.39190674,0.40305555
202,842.9437,247.56621,848.6291,245.16628,5.685364,-2.3999329,6.1711454
202,962.5167,216.17865,964.54645,216.07367,2.0297241,-0.10498047,2.0324373
202,598.5406,256.40692,602.52405,256.26257,3.9834595,-0.14434814,3.986074
202,583.98444,350.93362,586.7017,351.31348,2.7172852,0.3798523,2.7437067
202,423.29675,169.94968,420.27518,170.10468,-3.021576,0.15499878,3.025549
202,806.6831,163.42458,808.45337,163.55006,1.7702637,0.12548828,1.7747058
202,678.8359,512.5121,675.1982,520.1039,-3.6376953,7.591797,8.418325
202,999.7195,166.69006,1000.7991,166.78311,1.0795898,0.093048096,1.0835923
202,686.6276,160.91316,678.7237,161.36137,-7.9039307,0.44821167,7.916629
202,750.8616,322.461,754.196,322.7714,3.3344116,0.3103943,3.3488274
202,604.26355,318.83334,610.2373,319.345,5.973755,0.5116577,5.995627
202,732.1395,216.67543,734.03107,217.06917,1.8915405,0.3937378,1.9320858
202,711.7756,212.61096,713.8458,213.01587,2.0702515,0.40490723,2.1094766
202,882.8931,447.60458,884.5322,445.5189,1.6390991,-2.0856934,2.6526897
202,2.763967,257.4229,3.461584,256.74347,0.69761705,-0.67944336,0.97381353
202,343.99124,173.85698,343.0317,174.15099,-0.9595337,0.29400635,1.003566
202,606.24304,81.07787,605.22485,84.70795,-1.0181885,3.6300735,3.7701647
202,599.6958,331.42703,608.2031,332.4701,8.507324,1.0430603,8.571029
202,567.0869,209.13106,567.81696,209.28165,0.7300415,0.15058899,0.74541104
202,690.5689,148.70819,680.39325,148.84389,-10.175659,0.13569641,10.176563
202,868.43524,433.46625,879.6164,440.3875,11.181152,6.9212646,13.149983
202,176.29291,171.64069,161.54845,171.68347,-14.744461,0.042785645,14.744523
202,841.70435,166.55862,839.638,166.48236,-2.0663452,-0.07626343,2.0677521
202,611.67206,440.00674,611.4053,440.12988,-0.26678467,0.12313843,0.29383183
202,897.0161,357.3498,900.93414,359.28943,3.9180298,1.9396362,4.3718586
202,868.7136,456.57022,882.1984,453.35956,13.484802,-3.2106628,13.861754
202,583.32367,348.62967,585.95374,348.91965,2.630066,0.28997803,2.6460035
202,224.56702,163.45262,225.59296,163.52618,1.02594,0.07356262,1.0285739
203,721.6508,234.9832,723.7817,234.99565,2.1308594,0.012451172,2.1308959
203,553.67584,343.44675,556.14703,343.71188,2.4711914,0.26513672,2.4853742
203,573.63904,434.01202,576.5067,434.1709,2.8676758,0.15887451,2.8720734
203,559.72723,324.45816,562.22107,324.61707,2.4938354,0.15890503,2.498893
203,557.125,366.39893,559.54877,366.60617,2.423767,0.20724487,2.4326112
203,739.21844,272.3547,742.18414,273.55603,2.9656982,1.2013245,3.1997728
203,761.5249,352.16376,764.7037,351.9937,3.178772,-0.17004395,3.183317
203,181.32483,170.45667,182.09367,170.65169,0.7688446,0.19502258,0.7931934
203,562.87573,238.658,564.70886,238.89406,1.8331299,0.23605347,1.8482658
203,574.3477,444.57092,576.6837,444.64932,2.3359985,0.07839966,2.3373137
203,585.6267,359.48135,589.08844,359.77084,3.461731,0.28948975,3.4738142
203,473.4425,324.69116,475.97186,324.74844,2.529358,0.057281494,2.5300064
203,568.11316,318.3333,570.5471,318.3641,2.43396,0.030792236,2.4341547
203,46.447468,173.83496,45.56037,173.79227,-0.8870964,-0.04269409,0.8881232
203,848.6291,245.16628,841.45435,244.50703,-7.1747437,-0.6592407,7.2049665
203,964.54645,216.07367,956.68005,215.6444,-7.866394,-0.4292755,7.878098
203,602.52405,256.26257,607.09155,257.44403,4.567505,1.1814575,4.7178326
203,586.7017,351.31348,590.0278,351.57904,3.3260498,0.26556396,3.3366349
203,420.27518,170.10468,415.44165,170.1154,-4.8335266,0.010726929,4.8335385
203,808.45337,163.55006,803.64984,163.81694,-4.803528,0.26687622,4.8109355
203,675.1982,520.1039,676.56866,515.5781,1.3704834,-4.525757,4.72871
203,1000.7991,166.78311,1002.2907,166.98816,1.4916382,0.2050476,1.5056655
203,678.7237,161.36137,683.7331,161.30743,5.0093994,-0.05393982,5.00969
203,754.196,322.7714,756.1275,321.35983,1.9315186,-1.41156,2.3923347
203,610.2373,319.345,614.46075,319.63403,4.2234497,0.28903198,4.2333283
203,734.03107,217.06917,737.7218,217.25182,3.6907349,0.1826477,3.6952517
203,713.8458,213.01587,715.3586,213.14389,1.5127563,0.12802124,1.5181638
203,884.5322,445.5189,889.02966,437.5838,4.4974365,-7.935089,9.120996
203,3.461584,256.74347,-0.20968246,259.30988,-3.6712666,2.5664062,4.4793572
203,343.0317,174.15099,344.41687,174.31383,1.3851624,0.1628418,1.3947015
203,605.22485,84.70795,610.5976,77.769966,5.3727417,-6.9379807,8.775074
203,608.2031,332.4701,610.37286,332.58545,2.1697388,0.115356445,2.1728032
203,567.81696,209.28165,570.4437,208.97906,2.62677,-0.3025818,2.64414
203,680.39325,148.84389,686.21027,149.42424,5.8170166,0.5803528,5.8458953
203,879.6164,440.3875,877.96857,441.76312,-1.6478271,1.3756104,2.146541
203,161.54845,171.68347,161.75856,171.72887,0.21011353,0.045394897,0.21496136
203,839.638,166.48236,834.6919,166.74008,-4.946106,0.25772095,4.952816
203,611.4053,440.12988,613.51556,440.33145,2.1102905,0.2015686,2.1198952
203,900.93414,359.28943,901.9317,378.18747,0.9975586,18.89804,18.92435
203,882.1984,453.35956,879.0089,456.28867,-3.1895142,2.9291077,4.3304358
203,585.95374,348.91965,589.4162,349.26294,3.4624634,0.34329224,3.4794397
203,225.59296,163.52618,226.79718,163.65201,1.2042236,0.12582397,1.2107792
204,723.7817,234.99565,725.3149,234.94731,1.5332031,-0.048339844,1.533965
204,556.14703,343.71188,558.40173,344.0136,2.2546997,0.3017273,2.2747989
204,576.5067,434.1709,579.59656,434.68198,3.0898438,0.5110779,3.1318262
204,562.22107,324.61707,564.4272,325.00745,2.2061157,0.39038086,2.240389
204,559.54877,366.60617,561.8988,367.02164,2.3500366,0.4154663,2.3864794
204,742.18414,273.55603,744.1278,273.4846,1.9436646,-0.07144165,1.944977
204,764.7037,351.9937,767.8179,352.4013,3.1141968,0.40759277,3.1407568
204,182.09367,170.65169,172.40334,170.79778,-9.690338,0.14608765,9.69144
204,564.70886,238.89406,566.3841,239.18553,1.6752319,0.2914734,1.7003995
204,576.6837,444.64932,580.43286,445.28015,3.7491455,0.63082886,3.8018465
204,589.08844,359.77084,592.22754,360.2033,3.1390991,0.4324646,3.1687489
204,475.97186,324.74844,477.88937,325.1671,1.917511,0.41867065,1.9626852
204,570.5471,318.3641,572.9655,318.7426,2.418396,0.37850952,2.4478376
204,45.56037,173.79227,45.619343,174.16441,0.058971405,0.3721466,0.37679002
204,841.45435,244.50703,858.1942,244.02357,16.739868,-0.48345947,16.746847
204,956.68005,215.6444,958.5708,216.06477,1.8907471,0.42037964,1.936916
204,607.09155,257.44403,609.6749,257.61542,2.583374,0.17138672,2.589053
204,590.0278,351.57904,593.3092,352.2026,3.281433,0.6235657,3.3401554
204,415.44165,170.1154,413.18628,170.46274,-2.255371,0.34733582,2.2819598
204,803.64984,163.81694,807.7776,163.95874,4.1277466,0.14179993,4.1301813
204,676.56866,515.5781,679.04297,515.75385,2.4743042,0.17572021,2.480536
204,1002.2907,166.98816,1003.4616,167.31534,1.1708984,0.32717896,1.2157505
204,683.7331,161.30743,677.6922,161.71323,-6.0408936,0.40579224,6.0545077
204,756.1275,321.35983,759.0074,323.24133,2.8798828,1.8815002,3.4400244
204,614.46075,319.63403,618.32544,320.84964,3.864685,1.2156067,4.051357
204,737.7218,217.25182,739.4048,217.37367,1.6829834,0.12185669,1.6873891
204,715.3586,213.14389,716.57916,213.2548,1.220581,0.11091614,1.2256103
204,889.02966,437.5838,886.60443,435.63315,-2.425232,-1.9506531,3.1123621
204,-0.20968246,259.30988,0.359231,258.1649,0.56891346,-1.144989,1.2785392
204,344.41687,174.31383,344.43878,174.48793,0.021911621,0.17410278,0.17547621
204,610.5976,77.769966,605.9159,88.638756,-4.6817017,10.86879,11.834227
204,610.37286,332.58545,613.4623,334.42172,3.0894165,1.8362732,3.5939384
204,570.4437,208.97906,570.3772,209.51303,-0.06652832,0.53396606,0.5380946
204,686.21027,149.42424,689.73676,149.18042,3.5264893,-0.24382019,3.534908
204,877.96857,441.76312,870.1763,441.95792,-7.7922974,0.1947937,7.7947316
204,161.75856,171.72887,154.07162,172.0094,-7.6869354,0.28053284,7.692053
204,834.6919,166.74008,834.6142,167.04982,-0.077697754,0.30973816,0.31933472
204,613.51556,440.33145,616.3363,440.6688,2.8207397,0.3373413,2.8408399
204,901.9317,378.18747,911.99744,371.6297,10.065735,-6.55777,12.013466
204,879.0089,456.28867,877.407,454.29666,-1.6019287,-1.9920044,2.5562193
204,589.4162,349.26294,592.61816,349.86282,3.2019653,0.59988403,3.2576742
204,226.79718,163.65201,238.0527,163.93436,11.255524,0.28234863,11.259065
205,725.3149,234.94731,726.4941,234.64543,1.1791992,-0.30187988,1.2172272
205,558.40173,344.0136,560.6054,344.3519,2.2036743,0.33828735,2.2294886
205,579.59656,434.68198,582.5983,434.9552,3.00177,0.27322388,3.014179
205,564.4272,325.00745,566.5137,325.1983,2.0864868,0.19085693,2.095198
205,561.8988,367.02164,563.9975,367.40997,2.0986938,0.38833618,2.1343198
205,744.1278,273.4846,746.4176,273.56323,2.289795,0.0786438,2.291145
205,767.8179,352.4013,771.42206,351.93524,3.604187,-0.46606445,3.634196
205,172.40334,170.79778,173.63976,171.1297,1.2364197,0.33192444,1.2801982
205,566.3841,239.18553,567.95245,239.39658,1.5683594,0.21104431,1.5824951
205,580.43286,445.28015,583.3908,445.51447,2.9579468,0.23431396,2.967213
205,592.22754,360.2033,595.1493,360.3576,2.921753,0.15429688,2.9258242
205,477.88937,325.1671,480.64066,325.241,2.7512817,0.07388306,2.7522736
205,572.9655,318.7426,575.09436,318.92328,2.1288452,0.18066406,2.1364975
205,45.619343,174.16441,44.997368,174.46548,-0.62197495,0.30107117,0.69101137
205,858.1942,244.02357,856.5204,244.73802,-1.6738281,0.714447,1.8199272
205,958.5708,216.06477,962.57965,216.84117,4.00885,0.7763977,4.0833406
205,609.6749,257.61542,610.4519,256.47052,0.77697754,-1.1448975,1.3836489
205,593.3092,352.2026,596.321,352.28772,3.0117798,0.085113525,3.0129824
205,413.18628,170.46274,414.00244,170.48181,0.8161621,0.019073486,0.816385
205,807.7776,163.95874,815.10614,163.94067,7.3285522,-0.018066406,7.3285747
205,679.04297,515.75385,678.4342,515.20593,-0.60876465,-0.5479126,0.8190254
205,1003.4616,167.31534,1005.0153,167.4188,1.5537109,0.10345459,1.5571514
205,677.6922,161.71323,680.7501,161.858,3.0579224,0.14477539,3.0613475
205,759.0074,323.24133,761.072,322.61038,2.0646362,-0.6309509,2.1588936
205,618.32544,320.84964,619.2253,319.25037,0.8998413,-1.5992737,1.8350451
205,739.4048,217.37367,739.65894,217.54008,0.2541504,0.16641235,0.30378526
205,716.57916,213.2548,716.1923,213.73949,-0.38684082,0.48468018,0.6201296
205,886.60443,435.63315,887.8614,436.82562,1.256958,1.1924744,1.7326103
205,0.359231,258.1649,-2.8502522,258.58218,-3.2094831,0.41729736,3.236498
205,344.43878,174.48793,344.91135,174.39563,0.4725647,-0.092300415,0.4814943
205,605.9159,88.638756,610.5267,95.41148,4.610779,6.772728,8.193236
205,613.4623,334.42172,612.71954,332.96054,-0.7427368,-1.4611816,1.6391186
205,570.3772,209.51303,569.471,209.76213,-0.90618896,0.24909973,0.9398027
205,689.73676,149.18042,694.45874,149.64784,4.721985,0.4674225,4.745063
205,870.1763,441.95792,872.4054,443.32816,2.229126,1.3702393,2.616593
205,154.07162,172.0094,154.36705,172.12006,0.29542542,0.11065674,0.31546962
205,834.6142,167.04982,839.9519,166.98682,5.3377075,-0.06300354,5.3380795
205,616.3363,440.6688,618.4013,440.6409,2.0650024,-0.027893066,2.0651908
205,911.99744,371.6297,910.7943,374.24832,-1.203125,2.6186218,2.8817859
205,877.407,454.29666,879.39,454.71454,1.9830322,0.4178772,2.026583
205,592.61816,349.86282,595.5633,349.88968,2.9451294,0.026855469,2.9452517
205,238.0527,163.93436,245.21085,163.57877,7.158142,-0.35559082,7.166969
206,726.4941,234.64543,728.4905,234.41386,1.9963989,-0.23156738,2.0097842
206,560.6054,344.3519,562.8894,344.41077,2.2839966,0.05886841,2.2847552
206,582.5983,434.9552,585.3062,435.182,2.7078857,0.22680664,2.7173676
206,566.5137,325.1983,568.8056,325.2492,2.2919312,0.05090332,2.2924964
206,563.9975,367.40997,566.53186,367.1669,2.5343628,-0.24307251,2.5459929
206,746.4176,273.56323,748.0536,272.27936,1.6359863,-1.2838745,2.0796118
206,771.42206,351.93524,774.1782,351.65128,2.7561646,-0.28396606,2.7707543
206,173.63976,171.1297,172.72623,170.91005,-0.91352844,-0.21965027,0.939564
206,567.95245,239.39658,569.78174,239.36298,1.8292847,-0.033599854,1.8295932
206,583.3908,445.51447,585.91205,445.68668,2.5212402,0.1722107,2.5271146
206,595.1493,360.3576,598.4965,360.59637,3.347229,0.23876953,3.3557343
206,480.64066,325.241,483.4194,325.33258,2.7787476,0.09158325,2.7802563
206,575.09436,318.92328,577.4824,318.84476,2.3880615,-0.07852173,2.389352
206,44.997368,174.46548,44.62928,174.2846,-0.36808777,-0.18087769,0.41012844
206,856.5204,244.73802,858.4354,250.87236,1.9150391,6.1343384,6.4263115
206,962.57965,216.84117,963.00775,217.47107,0.4281006,0.6298981,0.76160467
206,610.4519,256.47052,612.2592,257.58936,1.807312,1.1188354,2.1255987
206,596.321,352.28772,599.6586,352.4972,3.3376465,0.20947266,3.3442132
206,414.00244,170.48181,409.68784,170.69145,-4.3146057,0.2096405,4.3196955
206,815.10614,163.94067,814.6306,164.07184,-0.4755249,0.13116455,0.49328294
206,678.4342,515.20593,673.43195,507.63593,-5.0022583,-7.5700073,9.073456
206,1005.0153,167.4188,1005.8274,167.478,0.81207275,0.0592041,0.814228
206,680.7501,161.858,677.71515,161.5507,-3.0349731,-0.30729675,3.0504906
206,761.072,322.61038,764.1198,322.76758,3.0477905,0.15719604,3.0518417
206,619.2253,319.25037,623.6498,315.36737,4.4244995,-3.8829956,5.886752
206,739.65894,217.54008,742.0373,217.49014,2.378357,-0.049942017,2.3788812
206,716.1923,213.73949,716.74493,213.38815,0.5526123,-0.35133362,0.6548402
206,887.8614,436.82562,887.6707,433.24646,-0.19067383,-3.5791626,3.584238
206,-2.8502522,258.58218,-3.0210934,258.65454,-0.17084122,0.07235718,0.18553244
206,344.91135,174.39563,332.40784,174.35788,-12.5035095,-0.037750244,12.503567
206,610.5267,95.41148,603.3197,85.81251,-7.20697,-9.598976,12.003365
206,612.71954,332.96054,615.6769,332.3877,2.9573364,-0.57284546,3.0123065
206,569.471,209.76213,570.2223,209.75465,0.75128174,-0.0074768066,0.751319
206,694.45874,149.64784,691.49677,150.01755,-2.961975,0.3697052,2.9849586
206,872.4054,443.32816,877.0669,443.67252,4.661499,0.34436035,4.674201
206,154.36705,172.12006,152.47769,171.85121,-1.8893585,-0.2688446,1.9083902
206,839.9519,166.98682,839.64185,166.88998,-0.3100586,-0.096832275,0.32482737
206,618.4013,440.6409,622.6111,441.0503,4.209778,0.4093933,4.229637
206,910.7943,374.24832,911.79987,372.18198,1.0055542,-2.0663452,2.2980256
206,879.39,454.71454,876.59674,452.49228,-2.793274,-2.2222595,3.569428
206,595.5633,349.88968,598.79254,350.065,3.229248,0.17532349,3.234004
206,245.21085,163.57877,250.23209,163.6081,5.02124,0.029327393,5.021326
207,728.4905,234.41386,729.9084,234.16736,1.4179077,-0.24650574,1.439176
207,562.8894,344.41077,564.67523,344.4296,1.7858276,0.018829346,1.7859269
207,585.3062,435.182,588.3208,435.085,3.0145874,-0.09701538,3.016148
207,568.8056,325.2492,570.58154,325.30283,1.77594,0.053619385,1.7767493
207,566.53186,367.1669,568.71674,367.35162,2.1848755,0.1847229,2.1926703
207,748.0536,272.27936,751.0902,273.72232,3.036621,1.4429626,3.3620245
207,774.1782,351.65128,778.5486,351.2538,4.3703613,-0.39746094,4.3883977
207,172.72623,170.91005,177.57709,170.83107,4.8508606,-0.07897949,4.8515034
207,569.78174,239.36298,571.1713,239.16104,1.3895874,-0.20193481,1.4041834
207,585.91205,445.68668,588.78674,445.54257,2.8746948,-0.144104,2.8783045
207,598.4965,360.59637,601.7297,360.56006,3.2331543,-0.036315918,3.2333584
207,483.4194,325.33258,484.94656,325.44095,1.5271606,0.10836792,1.5310007
207,577.4824,318.84476,579.4843,319.1291,2.001892,0.28433228,2.0219834
207,44.62928,174.2846,44.606068,173.706,-0.023212433,-0.5786133,0.57907873
207,858.4354,250.87236,857.74493,248.16005,-0.6904907,-2.7123108,2.7988224
207,963.00775,217.47107,964.90027,216.89873,1.8925171,-0.5723419,1.9771687
207,612.2592,257.58936,614.1873,257.80188,1.9281006,0.21252441,1.939778
207,599.6586,352.4972,602.82983,352.4443,3.1712036,-0.052886963,3.1716444
207,409.68784,170.69145,409.26102,170.39299,-0.42681885,-0.2984619,0.5208203
207,814.6306,164.07184,816.32196,164.01085,1.6913452,-0.06098938,1.6924446
207,673.43195,507.63593,681.3864,514.58,7.954468,6.944092,10.559071
207,1005.8274,167.478,1016.0032,167.7189,10.175781,0.24090576,10.178633
207,677.71515,161.5507,673.63654,161.67361,-4.0786133,0.122909546,4.080465
207,764.1198,322.76758,767.3446,324.16418,3.2247925,1.3966064,3.5142276
207,623.6498,315.36737,625.6676,318.66132,2.0178223,3.2939453,3.8628592
207,742.0373,217.49014,742.6377,217.33371,0.60040283,-0.1564331,0.62044734
207,716.74493,213.38815,719.90796,213.72107,3.163025,0.33291626,3.1804967
207,887.6707,433.24646,888.8059,433.6737,1.1351929,0.4272461,1.2129313
207,-3.0210934,258.65454,-2.2882662,257.87686,0.7328272,-0.77767944,1.0685602
207,332.40784,174.35788,323.14944,174.3053,-9.258392,-0.052581787,9.258541
207,603.3197,85.81251,595.59894,80.18659,-7.720764,-5.6259155,9.553069
207,615.6769,332.3877,619.8308,332.18607,4.1539307,-0.20162964,4.1588216
207,570.2223,209.75465,571.3807,209.3578,1.1583862,-0.3968506,1.2244791
207,691.49677,150.01755,694.258,150.08484,2.7612305,0.06729126,2.7620502
207,877.0669,443.67252,877.77997,444.704,0.71307373,1.0314941,1.2539754
207,152.47769,171.85121,158.28545,171.49326,5.8077545,-0.35795593,5.818775
207,839.64185,166.88998,841.7647,167.01598,2.1228638,0.12599182,2.1265993
207,622.6111,441.0503,623.7017,440.88153,1.0906372,-0.1687622,1.1036168
207,911.79987,372.18198,923.7898,369.16302,11.989929,-3.0189514,12.3641615
207,876.59674,452.49228,875.4959,450.72342,-1.1008301,-1.7688599,2.0834327
207,598.79254,350.065,601.8715,350.1665,3.0789795,0.101501465,3.0806522
207,250.23209,163.6081,249.97379,163.46619,-0.25830078,-0.14190674,0.2947148
208,729.9084,234.16736,731.30994,233.63916,1.4015503,-0.52819824,1.4977772
208,564.67523,344.4296,566.5354,344.40347,1.8601685,-0.026123047,1.8603519
208,588.3208,435.085,590.87634,435.10718,2.555542,0.02218628,2.5556383
208,570.58154,325.30283,572.2577,325.18558,1.6761475,-0.117248535,1.6802434
208,568.71674,367.35162,570.617,367.02643,1.9002686,-0.3251953,1.9278933
208,751.0902,273.72232,753.24927,274.26752,2.1590576,0.54519653,2.2268295
208,778.5486,351.2538,782.1628,350.5115,3.6141968,-0.7423096,3.6896398
208,177.57709,170.83107,181.16586,170.95592,3.5887756,0.12484741,3.5909467
208,571.1713,239.16104,572.51807,239.26581,1.3467407,0.104766846,1.3508096
208,588.78674,445.54257,590.4762,445.48996,1.6894531,-0.052612305,1.6902721
208,601.7297,360.56006,604.2884,360.2927,2.5587158,-0.2673645,2.5726466
208,484.94656,325.44095,486.5359,325.39908,1.589325,-0.041870117,1.5898764
208,579.4843,319.1291,581.3106,319.11386,1.826294,-0.0152282715,1.8263575
208,44.606068,173.706,44.834152,173.7971,0.22808456,0.09111023,0.24560872
208,857.74493,248.16005,856.93823,246.53168,-0.80670166,-1.6283722,1.8172407
208,964.90027,216.89873,963.64215,218.0692,-1.2581177,1.1704712,1.7183896
208,614.1873,257.80188,610.8716,261.96317,-3.3157349,4.1612854,5.320751
208,602.82983,352.4443,605.24054,351.99118,2.4107056,-0.453125,2.4529214
208,409.26102,170.39299,409.5923,170.21896,0.3312683,-0.17402649,0.3741977
208,816.32196,164.01085,822.4302,164.17055,6.1082153,0.15969849,6.110303
208,681.3864,514.58,679.37103,513.3292,-2.0153809,-1.2507935,2.3719704
208,1016.0032,167.7189,1014.345,167.40018,-1.6582031,-0.3187256,1.6885567
208,673.63654,161.67361,672.5121,161.6088,-1.1244507,-0.064819336,1.1263174
208,767.3446,324.16418,768.65,322.55203,1.3054199,-1.6121521,2.0744047
208,625.6676,318.66132,627.8241,316.9568,2.1564941,-1.7045288,2.7487972
208,742.6377,217.33371,744.20337,217.2764,1.5656738,-0.05731201,1.5667224
208,719.90796,213.72107,721.59436,213.71144,1.6864014,-0.009628296,1.6864289
208,888.8059,433.6737,885.18164,435.31754,-3.6242676,1.6438293,3.9796345
208,-2.2882662,257.87686,-1.593502,257.21088,0.69476414,-0.6659851,0.9624102
208,323.14944,174.3053,324.4354,174.06343,1.2859497,-0.24186707,1.3084978
208,595.59894,80.18659,596.499,79.07826,0.90008545,-1.1083298,1.4277775
208,619.8308,332.18607,621.2168,329.26697,1.3859863,-2.919098,3.2314224
208,571.3807,209.3578,572.3462,208.4706,0.96551514,-0.88720703,1.3112421
208,694.258,150.08484,697.14,149.75253,2.882019,-0.3323059,2.9011137
208,877.77997,444.704,870.1578,453.41052,-7.6221924,8.706512,11.571568
208,158.28545,171.49326,156.42471,171.61717,-1.860733,0.123916626,1.8648547
208,841.7647,167.01598,845.0041,167.06577,3.23938,0.04978943,3.2397623
208,623.7017,440.88153,625.65826,440.95166,1.956543,0.070129395,1.9577994
208,923.7898,369.16302,931.1583,364.0677,7.3685303,-5.095337,8.958666
208,875.4959,450.72342,868.37445,457.7873,-7.12146,7.0638733,10.030628
208,601.8715,350.1665,604.49133,349.67133,2.619812,-0.49517822,2.666199
208,249.97379,163.46619,263.42676,163.7194,13.452972,0.2532196,13.455356
209,731.30994,233.63916,732.112,233.22481,0.802063,-0.41435242,0.9027696
209,566.5354,344.40347,568.2575,344.63525,1.7221069,0.231781,1.7376348
209,590.87634,435.10718,593.8535,435.2844,2.9771729,0.17721558,2.9824426
209,572.2577,325.18558,573.9146,325.2952,1.6569214,0.10961914,1.6605436
209,570.617,367.02643,572.3707,367.31857,1.7537231,0.29214478,1.7778902
209,753.24927,274.26752,754.45905,273.65192,1.2097778,-0.6156006,1.357397
209,782.1628,350.5115,785.07874,350.54227,2.9159546,0.030761719,2.916117
209,181.16586,170.95592,189.23116,170.50232,8.065292,-0.45359802,8.078037
209,572.51807,239.26581,573.64813,239.1776,1.1300659,-0.08821106,1.1335034
209,590.4762,445.48996,594.0643,445.80414,3.5880737,0.31417847,3.6018026
209,604.2884,360.2927,606.9573,360.49887,2.6688843,0.20617676,2.6768363
209,486.5359,325.39908,488.47537,325.47504,1.9394836,0.07595825,1.9409705
209,581.3106,319.11386,583.43066,319.46722,2.1200562,0.35336304,2.149303
209,44.834152,173.7971,44.22934,173.47917,-0.6048126,-0.31793213,0.68328553
209,856.93823,246.53168,850.4047,250.87892,-6.5335083,4.3472443,7.8476276
209,963.64215,218.0692,971.338,218.72382,7.695862,0.6546173,7.723653
209,610.8716,261.96317,610.4892,263.19543,-0.38238525,1.2322693,1.2902348
209,605.24054,351.99118,608.07263,351.9479,2.8320923,-0.043273926,2.832423
209,409.5923,170.21896,415.1646,170.37663,5.5723267,0.15766907,5.574557
209,822.4302,164.17055,824.14935,164.52269,1.7191772,0.35214233,1.7548717
209,679.37103,513.3292,679.5624,511.07358,0.19134521,-2.2556458,2.263747
209,1014.345,167.40018,1015.9952,167.09804,1.6502075,-0.30213928,1.6776391
209,672.5121,161.6088,671.89233,161.47496,-0.619751,-0.13383484,0.6340371
209,768.65,322.55203,772.6744,324.97467,4.024353,2.422638,4.697296
209,627.8241,316.9568,631.54816,320.31235,3.72406,3.3555603,5.0128245
209,744.20337,217.2764,742.6157,217.27518,-1.5876465,-0.0012207031,1.587647
209,721.59436,213.71144,722.4566,213.83165,0.86224365,0.12020874,0.8705827
209,885.18164,435.31754,879.3522,434.27002,-5.829468,-1.0475159,5.922836
209,-1.593502,257.21088,-2.4386387,257.90967,-0.84513664,0.6987915,1.0966154
209,324.4354,174.06343,325.70438,173.91368,1.2689819,-0.14974976,1.2777872
209,596.499,79.07826,595.9994,63.76515,-0.4996338,-15.313114,15.321263
209,621.2168,329.26697,624.2645,328.26364,3.0477295,-1.0033264,3.208632
209,572.3462,208.4706,570.2225,208.39003,-2.1237183,-0.080566406,2.1252458
209,697.14,149.75253,700.44507,147.73993,3.3050537,-2.0126038,3.8696194
209,870.1578,453.41052,864.8092,456.2311,-5.348572,2.8205872,6.046729
209,156.42471,171.61717,170.42906,171.42981,14.004349,-0.18736267,14.005602
209,845.0041,167.06577,845.70764,166.62025,0.70355225,-0.44551086,0.8327459
209,625.65826,440.95166,629.3221,440.8363,3.6638184,-0.115356445,3.665634
209,931.1583,364.0677,931.3471,357.0477,0.18878174,-7.019989,7.0225267
209,868.37445,457.7873,862.20856,465.9063,-6.1658936,8.119019,10.194936
209,604.49133,349.67133,607.314,349.75317,2.8226929,0.081848145,2.8238792
209,263.42676,163.7194,270.55524,163.79182,7.128479,0.07241821,7.1288466
210,732.112,233.22481,733.22437,232.7966,1.1123657,-0.4282074,1.1919392
210,568.2575,344.63525,569.91315,344.62982,1.6556396,-0.005432129,1.6556486
210,593.8535,435.2844,596.38025,435.49915,2.5267334,0.2147522,2.5358431
210,573.9146,325.2952,575.4578,325.1816,1.5432129,-0.113586426,1.5473874
210,572.3707,367.31857,574.17523,367.41138,1.8045044,0.092803955,1.8068892
210,754.45905,273.65192,757.4382,275.17712,2.979126,1.5252075,3.3468566
210,785.07874,350.54227,788.32715,350.33807,3.248413,-0.20419312,3.2548244
210,189.23116,170.50232,188.30788,170.23409,-0.9232788,-0.26823425,0.9614538
210,573.64813,239.1776,574.5821,239.2679,0.93395996,0.09030151,0.9383153
210,594.0643,445.80414,596.48834,446.04852,2.4240723,0.24438477,2.4363601
210,606.9573,360.49887,609.435,360.6961,2.4777222,0.1972351,2.4855602
210,488.47537,325.47504,490.3381,325.471,1.8627319,-0.0040283203,1.8627362
210,583.43066,319.46722,585.1891,319.33133,1.7584229,-0.13589478,1.7636662
210,44.22934,173.47917,44.329906,173.62064,0.100566864,0.14146423,0.17356792
210,850.4047,250.87892,862.1102,254.49493,11.705505,3.6160126,12.251302
210,971.338,218.72382,966.6416,217.76314,-4.696411,-0.9606781,4.7936606
210,610.4892,263.19543,613.34625,261.95288,2.8570557,-1.2425537,3.1155589
210,608.07263,351.9479,610.5597,352.2909,2.4870605,0.34298706,2.5105996
210,415.1646,170.37663,412.3566,169.93297,-2.808014,-0.44366455,2.8428473
210,824.14935,164.52269,819.2873,163.61813,-4.8620605,-0.9045563,4.9454885
210,679.5624,511.07358,672.3026,500.35852,-7.2597656,-10.715057,12.942822
210,1015.9952,167.09804,1015.6587,167.2301,-0.33648682,0.13206482,0.36147544
210,671.89233,161.47496,680.9094,161.41367,9.01709,-0.061294556,9.017298
210,772.6744,324.97467,773.3402,321.71494,0.6658325,-3.259735,3.3270416
210,631.54816,320.31235,635.4292,320.31992,3.8810425,0.0075683594,3.8810499
210,742.6157,217.27518,746.07074,217.19334,3.455017,-0.081832886,3.455986
210,722.4566,213.83165,724.8715,213.63635,2.414917,-0.19529724,2.4228013
210,879.3522,434.27002,879.08606,431.49036,-0.26611328,-2.779663,2.7923722
210,-2.4386387,257.90967,-3.081582,257.1175,-0.6429434,-0.7921753,1.0202538
210,325.70438,173.91368,327.30927,173.55078,1.6048889,-0.36289978,1.6454071
210,595.9994,63.76515,595.42664,55.326435,-0.5727539,-8.438713,8.458128
210,624.2645,328.26364,626.0603,327.5833,1.7957764,-0.68032837,1.920328
210,570.2225,208.39003,570.70123,208.60048,0.47875977,0.21044922,0.52297205
210,700.44507,147.73993,701.88324,146.91537,1.4381714,-0.82455444,1.6577778
210,864.8092,456.2311,874.78503,450.3295,9.97583,-5.9016113,11.590781
210,170.42906,171.42981,170.43037,171.37517,0.0013122559,-0.054641724,0.054657478
210,845.70764,166.62025,844.08704,166.82184,-1.6206055,0.20158386,1.6330947
210,629.3221,440.8363,631.532,440.91104,2.2099,0.07473755,2.2111633
210,931.3471,357.0477,936.1838,356.71762,4.83667,-0.33007812,4.84792
210,862.20856,465.9063,866.8095,466.8351,4.600952,0.9288025,4.6937656
210,607.314,349.75317,609.78827,350.10342,2.4742432,0.35025024,2.4989107
210,270.55524,163.79182,271.54126,163.45734,0.98602295,-0.33448792,1.0412126
211,733.22437,232.7966,734.3255,232.67235,1.1011353,-0.12425232,1.1081234
211,569.91315,344.62982,571.6789,344.90952,1.7657471,0.2796936,1.7877614
211,596.38025,435.49915,598.9047,435.50867,2.524475,0.009521484,2.524493
211,575.4578,325.1816,577.12933,325.472,1.6715088,0.29037476,1.6965433
211,574.17523,367.41138,576.1793,367.64572,2.0040894,0.23434448,2.017744
211,757.4382,275.17712,759.9199,276.60202,2.4817505,1.4248962,2.8617153
211,788.32715,350.33807,791.1952,350.19965,2.868042,-0.13842773,2.8713808
211,188.30788,170.23409,216.86171,170.54332,28.553833,0.30923462,28.555508
211,574.5821,239.2679,575.81195,239.56567,1.2298584,0.29777527,1.265394
211,596.48834,446.04852,599.24414,446.11108,2.7557983,0.062561035,2.7565084
211,609.435,360.6961,612.3138,361.0964,2.8787842,0.40029907,2.906482
211,490.3381,325.471,492.26132,325.4418,1.9232178,-0.029205322,1.9234396
211,585.1891,319.33133,587.1663,319.67822,1.9772339,0.3468933,2.0074334
211,44.329906,173.62064,43.878784,173.77676,-0.45112228,0.15612793,0.47737536
211,862.1102,254.49493,863.4442,255.01117,1.3339844,0.51623535,1.4303893
211,966.6416,217.76314,967.5633,218.0571,0.9216919,0.29396057,0.96743417
211,613.34625,261.95288,610.65265,265.58832,-2.6936035,3.635437,4.5245886
211,610.5597,352.2909,613.5785,352.5996,3.0187988,0.30871582,3.0345433
211,412.3566,169.93297,413.2616,170.17458,0.9049988,0.24160767,0.93669474
211,819.2873,163.61813,823.80566,163.81473,4.5183716,0.19659424,4.5226464
211,672.3026,500.35852,676.12756,507.3187,3.8249512,6.9601746,7.941932
211,1015.6587,167.2301,1015.6057,167.25151,-0.052978516,0.021408081,0.057140432
211,680.9094,161.41367,680.9677,161.23712,0.058288574,-0.17654419,0.18591775
211,773.3402,321.71494,775.4605,321.70746,2.1203003,-0.0074768066,2.1203134
211,635.4292,320.31992,643.17786,320.2211,7.748657,-0.09881592,7.749287
211,746.07074,217.19334,746.7121,217.31076,0.6413574,0.11741638,0.6520168
211,724.8715,213.63635,724.8354,213.61267,-0.036132812,-0.02368164,0.043201856
211,879.08606,431.49036,881.0664,434.31876,1.9803467,2.8283997,3.4527695
211,-3.081582,257.1175,-4.6351137,258.34335,-1.5535316,1.2258606,1.9789377
211,327.30927,173.55078,320.62723,173.81743,-6.6820374,0.26664734,6.6873555
211,595.42664,55.326435,594.4759,48.173958,-0.9507446,-7.1524773,7.2153897
211,626.0603,327.5833,627.425,331.2407,1.364685,3.6573792,3.903689
211,570.70123,208.60048,568.78516,208.14496,-1.9160767,-0.45552063,1.9694793
211,701.88324,146.91537,699.72235,147.24796,-2.1608887,0.33258057,2.1863325
211,874.78503,450.3295,875.7385,451.3788,0.9534912,1.0493164,1.4178189
211,170.43037,171.37517,183.90372,171.28053,13.473343,-0.09463501,13.473676
211,844.08704,166.82184,845.71515,166.30188,1.6281128,-0.5199585,1.709125
211,631.532,440.91104,637.3254,441.14362,5.793396,0.23257446,5.798063
211,936.1838,356.71762,940.2916,354.2883,4.107849,-2.4293213,4.7724233
211,866.8095,466.8351,869.20764,471.7624,2.3981323,4.9272766,5.479881
211,609.78827,350.10342,612.74036,350.38974,2.9520874,0.28631592,2.9659395
211,271.54126,163.45734,275.56415,163.61845,4.022888,0.16111755,4.0261135
212,734.3255,232.67235,735.68567,232.71373,1.3601685,0.041381836,1.3607978
212,571.6789,344.90952,573.6188,345.2204,1.9398804,0.31088257,1.9646332
212,598.9047,435.50867,601.8433,435.9985,2.9385986,0.48983765,2.9791446
212,577.12933,325.472,579.0675,325.63748,1.9381714,0.16549683,1.9452243
212,576.1793,367.64572,578.33093,367.80124,2.1516113,0.15551758,2.1572244
212,759.9199,276.60202,769.71155,289.5209,9.791626,12.918884,16.210289
212,791.1952,350.19965,793.6424,349.73807,2.4472046,-0.46157837,2.4903545
212,216.86171,170.54332,216.42883,170.54259,-0.4328766,-0.0007324219,0.4328772
212,575.81195,239.56567,577.26984,239.61719,1.4578857,0.051513672,1.4587955
212,599.24414,446.11108,602.43604,446.59372,3.1918945,0.4826355,3.228177
212,612.3138,361.0964,615.3733,361.43185,3.0595093,0.33544922,3.077844
212,492.26132,325.4418,494.5105,325.6238,2.249176,0.18200684,2.2565281
212,587.1663,319.67822,589.32184,319.77847,2.1555176,0.100250244,2.1578476
212,43.878784,173.77676,43.595493,173.76102,-0.28329086,-0.01574707,0.28372818
212,863.4442,255.01117,864.1089,257.85477,0.66467285,2.8435974,2.920246
212,967.5633,218.0571,968.31726,218.621,0.7539673,0.5639038,0.94151694
212,610.65265,265.58832,617.4759,268.70334,6.823242,3.1150208,7.5006657
212,613.5785,352.5996,616.49054,352.9453,2.9120483,0.34570312,2.9324965
212,413.2616,170.17458,413.02002,170.24126,-0.24157715,0.06668091,0.25061098
212,823.80566,163.81473,826.50757,164.0569,2.7019043,0.24217224,2.7127357
212,676.12756,507.3187,676.5764,499.20618,0.44885254,-8.112518,8.124926
212,1015.6057,167.25151,1013.52606,167.41809,-2.0796509,0.1665802,2.0863118
212,680.9677,161.23712,687.50824,161.29648,6.5405273,0.05935669,6.5407968
212,775.4605,321.70746,778.0262,322.25473,2.5656738,0.5472717,2.6233926
212,643.17786,320.2211,646.08966,319.59122,2.9118042,-0.6298828,2.9791536
212,746.7121,217.31076,749.3667,217.3717,2.654602,0.060943604,2.6553016
212,724.8354,213.61267,725.05695,213.74368,0.22155762,0.13101196,0.25739446
212,881.0664,434.31876,878.2825,437.36945,-2.7839355,3.0506897,4.1300125
212,-4.6351137,258.34335,-4.9560013,258.29474,-0.32088757,-0.048614502,0.32454923
212,320.62723,173.81743,320.1241,173.93588,-0.5031128,0.11845398,0.51686925
212,594.4759,48.173958,583.5721,36.306633,-10.903809,-11.867325,16.11603
212,627.425,331.2407,631.5857,331.35635,4.1607056,0.11566162,4.162313
212,568.78516,208.14496,569.1872,207.97208,0.40203857,-0.17288208,0.43763366
212,699.72235,147.24796,704.8855,145.6257,5.163147,-1.6222534,5.4120045
212,875.7385,451.3788,876.8664,455.2357,1.1278687,3.8568726,4.018402
212,183.90372,171.28053,182.91942,171.40175,-0.9842987,0.12121582,0.99173445
212,845.71515,166.30188,847.56,166.46822,1.8448486,0.16633606,1.8523321
212,637.3254,441.14362,640.06067,441.3287,2.7352905,0.18508911,2.7415457
212,940.2916,354.2883,939.649,363.0834,-0.64263916,8.795105,8.818552
212,869.20764,471.7624,870.4646,473.2999,1.256958,1.5375061,1.9859176
212,612.74036,350.38974,615.6671,350.68314,2.9267578,0.293396,2.941427
212,275.56415,163.61845,256.9118,163.73935,-18.652344,0.120895386,18.652735
213,735.68567,232.71373,737.1151,232.71405,1.4294434,0.00032043457,1.4294434
213,573.6188,345.2204,575.59155,345.45297,1.9727783,0.23257446,1.9864403
213,601.8433,435.9985,604.3819,436.23328,2.5385742,0.23477173,2.549407
213,579.0675,325.63748,580.7241,326.11523,1.6566162,0.4777527,1.7241303
213,578.33093,367.80124,580.34595,368.05536,2.0150146,0.25411987,2.0309753
213,769.71155,289.5209,768.8251,285.06564,-0.8864746,-4.455261,4.5425973
213,793.6424,349.73807,795.8235,349.49905,2.1810913,-0.23901367,2.1941483
213,216.42883,170.54259,232.38121,170.71817,15.952377,0.17558289,15.953343
213,577.26984,239.61719,578.5776,239.96178,1.3077393,0.34458923,1.352377
213,602.43604,446.59372,604.8017,446.76767,2.3656616,0.1739502,2.3720484
213,615.3733,361.43185,617.8068,361.37506,2.4335327,-0.056793213,2.4341953
213,494.5105,325.6238,496.50146,325.8879,1.9909668,0.26409912,2.0084066
213,589.32184,319.77847,591.1285,320.3986,1.8066406,0.6201172,1.9101036
213,43.595493,173.76102,43.420174,173.75558,-0.17531967,-0.005432129,0.1754038
213,864.1089,257.85477,865.0987,259.32715,0.9898071,1.4723816,1.7741549
213,968.31726,218.621,975.8059,217.61154,7.4886475,-1.0094604,7.556378
213,617.4759,268.70334,618.96063,270.26758,1.4847412,1.5642395,2.1566877
213,616.49054,352.9453,619.1109,352.89215,2.6203613,-0.05316162,2.6209006
213,413.02002,170.24126,413.33383,170.49841,0.31381226,0.25715637,0.40571854
213,826.50757,164.0569,815.3691,164.1289,-11.138489,0.072006226,11.138721
213,676.5764,499.20618,673.4016,501.28183,-3.1748047,2.075653,3.793115
213,1013.52606,167.41809,1021.5352,167.74846,8.009155,0.33036804,8.015966
213,687.50824,161.29648,686.98737,161.41599,-0.520874,0.119506836,0.53440773
213,778.0262,322.25473,780.70654,322.7118,2.680359,0.45706177,2.7190495
213,646.08966,319.59122,648.23755,319.34656,2.1478882,-0.24465942,2.1617775
213,749.3667,217.3717,751.53,217.36002,2.16333,-0.011688232,2.1633618
213,725.05695,213.74368,725.3887,213.93297,0.33172607,0.18928528,0.38193077
213,878.2825,437.36945,882.73706,435.7422,4.45459,-1.6272583,4.7425036
213,-4.9560013,258.29474,-4.809169,257.83258,0.14683247,-0.4621582,0.48492265
213,320.1241,173.93588,320.4053,174.14244,0.28118896,0.20655823,0.34890333
213,583.5721,36.306633,578.1721,13.169228,-5.3999634,-23.137405,23.759192
213,631.5857,331.35635,633.7022,333.00336,2.116516,1.6470032,2.681839
213,569.1872,207.97208,570.49365,208.25163,1.3064575,0.27955627,1.3360325
213,704.8855,145.6257,709.36475,143.74484,4.479248,-1.8808594,4.8581166
213,876.8664,455.2357,883.21857,454.1653,6.352173,-1.0703735,6.4417233
213,182.91942,171.40175,182.4724,171.23492,-0.44702148,-0.16682434,0.4771358
213,847.56,166.46822,845.43024,166.53618,-2.1297607,0.06796265,2.1308448
213,640.06067,441.3287,644.4424,441.53445,4.381714,0.20574951,4.386542
213,939.649,363.0834,947.33856,356.7484,7.689575,-6.3349915,9.963016
213,870.4646,473.2999,868.3334,475.28125,-2.1312256,1.9813538,2.9099631
213,615.6671,350.68314,618.29004,350.6586,2.6229248,-0.024536133,2.6230397
213,256.9118,163.73935,275.01575,163.88194,18.103943,0.14259338,18.104504
214,737.1151,232.71405,738.40643,232.70013,1.2913208,-0.013916016,1.2913958
214,575.59155,345.45297,577.3496,345.66492,1.7580566,0.21194458,1.7707862
214,604.3819,436.23328,607.0712,436.46204,2.689331,0.22875977,2.6990428
214,580.7241,326.11523,582.6126,326.11694,1.8884888,0.0017089844,1.8884895
214,580.34595,368.05536,582.11804,367.98322,1.7720947,-0.072143555,1.7735627
214,768.8251,285.06564,779.9909,298.79797,11.1658325,13.73233,17.698946
214,795.8235,349.49905,798.22034,349.21072,2.3968506,-0.28833008,2.4141307
214,232.38121,170.71817,242.6075,170.7606,10.226288,0.042434692,10.226376
214,578.5776,239.96178,580.08264,240.01413,1.5050659,0.052352905,1.5059762
214,604.8017,446.76767,607.8752,447.0615,3.0734863,0.29382324,3.0874991
214,617.8068,361.37506,620.60693,361.6671,2.8001099,0.29205322,2.8152993
214,496.50146,325.8879,498.46017,325.93747,1.9587097,0.049560547,1.9593366
214,591.1285,320.3986,593.3118,320.3434,2.1833496,-0.05517578,2.1840465
214,43.420174,173.75558,43.44015,173.94774,0.01997757,0.19215393,0.19318964
214,865.0987,259.32715,872.4905,259.36304,7.3917847,0.035888672,7.391872
214,975.8059,217.61154,981.3987,218.84183,5.5927734,1.2302856,5.7264924
214,618.96063,270.26758,623.6577,271.3382,4.6970825,1.0706177,4.817552
214,619.1109,352.89215,621.8892,353.24695,2.7783203,0.35479736,2.8008828
214,413.33383,170.49841,411.98407,170.47807,-1.349762,-0.020339966,1.3499151
214,815.3691,164.1289,816.7165,164.31168,1.3474121,0.18276978,1.3597515
214,673.4016,501.28183,668.5916,501.04437,-4.8099976,-0.23745728,4.815855
214,1021.5352,167.74846,1021.32654,168.15253,-0.2086792,0.404068,0.4547724
214,686.98737,161.41599,686.59247,161.63257,-0.39489746,0.21658325,0.4503913
214,780.70654,322.7118,783.40826,323.2262,2.7017212,0.5144043,2.750256
214,648.23755,319.34656,648.01294,319.69028,-0.22460938,0.34371948,0.41060013
214,751.53,217.36002,752.6597,217.55469,1.1296997,0.19467163,1.14635
214,725.3887,213.93297,726.06256,214.29004,0.67388916,0.35707092,0.76264423
214,882.73706,435.7422,884.4724,437.53958,1.7353516,1.7973938,2.4984133
214,-4.809169,257.83258,-6.574156,258.54108,-1.764987,0.7084961,1.9018795
214,320.4053,174.14244,318.93787,174.27142,-1.4674377,0.12898254,1.4730954
214,578.1721,13.169228,569.0828,-3.2993317,-9.089294,-16.46856,18.810335
214,633.7022,333.00336,634.94385,332.68835,1.2416382,-0.31500244,1.2809731
214,570.49365,208.25163,569.5757,208.53326,-0.91796875,0.28163147,0.9601994
214,709.36475,143.74484,711.77185,144.13919,2.4071045,0.39434814,2.439193
214,883.21857,454.1653,884.713,455.62537,1.4944458,1.4600525,2.0892873
214,182.4724,171.23492,184.76788,171.50706,2.2954865,0.2721405,2.3115618
214,845.43024,166.53618,844.59784,167.24577,-0.83239746,0.7095947,1.0938053
214,644.4424,441.53445,648.0243,441.56287,3.5819092,0.028411865,3.5820217
214,947.33856,356.7484,940.84534,357.27002,-6.493225,0.52160645,6.514142
214,868.3334,475.28125,872.1504,478.46753,3.8170166,3.1862793,4.9721217
214,618.29004,350.6586,621.2167,351.00537,2.9266357,0.34677124,2.9471083
214,275.01575,163.88194,292.65097,163.99606,17.635223,0.11412048,17.635593
215,738.40643,232.70013,739.8705,232.58038,1.4640503,-0.11975098,1.4689397
215,577.3496,345.66492,579.4344,345.94858,2.0847778,0.2836609,2.1039872
215,607.0712,436.46204,610.15186,436.60406,3.0806274,0.14202881,3.0838997
215,582.6126,326.11694,584.5749,326.38345,1.9622803,0.26651,1.9802958
215,582.11804,367.98322,584.1862,368.3348,2.0681763,0.35159302,2.0978491
215,779.9909,298.79797,779.4018,294.85944,-0.5891113,-3.9385376,3.9823525
215,798.22034,349.21072,801.25146,349.12494,3.031128,-0.08578491,3.0323417
215,242.6075,170.7606,252.97577,170.95586,10.368271,0.19525146,10.370109
215,580.08264,240.01413,581.63794,240.21556,1.5552979,0.20143127,1.5682876
215,607.8752,447.0615,610.84674,447.2028,2.9715576,0.14129639,2.9749148
215,620.60693,361.6671,624.0445,361.8074,3.437561,0.1402893,3.4404225
215,498.46017,325.93747,500.54703,326.09253,2.086853,0.15505981,2.0926058
215,593.3118,320.3434,595.5383,320.69733,2.2265015,0.35391235,2.2544541
215,43.44015,173.94774,44.291573,173.656,0.85142136,-0.2917328,0.90001464
215,872.4905,259.36304,880.69147,256.99054,8.200989,-2.3724976,8.53727
215,981.3987,218.84183,982.68994,219.14456,1.2912598,0.30273438,1.326273
215,623.6577,271.3382,626.0683,274.23795,2.4105835,2.8997498,3.7708702
215,621.8892,353.24695,625.2561,353.34903,3.3668823,0.1020813,3.3684294
215,411.98407,170.47807,415.07263,170.62404,3.088562,0.14596558,3.0920093
215,816.7165,164.31168,822.3774,164.91087,5.6608887,0.5991974,5.6925125
215,668.5916,501.04437,672.38495,499.8825,3.793335,-1.1618652,3.9672813
215,1021.32654,168.15253,1018.38965,168.54814,-2.9368896,0.39561462,2.9634156
215,686.59247,161.63257,690.2257,161.72237,3.6332397,0.08979797,3.634349
215,783.40826,323.2262,783.2346,319.48163,-0.17364502,-3.7445679,3.748592
215,648.01294,319.69028,645.3706,321.4635,-2.642334,1.7732239,3.182177
215,752.6597,217.55469,752.70514,217.69867,0.045410156,0.14398193,0.15097311
215,726.06256,214.29004,729.3727,214.40189,3.3101196,0.111846924,3.3120086
215,884.4724,437.53958,889.61035,438.37878,5.1379395,0.8392029,5.2060237
215,-6.574156,258.54108,-8.38348,257.93573,-1.8093243,-0.6053467,1.9079043
215,318.93787,174.27142,317.97913,174.06352,-0.95874023,-0.207901,0.9810228
215,634.94385,332.68835,636.6533,333.71573,1.7094727,1.0273743,1.9944409
215,569.5757,208.53326,564.07306,208.44186,-5.5026245,-0.09140015,5.5033836
215,711.77185,144.13919,721.4318,148.2722,9.659973,4.133011,10.506991
215,884.713,455.62537,880.9187,455.9531,-3.7943115,0.32772827,3.8084388
215,184.76788,171.50706,191.21884,171.54636,6.4509583,0.03929138,6.451078
215,844.59784,167.24577,852.47723,167.3114,7.8793945,0.06562805,7.8796678
215,648.0243,441.56287,650.8384,441.75073,2.814087,0.18786621,2.820351
215,940.84534,357.27002,953.6431,363.00848,12.797791,5.7384644,14.025456
215,872.1504,478.46753,869.6218,483.356,-2.5285645,4.8884583,5.5036955
215,621.2167,351.00537,624.50507,351.14706,3.288391,0.14169312,3.2914424
215,292.65097,163.99606,292.2929,164.35866,-0.35806274,0.3625946,0.50959176
216,739.8705,232.58038,741.3176,232.41476,1.4471436,-0.1656189,1.4565898
216,579.4344,345.94858,581.64996,346.12012,2.2155762,0.1715393,2.2222068
216,610.15186,436.60406,612.93677,436.87247,2.784912,0.2684021,2.797816
216,584.5749,326.38345,586.5207,326.61957,1.9458008,0.2361145,1.9600742
216,584.1862,368.3348,586.5849,368.4946,2.3986816,0.15979004,2.403998
216,779.4018,294.85944,781.34344,293.958,1.9416504,-0.9014282,2.140696
216,801.25146,349.12494,803.71643,348.99478,2.4649658,-0.13015747,2.4683998
216,252.97577,170.95586,250.20708,170.97928,-2.768692,0.023422241,2.7687912
216,581.63794,240.21556,583.13434,240.2278,1.4963989,0.012237549,1.4964489
216,610.84674,447.2028,613.5527,447.4767,2.7059326,0.27392578,2.7197623
216,624.0445,361.8074,627.5375,362.10962,3.492981,0.30221558,3.5060306
216,500.54703,326.09253,502.91385,326.11163,2.3668213,0.019104004,2.3668983
216,595.5383,320.69733,597.8142,320.9217,2.275879,0.22436523,2.2869117
216,44.291573,173.656,44.27456,174.16238,-0.01701355,0.5063782,0.5066639
216,880.69147,256.99054,877.3198,255.83958,-3.371643,-1.1509552,3.562678
216,982.68994,219.14456,983.8326,220.4191,1.1426392,1.2745361,1.7117437
216,626.0683,274.23795,631.67175,273.6473,5.6034546,-0.5906372,5.6344967
216,625.2561,353.34903,628.55255,353.47415,3.2964478,0.12512207,3.2988214
216,415.07263,170.62404,415.69174,170.7489,0.6191101,0.12486267,0.6315758
216,822.3774,164.91087,832.9823,164.89876,10.604919,-0.0121154785,10.604926
216,672.38495,499.8825,673.0585,495.12607,0.67352295,-4.756439,4.803889
216,1018.38965,168.54814,1020.16486,168.67146,1.7752075,0.12332153,1.7794858
216,690.2257,161.72237,691.3441,161.83379,1.1184082,0.11141968,1.1239445
216,783.2346,319.48163,784.94183,318.50406,1.7072144,-0.9775696,1.9672883
216,645.3706,321.4635,649.43304,321.4558,4.062439,-0.0076904297,4.062446
216,752.70514,217.69867,753.1849,217.90735,0.47973633,0.2086792,0.52315766
216,729.3727,214.40189,731.1757,214.52357,1.8030396,0.12168884,1.8071413
216,889.61035,438.37878,889.6891,438.43356,0.07873535,0.054779053,0.09591663
216,-8.38348,257.93573,-5.6648483,257.40912,2.7186317,-0.5266113,2.7691655
216,317.97913,174.06352,321.7816,174.32996,3.8024597,0.26643372,3.8117826
216,636.6533,333.71573,641.64136,331.63416,4.988037,-2.0815735,5.4049478
216,564.07306,208.44186,561.153,208.93175,-2.920044,0.48988342,2.9608517
216,721.4318,148.2722,723.7233,146.21603,2.291504,-2.0561676,3.0787685
216,880.9187,455.9531,882.061,455.05984,1.142273,-0.8932495,1.4500628
216,191.21884,171.54636,191.79112,171.63959,0.5722809,0.0932312,0.5798254
216,852.47723,167.3114,862.7698,167.71118,10.2925415,0.39978027,10.3003025
216,650.8384,441.75073,650.63196,441.95227,-0.2064209,0.20153809,0.28849122
216,953.6431,363.00848,945.7125,358.4892,-7.930603,-4.519287,9.1278925
216,869.6218,483.356,874.80756,477.2511,5.18573,-6.104889,8.010085
216,624.50507,351.14706,627.75446,351.31607,3.2493896,0.16900635,3.2537818
216,292.2929,164.35866,295.83118,164.57167,3.538269,0.2130127,3.5446754
217,741.3176,232.41476,742.4531,232.13963,1.135498,-0.27513123,1.1683547
217,581.64996,346.12012,583.63336,346.13773,1.9833984,0.017608643,1.9834766
217,612.93677,436.87247,616.3767,437.001,3.4399414,0.12854004,3.442342
217,586.5207,326.61957,588.5136,326.6625,1.9929199,0.042938232,1.9933825
217,586.5849,368.4946,588.6574,368.43906,2.0725098,-0.055541992,2.0732539
217,781.34344,293.958,783.14667,293.34064,1.8032227,-0.6173706,1.9059796
217,803.71643,348.99478,804.82434,348.28015,1.1079102,-0.7146301,1.3183933
217,250.20708,170.97928,255.50414,171.01704,5.297058,0.037765503,5.2971926
217,583.13434,240.2278,584.5926,240.5626,1.458252,0.33480835,1.4961935
217,613.5527,447.4767,617.0547,447.44366,3.5020142,-0.033050537,3.50217
217,627.5375,362.10962,630.9016,362.2976,3.3641357,0.18798828,3.369384
217,502.91385,326.11163,505.0975,326.12466,2.1836548,0.013031006,2.1836936
217,597.8142,320.9217,600.19543,321.235,2.3812256,0.31329346,2.4017467
217,44.27456,174.16238,43.675846,174.07428,-0.5987129,-0.08810425,0.6051607
217,877.3198,255.83958,878.8277,257.6942,1.5078735,1.8546295,2.390258
217,983.8326,220.4191,979.79987,220.58693,-4.032715,0.16783142,4.036206
217,631.67175,273.6473,634.95496,278.79068,3.2832031,5.1433716,6.101942
217,628.55255,353.47415,631.93744,353.7045,3.3848877,0.23034668,3.3927164
217,415.69174,170.7489,414.27365,170.77594,-1.4180908,0.027038574,1.4183486
217,832.9823,164.89876,832.3455,164.941,-0.6367798,0.042236328,0.63817894
217,673.0585,495.12607,672.4004,491.42215,-0.65808105,-3.7039185,3.7619255
217,1020.16486,168.67146,1013.0395,168.89142,-7.125366,0.21995544,7.1287603
217,691.3441,161.83379,690.7396,161.89511,-0.6044922,0.061325073,0.6075949
217,784.94183,318.50406,787.49994,318.27975,2.5581055,-0.2243042,2.5679204
217,649.43304,321.4558,651.6454,320.85742,2.2123413,-0.5983887,2.2918384
217,753.1849,217.90735,752.24414,218.34917,-0.94073486,0.44181824,1.0393196
217,731.1757,214.52357,733.4226,214.47704,2.2468872,-0.046539307,2.247369
217,889.6891,438.43356,891.27905,431.46307,1.5899658,-6.9704895,7.1495256
217,-5.6648483,257.40912,-5.748722,257.67145,-0.08387375,0.2623291,0.27541128
217,321.7816,174.32996,321.22607,174.02394,-0.5555115,-0.306015,0.6342225
217,641.64136,331.63416,642.1317,332.52106,0.49035645,0.88690186,1.013432
217,561.153,208.93175,566.99036,208.88982,5.8373413,-0.041931152,5.837492
217,723.7233,146.21603,728.47845,146.82973,4.755127,0.61369324,4.7945647
217,882.061,455.05984,887.26044,454.17526,5.199463,-0.8845825,5.274173
217,191.79112,171.63959,192.17493,171.79779,0.38380432,0.15820312,0.4151313
217,862.7698,167.71118,863.38446,167.49281,0.61468506,-0.21836853,0.65232086
217,650.63196,441.95227,655.2195,441.83844,4.5875244,-0.11383057,4.5889363
217,945.7125,358.4892,951.431,367.5263,5.718506,9.037109,10.694422
217,874.80756,477.2511,875.3327,478.15616,0.5251465,0.9050598,1.0463804
217,627.75446,351.31607,631.2439,351.51407,3.489441,0.19799805,3.4950538
217,295.83118,164.57167,296.46512,164.57237,0.63394165,0.0007019043,0.63394207
218,742.4531,232.13963,743.71045,231.62369,1.2573242,-0.51594543,1.3590673
218,583.63336,346.13773,586.1826,346.21118,2.5492554,0.07345581,2.5503135
218,616.3767,437.001,619.9607,437.27145,3.5839844,0.27044678,3.5941737
218,588.5136,326.6625,590.68726,326.7772,2.173645,0.11468506,2.1766684
218,588.6574,368.43906,591.3261,368.68436,2.6687012,0.2453003,2.6799512
218,783.14667,293.34064,786.74927,294.53503,3.6026,1.194397,3.795433
218,804.82434,348.28015,809.07635,347.81177,4.252014,-0.4683838,4.277734
218,255.50414,171.01704,265.09543,171.09344,9.591293,0.07640076,9.591598
218,584.5926,240.5626,586.15186,240.50246,1.5592651,-0.060150146,1.5604249
218,617.0547,447.44366,620.8396,447.7566,3.784912,0.31292725,3.797826
218,630.9016,362.2976,634.4825,362.19266,3.5808716,-0.10494995,3.5824094
218,505.0975,326.12466,507.5684,326.0563,2.4708862,-0.068359375,2.4718318
218,600.19543,321.235,602.7178,321.17624,2.5223389,-0.058746338,2.523023
218,43.675846,174.07428,43.941704,173.94754,0.2658577,-0.1267395,0.29452202
218,878.8277,257.6942,879.43823,259.75125,0.61053467,2.0570374,2.1457295
218,979.79987,220.58693,983.8272,220.63843,4.0273438,0.051498413,4.027673
218,634.95496,278.79068,635.26886,281.83353,0.3139038,3.0428467,3.0589952
218,631.93744,353.7045,635.57227,353.5821,3.6348267,-0.122406006,3.636887
218,414.27365,170.77594,427.80035,170.70676,13.526703,-0.06918335,13.52688
218,832.3455,164.941,837.0166,165.30716,4.6710815,0.36616516,4.6854115
218,672.4004,491.42215,667.9265,490.78223,-4.473877,-0.6399231,4.519411
218,1013.0395,168.89142,1017.83185,169.19449,4.7923584,0.30307007,4.801932
218,690.7396,161.89511,691.10205,161.9647,0.36242676,0.06959534,0.36904833
218,787.49994,318.27975,787.1973,313.74738,-0.3026123,-4.532379,4.54247
218,651.6454,320.85742,653.20013,320.93027,1.5547485,0.07284546,1.5564542
218,752.24414,218.34917,753.28156,218.13136,1.0374146,-0.21780396,1.0600318
218,733.4226,214.47704,733.6856,214.54556,0.2630005,0.06852722,0.2717816
218,891.27905,431.46307,898.5636,424.8585,7.284546,-6.6045837,9.83286
218,-5.748722,257.67145,-6.504936,257.81628,-0.75621414,0.14483643,0.7699594
218,321.22607,174.02394,323.36102,174.06982,2.1349487,0.04588318,2.1354418
218,642.1317,332.52106,643.36285,333.20065,1.2311401,0.67959595,1.4062563
218,566.99036,208.88982,571.3913,208.90036,4.40094,0.010543823,4.4009523
218,728.47845,146.82973,733.9005,148.42186,5.422058,1.5921326,5.6509824
218,887.26044,454.17526,882.64954,452.7761,-4.610901,-1.3991699,4.8185143
218,192.17493,171.79779,203.35342,171.89192,11.178497,0.09413147,11.178893
218,863.38446,167.49281,855.90985,167.84616,-7.4746094,0.35334778,7.482957
218,655.2195,441.83844,658.89233,441.92722,3.6728516,0.088775635,3.6739242
218,951.431,367.5263,941.29565,368.998,-10.135376,1.4716797,10.241664
218,875.3327,478.15616,875.2371,476.39966,-0.095581055,-1.7565002,1.7590989
218,631.2439,351.51407,634.8396,351.40436,3.5957031,-0.10971069,3.5973763
218,296.46512,164.57237,297.16016,164.41943,0.69503784,-0.15293884,0.7116656
219,743.71045,231.62369,745.1772,231.19887,1.4667358,-0.42481995,1.5270187
219,586.1826,346.21118,588.3466,346.3864,2.1640015,0.17523193,2.1710846
219,619.9607,437.27145,623.4117,437.36682,3.4509888,0.09536743,3.4523063
219,590.68726,326.7772,592.95575,327.05096,2.2684937,0.2737732,2.284954
219,591.3261,368.68436,593.75323,368.66025,2.427124,-0.024108887,2.4272437
219,786.74927,294.53503,786.7163,290.44275,-0.032958984,-4.092285,4.092418
219,809.07635,347.81177,812.26324,347.2895,3.1868896,-0.52227783,3.2294023
219,265.09543,171.09344,269.15228,170.91817,4.0568542,-0.17527771,4.060639
219,586.15186,240.50246,587.7899,240.74734,1.6380615,0.2448883,1.6562657
219,620.8396,447.7566,624.5221,447.79544,3.682495,0.038848877,3.6827002
219,634.4825,362.19266,638.59094,362.50116,4.1084595,0.3085022,4.1200256
219,507.5684,326.0563,510.03268,325.98087,2.4642944,-0.07543945,2.4654489
219,602.7178,321.17624,605.28314,321.39548,2.5653687,0.21923828,2.5747197
219,43.941704,173.94754,43.989895,173.8,0.04819107,-0.14753723,0.15520829
219,879.43823,259.75125,874.82263,261.33582,-4.6156006,1.5845642,4.8800216
219,983.8272,220.63843,984.3897,220.66788,0.5625,0.029449463,0.5632704
219,635.26886,281.83353,633.8402,283.0391,-1.4286499,1.2055664,1.8693397
219,635.57227,353.5821,639.70435,353.88742,4.13208,0.30532837,4.1433454
219,427.80035,170.70676,428.1928,170.69006,0.39245605,-0.016693115,0.3928109
219,837.0166,165.30716,832.6362,165.25174,-4.380371,-0.055419922,4.3807216
219,667.9265,490.78223,666.2089,488.7059,-1.7175903,-2.0763245,2.6946688
219,1017.83185,169.19449,1018.57886,168.60992,0.7470093,-0.5845642,0.9485453
219,691.10205,161.9647,686.54504,162.1642,-4.557007,0.19949341,4.5613713
219,787.1973,313.74738,790.15247,313.5753,2.9551392,-0.17208862,2.9601455
219,653.20013,320.93027,655.2887,319.48206,2.088562,-1.4482117,2.5415366
219,753.28156,218.13136,755.7231,217.91269,2.4415283,-0.2186737,2.4513013
219,733.6856,214.54556,735.2157,214.69072,1.5300903,0.14515686,1.5369604
219,898.5636,424.8585,899.508,427.3306,0.944397,2.472107,2.6463556
219,-6.504936,257.81628,-6.2676144,257.9326,0.23732185,0.11630249,0.2642876
219,323.36102,174.06982,322.72278,173.74026,-0.6382446,-0.32955933,0.71830744
219,643.36285,333.20065,646.3327,333.03506,2.9698486,-0.16558838,2.9744613
219,571.3913,208.90036,576.034,208.82964,4.6427,-0.07072449,4.6432385
219,733.9005,148.42186,733.2017,149.70447,-0.6987915,1.282608,1.4606138
219,882.64954,452.7761,884.87177,446.16943,2.222229,-6.606659,6.970383
219,203.35342,171.89192,202.60988,171.32446,-0.74354553,-0.5674591,0.93534476
219,855.90985,167.84616,852.698,167.6049,-3.211853,-0.24125671,3.2209013
219,658.89233,441.92722,662.48206,441.86386,3.5897217,-0.06335449,3.5902808
219,941.29565,368.998,952.02704,355.26215,10.731384,-13.73584,17.43089
219,875.2371,476.39966,868.93744,471.30728,-6.2996826,-5.0923767,8.1005125
219,634.8396,351.40436,638.9884,351.7129,4.1488037,0.3085327,4.16026
219,297.16016,164.41943,307.43182,164.30504,10.2716675,-0.11439514,10.272305
220,745.1772,231.19887,746.53845,230.80751,1.3612671,-0.39135742,1.416407
220,588.3466,346.3864,590.7767,346.332,2.4300537,-0.05441284,2.4306629
220,623.4117,437.36682,627.0123,437.43204,3.600647,0.065216064,3.6012375
220,592.95575,327.05096,595.16394,326.8368,2.208191,-0.21417236,2.2185528
220,593.75323,368.66025,596.2668,368.76895,2.5135498,0.10870361,2.5158992
220,786.7163,290.44275,785.3826,284.72632,-1.3336792,-5.7164307,5.869947
220,812.26324,347.2895,815.1699,346.56097,2.9066772,-0.7285156,2.9965827
220,269.15228,170.91817,253.24248,170.83162,-15.909805,-0.08654785,15.910041
220,587.7899,240.74734,589.2391,240.65106,1.4491577,-0.09628296,1.4523528
220,624.5221,447.79544,628.26245,447.88422,3.7403564,0.088775635,3.7414098
220,638.59094,362.50116,642.03815,362.35364,3.4472046,-0.14752197,3.4503598
220,510.03268,325.98087,512.4758,325.86267,2.4431458,-0.11819458,2.4460032
220,605.28314,321.39548,607.83,321.40417,2.546875,0.00869751,2.5468898
220,43.989895,173.8,43.62289,173.88678,-0.3670044,0.08677673,0.3771239
220,874.82263,261.33582,876.3556,265.30536,1.532959,3.9695435,4.25526
220,984.3897,220.66788,983.6281,220.24928,-0.7615967,-0.41859436,0.8690516
220,633.8402,283.0391,637.0277,284.59464,3.1875,1.555542,3.5468109
220,639.70435,353.88742,643.2399,353.69904,3.5355835,-0.18838501,3.5405989
220,428.1928,170.69006,430.54428,170.57341,2.351471,-0.11665344,2.3543627
220,832.6362,165.25174,838.70636,165.17047,6.0701294,-0.08126831,6.070673
220,666.2089,488.7059,669.83905,488.45288,3.630127,-0.25302124,3.6389341
220,1018.57886,168.60992,1018.69946,168.21962,0.12060547,-0.39030457,0.40851358
220,686.54504,162.1642,681.9146,161.97777,-4.630432,-0.18643188,4.634184
220,790.15247,313.5753,793.54095,313.6596,3.3884888,0.08432007,3.3895378
220,655.2887,319.48206,658.3418,319.52002,3.0531006,0.037963867,3.0533366
220,755.7231,217.91269,755.4398,217.88953,-0.28326416,-0.023162842,0.2842096
220,735.2157,214.69072,734.28485,214.42184,-0.93084717,-0.26887512,0.9689016
220,899.508,427.3306,906.6219,423.28253,7.1138916,-4.048065,8.185003
220,-6.2676144,257.9326,-6.7327595,257.29745,-0.4651451,-0.63513184,0.78724355
220,322.72278,173.74026,320.692,173.51659,-2.0307922,-0.22367859,2.0430734
220,646.3327,333.03506,650.91974,332.36426,4.587036,-0.6708069,4.635826
220,576.034,208.82964,575.61224,208.59065,-0.42175293,-0.23898315,0.4847561
220,733.2017,149.70447,730.1014,151.34459,-3.1003418,1.6401215,3.5074375
220,884.87177,446.16943,890.27356,445.70486,5.4017944,-0.4645691,5.421735
220,202.60988,171.32446,202.66086,170.92354,0.050979614,-0.40092468,0.40415284
220,852.698,167.6049,860.6397,167.75243,7.9417114,0.14752197,7.9430814
220,662.48206,441.86386,664.6118,441.783,2.1297607,-0.08087158,2.1312957
220,952.02704,355.26215,942.0081,364.51447,-10.018921,9.252319,13.637602
220,868.93744,471.30728,876.90625,468.50345,7.968811,-2.803833,8.447687
220,638.9884,351.7129,642.53687,351.42276,3.548462,-0.29013062,3.5603032
220,307.43182,164.30504,304.08627,164.2311,-3.3455505,-0.07394409,3.3463676
221,746.53845,230.80751,748.0135,230.32555,1.4750366,-0.4819641,1.5517803
221,590.7767,346.332,593.33344,346.20523,2.5567627,-0.12677002,2.5599036
221,627.0123,437.43204,630.5467,437.15488,3.5343628,-0.27716064,3.5452135
221,595.16394,326.8368,597.1577,326.6938,1.9937744,-0.14300537,1.9988965
221,596.2668,368.76895,598.9048,368.76105,2.6380005,-0.007904053,2.6380122
221,785.3826,284.72632,788.9146,285.92798,3.5319824,1.2016602,3.7308025
221,815.1699,346.56097,817.17474,345.69962,2.0048218,-0.86135864,2.1820288
221,253.24248,170.83162,251.346,170.2241,-1.8964844,-0.6075134,1.9914129
221,589.2391,240.65106,590.7965,240.53961,1.5574341,-0.111450195,1.5614167
221,628.26245,447.88422,631.5545,447.5612,3.2920532,-0.32302856,3.3078635
221,642.03815,362.35364,645.84717,362.22552,3.809021,-0.1281128,3.8111749
221,512.4758,325.86267,514.6361,325.57077,2.1602783,-0.29190063,2.1799102
221,607.83,321.40417,610.57764,321.22293,2.7476196,-0.1812439,2.7535908
221,43.62289,173.88678,43.69819,173.4492,0.07529831,-0.4375763,0.4440077
221,876.3556,265.30536,881.24365,268.9033,4.8880615,3.597931,6.0694523
221,983.6281,220.24928,977.5228,219.53877,-6.1052856,-0.71051025,6.14649
221,637.0277,284.59464,632.30884,283.37097,-4.718872,-1.2236633,4.8749466
221,643.2399,353.69904,647.06555,353.525,3.8256226,-0.17404175,3.8295796
221,430.54428,170.57341,435.48715,170.40854,4.942871,-0.16487122,4.94562
221,838.70636,165.17047,838.3552,165.16597,-0.35113525,-0.004501343,0.3511641
221,669.83905,488.45288,671.4025,492.2568,1.5634766,3.8039246,4.1127
221,1018.69946,168.21962,1022.4778,168.49326,3.7783203,0.27363586,3.788216
221,681.9146,161.97777,681.16223,161.77614,-0.7523804,-0.20162964,0.7789292
221,793.54095,313.6596,799.3545,317.2234,5.8135376,3.5637817,6.8189263
221,658.3418,319.52002,658.5407,318.8207,0.19891357,-0.6993103,0.7270499
221,755.4398,217.88953,756.37415,217.5343,0.9343262,-0.3552246,0.99957484
221,734.28485,214.42184,734.8419,214.52446,0.5570679,0.10261536,0.5664402
221,906.6219,423.28253,909.5965,425.71872,2.9746094,2.4361877,3.8449073
221,320.692,173.51659,327.83218,173.56213,7.1401978,0.045547485,7.140343
221,650.91974,332.36426,653.48303,331.40622,2.5632935,-0.95803833,2.7364779
221,575.61224,208.59065,581.48346,209.13208,5.871216,0.5414276,5.8961277
221,730.1014,151.34459,736.10254,153.34296,6.0011597,1.9983673,6.3251395
221,890.27356,445.70486,891.4064,447.1325,1.1328125,1.4276428,1.8224787
221,202.66086,170.92354,219.89418,170.95981,17.233322,0.03627014,17.23336
221,860.6397,167.75243,859.55743,167.0376,-1.0822754,-0.7148285,1.297035
221,664.6118,441.783,664.0343,441.66962,-0.57751465,-0.1133728,0.58853763
221,942.0081,364.51447,949.7931,369.23553,7.784973,4.7210693,9.10463
221,876.90625,468.50345,880.4377,470.45746,3.531433,1.95401,4.035985
221,642.53687,351.42276,646.363,351.21777,3.8261108,-0.20498657,3.831598
221,304.08627,164.2311,305.94458,163.99994,1.8583069,-0.2311554,1.8726285
222,748.0135,230.32555,749.17065,229.71994,1.1571655,-0.6056061,1.3060592
222,593.33344,346.20523,595.4346,346.37653,2.1011353,0.17129517,2.1081061
222,630.5467,437.15488,633.821,437.2391,3.274292,0.084228516,3.2753751
222,597.1577,326.6938,598.9788,326.6501,1.821106,-0.043701172,1.8216302
222,598.9048,368.76105,601.17847,368.60416,2.2736816,-0.15689087,2.2790883
222,788.9146,285.92798,786.63763,279.76154,-2.2769775,-6.166443,6.5734043
222,817.17474,345.69962,820.2879,345.135,3.1131592,-0.5646057,3.1639438
222,251.346,170.2241,250.57999,170.60832,-0.76600647,0.3842163,0.85696447
222,590.7965,240.53961,592.3534,240.50598,1.5568848,-0.03363037,1.557248
222,631.5545,447.5612,634.8853,447.6934,3.3308105,0.13220215,3.3334332
222,645.84717,362.22552,649.3988,362.2972,3.5516357,0.07168579,3.552359
222,514.6361,325.57077,516.89404,325.4256,2.2579346,-0.14517212,2.2625966
222,610.57764,321.22293,612.91187,321.34784,2.3342285,0.12490845,2.337568
222,43.69819,173.4492,44.07888,173.36263,0.38069153,-0.08657837,0.39041242
222,881.24365,268.9033,871.4134,263.4215,-9.830261,-5.481781,11.255397
222,977.5228,219.53877,984.75574,219.05635,7.23291,-0.48242188,7.2489805
222,632.30884,283.37097,632.51874,282.99963,0.2098999,-0.3713379,0.42655572
222,647.06555,353.525,650.5702,353.58154,3.5046387,0.056549072,3.505095
222,435.48715,170.40854,435.4456,170.3854,-0.04156494,-0.023132324,0.04756836
222,838.3552,165.16597,837.7271,164.75172,-0.6281128,-0.4142456,0.75241286
222,671.4025,492.2568,676.1398,494.68356,4.7372437,2.4267578,5.322653
222,1022.4778,168.49326,1027.5181,168.34186,5.040283,-0.1513977,5.0425563
222,681.16223,161.77614,674.8462,161.93347,-6.31604,0.15733337,6.3179994
222,799.3545,317.2234,799.53705,313.54086,0.18255615,-3.6825256,3.687048
222,658.5407,318.8207,661.2775,321.83038,2.7368164,3.009674,4.0679603
222,756.37415,217.5343,756.60876,217.62,0.23461914,0.08569336,0.24977888
222,734.8419,214.52446,737.5269,214.48596,2.6849976,-0.038497925,2.6852734
222,909.5965,425.71872,911.4496,424.80518,1.8530884,-0.9135437,2.0660346
222,327.83218,173.56213,328.29593,173.42108,0.46374512,-0.14105225,0.48472184
222,653.48303,331.40622,657.8881,333.48434,4.4050903,2.078125,4.87067
222,581.48346,209.13208,583.78534,208.6227,2.30188,-0.50938416,2.3575673
222,736.10254,153.34296,737.8404,151.81084,1.737854,-1.5321198,2.3167925
222,891.4064,447.1325,893.6675,441.299,2.2611084,-5.833496,6.2563796
222,219.89418,170.95981,217.2533,170.92842,-2.6408844,-0.03138733,2.6410708
222,859.55743,167.0376,852.44867,167.29417,-7.1087646,0.25657654,7.1133933
222,664.0343,441.66962,667.1515,441.5842,3.1171875,-0.0854187,3.1183577
222,949.7931,369.23553,958.52686,376.36682,8.733765,7.1312866,11.275367
222,880.4377,470.45746,881.9194,463.38464,1.4816895,-7.072815,7.226349
222,646.363,351.21777,650.18896,351.2804,3.8259888,0.06262207,3.8265011
222,305.94458,163.99994,308.06342,163.71646,2.1188354,-0.28347778,2.1377144
223,749.17065,229.71994,750.1497,229.36194,0.97906494,-0.3580017,1.0424651
223,595.4346,346.37653,597.17004,346.40457,1.7354736,0.028045654,1.7357002
223,633.821,437.2391,636.8734,437.2846,3.0524292,0.04550171,3.0527682
223,598.9788,326.6501,600.7119,326.2767,1.7330933,-0.37338257,1.7728584
223,601.17847,368.60416,603.4261,368.71365,2.2476196,0.10949707,2.2502851
223,786.63763,279.76154,791.9356,283.49554,5.2979736,3.7340088,6.481616
223,820.2879,345.135,823.77686,344.49863,3.4889526,-0.63638306,3.5465157
223,250.57999,170.60832,260.58887,170.30005,10.008881,-0.30827332,10.013627
223,592.3534,240.50598,593.7932,240.42984,1.4398193,-0.07614136,1.4418312
223,634.8853,447.6934,637.5182,447.65997,2.6328735,-0.033416748,2.6330855
223,649.3988,362.2972,652.62415,362.00446,3.2253418,-0.29275513,3.238601
223,516.89404,325.4256,519.18933,325.37512,2.295288,-0.050476074,2.295843
223,612.91187,321.34784,615.33826,321.02945,2.4263916,-0.3183899,2.447192
223,44.07888,173.36263,43.48539,173.03079,-0.5934906,-0.3318329,0.67995894
223,871.4134,263.4215,868.53503,256.1551,-2.878357,-7.2664185,7.815739
223,984.75574,219.05635,981.43835,219.70866,-3.3173828,0.65231323,3.3809083
223,632.51874,282.99963,632.3481,279.15338,-0.1706543,-3.8462524,3.8500366
223,650.5702,353.58154,653.6655,353.26453,3.095337,-0.3170166,3.1115286
223,435.4456,170.3854,431.9163,170.31364,-3.5292969,-0.071762085,3.5300264
223,837.7271,164.75172,842.54834,165.04652,4.821228,0.2947998,4.8302326
223,676.1398,494.68356,671.87946,493.19812,-4.260315,-1.4854431,4.5118537
223,1027.5181,168.34186,1030.353,168.12445,2.834961,-0.21740723,2.843285
223,674.8462,161.93347,673.75085,162.18724,-1.0953369,0.25376892,1.1243494
223,799.53705,313.54086,801.81396,313.55713,2.2769165,0.01626587,2.2769747
223,661.2775,321.83038,663.2625,322.45248,1.9849854,0.62210083,2.0801866
223,756.60876,217.62,758.60034,217.8096,1.9915771,0.18960571,2.0005825
223,737.5269,214.48596,738.7102,214.67575,1.1832886,0.18978882,1.1984122
223,911.4496,424.80518,911.5694,422.5611,0.11981201,-2.2440796,2.2472758
223,328.29593,173.42108,326.34192,173.5654,-1.95401,0.14431763,1.9593322
223,657.8881,333.48434,659.961,333.87137,2.072876,0.38702393,2.108697
223,583.78534,208.6227,583.0434,209.02898,-0.74194336,0.40628052,0.8458982
223,737.8404,151.81084,735.281,152.36671,-2.5593872,0.5558777,2.6190577
223,893.6675,441.299,892.307,449.30487,-1.3604736,8.005859,8.120632
223,217.2533,170.92842,216.00056,170.58292,-1.2527313,-0.34550476,1.2995036
223,852.44867,167.29417,854.51434,167.60913,2.0656738,0.31495667,2.089547
223,667.1515,441.5842,670.49054,441.56628,3.3390503,-0.017913818,3.3390982
223,958.52686,376.36682,954.156,370.26248,-4.3708496,-6.1043396,7.507815
223,881.9194,463.38464,873.9215,467.40466,-7.997864,4.0200195,8.951334
223,650.18896,351.2804,653.13074,350.95215,2.9417725,-0.32824707,2.960029
223,308.06342,163.71646,305.65402,163.76779,-2.4093933,0.051330566,2.40994
224,750.1497,229.36194,751.62115,229.06969,1.4714355,-0.2922516,1.5001779
224,597.17004,346.40457,599.26733,346.3738,2.09729,-0.030761719,2.0975156
224,636.8734,437.2846,639.62384,437.39572,2.7504272,0.1111145,2.7526708
224,600.7119,326.2767,602.1805,326.44678,1.4685669,0.17007446,1.4783822
224,603.4261,368.71365,605.431,368.757,2.0049438,0.04333496,2.005412
224,791.9356,283.49554,799.70825,290.56107,7.772644,7.0655212,10.504075
224,823.77686,344.49863,826.1122,343.96817,2.3353271,-0.53045654,2.3948145
224,260.58887,170.30005,259.56818,170.15831,-1.0206909,-0.14173889,1.0304853
224,593.7932,240.42984,595.1798,240.50963,1.3865967,0.07978821,1.3888904
224,637.5182,447.65997,640.1922,447.7712,2.6740112,0.11123657,2.676324
224,652.62415,362.00446,655.59375,362.00708,2.9696045,0.0026245117,2.9696057
224,519.18933,325.37512,520.96063,325.4614,1.7713013,0.08627319,1.773401
224,615.33826,321.02945,617.1569,321.25226,1.8186646,0.22280884,1.8322622
224,43.48539,173.03079,43.596115,173.2564,0.1107254,0.2256012,0.25130862
224,868.53503,256.1551,877.4882,254.94469,8.953186,-1.2104034,9.034635
224,981.43835,219.70866,982.8061,219.71713,1.3677368,0.008468628,1.367763
224,632.3481,279.15338,636.58136,280.04224,4.2332764,0.888855,4.325586
224,653.6655,353.26453,656.5707,353.30148,2.9051514,0.036956787,2.9053864
224,431.9163,170.31364,429.06445,170.23506,-2.8518372,-0.07858276,2.8529196
224,842.54834,165.04652,838.71313,164.67126,-3.835205,-0.3752594,3.8535202
224,671.87946,493.19812,682.31244,495.83237,10.432983,2.6342468,10.760409
224,673.75085,162.18724,663.31024,162.19174,-10.440613,0.004501343,10.440614
224,801.81396,313.55713,807.3024,317.7706,5.4884644,4.2134705,6.91929
224,663.2625,322.45248,666.3198,320.70853,3.057312,-1.7439575,3.5197363
224,758.60034,217.8096,761.00806,217.52234,2.4077148,-0.28726196,2.4247906
224,738.7102,214.67575,740.2116,214.32828,1.5014038,-0.34747314,1.5410875
224,911.5694,422.5611,910.49207,420.5368,-1.0773315,-2.024292,2.2931204
224,326.34192,173.5654,326.7075,173.48903,0.36557007,-0.07637024,0.37346205
224,659.961,333.87137,661.6778,334.97,1.7167969,1.0986328,2.038231
224,583.0434,209.02898,580.5815,208.85962,-2.461914,-0.1693573,2.4677322
224,735.281,152.36671,734.53357,151.67053,-0.7474365,-0.69618225,1.0214357
224,892.307,449.30487,897.66095,443.70554,5.353943,-5.5993347,7.7470803
224,216.00056,170.58292,209.40512,170.68051,-6.5954437,0.097595215,6.5961657
224,854.51434,167.60913,851.5626,167.55116,-2.9517212,-0.05796814,2.9522903
224,670.49054,441.56628,672.5284,441.54117,2.0378418,-0.025115967,2.0379965
224,954.156,370.26248,953.2151,374.69946,-0.94091797,4.436981,4.5356507
224,873.9215,467.40466,880.60474,461.99567,6.6832275,-5.4089966,8.597836
224,653.13074,350.95215,656.0584,351.00674,2.9276733,0.054595947,2.9281824
224,305.65402,163.76779,305.711,163.7326,0.05697632,-0.035186768,0.06696574
225,751.62115,229.06969,752.6891,229.11069,1.0679321,0.041000366,1.0687189
225,599.26733,346.3738,600.6871,346.43,1.4197388,0.05618286,1.4208499
225,639.62384,437.39572,642.034,437.45374,2.4101562,0.058013916,2.4108543
225,602.1805,326.44678,603.5111,326.3679,1.3306274,-0.07888794,1.332964
225,605.431,368.757,607.0252,368.81628,1.5941772,0.059295654,1.5952796
225,799.70825,290.56107,797.8888,286.14084,-1.819458,-4.420227,4.7800455
225,826.1122,343.96817,827.76776,343.5549,1.6555786,-0.41326904,1.7063798
225,259.56818,170.15831,271.37814,170.08893,11.809967,-0.069381714,11.810171
225,595.1798,240.50963,596.317,240.65971,1.137207,0.15008545,1.1470683
225,640.1922,447.7712,642.49304,447.81192,2.3008423,0.04071045,2.3012025
225,655.59375,362.00708,657.98895,362.19672,2.3952026,0.18963623,2.402698
225,520.96063,325.4614,522.58527,325.40863,1.6246338,-0.052764893,1.6254904
225,617.1569,321.25226,619.0192,321.27078,1.8623047,0.01852417,1.8623968
225,43.596115,173.2564,43.678665,172.86226,0.08255005,-0.39413452,0.40268666
225,877.4882,254.94469,872.1546,258.8072,-5.333618,3.862503,6.585318
225,982.8061,219.71713,983.24036,220.4318,0.43426514,0.71466064,0.83625716
225,636.58136,280.04224,639.2588,283.68643,2.6774292,3.6441956,4.5220337
225,656.5707,353.30148,658.99927,353.3802,2.4285889,0.078704834,2.429864
225,429.06445,170.23506,430.4086,170.36876,1.3441467,0.13369751,1.3507795
225,838.71313,164.67126,839.6806,164.94234,0.96746826,0.2710724,1.0047264
225,682.31244,495.83237,679.08984,496.4665,-3.2225952,0.63412476,3.2843926
225,663.31024,162.19174,668.4988,162.0846,5.1885376,-0.10714722,5.189644
225,807.3024,317.7706,806.5993,313.75223,-0.703125,-4.0183716,4.0794234
225,666.3198,320.70853,664.91565,319.7837,-1.4041748,-0.9248352,1.6813766
225,761.00806,217.52234,762.3981,217.73877,1.3900146,0.21643066,1.4067633
225,740.2116,214.32828,743.19226,214.14687,2.9806519,-0.18141174,2.9861674
225,910.49207,420.5368,916.1659,421.2425,5.673828,0.7056885,5.717545
225,326.7075,173.48903,331.2361,173.35614,4.5286255,-0.1328888,4.530575
225,661.6778,334.97,662.61334,334.43555,0.9355469,-0.53445435,1.0774457
225,580.5815,208.85962,580.2599,208.50171,-0.32159424,-0.35791016,0.48116788
225,734.53357,151.67053,729.84235,151.7224,-4.691223,0.051864624,4.6915097
225,897.66095,443.70554,893.3437,444.71133,-4.3172607,1.0057983,4.4328737
225,209.40512,170.68051,222.1501,170.69911,12.74498,0.018600464,12.744993
225,851.5626,167.55116,851.9658,167.65698,0.40319824,0.1058197,0.41685325
225,672.5284,441.54117,672.4044,441.729,-0.1239624,0.1878357,0.22505316
225,953.2151,374.69946,964.6358,371.62793,11.420715,-3.0715332,11.82654
225,880.60474,461.99567,879.3584,465.71884,-1.2463379,3.723175,3.9262438
225,656.0584,351.00674,658.54535,351.12064,2.4869385,0.1138916,2.489545
225,305.711,163.7326,308.7862,163.39928,3.0751953,-0.33332825,3.0932078
226,752.6891,229.11069,753.4675,228.86299,0.7784424,-0.24769592,0.81690013
226,600.6871,346.43,602.0675,346.35587,1.3804321,-0.0741272,1.382421
226,642.034,437.45374,643.97345,437.19904,1.9394531,-0.2546997,1.956106
226,603.5111,326.3679,604.71796,326.2125,1.2068481,-0.15539551,1.2168114
226,607.0252,368.81628,608.3877,368.53235,1.3624878,-0.28393555,1.3917588
226,797.8888,286.14084,798.43146,285.1255,0.5426636,-1.0153503,1.151269
226,827.76776,343.5549,830.73114,343.115,2.963379,-0.4399109,2.9958532
226,271.37814,170.08893,269.43298,170.31313,-1.9451599,0.22419739,1.9580376
226,596.317,240.65971,597.4018,240.40013,1.0847778,-0.25958252,1.1154039
226,642.49304,447.81192,644.4433,447.64313,1.9502563,-0.16879272,1.9575472
226,657.98895,362.19672,660.4721,362.05585,2.4831543,-0.14086914,2.4871469
226,522.58527,325.40863,524.0916,325.24707,1.5063477,-0.16156006,1.5149868
226,619.0192,321.27078,620.40027,321.1833,1.3810425,-0.0874939,1.3838112
226,43.678665,172.86226,44.14406,172.77959,0.46539307,-0.08267212,0.47267896
226,872.1546,258.8072,881.42084,263.6773,9.266235,4.870117,10.468102
226,983.24036,220.4318,988.60846,220.65529,5.368103,0.22349548,5.3727536
226,639.2588,283.68643,641.8611,285.59055,2.602295,1.9041138,3.224529
226,658.99927,353.3802,661.6132,353.22388,2.6139526,-0.15631104,2.618622
226,430.4086,170.36876,432.86453,170.25505,2.4559326,-0.113708496,2.4585636
226,839.6806,164.94234,835.3975,165.01112,-4.283081,0.06878662,4.2836337
226,679.08984,496.4665,683.39136,500.58484,4.3015137,4.118347,5.955149
226,668.4988,162.0846,680.3414,161.9761,11.84259,-0.10848999,11.843087
226,806.5993,313.75223,809.1306,314.70428,2.531311,0.9520569,2.704431
226,664.91565,319.7837,667.8577,322.2454,2.9420776,2.4617004,3.8361166
226,762.3981,217.73877,762.67334,217.54839,0.27526855,-0.19038391,0.33469212
226,743.19226,214.14687,744.0432,214.44582,0.85095215,0.2989502,0.90193725
226,916.1659,421.2425,917.32227,423.96933,1.1563721,2.7268372,2.9618974
226,331.2361,173.35614,330.21686,173.32951,-1.0192566,-0.026626587,1.0196043
226,662.61334,334.43555,664.646,333.858,2.0326538,-0.57754517,2.1131115
226,580.2599,208.50171,581.3842,208.34186,1.1243286,-0.15985107,1.1356351
226,729.84235,151.7224,730.60474,152.16953,0.76239014,0.4471283,0.88383394
226,893.3437,444.71133,893.2959,441.62497,-0.047790527,-3.0863647,3.0867348
226,222.1501,170.69911,212.36241,170.54596,-9.787689,-0.15315247,9.788887
226,851.9658,167.65698,847.7341,167.72896,-4.2317505,0.07197571,4.2323627
226,672.4044,441.729,673.4838,441.6842,1.0794067,-0.044799805,1.080336
226,964.6358,371.62793,974.20593,377.90833,9.570129,6.2803955,11.446866
226,879.3584,465.71884,879.69763,465.16876,0.3392334,-0.55007935,0.6462713
226,658.54535,351.12064,661.17053,350.93698,2.625183,-0.18365479,2.6315994
226,308.7862,163.39928,307.67676,163.58118,-1.109436,0.18190002,1.1242491
227,753.4675,228.86299,754.361,228.44374,0.89349365,-0.4192505,0.986966
227,602.0675,346.35587,603.4766,346.10992,1.4091187,-0.24594116,1.4304204
227,643.97345,437.19904,645.25055,436.95422,1.2770996,-0.24481201,1.3003523
227,604.71796,326.2125,606.0194,326.1613,1.3014526,-0.051208496,1.3024597
227,608.3877,368.53235,609.6278,368.4821,1.2401123,-0.05026245,1.2411305
227,798.43146,285.1255,799.67804,284.65222,1.246582,-0.4732666,1.3333972
227,830.73114,343.115,831.69916,342.858,0.9680176,-0.25698853,1.0015494
227,269.43298,170.31313,267.03226,170.4902,-2.4007263,0.17707825,2.4072483
227,597.4018,240.40013,598.611,240.30443,1.2092285,-0.095703125,1.2130098
227,644.4433,447.64313,645.69806,447.4449,1.2547607,-0.19824219,1.2703246
227,660.4721,362.05585,661.5718,362.04755,1.0996704,-0.008300781,1.0997018
227,524.0916,325.24707,525.4874,325.0018,1.395813,-0.24526978,1.4171984
227,620.40027,321.1833,621.9071,321.1583,1.5068359,-0.024993896,1.5070432
227,44.14406,172.77959,43.47493,172.74261,-0.6691284,-0.036972046,0.6701491
227,881.42084,263.6773,892.2417,267.97104,10.820862,4.2937317,11.641614
227,988.60846,220.65529,993.57294,220.97197,4.9644775,0.3166809,4.974568
227,641.8611,285.59055,642.571,286.64413,0.7098999,1.0535889,1.2704359
227,661.6132,353.22388,662.79834,353.0955,1.1851196,-0.12838745,1.1920537
227,432.86453,170.25505,429.02466,170.55238,-3.8398743,0.29733276,3.8513687
227,835.3975,165.01112,842.2507,165.3622,6.8531494,0.35107422,6.862136
227,683.39136,500.58484,680.9878,493.68173,-2.4035645,-6.9031067,7.309583
227,680.3414,161.9761,688.2832,161.75569,7.9418335,-0.22041321,7.9448915
227,809.1306,314.70428,810.6292,314.5267,1.4985962,-0.17758179,1.5090811
227,667.8577,322.2454,670.5116,320.8485,2.6538696,-1.3968811,2.99905
227,762.67334,217.54839,764.208,217.68327,1.534668,0.1348877,1.5405844
227,744.0432,214.44582,746.6058,214.41858,2.562561,-0.027236938,2.5627058
227,917.32227,423.96933,919.0334,424.28983,1.7111206,0.3204956,1.7408766
227,330.21686,173.32951,328.6735,173.46352,-1.5433655,0.13400269,1.5491719
227,664.646,333.858,664.80396,333.46982,0.15795898,-0.3881836,0.41909134
227,581.3842,208.34186,580.6028,208.25626,-0.7814331,-0.08560181,0.7861078
227,730.60474,152.16953,732.6266,153.4559,2.0218506,1.286377,2.3963816
227,893.2959,441.62497,890.2365,444.83127,-3.0593872,3.2062988,4.431727
227,212.36241,170.54596,221.23373,170.75847,8.871323,0.21250916,8.873867
227,847.7341,167.72896,856.89716,168.22011,9.163086,0.4911499,9.176239
227,673.4838,441.6842,674.6531,441.3526,1.1692505,-0.331604,1.2153633
227,974.20593,377.90833,972.4751,383.79877,-1.730835,5.890442,6.1394706
227,879.69763,465.16876,878.3441,463.56702,-1.3535156,-1.6017456,2.097044
227,661.17053,350.93698,662.24805,350.85245,1.0775146,-0.08453369,1.0808256
227,307.67676,163.58118,298.51666,163.45602,-9.160095,-0.12515259,9.16095
228,754.361,228.44374,756.45276,228.49352,2.0917358,0.04977417,2.092328
228,603.4766,346.10992,604.7252,345.757,1.2485962,-0.3529358,1.2975192
228,645.25055,436.95422,646.14557,436.33267,0.89501953,-0.6215515,1.0896726
228,606.0194,326.1613,607.4934,325.77924,1.473999,-0.38204956,1.5227065
228,609.6278,368.4821,611.0002,368.20236,1.3723755,-0.27972412,1.4005928
228,799.67804,284.65222,801.985,285.66724,2.3069458,1.0150146,2.5203679
228,831.69916,342.858,832.461,342.7312,0.7618408,-0.12680054,0.77232105
228,267.03226,170.4902,265.4658,170.26404,-1.5664673,-0.22616577,1.5827099
228,598.611,240.30443,600.2236,239.98212,1.6125488,-0.3223114,1.6444447
228,645.69806,447.4449,646.54034,446.90762,0.84228516,-0.53726196,0.99904686
228,661.5718,362.04755,662.7009,361.5346,1.1291504,-0.51293945,1.2401965
228,525.4874,325.0018,526.9001,324.50015,1.4126587,-0.50164795,1.4990848
228,621.9071,321.1583,623.33527,320.73404,1.4281616,-0.42425537,1.489845
228,43.47493,172.74261,43.42958,173.01596,-0.04534912,0.27334595,0.2770822
228,892.2417,267.97104,894.1173,265.29745,1.8756104,-2.673584,3.2658792
228,993.57294,220.97197,995.04913,221.09105,1.4761963,0.11907959,1.4809914
228,642.571,286.64413,646.13885,292.31168,3.567871,5.6675415,6.6970687
228,662.79834,353.0955,663.8051,352.585,1.0067749,-0.51049805,1.1288065
228,429.02466,170.55238,431.22482,170.54039,2.2001648,-0.011993408,2.2001975
228,842.2507,165.3622,842.8645,165.20103,0.61383057,-0.16116333,0.634635
228,680.9878,493.68173,687.0635,499.49796,6.0756836,5.816223,8.41085
228,688.2832,161.75569,690.1694,162.00914,1.8861694,0.2534485,1.9031215
228,810.6292,314.5267,812.0209,314.69586,1.3916626,0.16915894,1.4019057
228,670.5116,320.8485,670.5277,322.60645,0.016113281,1.7579346,1.7580084
228,764.208,217.68327,766.4859,217.56345,2.277893,-0.11982727,2.2810426
228,746.6058,214.41858,747.5601,214.46468,0.9543457,0.0460968,0.95545834
228,919.0334,424.28983,917.9953,429.4853,-1.0380859,5.195465,5.298158
228,328.6735,173.46352,339.3502,173.17604,10.676697,-0.2874756,10.680566
228,664.80396,333.46982,664.52594,331.54388,-0.27801514,-1.9259338,1.9458966
228,580.6028,208.25626,582.285,208.39986,1.68219,0.14360046,1.688308
228,732.6266,153.4559,733.00323,153.9941,0.37664795,0.53819275,0.6568981
228,890.2365,444.83127,890.0166,442.29965,-0.21990967,-2.5316162,2.5411496
228,221.23373,170.75847,240.74211,170.55836,19.508377,-0.20010376,19.509403
228,856.89716,168.22011,857.8175,168.0968,0.9203491,-0.123306274,0.92857254
228,674.6531,441.3526,674.89575,440.97443,0.24267578,-0.37817383,0.4493406
228,972.4751,383.79877,972.5883,391.47577,0.113220215,7.677002,7.677837
228,878.3441,463.56702,875.98486,460.92157,-2.359253,-2.6454468,3.5446386
228,662.24805,350.85245,663.4187,350.40942,1.1706543,-0.44302368,1.2516795
228,298.51666,163.45602,306.81808,163.4539,8.301422,-0.0021209717,8.301423
229,756.45276,228.49352,757.9371,228.40907,1.484314,-0.08444214,1.4867139
229,604.7252,345.757,606.4038,345.34634,1.6785889,-0.41064453,1.7280884
229,646.14557,436.33267,647.29425,436.01462,1.1486816,-0.3180542,1.191901
229,607.4934,325.77924,609.2622,325.37482,1.7687988,-0.40441895,1.8144431
229,611.0002,368.20236,612.40326,367.654,1.4030762,-0.54837036,1.5064304
229,801.985,285.66724,805.20734,287.7293,3.222351,2.0620728,3.8256621
229,832.461,342.7312,832.87006,342.51062,0.40905762,-0.22058105,0.46474093
229,265.4658,170.26404,273.8362,170.3237,8.370422,0.059661865,8.370635
229,600.2236,239.98212,602.1683,239.60991,1.9447021,-0.37220764,1.9800013
229,646.54034,446.90762,647.92474,446.5958,1.3843994,-0.3118286,1.4190837
229,662.7009,361.5346,663.58734,361.16858,0.8864136,-0.36602783,0.9590127
229,526.9001,324.50015,528.4209,324.02188,1.520813,-0.47827148,1.5942446
229,623.33527,320.73404,624.765,320.2383,1.4297485,-0.49572754,1.5132504
229,43.42958,173.01596,42.741997,172.9632,-0.6875839,-0.052764893,0.68960553
229,894.1173,265.29745,891.3394,260.037,-2.777893,-5.2604675,5.9488826
229,995.04913,221.09105,988.4801,221.49799,-6.569031,0.40693665,6.581623
229,646.13885,292.31168,649.5925,294.75037,3.4536743,2.4386902,4.227893
229,663.8051,352.585,664.67944,352.2291,0.8743286,-0.355896,0.94398755
229,431.22482,170.54039,427.42438,170.44527,-3.8004456,-0.09512329,3.8016357
229,842.8645,165.20103,844.3927,165.20277,1.5281982,0.001739502,1.5281992
229,687.0635,499.49796,686.2694,497.54028,-0.7940674,-1.9576721,2.1125867
229,690.1694,162.00914,681.17316,162.11243,-8.996216,0.10328674,8.996809
229,812.0209,314.69586,815.4563,317.30246,3.4354248,2.606598,4.3123655
229,670.5277,322.60645,669.5913,321.89777,-0.93640137,-0.7086792,1.1743397
229,766.4859,217.56345,768.6909,218.01152,2.205017,0.44807434,2.2500825
229,747.5601,214.46468,749.75836,214.83311,2.1982422,0.36843872,2.2289045
229,917.9953,429.4853,915.0441,433.81433,-2.9511719,4.3290405,5.2392755
229,339.3502,173.17604,339.29648,173.50517,-0.053710938,0.32913208,0.3334858
229,664.52594,331.54388,667.6408,331.9384,3.1148682,0.39450073,3.1397507
229,582.285,208.39986,582.26245,208.49008,-0.022521973,0.09022522,0.09299371
229,733.00323,153.9941,730.45306,153.79381,-2.550171,-0.20028687,2.558024
229,890.0166,442.29965,891.5083,441.0951,1.4916992,-1.2045593,1.9173236
229,240.74211,170.55836,236.56985,170.2899,-4.1722565,-0.26846313,4.180885
229,857.8175,168.0968,856.84607,168.329,-0.97143555,0.232193,0.99879956
229,674.89575,440.97443,673.1421,440.72806,-1.7536621,-0.24636841,1.7708834
229,972.5883,391.47577,977.272,394.3512,4.683655,2.8754272,5.4958806
229,875.98486,460.92157,879.50195,457.2582,3.5170898,-3.6633606,5.078398
229,663.4187,350.40942,664.3027,350.02338,0.88397217,-0.38604736,0.9645928
229,306.81808,163.4539,309.5401,163.46906,2.7220154,0.015151978,2.7220576
230,757.9371,228.40907,760.50555,228.43567,2.5684814,0.02659607,2.568619
230,606.4038,345.34634,607.8932,344.61188,1.4893799,-0.73446655,1.6606305
230,647.29425,436.01462,647.8892,434.9793,0.5949707,-1.0353088,1.1940914
230,609.2622,325.37482,611.2357,324.66916,1.9735107,-0.70565796,2.0958765
230,612.40326,367.654,613.8182,366.98578,1.414917,-0.6682129,1.5647678
230,805.20734,287.7293,807.9042,288.794,2.6968384,1.0646973,2.8993995
230,832.87006,342.51062,833.72,342.89764,0.84991455,0.38702393,0.9338856
230,273.8362,170.3237,274.28232,170.47334,0.44610596,0.14964294,0.47053537
230,602.1683,239.60991,604.6267,239.24825,2.458435,-0.36166382,2.484895
230,647.92474,446.5958,648.55255,445.69446,0.6278076,-0.90133667,1.0984308
230,663.58734,361.16858,663.8851,360.34805,0.2977295,-0.8205261,0.87287223
230,528.4209,324.02188,530.7584,323.08478,2.3375244,-0.9371033,2.518369
230,624.765,320.2383,626.2732,319.53,1.5081787,-0.708313,1.6662264
230,42.741997,172.9632,43.330696,173.17314,0.58869934,0.20994568,0.62501526
230,891.3394,260.037,893.10187,261.40295,1.7624512,1.3659668,2.2298205
230,988.4801,221.49799,987.96326,221.92053,-0.5168457,0.4225464,0.6675889
230,649.5925,294.75037,652.47095,294.3159,2.878418,-0.43447876,2.911024
230,664.67944,352.2291,664.98456,351.4578,0.30511475,-0.77130127,0.82945806
230,427.42438,170.44527,427.30988,170.69113,-0.11450195,0.24586487,0.27121988
230,844.3927,165.20277,838.94666,165.54564,-5.446045,0.342865,5.456827
230,686.2694,497.54028,692.0736,501.86572,5.804199,4.3254395,7.238657
230,681.17316,162.11243,689.10236,162.32162,7.929199,0.209198,7.931958
230,815.4563,317.30246,814.63226,314.58353,-0.82403564,-2.718933,2.8410618
230,669.5913,321.89777,667.73004,322.18903,-1.8612671,0.29125977,1.883918
230,768.6909,218.01152,773.45233,217.6607,4.7614136,-0.35081482,4.7743196
230,749.75836,214.83311,753.89166,214.66617,4.133301,-0.16694641,4.1366706
230,915.0441,433.81433,913.7577,427.94315,-1.286438,-5.8711853,6.0104694
230,339.29648,173.50517,342.79703,173.6589,3.5005493,0.1537323,3.5039234
230,667.6408,331.9384,671.08264,330.92987,3.4418335,-1.0085144,3.586547
230,582.26245,208.49008,588.21686,208.57521,5.9544067,0.085128784,5.955015
230,730.45306,153.79381,727.48206,154.55211,-2.9710083,0.7583008,3.0662534
230,891.5083,441.0951,891.8117,442.37347,0.30340576,1.2783813,1.3138927
230,236.56985,170.2899,238.76869,170.48903,2.1988373,0.1991272,2.2078354
230,856.84607,168.329,849.57874,168.96704,-7.267334,0.63804626,7.2952895
230,673.1421,440.72806,675.3954,439.88348,2.253296,-0.844574,2.4063764
230,977.272,394.3512,985.3305,404.02942,8.058533,9.678223,12.593965
230,879.50195,457.2582,881.55536,459.36902,2.0534058,2.1108093,2.9448245
230,664.3027,350.02338,664.5997,349.30463,0.29699707,-0.71875,0.7776945
230,309.5401,163.46906,310.1807,163.71083,0.6405945,0.24177551,0.6847019
231,760.50555,228.43567,763.71265,228.57831,3.2070923,0.14263916,3.2102628
231,607.8932,344.61188,609.5489,343.54153,1.6557007,-1.070343,1.9715422
231,647.8892,434.9793,648.384,434.10458,0.49475098,-0.87472534,1.0049492
231,611.2357,324.66916,613.3949,323.98535,2.1591797,-0.6838074,2.264873
231,613.8182,366.98578,615.6885,365.857,1.8703003,-1.1287842,2.1845312
231,807.9042,288.794,805.7257,283.62967,-2.1784668,-5.164337,5.605006
231,833.72,342.89764,834.5416,342.56735,0.8216553,-0.33029175,0.88555634
231,274.28232,170.47334,265.06604,170.30539,-9.216278,-0.16795349,9.217808
231,604.6267,239.24825,607.1648,238.55463,2.538086,-0.6936188,2.631157
231,648.55255,445.69446,648.6674,444.8917,0.114868164,-0.8027649,0.8109415
231,663.8851,360.34805,664.6659,359.3151,0.78082275,-1.032959,1.29487
231,530.7584,323.08478,532.38947,322.15756,1.6310425,-0.9272156,1.8761739
231,626.2732,319.53,627.8479,318.90555,1.574707,-0.6244507,1.6940014
231,43.330696,173.17314,42.217358,173.14369,-1.1133385,-0.029449463,1.1137279
231,893.10187,261.40295,887.23016,261.9922,-5.871704,0.5892334,5.901195
231,987.96326,221.92053,987.5054,221.78021,-0.45788574,-0.14031982,0.47890395
231,652.47095,294.3159,654.24005,294.59103,1.769104,0.27514648,1.7903727
231,664.98456,351.4578,665.61145,350.43085,0.6268921,-1.026947,1.2031683
231,427.30988,170.69113,427.70734,170.59949,0.39746094,-0.09164429,0.40788954
231,838.94666,165.54564,837.858,165.53123,-1.0886841,-0.014404297,1.0887793
231,692.0736,501.86572,692.3888,501.6429,0.31518555,-0.22280884,0.3859867
231,689.10236,162.32162,681.58826,162.2799,-7.514099,-0.04171753,7.514215
231,814.63226,314.58353,816.27045,314.75607,1.6381836,0.17254639,1.6472455
231,667.73004,322.18903,666.89136,323.7852,-0.8386841,1.5961609,1.8030864
231,773.45233,217.6607,777.0758,218.24199,3.6234741,0.58128357,3.6698031
231,753.89166,214.66617,757.1109,214.8344,3.2192383,0.16822815,3.2236307
231,913.7577,427.94315,916.0846,429.2256,2.3269043,1.2824402,2.6569035
231,342.79703,173.6589,349.73645,173.59178,6.9394226,-0.06712341,6.9397473
231,671.08264,330.92987,670.8376,330.45935,-0.24505615,-0.47052002,0.5305107
231,588.21686,208.57521,586.26324,209.04875,-1.9536133,0.47354126,2.0101857
231,727.48206,154.55211,727.8538,154.72949,0.37176514,0.17738342,0.41191527
231,891.8117,442.37347,892.189,446.6101,0.37731934,4.2366333,4.253402
231,238.76869,170.48903,227.64369,170.7155,-11.125,0.22647095,11.127305
231,849.57874,168.96704,849.332,168.94202,-0.24676514,-0.025024414,0.24803075
231,675.3954,439.88348,679.03687,439.0097,3.6414795,-0.8737793,3.744845
231,985.3305,404.02942,984.254,399.00488,-1.076477,-5.024536,5.138557
231,881.55536,459.36902,881.71173,463.8518,0.15637207,4.482788,4.4855146
231,664.5997,349.30463,665.30457,348.27988,0.704895,-1.0247498,1.2437801
231,310.1807,163.71083,313.30032,163.73042,3.119629,0.019592285,3.1196904
232,763.71265,228.57831,766.7101,228.60933,2.9974365,0.031021118,2.997597
232,609.5489,343.54153,611.73456,342.6944,2.185669,-0.84713745,2.344097
232,648.384,434.10458,648.8826,432.59802,0.49865723,-1.5065613,1.5869424
232,613.3949,323.98535,615.3782,323.12662,1.9832764,-0.85873413,2.1612055
232,615.6885,365.857,617.19946,365.063,1.5109863,-0.79400635,1.7069052
232,805.7257,283.62967,807.1384,282.97552,1.4127197,-0.6541443,1.5568178
232,834.5416,342.56735,835.7922,342.96915,1.2505493,0.40179443,1.3135115
232,265.06604,170.30539,264.64197,170.25233,-0.42407227,-0.05305481,0.42737818
232,607.1648,238.55463,609.65674,238.15193,2.4919434,-0.4026947,2.524271
232,648.6674,444.8917,649.0514,443.457,0.38397217,-1.4346924,1.4851859
232,664.6659,359.3151,665.41656,358.1012,0.7506714,-1.2138977,1.4272544
232,532.38947,322.15756,534.5959,321.17682,2.206421,-0.9807434,2.4145706
232,627.8479,318.90555,629.52844,318.1314,1.680542,-0.7741394,1.8502738
232,42.217358,173.14369,42.457085,173.0234,0.23972702,-0.120285034,0.26821172
232,887.23016,261.9922,890.3097,263.40555,3.0795288,1.4133606,3.388375
232,987.5054,221.78021,984.9457,221.98828,-2.5596924,0.20806885,2.568135
232,654.24005,294.59103,655.558,295.75262,1.3179321,1.1615906,1.7567692
232,665.61145,350.43085,666.4129,349.26416,0.80145264,-1.166687,1.4154451
232,427.70734,170.59949,426.22607,170.5632,-1.4812622,-0.0362854,1.4817066
232,837.858,165.53123,840.8353,165.59637,2.977356,0.06513977,2.9780684
232,692.3888,501.6429,692.418,503.37225,0.02923584,1.7293396,1.7295867
232,681.58826,162.2799,685.98865,162.1516,4.4003906,-0.12831116,4.402261
232,816.27045,314.75607,817.5758,314.6202,1.3053589,-0.13586426,1.3124104
232,666.89136,323.7852,668.8247,325.20282,1.9333496,1.417633,2.3973994
232,777.0758,218.24199,778.182,218.40065,1.1062012,0.15866089,1.1175215
232,757.1109,214.8344,759.43774,215.14705,2.3268433,0.3126526,2.3477545
232,916.0846,429.2256,916.56024,426.21417,0.47564697,-3.0114136,3.048746
232,349.73645,173.59178,350.03427,173.39243,0.29782104,-0.19935608,0.35838556
232,670.8376,330.45935,671.782,329.62897,0.944397,-0.8303833,1.2575461
232,586.26324,209.04875,585.19946,208.85553,-1.0637817,-0.19322205,1.0811875
232,727.8538,154.72949,726.4068,155.17178,-1.4470215,0.44229126,1.513107
232,892.189,446.6101,894.9709,443.7837,2.7818604,-2.826416,3.9657755
232,227.64369,170.7155,223.66574,170.65082,-3.977951,-0.06468201,3.978477
232,849.332,168.94202,851.73724,168.95966,2.4052734,0.01763916,2.405338
232,679.03687,439.0097,683.91547,438.16046,4.878601,-0.84924316,4.951966
232,984.254,399.00488,982.8574,392.06366,-1.3966064,-6.941223,7.080331
232,881.71173,463.8518,885.59766,458.72934,3.8859253,-5.122467,6.4296255
232,665.30457,348.27988,666.0447,347.14072,0.7401123,-1.1391602,1.3584741
232,313.30032,163.73042,314.43253,163.86305,1.1322021,0.1326294,1.139944
233,766.7101,228.60933,769.9506,228.7409,3.2405396,0.13157654,3.2432096
233,611.73456,342.6944,613.9787,341.73758,2.2441406,-0.9568176,2.4396038
233,648.8826,432.59802,649.82715,431.81625,0.94451904,-0.7817688,1.2260827
233,615.3782,323.12662,617.9129,322.20126,2.534729,-0.925354,2.698357
233,617.19946,365.063,619.15106,364.1547,1.9515991,-0.9082947,2.152612
233,807.1384,282.97552,806.13586,278.31372,-1.0025635,-4.661804,4.7683907
233,835.7922,342.96915,837.1131,343.17932,1.3209229,0.21017456,1.337539
233,264.64197,170.25233,270.06973,170.34009,5.427765,0.087753296,5.4284744
233,609.65674,238.15193,612.83276,237.17676,3.1760254,-0.97517395,3.3223639
233,649.0514,443.457,649.37695,442.51065,0.32556152,-0.9463501,1.000784
233,665.41656,358.1012,665.9847,357.63342,0.56811523,-0.46777344,0.7359123
233,534.5959,321.17682,536.62225,319.9758,2.0263672,-1.2010193,2.355549
233,629.52844,318.1314,631.73206,317.1194,2.2036133,-1.0120239,2.4248924
233,42.457085,173.0234,41.642532,172.78128,-0.8145523,-0.24212646,0.84977686
233,890.3097,263.40555,886.4532,273.60132,-3.8565063,10.19577,10.900751
233,984.9457,221.98828,981.95544,222.79301,-2.9902344,0.8047333,3.0966268
233,655.558,295.75262,656.6188,298.2906,1.060791,2.5379639,2.750734
233,666.4129,349.26416,666.8743,348.7027,0.46142578,-0.5614624,0.7267419
233,426.22607,170.5632,424.48965,170.48915,-1.7364197,-0.0740509,1.737998
233,840.8353,165.59637,842.35815,165.79607,1.5228271,0.19969177,1.5358644
233,692.418,503.37225,691.6548,502.70578,-0.7632446,-0.6664734,1.0132765
233,685.98865,162.1516,684.1453,162.33144,-1.8433228,0.17984009,1.8520749
233,817.5758,314.6202,817.44934,311.45966,-0.12646484,-3.160553,3.1630821
233,668.8247,325.20282,672.6907,323.52716,3.8659668,-1.6756592,4.2134943
233,778.182,218.40065,780.9457,218.37474,2.7636719,-0.025909424,2.7637932
233,759.43774,215.14705,762.58563,214.69136,3.1478882,-0.45568848,3.1806998
233,916.56024,426.21417,918.24164,426.84415,1.6813965,0.62997437,1.7955394
233,350.03427,173.39243,343.72485,173.55267,-6.3094177,0.1602478,6.3114524
233,671.782,329.62897,673.4386,329.6777,1.6566162,0.048736572,1.657333
233,585.19946,208.85553,585.8367,209.20592,0.63720703,0.35038757,0.7271893
233,726.4068,155.17178,728.9703,155.40804,2.5634766,0.23625183,2.57434
233,894.9709,443.7837,896.4537,447.04,1.4827881,3.2563171,3.5780249
233,223.66574,170.65082,227.86842,170.94092,4.2026825,0.2901001,4.212683
233,851.73724,168.95966,853.7542,169.06279,2.0169678,0.103134155,2.019603
233,683.91547,438.16046,687.38464,437.23102,3.4691772,-0.92944336,3.5915256
233,982.8574,392.06366,990.0767,394.30338,7.2192993,2.2397156,7.558744
233,885.59766,458.72934,888.0679,459.06622,2.4702148,0.33688354,2.4930809
233,666.0447,347.14072,666.5626,346.58722,0.51794434,-0.5534973,0.75804067
233,314.43253,163.86305,313.28616,163.65965,-1.1463623,-0.20339966,1.1642672
234,769.9506,228.7409,772.6236,228.77817,2.6729736,0.037261963,2.6732335
234,613.9787,341.73758,615.6548,341.01654,1.6760864,-0.7210388,1.8245993
234,649.82715,431.81625,650.6081,431.10406,0.7809448,-0.7121887,1.0569236
234,617.9129,322.20126,620.2355,321.5175,2.3225708,-0.68377686,2.4211333
234,619.15106,364.1547,620.71,363.04306,1.55896,-1.1116333,1.9147023
234,806.13586,278.31372,806.17554,275.33316,0.03967285,-2.9805603,2.9808242
234,837.1131,343.17932,838.44727,343.45654,1.3341675,0.27722168,1.3626646
234,270.06973,170.34009,263.82825,169.9711,-6.2414856,-0.36898804,6.2523828
234,612.83276,237.17676,615.5375,236.69225,2.704712,-0.48451233,2.747766
234,649.37695,442.51065,650.8798,442.1312,1.5028687,-0.37945557,1.5500325
234,665.9847,357.63342,666.7576,356.49515,0.7729492,-1.1382751,1.3759073
234,536.62225,319.9758,538.6144,319.23752,1.9921265,-0.73828125,2.1245298
234,631.73206,317.1194,633.34235,316.45294,1.6102905,-0.6664429,1.7427512
234,41.642532,172.78128,41.65233,172.63861,0.009796143,-0.14266968,0.1430056
234,886.4532,273.60132,887.7279,271.24933,1.2747192,-2.3519897,2.675213
234,981.95544,222.79301,982.6705,223.05481,0.71502686,0.26179504,0.76144606
234,656.6188,298.2906,656.98413,295.8998,0.36535645,-2.3907776,2.418533
234,666.8743,348.7027,667.7814,347.56015,0.90704346,-1.1425476,1.4588156
234,424.48965,170.48915,425.58542,170.51982,1.0957642,0.030670166,1.0961933
234,842.35815,165.79607,836.83484,165.92085,-5.5233154,0.12478638,5.524725
234,691.6548,502.70578,689.9152,504.05148,-1.739563,1.3457031,2.1993172
234,684.1453,162.33144,683.38104,162.07791,-0.7642822,-0.25352478,0.8052342
234,817.44934,311.45966,818.54846,310.18304,1.0991211,-1.2766113,1.6845782
234,672.6907,323.52716,668.55994,323.6666,-4.1307373,0.13943481,4.13309
234,780.9457,218.37474,784.5381,218.7914,3.5924072,0.4166565,3.616489
234,762.58563,214.69136,764.47894,215.08878,1.8933105,0.39741516,1.9345707
234,918.24164,426.84415,913.5986,424.32916,-4.6430664,-2.5149841,5.2804556
234,343.72485,173.55267,345.30936,173.459,1.5845032,-0.093673706,1.5872697
234,673.4386,329.6777,674.96075,328.22934,1.5221558,-1.4483643,2.1011229
234,585.8367,209.20592,586.8339,209.27,0.9972534,0.064086914,0.99931055
234,728.9703,155.40804,730.81683,154.55447,1.8465576,-0.8535614,2.0342915
234,896.4537,447.04,897.3518,441.515,0.8981323,-5.524994,5.5975175
234,227.86842,170.94092,227.80681,170.90614,-0.06161499,-0.03477478,0.070750915
234,853.7542,169.06279,847.50287,169.1017,-6.251343,0.038909912,6.251464
234,687.38464,437.23102,686.05853,436.58142,-1.3261108,-0.64959717,1.4766674
234,990.0767,394.30338,1001.8792,402.04318,11.80249,7.739807,14.113943
234,888.0679,459.06622,889.32117,453.66397,1.2532959,-5.402252,5.5457263
234,666.5626,346.58722,667.5865,345.43463,1.0238647,-1.1525879,1.5416738
234,313.28616,163.65965,300.30902,163.61993,-12.977142,-0.039718628,12.977202
235,772.6236,228.77817,775.7743,228.96002,3.1506958,0.18185425,3.1559396
235,615.6548,341.01654,617.5994,340.47263,1.9446411,-0.5439148,2.0192752
235,650.6081,431.10406,652.0345,430.4304,1.4263916,-0.67367554,1.5774765
235,620.2355,321.5175,622.32135,320.94824,2.0858765,-0.5692444,2.1621563
235,620.71,363.04306,622.6972,362.62045,1.9871826,-0.42260742,2.031623
235,806.17554,275.33316,792.3081,253.45958,-13.867432,-21.87358,25.89902
235,838.44727,343.45654,839.8608,343.51053,1.4135132,0.053985596,1.4145437
235,263.82825,169.9711,259.7633,170.28879,-4.0649414,0.317688,4.077337
235,615.5375,236.69225,618.04865,236.25073,2.5111694,-0.44151306,2.5496874
235,650.8798,442.1312,652.55365,441.3702,1.6738281,-0.7609863,1.8386954
235,666.7576,356.49515,668.0364,355.63403,1.2787476,-0.8611145,1.5416594
235,538.6144,319.23752,540.7386,318.52036,2.1242065,-0.7171631,2.2420027
235,633.34235,316.45294,635.4134,315.7868,2.071045,-0.6661377,2.1755383
235,41.65233,172.63861,42.25394,172.54124,0.6016121,-0.09736633,0.60944015
235,887.7279,271.24933,877.3893,265.37653,-10.338623,-5.8728027,11.890203
235,982.6705,223.05481,981.3238,223.03143,-1.3466797,-0.023376465,1.3468826
235,656.98413,295.8998,658.2294,296.36368,1.2452393,0.4638672,1.3288317
235,667.7814,347.56015,668.8763,346.65225,1.0949097,-0.90789795,1.4223592
235,425.58542,170.51982,423.66083,170.62367,-1.9245911,0.10385132,1.9273909
235,836.83484,165.92085,840.9649,165.52264,4.130066,-0.39820862,4.1492186
235,689.9152,504.05148,690.02313,499.35025,0.107910156,-4.701233,4.7024713
235,683.38104,162.07791,675.749,162.30272,-7.632019,0.22480774,7.6353292
235,818.54846,310.18304,819.1526,309.2073,0.604126,-0.9757385,1.1476209
235,668.55994,323.6666,671.03424,324.7806,2.4743042,1.1140137,2.7135231
235,784.5381,218.7914,785.86505,218.51192,1.3269653,-0.27947998,1.3560774
235,764.47894,215.08878,768.08734,214.68872,3.6083984,-0.40005493,3.6305072
235,913.5986,424.32916,916.44946,427.01004,2.850891,2.6808777,3.913398
235,345.30936,173.459,348.53052,173.27924,3.221161,-0.1797638,3.2261732
235,674.96075,328.22934,676.76227,329.57242,1.8015137,1.3430786,2.2470675
235,586.8339,209.27,586.8147,209.39465,-0.019226074,0.12464905,0.12612306
235,730.81683,154.55447,738.584,156.23645,7.767151,1.6819763,7.9471803
235,897.3518,441.515,899.4871,441.75858,2.135315,0.24356079,2.1491606
235,227.80681,170.90614,222.63098,170.81918,-5.175827,-0.08695984,5.1765575
235,847.50287,169.1017,851.91113,169.17424,4.408264,0.07254028,4.408861
235,686.05853,436.58142,686.8959,436.05792,0.8373413,-0.52349854,0.98751765
235,1001.8792,402.04318,990.28284,396.88376,-11.5963745,-5.159424,12.692343
235,889.32117,453.66397,892.2419,456.32996,2.9207153,2.665985,3.9544978
235,667.5865,345.43463,668.6649,344.4766,1.0784302,-0.95803833,1.4425149
235,300.30902,163.61993,305.975,163.79141,5.665985,0.17147827,5.668579
236,775.7743,228.96002,778.3212,228.92064,2.546936,-0.039382935,2.5472405
236,617.5994,340.47263,619.52246,339.86496,1.9230347,-0.607666,2.0167599
236,652.0345,430.4304,652.5547,429.70175,0.52020264,-0.7286377,0.8952786
236,622.32135,320.94824,624.33,320.46347,2.008667,-0.48477173,2.0663366
236,622.6972,362.62045,624.32983,362.12015,1.6326294,-0.5003052,1.7075666
236,792.3081,253.45958,794.06635,252.94745,1.7582397,-0.51213074,1.8313069
236,839.8608,343.51053,842.41895,343.6668,2.5581665,0.15628052,2.5629356
236,259.7633,170.28879,259.45447,169.90475,-0.3088379,-0.3840332,0.49281067
236,618.04865,236.25073,620.6778,235.73112,2.6291504,-0.51960754,2.6800044
236,652.55365,441.3702,652.7857,440.64658,0.23205566,-0.7236328,0.75993043
236,668.0364,355.63403,668.7479,355.3147,0.71154785,-0.31933594,0.77992034
236,540.7386,318.52036,542.5604,317.71216,1.8218384,-0.808197,1.9930574
236,635.4134,315.7868,636.9949,315.25342,1.5814819,-0.53338623,1.6690074
236,42.25394,172.54124,41.519775,172.61562,-0.7341652,0.07437134,0.7379225
236,877.3893,265.37653,879.31226,257.44217,1.9229736,-7.9343567,8.164059
236,981.3238,223.03143,981.659,223.8309,0.33520508,0.799469,0.86689854
236,658.2294,296.36368,659.60425,298.53574,1.3748779,2.172058,2.5706275
236,668.8763,346.65225,669.4404,346.3215,0.56414795,-0.3307495,0.65395576
236,423.66083,170.62367,433.84775,170.71341,10.18692,0.08973694,10.187315
236,840.9649,165.52264,838.1731,165.80624,-2.791809,0.28359985,2.8061767
236,690.02313,499.35025,698.4217,503.7142,8.39856,4.3639526,9.464665
236,675.749,162.30272,677.4625,162.28476,1.713501,-0.017959595,1.7135952
236,819.1526,309.2073,820.0822,308.0948,0.92962646,-1.1125183,1.4497939
236,671.03424,324.7806,672.6116,324.7893,1.5773315,0.00869751,1.5773555
236,785.86505,218.51192,788.9341,218.53137,3.0690308,0.019454956,3.0690925
236,768.08734,214.68872,771.917,214.47267,3.8296509,-0.2160492,3.8357403
236,916.44946,427.01004,914.11847,429.81552,-2.3309937,2.805481,3.6474998
236,348.53052,173.27924,353.40323,173.43123,4.872711,0.1519928,4.875081
236,676.76227,329.57242,677.35187,328.3437,0.5895996,-1.2287292,1.3628658
236,586.8147,209.39465,587.96136,208.79205,1.1466675,-0.6026001,1.295366
236,738.584,156.23645,737.4613,157.2744,-1.1226807,1.0379486,1.5289699
236,899.4871,441.75858,899.4196,441.27246,-0.06750488,-0.4861145,0.4907792
236,222.63098,170.81918,223.5797,170.65245,0.9487152,-0.16673279,0.9632551
236,851.91113,169.17424,852.1984,169.40297,0.28729248,0.22872925,0.36722478
236,686.8959,436.05792,688.2504,435.43488,1.3545532,-0.6230469,1.4909735
236,990.28284,396.88376,1008.5662,391.4826,18.283386,-5.4011536,19.064487
236,892.2419,456.32996,889.046,455.53278,-3.1958618,-0.7971802,3.2937863
236,668.6649,344.4766,669.1786,344.04385,0.5136719,-0.43273926,0.6716562
236,305.975,163.79141,310.80222,163.67313,4.8272095,-0.11828613,4.8286586
237,778.3212,228.92064,781.06616,229.32622,2.744934,0.4055786,2.7747355
237,619.52246,339.86496,621.1654,339.3854,1.6429443,-0.47955322,1.7115015
237,652.5547,429.70175,653.5933,429.00418,1.0386353,-0.6975708,1.2511468
237,624.33,320.46347,626.26935,320.0097,1.939331,-0.45376587,1.99171
237,624.32983,362.12015,625.6905,361.76193,1.3606567,-0.35821533,1.4070199
237,794.06635,252.94745,796.7135,253.37549,2.6471558,0.42803955,2.681539
237,842.41895,343.6668,843.50397,343.86655,1.085022,0.19973755,1.1032532
237,259.45447,169.90475,256.23596,169.75137,-3.2185059,-0.15338135,3.2221587
237,620.6778,235.73112,623.32184,235.38881,2.644043,-0.34231567,2.66611
237,652.7857,440.64658,653.6059,439.906,0.8201904,-0.74057007,1.1050594
237,668.7479,355.3147,669.6296,354.5873,0.88165283,-0.7273865,1.1429797
237,542.5604,317.71216,544.29333,317.23862,1.7329102,-0.47354126,1.7964462
237,636.9949,315.25342,638.70715,314.8417,1.7122803,-0.41171265,1.7610824
237,41.519775,172.61562,41.243504,173.00551,-0.27627182,0.38989258,0.4778518
237,879.31226,257.44217,876.00867,253.82486,-3.3035889,-3.6173096,4.8988395
237,981.659,223.8309,980.1816,224.06879,-1.477417,0.23788452,1.4964458
237,659.60425,298.53574,662.8258,300.57184,3.2215576,2.0361023,3.8110557
237,669.4404,346.3215,670.23035,345.706,0.789917,-0.61550903,1.0014092
237,433.84775,170.71341,434.19257,170.65504,0.34481812,-0.05836487,0.34972274
237,838.1731,165.80624,843.337,166.1969,5.1638794,0.39065552,5.178635
237,698.4217,503.7142,698.7433,499.3319,0.32159424,-4.3822937,4.394078
237,677.4625,162.28476,672.4683,162.50554,-4.9942017,0.22077942,4.999079
237,820.0822,308.0948,822.1194,308.10507,2.0371704,0.010284424,2.0371964
237,672.6116,324.7893,673.5176,324.36526,0.90600586,-0.42404175,1.000329
237,788.9341,218.53137,792.0637,219.29875,3.1296387,0.76737976,3.2223456
237,771.917,214.47267,773.58545,214.18831,1.668457,-0.2843628,1.6925162
237,914.11847,429.81552,915.55334,430.82785,1.4348755,1.0123291,1.7560403
237,353.40323,173.43123,353.96484,173.65027,0.561615,0.21903992,0.6028183
237,677.35187,328.3437,679.6116,326.30966,2.2597046,-2.034027,3.0403175
237,587.96136,208.79205,589.4739,209.1335,1.5125122,0.34144592,1.5505736
237,737.4613,157.2744,736.1354,157.55199,-1.3259277,0.2775879,1.3546733
237,899.4196,441.27246,901.79456,445.03452,2.374939,3.7620544,4.448976
237,223.5797,170.65245,237.43657,170.96368,13.856873,0.31123352,13.860368
237,852.1984,169.40297,860.9596,169.42336,8.761169,0.020385742,8.761192
237,688.2504,435.43488,688.2099,435.1621,-0.040527344,-0.2727661,0.27576044
237,1008.5662,391.4826,1004.0348,379.69812,-4.531433,-11.784485,12.625687
237,889.046,455.53278,889.6995,456.2329,0.6535034,0.7001343,0.95773417
237,669.1786,344.04385,669.90216,343.4692,0.7235718,-0.574646,0.923999
237,310.80222,163.67313,309.38263,163.7414,-1.4195862,0.06826782,1.4212267
238,781.06616,229.32622,783.50366,229.70308,2.4375,0.37686157,2.4664612
238,621.1654,339.3854,623.0465,339.13983,1.8811035,-0.24557495,1.8970655
238,653.5933,429.00418,654.464,428.66608,0.8706665,-0.33810425,0.93400997
238,626.26935,320.0097,628.1601,319.69888,1.8907471,-0.31082153,1.9161248
238,625.6905,361.76193,627.43665,361.32318,1.7461548,-0.43875122,1.800433
238,796.7135,253.37549,799.2262,254.01991,2.5126953,0.64442444,2.5940163
238,843.50397,343.86655,845.3389,344.54556,1.8349609,0.6790161,1.9565644
238,256.23596,169.75137,253.10922,170.30412,-3.1267395,0.55274963,3.1752217
238,623.32184,235.38881,625.4759,235.38014,2.1540527,-0.008666992,2.1540701
238,653.6059,439.906,654.7646,439.60217,1.1586914,-0.303833,1.1978649
238,669.6296,354.5873,671.09766,354.6823,1.4680786,0.09500122,1.4711493
238,544.29333,317.23862,545.6387,316.9301,1.3453369,-0.3085022,1.3802555
238,638.70715,314.8417,640.4177,314.43027,1.7105713,-0.411438,1.7593565
238,41.243504,173.00551,42.152973,172.75578,0.9094696,-0.24972534,0.94313186
238,876.00867,253.82486,877.12494,259.5708,1.116272,5.745941,5.853367
238,980.1816,224.06879,980.17664,224.73172,-0.0049438477,0.66293335,0.66295177
238,662.8258,300.57184,664.4836,300.7787,1.6577759,0.20684814,1.6706307
238,670.23035,345.706,671.6023,345.80463,1.3719482,0.09863281,1.3754891
238,434.19257,170.65504,433.0711,171.10048,-1.12146,0.44543457,1.2066832
238,843.337,166.1969,848.56335,166.13596,5.2263794,-0.060943604,5.2267346
238,698.7433,499.3319,700.381,502.14334,1.6376953,2.811432,3.2536433
238,672.4683,162.50554,666.6133,162.80794,-5.8550415,0.30239868,5.8628454
238,822.1194,308.10507,824.13885,309.05182,2.0194702,0.9467468,2.2303786
238,673.5176,324.36526,676.5602,324.6817,3.0426025,0.31643677,3.0590134
238,792.0637,219.29875,793.95233,219.30222,1.8886108,0.0034637451,1.8886139
238,773.58545,214.18831,775.0749,214.9465,1.4894409,0.75819397,1.6713146
238,915.55334,430.82785,918.3161,431.4984,2.7627563,0.67056274,2.8429697
238,353.96484,173.65027,353.3171,173.75322,-0.6477356,0.10295105,0.6558661
238,679.6116,326.30966,682.6646,326.09494,3.0530396,-0.21472168,3.060581
238,589.4739,209.1335,592.4721,209.52391,2.99823,0.39041138,3.0235417
238,736.1354,157.55199,742.9523,157.35445,6.8168945,-0.19754028,6.819756
238,901.79456,445.03452,903.0188,442.92175,1.2242432,-2.1127625,2.4418306
238,237.43657,170.96368,237.61017,171.08475,0.17359924,0.12106323,0.21164358
238,860.9596,169.42336,861.46533,169.45592,0.5057373,0.032562256,0.5067845
238,688.2099,435.1621,687.98236,434.85226,-0.22753906,-0.30984497,0.38441896
238,1004.0348,379.69812,1000.7677,398.15152,-3.2670898,18.4534,18.74038
238,889.6995,456.2329,890.7706,451.52847,1.071106,-4.7044373,4.8248315
238,669.90216,343.4692,671.3623,343.56653,1.460144,0.09732056,1.4633837
238,309.38263,163.7414,304.4382,164.01067,-4.9444275,0.26927185,4.951754
