frame,x_old,y_old,x_new,y_new,dx,dy,displacement
0,127.0,383.0,126.97282,383.00027,-0.027183533,0.0002746582,0.02718492
0,134.0,696.0,134.0,696.0,0.0,0.0,0.0
0,226.0,1134.0,226.09705,1134.0321,0.0970459,0.032104492,0.10221842
0,151.0,1139.0,151.0,1139.0,0.0,0.0,0.0
0,113.0,647.0,113.0,647.0,0.0,0.0,0.0
0,149.0,1071.0,149.0,1071.0,0.0,0.0,0.0
0,270.0,1137.0,270.00125,1137.0,0.0012512207,0.0,0.0012512207
0,234.0,1159.0,233.99998,1159.0,-1.5258789e-05,0.0,1.5258789e-05
0,519.0,1059.0,519.0,1058.9999,0.0,-0.00012207031,0.00012207031
0,135.0,626.0,135.0,626.0,0.0,0.0,0.0
0,141.0,1011.0,140.99976,1010.9978,-0.00024414062,-0.0021972656,0.0022107875
0,491.0,1135.0,491.04456,1135.0717,0.044555664,0.07165527,0.08437823
0,134.0,1071.0,134.0,1071.0,0.0,0.0,0.0
0,344.0,1195.0,344.00006,1195.0002,6.1035156e-05,0.00024414062,0.0002516544
0,136.0,655.0,136.0,655.0,0.0,0.0,0.0
0,124.0,312.0,123.92853,312.00455,-0.07147217,0.004547119,0.071616665
0,524.0,441.0,524.0,441.0,0.0,0.0,0.0
0,358.0,226.0,358.0,226.0,0.0,0.0,0.0
0,115.0,713.0,115.0,713.0,0.0,0.0,0.0
0,291.0,1130.0,291.00058,1130.0001,0.000579834,0.00012207031,0.0005925442
0,119.0,879.0,119.0,879.0,0.0,0.0,0.0
0,514.0,224.0,514.0,224.0,0.0,0.0,0.0
0,326.0,226.0,326.0,226.0,0.0,0.0,0.0
0,522.0,373.0,522.0,373.0,0.0,0.0,0.0
0,521.0,339.0,521.0,339.0,0.0,0.0,0.0
0,141.0,940.0,141.0,940.0,0.0,0.0,0.0
0,115.0,680.0,115.0,680.0,0.0,0.0,0.0
0,112.0,580.0,112.0,580.0,0.0,0.0,0.0
0,463.0,1123.0,463.04877,1123.0178,0.04876709,0.017822266,0.05192169
0,389.0,225.0,389.0,225.0,0.0,0.0,0.0
0,458.0,224.0,458.0,224.0,0.0,0.0,0.0
0,424.0,224.0,424.0,224.0,0.0,0.0,0.0
0,525.0,506.0,525.0,506.0,0.0,0.0,0.0
0,293.0,227.0,293.0,227.0,0.0,0.0,0.0
0,237.0,1083.0,237.00038,1083.0001,0.00038146973,0.00012207031,0.00040052505
0,108.0,415.0,108.00006,414.99973,6.1035156e-05,-0.0002746582,0.00028135817
0,288.0,1152.0,287.99792,1152.0,-0.0020751953,0.0,0.0020751953
0,233.0,227.0,233.0,227.0,0.0,0.0,0.0
0,529.0,667.0,529.0,667.0,0.0,0.0,0.0
0,526.0,701.0,526.0,701.0,0.0,0.0,0.0
0,479.0,643.0,479.0,643.0,0.0,0.0,0.0
0,133.0,229.0,133.0,229.0,0.0,0.0,0.0
0,523.0,407.0,523.0,407.0,0.0,0.0,0.0
0,432.0,648.0,432.0,648.0,0.0,0.0,0.0
0,526.0,570.0,526.0,570.0,0.0,0.0,0.0
0,128.0,343.0,127.94527,343.00665,-0.054733276,0.006652832,0.055136118
0,261.0,227.0,261.0,227.0,0.0,0.0,0.0
0,475.0,1153.0,475.00882,1152.9948,0.00881958,-0.0052490234,0.010263394
0,519.0,277.0,519.0,277.0,0.0,0.0,0.0
0,528.0,637.0,528.0,637.0,0.0,0.0,0.0
1,126.97282,383.00027,126.63089,382.64786,-0.34192657,-0.352417,0.49103108
1,134.0,696.0,133.74002,695.73395,-0.25997925,-0.26605225,0.37198523
1,226.09705,1134.0321,225.93173,1133.8154,-0.16531372,-0.2166748,0.27253732
1,151.0,1139.0,150.93237,1138.7969,-0.06762695,-0.203125,0.21408683
1,113.0,647.0,112.78791,646.8197,-0.21208954,-0.18029785,0.27836898
1,149.0,1071.0,148.97568,1070.7858,-0.02432251,-0.2142334,0.21560967
1,270.00125,1137.0,269.97525,1136.7576,-0.026000977,-0.24243164,0.24382196
1,233.99998,1159.0,234.02905,1158.8671,0.029067993,-0.13293457,0.13607553
1,519.0,1058.9999,518.9479,1058.631,-0.052124023,-0.36889648,0.37256077
1,135.0,626.0,134.7392,625.7697,-0.26080322,-0.23028564,0.34792212
1,140.99976,1010.9978,140.9707,1010.78253,-0.029052734,-0.215271,0.21722262
1,491.04456,1135.0717,490.90848,1134.7476,-0.13607788,-0.32409668,0.35150513
1,134.0,1071.0,133.99011,1070.8206,-0.009887695,-0.17944336,0.17971557
1,344.00006,1195.0002,343.9263,1194.7147,-0.07376099,-0.28552246,0.2948962
1,136.0,655.0,135.7075,654.594,-0.29249573,-0.40600586,0.50039434
1,123.92853,312.00455,123.62792,311.7471,-0.30060577,-0.2574463,0.39578077
1,524.0,441.0,523.8833,440.65604,-0.11669922,-0.34396362,0.36322126
1,358.0,226.0,357.6731,225.64311,-0.3269043,-0.35688782,0.48397866
1,115.0,713.0,114.79631,712.7805,-0.20368958,-0.21948242,0.2994361
1,291.00058,1130.0001,290.9907,1129.7305,-0.009887695,-0.26965332,0.26983455
1,119.0,879.0,118.953,878.81335,-0.04699707,-0.18664551,0.19247147
1,514.0,224.0,513.8264,223.35342,-0.17358398,-0.6465759,0.6694713
1,326.0,226.0,325.6966,225.7383,-0.30340576,-0.2617035,0.40067914
1,522.0,373.0,521.7626,372.48416,-0.23742676,-0.5158386,0.56785643
1,521.0,339.0,520.74805,338.38248,-0.25195312,-0.6175232,0.66694474
1,141.0,940.0,140.90549,939.74194,-0.09451294,-0.25805664,0.2748198
1,115.0,680.0,114.806854,679.77716,-0.19314575,-0.22283936,0.2948943
1,112.0,580.0,111.94952,579.8278,-0.050483704,-0.17218018,0.17942859
1,463.04877,1123.0178,462.9362,1122.6628,-0.112579346,-0.35498047,0.37240466
1,389.0,225.0,388.818,224.65825,-0.18200684,-0.3417511,0.38719544
1,458.0,224.0,457.8034,223.53334,-0.19659424,-0.46665955,0.5063797
1,424.0,224.0,423.80142,223.56096,-0.19857788,-0.43904114,0.48186126
1,525.0,506.0,524.8592,505.48303,-0.1408081,-0.5169678,0.53580093
1,293.0,227.0,292.91357,226.6647,-0.08642578,-0.33529663,0.34625605
1,237.00038,1083.0001,236.95677,1082.8484,-0.04360962,-0.1517334,0.15787597
1,108.00006,414.99973,107.68966,414.76218,-0.31040192,-0.23754883,0.3908693
1,287.99792,1152.0,288.00705,1151.7887,0.009124756,-0.21130371,0.21150063
1,233.0,227.0,232.82957,226.68037,-0.17042542,-0.31962585,0.362223
1,529.0,667.0,528.91364,666.76666,-0.086364746,-0.2333374,0.24880758
1,526.0,701.0,525.9788,700.71625,-0.0211792,-0.28375244,0.28454173
1,479.0,643.0,478.80423,642.6026,-0.19577026,-0.3973999,0.44300416
1,133.0,229.0,132.832,228.76726,-0.16799927,-0.23274231,0.28704134
1,523.0,407.0,522.8277,406.67023,-0.17230225,-0.32977295,0.37207294
1,432.0,648.0,431.80148,647.58636,-0.19851685,-0.41363525,0.45880613
1,526.0,570.0,525.90875,569.7081,-0.09124756,-0.29187012,0.30580103
1,127.94527,343.00665,127.613304,342.58072,-0.3319626,-0.42593384,0.5400174
1,261.0,227.0,260.79437,226.67474,-0.20562744,-0.32525635,0.38480428
1,475.00882,1152.9948,474.994,1152.8318,-0.014831543,-0.16296387,0.1636374
1,519.0,277.0,518.8203,276.3206,-0.1796875,-0.67941284,0.7027727
1,528.0,637.0,527.8839,636.6966,-0.11608887,-0.30340576,0.3248564
2,126.63089,382.64786,126.64597,383.36963,0.015083313,0.72177124,0.72192883
2,133.74002,695.73395,133.77258,696.445,0.032562256,0.7110596,0.71180475
2,225.93173,1133.8154,226.00175,1134.2163,0.07002258,0.4008789,0.40694848
2,150.93237,1138.7969,150.96248,1139.2344,0.03010559,0.4375,0.43853462
2,112.78791,646.8197,112.79341,647.3775,0.0055007935,0.5578003,0.5578274
2,148.97568,1070.7858,149.00423,1071.4167,0.028549194,0.63098145,0.63162696
2,269.97525,1136.7576,270.04547,1137.3159,0.07022095,0.5583496,0.56274796
2,234.02905,1158.8671,233.95216,1159.2585,-0.07688904,0.3914795,0.3989588
2,518.9479,1058.631,518.9772,1059.0125,0.029296875,0.38146973,0.38259307
2,134.7392,625.7697,134.73903,626.3496,-0.00016784668,0.579895,0.579895
2,140.9707,1010.78253,140.97113,1011.4586,0.0004272461,0.6760864,0.67608654
2,490.90848,1134.7476,491.06723,1135.0685,0.15875244,0.32092285,0.35804164
2,133.99011,1070.8206,134.04178,1071.3436,0.05166626,0.5230713,0.52561677
2,343.9263,1194.7147,343.99777,1195.1309,0.07147217,0.4161377,0.4222308
2,135.7075,654.594,135.72307,655.31915,0.015563965,0.7251587,0.7253257
2,123.62792,311.7471,123.62576,312.42508,-0.0021591187,0.6779785,0.677982
2,523.8833,440.65604,523.86237,440.9151,-0.020935059,0.25906372,0.25990823
2,357.6731,225.64311,357.604,226.04257,-0.0690918,0.39945984,0.40539098
2,114.79631,712.7805,114.795044,713.4613,-0.0012664795,0.68078613,0.6807873
2,290.9907,1129.7305,290.96494,1130.3246,-0.025756836,0.5941162,0.5946742
2,118.953,878.81335,118.96844,879.06104,0.015434265,0.24768066,0.24816109
2,513.8264,223.35342,513.7883,224.05931,-0.038085938,0.70588684,0.70691353
2,325.6966,225.7383,325.61157,226.02812,-0.08502197,0.28982544,0.30203894
2,521.7626,372.48416,521.75366,373.0602,-0.008911133,0.5760498,0.5761187
2,520.74805,338.38248,520.76904,339.17932,0.020996094,0.7968445,0.79712105
2,140.90549,939.74194,140.91034,940.43,0.004852295,0.6880493,0.6880664
2,114.806854,679.77716,114.7662,680.27924,-0.040657043,0.5020752,0.5037186
2,111.94952,579.8278,111.87533,580.26337,-0.07418823,0.43554688,0.44182006
2,462.9362,1122.6628,463.0412,1123.0818,0.10501099,0.4189453,0.43190563
2,388.818,224.65825,388.76038,224.95906,-0.057617188,0.30081177,0.30628005
2,457.8034,223.53334,457.7833,224.13884,-0.020111084,0.60549927,0.6058332
2,423.80142,223.56096,423.76654,224.16322,-0.03488159,0.6022644,0.6032737
2,524.8592,505.48303,524.87115,506.07153,0.011962891,0.588501,0.58862257
2,292.91357,226.6647,292.81073,227.0503,-0.10284424,0.3855896,0.39906928
2,236.95677,1082.8484,236.98566,1083.1262,0.028884888,0.27783203,0.2793295
2,107.68966,414.76218,107.65043,415.5728,-0.039230347,0.8106384,0.8115871
2,288.00705,1151.7887,288.0229,1152.2366,0.015838623,0.44787598,0.44815594
2,232.82957,226.68037,232.74615,227.16725,-0.0834198,0.48687744,0.49397215
2,528.91364,666.76666,528.9395,666.9862,0.025878906,0.21954346,0.22106345
2,525.9788,700.71625,525.9948,700.95764,0.015991211,0.24139404,0.24192314
2,478.80423,642.6026,478.88678,643.0314,0.08255005,0.42877197,0.4366462
2,132.832,228.76726,132.74768,229.4699,-0.08432007,0.7026367,0.7076781
2,522.8277,406.67023,522.8325,406.96805,0.0048217773,0.29782104,0.29786006
2,431.80148,647.58636,431.91666,648.14856,0.11517334,0.5621948,0.573871
2,525.90875,569.7081,525.8924,569.8738,-0.016357422,0.16564941,0.16645508
2,127.613304,342.58072,127.62415,343.14886,0.010848999,0.56814575,0.56824934
2,260.79437,226.67474,260.74036,227.1011,-0.054016113,0.42636108,0.42976916
2,474.994,1152.8318,474.9961,1152.9714,0.002105713,0.13964844,0.1396643
2,518.8203,276.3206,518.83545,277.2098,0.015136719,0.8892212,0.88935
2,527.8839,636.6966,527.8524,636.92413,-0.03149414,0.22753906,0.2297083
3,126.64597,383.36963,126.17621,383.77017,-0.4697647,0.4005432,0.61734414
3,133.77258,696.445,133.4179,696.7956,-0.35469055,0.35058594,0.49871424
3,226.00175,1134.2163,225.75513,1134.8953,-0.24662781,0.6789551,0.7223609
3,150.96248,1139.2344,150.7705,1139.9712,-0.19198608,0.7368164,0.7614178
3,112.79341,647.3775,112.20824,647.9289,-0.58517456,0.5513916,0.8040286
3,149.00423,1071.4167,148.69911,1071.8638,-0.30511475,0.44702148,0.5412238
3,270.04547,1137.3159,269.8094,1137.8335,-0.23608398,0.5175781,0.56887853
3,233.95216,1159.2585,233.84785,1159.9774,-0.10430908,0.7188721,0.7264003
3,518.9772,1059.0125,518.7881,1059.6215,-0.18908691,0.6090088,0.6376876
3,134.73903,626.3496,134.32132,626.9381,-0.41770935,0.588501,0.7216748
3,140.97113,1011.4586,140.64206,1011.72485,-0.32907104,0.26623535,0.4232836
3,491.06723,1135.0685,490.91843,1135.889,-0.14880371,0.82055664,0.8339399
3,134.04178,1071.3436,133.80223,1071.8636,-0.23954773,0.52001953,0.5725412
3,343.99777,1195.1309,343.94843,1195.9364,-0.049346924,0.805542,0.8070521
3,135.72307,655.31915,135.3493,655.79095,-0.37376404,0.47180176,0.60191065
3,123.62576,312.42508,123.00966,313.02432,-0.6161041,0.59924316,0.85946304
3,523.86237,440.9151,523.1578,441.6994,-0.70458984,0.78430176,1.0543131
3,357.604,226.04257,356.8352,226.77856,-0.7687988,0.73599243,1.0643009
3,114.795044,713.4613,114.14583,713.96027,-0.6492157,0.4989624,0.81880677
3,290.96494,1130.3246,290.86157,1130.8208,-0.10336304,0.49621582,0.5068669
3,118.96844,879.06104,118.35967,879.91785,-0.60876465,0.8568115,1.0510567
3,513.7883,224.05931,513.0676,224.50864,-0.7207031,0.44932556,0.84929764
3,325.61157,226.02812,324.81152,226.83884,-0.8000488,0.8107147,1.1390067
3,521.75366,373.0602,521.3323,373.52243,-0.42138672,0.46221924,0.6254705
3,520.76904,339.17932,520.36975,339.48172,-0.399292,0.30239868,0.5008783
3,140.91034,940.43,140.57315,940.9899,-0.33718872,0.5599365,0.65362465
3,114.7662,680.27924,114.287575,680.9379,-0.47862244,0.6586914,0.8142198
3,111.87533,580.26337,111.1074,581.0529,-0.7679291,0.7895508,1.1014106
3,463.0412,1123.0818,462.8942,1123.7732,-0.14700317,0.69140625,0.706861
3,388.76038,224.95906,388.01935,225.83316,-0.74102783,0.87409973,1.1459374
3,457.7833,224.13884,456.94528,224.63176,-0.8380127,0.49291992,0.9722321
3,423.76654,224.16322,422.88458,224.6226,-0.881958,0.4593811,0.99442494
3,524.87115,506.07153,524.4309,506.5671,-0.44024658,0.49557495,0.66288126
3,292.81073,227.0503,291.97705,227.83887,-0.8336792,0.7885742,1.1475497
3,236.98566,1083.1262,236.80489,1083.914,-0.18077087,0.7877197,0.8081958
3,107.65043,415.5728,106.965034,415.7265,-0.6853943,0.15368652,0.7024136
3,288.0229,1152.2366,287.8229,1152.9722,-0.19998169,0.7355957,0.76229507
3,232.74615,227.16725,231.85905,227.96365,-0.8871002,0.796402,1.1921421
3,528.9395,666.9862,528.4241,667.8199,-0.5154419,0.8336792,0.98015374
3,525.9948,700.95764,525.60455,701.6972,-0.3902588,0.739563,0.8362149
3,478.88678,643.0314,478.3418,643.59186,-0.5449829,0.56048584,0.7817613
3,132.74768,229.4699,131.83069,229.78226,-0.9169922,0.31236267,0.9687337
3,522.8325,406.96805,522.1909,407.71948,-0.64160156,0.7514343,0.98808205
3,431.91666,648.14856,431.77933,648.58014,-0.1373291,0.4315796,0.452902
3,525.8924,569.8738,525.468,570.7611,-0.42437744,0.8873291,0.98358995
3,127.62415,343.14886,127.12633,343.89673,-0.49782562,0.74786377,0.8984045
3,260.74036,227.1011,259.84357,227.888,-0.89678955,0.78689575,1.1930785
3,474.9961,1152.9714,474.96936,1153.8323,-0.026733398,0.86083984,0.8612548
3,518.83545,277.2098,518.121,277.46478,-0.71447754,0.25497437,0.7586106
3,527.8524,636.92413,527.633,637.6822,-0.21942139,0.75805664,0.789174
4,126.17621,383.77017,125.79114,384.04095,-0.3850708,0.27078247,0.47074693
4,133.4179,696.7956,132.83698,697.0486,-0.58091736,0.25299072,0.63361603
4,225.75513,1134.8953,225.0357,1135.1288,-0.7194214,0.23352051,0.7563723
4,150.7705,1139.9712,150.00891,1140.1472,-0.7615814,0.17602539,0.78165925
4,112.20824,647.9289,111.94075,648.0795,-0.26748657,0.15063477,0.30698517
4,148.69911,1071.8638,148.0419,1072.0785,-0.6572113,0.21472168,0.6913987
4,269.8094,1137.8335,268.92862,1138.0057,-0.8807678,0.17224121,0.8974514
4,233.84785,1159.9774,233.02492,1160.1119,-0.822937,0.13452148,0.8338593
4,518.7881,1059.6215,518.0408,1059.865,-0.74731445,0.24353027,0.7859936
4,134.32132,626.9381,133.93607,627.08295,-0.3852539,0.14483643,0.4115801
4,140.64206,1011.72485,140.08385,1012.0174,-0.5582123,0.2925415,0.63022333
4,490.91843,1135.889,490.0785,1135.9906,-0.8399353,0.1015625,0.84605336
4,133.80223,1071.8636,132.94496,1072.0718,-0.8572693,0.20812988,0.8821727
4,343.94843,1195.9364,343.12445,1196.0267,-0.8239746,0.09033203,0.82891136
4,135.3493,655.79095,134.89566,656.1156,-0.4536438,0.324646,0.557842
4,123.00966,313.02432,122.74642,313.15115,-0.263237,0.12683105,0.29219827
4,523.1578,441.6994,522.93304,441.77484,-0.22473145,0.07543945,0.23705555
4,356.8352,226.77856,356.65933,226.98418,-0.1758728,0.20561218,0.27056906
4,114.14583,713.96027,113.99437,714.09467,-0.15145874,0.13439941,0.20249185
4,290.86157,1130.8208,290.00903,1130.9344,-0.85253906,0.11364746,0.86008054
4,118.35967,879.91785,118.0513,879.9598,-0.3083725,0.041931152,0.31121024
4,513.0676,224.50864,512.80707,224.97502,-0.26055908,0.4663849,0.5342339
4,324.81152,226.83884,324.72397,226.98172,-0.08755493,0.1428833,0.16757536
4,521.3323,373.52243,520.782,374.07095,-0.55029297,0.54852295,0.77698123
4,520.36975,339.48172,519.7616,340.17468,-0.6081543,0.69296265,0.921981
4,140.57315,940.9899,140.04428,941.17004,-0.5288696,0.18011475,0.55869883
4,114.287575,680.9379,113.90064,681.0274,-0.38693237,0.08947754,0.39714342
4,111.1074,581.0529,110.90118,581.09705,-0.20622253,0.044128418,0.2108911
4,462.8942,1123.7732,462.00677,1123.8778,-0.88742065,0.10461426,0.89356565
4,388.01935,225.83316,387.79498,225.90454,-0.22436523,0.071380615,0.23544627
4,456.94528,224.63176,456.81067,225.1909,-0.13461304,0.55914307,0.5751188
4,422.88458,224.6226,422.74542,225.17252,-0.13916016,0.5499115,0.56724614
4,524.4309,506.5671,523.7887,506.84586,-0.6422119,0.27874756,0.7000974
4,291.97705,227.83887,291.89496,227.9795,-0.082092285,0.14064026,0.16284601
4,236.80489,1083.914,235.98901,1084.0433,-0.8158722,0.12939453,0.82606924
4,106.965034,415.7265,106.74238,415.93265,-0.22265625,0.20614624,0.3034338
4,287.8229,1152.9722,286.8874,1153.0109,-0.93551636,0.03869629,0.9363163
4,231.85905,227.96365,231.75317,228.02538,-0.10588074,0.0617218,0.12255738
4,528.4241,667.8199,527.9761,667.9385,-0.44799805,0.11859131,0.46342868
4,525.60455,701.6972,524.9033,701.8404,-0.7012329,0.14318848,0.71570283
4,478.3418,643.59186,478.03192,643.9109,-0.3098755,0.31903076,0.444751
4,131.83069,229.78226,131.779,229.94846,-0.05168152,0.16619873,0.17404884
4,522.1909,407.71948,521.9236,407.8109,-0.26733398,0.091430664,0.28253677
4,431.77933,648.58014,431.36588,648.8823,-0.41345215,0.30218506,0.5121118
4,525.468,570.7611,524.7522,570.8148,-0.7158203,0.053710938,0.71783257
4,127.12633,343.89673,126.7679,344.23697,-0.35842896,0.34024048,0.49420127
4,259.84357,227.888,259.77106,227.99146,-0.072509766,0.10345459,0.12633495
4,474.96936,1153.8323,474.01883,1153.8749,-0.950531,0.04260254,0.9514852
4,518.121,277.46478,517.84863,278.1916,-0.27233887,0.72680664,0.7761548
4,527.633,637.6822,526.7695,637.7555,-0.8635254,0.07330322,0.8666311
5,125.79114,384.04095,125.92966,384.1087,0.13851929,0.06774902,0.15419963
5,132.83698,697.0486,133.05432,697.08105,0.21734619,0.032470703,0.2197583
5,225.0357,1135.1288,225.1811,1135.1295,0.145401,0.0007324219,0.14540285
5,150.00891,1140.1472,150.12231,1140.209,0.11340332,0.061767578,0.12913384
5,111.94075,648.0795,112.05265,648.1497,0.11190033,0.07019043,0.13209231
5,148.0419,1072.0785,148.19276,1072.1217,0.15086365,0.04321289,0.15693054
5,268.92862,1138.0057,269.0928,1138.156,0.16418457,0.15026855,0.22256957
5,233.02492,1160.1119,233.12936,1160.1516,0.10444641,0.03967285,0.11172729
5,518.0408,1059.865,518.07336,1059.8966,0.032592773,0.03161621,0.045407858
5,133.93607,627.08295,134.00478,627.0934,0.06871033,0.010437012,0.06949849
5,140.08385,1012.0174,140.2058,1012.074,0.12194824,0.05657959,0.13443446
5,490.0785,1135.9906,490.17245,1136.0332,0.09396362,0.04260254,0.10317043
5,132.94496,1072.0718,133.12167,1072.0975,0.17671204,0.025756836,0.17857927
5,343.12445,1196.0267,343.25458,1196.1207,0.13012695,0.09399414,0.1605239
5,134.89566,656.1156,134.99484,656.12036,0.09918213,0.004760742,0.099296324
5,122.74642,313.15115,122.850266,313.2394,0.10384369,0.088256836,0.136282
5,522.93304,441.77484,522.97253,441.93304,0.039489746,0.15820312,0.16305725
5,356.65933,226.98418,356.74545,227.07704,0.086120605,0.09286499,0.12665175
5,113.99437,714.09467,114.00085,714.152,0.006477356,0.05731201,0.05767688
5,290.00903,1130.9344,290.19455,1131.0581,0.18551636,0.12365723,0.22295162
5,118.0513,879.9598,118.02777,879.96106,-0.023529053,0.0012817383,0.023563938
5,512.80707,224.97502,512.81146,225.04642,0.0043945312,0.071395874,0.07153099
5,324.72397,226.98172,324.72906,227.03781,0.0050964355,0.05609131,0.056322362
5,520.782,374.07095,520.87646,374.12024,0.09448242,0.04928589,0.10656466
5,519.7616,340.17468,519.885,340.15652,0.123413086,-0.018157959,0.12474174
5,140.04428,941.17004,140.24892,941.2136,0.20463562,0.0435791,0.20922446
5,113.90064,681.0274,113.94767,681.0871,0.047027588,0.059692383,0.075991936
5,110.90118,581.09705,110.93316,581.15186,0.031982422,0.05480957,0.06345837
5,462.00677,1123.8778,462.12476,1124.0479,0.11798096,0.17004395,0.20696485
5,387.79498,225.90454,387.85968,225.99187,0.064697266,0.08732605,0.10868107
5,456.81067,225.1909,456.8404,225.18942,0.029724121,-0.0014801025,0.02976095
5,422.74542,225.17252,422.82886,225.18135,0.08343506,0.008834839,0.08390151
5,523.7887,506.84586,523.9082,506.9455,0.119506836,0.09963989,0.1555956
5,291.89496,227.9795,291.9479,228.09225,0.052947998,0.11274719,0.12456091
5,235.98901,1084.0433,236.09473,1084.1034,0.10571289,0.060058594,0.12158228
5,106.74238,415.93265,106.819,416.10596,0.07662201,0.17330933,0.18949157
5,286.8874,1153.0109,287.04315,1153.1355,0.15576172,0.12463379,0.19948758
5,231.75317,228.02538,231.81084,228.11626,0.057662964,0.09088135,0.10763102
5,527.9761,667.9385,527.9934,667.97833,0.017333984,0.039855957,0.043462217
5,524.9033,701.8404,524.95654,702.0078,0.053222656,0.16741943,0.1756756
5,478.03192,643.9109,478.06738,644.0058,0.035461426,0.09490967,0.1013181
5,131.779,229.94846,131.83604,230.14629,0.057037354,0.1978302,0.20588844
5,521.9236,407.8109,521.957,408.00168,0.03338623,0.19076538,0.19366483
5,431.36588,648.8823,431.2417,649.0145,-0.124176025,0.13220215,0.18137556
5,524.7522,570.8148,524.8752,570.89557,0.12298584,0.08074951,0.1471258
5,126.7679,344.23697,126.8876,344.17035,0.1197052,-0.06661987,0.13699469
5,259.77106,227.99146,259.8318,228.10655,0.06072998,0.115097046,0.13013631
5,474.01883,1153.8749,474.11658,1153.959,0.0977478,0.084106445,0.12895164
5,517.84863,278.1916,517.8513,278.20016,0.0026855469,0.008575439,0.008986118
5,526.7695,637.7555,526.9249,637.87274,0.15545654,0.117248535,0.19471507
6,125.92966,384.1087,125.72062,383.81235,-0.20903778,-0.2963562,0.36266208
6,133.05432,697.08105,132.9179,696.7676,-0.13642883,-0.31347656,0.34187773
6,225.1811,1135.1295,225.19302,1134.7821,0.011917114,-0.3474121,0.34761643
6,150.12231,1140.209,150.14693,1139.856,0.024612427,-0.35302734,0.35388428
6,112.05265,648.1497,111.8614,647.9112,-0.19125366,-0.23852539,0.30573243
6,148.19276,1072.1217,148.24883,1071.7778,0.05606079,-0.34387207,0.34841183
6,269.0928,1138.156,269.09958,1137.8109,0.0067749023,-0.34509277,0.34515926
6,233.12936,1160.1516,233.18481,1159.8392,0.05545044,-0.31237793,0.31726128
6,518.07336,1059.8966,518.0421,1059.6115,-0.03125,-0.28515625,0.28686348
6,134.00478,627.0934,133.85158,626.80975,-0.15319824,-0.28363037,0.32235986
6,140.2058,1012.074,140.19225,1011.7508,-0.013549805,-0.32318115,0.32346508
6,490.17245,1136.0332,490.2111,1135.8081,0.038635254,-0.22509766,0.22838922
6,133.12167,1072.0975,133.10211,1071.7981,-0.019561768,-0.29943848,0.30007675
6,343.25458,1196.1207,343.27588,1195.8235,0.02130127,-0.2972412,0.2980035
6,134.99484,656.12036,134.8479,655.6827,-0.14694214,-0.4376831,0.4616909
6,122.850266,313.2394,122.64655,312.98605,-0.20371246,-0.25335693,0.32509768
6,522.97253,441.93304,522.8826,441.81674,-0.089904785,-0.11630249,0.14700048
6,356.74545,227.07704,356.63055,226.84718,-0.11489868,-0.2298584,0.25697586
6,114.00085,714.152,113.93885,713.9658,-0.06199646,-0.18615723,0.19620927
6,290.19455,1131.0581,290.21695,1130.811,0.022399902,-0.24707031,0.24808365
6,118.02777,879.96106,117.94352,879.73145,-0.084251404,-0.22961426,0.24458334
6,512.81146,225.04642,512.7482,224.78436,-0.06323242,-0.26205444,0.26957536
6,324.72906,227.03781,324.69177,226.93207,-0.03729248,-0.10574341,0.1121267
6,520.87646,374.12024,520.8368,373.78534,-0.03967285,-0.3348999,0.3372416
6,519.885,340.15652,519.79095,339.844,-0.094055176,-0.31253052,0.32637662
6,140.24892,941.2136,140.20325,940.9159,-0.045669556,-0.2977295,0.3012118
6,113.94767,681.0871,113.85625,680.8746,-0.091423035,-0.21252441,0.23135427
6,110.93316,581.15186,110.84593,580.9419,-0.08722687,-0.20996094,0.22735901
6,462.12476,1124.0479,462.09198,1123.7653,-0.03277588,-0.28259277,0.28448713
6,387.85968,225.99187,387.7518,225.86575,-0.10787964,-0.12611389,0.16596003
6,456.8404,225.18942,456.721,224.92232,-0.119384766,-0.2671051,0.29257113
6,422.82886,225.18135,422.74472,224.98468,-0.08413696,-0.19667053,0.21391195
6,523.9082,506.9455,523.8461,506.824,-0.062072754,-0.12149048,0.13642932
6,291.9479,228.09225,291.87787,227.89162,-0.07003784,-0.20063782,0.21251078
6,236.09473,1084.1034,236.09743,1083.8362,0.0027008057,-0.2672119,0.26722556
6,106.819,416.10596,106.654724,415.90436,-0.16427612,-0.20159912,0.26005545
6,287.04315,1153.1355,287.0985,1152.8055,0.055358887,-0.32995605,0.3345678
6,231.81084,228.11626,231.71837,227.87201,-0.09246826,-0.24424744,0.26116505
6,527.9934,667.97833,527.9831,667.8745,-0.010314941,-0.1038208,0.104331955
6,524.95654,702.0078,524.9436,701.87683,-0.012939453,-0.13098145,0.13161902
6,478.06738,644.0058,477.8655,643.6882,-0.20187378,-0.31762695,0.37635076
6,131.83604,230.14629,131.70848,229.95422,-0.12756348,-0.19206238,0.23056538
6,521.957,408.00168,521.86505,407.81717,-0.091918945,-0.18450928,0.20613773
6,431.2417,649.0145,431.09555,648.6774,-0.14614868,-0.33709717,0.36741522
6,524.8752,570.89557,524.875,570.8992,-0.00018310547,0.0036010742,0.0036057264
6,126.8876,344.17035,126.665855,343.89844,-0.22174835,-0.27191162,0.35086787
6,259.8318,228.10655,259.72998,227.9531,-0.10180664,-0.15345764,0.1841571
6,474.11658,1153.959,474.11996,1153.7845,0.0033874512,-0.17443848,0.17447136
6,517.8513,278.20016,517.7539,277.71826,-0.09741211,-0.48190308,0.49164996
6,526.9249,637.87274,526.91394,637.78076,-0.010986328,-0.09197998,0.09263378
7,125.72062,383.81235,125.54899,383.12726,-0.17163086,-0.6850891,0.70626074
7,132.9179,696.7676,132.73868,695.9361,-0.17921448,-0.83148193,0.8505763
7,225.19302,1134.7821,225.11284,1133.819,-0.08018494,-0.96313477,0.96646684
7,150.14693,1139.856,150.06236,1138.9934,-0.08456421,-0.8625488,0.86668426
7,111.8614,647.9112,111.74206,647.02814,-0.11933899,-0.88305664,0.8910841
7,148.24883,1071.7778,148.2638,1070.8546,0.014968872,-0.9232178,0.9233391
7,269.09958,1137.8109,269.0292,1136.8536,-0.070373535,-0.9572754,0.95985866
7,233.18481,1159.8392,233.11359,1158.8413,-0.07122803,-0.9979248,1.0004636
7,518.0421,1059.6115,517.96387,1058.6643,-0.07824707,-0.94714355,0.9503702
7,133.85158,626.80975,133.69536,626.0205,-0.15621948,-0.7892456,0.80455774
7,140.19225,1011.7508,140.0493,1010.9233,-0.14294434,-0.82751465,0.83976996
7,490.2111,1135.8081,490.21155,1134.8053,0.00045776367,-1.0028076,1.0028077
7,133.10211,1071.7981,133.05405,1070.8134,-0.048065186,-0.9847412,0.9859135
7,343.27588,1195.8235,343.23813,1194.8395,-0.037750244,-0.9840088,0.9847326
7,134.8479,655.6827,134.69196,654.84644,-0.15594482,-0.8362427,0.85065895
7,122.64655,312.98605,122.494736,312.11517,-0.15181732,-0.8708801,0.884014
7,522.8826,441.81674,522.6996,440.80594,-0.18304443,-1.0108032,1.0272431
7,356.63055,226.84718,356.49158,225.89404,-0.13897705,-0.95314026,0.9632191
7,113.93885,713.9658,113.80418,713.00256,-0.13467407,-0.96325684,0.97262573
7,290.21695,1130.811,290.15775,1129.8212,-0.0592041,-0.98986816,0.99163705
7,117.94352,879.73145,117.8182,878.71844,-0.12532043,-1.0130005,1.0207229
7,512.7482,224.78436,512.51294,223.85945,-0.23529053,-0.9249115,0.95437044
7,324.69177,226.93207,324.50793,225.95822,-0.18383789,-0.97384644,0.99104655
7,520.8368,373.78534,520.6498,372.83914,-0.18701172,-0.9461975,0.9645015
7,519.79095,339.844,519.56213,338.9227,-0.2288208,-0.92129517,0.9492859
7,140.20325,940.9159,140.04054,939.968,-0.16270447,-0.947876,0.9617388
7,113.85625,680.8746,113.73745,679.9227,-0.1187973,-0.95184326,0.95922804
7,110.84593,580.9419,110.76781,580.035,-0.078125,-0.9069214,0.91028017
7,462.09198,1123.7653,462.00305,1122.7745,-0.08892822,-0.99072266,0.9947058
7,387.7518,225.86575,387.47733,224.90591,-0.2744751,-0.95983887,0.9983122
7,456.721,224.92232,456.5275,223.9404,-0.19351196,-0.98191833,1.0008049
7,422.74472,224.98468,422.27,224.01286,-0.47473145,-0.971817,1.0815722
7,523.8461,506.824,523.6538,505.81055,-0.19232178,-1.0134583,1.031545
7,291.87787,227.89162,291.72632,226.90146,-0.1515503,-0.9901581,1.0016888
7,236.09743,1083.8362,236.07843,1082.8938,-0.018997192,-0.9423828,0.94257426
7,106.654724,415.90436,106.53283,414.96313,-0.12189484,-0.94122314,0.94908345
7,287.0985,1152.8055,287.09393,1151.8245,-0.0045776367,-0.9810791,0.9810898
7,231.71837,227.87201,231.53333,226.93588,-0.18504333,-0.9361267,0.95424014
7,527.9831,667.8745,527.79706,666.88245,-0.18603516,-0.9920654,1.0093577
7,524.9436,701.87683,524.8273,700.8986,-0.11633301,-0.97821045,0.9851036
7,477.8655,643.6882,477.7784,642.8284,-0.08709717,-0.8597412,0.8641417
7,131.70848,229.95422,131.55429,229.09283,-0.15419006,-0.86138916,0.87508047
7,521.86505,407.81717,521.6333,406.9007,-0.23175049,-0.9164734,0.945321
7,431.09555,648.6774,431.2393,647.85297,0.1437378,-0.8244629,0.8368988
7,524.875,570.8992,524.7715,569.9086,-0.103515625,-0.99053955,0.9959338
7,126.665855,343.89844,126.538605,343.13928,-0.12725067,-0.7591553,0.76974636
7,259.72998,227.9531,259.68103,226.95522,-0.048950195,-0.997879,0.99907887
7,474.11996,1153.7845,474.12134,1152.7821,0.001373291,-1.0024414,1.0024424
7,517.7539,277.71826,517.55994,276.8999,-0.19396973,-0.8183594,0.84103286
7,526.91394,637.78076,526.7966,636.7948,-0.117370605,-0.9859619,0.9929233
8,125.54899,383.12726,125.77814,383.3062,0.22914886,0.17895508,0.29074752
8,132.73868,695.9361,132.90369,696.2198,0.16500854,0.2836914,0.32818994
8,225.11284,1133.819,225.16843,1134.0194,0.05558777,0.20043945,0.20800474
8,150.06236,1138.9934,150.12967,1139.2007,0.06730652,0.20727539,0.21792948
8,111.74206,647.02814,111.86636,647.33496,0.124305725,0.30682373,0.3310479
8,148.2638,1070.8546,148.32138,1071.1233,0.05758667,0.26867676,0.27477887
8,269.0292,1136.8536,269.05612,1137.0724,0.026916504,0.21875,0.22039978
8,233.11359,1158.8413,233.10832,1159.0231,-0.005264282,0.1817627,0.18183891
8,517.96387,1058.6643,517.9709,1058.8085,0.007019043,0.14416504,0.1443358
8,133.69536,626.0205,133.83429,626.2261,0.13893127,0.2055664,0.24811175
8,140.0493,1010.9233,140.15361,1011.44025,0.10430908,0.5169678,0.52738607
8,490.21155,1134.8053,490.19507,1134.8507,-0.016479492,0.045410156,0.04830793
8,133.05405,1070.8134,133.056,1071.1116,0.001953125,0.29821777,0.29822418
8,343.23813,1194.8395,343.16293,1194.952,-0.07519531,0.11254883,0.1353572
8,134.69196,654.84644,134.85075,655.24963,0.15879822,0.40319824,0.4333425
8,122.494736,312.11517,122.7279,312.36526,0.23316193,0.25009155,0.34192142
8,522.6996,440.80594,522.7128,440.96738,0.013244629,0.16143799,0.16198038
8,356.49158,225.89404,356.5551,226.1984,0.0635376,0.3043518,0.31091326
8,113.80418,713.00256,113.95086,713.2015,0.14668274,0.19891357,0.24714862
8,290.15775,1129.8212,290.1595,1130.0038,0.001739502,0.18261719,0.18262547
8,117.8182,878.71844,117.99979,879.04144,0.18158722,0.32299805,0.37054238
8,512.51294,223.85945,512.6401,224.10493,0.12713623,0.2454834,0.276452
8,324.50793,225.95822,324.59943,226.1744,0.0914917,0.21617126,0.23473549
8,520.6498,372.83914,520.6769,373.0561,0.02709961,0.21694946,0.21863544
8,519.56213,338.9227,519.7182,339.08804,0.1560669,0.16534424,0.22736664
8,140.04054,939.968,140.13336,940.1228,0.092819214,0.15478516,0.18048227
8,113.73745,679.9227,113.791306,680.2543,0.053855896,0.33154297,0.33588868
8,110.76781,580.035,110.78499,580.222,0.017181396,0.18701172,0.18779932
8,462.00305,1122.7745,462.03726,1122.8992,0.034210205,0.12463379,0.12924364
8,387.47733,224.90591,387.75116,225.09589,0.27383423,0.18997192,0.33327845
8,456.5275,223.9404,456.6017,224.19193,0.07421875,0.25152588,0.26224738
8,422.27,224.01286,422.66,224.25533,0.39001465,0.24246216,0.45923775
8,523.6538,505.81055,523.72577,506.02664,0.07196045,0.21609497,0.2277616
8,291.72632,226.90146,291.76282,227.24168,0.036499023,0.34022522,0.34217742
8,236.07843,1082.8938,236.10881,1083.1066,0.030380249,0.21276855,0.21492654
8,106.53283,414.96313,106.63191,415.19977,0.09908295,0.2366333,0.25653997
8,287.09393,1151.8245,287.077,1152.0011,-0.016937256,0.17663574,0.17744592
8,231.53333,226.93588,231.70096,227.31535,0.16763306,0.37947083,0.4148481
8,527.79706,666.88245,527.7901,666.9453,-0.006958008,0.06286621,0.063250095
8,524.8273,700.8986,524.8298,700.96356,0.0025024414,0.064941406,0.064989604
8,477.7784,642.8284,477.91135,643.06476,0.13293457,0.23632812,0.27115047
8,131.55429,229.09283,131.65613,229.3752,0.10183716,0.2823639,0.3001669
8,521.6333,406.9007,521.66864,407.08398,0.035339355,0.18328857,0.18666433
8,431.2393,647.85297,431.22946,648.08844,-0.00982666,0.23547363,0.23567858
8,524.7715,569.9086,524.7691,569.9073,-0.002380371,-0.0013427734,0.002732985
8,126.538605,343.13928,126.79596,343.4643,0.25735474,0.3250122,0.4145653
8,259.68103,226.95522,259.7351,227.31207,0.05407715,0.3568573,0.3609314
8,474.12134,1152.7821,474.1212,1152.7816,-0.00015258789,-0.00048828125,0.0005115678
8,517.55994,276.8999,517.7141,277.14404,0.1541748,0.24414062,0.28874645
8,526.7966,636.7948,526.79834,636.8851,0.0017700195,0.090270996,0.09028835
9,125.77814,383.3062,125.90011,383.9598,0.12197113,0.653595,0.6648784
9,132.90369,696.2198,143.08313,698.403,10.179443,2.1832275,10.410934
9,225.16843,1134.0194,225.22781,1134.7955,0.059387207,0.77612305,0.77839184
9,150.12967,1139.2007,150.13922,1139.8706,0.009552002,0.6699219,0.66999
9,111.86636,647.33496,111.992615,648.08514,0.12625122,0.7501831,0.7607326
9,148.32138,1071.1233,148.37775,1071.7338,0.056365967,0.61047363,0.6130703
9,269.05612,1137.0724,269.1158,1137.8569,0.059692383,0.7845459,0.78681344
9,233.10832,1159.0231,233.12552,1159.8976,0.017196655,0.8745117,0.87468076
9,517.9709,1058.8085,517.9894,1059.5956,0.018493652,0.7871094,0.7873266
9,133.83429,626.2261,133.98526,626.9678,0.15097046,0.7416992,0.75690806
9,140.15361,1011.44025,140.31712,1011.96906,0.16351318,0.5288086,0.5535116
9,490.19507,1134.8507,490.16452,1135.7866,-0.030548096,0.9359131,0.9364115
9,133.056,1071.1116,133.07437,1071.782,0.018371582,0.67041016,0.6706618
9,343.16293,1194.952,343.20667,1195.8054,0.04373169,0.85339355,0.85451335
9,134.85075,655.24963,135.05135,655.9486,0.20059204,0.6989746,0.7271882
9,122.7279,312.36526,122.84421,313.1627,0.11631012,0.7974243,0.805862
9,522.7128,440.96738,522.7713,441.87234,0.05847168,0.90496826,0.9068553
9,356.5551,226.1984,356.61023,227.12329,0.055114746,0.92489624,0.9265369
9,113.95086,713.2015,124.653465,717.6788,10.702606,4.477295,11.6013775
9,290.1595,1130.0038,290.16754,1130.7917,0.008056641,0.78796387,0.78800505
9,117.99979,879.04144,104.891594,890.6444,-13.108192,11.602966,17.505816
9,512.6401,224.10493,512.735,225.09276,0.09490967,0.9878235,0.99237245
9,324.59943,226.1744,324.62024,227.1126,0.020812988,0.9382019,0.93843275
9,520.6769,373.0561,520.73175,374.01443,0.054870605,0.9583435,0.9599131
9,519.7182,339.08804,519.72876,340.08963,0.010559082,1.0015869,1.0016426
9,140.13336,940.1228,140.27756,940.7967,0.14419556,0.67388916,0.68914366
9,113.791306,680.2543,113.84216,681.03156,0.050857544,0.7772827,0.77894473
9,110.78499,580.222,110.83522,581.028,0.050231934,0.8060303,0.807594
9,462.03726,1122.8992,461.98236,1123.7196,-0.054901123,0.8204346,0.82226944
9,387.75116,225.09589,387.7563,226.09622,0.005126953,1.0003357,1.0003488
9,456.6017,224.19193,456.63074,225.17928,0.029022217,0.98735046,0.98777694
9,422.66,224.25533,422.65866,225.26259,-0.0013427734,1.0072632,1.0072641
9,523.72577,506.02664,523.726,506.98483,0.00024414062,0.9581909,0.958191
9,291.76282,227.24168,291.79166,228.13498,0.028839111,0.8932953,0.89376074
9,236.10881,1083.1066,236.12617,1083.9867,0.017364502,0.88012695,0.88029826
9,106.63191,415.19977,106.774445,416.08075,0.14253235,0.88098145,0.892437
9,287.077,1152.0011,287.10437,1152.8169,0.027374268,0.8157959,0.81625503
9,231.70096,227.31535,231.70302,228.1884,0.0020599365,0.8730469,0.8730493
9,527.7901,666.9453,527.8437,667.8984,0.053588867,0.95306396,0.95456934
9,524.8298,700.96356,524.818,701.90106,-0.011779785,0.9375,0.937574
9,477.91135,643.06476,477.9225,643.7877,0.011138916,0.7229614,0.72304726
9,131.65613,229.3752,131.7532,230.30765,0.097076416,0.93244934,0.937489
9,521.66864,407.08398,521.71936,408.04987,0.050720215,0.96588135,0.96721214
9,431.22946,648.08844,431.1497,648.8031,-0.07977295,0.71466064,0.71909916
9,524.7691,569.9073,524.7943,570.8995,0.02520752,0.9921875,0.9925077
9,126.79596,343.4643,126.879456,344.1734,0.083496094,0.70910645,0.7140053
9,259.7351,227.31207,259.73907,228.17856,0.003967285,0.8664856,0.86649466
9,474.1212,1152.7816,474.15366,1153.7651,0.032470703,0.9835205,0.98405635
9,517.7141,277.14404,517.75305,278.1149,0.03894043,0.9708557,0.9716363
9,526.79834,636.8851,526.8388,637.8584,0.04046631,0.97332764,0.9741685
10,125.90011,383.9598,126.10543,383.59863,0.20532227,-0.36117554,0.41545758
10,143.08313,698.403,177.44324,705.3906,34.360107,6.98761,35.063423
10,225.22781,1134.7955,225.40483,1134.2477,0.17701721,-0.54785156,0.57573986
10,150.13922,1139.8706,150.42079,1139.2051,0.28157043,-0.66552734,0.72264
10,111.992615,648.08514,112.185135,647.4311,0.19252014,-0.65405273,0.68179834
10,148.37775,1071.7338,148.53342,1071.1045,0.15567017,-0.62927246,0.64824146
10,269.1158,1137.8569,269.27667,1137.2129,0.16085815,-0.64404297,0.6638273
10,233.12552,1159.8976,233.34624,1159.1841,0.22071838,-0.713501,0.74686027
10,517.9894,1059.5956,518.04407,1059.2119,0.0546875,-0.383667,0.38754493
10,133.98526,626.9678,134.21265,626.5202,0.22738647,-0.4475708,0.5020202
10,140.31712,1011.96906,140.5294,1011.7298,0.21228027,-0.23925781,0.319855
10,490.16452,1135.7866,490.32394,1135.1475,0.15942383,-0.63916016,0.6587425
10,133.07437,1071.782,133.29346,1071.0847,0.2190857,-0.6972656,0.7308748
10,343.20667,1195.8054,343.3622,1195.1245,0.1555481,-0.6809082,0.69844913
10,135.05135,655.9486,135.25624,655.51965,0.20489502,-0.42895508,0.4753782
10,122.84421,313.1627,123.077156,312.882,0.2329483,-0.28070068,0.36477086
10,522.7713,441.87234,522.90454,441.67642,0.13323975,-0.19592285,0.23693584
10,356.61023,227.12329,356.73502,226.8039,0.12478638,-0.31939697,0.34290823
10,124.653465,717.6788,163.74315,736.3845,39.089684,18.70575,43.334843
10,290.16754,1130.7917,290.285,1130.1462,0.11746216,-0.6455078,0.656108
10,104.891594,890.6444,138.62297,899.8049,33.731377,9.160461,34.95311
10,512.735,225.09276,512.8508,224.74199,0.11584473,-0.35076904,0.36940345
10,324.62024,227.1126,324.7591,226.81668,0.13885498,-0.2959137,0.32687247
10,520.73175,374.01443,520.88837,373.69092,0.15661621,-0.32351685,0.35943258
10,519.72876,340.08963,519.8259,339.74158,0.09716797,-0.34805298,0.36136198
10,140.27756,940.7967,140.50345,940.251,0.22589111,-0.54571533,0.59062004
10,113.84216,681.03156,114.1214,680.7367,0.27923584,-0.29486084,0.40609798
10,110.83522,581.028,111.058235,580.69025,0.22301483,-0.33776855,0.4047508
10,461.98236,1123.7196,462.1765,1123.1056,0.19415283,-0.6140137,0.64397836
10,387.7563,226.09622,387.90765,225.8317,0.15136719,-0.26452637,0.3047724
10,456.63074,225.17928,456.7341,224.90778,0.10336304,-0.27149963,0.29050985
10,422.65866,225.26259,422.82483,224.90614,0.16616821,-0.3564453,0.3932749
10,523.726,506.98483,523.9006,506.63705,0.17456055,-0.34777832,0.38912868
10,291.79166,228.13498,291.9492,227.82153,0.15753174,-0.31344604,0.35080573
10,236.12617,1083.9867,236.34311,1083.2697,0.2169342,-0.717041,0.74913836
10,106.774445,416.08075,106.95273,415.7636,0.17828369,-0.31713867,0.3638159
10,287.10437,1152.8169,287.2729,1152.1329,0.16851807,-0.68395996,0.7044143
10,231.70302,228.1884,231.87077,227.8239,0.16775513,-0.36450195,0.40125236
10,527.8437,667.8984,527.9764,667.5192,0.13269043,-0.3791504,0.40169862
10,524.818,701.90106,524.99927,701.42224,0.18127441,-0.4788208,0.51198614
10,477.9225,643.7877,477.9603,643.4875,0.03781128,-0.30023193,0.30260354
10,131.7532,230.30765,131.93834,229.67035,0.18513489,-0.6372986,0.6636448
10,521.71936,408.04987,521.8866,407.66833,0.16723633,-0.38153076,0.41657376
10,431.1497,648.8031,431.3837,648.43805,0.23400879,-0.36505127,0.43361565
10,524.7943,570.8995,524.9102,570.663,0.11590576,-0.2364502,0.26333028
10,126.879456,344.1734,127.107285,343.65137,0.22782898,-0.5220337,0.56958336
10,259.73907,228.17856,259.896,227.8447,0.15692139,-0.3338623,0.36890155
10,474.15366,1153.7651,474.23395,1152.8682,0.08029175,-0.89697266,0.9005591
10,517.75305,278.1149,517.8522,277.7385,0.099121094,-0.3764038,0.38923618
10,526.8388,637.8584,526.9371,637.2548,0.0982666,-0.60357666,0.61152357
11,126.10543,383.59863,126.11996,384.0063,0.014526367,0.4076538,0.40791255
11,177.44324,705.3906,210.09706,715.68286,32.653824,10.292236,34.237442
11,225.40483,1134.2477,225.4272,1134.7993,0.022369385,0.55163574,0.5520891
11,150.42079,1139.2051,170.02576,1144.8807,19.604965,5.675659,20.409992
11,112.185135,647.4311,112.21623,648.1752,0.031097412,0.7440796,0.7447291
11,148.53342,1071.1045,148.5696,1071.6602,0.03617859,0.55566406,0.5568406
11,269.27667,1137.2129,269.28024,1137.814,0.0035705566,0.6010742,0.6010848
11,233.34624,1159.1841,233.43564,1159.8237,0.089401245,0.63964844,0.64586586
11,518.04407,1059.2119,518.0548,1059.4641,0.0107421875,0.25219727,0.25242594
11,134.21265,626.5202,134.26526,626.8748,0.052612305,0.35461426,0.35849592
11,140.5294,1011.7298,140.5446,1012.3005,0.015197754,0.5706787,0.570881
11,490.32394,1135.1475,490.35135,1135.5205,0.027404785,0.37304688,0.3740521
11,133.29346,1071.0847,133.26324,1071.6764,-0.030212402,0.5916748,0.5924457
11,343.3622,1195.1245,343.4339,1195.7856,0.07168579,0.6611328,0.6650078
11,135.25624,655.51965,135.2703,655.92236,0.014053345,0.40270996,0.4029551
11,123.077156,312.882,123.096756,313.00583,0.019599915,0.12384033,0.12538175
11,522.90454,441.67642,522.8924,441.79398,-0.012145996,0.11755371,0.11817952
11,356.73502,226.8039,356.75848,227.08623,0.023468018,0.28233337,0.28330705
11,290.285,1130.1462,290.33154,1130.8071,0.046539307,0.6608887,0.6625253
11,138.62297,899.8049,172.86452,910.9346,34.241547,11.1297,36.004913
11,512.8508,224.74199,512.8361,224.9584,-0.014709473,0.2164154,0.21691471
11,324.7591,226.81668,324.80145,227.0894,0.0423584,0.27272034,0.27599025
11,520.88837,373.69092,520.8928,373.8235,0.0044555664,0.13256836,0.13264321
11,519.8259,339.74158,519.82776,339.88687,0.0018310547,0.14529419,0.14530572
11,140.50345,940.251,140.60732,940.46643,0.10386658,0.2154541,0.23918347
11,114.1214,680.7367,111.624886,697.2636,-2.4965134,16.526917,16.71441
11,111.058235,580.69025,111.06797,580.87915,0.009735107,0.18890381,0.18915449
11,462.1765,1123.1056,462.22986,1123.5968,0.053344727,0.49121094,0.49409902
11,387.90765,225.8317,387.94275,226.04872,0.035095215,0.21702576,0.21984507
11,456.7341,224.90778,456.76974,225.04817,0.03564453,0.14039612,0.14485027
11,422.82483,224.90614,422.814,224.99922,-0.01083374,0.09307861,0.09370698
11,523.9006,506.63705,523.89966,506.72922,-0.00091552734,0.092163086,0.09216763
11,291.9492,227.82153,291.9544,228.07921,0.005218506,0.25767517,0.257728
11,236.34311,1083.2697,236.35216,1084.1218,0.009048462,0.85217285,0.8522209
11,106.95273,415.7636,107.00772,415.90698,0.054992676,0.14337158,0.15355653
11,287.2729,1152.1329,287.33777,1152.8268,0.06488037,0.69384766,0.6968745
11,231.87077,227.8239,231.97443,228.18922,0.103652954,0.36532593,0.37974593
11,527.9764,667.5192,527.97156,667.85986,-0.0048217773,0.3406372,0.34067133
11,524.99927,701.42224,525.0291,701.73724,0.029846191,0.31500244,0.31641322
11,477.9603,643.4875,477.99167,643.76215,0.03137207,0.2746582,0.27644408
11,131.93834,229.67035,131.91542,230.33322,-0.022918701,0.6628723,0.6632684
11,521.8866,407.66833,521.8874,407.83932,0.00079345703,0.17098999,0.17099182
11,431.3837,648.43805,431.48706,648.8201,0.10336304,0.38208008,0.39581448
11,524.9102,570.663,524.90234,570.7342,-0.007873535,0.07116699,0.07160121
11,127.107285,343.65137,127.131935,344.00156,0.024650574,0.3501892,0.35105574
11,259.896,227.8447,259.90247,228.15465,0.0064697266,0.30995178,0.3100193
11,474.23395,1152.8682,474.3312,1153.5803,0.09725952,0.7121582,0.7187689
11,517.8522,277.7385,517.8467,278.0043,-0.005493164,0.2658081,0.26586485
11,526.9371,637.2548,526.9306,637.88446,-0.0064697266,0.6296387,0.6296719
12,126.11996,384.0063,126.1198,384.00604,-0.00016021729,-0.00024414062,0.0002920175
12,210.09706,715.68286,242.22021,729.27496,32.123154,13.592102,34.880398
12,225.4272,1134.7993,225.42668,1134.7843,-0.0005187988,-0.015014648,0.015023609
12,170.02576,1144.8807,189.47752,1143.6816,19.451767,-1.1990967,19.488691
12,112.21623,648.1752,112.17785,648.1526,-0.038383484,-0.022583008,0.044534076
12,148.5696,1071.6602,148.51164,1071.5242,-0.05795288,-0.13598633,0.14782022
12,269.28024,1137.814,269.2731,1137.7825,-0.0071411133,-0.03149414,0.032293595
12,233.43564,1159.8237,233.43565,1159.8218,1.5258789e-05,-0.001953125,0.0019531846
12,518.0548,1059.4641,518.0282,1059.4675,-0.026611328,0.0034179688,0.026829934
12,134.26526,626.8748,134.29308,626.906,0.027816772,0.031188965,0.04179144
12,140.5446,1012.3005,140.56854,1012.432,0.02394104,0.13153076,0.13369186
12,490.35135,1135.5205,490.35962,1135.526,0.008270264,0.005493164,0.0099283485
12,133.26324,1071.6764,133.15405,1071.5385,-0.109191895,-0.13793945,0.17592658
12,343.4339,1195.7856,343.38144,1195.759,-0.052459717,-0.026611328,0.058823336
12,135.2703,655.92236,135.49161,667.40314,0.22131348,11.480774,11.482906
12,123.096756,313.00583,123.096275,313.007,-0.00048065186,0.001159668,0.001255331
12,522.8924,441.79398,522.8989,441.84583,0.0065307617,0.051849365,0.052259043
12,356.75848,227.08623,356.7892,227.13031,0.030731201,0.04408264,0.053737193
12,290.33154,1130.8071,290.32462,1130.7882,-0.0069274902,-0.018920898,0.020149207
12,172.86452,910.9346,204.85172,924.97437,31.987198,14.039795,34.932743
12,512.8361,224.9584,512.8504,225.01207,0.014282227,0.05366516,0.055533156
12,324.80145,227.0894,324.80453,227.08784,0.0030822754,-0.0015563965,0.0034529394
12,520.8928,373.8235,520.9087,373.91556,0.01586914,0.09207153,0.0934291
12,519.82776,339.88687,519.8407,339.91623,0.012939453,0.02935791,0.03208296
12,140.60732,940.46643,149.86613,968.0418,9.25882,27.575378,29.088266
12,111.624886,697.2636,139.07875,708.13965,27.453865,10.876038,29.529696
12,111.06797,580.87915,111.041626,580.90533,-0.0263443,0.026184082,0.037143346
12,462.22986,1123.5968,462.2293,1123.5944,-0.0005493164,-0.0024414062,0.0025024414
12,387.94275,226.04872,387.94305,226.0486,0.00030517578,-0.00012207031,0.00032868437
12,456.76974,225.04817,456.828,225.10977,0.058258057,0.06159973,0.084785186
12,422.814,224.99922,422.86087,225.04828,0.046875,0.049057007,0.067851715
12,523.89966,506.72922,523.9022,506.75867,0.0025634766,0.029449463,0.029560823
12,291.9544,228.07921,291.95715,228.08513,0.002746582,0.00592041,0.0065264823
12,236.35216,1084.1218,236.34985,1084.1196,-0.0023040771,-0.0021972656,0.0031838259
12,107.00772,415.90698,107.00651,415.89807,-0.0012130737,-0.008911133,0.008993322
12,287.33777,1152.8268,287.34314,1152.7935,0.0053710938,-0.033325195,0.033755254
12,231.97443,228.18922,231.97447,228.1891,4.5776367e-05,-0.00012207031,0.00013037115
12,527.97156,667.85986,527.97174,667.8605,0.00018310547,0.00061035156,0.00063722575
12,525.0291,701.73724,525.03296,701.73114,0.0038452148,-0.0061035156,0.007213777
12,477.99167,643.76215,478.00507,643.76965,0.013397217,0.007507324,0.015357257
12,131.91542,230.33322,131.91402,230.33322,-0.0014038086,0.0,0.0014038086
12,521.8874,407.83932,521.8944,407.92218,0.007019043,0.082855225,0.083152
12,431.48706,648.8201,431.48895,648.82104,0.0018920898,0.00091552734,0.00210195
12,524.90234,570.7342,524.9022,570.7376,-0.00012207031,0.0034179688,0.0034201478
12,127.131935,344.00156,127.13267,344.00226,0.0007324219,0.0007019043,0.0010144513
12,259.90247,228.15465,259.90402,228.1545,0.0015563965,-0.00015258789,0.0015638584
12,474.3312,1153.5803,474.3183,1153.6063,-0.012908936,0.026000977,0.029029148
12,517.8467,278.0043,517.8699,278.03683,0.02319336,0.03253174,0.039953046
12,526.9306,637.88446,526.9308,637.8827,0.00018310547,-0.0017700195,0.0017794654
13,126.1198,384.00604,130.53598,263.995,4.4161835,-120.01105,120.09228
13,242.22021,729.27496,275.24606,748.31714,33.02585,19.042175,38.12232
13,225.42668,1134.7843,225.3864,1135.291,-0.040283203,0.50671387,0.5083126
13,189.47752,1143.6816,189.48877,1144.297,0.011245728,0.61535645,0.6154592
13,112.17785,648.1526,112.1713,648.5854,-0.0065460205,0.4328003,0.4328498
13,148.51164,1071.5242,148.6207,1072.1448,0.109054565,0.62060547,0.6301143
13,269.2731,1137.7825,269.25998,1138.3264,-0.013122559,0.5439453,0.54410356
13,233.43565,1159.8218,233.4107,1160.1431,-0.02494812,0.32128906,0.3222562
13,518.0282,1059.4675,517.9955,1060.0659,-0.032714844,0.5983887,0.59928226
13,134.29308,626.906,134.31201,627.7172,0.018936157,0.81121826,0.8114393
13,140.56854,1012.432,140.58647,1013.3609,0.017929077,0.92889404,0.9290671
13,490.35962,1135.526,490.34692,1136.3207,-0.0126953125,0.79467773,0.7947791
13,133.15405,1071.5385,133.10432,1072.0354,-0.049728394,0.49694824,0.49943015
13,343.38144,1195.759,343.41586,1196.1125,0.034423828,0.35351562,0.35518768
13,135.49161,667.40314,135.51305,667.5199,0.021438599,0.116760254,0.118712135
13,123.096275,313.007,123.09943,314.00885,0.00315094,1.0018616,1.0018665
13,522.8989,441.84583,522.8912,442.64703,-0.007751465,0.8012085,0.801246
13,356.7892,227.13031,356.7765,227.94319,-0.01272583,0.81288147,0.81298107
13,290.32462,1130.7882,290.3229,1131.1339,-0.0017089844,0.34570312,0.34570736
13,204.85172,924.97437,234.03406,943.8614,29.182343,18.887024,34.761024
13,512.8504,225.01207,512.8408,225.85602,-0.0095825195,0.84394836,0.8440028
13,324.80453,227.08784,324.80493,228.08354,0.00039672852,0.995697,0.99569714
13,520.9087,373.91556,520.88574,374.77493,-0.022949219,0.859375,0.85968137
13,519.8407,339.91623,519.8253,340.77438,-0.015380859,0.8581543,0.8582921
13,149.86613,968.0418,150.44327,995.4727,0.5771332,27.430908,27.43698
13,139.07875,708.13965,175.80045,718.26666,36.721695,10.127014,38.09251
13,111.041626,580.90533,111.05178,581.7685,0.010154724,0.8631592,0.8632189
13,462.2293,1123.5944,462.15717,1124.1307,-0.072143555,0.53637695,0.5412069
13,387.94305,226.0486,387.92563,226.9226,-0.017425537,0.8740082,0.87418187
13,456.828,225.10977,456.80084,225.91483,-0.027160645,0.8050537,0.8055118
13,422.86087,225.04828,422.86472,225.99828,0.0038452148,0.94999695,0.9500047
13,523.9022,506.75867,523.8938,507.59924,-0.008422852,0.8405762,0.8406184
13,291.95715,228.08513,291.9978,228.95125,0.040649414,0.8661194,0.86707276
13,236.34985,1084.1196,236.32806,1084.4835,-0.02178955,0.3638916,0.36454338
13,107.00651,415.89807,106.13951,361.43613,-0.86699677,-54.461945,54.468845
13,287.34314,1152.7935,287.36258,1153.1432,0.019439697,0.34973145,0.3502713
13,231.97447,228.1891,231.95856,229.03789,-0.015914917,0.8487854,0.8489346
13,527.97174,667.8605,528.0281,668.4284,0.05633545,0.5679321,0.57071936
13,525.03296,701.73114,525.0002,702.381,-0.03277588,0.6498413,0.6506673
13,478.00507,643.76965,478.00394,644.4092,-0.0011291504,0.63952637,0.6395274
13,131.91402,230.33322,131.89807,231.08853,-0.015945435,0.75531006,0.7554784
13,521.8944,407.92218,521.8832,408.72928,-0.011230469,0.8070984,0.80717653
13,431.48895,648.82104,431.47534,649.4506,-0.01361084,0.62957764,0.62972474
13,524.9022,570.7376,524.9116,571.6605,0.009399414,0.9229126,0.92296046
13,127.13267,344.00226,128.14969,411.78598,1.0170212,67.78372,67.79135
13,259.90402,228.1545,259.8947,228.97821,-0.009307861,0.8237152,0.8237678
13,474.3183,1153.6063,474.19885,1153.8811,-0.1194458,0.27478027,0.29961893
13,517.8699,278.03683,517.8417,278.86105,-0.028198242,0.82421875,0.82470095
13,526.9308,637.8827,526.94556,638.28064,0.014770508,0.39794922,0.39822325
14,130.53598,263.995,130.52701,265.0434,-0.008972168,1.0484009,1.0484393
14,275.24606,748.31714,306.0708,769.0159,30.824738,20.698792,37.129562
14,225.3864,1135.291,225.32751,1136.1221,-0.058883667,0.8310547,0.8331381
14,189.48877,1144.297,189.49176,1145.3102,0.0029907227,1.0131836,1.013188
14,112.1713,648.5854,112.40892,600.12665,0.2376175,-48.45874,48.459324
14,148.6207,1072.1448,148.54724,1072.8182,-0.07345581,0.6734619,0.6774561
14,269.25998,1138.3264,269.25064,1139.2332,-0.009338379,0.9067383,0.9067864
14,233.4107,1160.1431,233.4105,1161.1486,-0.00019836426,1.0054932,1.0054932
14,517.9955,1060.0659,517.93787,1060.9052,-0.057617188,0.8392334,0.84120893
14,134.31201,627.7172,134.28543,628.1014,-0.02658081,0.38415527,0.38507378
14,140.58647,1013.3609,139.73038,1013.2004,-0.85609436,-0.16052246,0.8710138
14,490.34692,1136.3207,490.32642,1137.0974,-0.020507812,0.7767334,0.77700406
14,133.10432,1072.0354,132.93567,1072.7358,-0.1686554,0.70043945,0.72045827
14,343.41586,1196.1125,343.42377,1197.1115,0.007904053,0.99890137,0.9989326
14,135.51305,667.5199,135.67554,667.0842,0.16249084,-0.43566895,0.46498463
14,123.09943,314.00885,123.09724,314.83545,-0.0021896362,0.8265991,0.826602
14,522.8912,442.64703,522.88416,443.5456,-0.007019043,0.8985596,0.898587
14,356.7765,227.94319,356.80167,228.7931,0.025177002,0.84991455,0.8502874
14,290.3229,1131.1339,290.3194,1132.0953,-0.0035095215,0.9614258,0.9614322
14,234.03406,943.8614,260.10608,963.83295,26.072021,19.971558,32.84225
14,512.8408,225.85602,512.77,226.7678,-0.07080078,0.91178894,0.9145337
14,324.80493,228.08354,324.787,228.85512,-0.017944336,0.7715759,0.77178454
14,520.88574,374.77493,520.87274,375.609,-0.013000488,0.8340759,0.83417726
14,519.8253,340.77438,519.82434,341.72592,-0.0009765625,0.9515381,0.95153856
14,150.44327,995.4727,156.93723,1047.1162,6.4939575,51.643494,52.050186
14,175.80045,718.26666,209.86157,734.6289,34.061127,16.362244,37.787346
14,111.05178,581.7685,111.1302,582.44653,0.07842255,0.67803955,0.68255967
14,462.15717,1124.1307,462.1488,1125.0712,-0.008361816,0.9404297,0.9404669
14,387.92563,226.9226,387.88287,227.8413,-0.042755127,0.9186859,0.9196803
14,456.80084,225.91483,456.78207,226.81279,-0.01876831,0.8979645,0.89816064
14,422.86472,225.99828,422.83627,226.88289,-0.028442383,0.88461304,0.88507015
14,523.8938,507.59924,523.8799,508.507,-0.013916016,0.90774536,0.90785205
14,291.9978,228.95125,291.99213,229.82982,-0.0056762695,0.87857056,0.8785889
14,236.32806,1084.4835,236.32397,1085.4688,-0.0040893555,0.9852295,0.98523796
14,106.13951,361.43613,106.32117,394.15048,0.18165588,32.714355,32.71486
14,287.36258,1153.1432,287.35873,1154.1382,-0.0038452148,0.9949951,0.9950025
14,231.95856,229.03789,231.95471,229.90984,-0.0038452148,0.87194824,0.8719567
14,528.0281,668.4284,528.00006,669.3197,-0.028015137,0.8912964,0.89173657
14,525.0002,702.381,524.98895,703.3046,-0.011230469,0.923645,0.9237133
14,478.00394,644.4092,478.0384,645.29016,0.034454346,0.88098145,0.8816549
14,131.89807,231.08853,131.95248,231.96463,0.05441284,0.87609863,0.87778676
14,521.8832,408.72928,521.8852,409.5899,0.0020141602,0.8606262,0.86062855
14,431.47534,649.4506,431.41776,650.2843,-0.05758667,0.8336792,0.83566576
14,524.9116,571.6605,524.88086,572.47253,-0.030761719,0.8120117,0.8125942
14,128.14969,411.78598,137.41595,485.80515,9.266266,74.019165,74.596924
14,259.8947,228.97821,259.9176,229.90833,0.022888184,0.93011475,0.9303963
14,474.19885,1153.8811,474.2125,1154.8737,0.013641357,0.9925537,0.99264747
14,517.8417,278.86105,517.8434,279.70908,0.0017089844,0.84802246,0.8480242
14,526.94556,638.28064,526.9355,639.2417,-0.010070801,0.9610596,0.9611123
15,130.52701,265.0434,130.47142,265.00427,-0.05558777,-0.039123535,0.06797537
15,306.0708,769.0159,334.21292,788.4688,28.14212,19.45288,34.211014
15,225.32751,1136.1221,225.22253,1136.068,-0.10498047,-0.05407715,0.11808995
15,189.49176,1145.3102,189.4189,1145.314,-0.07286072,0.0037841797,0.07295892
15,112.40892,600.12665,132.2992,545.3202,19.890274,-54.806458,58.304123
15,148.54724,1072.8182,148.5016,1072.7344,-0.045639038,-0.083862305,0.09547674
15,269.25064,1139.2332,269.11273,1139.239,-0.13790894,0.005859375,0.13803336
15,233.4105,1161.1486,233.31638,1161.1136,-0.09413147,-0.03491211,0.100397155
15,517.93787,1060.9052,517.76807,1060.913,-0.1697998,0.0078125,0.16997944
15,134.28543,628.1014,139.04019,546.2042,4.7547607,-81.897156,82.035065
15,139.73038,1013.2004,148.57628,1017.2379,8.8459015,4.0375366,9.723768
15,490.32642,1137.0974,490.24054,1137.1171,-0.085876465,0.01965332,0.088096656
15,132.93567,1072.7358,132.67508,1072.5023,-0.2605896,-0.23352051,0.34991252
15,343.42377,1197.1115,343.2279,1197.0969,-0.19586182,-0.014526367,0.19639976
15,135.67554,667.0842,143.4608,639.18744,7.785263,-27.89679,28.962755
15,123.09724,314.83545,122.89247,314.6994,-0.20476532,-0.13604736,0.24584085
15,522.88416,443.5456,522.7622,443.54724,-0.12194824,0.0016479492,0.12195937
15,356.80167,228.7931,356.67136,228.80113,-0.13031006,0.008026123,0.130557
15,290.3194,1132.0953,290.2255,1132.0895,-0.09390259,-0.005859375,0.09408522
15,260.10608,963.83295,283.24905,982.6224,23.142975,18.789429,29.810064
15,512.77,226.7678,512.6805,226.79326,-0.089538574,0.02545166,0.09308568
15,324.787,228.85512,324.72665,228.87518,-0.060333252,0.020065308,0.06358237
15,520.87274,375.609,520.69745,375.63745,-0.17529297,0.028442383,0.17758545
15,519.82434,341.72592,519.6105,341.73444,-0.21386719,0.008514404,0.2140366
15,156.93723,1047.1162,156.9834,1056.8949,0.046173096,9.778687,9.778795
15,209.86157,734.6289,244.1764,753.4808,34.314835,18.851868,39.152275
15,111.1302,582.44653,132.75702,598.3366,21.626816,15.890076,26.836796
15,462.1488,1125.0712,461.96286,1125.0887,-0.1859436,0.017578125,0.18677263
15,387.88287,227.8413,387.836,227.83455,-0.046875,-0.0067443848,0.047357704
15,456.78207,226.81279,456.6596,226.80087,-0.12246704,-0.011917114,0.1230455
15,422.83627,226.88289,422.70526,226.88698,-0.13101196,0.0040893555,0.13107577
15,523.8799,508.507,523.71747,508.49875,-0.16241455,-0.008239746,0.16262344
15,291.99213,229.82982,291.93497,229.80966,-0.057159424,-0.02015686,0.060609397
15,236.32397,1085.4688,255.34007,1085.0046,19.016098,-0.46411133,19.02176
15,106.32117,394.15048,128.29031,420.3935,21.969147,26.243011,34.22483
15,287.35873,1154.1382,287.29053,1154.1466,-0.06820679,0.008422852,0.068724886
15,231.95471,229.90984,231.87218,229.91151,-0.08253479,0.0016784668,0.08255185
15,528.00006,669.3197,527.8407,669.3542,-0.1593628,0.034484863,0.16305123
15,524.98895,703.3046,524.7751,703.3396,-0.21386719,0.034973145,0.21670786
15,478.0384,645.29016,477.89243,645.3684,-0.14596558,0.07824707,0.16561568
15,131.95248,231.96463,131.90889,231.94241,-0.04359436,-0.022216797,0.048929073
15,521.8852,409.5899,521.72076,409.61697,-0.16442871,0.027069092,0.16664194
15,431.41776,650.2843,431.13605,650.3432,-0.28170776,0.058898926,0.28779915
15,524.88086,572.47253,524.8139,572.473,-0.06695557,0.00048828125,0.06695735
15,137.41595,485.80515,171.85263,493.5054,34.436676,7.7002563,35.287086
15,259.9176,229.90833,259.83337,229.88559,-0.084228516,-0.022735596,0.08724305
15,474.2125,1154.8737,474.1213,1154.8927,-0.09118652,0.019042969,0.09315372
15,517.8434,279.70908,517.6768,279.7153,-0.16656494,0.006225586,0.16668124
15,526.9355,639.2417,526.8311,639.31635,-0.10437012,0.074645996,0.12831658
16,130.47142,265.00427,130.27826,263.89032,-0.19316101,-1.1139526,1.1305758
16,334.21292,788.4688,359.13556,807.4237,24.922638,18.954895,31.311754
16,225.22253,1136.068,225.09467,1135.0663,-0.12786865,-1.001709,1.0098373
16,189.4189,1145.314,189.41869,1144.2858,-0.00021362305,-1.0281982,1.0281982
16,132.2992,545.3202,163.09035,553.4791,30.791153,8.158936,31.85378
16,148.5016,1072.7344,148.4749,1071.6842,-0.02670288,-1.0501709,1.0505103
16,269.11273,1139.239,269.05762,1138.2239,-0.055114746,-1.0151367,1.0166318
16,233.31638,1161.1136,233.16307,1160.0603,-0.15330505,-1.0533447,1.0644424
16,517.76807,1060.913,517.5388,1059.909,-0.22924805,-1.0039062,1.0297487
16,139.04019,546.2042,170.20569,554.5081,31.165497,8.303894,32.252796
16,148.57628,1017.2379,167.32416,1032.4893,18.747879,15.251343,24.16788
16,490.24054,1137.1171,490.06393,1136.159,-0.17660522,-0.9580078,0.97415006
16,132.67508,1072.5023,132.67899,1071.3595,0.00390625,-1.1428223,1.142829
16,343.2279,1197.0969,343.176,1196.0764,-0.0519104,-1.0205078,1.0218272
16,143.4608,639.18744,156.93294,623.02216,13.472137,-16.165283,21.043167
16,122.89247,314.6994,122.63741,313.74094,-0.2550583,-0.9584656,0.99182206
16,522.7622,443.54724,522.56665,442.58356,-0.19555664,-0.9636841,0.9833257
16,356.67136,228.80113,356.59335,227.83061,-0.07800293,-0.97052,0.9736496
16,290.2255,1132.0895,290.0977,1131.1001,-0.12780762,-0.9893799,0.9976008
16,283.24905,982.6224,305.00983,1000.5947,21.760773,17.972351,28.22298
16,512.6805,226.79326,512.3517,225.83817,-0.3287964,-0.9550934,1.0101042
16,324.72665,228.87518,324.60294,227.9006,-0.12371826,-0.97457886,0.98240024
16,520.69745,375.63745,520.58044,374.69315,-0.117004395,-0.9443054,0.9515265
16,519.6105,341.73444,519.49927,340.74954,-0.111206055,-0.9848938,0.99115217
16,156.9834,1056.8949,156.9601,1055.4249,-0.02330017,-1.4699707,1.4701554
16,244.1764,753.4808,272.73312,769.4025,28.556717,15.921753,32.695385
16,132.75702,598.3366,155.17993,634.54254,22.422913,36.205933,42.587048
16,461.96286,1125.0887,461.93185,1124.0914,-0.03100586,-0.99731445,0.9977963
16,387.836,227.83455,387.74252,226.90012,-0.09347534,-0.934433,0.9390967
16,456.6596,226.80087,456.5812,225.8055,-0.07839966,-0.9953766,0.99845934
16,422.70526,226.88698,422.49762,225.95447,-0.2076416,-0.9325104,0.95534843
16,523.71747,508.49875,523.6622,507.54642,-0.05529785,-0.95233154,0.9539357
16,291.93497,229.80966,291.75836,228.80415,-0.17660522,-1.0055084,1.0208999
16,255.34007,1085.0046,330.32437,1081.095,74.9843,-3.909668,75.08616
16,128.29031,420.3935,159.82176,428.6362,31.531448,8.242706,32.59102
16,287.29053,1154.1466,287.1548,1153.1356,-0.13574219,-1.0109863,1.0200585
16,231.87218,229.91151,231.80937,228.9068,-0.062805176,-1.004715,1.0066761
16,527.8407,669.3542,527.70276,668.40546,-0.13793945,-0.94873047,0.9587058
16,524.7751,703.3396,524.6919,702.3419,-0.08319092,-0.99768066,1.0011431
16,477.89243,645.3684,477.68576,644.4219,-0.20666504,-0.9465332,0.968832
16,131.90889,231.94241,131.80188,230.91661,-0.10700989,-1.0258026,1.0313691
16,521.72076,409.61697,521.5331,408.66495,-0.1876831,-0.95202637,0.97035
16,431.13605,650.3432,431.01117,649.4051,-0.12487793,-0.93811035,0.9463855
16,524.8139,572.473,524.6444,571.4817,-0.16949463,-0.991333,1.0057185
16,171.85263,493.5054,205.19325,502.7129,33.340622,9.207489,34.588654
16,259.83337,229.88559,259.807,228.8919,-0.026367188,-0.99368286,0.9940326
16,474.1213,1154.8927,474.12244,1153.8995,0.0011291504,-0.99316406,0.9931647
16,517.6768,279.7153,517.5322,278.74203,-0.14459229,-0.9732666,0.9839486
16,526.8311,639.31635,526.7015,638.33264,-0.12963867,-0.9837036,0.99220914
17,130.27826,263.89032,130.1134,263.07422,-0.16485596,-0.8161011,0.83258545
17,359.13556,807.4237,380.58362,827.358,21.44806,19.934265,29.281294
17,225.09467,1135.0663,303.31915,1141.6033,78.22449,6.5369873,78.497154
17,189.41869,1144.2858,269.05905,1138.0122,79.640366,-6.2735596,79.88708
17,163.09035,553.4791,194.02284,566.3324,30.932495,12.8532715,33.496655
17,148.4749,1071.6842,179.76068,1070.358,31.285782,-1.3261719,31.313877
17,269.05762,1138.2239,279.0482,1136.6061,9.99057,-1.6177979,10.120709
17,233.16307,1160.0603,297.66132,1157.8649,64.498245,-2.1954346,64.5356
17,517.5388,1059.909,517.4243,1058.954,-0.11450195,-0.9550781,0.96191734
17,170.20569,554.5081,201.22417,567.42096,31.018478,12.912842,33.59892
17,167.32416,1032.4893,183.72366,1050.4677,16.399506,17.978394,24.334469
17,490.06393,1136.159,490.03168,1135.1722,-0.03225708,-0.9868164,0.9873435
17,132.67899,1071.3595,173.49234,1074.709,40.813354,3.3494873,40.95057
17,343.176,1196.0764,343.13477,1195.0725,-0.041229248,-1.0039062,1.0047525
17,156.93294,623.02216,186.10933,630.63873,29.176392,7.616577,30.154173
17,122.63741,313.74094,122.54818,312.8741,-0.0892334,-0.8668213,0.87140214
17,522.56665,442.58356,522.42426,441.63828,-0.14239502,-0.945282,0.95594686
17,356.59335,227.83061,356.48157,227.02011,-0.11178589,-0.8105011,0.81817365
17,290.0977,1131.1001,305.18988,1127.4445,15.092194,-3.6556396,15.528619
17,305.00983,1000.5947,325.38525,1020.6197,20.375427,20.024963,28.568466
17,512.3517,225.83817,512.2487,224.89572,-0.10296631,-0.94244385,0.9480519
17,324.60294,227.9006,324.42258,227.02869,-0.18035889,-0.8719177,0.89037627
17,520.58044,374.69315,520.4489,373.7372,-0.13153076,-0.9559326,0.9649391
17,519.49927,340.74954,519.4106,339.7673,-0.08868408,-0.98223877,0.9862342
17,156.9601,1055.4249,222.93503,1056.5637,65.97493,1.138794,65.98476
17,272.73312,769.4025,299.74725,788.1646,27.01413,18.762085,32.89041
17,155.17993,634.54254,183.98598,642.2262,28.806046,7.683655,29.8132
17,461.93185,1124.0914,461.76425,1123.1045,-0.16760254,-0.9869385,1.0010685
17,387.74252,226.90012,387.52203,225.97519,-0.2204895,-0.92492676,0.9508444
17,456.5812,225.8055,456.37354,224.93669,-0.20767212,-0.86880493,0.8932803
17,422.49762,225.95447,422.4317,224.94437,-0.06591797,-1.0101013,1.01225
17,523.6622,507.54642,523.4713,506.58398,-0.19085693,-0.96243286,0.9811745
17,291.75836,228.80415,291.63486,227.95248,-0.12350464,-0.8516693,0.8605777
17,330.32437,1081.095,348.6354,1079.833,18.311035,-1.2619629,18.35447
17,159.82176,428.6362,193.91666,441.33658,34.094894,12.700378,36.38353
17,287.1548,1153.1356,287.10516,1152.1693,-0.049621582,-0.9663086,0.96758187
17,231.80937,228.9068,231.61835,228.02214,-0.19102478,-0.8846588,0.9050479
17,527.70276,668.40546,527.58997,667.53204,-0.11279297,-0.8734131,0.880666
17,524.6919,702.3419,524.5882,701.37177,-0.10369873,-0.9701538,0.97568023
17,477.68576,644.4219,477.52643,643.5192,-0.15933228,-0.9026489,0.91660345
17,131.80188,230.91661,131.59033,230.01686,-0.21154785,-0.89974976,0.92428464
17,521.5331,408.66495,521.4175,407.7244,-0.115600586,-0.94055176,0.9476292
17,431.01117,649.4051,430.8663,648.49207,-0.14486694,-0.9130249,0.9244463
17,524.6444,571.4817,524.5187,570.5796,-0.12573242,-0.9020996,0.9108196
17,205.19325,502.7129,237.85678,516.59534,32.66353,13.882446,35.491245
17,259.807,228.8919,259.6505,227.98795,-0.15649414,-0.9039612,0.91740733
17,474.12244,1153.8995,473.9789,1152.9324,-0.14352417,-0.9671631,0.97775435
17,517.5322,278.74203,517.4083,277.83258,-0.12390137,-0.90945435,0.9178555
17,526.7015,638.33264,526.5631,637.45276,-0.1383667,-0.8798828,0.89069587
18,130.1134,263.07422,129.96832,263.0758,-0.14508057,0.0015869141,0.14508924
18,380.58362,827.358,398.5345,849.187,17.950867,21.82904,28.262
18,303.31915,1141.6033,354.21033,1141.8666,50.891174,0.26330566,50.891857
18,269.05905,1138.0122,330.41034,1136.2045,61.351288,-1.8077393,61.377914
18,194.02284,566.3324,223.34225,583.80963,29.319412,17.477234,34.133293
18,179.76068,1070.358,155.726,1070.8694,-24.034683,0.51135254,24.040123
18,279.0482,1136.6061,336.1349,1135.3396,57.0867,-1.2664795,57.100746
18,297.66132,1157.8649,358.4042,1155.9338,60.74289,-1.9310303,60.773575
18,517.4243,1058.954,517.23773,1058.8278,-0.18658447,-0.1262207,0.22526747
18,201.22417,567.42096,230.65474,585.0673,29.430573,17.646362,34.315487
18,183.72366,1050.4677,198.53146,1065.9358,14.8078,15.46814,21.413414
18,490.03168,1135.1722,489.8836,1135.2037,-0.14807129,0.03149414,0.15138358
18,173.49234,1074.709,218.78206,1088.6324,45.28972,13.923462,47.381657
18,343.13477,1195.0725,342.93903,1194.98,-0.19573975,-0.0925293,0.21650802
18,186.10933,630.63873,213.94926,644.4724,27.839935,13.833679,31.0875
18,122.54818,312.8741,122.395325,312.9132,-0.15285492,0.039093018,0.1577748
18,522.42426,441.63828,522.2564,441.6226,-0.16784668,-0.015686035,0.16857806
18,356.48157,227.02011,356.06863,227.02496,-0.41293335,0.004852295,0.41296187
18,305.18988,1127.4445,359.91138,1128.7869,54.721497,1.3424072,54.737957
18,325.38525,1020.6197,344.26062,1042.7632,18.875366,22.143494,29.096628
18,512.2487,224.89572,512.078,224.94043,-0.17071533,0.044708252,0.17647253
18,324.42258,227.02869,324.07794,226.99455,-0.344635,-0.03413391,0.34632125
18,520.4489,373.7372,520.1807,373.73886,-0.26818848,0.0016479492,0.26819354
18,519.4106,339.7673,518.9247,339.78964,-0.48590088,0.022338867,0.4864141
18,222.93503,1056.5637,347.8874,1052.3975,124.95236,-4.16626,125.0218
18,299.74725,788.1646,322.1589,809.8401,22.411652,21.675476,31.178654
18,183.98598,642.2262,211.37825,655.0928,27.392273,12.866577,30.2636
18,461.76425,1123.1045,461.6704,1123.0563,-0.09384155,-0.048217773,0.10550446
18,387.52203,225.97519,387.39233,225.97145,-0.1296997,-0.0037384033,0.12975357
18,456.37354,224.93669,456.25497,224.91566,-0.11856079,-0.021026611,0.120410874
18,422.4317,224.94437,421.98755,225.01732,-0.44415283,0.07295227,0.45010418
18,523.4713,506.58398,523.3048,506.58292,-0.1665039,-0.0010681152,0.16650733
18,291.63486,227.95248,291.4319,227.97293,-0.20297241,0.020446777,0.20399968
18,348.6354,1079.833,404.61255,1077.8647,55.977142,-1.9682617,56.011734
18,193.91666,441.33658,226.51472,458.92978,32.59807,17.5932,37.042606
18,287.10516,1152.1693,362.407,1149.4742,75.30185,-2.6950684,75.35006
18,231.61835,228.02214,231.41458,228.04684,-0.20376587,0.02470398,0.20525792
18,527.58997,667.53204,527.15314,667.50476,-0.4368286,-0.027282715,0.43767977
18,524.5882,701.37177,524.42773,701.41644,-0.16046143,0.044677734,0.16656521
18,477.52643,643.5192,477.36496,643.536,-0.1614685,0.016784668,0.16233854
18,131.59033,230.01686,131.43161,230.06802,-0.15872192,0.05116272,0.16676413
18,521.4175,407.7244,521.23596,407.73178,-0.18151855,0.007385254,0.18166873
18,430.8663,648.49207,430.81448,648.4922,-0.051818848,0.00012207031,0.051818993
18,524.5187,570.5796,524.3032,570.5524,-0.2154541,-0.027160645,0.21715932
18,237.85678,516.59534,268.41757,535.04865,30.560791,18.453308,35.69995
18,259.6505,227.98795,259.44403,228.00467,-0.20648193,0.016723633,0.20715807
18,473.9789,1152.9324,473.7577,1152.8689,-0.22122192,-0.06347656,0.23014867
18,517.4083,277.83258,516.9485,277.8887,-0.45983887,0.056121826,0.46325094
18,526.5631,637.45276,526.38727,637.4365,-0.17584229,-0.016235352,0.17659019
19,129.96832,263.0758,129.71872,263.03784,-0.24960327,-0.037963867,0.25247386
19,398.5345,849.187,414.52103,872.95874,15.986542,23.771729,28.647243
19,354.21033,1141.8666,378.95047,1138.1102,24.740143,-3.7563477,25.023685
19,330.41034,1136.2045,357.54126,1135.4285,27.13092,-0.776001,27.142015
19,223.34225,583.80963,251.61516,604.8995,28.272903,21.089844,35.272346
19,155.726,1070.8694,189.61201,1081.6486,33.886017,10.779175,35.559143
19,336.1349,1135.3396,352.1771,1133.8666,16.042206,-1.4730225,16.109692
19,358.4042,1155.9338,357.5662,1155.7084,-0.8380127,-0.22546387,0.8678129
19,517.23773,1058.8278,516.4231,1058.6926,-0.81463623,-0.13513184,0.825768
19,230.65474,585.0673,259.21436,606.0773,28.559616,21.009949,35.455177
19,198.53146,1065.9358,211.46436,1090.5479,12.932892,24.61206,27.803116
19,489.8836,1135.2037,489.58643,1134.894,-0.29718018,-0.30969238,0.42921492
19,218.78206,1088.6324,198.52632,1097.9772,-20.255737,9.344727,22.307371
19,342.93903,1194.98,399.4667,1194.9335,56.52768,-0.04650879,56.5277
19,213.94926,644.4724,240.6691,663.1195,26.719833,18.647095,32.58318
19,122.395325,312.9132,122.22319,312.85074,-0.1721344,-0.062469482,0.18311933
19,522.2564,441.6226,522.017,441.57605,-0.23937988,-0.046539307,0.24386191
19,356.06863,227.02496,356.02768,226.99634,-0.04095459,-0.028625488,0.049966957
19,359.91138,1128.7869,381.07663,1128.4464,21.165253,-0.3404541,21.167992
19,344.26062,1042.7632,374.2581,1049.6412,29.997467,6.8780518,30.775894
19,512.078,224.94043,512.00964,224.893,-0.068359375,-0.047424316,0.08319898
19,324.07794,226.99455,323.97513,226.96375,-0.10281372,-0.030807495,0.10733016
19,520.1807,373.73886,519.8966,373.71033,-0.28411865,-0.028533936,0.28554788
19,518.9247,339.78964,518.7533,339.80814,-0.17138672,0.018493652,0.17238162
19,347.8874,1052.3975,377.79752,1057.1674,29.910126,4.7698975,30.288076
19,322.1589,809.8401,342.91003,835.1637,20.75113,25.323608,32.7398
19,211.37825,655.0928,237.89616,673.94824,26.517914,18.855469,32.53811
19,461.6704,1123.0563,461.14984,1122.8533,-0.52056885,-0.20300293,0.55875045
19,387.39233,225.97145,387.24094,225.90349,-0.1513977,-0.06796265,0.16595235
19,456.25497,224.91566,456.00946,224.92596,-0.24551392,0.010299683,0.24572986
19,421.98755,225.01732,421.97263,225.02757,-0.014923096,0.010253906,0.01810639
19,523.3048,506.58292,523.062,506.53934,-0.24279785,-0.0435791,0.2466778
19,291.4319,227.97293,291.2298,227.9626,-0.2020874,-0.0103302,0.20235126
19,404.61255,1077.8647,422.60217,1076.6119,17.989624,-1.2528076,18.033195
19,226.51472,458.92978,256.26224,480.01025,29.747513,21.080475,36.45958
19,362.407,1149.4742,361.58865,1149.3,-0.8183594,-0.17419434,0.83669335
19,231.41458,228.04684,231.20212,227.981,-0.21246338,-0.065841675,0.22243159
19,527.15314,667.50476,526.8836,667.46,-0.26953125,-0.04473877,0.27321905
19,524.42773,701.41644,523.903,701.3268,-0.52471924,-0.089660645,0.53232443
19,477.36496,643.536,476.74023,643.39813,-0.62472534,-0.13787842,0.6397595
19,131.43161,230.06802,131.31235,230.0415,-0.119262695,-0.026519775,0.12217565
19,521.23596,407.73178,520.92566,407.6523,-0.31030273,-0.07946777,0.3203169
19,430.81448,648.4922,430.13715,648.3695,-0.67733765,-0.122680664,0.68835807
19,524.3032,570.5524,524.0106,570.5255,-0.29260254,-0.026916504,0.29383793
19,268.41757,535.04865,298.04523,556.9458,29.627655,21.897156,36.841328
19,259.44403,228.00467,258.9444,227.96323,-0.4996338,-0.04144287,0.5013496
19,473.7577,1152.8689,473.29736,1152.6359,-0.46032715,-0.23303223,0.5159507
19,516.9485,277.8887,516.7572,277.88794,-0.19128418,-0.00076293945,0.1912857
19,526.38727,637.4365,525.8723,637.37585,-0.5149536,-0.060668945,0.51851517
20,129.71872,263.03784,129.70076,263.39233,-0.017959595,0.3544922,0.35494685
20,414.52103,872.95874,430.31616,899.58356,15.7951355,26.624817,30.957506
20,378.95047,1138.1102,376.7364,1162.8474,-2.2140808,24.737183,24.836071
20,357.54126,1135.4285,365.83124,1156.185,8.289978,20.756592,22.350834
20,251.61516,604.8995,279.61783,629.93665,28.00267,25.03717,37.563408
20,189.61201,1081.6486,211.87662,1122.049,22.264603,40.40039,46.12921
20,352.1771,1133.8666,344.75446,1155.1926,-7.422638,21.32605,22.580875
20,357.5662,1155.7084,369.32095,1185.0067,11.754761,29.29834,31.56845
20,516.4231,1058.6926,516.4576,1058.9897,0.034484863,0.29711914,0.29911366
20,259.21436,606.0773,287.205,631.1913,27.990631,25.114014,37.605705
20,211.46436,1090.5479,201.08559,1172.5297,-10.378769,81.98181,82.63617
20,489.58643,1134.894,489.5598,1135.2266,-0.026611328,0.33251953,0.33358267
20,198.52632,1097.9772,264.40097,1178.6744,65.87465,80.697266,104.170616
20,399.4667,1194.9335,400.36954,1195.1521,0.90283203,0.21862793,0.92892617
20,240.6691,663.1195,265.35724,683.62695,24.68814,20.507446,32.09454
20,122.22319,312.85074,122.20683,313.43423,-0.016357422,0.5834961,0.58372533
20,522.017,441.57605,521.9861,441.79065,-0.030944824,0.21459961,0.21681923
20,356.02768,226.99634,356.02612,227.2739,-0.0015563965,0.27755737,0.27756172
20,381.07663,1128.4464,382.39706,1152.3242,1.3204346,23.877808,23.91429
20,374.2581,1049.6412,390.5072,1077.8761,16.249115,28.234863,32.5767
20,512.00964,224.893,511.9733,225.1744,-0.036346436,0.28138733,0.28372502
20,323.97513,226.96375,323.92148,227.2861,-0.053649902,0.32235718,0.32679117
20,519.8966,373.71033,519.8804,373.9765,-0.016235352,0.26617432,0.26666898
20,518.7533,339.80814,518.74146,340.02356,-0.01184082,0.21542358,0.21574876
20,377.79752,1057.1674,394.34192,1085.6315,16.544403,28.464111,32.922985
20,342.91003,835.1637,362.18076,864.93066,19.270721,29.766968,35.460304
20,237.89616,673.94824,262.06323,695.22754,24.167068,21.279297,32.200245
20,461.14984,1122.8533,461.20175,1123.1472,0.0519104,0.2939453,0.29849377
20,387.24094,225.90349,387.21536,226.18372,-0.02557373,0.28022766,0.28139216
20,456.00946,224.92596,455.88217,225.25745,-0.12728882,0.33148193,0.3550813
20,421.97263,225.02757,421.80484,225.26645,-0.16778564,0.23887634,0.29191425
20,523.062,506.53934,522.9887,506.769,-0.07330322,0.2296753,0.2410894
20,291.2298,227.9626,291.1958,228.26923,-0.033996582,0.30662537,0.30850425
20,422.60217,1076.6119,441.1348,1077.807,18.532623,1.1950684,18.571115
20,256.26224,480.01025,285.80716,505.38113,29.544922,25.37088,38.943344
20,361.58865,1149.3,376.98715,1178.5536,15.398499,29.25354,33.058784
20,231.20212,227.981,231.22096,228.28746,0.018844604,0.30645752,0.30703637
20,526.8836,667.46,526.8861,667.6642,0.0025024414,0.2041626,0.20417793
20,523.903,701.3268,523.9301,701.5322,0.02709961,0.20544434,0.20722395
20,476.74023,643.39813,476.81287,643.7451,0.072631836,0.34698486,0.35450512
20,131.31235,230.0415,131.29471,230.7535,-0.01763916,0.71199036,0.71220887
20,520.92566,407.6523,520.8883,407.9661,-0.037353516,0.31378174,0.31599727
20,430.13715,648.3695,430.27765,648.66943,0.14050293,0.29992676,0.33120558
20,524.0106,570.5255,524.0319,570.6536,0.02130127,0.1281128,0.12987159
20,298.04523,556.9458,326.64886,582.5798,28.603638,25.633972,38.409225
20,258.9444,227.96323,259.02283,228.24245,0.078430176,0.27922058,0.2900266
20,473.29736,1152.6359,473.21683,1152.9183,-0.08053589,0.2824707,0.2937273
20,516.7572,277.88794,516.7575,278.15375,0.00030517578,0.2658081,0.26580825
20,525.8723,637.37585,525.8616,637.492,-0.0107421875,0.1161499,0.11664559
21,129.70076,263.39233,129.70108,263.39258,0.00032043457,0.00024414062,0.00040284358
21,430.31616,899.58356,444.61926,926.658,14.303101,27.074463,30.62034
21,376.7364,1162.8474,408.79245,1190.0874,32.05606,27.23999,42.06671
21,365.83124,1156.185,376.45694,1185.7866,10.625702,29.601562,31.450882
21,279.61783,629.93665,305.59375,655.8037,25.975922,25.867065,36.658607
21,211.87662,1122.049,213.2561,1138.1648,1.3794861,16.115845,16.174778
21,344.75446,1155.1926,348.13586,1182.903,3.3814087,27.710327,27.915876
21,369.32095,1185.0067,436.9213,1182.9689,67.60034,-2.0378418,67.63105
21,516.4576,1058.9897,516.4733,1058.9332,0.01574707,-0.056518555,0.058671266
21,287.205,631.1913,313.10184,657.1678,25.89685,25.976501,36.680042
21,201.08559,1172.5297,202.267,1170.8174,1.1814117,-1.7122803,2.0802975
21,489.5598,1135.2266,489.55392,1135.2253,-0.0058898926,-0.0012207031,0.0060150605
21,264.40097,1178.6744,262.66898,1182.1436,-1.7319946,3.4691162,3.877444
21,400.36954,1195.1521,407.47647,1192.935,7.1069336,-2.217041,7.444715
21,265.35724,683.62695,287.66373,705.4262,22.306488,21.799255,31.189533
21,122.20683,313.43423,122.20144,313.38058,-0.005393982,-0.053649902,0.053920377
21,521.9861,441.79065,521.9863,441.7918,0.00024414062,0.001159668,0.0011850884
21,356.02612,227.2739,356.0262,227.27362,9.1552734e-05,-0.0002746582,0.00028951516
21,382.39706,1152.3242,374.77536,1184.4314,-7.621704,32.107178,32.999413
21,390.5072,1077.8761,406.21295,1106.1195,15.7057495,28.243408,32.31657
21,511.9733,225.1744,511.86066,225.18658,-0.11264038,0.012191772,0.11329825
21,323.92148,227.2861,323.92242,227.28593,0.0009460449,-0.00016784668,0.0009608192
21,519.8804,373.9765,519.845,373.98547,-0.03540039,0.008972168,0.036519688
21,518.74146,340.02356,518.74304,340.04208,0.0015869141,0.01852417,0.018592019
21,394.34192,1085.6315,410.0418,1113.9288,15.69989,28.297363,32.360893
21,362.18076,864.93066,378.53888,894.9042,16.358124,29.97351,34.146736
21,262.06323,695.22754,283.91232,717.25574,21.84909,22.028198,31.026186
21,461.20175,1123.1472,482.09793,1126.8743,20.89618,3.7270508,21.225956
21,387.21536,226.18372,387.1923,226.21371,-0.023071289,0.02999878,0.037844565
21,455.88217,225.25745,455.87686,225.22714,-0.0053100586,-0.030303955,0.03076567
21,421.80484,225.26645,421.80402,225.26529,-0.0008239746,-0.001159668,0.0014225906
21,522.9887,506.769,522.9563,506.76532,-0.032409668,-0.003692627,0.03261935
21,291.1958,228.26923,291.16116,228.27266,-0.03463745,0.0034332275,0.034807183
21,441.1348,1077.807,457.94757,1077.0195,16.812775,-0.7874756,16.831207
21,285.80716,505.38113,313.29724,531.26495,27.490082,25.88382,37.758137
21,376.98715,1178.5536,438.6666,1211.6185,61.679443,33.06494,69.98317
21,231.22096,228.28746,231.22131,228.28755,0.00035095215,9.1552734e-05,0.00036269726
21,526.8861,667.6642,526.8709,667.67395,-0.015197754,0.009765625,0.01806486
21,523.9301,701.5322,523.9282,701.54834,-0.0018920898,0.016113281,0.01622399
21,476.81287,643.7451,476.7599,643.75275,-0.052978516,0.0076293945,0.05352505
21,131.29471,230.7535,131.23907,230.53645,-0.055633545,-0.21704102,0.2240578
21,520.8883,407.9661,520.8677,407.97433,-0.020629883,0.008239746,0.022214534
21,430.27765,648.66943,430.2769,648.66833,-0.00076293945,-0.0010986328,0.0013375614
21,524.0319,570.6536,524.03265,570.6484,0.0007324219,-0.0052490234,0.0052998764
21,326.64886,582.5798,352.73486,608.64545,26.085999,26.065674,36.876804
21,259.02283,228.24245,259.02206,228.24243,-0.00076293945,-1.5258789e-05,0.000763092
21,473.21683,1152.9183,479.2959,1178.5411,6.079071,25.622803,26.334066
21,516.7575,278.15375,516.74866,278.1627,-0.008850098,0.00894165,0.0125808325
21,525.8616,637.492,525.86224,637.5022,0.0006713867,0.010192871,0.010214958
22,129.70108,263.39258,129.6972,262.41278,-0.0038757324,-0.97979736,0.97980505
22,444.61926,926.658,456.79276,950.08356,12.173492,23.425537,26.399805
22,408.79245,1190.0874,254.25282,1221.6732,-154.53963,31.585815,157.73447
22,376.45694,1185.7866,447.48248,1191.7925,71.02554,6.0058594,71.279015
22,305.59375,655.8037,329.43356,678.7258,23.839813,22.92212,33.07205
22,213.2561,1138.1648,208.90663,1150.292,-4.349472,12.127197,12.883587
22,348.13586,1182.903,399.28983,1108.848,51.15396,-74.05493,90.004776
22,436.9213,1182.9689,432.4879,1217.8638,-4.43338,34.894897,35.1754
22,516.4733,1058.9332,516.4516,1058.1045,-0.021728516,-0.82873535,0.82902014
22,313.10184,657.1678,337.0215,680.1104,23.919678,22.942627,33.143856
22,202.267,1170.8174,202.48944,1169.1827,0.22244263,-1.6346436,1.6497091
22,489.55392,1135.2253,497.4477,1140.5626,7.8937683,5.3372803,9.528806
22,262.66898,1182.1436,195.15393,1173.7432,-67.515045,-8.400391,68.03564
22,407.47647,1192.935,265.38568,1254.3792,-142.09079,61.44409,154.80688
22,287.66373,705.4262,306.8461,724.75214,19.182373,19.325928,27.22967
22,122.20144,313.38058,122.201164,312.37445,-0.0002746582,-1.006134,1.0061342
22,521.9863,441.7918,521.98456,441.06473,-0.0017700195,-0.7270813,0.7270835
22,356.0262,227.27362,356.0105,226.5098,-0.015716553,-0.76382446,0.7639861
22,374.77536,1184.4314,447.20532,1190.4684,72.42996,6.0369873,72.68112
22,406.21295,1106.1195,420.61255,1130.9651,14.399597,24.845581,28.716743
22,511.86066,225.18658,511.8595,224.39076,-0.001159668,-0.79582214,0.79582304
22,323.92242,227.28593,323.88922,226.48125,-0.033203125,-0.8046875,0.80537224
22,519.845,373.98547,519.87604,373.2227,0.031066895,-0.76278687,0.7634193
22,518.74304,340.04208,518.72644,339.25882,-0.016601562,-0.78326416,0.78344005
22,410.0418,1113.9288,424.60828,1138.8372,14.566467,24.908325,28.854925
22,378.53888,894.9042,392.22745,920.14264,13.688568,25.238464,28.711618
22,283.91232,717.25574,302.29614,736.38794,18.38382,19.132202,26.533112
22,482.09793,1126.8743,488.51688,1154.2339,6.4189453,27.35962,28.10252
22,387.1923,226.21371,387.16055,225.36453,-0.03173828,-0.8491821,0.849775
22,455.87686,225.22714,455.96124,224.50142,0.0843811,-0.72572327,0.7306124
22,421.80402,225.26529,421.864,224.37225,0.05999756,-0.8930359,0.8950491
22,522.9563,506.76532,522.93524,505.9232,-0.021057129,-0.84213257,0.8423958
22,291.16116,228.27266,291.1788,227.32672,0.01763916,-0.9459381,0.94610256
22,457.94757,1077.0195,472.35254,1076.4469,14.404968,-0.57263184,14.416346
22,313.29724,531.26495,338.6767,554.1858,25.379456,22.920837,34.197685
22,438.6666,1211.6185,301.06317,1235.343,-137.60342,23.724487,139.63365
22,231.22131,228.28755,231.23866,227.38565,0.017349243,-0.90190125,0.9020681
22,526.8709,667.67395,526.9216,666.96704,0.05065918,-0.7069092,0.70872205
22,523.9282,701.54834,523.9485,700.6668,0.020263672,-0.88153076,0.88176364
22,476.7599,643.75275,476.86612,642.9626,0.10623169,-0.79016113,0.79727024
22,131.23907,230.53645,131.23642,229.53172,-0.0026550293,-1.0047302,1.0047338
22,520.8677,407.97433,520.89343,407.2154,0.025756836,-0.75894165,0.75937855
22,430.2769,648.66833,430.30627,647.91425,0.029388428,-0.75408936,0.7546618
22,524.03265,570.6484,524.03424,569.8332,0.0015869141,-0.81518555,0.8151871
22,352.73486,608.64545,377.0999,632.47784,24.365051,23.832397,34.082825
22,259.02206,228.24243,259.0192,227.32973,-0.0028686523,-0.91270447,0.912709
22,479.2959,1178.5411,478.7962,1177.7646,-0.49969482,-0.77648926,0.92337996
22,516.74866,278.1627,516.79724,277.3846,0.048583984,-0.7780762,0.7795915
22,525.86224,637.5022,525.8603,636.91223,-0.001953125,-0.5899658,0.58996904
23,129.6972,262.41278,129.57996,262.45734,-0.117248535,0.044555664,0.12542897
23,456.79276,950.08356,464.8836,968.10754,8.090851,18.023987,19.75667
23,254.25282,1221.6732,249.77223,1224.177,-4.480591,2.5037842,5.1327024
23,447.48248,1191.7925,474.31622,1195.3141,26.83374,3.5216064,27.063839
23,329.43356,678.7258,349.75473,698.1676,20.321167,19.441772,28.12352
23,208.90663,1150.292,213.46979,1146.0713,4.563156,-4.220703,6.2158446
23,432.4879,1217.8638,431.74582,1217.9335,-0.74209595,0.06970215,0.74536216
23,516.4516,1058.1045,516.4773,1057.9003,0.0256958,-0.20422363,0.20583384
23,337.0215,680.1104,357.24802,699.7044,20.226501,19.593994,28.160894
23,202.48944,1169.1827,202.24063,1168.3944,-0.24880981,-0.7883301,0.82666236
23,497.4477,1140.5626,497.39154,1140.5056,-0.056152344,-0.057006836,0.0800179
23,195.15393,1173.7432,195.15071,1172.7649,-0.0032196045,-0.9782715,0.9782768
23,265.38568,1254.3792,265.33252,1254.3495,-0.05316162,-0.029663086,0.06087739
23,306.8461,724.75214,322.9619,740.25977,16.115814,15.507629,22.365286
23,122.201164,312.37445,121.998566,312.26834,-0.20259857,-0.10610962,0.22870381
23,521.98456,441.06473,521.80286,441.00464,-0.18170166,-0.06008911,0.19137971
23,356.0105,226.5098,355.82886,226.41956,-0.18164062,-0.09024048,0.20282175
23,447.20532,1190.4684,470.35345,1193.3625,23.148132,2.894165,23.328358
23,420.61255,1130.9651,432.01724,1150.1897,11.404694,19.22461,22.352911
23,511.8595,224.39076,511.8286,224.25554,-0.030883789,-0.13522339,0.13870534
23,323.88922,226.48125,323.752,226.30116,-0.13720703,-0.18008423,0.2263981
23,519.87604,373.2227,519.80054,373.1659,-0.07550049,-0.056793213,0.09447642
23,518.72644,339.25882,518.63293,339.2094,-0.09350586,-0.04940796,0.10575676
23,424.60828,1138.8372,436.1372,1158.1462,11.528931,19.309082,22.48904
23,392.22745,920.14264,403.46216,938.9934,11.234711,18.850769,21.944708
23,302.29614,736.38794,317.77426,751.6567,15.478119,15.268738,21.741816
23,488.51688,1154.2339,488.55655,1166.8706,0.03967285,12.636719,12.636781
23,387.16055,225.36453,386.84308,225.31218,-0.31747437,-0.052352905,0.32176203
23,455.96124,224.50142,455.89206,224.45357,-0.06918335,-0.047851562,0.0841196
23,421.864,224.37225,421.76917,224.35036,-0.09484863,-0.021896362,0.09734327
23,522.93524,505.9232,522.8946,505.92584,-0.040649414,0.0026550293,0.040736027
23,291.1788,227.32672,291.13,227.28462,-0.048797607,-0.042099,0.0644479
23,472.35254,1076.4469,482.64084,1075.8048,10.2883,-0.64208984,10.308316
23,338.6767,554.1858,361.86896,574.0394,23.19226,19.853638,30.529459
23,301.06317,1235.343,300.9273,1235.7955,-0.13586426,0.45251465,0.47247073
23,231.23866,227.38565,231.06076,227.31203,-0.17790222,-0.07362366,0.19253479
23,526.9216,666.96704,526.8656,666.91656,-0.05596924,-0.050476074,0.07536836
23,523.9485,700.6668,523.8185,700.6443,-0.13000488,-0.022521973,0.1319413
23,476.86612,642.9626,476.6342,642.77094,-0.2319336,-0.19165039,0.3008705
23,131.23642,229.53172,131.15753,229.48108,-0.07888794,-0.05064392,0.09374494
23,520.89343,407.2154,520.8014,407.12933,-0.092041016,-0.08605957,0.12600714
23,430.30627,647.91425,430.0887,647.71027,-0.21755981,-0.20397949,0.29822794
23,524.03424,569.8332,523.9459,569.83856,-0.08831787,0.0053710938,0.088481046
23,377.0999,632.47784,397.60468,652.6555,20.50476,20.177673,28.767756
23,259.0192,227.32973,258.95874,227.26535,-0.060455322,-0.06437683,0.08831321
23,478.7962,1177.7646,427.76233,1174.0292,-51.033875,-3.7354736,51.170403
23,516.79724,277.3846,516.7407,277.34708,-0.056518555,-0.03753662,0.06784795
23,525.8603,636.91223,525.86273,636.79175,0.0024414062,-0.1204834,0.120508134
24,129.57996,262.45734,129.51468,262.58435,-0.0652771,0.12701416,0.1428065
24,464.8836,968.10754,468.29758,982.1935,3.413971,14.0859375,14.493752
24,249.77223,1224.177,247.68605,1224.6779,-2.0861816,0.5008545,2.1454625
24,474.31622,1195.3141,485.40717,1194.9647,11.090942,-0.34936523,11.096443
24,349.75473,698.1676,366.14722,713.3842,16.392487,15.216614,22.36647
24,213.46979,1146.0713,220.85712,1116.5626,7.387329,-29.508667,30.419304
24,431.74582,1217.9335,415.0956,1223.3577,-16.650208,5.4241943,17.511461
24,516.4773,1057.9003,515.7441,1057.8943,-0.73321533,-0.0059814453,0.7332397
24,357.24802,699.7044,373.55444,715.04913,16.306427,15.344727,22.391073
24,202.24063,1168.3944,202.30426,1167.7283,0.06362915,-0.6661377,0.6691697
24,497.39154,1140.5056,504.48395,1141.517,7.092407,1.0113525,7.164152
24,195.15071,1172.7649,195.51747,1173.386,0.36676025,0.62109375,0.7212978
24,265.33252,1254.3495,333.80685,1258.9484,68.474335,4.598877,68.62859
24,322.9619,740.25977,336.32544,752.444,13.363525,12.184204,18.08421
24,121.998566,312.26834,121.875465,312.22028,-0.12310028,-0.048065186,0.1321512
24,521.80286,441.00464,521.6937,440.98145,-0.10913086,-0.02319336,0.11156826
24,355.82886,226.41956,355.7291,226.39853,-0.09976196,-0.021026611,0.10195375
24,470.35345,1193.3625,475.07596,1189.112,4.7225037,-4.2504883,6.353636
24,432.01724,1150.1897,438.6942,1165.2861,6.6769714,15.096436,16.5071
24,511.8286,224.25554,511.53363,224.24721,-0.2949829,-0.008331299,0.29510054
24,323.752,226.30116,323.66608,226.31601,-0.0859375,0.014846802,0.08721056
24,519.80054,373.1659,519.62683,373.14316,-0.17370605,-0.022735596,0.17518762
24,518.63293,339.2094,518.5365,339.21527,-0.09643555,0.005859375,0.09661339
24,436.1372,1158.1462,442.93777,1173.2583,6.8005676,15.112061,16.571726
24,403.46216,938.9934,412.4064,952.91016,8.944244,13.916748,16.543137
24,317.77426,751.6567,330.68268,763.6784,12.908417,12.0217285,17.639421
24,488.55655,1166.8706,497.18787,1175.2948,8.631317,8.424194,12.060957
24,386.84308,225.31218,386.84488,225.31223,0.0018005371,4.5776367e-05,0.001801119
24,455.89206,224.45357,455.75134,224.4073,-0.14071655,-0.04626465,0.14812686
24,421.76917,224.35036,421.74542,224.34927,-0.023742676,-0.001083374,0.02376738
24,522.8946,505.92584,522.59845,505.89346,-0.29614258,-0.03237915,0.2979074
24,291.13,227.28462,291.01727,227.29247,-0.11273193,0.007843018,0.11300443
24,482.64084,1075.8048,487.83582,1075.747,5.194977,-0.057861328,5.195299
24,361.86896,574.0394,382.20718,590.04834,20.338226,16.008911,25.88298
24,300.9273,1235.7955,303.053,1237.8037,2.125702,2.0081787,2.9242759
24,231.06076,227.31203,230.96881,227.32495,-0.09194946,0.012924194,0.092853315
24,526.8656,666.91656,526.5787,666.86884,-0.28692627,-0.047729492,0.29086903
24,523.8185,700.6443,523.5651,700.6596,-0.25335693,0.015319824,0.25381967
24,476.6342,642.77094,476.52457,642.75323,-0.10961914,-0.017700195,0.11103897
24,131.15753,229.48108,131.03685,229.37758,-0.12068176,-0.103500366,0.15898557
24,520.8014,407.12933,520.6201,407.13565,-0.18127441,0.0063171387,0.18138444
24,430.0887,647.71027,430.10995,647.7093,0.021240234,-0.0009765625,0.021262672
24,523.9459,569.83856,523.31165,569.8369,-0.63427734,-0.0016479492,0.6342795
24,397.60468,652.6555,414.52835,668.94525,16.923676,16.289734,23.489704
24,258.95874,227.26535,258.95255,227.26364,-0.0061950684,-0.0017089844,0.0064264685
24,427.76233,1174.0292,434.60715,1189.087,6.844818,15.057861,16.540579
24,516.7407,277.34708,516.5592,277.30676,-0.18151855,-0.04031372,0.18594134
24,525.86273,636.79175,525.49963,636.7643,-0.36309814,-0.02746582,0.36413544
25,129.51468,262.58435,129.51471,262.5837,3.0517578e-05,-0.00064086914,0.00064159534
25,468.29758,982.1935,470.41745,993.1139,2.119873,10.92041,11.124263
25,247.68605,1224.6779,259.40378,1226.5732,11.717728,1.8953857,11.87003
25,485.40717,1194.9647,489.30475,1206.2749,3.897583,11.310181,11.962915
25,366.14722,713.3842,378.98398,723.5662,12.836761,10.182007,16.384617
25,220.85712,1116.5626,225.81592,1105.5457,4.9588013,-11.016968,12.081527
25,415.0956,1223.3577,518.35925,1192.4089,103.26364,-30.94873,107.80169
25,515.7441,1057.8943,515.7869,1057.9888,0.04284668,0.09448242,0.103743754
25,373.55444,715.04913,386.3037,725.4356,12.749268,10.386475,16.444532
25,202.30426,1167.7283,202.38258,1167.5393,0.078323364,-0.18896484,0.20455381
25,504.48395,1141.517,504.4306,1141.6882,-0.053344727,0.17126465,0.17938015
25,195.51747,1173.386,195.51402,1173.398,-0.0034484863,0.011962891,0.012450012
25,333.80685,1258.9484,414.24762,1243.6154,80.440765,-15.333008,81.88906
25,336.32544,752.444,347.2491,760.6344,10.923676,8.19043,13.653198
25,121.875465,312.22028,121.9341,312.21017,0.058631897,-0.010101318,0.05949568
25,521.6937,440.98145,521.69336,440.981,-0.00036621094,-0.00045776367,0.00058622356
25,355.7291,226.39853,355.72708,226.38843,-0.0020141602,-0.010101318,0.010300169
25,475.07596,1189.112,478.438,1201.05,3.36203,11.937988,12.402371
25,438.6942,1165.2861,440.79294,1176.5786,2.0987244,11.29248,11.48585
25,511.53363,224.24721,511.6065,224.32426,0.07287598,0.077056885,0.10605975
25,323.66608,226.31601,323.6664,226.31601,0.00033569336,0.0,0.00033569336
25,519.62683,373.14316,519.62146,373.14804,-0.0053710938,0.0048828125,0.0072588227
25,518.5365,339.21527,518.52344,339.22595,-0.013061523,0.010681152,0.016872771
25,442.93777,1173.2583,445.22565,1184.6547,2.2878723,11.396362,11.623744
25,412.4064,952.91016,420.32147,964.39813,7.9150696,11.487976,13.950696
25,330.68268,763.6784,341.3587,771.1347,10.676025,7.456299,13.022055
25,497.18787,1175.2948,501.1009,1189.441,3.913025,14.14624,14.677462
25,386.84488,225.31223,386.84338,225.31236,-0.0014953613,0.0001373291,0.001501654
25,455.75134,224.4073,455.75333,224.40561,0.0019836426,-0.0016937256,0.0026083605
25,421.74542,224.34927,421.7453,224.34848,-0.00012207031,-0.00079345703,0.00080279214
25,522.59845,505.89346,522.5981,505.89023,-0.00036621094,-0.0032348633,0.0032555263
25,291.01727,227.29247,291.02332,227.28,0.0060424805,-0.012466431,0.013853644
25,487.83582,1075.747,489.6189,1075.8567,1.783081,0.10974121,1.7864549
25,382.20718,590.04834,395.75067,600.19977,13.543488,10.151428,16.925648
25,303.053,1237.8037,400.53656,1227.7451,97.48355,-10.058594,98.001114
25,230.96881,227.32495,230.96996,227.32466,0.0011444092,-0.000289917,0.001180561
25,526.5787,666.86884,526.5786,666.8691,-6.1035156e-05,0.00024414062,0.0002516544
25,523.5651,700.6596,523.5597,700.71686,-0.005432129,0.057250977,0.057508107
25,476.52457,642.75323,476.56174,642.7999,0.03717041,0.046691895,0.059680585
25,131.03685,229.37758,131.03702,229.37761,0.00016784668,3.0517578e-05,0.00017059845
25,520.6201,407.13565,520.6122,407.16513,-0.00793457,0.02947998,0.030529112
25,430.10995,647.7093,456.06622,651.4996,25.956268,3.7902832,26.231548
25,523.31165,569.8369,523.4104,569.8954,0.09875488,0.05847168,0.114767
25,414.52835,668.94525,427.42697,679.7245,12.898621,10.779236,16.80971
25,258.95255,227.26364,258.9538,227.26392,0.0012512207,0.0002746582,0.0012810115
25,434.60715,1189.087,436.677,1200.4276,2.0698547,11.340576,11.527922
25,516.5592,277.30676,516.549,277.3193,-0.010192871,0.012542725,0.016162133
25,525.49963,636.7643,525.5165,636.79254,0.016845703,0.028259277,0.03289931
26,129.51471,262.5837,129.5115,262.5829,-0.0032043457,-0.0008239746,0.0033085896
26,470.41745,993.1139,476.3255,997.9076,5.9080505,4.793701,7.608195
26,259.40378,1226.5732,259.1919,1226.1387,-0.21188354,-0.4345703,0.48347285
26,489.30475,1206.2749,489.16107,1211.5273,-0.14367676,5.2524414,5.254406
26,378.98398,723.5662,387.86746,727.38715,8.883484,3.8209229,9.670353
26,225.81592,1105.5457,228.34146,1102.0248,2.5255432,-3.520874,4.3330035
26,518.35925,1192.4089,518.3533,1192.3461,-0.0059814453,-0.06286621,0.06315012
26,515.7869,1057.9888,515.7556,1057.7856,-0.031311035,-0.203125,0.20552407
26,386.3037,725.4356,395.21512,729.17926,8.911407,3.7436523,9.665822
26,202.38258,1167.5393,202.39714,1166.6731,0.014556885,-0.86621094,0.86633325
26,504.4306,1141.6882,504.48883,1141.6882,0.05822754,0.0,0.05822754
26,195.51402,1173.398,196.1343,1173.3599,0.6202698,-0.038085938,0.62143797
26,414.24762,1243.6154,414.23,1243.2668,-0.017608643,-0.34851074,0.3489553
26,347.2491,760.6344,354.29987,761.11865,7.0507507,0.48425293,7.0673604
26,121.9341,312.21017,121.89193,312.19363,-0.042167664,-0.016540527,0.045295704
26,521.69336,440.981,521.66064,440.92636,-0.032714844,-0.054626465,0.063673474
26,355.72708,226.38843,355.71628,226.24802,-0.010803223,-0.14041138,0.14082636
26,478.438,1201.05,479.0763,1207.1273,0.63830566,6.0772705,6.1106997
26,440.79294,1176.5786,441.63162,1181.2787,0.8386841,4.7000732,4.7743144
26,511.6065,224.32426,511.60843,224.24748,0.0019226074,-0.07678223,0.07680629
26,323.6664,226.31601,323.6406,226.20901,-0.025817871,-0.10699463,0.1100655
26,519.62146,373.14804,519.5738,373.09564,-0.047668457,-0.05239868,0.07083716
26,518.52344,339.22595,518.5239,339.14185,0.00048828125,-0.084106445,0.08410786
26,445.22565,1184.6547,446.00476,1189.4277,0.77911377,4.7730713,4.836241
26,420.32147,964.39813,426.58005,972.5661,6.2585754,8.167969,10.290067
26,341.3587,771.1347,348.22794,774.58453,6.869232,3.449829,7.6868505
26,501.1009,1189.441,501.7162,1189.4949,0.6152954,0.053833008,0.61764586
26,386.84338,225.31236,386.81924,225.30797,-0.024139404,-0.0043945312,0.024536151
26,455.75333,224.40561,455.6935,224.31616,-0.059814453,-0.08944702,0.10760362
26,421.7453,224.34848,421.70105,224.27654,-0.04425049,-0.07194519,0.08446429
26,522.5981,505.89023,522.5825,505.82578,-0.015563965,-0.064453125,0.066305675
26,291.02332,227.28,290.9093,227.1203,-0.11401367,-0.15969849,0.19622111
26,489.6189,1075.8567,493.24393,1075.8544,3.6250305,-0.002319336,3.6250312
26,395.75067,600.19977,404.97614,604.17236,9.225464,3.9725952,10.044436
26,400.53656,1227.7451,400.55597,1228.452,0.01940918,0.7069092,0.70717555
26,230.96996,227.32466,230.92535,227.18082,-0.04460144,-0.1438446,0.15060066
26,526.5786,666.8691,526.55524,666.74133,-0.023376465,-0.12774658,0.1298678
26,523.5597,700.71686,523.5443,700.64087,-0.015380859,-0.07598877,0.07752976
26,476.56174,642.7999,476.52567,642.6393,-0.036071777,-0.16064453,0.16464458
26,131.03702,229.37761,131.0079,229.23795,-0.02911377,-0.1396637,0.14266591
26,520.6122,407.16513,520.5819,407.069,-0.030273438,-0.09613037,0.10078457
26,456.06622,651.4996,455.87265,651.28845,-0.193573,-0.2111206,0.28643048
26,523.4104,569.8954,523.41907,569.8412,0.008666992,-0.05419922,0.054887813
26,427.42697,679.7245,436.05905,683.53925,8.63208,3.8147583,9.437436
26,258.9538,227.26392,258.92877,227.10829,-0.025024414,-0.15562439,0.15762351
26,436.677,1200.4276,437.26932,1205.1274,0.5923157,4.699829,4.7370067
26,516.549,277.3193,516.5315,277.2558,-0.01751709,-0.06350708,0.06587866
26,525.5165,636.79254,525.51685,636.7973,0.00036621094,0.004760742,0.0047748066
27,129.5115,262.5829,129.50542,263.5477,-0.006088257,0.96481323,0.9648324
27,476.3255,997.9076,478.37003,1000.0546,2.0445251,2.1470337,2.964766
27,259.1919,1226.1387,259.27826,1226.6055,0.086364746,0.46679688,0.47471905
27,489.16107,1211.5273,489.2017,1213.7589,0.040618896,2.2315674,2.2319372
27,387.86746,727.38715,393.471,724.48444,5.603546,-2.90271,6.3107414
27,228.34146,1102.0248,228.8668,1102.5955,0.52534485,0.5706787,0.7756683
27,518.3533,1192.3461,517.5397,1193.3315,-0.81359863,0.98547363,1.2779284
27,515.7556,1057.7856,515.78406,1058.6406,0.028442383,0.85498047,0.85545343
27,395.21512,729.17926,400.62033,726.33453,5.4052124,-2.8447266,6.1080923
27,202.39714,1166.6731,202.4567,1167.463,0.059555054,0.789917,0.79215884
27,504.48883,1141.6882,504.43356,1142.3087,-0.055267334,0.6204834,0.6229399
27,196.1343,1173.3599,196.12526,1174.2588,-0.009033203,0.8989258,0.89897114
27,414.23,1243.2668,414.18338,1243.8427,-0.04663086,0.57580566,0.5776908
27,354.29987,761.11865,357.96918,761.3928,3.6693115,0.27416992,3.6795404
27,121.89193,312.19363,121.95211,312.9873,0.060180664,0.79367065,0.795949
27,521.66064,440.92636,521.6565,441.62653,-0.0041503906,0.7001648,0.7001771
27,355.71628,226.24802,355.71445,226.96638,-0.0018310547,0.71836853,0.71837085
27,479.0763,1207.1273,479.23068,1209.381,0.15438843,2.253662,2.258944
27,441.63162,1181.2787,441.95795,1183.1493,0.32632446,1.8706055,1.8988556
27,511.60843,224.24748,511.60306,224.91052,-0.0053710938,0.66304016,0.6630619
27,323.6406,226.20901,323.63693,226.939,-0.0036621094,0.72998047,0.72998965
27,519.5738,373.09564,519.5663,373.7798,-0.007507324,0.68414307,0.68418425
27,518.5239,339.14185,518.5187,339.81946,-0.0052490234,0.6776123,0.67763263
27,446.00476,1189.4277,446.3124,1191.3224,0.3076477,1.8946533,1.9194683
27,426.58005,972.5661,425.30347,974.72876,-1.2765808,2.1626587,2.5113246
27,348.22794,774.58453,351.9142,772.9216,3.6862793,-1.6629639,4.044021
27,501.7162,1189.4949,501.78632,1190.6146,0.070129395,1.119751,1.1219449
27,386.81924,225.30797,386.87036,226.02275,0.051116943,0.7147827,0.71660817
27,455.6935,224.31616,455.74658,225.07808,0.05307007,0.7619171,0.7637631
27,421.70105,224.27654,421.68976,225.1005,-0.011291504,0.82395935,0.8240367
27,522.5825,505.82578,522.6016,506.6057,0.019104004,0.77993774,0.7801717
27,290.9093,227.1203,290.9267,227.93181,0.01739502,0.8115082,0.8116946
27,493.24393,1075.8544,494.12836,1076.7219,0.88442993,0.8675537,1.238897
27,404.97614,604.17236,410.34088,601.9938,5.364746,-2.1785889,5.790229
27,400.55597,1228.452,401.0664,1229.4598,0.510437,1.0078125,1.1297044
27,230.92535,227.18082,230.94188,227.96452,0.016525269,0.78370667,0.7838809
27,526.55524,666.74133,526.5561,667.4533,0.0008544922,0.7119751,0.7119756
27,523.5443,700.64087,523.5116,701.3633,-0.032714844,0.7224121,0.72315246
27,476.52567,642.6393,476.51508,643.3808,-0.0105896,0.7415161,0.74159175
27,131.0079,229.23795,131.04332,230.00685,0.03541565,0.76890564,0.76972085
27,520.5819,407.069,520.6221,407.71213,0.040161133,0.64312744,0.64438015
27,455.87265,651.28845,458.96533,651.73193,3.092682,0.44348145,3.1243172
27,523.41907,569.8412,523.4606,570.5872,0.041503906,0.7460327,0.7471863
27,436.05905,683.53925,441.15173,680.81,5.092682,-2.729248,5.7779064
27,258.92877,227.10829,258.94446,227.9271,0.015686035,0.8188019,0.8189521
27,437.26932,1205.1274,437.52283,1206.9974,0.25350952,1.8699951,1.8871007
27,516.5315,277.2558,516.53296,277.94702,0.0014648438,0.69122314,0.6912247
27,525.51685,636.7973,525.5121,637.10956,-0.004760742,0.31225586,0.31229216
28,129.50542,263.5477,129.51093,263.7229,0.005508423,0.17520142,0.17528799
28,478.37003,1000.0546,479.5411,1003.0364,1.1710815,2.9817505,3.2034774
28,259.27826,1226.6055,259.39148,1227.8597,0.113220215,1.2542725,1.2593721
28,489.2017,1213.7589,489.04538,1216.2627,-0.15631104,2.5037842,2.5086586
28,393.471,724.48444,395.5412,714.01074,2.0701904,-10.473694,10.676327
28,228.8668,1102.5955,228.99693,1103.5305,0.13012695,0.9350586,0.9440697
28,517.5397,1193.3315,517.52954,1194.3346,-0.010131836,1.0030518,1.0031029
28,515.78406,1058.6406,515.78076,1059.6399,-0.0032958984,0.9992676,0.999273
28,400.62033,726.33453,402.7802,715.50305,2.1598816,-10.831482,11.044731
28,202.4567,1167.463,202.50862,1168.374,0.05192566,0.91101074,0.91248935
28,504.43356,1142.3087,504.45306,1143.3761,0.019500732,1.0673828,1.0675609
28,196.12526,1174.2588,196.13597,1175.3419,0.01071167,1.0831299,1.0831828
28,414.18338,1243.8427,415.1938,1244.8495,1.0104065,1.0068359,1.426408
28,357.96918,761.3928,358.02643,754.70245,0.057250977,-6.6903687,6.6906133
28,121.95211,312.9873,122.04141,313.9027,0.08930206,0.9154053,0.91975087
28,521.6565,441.62653,521.65436,442.62338,-0.0021362305,0.9968567,0.996859
28,355.71445,226.96638,355.71542,227.96774,0.0009765625,1.001358,1.0013585
28,479.23068,1209.381,479.47662,1212.1764,0.24594116,2.7954102,2.8062084
28,441.95795,1183.1493,442.3008,1186.0771,0.342865,2.9278564,2.9478638
28,511.60306,224.91052,511.6065,225.9152,0.0034484863,1.0046844,1.0046904
28,323.63693,226.939,323.72064,227.9592,0.08370972,1.0202026,1.0236312
28,519.5663,373.7798,519.6008,374.77728,0.0345459,0.99749756,0.9980956
28,518.5187,339.81946,518.5401,340.81708,0.02142334,0.9976196,0.99784964
28,446.3124,1191.3224,446.58856,1194.249,0.27615356,2.9266357,2.9396355
28,425.30347,974.72876,414.77722,971.4271,-10.526245,-3.3016357,11.031892
28,351.9142,772.9216,351.6073,766.1427,-0.30691528,-6.7788696,6.785814
28,501.78632,1190.6146,502.00104,1191.5685,0.21472168,0.9538574,0.97772664
28,386.87036,226.02275,386.86847,227.02628,-0.0018920898,1.0035248,1.0035266
28,455.74658,225.07808,455.74716,226.07944,0.000579834,1.001358,1.0013582
28,421.68976,225.1005,421.68982,226.10037,6.1035156e-05,0.9998779,0.9998779
28,522.6016,506.6057,522.59576,507.60474,-0.005859375,0.99902344,0.9990406
28,290.9267,227.93181,290.92725,228.92944,0.0005493164,0.9976349,0.99763507
28,494.12836,1076.7219,494.82095,1077.6969,0.69259644,0.9749756,1.1959378
28,410.34088,601.9938,408.79828,591.0445,-1.5426025,-10.94928,11.057411
28,401.0664,1229.4598,402.06516,1231.4163,0.9987488,1.9564209,2.1966069
28,230.94188,227.96452,230.94453,228.95946,0.0026550293,0.9949341,0.99493766
28,526.5561,667.4533,526.56274,668.50757,0.006652832,1.0542603,1.0542812
28,523.5116,701.3633,523.50256,702.3607,-0.009033203,0.9974365,0.9974774
28,476.51508,643.3808,476.56262,644.439,0.047546387,1.0582275,1.0592952
28,131.04332,230.00685,131.04958,231.00372,0.0062561035,0.99687195,0.99689156
28,520.6221,407.71213,520.63184,408.757,0.009765625,1.0448608,1.0449065
28,458.96533,651.73193,458.7182,652.8897,-0.24713135,1.1577759,1.1838577
28,523.4606,570.5872,523.47266,571.58606,0.012084961,0.99884033,0.99891347
28,441.15173,680.81,442.10156,669.06305,0.9498291,-11.746948,11.785286
28,258.94446,227.9271,258.94424,228.92867,-0.00021362305,1.0015717,1.0015717
28,437.52283,1206.9974,437.7362,1209.8207,0.2133789,2.8232422,2.8312943
28,516.53296,277.94702,516.5739,278.94946,0.04095459,1.0024414,1.0032777
28,525.5121,637.10956,525.5469,638.2623,0.03479004,1.152771,1.1532959
29,129.51093,263.7229,129.52168,264.71863,0.010757446,0.99572754,0.99578565
29,479.5411,1003.0364,481.61826,1005.8751,2.0771484,2.838745,3.5175302
29,259.39148,1227.8597,259.6182,1228.8949,0.22671509,1.0351562,1.0596925
29,489.04538,1216.2627,489.243,1218.5715,0.19763184,2.308838,2.3172808
29,395.5412,714.01074,394.33575,694.5021,-1.2054443,-19.508667,19.545874
29,228.99693,1103.5305,229.38411,1103.7998,0.3871765,0.2692871,0.47161552
29,517.52954,1194.3346,517.52826,1195.3364,-0.0012817383,1.001831,1.0018319
29,515.78076,1059.6399,515.866,1060.45,0.08526611,0.8100586,0.81453377
29,402.7802,715.50305,401.78735,695.46454,-0.9928589,-20.038513,20.063095
29,202.50862,1168.374,202.64896,1169.0077,0.14033508,0.633667,0.6490206
29,504.45306,1143.3761,504.51337,1144.372,0.060302734,0.9958496,0.99767375
29,196.13597,1175.3419,196.14146,1176.0239,0.005493164,0.68200684,0.68202895
29,415.1938,1244.8495,415.21613,1245.8464,0.022338867,0.99694824,0.99719846
29,358.02643,754.70245,354.13638,742.4596,-3.8900452,-12.242859,12.846012
29,122.04141,313.9027,122.02333,314.75485,-0.018081665,0.85214233,0.85233414
29,521.65436,442.62338,521.6365,443.52795,-0.0178833,0.90457153,0.9047483
29,355.71542,227.96774,355.69894,228.92741,-0.016479492,0.959671,0.9598125
29,479.47662,1212.1764,479.6815,1214.7253,0.2048645,2.5489502,2.5571697
29,442.3008,1186.0771,442.64374,1188.8458,0.34292603,2.7686768,2.7898333
29,511.6065,225.9152,511.592,226.93285,-0.01449585,1.0176392,1.0177424
29,323.72064,227.9592,323.696,228.91365,-0.024627686,0.9544525,0.9547702
29,519.6008,374.77728,519.58105,375.75677,-0.01977539,0.9794922,0.9796918
29,518.5401,340.81708,518.53845,341.76172,-0.0016479492,0.9446411,0.9446426
29,446.58856,1194.249,446.9756,1196.9045,0.38702393,2.6555176,2.6835725
29,414.77722,971.4271,397.08047,959.37354,-17.696747,-12.053589,21.411768
29,351.6073,766.1427,347.11005,753.2625,-4.4972534,-12.880188,13.642747
29,502.00104,1191.5685,502.31186,1192.6353,0.31082153,1.0667725,1.1111317
29,386.86847,227.02628,386.85522,227.97871,-0.013244629,0.95243835,0.95253044
29,455.74716,226.07944,455.75027,227.08177,0.003112793,1.0023346,1.0023395
29,421.68982,226.10037,421.69144,227.06715,0.0016174316,0.9667816,0.966783
29,522.59576,507.60474,522.5821,508.50604,-0.013671875,0.90130615,0.90140986
29,290.92725,228.92944,290.93744,229.93814,0.010192871,1.0086975,1.008749
29,494.82095,1077.6969,495.73587,1078.6958,0.914917,0.99890137,1.3545763
29,408.79828,591.0445,399.628,571.2204,-9.170288,-19.824097,21.842367
29,402.06516,1231.4163,401.78967,1233.2241,-0.27548218,1.8078613,1.8287299
29,230.94453,228.95946,230.94472,229.9252,0.00018310547,0.965744,0.9657441
29,526.56274,668.50757,526.5315,669.3935,-0.03125,0.8859253,0.8864763
29,523.50256,702.3607,523.5146,703.24054,0.012023926,0.8798218,0.879904
29,476.56262,644.439,475.0947,624.6051,-1.467926,-19.833923,19.88817
29,131.04958,231.00372,131.05356,231.94681,0.003982544,0.9430847,0.9430931
29,520.63184,408.757,520.6145,409.64554,-0.017333984,0.8885498,0.88871884
29,458.7182,652.8897,421.75436,634.76733,-36.963837,-18.122375,41.16729
29,523.47266,571.58606,523.4863,572.4356,0.013671875,0.84954834,0.84965837
29,442.10156,669.06305,439.5617,647.2819,-2.539856,-21.781128,21.928713
29,258.94424,228.92867,258.93713,229.89742,-0.0071105957,0.96875,0.9687761
29,437.7362,1209.8207,438.0566,1212.2936,0.32040405,2.4729004,2.4935708
29,516.5739,278.94946,516.56555,279.92316,-0.008361816,0.97369385,0.9737297
29,525.5469,638.2623,524.86884,621.3523,-0.67803955,-16.910034,16.923622
30,129.52168,264.71863,129.52237,264.7112,0.0006866455,-0.0074157715,0.007447493
30,481.61826,1005.8751,480.7874,1005.5524,-0.83084106,-0.32269287,0.89130664
30,259.6182,1228.8949,259.61743,1228.8942,-0.00076293945,-0.0007324219,0.0010576003
30,489.243,1218.5715,489.22385,1218.073,-0.019165039,-0.49853516,0.4989034
30,394.33575,694.5021,389.96213,665.80646,-4.3736267,-28.695618,29.027006
30,229.38411,1103.7998,228.51549,1103.7888,-0.8686218,-0.010986328,0.8686913
30,517.52826,1195.3364,517.53076,1195.3326,0.0025024414,-0.0037841797,0.004536764
30,515.866,1060.45,515.8973,1060.4484,0.03125,-0.0015869141,0.031290267
30,401.78735,695.46454,397.36923,666.2526,-4.4181213,-29.211914,29.544132
30,202.64896,1169.0077,202.64479,1168.8444,-0.0041656494,-0.16333008,0.16338319
30,504.51337,1144.372,504.51117,1144.375,-0.0021972656,0.0030517578,0.003760479
30,196.14146,1176.0239,196.17737,1175.9985,0.03590393,-0.025390625,0.04397472
30,415.21613,1245.8464,414.33228,1245.8695,-0.8838501,0.023071289,0.88415116
30,354.13638,742.4596,346.17242,724.4371,-7.9639587,-18.022522,19.703705
30,122.02333,314.75485,121.96102,314.61877,-0.062309265,-0.13607788,0.14966507
30,521.6365,443.52795,521.6367,443.5311,0.00024414062,0.0031433105,0.0031527774
30,355.69894,228.92741,355.6958,228.83818,-0.0031433105,-0.0892334,0.08928874
30,479.6815,1214.7253,479.65234,1214.2412,-0.029144287,-0.48413086,0.48500732
30,442.64374,1188.8458,442.60925,1188.239,-0.034484863,-0.6068115,0.6077906
30,511.592,226.93285,511.581,226.88223,-0.011016846,-0.050613403,0.051798526
30,323.696,228.91365,323.69028,228.88737,-0.0057373047,-0.026275635,0.026894715
30,519.58105,375.75677,519.56305,375.71765,-0.018005371,-0.039123535,0.043067906
30,518.53845,341.76172,518.5381,341.75204,-0.00036621094,-0.009674072,0.009681001
30,446.9756,1196.9045,446.89468,1196.3792,-0.0809021,-0.5253906,0.53158295
30,397.08047,959.37354,369.9565,941.2666,-27.123962,-18.106934,32.612427
30,347.11005,753.2625,338.89893,735.7814,-8.211121,-17.48114,19.313538
30,502.31186,1192.6353,502.318,1192.5552,0.006134033,-0.080078125,0.080312714
30,386.85522,227.97871,386.8331,227.8975,-0.022125244,-0.081207275,0.08416738
30,455.75027,227.08177,455.68393,226.90399,-0.066345215,-0.17778015,0.18975635
30,421.69144,227.06715,421.60406,226.97731,-0.087371826,-0.08984375,0.12532252
30,522.5821,508.50604,522.56854,508.48236,-0.013549805,-0.02368164,0.027284011
30,290.93744,229.93814,290.91718,229.7896,-0.020263672,-0.14854431,0.14992008
30,495.73587,1078.6958,495.4199,1078.6399,-0.315979,-0.055908203,0.32088697
30,399.628,571.2204,384.08273,543.12744,-15.545258,-28.092957,32.10715
30,401.78967,1233.2241,400.59332,1233.1029,-1.1963501,-0.12121582,1.2024753
30,230.94472,229.9252,230.94,229.76239,-0.004714966,-0.16281128,0.16287954
30,526.5315,669.3935,526.47675,669.3901,-0.054748535,-0.0034179688,0.054855123
30,523.5146,703.24054,523.4829,703.2436,-0.031677246,0.0030517578,0.031823907
30,475.0947,624.6051,474.91827,624.41437,-0.17642212,-0.19073486,0.25981638
30,131.05356,231.94681,131.01538,231.78102,-0.03817749,-0.16578674,0.17012572
30,520.6145,409.64554,520.6139,409.65344,-0.00061035156,0.007904053,0.0079275835
30,421.75436,634.76733,412.73813,604.0578,-9.016235,-30.709534,32.00575
30,523.4863,572.4356,523.48676,572.4394,0.0004272461,0.0037841797,0.003808222
30,439.5617,647.2819,431.8312,616.35547,-7.7304993,-30.926453,31.877989
30,258.93713,229.89742,258.91083,229.79933,-0.026306152,-0.098083496,0.101549916
30,438.0566,1212.2936,438.04202,1211.9812,-0.014587402,-0.31237793,0.31271833
30,516.56555,279.92316,516.5661,279.89667,0.0005493164,-0.026489258,0.026494954
30,524.86884,621.3523,524.86884,621.34796,0.0,-0.004333496,0.004333496
31,129.52237,264.7112,129.45735,263.74854,-0.0650177,-0.962677,0.9648701
31,480.7874,1005.5524,479.71774,1003.38055,-1.0696716,-2.171875,2.4209995
31,259.61743,1228.8942,259.56418,1228.04,-0.053253174,-0.854126,0.8557845
31,489.22385,1218.073,489.14862,1216.3516,-0.07522583,-1.7214355,1.7230784
31,389.96213,665.80646,379.49658,630.2407,-10.465546,-35.565735,37.073566
31,228.51549,1103.7888,227.73497,1103.758,-0.7805176,-0.030761719,0.7811235
31,517.53076,1195.3326,517.5284,1194.3193,-0.002380371,-1.0133057,1.0133085
31,515.8973,1060.4484,515.87805,1059.5914,-0.019226074,-0.8569336,0.85714924
31,397.36923,666.2526,386.92126,629.529,-10.447968,-36.723633,38.180954
31,202.64479,1168.8444,202.64592,1167.8508,0.0011291504,-0.9935303,0.99353087
31,504.51117,1144.375,504.3815,1143.3883,-0.12966919,-0.98669434,0.9951783
31,196.17737,1175.9985,196.09692,1175.1346,-0.080444336,-0.8638916,0.86762893
31,414.33228,1245.8695,414.34476,1244.8773,0.012481689,-0.9921875,0.992266
31,346.17242,724.4371,337.60608,680.3227,-8.566345,-44.11438,44.93841
31,121.96102,314.61877,121.85609,313.93887,-0.10493469,-0.6799011,0.6879512
31,521.6367,443.5311,521.5746,442.6012,-0.06213379,-0.9299011,0.93197465
31,355.6958,228.83818,355.67654,228.03108,-0.019256592,-0.8070984,0.8073281
31,479.65234,1214.2412,479.65018,1212.2616,-0.002166748,-1.9796143,1.9796154
31,442.60925,1188.239,442.49426,1186.1648,-0.114990234,-2.0742188,2.0774038
31,511.581,226.88223,511.52573,226.00594,-0.055267334,-0.876297,0.8780381
31,323.69028,228.88737,323.64154,228.03279,-0.048736572,-0.85458374,0.8559723
31,519.56305,375.71765,519.53467,374.71765,-0.028381348,-1.0,1.0004027
31,518.5381,341.75204,518.44556,340.82166,-0.0925293,-0.9303894,0.9349792
31,446.89468,1196.3792,446.76657,1194.3112,-0.1281128,-2.0679932,2.0719576
31,369.9565,941.2666,333.48886,918.16003,-36.46765,-23.106567,43.171787
31,338.89893,735.7814,328.68823,715.47284,-10.210693,-20.308533,22.73092
31,502.318,1192.5552,502.19092,1191.5209,-0.1270752,-1.0343018,1.0420787
31,386.8331,227.8975,386.79953,226.92937,-0.033569336,-0.96813965,0.96872145
31,455.68393,226.90399,455.64224,225.9966,-0.04168701,-0.9073944,0.9083515
31,421.60406,226.97731,421.53833,226.05061,-0.06573486,-0.9266968,0.9290253
31,522.56854,508.48236,522.5601,507.54312,-0.008422852,-0.9392395,0.9392773
31,290.91718,229.7896,290.8293,228.88692,-0.08786011,-0.90267944,0.90694517
31,495.4199,1078.6399,494.7924,1077.6748,-0.62750244,-0.9650879,1.1511533
31,384.08273,543.12744,360.2178,509.4327,-23.86493,-33.694733,41.29007
31,400.59332,1233.1029,401.7967,1231.4055,1.2033691,-1.6973877,2.0806782
31,230.94,229.76239,230.9217,228.8518,-0.018295288,-0.9105835,0.91076726
31,526.47675,669.3901,526.4773,668.39716,0.0005493164,-0.9929199,0.9929201
31,523.4829,703.2436,523.4822,702.24,-0.0007324219,-1.0036011,1.0036014
31,474.91827,624.41437,474.816,623.48425,-0.102264404,-0.93011475,0.9357197
31,131.01538,231.78102,130.9732,230.902,-0.042175293,-0.8790283,0.8800395
31,520.6139,409.65344,520.5725,408.7224,-0.041381836,-0.9310303,0.93194944
31,412.73813,604.0578,397.15805,566.4984,-15.580078,-37.559387,40.66259
31,523.48676,572.4394,523.4559,571.4917,-0.030883789,-0.9476929,0.94819593
31,431.8312,616.35547,417.15054,577.1429,-14.680664,-39.212585,41.870617
31,258.91083,229.79933,258.7823,228.95117,-0.12854004,-0.8481598,0.8578447
31,438.04202,1211.9812,437.96906,1209.9829,-0.07296753,-1.998291,1.9996228
31,516.5661,279.89667,516.5027,278.92133,-0.06341553,-0.9753418,0.9774012
31,524.86884,621.34796,524.79706,620.4627,-0.071777344,-0.8852539,0.88815904
32,129.45735,263.74854,129.22932,262.65106,-0.22802734,-1.0974731,1.120912
32,479.71774,1003.38055,480.53848,1003.8217,0.82073975,0.4411621,0.93179274
32,259.56418,1228.04,259.49042,1227.3307,-0.07376099,-0.7093506,0.71317524
32,489.14862,1216.3516,489.0845,1216.317,-0.06411743,-0.0345459,0.07283175
32,379.49658,630.2407,360.892,591.7095,-18.604584,-38.53125,42.787704
32,227.73497,1103.758,227.31288,1103.5822,-0.42208862,-0.17590332,0.4572754
32,517.5284,1194.3193,517.53796,1193.4236,0.0095825195,-0.89575195,0.8958032
32,515.87805,1059.5914,515.8699,1058.8253,-0.008178711,-0.7661133,0.7661569
32,386.92126,629.529,368.2876,589.9574,-18.633667,-39.571594,43.73928
32,202.64592,1167.8508,202.45029,1167.2415,-0.19563293,-0.609375,0.6400079
32,504.3815,1143.3883,504.4061,1142.5321,0.024597168,-0.8562012,0.85655445
32,196.09692,1175.1346,196.03131,1174.1039,-0.06561279,-1.0307617,1.0328479
32,414.34476,1244.8773,414.31302,1244.7574,-0.03173828,-0.11987305,0.12400349
32,337.60608,680.3227,322.8686,631.065,-14.737488,-49.25769,51.41511
32,121.85609,313.93887,121.60727,313.0495,-0.24881744,-0.8893738,0.9235236
32,521.5746,442.6012,521.4514,441.78592,-0.123168945,-0.8152771,0.8245285
32,355.67654,228.03108,355.54916,227.11066,-0.12738037,-0.9204254,0.92919785
32,479.65018,1212.2616,479.60745,1212.5203,-0.04272461,0.258667,0.26217172
32,442.49426,1186.1648,442.47852,1186.6351,-0.01574707,0.4703369,0.47060046
32,511.52573,226.00594,511.40027,225.16086,-0.12545776,-0.8450775,0.85433936
32,323.64154,228.03279,323.47092,227.10811,-0.17062378,-0.9246826,0.9402927
32,519.53467,374.71765,519.3563,373.90918,-0.17834473,-0.8084717,0.827909
32,518.44556,340.82166,518.30774,339.99277,-0.13781738,-0.82888794,0.8402671
32,446.76657,1194.3112,446.76788,1194.7455,0.0013122559,0.43432617,0.43432817
32,333.48886,918.16003,303.38712,885.5728,-30.101746,-32.58722,44.362617
32,328.68823,715.47284,315.3437,688.25903,-13.344543,-27.213806,30.309538
32,502.19092,1191.5209,502.19223,1191.3817,0.0013122559,-0.13916016,0.13916634
32,386.79953,226.92937,386.65598,226.09158,-0.14355469,-0.8377838,0.84999394
32,455.64224,225.9966,455.46222,225.20255,-0.1800232,-0.7940521,0.8142034
32,421.53833,226.05061,421.41257,225.16473,-0.12576294,-0.8858795,0.8947619
32,522.5601,507.54312,522.43414,506.72006,-0.12597656,-0.8230591,0.8326442
32,290.8293,228.88692,290.68576,228.00516,-0.14355469,-0.88175964,0.8933689
32,494.7924,1077.6748,495.31677,1076.6663,0.52438354,-1.0085449,1.1367238
32,360.2178,509.4327,329.69107,474.39432,-30.526733,-35.03839,46.471176
32,401.7967,1231.4055,401.78345,1231.3096,-0.013244629,-0.095947266,0.0968571
32,230.9217,228.8518,230.70863,228.04344,-0.21307373,-0.80836487,0.835975
32,526.4773,668.39716,526.33563,667.62244,-0.1416626,-0.77471924,0.78756475
32,523.4822,702.24,523.3951,701.3713,-0.08709717,-0.8687134,0.87306863
32,474.816,623.48425,474.5648,622.88983,-0.2512207,-0.5944214,0.6453283
32,130.9732,230.902,130.73221,230.07693,-0.24099731,-0.825058,0.859535
32,520.5725,408.7224,520.4197,407.83505,-0.15283203,-0.8873596,0.9004248
32,397.15805,566.4984,374.41537,526.67706,-22.742676,-39.82135,45.858143
32,523.4559,571.4917,523.3867,570.57007,-0.06915283,-0.92163086,0.92422163
32,417.15054,577.1429,393.8074,535.7323,-23.34314,-41.410583,47.53671
32,258.7823,228.95117,258.67493,227.99663,-0.10736084,-0.95454407,0.9605627
32,437.96906,1209.9829,437.91583,1210.2666,-0.053222656,0.2836914,0.2886407
32,516.5027,278.92133,516.30347,278.1488,-0.19921875,-0.772522,0.7977959
32,524.79706,620.4627,524.64154,619.56903,-0.15551758,-0.89367676,0.9071074
33,129.22932,262.65106,129.22464,262.27444,-0.0046844482,-0.37661743,0.37664658
33,480.53848,1003.8217,480.5359,1002.9877,-0.0025939941,-0.8340454,0.83404946
33,259.49042,1227.3307,259.50668,1226.3756,0.01626587,-0.9550781,0.95521665
33,489.0845,1216.317,489.07373,1215.5343,-0.010772705,-0.78271484,0.782789
33,360.892,591.7095,333.85736,556.69965,-27.034637,-35.009827,44.233013
33,227.31288,1103.5822,226.79001,1103.6497,-0.5228729,0.06750488,0.5272125
33,517.53796,1193.4236,518.3324,1192.4667,0.7944336,-0.9569092,1.2437041
33,515.8699,1058.8253,515.84924,1058.0905,-0.020629883,-0.7348633,0.7351528
33,368.2876,589.9574,341.23984,553.1564,-27.04776,-36.801025,45.67162
33,202.45029,1167.2415,202.47252,1166.2845,0.022232056,-0.9569092,0.9571674
33,504.4061,1142.5321,504.4194,1141.6294,0.013305664,-0.90270996,0.902808
33,196.03131,1174.1039,196.06577,1173.4435,0.034454346,-0.6604004,0.6612986
33,414.31302,1244.7574,414.30493,1243.7601,-0.008087158,-0.99731445,0.99734724
33,322.8686,631.065,299.46713,599.9227,-23.401459,-31.142273,38.954712
33,121.60727,313.0495,121.58934,312.27835,-0.017929077,-0.7711487,0.77135706
33,521.4514,441.78592,521.4037,440.97855,-0.047729492,-0.80737305,0.80878264
33,355.54916,227.11066,355.5132,226.30016,-0.035949707,-0.8105011,0.811298
33,479.60745,1212.5203,479.58136,1211.6843,-0.02609253,-0.8359375,0.8363446
33,442.47852,1186.6351,442.4916,1185.7405,0.013092041,-0.8946533,0.8947491
33,511.40027,225.16086,511.32297,224.27962,-0.077301025,-0.88124084,0.88462466
33,323.47092,227.10811,323.49594,226.31456,0.025024414,-0.7935486,0.79394305
33,519.3563,373.90918,519.3506,373.07468,-0.0057373047,-0.8345032,0.8345229
33,518.30774,339.99277,518.2584,339.21362,-0.049316406,-0.7791443,0.7807035
33,446.76788,1194.7455,446.77213,1193.8774,0.0042419434,-0.868042,0.86805236
33,303.38712,885.5728,295.59363,845.21234,-7.7934875,-40.360474,41.106037
33,315.3437,688.25903,291.52853,605.9375,-23.815155,-82.32153,85.69712
33,502.19223,1191.3817,502.19565,1190.3417,0.0034179688,-1.0400391,1.0400447
33,386.65598,226.09158,386.59903,225.23898,-0.0569458,-0.8526001,0.8544997
33,455.46222,225.20255,455.46393,224.36081,0.0017089844,-0.84173584,0.84173757
33,421.41257,225.16473,421.3825,224.38118,-0.030059814,-0.7835541,0.78413045
33,522.43414,506.72006,522.3885,505.85452,-0.045654297,-0.86553955,0.8667428
33,290.68576,228.00516,290.6713,227.20067,-0.014465332,-0.80448914,0.8046192
33,495.31677,1076.6663,495.29602,1075.9442,-0.020751953,-0.7220459,0.72234404
33,329.69107,474.39432,295.0503,443.28238,-34.640778,-31.111938,46.561104
33,401.78345,1231.3096,401.8364,1230.3796,0.052947998,-0.92993164,0.9314378
33,230.70863,228.04344,230.68272,227.32965,-0.025909424,-0.7137909,0.714261
33,526.33563,667.62244,526.32336,666.74084,-0.012268066,-0.8815918,0.88167715
33,523.3951,701.3713,523.3511,700.612,-0.044006348,-0.75927734,0.7605515
33,474.5648,622.88983,474.60178,622.12555,0.036987305,-0.7642822,0.76517665
33,130.73221,230.07693,130.75761,229.2463,0.025405884,-0.83062744,0.8310159
33,520.4197,407.83505,520.3649,407.1179,-0.054748535,-0.7171631,0.7192498
33,374.41537,526.67706,345.134,490.35657,-29.281372,-36.320496,46.6538
33,523.3867,570.57007,523.31836,569.78613,-0.068359375,-0.78393555,0.78691036
33,393.8074,535.7323,363.2174,499.11557,-30.589996,-36.61673,47.713024
33,258.67493,227.99663,258.67337,227.28456,-0.0015563965,-0.71206665,0.7120684
33,437.91583,1210.2666,437.90433,1209.3965,-0.011505127,-0.8701172,0.87019324
33,516.30347,278.1488,516.2511,277.33337,-0.052368164,-0.8154297,0.8171095
33,524.64154,619.56903,524.64825,618.74133,0.006713867,-0.82769775,0.827725
34,129.22464,262.27444,129.22433,262.29083,-0.00030517578,0.01638794,0.01639078
34,480.5359,1002.9877,480.10922,1001.83624,-0.42666626,-1.1514282,1.2279377
34,259.50668,1226.3756,259.5418,1226.2949,0.035125732,-0.08068848,0.08800254
34,489.07373,1215.5343,489.02908,1214.6604,-0.044647217,-0.87390137,0.8750411
34,333.85736,556.69965,302.94705,530.08954,-30.910309,-26.610107,40.78658
34,226.79001,1103.6497,226.51813,1102.9528,-0.2718811,-0.6968994,0.74805623
34,518.3324,1192.4667,518.3356,1192.4999,0.0031738281,0.033203125,0.03335447
34,515.84924,1058.0905,516.1039,1057.7493,0.25463867,-0.34118652,0.4257336
34,341.23984,553.1564,311.13602,523.0597,-30.10382,-30.09668,42.568184
34,202.47252,1166.2845,202.56947,1165.3379,0.096954346,-0.9466553,0.9516072
34,504.4194,1141.6294,504.45496,1141.561,0.03555298,-0.068359375,0.07705205
34,196.06577,1173.4435,196.38397,1173.188,0.3182068,-0.25549316,0.4080837
34,414.30493,1243.7601,415.26105,1242.8699,0.9561157,-0.8902588,1.3064141
34,299.46713,599.9227,270.9344,576.3387,-28.532745,-23.584045,37.0179
34,121.58934,312.27835,121.58892,312.2823,-0.0004196167,0.0039367676,0.0039590676
34,521.4037,440.97855,521.41174,440.82883,0.008056641,-0.14971924,0.14993586
34,355.5132,226.30016,355.45618,226.19893,-0.057037354,-0.10122681,0.116190046
34,479.58136,1211.6843,479.5823,1210.633,0.0009460449,-1.0512695,1.05127
34,442.4916,1185.7405,442.5198,1184.6438,0.028198242,-1.0966797,1.0970421
34,511.32297,224.27962,511.3074,224.2198,-0.015563965,-0.059814453,0.061806194
34,323.49594,226.31456,323.48752,226.19661,-0.008422852,-0.11795044,0.118250795
34,519.3506,373.07468,519.3257,372.96866,-0.024902344,-0.10601807,0.10890343
34,518.2584,339.21362,518.26416,339.05008,0.0057373047,-0.1635437,0.1636443
34,446.77213,1193.8774,446.80917,1192.7671,0.03704834,-1.1103516,1.1109694
34,295.59363,845.21234,302.1032,794.3873,6.5095825,-50.825012,51.240185
34,291.52853,605.9375,262.4488,581.7735,-29.079742,-24.164001,37.80913
34,502.19565,1190.3417,502.19305,1190.2615,-0.0025939941,-0.080200195,0.080242135
34,386.59903,225.23898,386.59842,225.2399,-0.00061035156,0.00091552734,0.0011003269
34,455.46393,224.36081,455.4341,224.2046,-0.029815674,-0.15620422,0.15902433
34,421.3825,224.38118,421.30734,224.25978,-0.075164795,-0.121398926,0.14278461
34,522.3885,505.85452,522.3941,505.7387,0.0056152344,-0.11581421,0.11595026
34,290.6713,227.20067,290.65958,227.11115,-0.01171875,-0.089523315,0.09028706
34,495.29602,1075.9442,495.1465,1075.711,-0.14950562,-0.2331543,0.27697086
34,295.0503,443.28238,259.06635,419.8303,-35.983948,-23.452087,42.95166
34,401.8364,1230.3796,403.35843,1229.4524,1.5220337,-0.9272461,1.7822379
34,230.68272,227.32965,230.67108,227.15039,-0.011642456,-0.17926025,0.17963794
34,526.32336,666.74084,526.3182,666.6718,-0.0051879883,-0.06903076,0.06922544
34,523.3511,700.612,523.3381,700.50214,-0.013000488,-0.10986328,0.110629804
34,474.60178,622.12555,474.66,622.0151,0.05822754,-0.11047363,0.12487942
34,130.75761,229.2463,130.75781,229.247,0.00019836426,0.0006866455,0.000714724
34,520.3649,407.1179,520.35187,406.97012,-0.013061523,-0.14776611,0.14834227
34,345.134,490.35657,312.3276,461.94778,-32.806396,-28.408783,43.39722
34,523.31836,569.78613,523.31866,569.7699,0.00030517578,-0.016235352,0.01623822
34,363.2174,499.11557,329.70105,470.72864,-33.516357,-28.386932,43.92225
34,258.67337,227.28456,258.65924,227.16249,-0.014129639,-0.12207031,0.12288535
34,437.90433,1209.3965,437.96045,1208.3606,0.056121826,-1.0358887,1.0374078
34,516.2511,277.33337,516.25104,277.24103,-6.1035156e-05,-0.09234619,0.092346214
34,524.64825,618.74133,524.64874,618.7361,0.00048828125,-0.0052490234,0.0052716853
35,129.22433,262.29083,129.15292,262.3296,-0.07141113,0.038757324,0.08125073
35,480.10922,1001.83624,480.6195,1002.94995,0.5102844,1.1137085,1.2250457
35,259.5418,1226.2949,259.55017,1226.3486,0.008361816,0.053710938,0.05435793
35,489.02908,1214.6604,488.99765,1215.4644,-0.031433105,0.8039551,0.80456936
35,302.94705,530.08954,273.08228,511.16727,-29.864777,-18.922272,35.354736
35,226.51813,1102.9528,226.14937,1099.776,-0.36875916,-3.1767578,3.1980891
35,518.3356,1192.4999,518.3374,1192.4976,0.0018310547,-0.002319336,0.0029550095
35,516.1039,1057.7493,516.1008,1057.7758,-0.0030517578,0.026489258,0.026664471
35,311.13602,523.0597,282.40396,501.3897,-28.732056,-21.669983,35.987762
35,202.56947,1165.3379,200.09485,1164.4845,-2.4746246,-0.85339355,2.6176417
35,504.45496,1141.561,504.45407,1141.5585,-0.00088500977,-0.0025634766,0.0027119466
35,196.38397,1173.188,193.59117,1172.8196,-2.792801,-0.3684082,2.8169951
35,415.26105,1242.8699,415.26508,1242.8693,0.0040283203,-0.00061035156,0.004074297
35,270.9344,576.3387,242.51729,563.0534,-28.417099,-13.285278,31.369255
35,121.58892,312.2823,121.49163,312.31332,-0.09729004,0.031036377,0.102120556
35,521.41174,440.82883,521.355,440.8199,-0.056762695,-0.00894165,0.057462655
35,355.45618,226.19893,355.45648,226.23454,0.00030517578,0.035614014,0.03561532
35,479.5823,1210.633,479.5856,1211.5529,0.0032958984,0.9197998,0.9198057
35,442.5198,1184.6438,442.5188,1185.6426,-0.0010070801,0.9987793,0.99877983
35,511.3074,224.2198,511.30704,224.21959,-0.00036621094,-0.00021362305,0.00042396373
35,323.48752,226.19661,323.39795,226.21721,-0.08956909,0.020599365,0.09190732
35,519.3257,372.96866,519.3292,372.9673,0.003540039,-0.001373291,0.0037970785
35,518.26416,339.05008,518.22705,339.05496,-0.037109375,0.0048828125,0.037429236
35,446.80917,1192.7671,446.8089,1193.7633,-0.0002746582,0.9962158,0.9962158
35,302.1032,794.3873,310.10532,735.1247,8.002106,-59.262634,59.800446
35,262.4488,581.7735,233.61899,568.75,-28.829803,-13.023499,31.634935
35,502.19305,1190.2615,502.20325,1190.3373,0.010192871,0.075805664,0.07648786
35,386.59842,225.2399,386.54236,225.24185,-0.05606079,0.001953125,0.056094803
35,455.4341,224.2046,455.39594,224.20305,-0.03817749,-0.0015563965,0.038209204
35,421.30734,224.25978,421.3047,224.25948,-0.0026550293,-0.00030517578,0.0026725107
35,522.3941,505.7387,522.393,505.78516,-0.0010986328,0.046447754,0.046460744
35,290.65958,227.11115,290.6524,227.12909,-0.007171631,0.017944336,0.019324375
35,495.1465,1075.711,495.19077,1075.7086,0.04425049,-0.0024414062,0.044317786
35,259.06635,419.8303,225.2756,404.42694,-33.79074,-15.403351,37.135933
35,403.35843,1229.4524,403.52704,1230.0388,0.16860962,0.5864258,0.6101839
35,230.67108,227.15039,230.62242,227.20677,-0.04866028,0.056381226,0.07447594
35,526.3182,666.6718,526.31976,666.6676,0.0015869141,-0.004211426,0.004500489
35,523.3381,700.50214,523.32263,700.5008,-0.0154418945,-0.0013427734,0.015500166
35,474.66,622.0151,474.6594,622.0158,-0.00061035156,0.0007324219,0.00095339963
35,130.75781,229.247,130.68292,229.30319,-0.07489014,0.05619812,0.093630984
35,520.35187,406.97012,520.3555,406.97015,0.0036621094,3.0517578e-05,0.0036622365
35,312.3276,461.94778,279.8647,441.2879,-32.46292,-20.659882,38.4795
35,523.31866,569.7699,523.30194,569.7691,-0.016723633,-0.00079345703,0.016742446
35,329.70105,470.72864,296.7887,449.95175,-32.912354,-20.776886,38.92174
35,258.65924,227.16249,258.6563,227.16391,-0.0029296875,0.0014190674,0.0032552758
35,437.96045,1208.3606,437.9337,1209.3125,-0.026763916,0.9519043,0.95228046
35,516.25104,277.24103,516.2105,277.25046,-0.040527344,0.009429932,0.041609965
35,524.64874,618.7361,524.6489,618.7421,0.00018310547,0.0060424805,0.006045254
36,129.15292,262.3296,129.15353,263.30057,0.00061035156,0.9709778,0.97097796
36,480.6195,1002.94995,479.92645,1002.9822,-0.6930542,0.032226562,0.6938031
36,259.55017,1226.3486,259.60754,1227.1892,0.057373047,0.8405762,0.84253186
36,488.99765,1215.4644,489.04395,1215.8712,0.046295166,0.40686035,0.40948576
36,273.08228,511.16727,247.0151,497.98886,-26.06717,-13.178406,29.209036
36,226.14937,1099.776,225.72913,1092.3638,-0.4202423,-7.4122314,7.4241347
36,518.3374,1192.4976,518.3992,1193.4232,0.061767578,0.9256592,0.9277177
36,516.1008,1057.7758,516.0931,1058.7389,-0.007751465,0.96313477,0.96316594
36,282.40396,501.3897,255.93967,486.78308,-26.464294,-14.606628,30.227676
36,200.09485,1164.4845,176.95328,1163.6398,-23.141571,-0.84472656,23.156982
36,504.45407,1141.5585,504.46283,1142.4828,0.008758545,0.9243164,0.9243579
36,193.59117,1172.8196,170.1293,1172.0592,-23.461868,-0.760376,23.474188
36,415.26508,1242.8693,414.97244,1243.8723,-0.29263306,1.0030518,1.0448669
36,242.51729,563.0534,221.27351,554.9883,-21.243774,-8.0651245,22.723207
36,121.49163,312.31332,121.52159,313.28848,0.029960632,0.9751587,0.97561884
36,521.355,440.8199,521.3511,441.73428,-0.00390625,0.9143982,0.91440654
36,355.45648,226.23454,355.45523,227.23044,-0.0012512207,0.9958954,0.99589616
36,479.5856,1211.5529,479.61478,1211.9375,0.029174805,0.38464355,0.38574842
36,442.5188,1185.6426,442.5109,1185.9036,-0.007904053,0.26098633,0.26110598
36,511.30704,224.21959,511.28543,225.21013,-0.021606445,0.99053955,0.99077517
36,323.39795,226.21721,323.4047,227.18077,0.0067443848,0.963562,0.9635856
36,519.3292,372.9673,519.313,373.9348,-0.016235352,0.9675293,0.9676655
36,518.22705,339.05496,518.22723,340.05203,0.00018310547,0.9970703,0.9970704
36,446.8089,1193.7633,446.80194,1194.0513,-0.006958008,0.28796387,0.2880479
36,310.10532,735.1247,308.44214,671.08685,-1.6631775,-64.03784,64.05943
36,233.61899,568.75,212.10805,562.63165,-21.51094,-6.118347,22.36414
36,502.20325,1190.3373,502.20047,1190.498,-0.0027770996,0.1607666,0.16079058
36,386.54236,225.24185,386.5445,226.22018,0.0021362305,0.9783325,0.9783349
36,455.39594,224.20305,455.3938,225.20332,-0.0021362305,1.0002747,1.0002769
36,421.3047,224.25948,421.3065,225.25806,0.0018005371,0.99858093,0.99858254
36,522.393,505.78516,522.3691,506.74554,-0.023925781,0.9603882,0.96068615
36,290.6524,227.12909,290.64737,228.1319,-0.0050354004,1.0028076,1.0028203
36,495.19077,1075.7086,495.18903,1076.6844,-0.001739502,0.9758301,0.9758316
36,225.2756,404.42694,195.91028,394.73804,-29.365326,-9.688904,30.92244
36,403.52704,1230.0388,403.39893,1230.7048,-0.1281128,0.6660156,0.6782254
36,230.62242,227.20677,230.62784,228.18884,0.00541687,0.9820709,0.9820858
36,526.31976,666.6676,526.3188,667.6638,-0.0009765625,0.9962158,0.9962163
36,523.32263,700.5008,523.31946,701.4988,-0.0031738281,0.99798584,0.9979909
36,474.6594,622.0158,474.63626,622.9801,-0.023132324,0.96429443,0.9645719
36,130.68292,229.30319,130.68045,230.2765,-0.0024719238,0.9733124,0.97331554
36,520.3555,406.97015,520.3686,407.95874,0.013061523,0.9885864,0.98867273
36,279.8647,441.2879,250.59308,426.27182,-29.271606,-15.016083,32.898476
36,523.30194,569.7691,523.3021,570.77655,0.00018310547,1.0074463,1.0074463
36,296.7887,449.95175,266.7819,435.442,-30.006805,-14.509766,33.33079
36,258.6563,227.16391,258.6436,228.12135,-0.01272583,0.95744324,0.9575278
36,437.9337,1209.3125,437.9534,1209.6187,0.019714355,0.30615234,0.30678642
36,516.2105,277.25046,516.21265,278.23383,0.0021362305,0.9833679,0.98337024
36,524.6489,618.7421,524.64966,619.68933,0.0007324219,0.9472046,0.9472049
37,129.15353,263.30057,129.1575,263.3094,0.003967285,0.00881958,0.009670799
37,479.92645,1002.9822,480.40036,1002.9907,0.47390747,0.008544922,0.4739845
37,259.60754,1227.1892,259.82816,1227.2504,0.22061157,0.061157227,0.22893159
37,489.04395,1215.8712,489.21362,1215.8986,0.16967773,0.02734375,0.17186685
37,247.0151,497.98886,225.15498,488.52603,-21.860123,-9.46283,23.820372
37,225.72913,1092.3638,198.69441,1091.0428,-27.034714,-1.3209229,27.066963
37,518.3992,1193.4232,518.3959,1193.423,-0.0032958984,-0.00024414062,0.0033049283
37,516.0931,1058.7389,516.2218,1058.722,0.12872314,-0.016845703,0.12982075
37,255.93967,486.78308,233.77147,475.7086,-22.168198,-11.074493,24.780504
37,176.95328,1163.6398,143.23651,1159.3169,-33.716766,-4.322876,33.992756
37,504.46283,1142.4828,504.46417,1142.4894,0.0013427734,0.006591797,0.0067271707
37,170.1293,1172.0592,136.83063,1164.2942,-33.298676,-7.7650146,34.192062
37,414.97244,1243.8723,414.97495,1243.8722,0.0025024414,-0.00012207031,0.002505417
37,221.27351,554.9883,208.71054,541.3505,-12.562973,-13.637756,18.542295
37,121.52159,313.28848,121.63834,313.20605,0.116752625,-0.08242798,0.14291798
37,521.3511,441.73428,521.35205,441.7281,0.0009765625,-0.0061950684,0.0062715663
37,355.45523,227.23044,355.45404,227.18512,-0.0011901855,-0.045318604,0.04533423
37,479.61478,1211.9375,479.86853,1211.9484,0.25375366,0.010864258,0.25398612
37,442.5109,1185.9036,442.84854,1185.9484,0.33764648,0.044799805,0.3406056
37,511.28543,225.21013,511.304,225.11632,0.018554688,-0.093811035,0.09562838
37,323.4047,227.18077,323.4413,227.11296,0.036621094,-0.06781006,0.07706691
37,519.313,373.9348,519.31433,373.86948,0.0013427734,-0.065338135,0.06535193
37,518.22723,340.05203,518.26904,339.99255,0.041809082,-0.05947876,0.072702974
37,446.80194,1194.0513,447.1779,1194.1274,0.37594604,0.076171875,0.38358516
37,308.44214,671.08685,306.24686,646.5385,-2.195282,-24.54834,24.646303
37,212.10805,562.63165,198.2405,552.8012,-13.867554,-9.830444,16.998432
37,502.20047,1190.498,502.45767,1190.5281,0.25720215,0.030029297,0.25894922
37,386.5445,226.22018,386.58173,226.1364,0.037231445,-0.08378601,0.09168574
37,455.3938,225.20332,455.3926,225.20708,-0.0011901855,0.003753662,0.003937832
37,421.3065,225.25806,421.3428,225.23318,0.036315918,-0.024871826,0.044016514
37,522.3691,506.74554,522.3794,506.70493,0.010314941,-0.040618896,0.041908145
37,290.64737,228.1319,290.6539,228.1038,0.0065307617,-0.02809143,0.028840585
37,495.18903,1076.6844,495.36496,1076.6724,0.17593384,-0.012084961,0.17634842
37,195.91028,394.73804,171.62529,387.49734,-24.284988,-7.240692,25.341434
37,403.39893,1230.7048,403.39954,1230.7057,0.00061035156,0.0008544922,0.0010500886
37,230.62784,228.18884,230.65132,228.08362,0.023483276,-0.10522461,0.10781318
37,526.3188,667.6638,526.39484,667.6181,0.076049805,-0.045715332,0.08873254
37,523.31946,701.4988,523.3804,701.45233,0.060913086,-0.046447754,0.07660155
37,474.63626,622.9801,474.86862,622.9347,0.23236084,-0.045410156,0.2367565
37,130.68045,230.2765,130.68544,230.23111,0.004989624,-0.045394897,0.045668293
37,520.3686,407.95874,520.41296,407.8683,0.04437256,-0.0904541,0.10075152
37,250.59308,426.27182,226.0377,415.31598,-24.555374,-10.955841,26.8886
37,523.3021,570.77655,523.3514,570.7131,0.04925537,-0.06347656,0.08034529
37,266.7819,435.442,242.04466,424.8411,-24.737228,-10.600891,26.912996
37,258.6436,228.12135,258.63776,228.12163,-0.0058288574,0.0002746582,0.005835325
37,437.9534,1209.6187,438.2685,1209.6532,0.315094,0.0345459,0.3169821
37,516.21265,278.23383,516.2471,278.18274,0.034423828,-0.051086426,0.061602134
37,524.64966,619.68933,524.6452,619.5928,-0.0044555664,-0.09655762,0.09666036
38,129.1575,263.3094,129.21619,263.0548,0.058685303,-0.25457764,0.26125416
38,480.40036,1002.9907,480.92554,1003.384,0.525177,0.3932495,0.6560915
38,259.82816,1227.2504,260.0714,1227.2554,0.24325562,0.005004883,0.2433071
38,489.21362,1215.8986,489.49225,1215.9895,0.2786255,0.09094238,0.2930916
38,225.15498,488.52603,207.96269,481.31534,-17.192291,-7.2106934,18.643202
38,198.69441,1091.0428,173.83939,1091.4829,-24.855026,0.44006348,24.858923
38,518.3959,1193.423,518.3561,1193.4362,-0.039794922,0.013183594,0.04192187
38,516.2218,1058.722,516.32715,1058.616,0.10534668,-0.1060791,0.1495015
38,233.77147,475.7086,216.17943,467.53223,-17.592041,-8.176361,19.3993
38,143.23651,1159.3169,119.976715,1149.221,-23.259796,-10.095947,25.356386
38,504.46417,1142.4894,504.4764,1142.4677,0.012237549,-0.021728516,0.024937643
38,136.83063,1164.2942,113.22786,1150.3483,-23.602768,-13.945923,27.41495
38,414.97495,1243.8722,414.975,1243.876,6.1035156e-05,0.0037841797,0.003784672
38,208.71054,541.3505,201.93024,498.21774,-6.780304,-43.132782,43.66245
38,121.63834,313.20605,121.68251,313.12952,0.044166565,-0.076538086,0.08836721
38,521.35205,441.7281,521.36646,441.6479,0.014404297,-0.080200195,0.08148347
38,355.45404,227.18512,355.47406,227.02664,0.020019531,-0.15847778,0.15973726
38,479.86853,1211.9484,480.0503,1212.1702,0.1817627,0.22180176,0.28676417
38,442.84854,1185.9484,443.07312,1186.1776,0.22457886,0.22924805,0.32092106
38,511.304,225.11632,511.32178,224.99866,0.017791748,-0.11766052,0.11899809
38,323.4413,227.11296,323.4669,227.03387,0.02557373,-0.0790863,0.08311834
38,519.31433,373.86948,519.38654,373.7635,0.07220459,-0.10598755,0.12824532
38,518.26904,339.99255,518.33594,339.8869,0.06689453,-0.105651855,0.12504876
38,447.1779,1194.1274,447.3777,1194.3243,0.19979858,0.19689941,0.28051534
38,306.24686,646.5385,273.33035,619.8614,-32.916504,-26.677124,42.36939
38,198.2405,552.8012,187.4251,501.92297,-10.815399,-50.878235,52.01507
38,502.45767,1190.5281,502.52676,1190.5677,0.0690918,0.03967285,0.0796719
38,386.58173,226.1364,386.58005,226.05154,-0.0016784668,-0.084854126,0.084870726
38,455.3926,225.20708,455.43256,225.15045,0.03994751,-0.056625366,0.06929816
38,421.3428,225.23318,421.3843,225.1274,0.041503906,-0.105789185,0.11363945
38,522.3794,506.70493,522.3594,506.5859,-0.020019531,-0.119018555,0.1206905
38,290.6539,228.1038,290.68134,227.98627,0.027435303,-0.11753845,0.1206979
38,495.36496,1076.6724,495.61044,1076.6205,0.2454834,-0.051879883,0.2509056
38,171.62529,387.49734,151.86017,382.4068,-19.765121,-5.0905457,20.410137
38,403.39954,1230.7057,403.60886,1230.7781,0.20932007,0.072387695,0.22148333
38,230.65132,228.08362,230.66853,228.0336,0.017211914,-0.05001831,0.052896895
38,526.39484,667.6181,526.4444,667.5354,0.049560547,-0.08270264,0.09641563
38,523.3804,701.45233,523.4279,701.40985,0.047546387,-0.04248047,0.063759305
38,474.86862,622.9347,474.88766,622.85724,0.019042969,-0.07745361,0.079760246
38,130.68544,230.23111,130.76157,230.12071,0.0761261,-0.11039734,0.1340998
38,520.41296,407.8683,520.4138,407.7352,0.0008544922,-0.13308716,0.1330899
38,226.0377,415.31598,206.35176,407.31882,-19.685944,-7.997162,21.248318
38,523.3514,570.7131,523.39825,570.55994,0.046875,-0.1531372,0.16015077
38,242.04466,424.8411,222.30794,416.82227,-19.736725,-8.018829,21.303518
38,258.63776,228.12163,258.68008,228.00914,0.04232788,-0.11248779,0.12018799
38,438.2685,1209.6532,438.4657,1209.8158,0.19720459,0.16259766,0.25559273
38,516.2471,278.18274,516.2558,277.98325,0.008728027,-0.19949341,0.19968425
38,524.6452,619.5928,524.7146,619.60065,0.06939697,0.007873535,0.0698422
39,129.21619,263.0548,129.41907,262.6115,0.20288086,-0.44329834,0.48751825
39,480.92554,1003.384,480.91434,1002.38586,-0.011199951,-0.9981079,0.99817073
39,260.0714,1227.2554,260.3935,1226.8811,0.32208252,-0.37426758,0.49377462
39,489.49225,1215.9895,489.70163,1215.2349,0.2093811,-0.7546387,0.7831475
39,207.96269,481.31534,195.34451,475.3241,-12.618179,-5.9912415,13.968301
39,173.83939,1091.4829,158.55054,1095.2382,-15.288849,3.755249,15.743278
39,518.3561,1193.4362,519.2383,1192.4677,0.88220215,-0.96850586,1.3100703
39,516.32715,1058.616,516.59094,1058.1367,0.26379395,-0.47924805,0.547052
39,216.17943,467.53223,203.05463,460.37042,-13.124802,-7.161804,14.951651
39,119.976715,1149.221,111.81205,1142.2762,-8.164665,-6.944702,10.718705
39,504.4764,1142.4677,504.68777,1141.5945,0.21136475,-0.87316895,0.8983869
39,113.22786,1150.3483,107.374115,1144.5394,-5.8537445,-5.808838,8.246753
39,414.975,1243.876,414.9761,1243.8728,0.0010986328,-0.0031738281,0.0033585979
39,201.93024,498.21774,189.83218,492.354,-12.098053,-5.863739,13.444193
39,121.68251,313.12952,121.868385,312.49783,0.18587494,-0.63168335,0.6584629
39,521.36646,441.6479,521.6424,440.89056,0.27593994,-0.7573242,0.806029
39,355.47406,227.02664,355.6598,226.2801,0.18572998,-0.74653625,0.7692932
39,480.0503,1212.1702,480.41977,1211.3413,0.36947632,-0.8288574,0.9074786
39,443.07312,1186.1776,443.36188,1185.369,0.28875732,-0.80859375,0.8586062
39,511.32178,224.99866,511.59622,224.24315,0.27444458,-0.7555084,0.80381143
39,323.4669,227.03387,323.60556,226.34607,0.13867188,-0.6878052,0.7016451
39,519.38654,373.7635,519.6223,373.09842,0.23577881,-0.6650696,0.7056268
39,518.33594,339.8869,518.5936,339.16318,0.25769043,-0.72372437,0.7682326
39,447.3777,1194.3243,447.6409,1193.4965,0.2632141,-0.82788086,0.8687165
39,273.33035,619.8614,264.66843,588.64124,-8.661926,-31.220154,32.39949
39,187.4251,501.92297,177.6817,495.4949,-9.743393,-6.42807,11.67278
39,502.52676,1190.5677,502.84393,1189.5917,0.3171692,-0.9760742,1.0263125
39,386.58005,226.05154,386.72183,225.29451,0.14178467,-0.7570343,0.7701973
39,455.43256,225.15045,455.57364,224.35194,0.14108276,-0.7985077,0.81087536
39,421.3843,225.1274,421.53906,224.36723,0.15475464,-0.76016235,0.775755
39,522.3594,506.5859,522.6406,505.89767,0.28125,-0.6882324,0.74348193
39,290.68134,227.98627,290.79367,227.33325,0.112335205,-0.65301514,0.66260695
39,495.61044,1076.6205,495.694,1075.9897,0.08355713,-0.6307373,0.6362479
39,151.86017,382.4068,135.9476,378.54977,-15.912567,-3.8570251,16.373344
39,403.60886,1230.7781,403.67764,1230.2472,0.06878662,-0.5308838,0.5353216
39,230.66853,228.0336,230.82639,227.3402,0.15785217,-0.69340515,0.7111456
39,526.4444,667.5354,526.6845,666.8071,0.2401123,-0.7282715,0.76683325
39,523.4279,701.40985,523.6633,700.64923,0.2354126,-0.7606201,0.7962173
39,474.88766,622.85724,475.1579,622.42017,0.27023315,-0.43707275,0.51386625
39,130.76157,230.12071,130.87534,229.39514,0.11376953,-0.7255707,0.7344361
39,520.4138,407.7352,520.60876,407.0985,0.19494629,-0.63668823,0.6658648
39,206.35176,407.31882,190.30464,400.30038,-16.04712,-7.0184326,17.514807
39,523.39825,570.55994,523.66815,569.8036,0.26989746,-0.75634766,0.80306065
39,222.30794,416.82227,207.00473,409.62372,-15.303207,-7.1985474,16.911749
39,258.68008,228.00914,258.74927,227.4125,0.06918335,-0.5966339,0.60063165
39,438.4657,1209.8158,438.747,1209.0464,0.28131104,-0.7694092,0.81922305
39,516.2558,277.98325,516.4734,277.2793,0.21759033,-0.703949,0.7368105
39,524.7146,619.60065,525.01324,618.71625,0.29864502,-0.8843994,0.9334619
40,129.41907,262.6115,129.42065,262.72205,0.0015869141,0.11053467,0.11054606
40,480.91434,1002.38586,480.99078,1003.1514,0.07644653,0.76556396,0.76937133
40,260.3935,1226.8811,260.4524,1226.899,0.058898926,0.017944336,0.06157177
40,489.70163,1215.2349,489.72,1215.9183,0.018371582,0.6834717,0.68371856
40,195.34451,475.3241,186.48877,472.0892,-8.855743,-3.2348938,9.428082
40,158.55054,1095.2382,154.1591,1098.4132,-4.3914337,3.1750488,5.4190063
40,519.2383,1192.4677,519.49097,1192.7822,0.25268555,0.3145752,0.40349415
40,516.59094,1058.1367,516.58655,1058.1888,-0.0043945312,0.052124023,0.052308943
40,203.05463,460.37042,193.00632,455.678,-10.048309,-4.6924133,11.089962
40,111.81205,1142.2762,111.4498,1142.0748,-0.36225128,-0.20141602,0.41448087
40,504.68777,1141.5945,504.77432,1141.7239,0.08654785,0.12939453,0.15567105
40,107.374115,1144.5394,107.03408,1144.3707,-0.34003448,-0.16870117,0.37958336
40,414.9761,1243.8728,415.2944,1243.8806,0.31829834,0.0078125,0.31839418
40,189.83218,492.354,182.06252,488.4169,-7.7696686,-3.9371033,8.710255
40,121.868385,312.49783,121.85445,312.59534,-0.013938904,0.09750366,0.09849496
40,521.6424,440.89056,521.6403,441.06906,-0.0020751953,0.17849731,0.17850937
40,355.6598,226.2801,355.66913,226.48027,0.009338379,0.2001648,0.2003825
40,480.41977,1211.3413,480.54935,1211.9683,0.12957764,0.6269531,0.64020354
40,443.36188,1185.369,443.50946,1186.0857,0.14758301,0.7166748,0.7317127
40,511.59622,224.24315,511.58307,224.28722,-0.013153076,0.044067383,0.04598845
40,323.60556,226.34607,323.61206,226.37523,0.006500244,0.029159546,0.029875278
40,519.6223,373.09842,519.6214,373.188,-0.00091552734,0.08956909,0.08957377
40,518.5936,339.16318,518.5849,339.28473,-0.008728027,0.12155151,0.12186447
40,447.6409,1193.4965,447.80197,1194.2012,0.16107178,0.7047119,0.7228852
40,264.66843,588.64124,259.48566,568.3268,-5.18277,-20.314453,20.965164
40,177.6817,495.4949,171.09723,491.14194,-6.5844727,-4.3529663,7.893263
40,502.84393,1189.5917,502.99017,1190.4963,0.14624023,0.9046631,0.9164068
40,386.72183,225.29451,386.71304,225.39029,-0.0087890625,0.09577942,0.09618183
40,455.57364,224.35194,455.57278,224.40388,-0.0008544922,0.051940918,0.051947948
40,421.53906,224.36723,421.5487,224.39786,0.009643555,0.03062439,0.032106873
40,522.6406,505.89767,522.6518,505.9249,0.011169434,0.02722168,0.029424073
40,290.79367,227.33325,290.8474,227.41461,0.053741455,0.08135986,0.09750678
40,495.694,1075.9897,495.89487,1076.0203,0.2008667,0.030517578,0.20317173
40,135.9476,378.54977,121.292496,377.11737,-14.655106,-1.4324036,14.724941
40,403.67764,1230.2472,403.9645,1230.5922,0.28686523,0.3449707,0.44866073
40,230.82639,227.3402,230.80637,227.48834,-0.020019531,0.14814758,0.14949411
40,526.6845,666.8071,526.6993,666.8666,0.014770508,0.059448242,0.061255705
40,523.6633,700.64923,523.7158,700.68494,0.052490234,0.035705566,0.06348316
40,475.1579,622.42017,475.12875,622.48114,-0.029144287,0.06097412,0.0675813
40,130.87534,229.39514,130.90121,229.58096,0.025878906,0.18582153,0.18761492
40,520.60876,407.0985,520.61456,407.16092,0.00579834,0.062408447,0.06267723
40,190.30464,400.30038,177.94344,396.2162,-12.361206,-4.084198,13.018452
40,523.66815,569.8036,523.6655,569.8159,-0.0026245117,0.012329102,0.012605349
40,207.00473,409.62372,195.43764,405.10983,-11.567093,-4.5138855,12.416635
40,258.74927,227.4125,258.74878,227.52419,-0.00048828125,0.11167908,0.11168014
40,438.747,1209.0464,438.9138,1209.6548,0.16677856,0.60839844,0.6308437
40,516.4734,277.2793,516.463,277.36856,-0.010375977,0.089263916,0.08986494
40,525.01324,618.71625,525.01324,618.72455,0.0,0.008300781,0.008300781
41,129.42065,262.72205,129.50095,262.67416,0.08029175,-0.04788208,0.09348507
41,480.99078,1003.1514,480.9862,1003.1136,-0.0045776367,-0.037841797,0.038117666
41,260.4524,1226.899,260.45984,1226.9058,0.007446289,0.006713867,0.010026127
41,489.72,1215.9183,489.82855,1215.8989,0.108551025,-0.01940918,0.11027258
41,186.48877,472.0892,181.12794,470.31747,-5.3608246,-1.7717285,5.646013
41,154.1591,1098.4132,149.25735,1096.4059,-4.9017487,-2.0073242,5.296838
41,519.49097,1192.7822,519.571,1192.8007,0.08001709,0.018432617,0.0821127
41,516.58655,1058.1888,516.68787,1058.4777,0.10131836,0.28881836,0.30607426
41,193.00632,455.678,186.59117,453.09787,-6.415146,-2.5801392,6.9145656
41,111.4498,1142.0748,111.237915,1141.1688,-0.21188354,-0.90600586,0.93045217
41,504.77432,1141.7239,504.75208,1141.822,-0.022247314,0.09814453,0.10063445
41,107.03408,1144.3707,106.88398,1143.4913,-0.15010071,-0.87939453,0.8921126
41,415.2944,1243.8806,415.3891,1243.8956,0.094696045,0.015014648,0.09587899
41,182.06252,488.4169,177.85828,485.87067,-4.204239,-2.5462341,4.915174
41,121.85445,312.59534,122.03279,312.66824,0.17834473,0.072906494,0.19267121
41,521.6403,441.06906,521.7862,441.249,0.14587402,0.17993164,0.23163468
41,355.66913,226.48027,355.78824,226.6582,0.11911011,0.17793274,0.21411978
41,480.54935,1211.9683,480.5803,1211.9463,0.030944824,-0.021972656,0.037952334
41,443.50946,1186.0857,443.51306,1186.0323,0.0036010742,-0.053344727,0.053466134
41,511.58307,224.28722,511.65338,224.59021,0.0703125,0.30299377,0.31104514
41,323.61206,226.37523,323.7341,226.6076,0.122039795,0.2323761,0.26247355
41,519.6214,373.188,519.72095,373.3982,0.09954834,0.21020508,0.23258556
41,518.5849,339.28473,518.64465,339.51215,0.059753418,0.22741699,0.23513605
41,447.80197,1194.2012,447.80273,1194.1637,0.00076293945,-0.037475586,0.03748335
41,259.48566,568.3268,261.7671,546.52625,2.281433,-21.800537,21.919588
41,171.09723,491.14194,167.16837,488.59842,-3.9288635,-2.543518,4.680326
41,502.99017,1190.4963,502.98242,1190.5444,-0.007751465,0.048095703,0.04871634
41,386.71304,225.39029,386.8728,225.60814,0.15975952,0.21784973,0.27015108
41,455.57278,224.40388,455.6999,224.60965,0.12710571,0.20576477,0.24185741
41,421.5487,224.39786,421.62802,224.64906,0.079315186,0.25120544,0.26342943
41,522.6518,505.9249,522.7813,506.2516,0.1295166,0.32669067,0.35142758
41,290.8474,227.41461,290.97266,227.56204,0.12524414,0.14743042,0.1934472
41,495.89487,1076.0203,495.9195,1076.1208,0.024627686,0.10058594,0.103557006
41,121.292496,377.11737,121.33352,375.71585,0.041023254,-1.4015198,1.40212
41,403.9645,1230.5922,404.26944,1230.6444,0.30493164,0.052246094,0.3093751
41,230.80637,227.48834,230.92264,227.65668,0.11627197,0.16833496,0.20458698
41,526.6993,666.8666,526.7643,667.12024,0.06500244,0.2536621,0.2618583
41,523.7158,700.68494,523.8402,701.0413,0.12438965,0.35638428,0.3774686
41,475.12875,622.48114,475.26337,622.635,0.13461304,0.15386963,0.204442
41,130.90121,229.58096,130.93648,229.65823,0.03526306,0.07727051,0.08493653
41,520.61456,407.16092,520.7634,407.41785,0.14886475,0.2569275,0.29693845
41,177.94344,396.2162,169.28888,394.17868,-8.654556,-2.037506,8.891163
41,523.6655,569.8159,523.7762,570.1771,0.11065674,0.36120605,0.37777603
41,195.43764,405.10983,187.68758,402.39267,-7.750061,-2.717163,8.212577
41,258.74878,227.52419,258.86505,227.66481,0.11627197,0.140625,0.18246798
41,438.9138,1209.6548,438.94827,1209.6681,0.034484863,0.013305664,0.03696277
41,516.463,277.36856,516.61597,277.59216,0.1529541,0.2236023,0.2709113
41,525.01324,618.72455,525.18835,619.2594,0.17510986,0.5348511,0.56278694
42,129.50095,262.67416,129.49866,262.67746,-0.0022888184,0.0032958984,0.0040126843
42,480.9862,1003.1136,481.24057,1002.84174,0.254364,-0.2718506,0.3722953
42,260.45984,1226.9058,260.7058,1226.9683,0.24597168,0.0625,0.25378793
42,489.82855,1215.8989,489.902,1215.6062,0.07345581,-0.2927246,0.30180034
42,181.12794,470.31747,178.38069,470.31366,-2.7472534,-0.0038146973,2.747256
42,149.25735,1096.4059,149.01352,1096.3794,-0.24383545,-0.026489258,0.24527007
42,519.571,1192.8007,519.58307,1192.7678,0.012084961,-0.032836914,0.03499013
42,516.68787,1058.4777,516.81525,1058.2638,0.12738037,-0.21386719,0.24892756
42,186.59117,453.09787,183.01956,452.30145,-3.5716095,-0.79641724,3.659327
42,111.237915,1141.1688,111.399445,1140.2202,0.16152954,-0.9486084,0.9622628
42,504.75208,1141.822,504.73456,1141.8171,-0.01751709,-0.0048828125,0.018184893
42,106.88398,1143.4913,107.10954,1142.5469,0.22556305,-0.944458,0.97101986
42,415.3891,1243.8956,415.39304,1243.8977,0.0039367676,0.0020751953,0.004450233
42,177.85828,485.87067,175.82286,485.4102,-2.0354156,-0.46047974,2.0868537
42,122.03279,312.66824,122.05064,312.51334,0.017845154,-0.15490723,0.15593171
42,521.7862,441.249,521.88135,441.1416,0.09515381,-0.10739136,0.14348222
42,355.78824,226.6582,355.86502,226.36949,0.07678223,-0.28871155,0.29874718
42,480.5803,1211.9463,480.83267,1211.638,0.25238037,-0.3083496,0.39846623
42,443.51306,1186.0323,443.7999,1185.7075,0.28683472,-0.3248291,0.43334523
42,511.65338,224.59021,511.7523,224.26212,0.09890747,-0.32809448,0.34267867
42,323.7341,226.6076,323.73914,226.35593,0.0050354004,-0.25167847,0.25172883
42,519.72095,373.3982,519.932,373.23538,0.21105957,-0.16281128,0.26655892
42,518.64465,339.51215,518.81165,339.28818,0.16699219,-0.2239685,0.27937123
42,447.80273,1194.1637,448.16187,1193.7952,0.35913086,-0.36853027,0.51457703
42,261.7671,546.52625,261.1963,535.81696,-0.5708008,-10.70929,10.72449
42,167.16837,488.59842,165.19138,488.18237,-1.9769897,-0.41604614,2.0202928
42,502.98242,1190.5444,503.38568,1190.4476,0.40325928,-0.09680176,0.4147151
42,386.8728,225.60814,387.01157,225.3762,0.13876343,-0.2319336,0.27027482
42,455.6999,224.60965,455.7811,224.46208,0.081207275,-0.14756775,0.16843651
42,421.62802,224.64906,421.8205,224.42686,0.19247437,-0.22219849,0.29397032
42,522.7813,506.2516,522.8621,506.1229,0.08081055,-0.12869263,0.15196097
42,290.97266,227.56204,290.9998,227.32785,0.027130127,-0.2341919,0.23575811
42,495.9195,1076.1208,496.16702,1076.0795,0.24752808,-0.041381836,0.25096336
42,121.33352,375.71585,121.22057,375.49338,-0.11294556,-0.22247314,0.2495015
42,404.26944,1230.6444,403.9206,1230.3772,-0.34884644,-0.2672119,0.43942696
42,230.92264,227.65668,230.98572,227.32904,0.063079834,-0.32763672,0.33365384
42,526.7643,667.12024,526.9728,666.95416,0.2084961,-0.16607666,0.26655594
42,523.8402,701.0413,523.9915,700.8285,0.15130615,-0.21282959,0.26113212
42,475.26337,622.635,475.38348,622.39526,0.12011719,-0.2397461,0.26815355
42,130.93648,229.65823,131.01852,229.42998,0.08204651,-0.22825623,0.24255419
42,520.7634,407.41785,520.9165,407.26706,0.15307617,-0.15078735,0.21487005
42,169.28888,394.17868,163.78148,393.61682,-5.5074005,-0.56185913,5.5359864
42,523.7762,570.1771,523.9003,570.04156,0.12414551,-0.13555908,0.18381613
42,187.68758,402.39267,183.27585,401.3802,-4.411728,-1.0124817,4.526418
42,258.86505,227.66481,258.91876,227.36809,0.053710938,-0.2967224,0.30154446
42,438.94827,1209.6681,439.39648,1209.3387,0.44821167,-0.3293457,0.5562035
42,516.61597,277.59216,516.6885,277.3801,0.072509766,-0.21206665,0.22412035
42,525.18835,619.2594,525.3282,619.0435,0.13983154,-0.21588135,0.25721124
43,129.49866,262.67746,129.52847,261.73645,0.029815674,-0.9410095,0.94148177
43,481.24057,1002.84174,481.31705,1001.8642,0.07647705,-0.97753906,0.9805261
43,260.7058,1226.9683,260.9574,1226.0239,0.2515869,-0.94433594,0.97727495
43,489.902,1215.6062,490.23438,1214.7876,0.33236694,-0.8186035,0.8835041
43,178.38069,470.31366,177.44301,469.34048,-0.9376831,-0.97317505,1.3514138
43,149.01352,1096.3794,149.88564,1095.9698,0.8721161,-0.4095459,0.9634907
43,519.58307,1192.7678,519.5822,1191.7745,-0.0008544922,-0.99328613,0.9932865
43,516.81525,1058.2638,517.1543,1057.395,0.3390503,-0.8687744,0.93258995
43,183.01956,452.30145,181.52217,451.1246,-1.4973907,-1.1768494,1.9045087
43,111.399445,1140.2202,112.20027,1139.1729,0.800827,-1.0473633,1.3184437
43,504.73456,1141.8171,505.26794,1141.3073,0.53338623,-0.5098877,0.73789316
43,107.10954,1142.5469,107.869675,1141.52,0.76013184,-1.0268555,1.2775886
43,415.39304,1243.8977,416.39075,1242.9022,0.9977112,-0.9954834,1.4094023
43,175.82286,485.4102,174.95204,484.41553,-0.8708191,-0.9946594,1.321996
43,122.05064,312.51334,122.12154,311.72095,0.07089996,-0.7923889,0.7955545
43,521.88135,441.1416,521.95264,440.19608,0.07128906,-0.9455261,0.94820976
43,355.86502,226.36949,355.92856,225.56148,0.0635376,-0.8080139,0.8105082
43,480.83267,1211.638,481.1612,1210.8406,0.32852173,-0.7973633,0.86238897
43,443.7999,1185.7075,444.10135,1184.9414,0.30145264,-0.7661133,0.8232881
43,511.7523,224.26212,511.78738,223.43121,0.035095215,-0.8309021,0.8316429
43,323.73914,226.35593,323.87607,225.58391,0.13693237,-0.77201843,0.7840682
43,519.932,373.23538,519.91907,372.28638,-0.012939453,-0.9490051,0.94909334
43,518.81165,339.28818,518.81946,338.35162,0.0078125,-0.93655396,0.93658656
43,448.16187,1193.7952,448.40518,1193.0818,0.24331665,-0.7133789,0.7537323
43,261.1963,535.81696,259.45905,535.197,-1.7372437,-0.6199341,1.8445417
43,165.19138,488.18237,164.31514,487.2005,-0.87623596,-0.98187256,1.3160027
43,503.38568,1190.4476,503.42218,1189.491,0.036499023,-0.95666504,0.95736104
43,387.01157,225.3762,387.08224,224.45845,0.07067871,-0.9177551,0.9204727
43,455.7811,224.46208,455.83984,223.504,0.058746338,-0.9580841,0.95988345
43,421.8205,224.42686,421.76318,223.595,-0.05731201,-0.8318634,0.83383536
43,522.8621,506.1229,522.96436,505.18692,0.10223389,-0.9359741,0.94154096
43,290.9998,227.32785,290.98328,226.46272,-0.01651001,-0.86512756,0.8652851
43,496.16702,1076.0795,496.3798,1075.1447,0.21276855,-0.93481445,0.95872235
43,121.22057,375.49338,121.1932,374.69324,-0.027374268,-0.8001404,0.8006085
43,403.9206,1230.3772,404.69247,1229.6427,0.7718811,-0.7344971,1.0654981
43,230.98572,227.32904,230.96428,226.56958,-0.021438599,-0.75946045,0.759763
43,526.9728,666.95416,527.07806,666.01434,0.105285645,-0.93981934,0.9456984
43,523.9915,700.8285,524.1337,700.01874,0.14221191,-0.8097534,0.8221465
43,475.38348,622.39526,475.69315,621.5772,0.30966187,-0.8180542,0.87470174
43,131.01852,229.42998,131.06512,228.65903,0.04660034,-0.7709503,0.7723574
43,520.9165,407.26706,520.9885,406.328,0.072021484,-0.9390564,0.94181424
43,163.78148,393.61682,161.18217,392.62552,-2.5993042,-0.9913025,2.781917
43,523.9003,570.04156,523.9706,569.06805,0.070251465,-0.97351074,0.9760422
43,183.27585,401.3802,181.07013,400.09387,-2.205719,-1.2863159,2.553391
43,258.91876,227.36809,258.9173,226.64606,-0.0014648438,-0.72203064,0.7220321
43,439.39648,1209.3387,439.51248,1208.5798,0.115997314,-0.75891113,0.7677249
43,516.6885,277.3801,516.74304,276.4359,0.05456543,-0.94418335,0.9457587
43,525.3282,619.0435,525.3745,618.05896,0.046325684,-0.9845581,0.9856474
44,129.52847,261.73645,129.52945,261.7364,0.0009765625,-6.1035156e-05,0.000978468
44,481.31705,1001.8642,481.30597,1001.83136,-0.011077881,-0.032836914,0.03465519
44,260.9574,1226.0239,261.00833,1226.0259,0.050933838,0.001953125,0.050971273
44,490.23438,1214.7876,490.19888,1214.5898,-0.035491943,-0.1977539,0.20091362
44,177.44301,469.34048,176.66466,469.166,-0.77835083,-0.17449951,0.7976717
44,149.88564,1095.9698,149.83783,1095.6245,-0.047805786,-0.3453369,0.34863013
44,519.5822,1191.7745,519.5946,1191.7671,0.012390137,-0.007446289,0.014455543
44,517.1543,1057.395,517.10876,1057.3097,-0.045532227,-0.08532715,0.09671559
44,181.52217,451.1246,180.6218,450.714,-0.90037537,-0.410614,0.9895856
44,112.20027,1139.1729,112.332664,1138.488,0.13239288,-0.68481445,0.6974946
44,505.26794,1141.3073,505.3771,1140.8484,0.10916138,-0.4588623,0.47166812
44,107.869675,1141.52,108.0936,1140.974,0.22392273,-0.5460205,0.5901524
44,416.39075,1242.9022,416.36932,1242.9067,-0.02142334,0.0045166016,0.021894272
44,174.95204,484.41553,174.79921,483.4818,-0.15283203,-0.9337158,0.946141
44,122.12154,311.72095,122.12151,311.72256,-2.2888184e-05,0.0016174316,0.0016175936
44,521.95264,440.19608,521.94934,440.1764,-0.0032958984,-0.019683838,0.019957867
44,355.92856,225.56148,355.92114,225.48262,-0.0074157715,-0.07885742,0.07920534
44,481.1612,1210.8406,481.13794,1210.5587,-0.023254395,-0.28186035,0.282818
44,444.10135,1184.9414,444.09644,1184.6422,-0.00491333,-0.29919434,0.2992347
44,511.78738,223.43121,511.80334,223.37769,0.015960693,-0.053527832,0.055856716
44,323.87607,225.58391,323.86752,225.56271,-0.008544922,-0.021194458,0.022852149
44,519.91907,372.28638,519.91815,372.26004,-0.00091552734,-0.02633667,0.026352579
44,518.81946,338.35162,518.8214,338.3489,0.001953125,-0.0027160645,0.0033454003
44,448.40518,1193.0818,448.3949,1192.7511,-0.010284424,-0.33068848,0.33084837
44,259.45905,535.197,256.7586,535.13007,-2.7004395,-0.06695557,2.7012694
44,164.31514,487.2005,164.2992,486.21454,-0.015945435,-0.9859619,0.98609084
44,503.42218,1189.491,503.42624,1189.4773,0.004058838,-0.013671875,0.014261639
44,387.08224,224.45845,387.0878,224.41489,0.005554199,-0.043563843,0.043916482
44,455.83984,223.504,455.83786,223.5058,-0.0019836426,0.0018005371,0.0026789499
44,421.76318,223.595,421.7907,223.48997,0.027526855,-0.105026245,0.10857366
44,522.96436,505.18692,522.96295,505.1862,-0.0014038086,-0.0007324219,0.0015833889
44,290.98328,226.46272,291.0187,226.43225,0.03543091,-0.030471802,0.046732
44,496.3798,1075.1447,496.3779,1075.1185,-0.0018920898,-0.026123047,0.026191479
44,121.1932,374.69324,121.13981,374.2278,-0.053390503,-0.46542358,0.4684759
44,404.69247,1229.6427,404.7257,1229.3368,0.033233643,-0.3059082,0.30770814
44,230.96428,226.56958,230.9863,226.48578,0.022018433,-0.08380127,0.086645626
44,527.07806,666.01434,527.081,665.99243,0.0029296875,-0.021911621,0.02210661
44,524.1337,700.01874,524.11615,699.9197,-0.017578125,-0.09906006,0.10060758
44,475.69315,621.5772,475.67163,621.5046,-0.021514893,-0.072631836,0.075751394
44,131.06512,228.65903,131.11205,228.59956,0.046920776,-0.0594635,0.07574607
44,520.9885,406.328,520.9857,406.2697,-0.0028076172,-0.058288574,0.058356155
44,161.18217,392.62552,160.22484,391.9481,-0.9573364,-0.6774292,1.172776
44,523.9706,569.06805,523.9738,569.04553,0.0032348633,-0.022521973,0.0227531
44,181.07013,400.09387,180.04166,399.1807,-1.0284729,-0.9131775,1.3753725
44,258.9173,226.64606,258.94043,226.54852,0.023132324,-0.09753418,0.10023981
44,439.51248,1208.5798,439.51364,1208.3157,0.001159668,-0.26416016,0.2641627
44,516.74304,276.4359,516.7438,276.42838,0.0007324219,-0.007537842,0.0075733415
44,525.3745,618.05896,525.3744,618.0573,-0.00012207031,-0.0016479492,0.0016524642
45,129.52945,261.7364,129.54836,261.74878,0.01890564,0.012390137,0.022603953
45,481.30597,1001.83136,481.46017,1001.87396,0.15420532,0.04260254,0.15998206
45,261.00833,1226.0259,261.00848,1226.0262,0.00015258789,0.00036621094,0.00039672852
45,490.19888,1214.5898,490.37927,1214.8057,0.1803894,0.21582031,0.28128055
45,176.66466,469.166,176.8124,469.2519,0.1477356,0.08590698,0.1708971
45,149.83783,1095.6245,149.8805,1095.7582,0.042663574,0.13366699,0.14031053
45,519.5946,1191.7671,519.7726,1191.7892,0.17797852,0.022094727,0.17934471
45,517.10876,1057.3097,517.19556,1057.4489,0.08679199,0.13916016,0.16400732
45,180.6218,450.714,180.7011,450.61652,0.07929993,-0.097473145,0.12565625
45,112.332664,1138.488,112.421745,1138.3713,0.08908081,-0.11669922,0.14681314
45,505.3771,1140.8484,505.49573,1140.8901,0.118621826,0.041748047,0.12575386
45,108.0936,1140.974,108.20816,1140.8682,0.11456299,-0.10583496,0.15596704
45,416.36932,1242.9067,416.37268,1242.91,0.0033569336,0.0032958984,0.0047044605
45,174.79921,483.4818,175.35727,483.35144,0.5580597,-0.1303711,0.5730857
45,122.12151,311.72256,122.207466,311.75967,0.08595276,0.037109375,0.093621485
45,521.94934,440.1764,522.00287,440.22552,0.053527832,0.0491333,0.07265886
45,355.92114,225.48262,355.91486,225.58809,-0.006286621,0.10546875,0.105655946
45,481.13794,1210.5587,481.3085,1210.9059,0.17056274,0.34716797,0.3868039
45,444.09644,1184.6422,444.27487,1184.9901,0.17843628,0.3479004,0.3909913
45,511.80334,223.37769,511.8093,223.41931,0.0059509277,0.041625977,0.042049203
45,323.86752,225.56271,323.85715,225.6038,-0.010375977,0.04109192,0.042381678
45,519.91815,372.26004,519.9546,372.2942,0.03643799,0.03414917,0.04993889
45,518.8214,338.3489,518.822,338.35648,0.00061035156,0.0075683594,0.0075929305
45,448.3949,1192.7511,448.55627,1193.1167,0.16137695,0.3656006,0.39963272
45,256.7586,535.13007,255.86078,535.2064,-0.89782715,0.07635498,0.9010681
45,164.2992,486.21454,164.9085,486.0691,0.6092987,-0.14544678,0.6264181
45,503.42624,1189.4773,503.7318,1189.5546,0.3055725,0.07727051,0.31519088
45,387.0878,224.41489,387.14755,224.64574,0.059753418,0.23085022,0.23845816
45,455.83786,223.5058,455.83508,223.50394,-0.0027770996,-0.0018615723,0.0033433118
45,421.7907,223.48997,421.80173,223.49857,0.011016846,0.008590698,0.013970361
45,522.96295,505.1862,523.04175,505.18933,0.07879639,0.0031433105,0.07885906
45,291.0187,226.43225,291.10565,226.52803,0.08694458,0.09577942,0.12935632
45,496.3779,1075.1185,496.52545,1075.1206,0.14755249,0.0020751953,0.14756708
45,121.13981,374.2278,121.16682,374.21213,0.027008057,-0.015686035,0.031232784
45,404.7257,1229.3368,404.6704,1229.6615,-0.05529785,0.32470703,0.329382
45,230.9863,226.48578,231.00389,226.61069,0.017593384,0.12490845,0.12614138
45,527.081,665.99243,527.1206,665.9945,0.039611816,0.0020751953,0.03966614
45,524.11615,699.9197,524.2392,700.01135,0.123046875,0.091674805,0.15344316
45,475.67163,621.5046,475.71252,621.61163,0.040893555,0.107055664,0.11460017
45,131.11205,228.59956,131.15576,228.70464,0.04371643,0.10507202,0.11380359
45,520.9857,406.2697,520.99054,406.32727,0.0048217773,0.057556152,0.057757773
45,160.22484,391.9481,160.22533,391.94806,0.00048828125,-3.0517578e-05,0.000489234
45,523.9738,569.04553,524.14355,569.0878,0.16973877,0.042297363,0.17492947
45,180.04166,399.1807,180.04646,399.17987,0.0048065186,-0.0008239746,0.0048766336
45,258.94043,226.54852,258.9659,226.67734,0.025482178,0.1288147,0.13131095
45,439.51364,1208.3157,439.67902,1208.6262,0.16537476,0.31054688,0.35183543
45,516.7438,276.42838,516.7594,276.43723,0.015625,0.008850098,0.017957306
45,525.3744,618.0573,525.4286,618.0633,0.05419922,0.0059814453,0.054528277
46,129.54836,261.74878,129.8096,261.70056,0.26124573,-0.048217773,0.2656582
46,481.46017,1001.87396,481.59036,1001.90027,0.13018799,0.026306152,0.13281915
46,261.00848,1226.0262,261.3392,1226.0011,0.330719,-0.025146484,0.33167362
46,490.37927,1214.8057,490.63748,1214.8252,0.25820923,0.01953125,0.25894687
46,176.8124,469.2519,177.74521,468.83044,0.93281555,-0.42144775,1.023603
46,149.8805,1095.7582,149.99675,1095.8109,0.116256714,0.052734375,0.12765789
46,519.7726,1191.7892,519.94073,1191.9519,0.16815186,0.16271973,0.23399307
46,517.19556,1057.4489,517.3142,1057.5594,0.118652344,0.1105957,0.16220292
46,180.7011,450.61652,181.6498,449.68805,0.94869995,-0.9284668,1.3274344
46,112.421745,1138.3713,112.73868,1137.7048,0.31693268,-0.6665039,0.7380202
46,505.49573,1140.8901,505.53235,1140.9885,0.036621094,0.09838867,0.104983024
46,108.20816,1140.8682,108.57333,1140.3513,0.36517334,-0.5168457,0.63283575
46,416.37268,1242.91,416.37732,1242.9093,0.004638672,-0.0007324219,0.0046961387
46,175.35727,483.35144,176.10579,482.82053,0.7485199,-0.5309143,0.9176884
46,122.207466,311.75967,122.409874,311.92847,0.20240784,0.16879272,0.2635525
46,522.00287,440.22552,522.2442,440.33417,0.24133301,0.10864258,0.26465985
46,355.91486,225.58809,356.119,225.62404,0.20413208,0.035949707,0.20727345
46,481.3085,1210.9059,481.4916,1210.8973,0.18310547,-0.008544922,0.18330474
46,444.27487,1184.9901,444.4646,1184.9916,0.18972778,0.0014648438,0.18973343
46,511.8093,223.41931,512.08856,223.52692,0.27926636,0.10760498,0.29928002
46,323.85715,225.6038,324.04575,225.6252,0.18859863,0.021392822,0.18980806
46,519.9546,372.2942,520.25336,372.41235,0.2987671,0.11816406,0.32128572
46,518.822,338.35648,519.1415,338.4835,0.319458,0.12701416,0.34378192
46,448.55627,1193.1167,448.76907,1193.1292,0.21279907,0.012451172,0.21316303
46,255.86078,535.2064,254.8273,535.28906,-1.0334778,0.0826416,1.0367768
46,164.9085,486.0691,165.59752,485.4348,0.6890259,-0.63427734,0.9365172
46,503.7318,1189.5546,503.89304,1189.5588,0.16122437,0.004272461,0.16128097
46,387.14755,224.64574,387.32715,224.71146,0.17959595,0.065719604,0.1912427
46,455.83508,223.50394,456.14563,223.69461,0.31054688,0.19067383,0.36441168
46,421.80173,223.49857,422.07947,223.65735,0.27774048,0.15878296,0.31992468
46,523.04175,505.18933,523.3055,505.3044,0.2637329,0.11508179,0.28774792
46,291.10565,226.52803,291.25702,226.63982,0.15136719,0.11178589,0.18817043
46,496.52545,1075.1206,496.81482,1075.3008,0.28936768,0.18017578,0.34087676
46,121.16682,374.21213,121.386185,373.88556,0.21936798,-0.3265686,0.39340737
46,404.6704,1229.6615,404.57877,1229.6676,-0.09164429,0.0061035156,0.09184731
46,231.00389,226.61069,231.28592,226.65338,0.2820282,0.04269409,0.28524145
46,527.1206,665.9945,527.3905,666.1429,0.26989746,0.14837646,0.30799386
46,524.2392,700.01135,524.4579,700.07306,0.21868896,0.061706543,0.22722799
46,475.71252,621.61163,475.81543,621.6438,0.10290527,0.032165527,0.1078152
46,131.15576,228.70464,131.31259,228.75333,0.15682983,0.048690796,0.16421446
46,520.99054,406.32727,521.2476,406.44193,0.25708008,0.11465454,0.2814886
46,160.22533,391.94806,160.58447,391.46564,0.35914612,-0.48242188,0.601429
46,524.14355,569.0878,524.364,569.2207,0.22045898,0.13287354,0.2574054
46,180.04646,399.17987,180.64896,398.52298,0.6024933,-0.65689087,0.89134943
46,258.9659,226.67734,259.38315,226.6926,0.41723633,0.015258789,0.41751525
46,439.67902,1208.6262,439.89883,1208.6361,0.21981812,0.009887695,0.22004038
46,516.7594,276.43723,517.0372,276.55276,0.277771,0.11553955,0.30084231
46,525.4286,618.0633,525.6678,618.1893,0.23919678,0.12597656,0.27034274
47,129.8096,261.70056,129.86703,261.69513,0.057434082,-0.005432129,0.057690397
47,481.59036,1001.90027,482.3388,1001.8521,0.7484436,-0.04815674,0.7499913
47,261.3392,1226.0011,261.53326,1225.8346,0.19406128,-0.1665039,0.25570163
47,490.63748,1214.8252,490.74744,1214.7643,0.109954834,-0.060913086,0.12569991
47,177.74521,468.83044,178.00082,468.75397,0.25561523,-0.07647705,0.26681057
47,149.99675,1095.8109,150.11372,1095.7893,0.11697388,-0.021606445,0.118952624
47,519.94073,1191.9519,519.94666,1191.9507,0.00592041,-0.0012207031,0.006044946
47,517.3142,1057.5594,517.4519,1057.4691,0.13769531,-0.09033203,0.16468114
47,181.6498,449.68805,181.97986,449.672,0.33006287,-0.016052246,0.33045298
47,112.73868,1137.7048,112.98709,1137.2086,0.24841309,-0.49621582,0.5549227
47,505.53235,1140.9885,505.54132,1140.9355,0.008972168,-0.052978516,0.053732883
47,108.57333,1140.3513,108.82942,1139.9042,0.25608826,-0.44714355,0.5152849
47,416.37732,1242.9093,416.38278,1242.9092,0.0054626465,-0.00012207031,0.0054640104
47,176.10579,482.82053,176.55696,482.4785,0.45117188,-0.34204102,0.5661697
47,122.409874,311.92847,122.47512,311.81317,0.06524658,-0.11529541,0.13247697
47,522.2442,440.33417,522.32355,440.30164,0.0793457,-0.03253174,0.08575579
47,356.119,225.62404,356.20865,225.59009,0.089660645,-0.033950806,0.09587329
47,481.4916,1210.8973,481.62653,1210.8104,0.13491821,-0.08691406,0.16048981
47,444.4646,1184.9916,444.63562,1184.87,0.17102051,-0.12158203,0.20983376
47,512.08856,223.52692,512.13745,223.48514,0.04888916,-0.041778564,0.06430862
47,324.04575,225.6252,324.16296,225.5827,0.11721802,-0.042495728,0.1246834
47,520.25336,372.41235,520.26044,372.3851,0.007080078,-0.027252197,0.028156878
47,519.1415,338.4835,519.2389,338.4285,0.09741211,-0.054992676,0.11186292
47,448.76907,1193.1292,448.94427,1192.9852,0.17520142,-0.1439209,0.226735
47,254.8273,535.28906,253.8753,535.2965,-0.95199585,0.007446289,0.95202494
47,165.59752,485.4348,166.07988,485.11386,0.48236084,-0.32095337,0.5793816
47,503.89304,1189.5588,504.05057,1189.5033,0.15753174,-0.055541992,0.16703641
47,387.32715,224.71146,387.39014,224.6007,0.06298828,-0.11076355,0.1274209
47,456.14563,223.69461,456.18082,223.58255,0.035186768,-0.11206055,0.11745499
47,422.07947,223.65735,422.1865,223.56773,0.10702515,-0.08961487,0.13958941
47,523.3055,505.3044,523.372,505.24207,0.06652832,-0.062347412,0.091176845
47,291.25702,226.63982,291.33075,226.54626,0.07373047,-0.093551636,0.11911377
47,496.81482,1075.3008,496.996,1075.2615,0.18118286,-0.03930664,0.18539752
47,121.386185,373.88556,121.51829,373.83475,0.13210297,-0.050811768,0.14153808
47,404.57877,1229.6676,404.18405,1229.6183,-0.39471436,-0.049316406,0.39778328
47,231.28592,226.65338,231.42143,226.56468,0.1355133,-0.08869934,0.1619612
47,527.3905,666.1429,527.3929,666.1436,0.002380371,0.0007324219,0.0024905037
47,524.4579,700.07306,524.5681,700.0217,0.11022949,-0.051330566,0.1215951
47,475.81543,621.6438,475.89157,621.6145,0.07614136,-0.029296875,0.081583165
47,131.31259,228.75333,131.43732,228.72736,0.12472534,-0.025970459,0.12740046
47,521.2476,406.44193,521.2781,406.39923,0.030456543,-0.04269409,0.052444126
47,160.58447,391.46564,160.93393,391.05466,0.3494568,-0.41098022,0.53946716
47,524.364,569.2207,524.3929,569.19745,0.028869629,-0.023254395,0.037070505
47,180.64896,398.52298,181.33331,397.9154,0.6843567,-0.60757446,0.9151452
47,259.38315,226.6926,259.45563,226.64017,0.07247925,-0.0524292,0.08945425
47,439.89883,1208.6361,440.08255,1208.5303,0.18371582,-0.10583496,0.21202014
47,517.0372,276.55276,517.0864,276.48862,0.04925537,-0.06414795,0.08087677
47,525.6678,618.1893,525.7725,618.1815,0.10473633,-0.007751465,0.10502277
48,129.86703,261.69513,130.11754,261.72137,0.25050354,0.026245117,0.25187463
48,482.3388,1001.8521,482.3378,1001.8522,-0.0010070801,6.1035156e-05,0.0010089279
48,261.53326,1225.8346,261.69983,1225.8608,0.16656494,0.026245117,0.16861995
48,490.74744,1214.7643,490.85175,1214.7627,0.10430908,-0.0015869141,0.10432115
48,178.00082,468.75397,178.04669,468.69232,0.04586792,-0.061645508,0.07683772
48,150.11372,1095.7893,150.14285,1095.8861,0.029129028,0.09680176,0.10108947
48,519.94666,1191.9507,520.04663,1191.9426,0.099975586,-0.008056641,0.100299686
48,517.4519,1057.4691,517.50775,1057.4768,0.055847168,0.0076904297,0.056374185
48,181.97986,449.672,182.19073,449.79572,0.21087646,0.12371826,0.24448945
48,112.98709,1137.2086,113.151985,1137.1261,0.1648941,-0.08251953,0.18438964
48,505.54132,1140.9355,505.6145,1140.9292,0.07318115,-0.0063476562,0.07345593
48,108.82942,1139.9042,108.99917,1139.8174,0.1697464,-0.08679199,0.19064808
48,416.38278,1242.9092,416.40286,1242.9105,0.020080566,0.0013427734,0.020125411
48,176.55696,482.4785,176.59201,482.32944,0.03504944,-0.14904785,0.15311344
48,122.47512,311.81317,122.633255,311.85184,0.15813446,0.03866577,0.16279297
48,522.32355,440.30164,522.48773,440.28156,0.16418457,-0.020080566,0.16540799
48,356.20865,225.59009,356.40546,225.59576,0.19680786,0.0056762695,0.1968897
48,481.62653,1210.8104,481.7561,1210.8038,0.12957764,-0.006591797,0.1297452
48,444.63562,1184.87,444.81674,1184.8859,0.18112183,0.01586914,0.18181568
48,512.13745,223.48514,512.2865,223.48338,0.14904785,-0.0017547607,0.14905818
48,324.16296,225.5827,324.38388,225.63014,0.22091675,0.047439575,0.22595292
48,520.26044,372.3851,520.4564,372.36383,0.19598389,-0.021270752,0.1971348
48,519.2389,338.4285,519.3844,338.4529,0.14550781,0.024414062,0.14754176
48,448.94427,1192.9852,449.168,1193.013,0.22372437,0.027709961,0.22543387
48,253.8753,535.2965,253.12366,535.31134,-0.75164795,0.014831543,0.7517943
48,166.07988,485.11386,166.0853,484.9529,0.00541687,-0.1609497,0.16104083
48,504.05057,1189.5033,504.2013,1189.5242,0.15072632,0.020874023,0.15216486
48,387.39014,224.6007,387.5534,224.60088,0.16326904,0.00018310547,0.16326915
48,456.18082,223.58255,456.29083,223.58899,0.11001587,0.006439209,0.11020415
48,422.1865,223.56773,422.3519,223.62111,0.16540527,0.053375244,0.17380397
48,523.372,505.24207,523.5712,505.23853,0.19921875,-0.003540039,0.1992502
48,291.33075,226.54626,291.49313,226.5615,0.16238403,0.0152282715,0.16309652
48,496.996,1075.2615,497.12134,1075.2312,0.1253357,-0.030273438,0.12893997
48,121.51829,373.83475,121.67303,373.9309,0.15473938,0.09616089,0.1821845
48,404.18405,1229.6183,404.5404,1229.6427,0.35635376,0.024414062,0.3571891
48,231.42143,226.56468,231.54146,226.59204,0.120025635,0.027359009,0.1231043
48,527.3929,666.1436,527.54407,666.13416,0.15118408,-0.009460449,0.1514798
48,524.5681,700.0217,524.6571,700.0245,0.08898926,0.002746582,0.08903164
48,475.89157,621.6145,476.06223,621.62537,0.1706543,0.010864258,0.17099977
48,131.43732,228.72736,131.55319,228.75974,0.115875244,0.03237915,0.1203141
48,521.2781,406.39923,521.43604,406.3884,0.15795898,-0.01083374,0.15833007
48,160.93393,391.05466,160.91765,390.89374,-0.016281128,-0.16091919,0.16174072
48,524.3929,569.19745,524.56134,569.20325,0.16845703,0.00579834,0.1685568
48,181.33331,397.9154,181.48593,397.68604,0.15261841,-0.22937012,0.27550504
48,259.45563,226.64017,259.57397,226.65756,0.11834717,0.01739502,0.11961872
48,440.08255,1208.5303,440.2576,1208.5227,0.17504883,-0.0075683594,0.17521237
48,517.0864,276.48862,517.3297,276.49606,0.24328613,0.007446289,0.24340007
48,525.7725,618.1815,525.93585,618.2144,0.16333008,0.03289795,0.16661029
49,130.11754,261.72137,130.32571,262.08264,0.20817566,0.3612671,0.41695446
49,482.3378,1001.8522,482.3646,1002.0924,0.026794434,0.24023438,0.24172401
49,261.69983,1225.8608,261.8593,1226.1422,0.15948486,0.28137207,0.32342798
49,490.85175,1214.7627,491.36942,1215.1023,0.5176697,0.3395996,0.6191202
49,178.04669,468.69232,178.03621,468.6777,-0.010482788,-0.01461792,0.01798812
49,150.14285,1095.8861,150.60446,1096.1893,0.4616089,0.30322266,0.5522923
49,520.04663,1191.9426,520.3938,1192.4083,0.34716797,0.46569824,0.5808618
49,517.50775,1057.4768,517.76917,1057.8232,0.26141357,0.34643555,0.43399844
49,182.19073,449.79572,182.08975,449.86908,-0.100982666,0.07336426,0.12481912
49,113.151985,1137.1261,113.49953,1137.0992,0.3475418,-0.026855469,0.34857786
49,505.6145,1140.9292,506.11136,1141.2195,0.4968567,0.2902832,0.57543975
49,108.99917,1139.8174,109.3749,1139.8351,0.37573242,0.017700195,0.37614912
49,416.40286,1242.9105,417.59216,1242.9926,1.1893005,0.08203125,1.1921262
49,176.59201,482.32944,176.49564,482.26865,-0.09637451,-0.060791016,0.11394557
49,122.633255,311.85184,122.8099,312.08844,0.17664337,0.23660278,0.29526895
49,522.48773,440.28156,522.6481,440.4938,0.16033936,0.21224976,0.266005
49,356.40546,225.59576,356.53925,225.92087,0.13378906,0.32510376,0.35155648
49,481.7561,1210.8038,482.34293,1211.1777,0.5868225,0.37390137,0.6958181
49,444.81674,1184.8859,445.11914,1185.2151,0.30239868,0.32922363,0.44702703
49,512.2865,223.48338,512.5189,223.71416,0.23242188,0.23077393,0.32753095
49,324.38388,225.63014,324.55585,225.89641,0.17196655,0.26626587,0.31697005
49,520.4564,372.36383,520.61304,372.61197,0.15661621,0.24813843,0.29343027
49,519.3844,338.4529,519.5161,338.6793,0.13171387,0.2263794,0.2619087
49,449.168,1193.013,449.42218,1193.3523,0.2541809,0.33935547,0.423993
49,253.12366,535.31134,253.30168,535.75525,0.17802429,0.4439087,0.47827563
49,166.0853,484.9529,165.90637,484.86795,-0.17892456,-0.08496094,0.1980716
49,504.2013,1189.5242,504.44916,1189.5779,0.24786377,0.053710938,0.25361645
49,387.5534,224.60088,387.70322,224.89233,0.14981079,0.29145813,0.32770583
49,456.29083,223.58899,456.45157,223.83105,0.16073608,0.24206543,0.29057145
49,422.3519,223.62111,422.4424,223.8691,0.09051514,0.24798584,0.26398858
49,523.5712,505.23853,523.68994,505.46252,0.11871338,0.22399902,0.25351217
49,291.49313,226.5615,291.66528,226.86559,0.17214966,0.3040924,0.3494391
49,497.12134,1075.2312,497.36078,1075.4125,0.23944092,0.18127441,0.30032045
49,121.67303,373.9309,121.809555,373.9102,0.13652802,-0.020721436,0.13809155
49,404.5404,1229.6427,406.4112,1229.8746,1.8707886,0.2319336,1.8851109
49,231.54146,226.59204,231.70085,226.9371,0.15939331,0.34506226,0.3800976
49,527.54407,666.13416,527.776,666.40906,0.2319336,0.27490234,0.35967276
49,524.6571,700.0245,524.89606,700.3221,0.23895264,0.29760742,0.38166547
49,476.06223,621.62537,476.25327,621.98474,0.19104004,0.359375,0.40699714
49,131.55319,228.75974,131.72433,229.00972,0.17114258,0.24998474,0.3029557
49,521.43604,406.3884,521.5633,406.63376,0.1272583,0.24536133,0.2763998
49,160.91765,390.89374,160.69054,391.019,-0.22711182,0.12527466,0.25937137
49,524.56134,569.20325,524.6804,569.4177,0.11907959,0.21447754,0.24531727
49,181.48593,397.68604,181.35188,397.70084,-0.13404846,0.014801025,0.13486311
49,259.57397,226.65756,259.67557,227.02472,0.10159302,0.36715698,0.38095325
49,440.2576,1208.5227,440.54126,1208.8624,0.2836609,0.33972168,0.44257692
49,517.3297,276.49606,517.4641,276.76852,0.13439941,0.27246094,0.30380613
49,525.93585,618.2144,526.1141,618.35925,0.17822266,0.14483643,0.22965388
50,130.32571,262.08264,130.33383,262.07947,0.008117676,-0.0031738281,0.008716068
50,482.3646,1002.0924,482.55267,1002.3158,0.18807983,0.22338867,0.29202145
50,261.8593,1226.1422,261.87122,1226.2565,0.0119018555,0.11425781,0.11487603
50,491.36942,1215.1023,491.34998,1215.294,-0.019439697,0.19165039,0.19263378
50,178.03621,468.6777,177.56216,468.44955,-0.4740448,-0.22814941,0.52608997
50,150.60446,1096.1893,150.70839,1096.2742,0.10392761,0.08483887,0.13415879
50,520.3938,1192.4083,520.4489,1192.5334,0.055114746,0.12512207,0.13672297
50,517.76917,1057.8232,517.78503,1058.0143,0.01586914,0.19104004,0.19169801
50,182.08975,449.86908,181.21747,449.7354,-0.87228394,-0.13366699,0.88246596
50,113.49953,1137.0992,113.8812,1136.8773,0.38167572,-0.22192383,0.44150487
50,506.11136,1141.2195,506.11536,1141.2349,0.0039978027,0.015380859,0.015891925
50,109.3749,1139.8351,109.75928,1139.6732,0.38437653,-0.16186523,0.41706795
50,417.59216,1242.9926,418.06924,1243.0817,0.4770813,0.08911133,0.48533225
50,176.49564,482.26865,176.08185,481.63925,-0.41378784,-0.62939453,0.7532316
50,122.8099,312.08844,122.86633,312.19003,0.05643463,0.10159302,0.116215356
50,522.6481,440.4938,522.7129,440.6619,0.064819336,0.16809082,0.18015568
50,356.53925,225.92087,356.66074,226.0249,0.12149048,0.104034424,0.15994717
50,482.34293,1211.1777,482.26004,1211.4165,-0.08288574,0.23876953,0.2527468
50,445.11914,1185.2151,445.18817,1185.4283,0.06903076,0.21325684,0.22415112
50,512.5189,223.71416,512.5622,223.83084,0.043273926,0.11668396,0.12444991
50,324.55585,225.89641,324.62958,226.01843,0.07373047,0.122024536,0.14256987
50,520.61304,372.61197,520.7137,372.76425,0.10064697,0.15228271,0.18253723
50,519.5161,338.6793,519.5805,338.8294,0.06439209,0.15011597,0.16334364
50,449.42218,1193.3523,449.49173,1193.5679,0.06954956,0.21557617,0.2265176
50,253.30168,535.75525,255.18933,535.74023,1.8876495,-0.015014648,1.8877093
50,165.90637,484.86795,165.32521,484.25507,-0.5811615,-0.6128845,0.84461594
50,504.44916,1189.5779,504.54,1189.7611,0.09085083,0.18322754,0.20451455
50,387.70322,224.89233,387.77762,225.01927,0.074401855,0.12693787,0.14713551
50,456.45157,223.83105,456.54507,224.00272,0.09350586,0.17166138,0.19547628
50,422.4424,223.8691,422.58026,223.99767,0.1378479,0.12857056,0.1885005
50,523.68994,505.46252,523.7141,505.54788,0.024169922,0.085357666,0.088713676
50,291.66528,226.86559,291.77277,226.96284,0.10748291,0.09725952,0.14495513
50,497.36078,1075.4125,497.39352,1075.472,0.03274536,0.059570312,0.06797706
50,121.809555,373.9102,121.806435,373.5767,-0.0031204224,-0.3334961,0.3335107
50,406.4112,1229.8746,407.36322,1229.986,0.95202637,0.111328125,0.9585135
50,231.70085,226.9371,231.75908,227.03181,0.05822754,0.0947113,0.111178584
50,527.776,666.40906,527.83374,666.5269,0.057739258,0.11785889,0.13124229
50,524.89606,700.3221,524.93164,700.401,0.035583496,0.07891846,0.086569674
50,476.25327,621.98474,476.30496,622.0353,0.051696777,0.05053711,0.07229493
50,131.72433,229.00972,131.79901,229.18062,0.07467651,0.17089844,0.18650162
50,521.5633,406.63376,521.6837,406.79047,0.12042236,0.15670776,0.19763316
50,160.69054,391.019,159.66367,390.86166,-1.0268707,-0.15734863,1.0388561
50,524.6804,569.4177,524.73883,569.54156,0.058410645,0.12384033,0.13692418
50,181.35188,397.70084,180.47574,397.14215,-0.8761444,-0.5586853,1.0391142
50,259.67557,227.02472,259.7204,227.08772,0.044830322,0.06300354,0.07732531
50,440.54126,1208.8624,440.59122,1209.1154,0.049957275,0.2529297,0.25781614
50,517.4641,276.76852,517.527,276.87524,0.06286621,0.10671997,0.12386005
50,526.1141,618.35925,526.13574,618.3919,0.02166748,0.03265381,0.039188657
51,130.33383,262.07947,130.37097,262.01877,0.037139893,-0.060699463,0.07116035
51,482.55267,1002.3158,482.55478,1002.31744,0.002105713,0.0016479492,0.0026739042
51,261.87122,1226.2565,262.07037,1226.2927,0.19915771,0.036254883,0.20243075
51,491.34998,1215.294,491.37918,1215.3427,0.029205322,0.048706055,0.056791116
51,177.56216,468.44955,177.71223,467.76904,0.15007019,-0.6805115,0.6968622
51,150.70839,1096.2742,151.4191,1096.2501,0.7107086,-0.024047852,0.71111536
51,520.4489,1192.5334,520.4729,1192.5167,0.023986816,-0.016723633,0.029241191
51,517.78503,1058.0143,517.93066,1058.0453,0.14562988,0.03100586,0.14889401
51,181.21747,449.7354,181.01466,448.88138,-0.20280457,-0.8540344,0.8777839
51,113.8812,1136.8773,114.58316,1136.8291,0.7019577,-0.048217773,0.7036118
51,506.11536,1141.2349,506.1213,1141.3468,0.0059509277,0.11193848,0.11209655
51,109.75928,1139.6732,110.43432,1139.5598,0.6750412,-0.11340332,0.68450046
51,418.06924,1243.0817,418.06763,1243.0793,-0.0016174316,-0.002319336,0.0028276145
51,176.08185,481.63925,176.00105,481.2887,-0.08079529,-0.35055542,0.3597457
51,122.86633,312.19003,122.93764,312.21768,0.07130432,0.027648926,0.076477244
51,522.7129,440.6619,522.7945,440.6846,0.081604004,0.022705078,0.0847038
51,356.66074,226.0249,356.67142,226.05075,0.010681152,0.025848389,0.027968308
51,482.26004,1211.4165,482.32986,1211.4352,0.06982422,0.018676758,0.072278924
51,445.18817,1185.4283,445.2956,1185.4397,0.107421875,0.011352539,0.10802009
51,512.5622,223.83084,512.6359,223.83305,0.07373047,0.0022125244,0.07376365
51,324.62958,226.01843,324.6527,226.04933,0.023132324,0.030899048,0.03859865
51,520.7137,372.76425,520.7853,372.75854,0.07159424,-0.005706787,0.071821325
51,519.5805,338.8294,519.65295,338.83615,0.07244873,0.0067443848,0.072761975
51,449.49173,1193.5679,449.59653,1193.569,0.10479736,0.0010986328,0.10480312
51,255.18933,535.74023,261.52084,535.8689,6.3315125,0.12866211,6.33282
51,165.32521,484.25507,165.00238,483.82364,-0.3228302,-0.431427,0.53884006
51,504.54,1189.7611,504.5866,1189.761,0.04660034,-0.00012207031,0.046600502
51,387.77762,225.01927,387.81595,225.04271,0.038330078,0.0234375,0.044927847
51,456.54507,224.00272,456.5795,224.0154,0.034423828,0.012680054,0.036684927
51,422.58026,223.99767,422.58826,224.02452,0.0079956055,0.026855469,0.028020455
51,523.7141,505.54788,523.8667,505.645,0.15258789,0.09710693,0.18086685
51,291.77277,226.96284,291.7843,226.9774,0.0115356445,0.014556885,0.018573476
51,497.39352,1075.472,497.50354,1075.5211,0.11001587,0.049072266,0.12046401
51,121.806435,373.5767,121.78847,373.28815,-0.017967224,-0.2885437,0.28910255
51,407.36322,1229.986,407.35706,1229.9893,-0.006164551,0.0032958984,0.0069903242
51,231.75908,227.03181,231.81819,227.06288,0.05911255,0.031066895,0.06677908
51,527.83374,666.5269,527.96466,666.5921,0.13092041,0.06518555,0.14625084
51,524.93164,700.401,525.02637,700.43896,0.09472656,0.037963867,0.102050856
51,476.30496,622.0353,476.37698,622.0764,0.072021484,0.041137695,0.08294217
51,131.79901,229.18062,131.8253,229.18947,0.026290894,0.008850098,0.027740499
51,521.6837,406.79047,521.77405,406.80658,0.09033203,0.016113281,0.09175791
51,159.66367,390.86166,158.41283,390.24872,-1.2508392,-0.61294556,1.3929468
51,524.73883,569.54156,524.8624,569.54895,0.12359619,0.007385254,0.12381664
51,180.47574,397.14215,179.76617,395.4988,-0.7095642,-1.6433411,1.7899864
51,259.7204,227.08772,259.7901,227.09335,0.06970215,0.005630493,0.06992919
51,440.59122,1209.1154,440.72354,1209.1327,0.13232422,0.017333984,0.13345474
51,517.527,276.87524,517.5891,276.88513,0.06213379,0.009887695,0.062915616
51,526.13574,618.3919,526.24805,618.5194,0.11230469,0.12750244,0.16990943
52,130.37097,262.01877,130.47154,261.11365,0.10057068,-0.90512085,0.9106911
52,482.55478,1002.31744,482.75372,1002.02814,0.19894409,-0.28930664,0.35110837
52,262.07037,1226.2927,262.32092,1226.0322,0.25054932,-0.26049805,0.3614335
52,491.37918,1215.3427,491.5483,1214.8998,0.16912842,-0.4428711,0.47406667
52,177.71223,467.76904,178.65665,466.084,0.94441223,-1.6850281,1.9316403
52,151.4191,1096.2501,151.60915,1095.5713,0.19004822,-0.678833,0.7049344
52,520.4729,1192.5167,520.42505,1192.4191,-0.047851562,-0.09765625,0.108749785
52,517.93066,1058.0453,518.1282,1057.5757,0.19750977,-0.4696045,0.5094492
52,181.01466,448.88138,181.66962,447.23526,0.654953,-1.6461182,1.7716287
52,114.58316,1136.8291,114.80578,1135.803,0.2226181,-1.026123,1.049994
52,506.1213,1141.3468,506.5742,1141.1384,0.45288086,-0.20837402,0.49851862
52,110.43432,1139.5598,110.64313,1138.5463,0.2088089,-1.0135498,1.0348355
52,418.06763,1243.0793,417.5395,1243.0562,-0.5281372,-0.02319336,0.52864623
52,176.00105,481.2887,183.69296,511.7025,7.69191,30.413818,31.371418
52,122.93764,312.21768,123.060295,311.4157,0.122657776,-0.80197144,0.8112972
52,522.7945,440.6846,523.0049,440.20474,0.21038818,-0.4798584,0.5239535
52,356.67142,226.05075,356.8191,225.58841,0.14767456,-0.4623413,0.48535272
52,482.32986,1211.4352,482.53793,1210.8934,0.20806885,-0.54174805,0.5803306
52,445.2956,1185.4397,445.48795,1184.9658,0.1923523,-0.47387695,0.5114282
52,512.6359,223.83305,512.6936,223.46025,0.057678223,-0.37280273,0.37723818
52,324.6527,226.04933,324.78525,225.38478,0.13253784,-0.6645508,0.6776386
52,520.7853,372.75854,520.87146,372.45197,0.08618164,-0.3065796,0.31846243
52,519.65295,338.83615,519.7931,338.4954,0.14013672,-0.34075928,0.3684497
52,449.59653,1193.569,449.8131,1193.0891,0.21658325,-0.4798584,0.5264716
52,261.52084,535.8689,270.303,554.1021,8.782166,18.233215,20.237999
52,165.00238,483.82364,181.05702,515.866,16.054642,32.04239,35.83945
52,504.5866,1189.761,504.74948,1189.7493,0.16287231,-0.01171875,0.16329336
52,387.81595,225.04271,387.94867,224.53302,0.13272095,-0.50968933,0.5266859
52,456.5795,224.0154,456.81052,223.48543,0.23101807,-0.52996826,0.5781312
52,422.58826,224.02452,422.6752,223.43977,0.08694458,-0.5847473,0.5911758
52,523.8667,505.645,524.0025,505.32498,0.13580322,-0.32000732,0.34763083
52,291.7843,226.9774,291.9984,226.32397,0.21411133,-0.6534271,0.6876123
52,497.50354,1075.5211,497.7095,1075.2954,0.20596313,-0.22570801,0.30555674
52,121.78847,373.28815,121.878,372.60367,0.089530945,-0.68447876,0.6903093
52,407.35706,1229.9893,406.9581,1229.4698,-0.3989563,-0.5194092,0.6549443
52,231.81819,227.06288,231.94649,226.35402,0.1282959,-0.7088623,0.72037876
52,527.96466,666.5921,528.115,665.90137,0.15032959,-0.69073486,0.70690423
52,525.02637,700.43896,525.2225,700.1269,0.19610596,-0.31207275,0.36857423
52,476.37698,622.0764,476.51108,621.6181,0.13409424,-0.458313,0.47752702
52,131.8253,229.18947,131.99023,228.44412,0.16493225,-0.74534607,0.7633763
52,521.77405,406.80658,521.88385,406.32605,0.109802246,-0.4805298,0.4929152
52,158.41283,390.24872,156.97786,388.98572,-1.434967,-1.2630005,1.9116225
52,524.8624,569.54895,525.02655,569.31775,0.16412354,-0.23120117,0.2835322
52,179.76617,395.4988,179.19907,391.93332,-0.56710815,-3.5654907,3.6103096
52,259.7901,227.09335,259.9317,226.37186,0.14160156,-0.7214966,0.7352607
52,440.72354,1209.1327,440.95294,1208.5752,0.22940063,-0.5574951,0.6028478
52,517.5891,276.88513,517.74286,276.52188,0.15374756,-0.36325073,0.39444822
52,526.24805,618.5194,526.445,618.08234,0.19696045,-0.43707275,0.4794017
53,130.47154,261.11365,130.59665,261.11514,0.12510681,0.0014953613,0.12511574
53,482.75372,1002.02814,483.1265,1001.8215,0.37277222,-0.20666504,0.42622712
53,262.32092,1226.0322,262.46613,1225.8629,0.14520264,-0.16931152,0.22304752
53,491.5483,1214.8998,491.62,1214.737,0.07168579,-0.16271973,0.17781046
53,178.65665,466.084,181.12299,465.7028,2.466339,-0.3812256,2.4956284
53,151.60915,1095.5713,151.60805,1095.6632,-0.0010986328,0.091918945,0.09192551
53,520.42505,1192.4191,520.37225,1192.3811,-0.05279541,-0.037963867,0.065027766
53,518.1282,1057.5757,518.479,1057.366,0.35083008,-0.2097168,0.40873325
53,181.66962,447.23526,183.17719,447.1429,1.5075684,-0.09234619,1.510394
53,114.80578,1135.803,114.963646,1135.6792,0.15786743,-0.1237793,0.20060767
53,506.5742,1141.1384,506.5917,1141.025,0.01751709,-0.11340332,0.114748254
53,110.64313,1138.5463,110.78134,1138.4119,0.13821411,-0.13439941,0.19278574
53,417.5395,1243.0562,417.53656,1243.0555,-0.0029296875,-0.00061035156,0.0029925904
53,183.69296,511.7025,198.90536,578.4388,15.212402,66.73627,68.44813
53,123.060295,311.4157,123.1813,311.49637,0.1210022,0.08065796,0.1454209
53,523.0049,440.20474,523.1081,440.00034,0.10321045,-0.20440674,0.22898583
53,356.8191,225.58841,356.9494,225.4031,0.13031006,-0.18530273,0.22653435
53,482.53793,1210.8934,482.59662,1210.6602,0.058685303,-0.23327637,0.24054486
53,445.48795,1184.9658,445.6587,1184.7294,0.17074585,-0.2364502,0.29165533
53,512.6936,223.46025,512.9165,223.21779,0.22290039,-0.24246216,0.3293516
53,324.78525,225.38478,324.86063,225.33018,0.07537842,-0.054595947,0.09307321
53,520.87146,372.45197,521.0488,372.13702,0.17736816,-0.3149414,0.361452
53,519.7931,338.4954,519.9209,338.26453,0.12780762,-0.23086548,0.2638819
53,449.8131,1193.0891,450.00067,1192.8313,0.18756104,-0.2578125,0.31882036
53,270.303,554.1021,295.53888,577.4534,25.23587,23.351318,34.382164
53,181.05702,515.866,180.55603,538.25415,-0.5009918,22.388123,22.393728
53,504.74948,1189.7493,504.84818,1189.6896,0.09869385,-0.059692383,0.11534148
53,387.94867,224.53302,388.05414,224.359,0.10546875,-0.17402649,0.2034917
53,456.81052,223.48543,456.90936,223.2642,0.098846436,-0.22122192,0.24230096
53,422.6752,223.43977,422.78342,223.25548,0.10821533,-0.18429565,0.21371815
53,524.0025,505.32498,524.15454,505.06097,0.15203857,-0.26400757,0.30465674
53,291.9984,226.32397,292.05716,226.28024,0.058746338,-0.04373169,0.073236555
53,497.7095,1075.2954,497.83463,1075.3109,0.12512207,0.01550293,0.12607884
53,121.878,372.60367,122.08819,373.2941,0.21018982,0.6904297,0.7217153
53,406.9581,1229.4698,406.48532,1229.4324,-0.47277832,-0.037475586,0.47426128
53,231.94649,226.35402,232.0559,226.35295,0.10940552,-0.0010681152,0.10941073
53,528.115,665.90137,528.26605,665.8873,0.15106201,-0.014038086,0.15171288
53,525.2225,700.1269,525.33344,699.92786,0.110961914,-0.19903564,0.22787657
53,476.51108,621.6181,476.61356,621.4781,0.10247803,-0.14001465,0.17351037
53,131.99023,228.44412,132.0127,228.39954,0.022460938,-0.04458618,0.049924154
53,521.88385,406.32605,522.0373,406.09024,0.15344238,-0.23580933,0.28133717
53,156.97786,388.98572,161.30846,394.27554,4.330597,5.2898254,6.836397
53,525.02655,569.31775,525.2176,568.95685,0.19104004,-0.36090088,0.40834513
53,179.19907,391.93332,179.79462,390.06845,0.59555054,-1.8648682,1.9576552
53,259.9317,226.37186,260.02484,226.33109,0.09313965,-0.040771484,0.10167255
53,440.95294,1208.5752,441.1145,1208.3967,0.16156006,-0.1784668,0.24073233
53,517.74286,276.52188,517.933,276.26065,0.19012451,-0.26123047,0.32309237
53,526.445,618.08234,526.53906,617.9279,0.094055176,-0.15441895,0.18080814
54,130.59665,261.11514,130.79541,261.50906,0.19876099,0.3939209,0.4412251
54,483.1265,1001.8215,483.1275,1001.82196,0.0010070801,0.00048828125,0.001119209
54,262.46613,1225.8629,262.46368,1225.8456,-0.0024414062,-0.017333984,0.01750507
54,491.62,1214.737,491.71332,1214.8744,0.093322754,0.1373291,0.1660374
54,181.12299,465.7028,185.51332,467.37985,4.390335,1.677063,4.699743
54,151.60805,1095.6632,151.4757,1096.6322,-0.13235474,0.96899414,0.9779915
54,520.37225,1192.3811,520.3694,1192.3795,-0.0028686523,-0.0015869141,0.0032783323
54,518.479,1057.366,518.5637,1057.474,0.0847168,0.10803223,0.13728765
54,183.17719,447.1429,186.27374,449.53714,3.0965576,2.394226,3.9142034
54,114.963646,1135.6792,115.09153,1135.9795,0.12788391,0.30029297,0.32638958
54,506.5917,1141.025,506.66043,1141.092,0.068725586,0.0670166,0.09599183
54,110.78134,1138.4119,110.87631,1138.5763,0.0949707,0.16442871,0.1898848
54,417.53656,1243.0555,417.53076,1243.0557,-0.00579834,0.00012207031,0.0057996246
54,198.90536,578.4388,216.86913,608.07825,17.96376,29.639465,34.658253
54,123.1813,311.49637,123.40625,311.6161,0.2249527,0.11972046,0.2548268
54,523.1081,440.00034,523.2809,440.037,0.17279053,0.03665161,0.17663495
54,356.9494,225.4031,357.09015,225.42285,0.14074707,0.019744873,0.14212528
54,482.59662,1210.6602,482.83014,1210.8969,0.23352051,0.23669434,0.33249968
54,445.6587,1184.7294,445.8762,1184.9142,0.21749878,0.18481445,0.28541565
54,512.9165,223.21779,513.0984,223.26219,0.18188477,0.044403076,0.18722634
54,324.86063,225.33018,325.31146,225.43321,0.45083618,0.103027344,0.46245855
54,521.0488,372.13702,521.2803,372.1646,0.23144531,0.02758789,0.23308372
54,519.9209,338.26453,520.1262,338.27002,0.20532227,0.005493164,0.20539573
54,450.00067,1192.8313,450.232,1193.0624,0.23132324,0.2310791,0.32696787
54,295.53888,577.4534,336.30945,631.76697,40.77057,54.313538,67.91318
54,180.55603,538.25415,191.87575,569.8096,11.319717,31.55542,33.524326
54,504.84818,1189.6896,504.87482,1189.6786,0.026641846,-0.010986328,0.028818177
54,388.05414,224.359,388.36508,224.41232,0.3109436,0.053329468,0.3154837
54,456.90936,223.2642,457.13086,223.35722,0.22149658,0.09301758,0.24023531
54,422.78342,223.25548,423.21872,223.37799,0.43530273,0.12251282,0.4522144
54,524.15454,505.06097,524.30646,505.08646,0.1519165,0.025482178,0.15403885
54,292.05716,226.28024,292.3551,226.31361,0.29794312,0.03337097,0.29980615
54,497.83463,1075.3109,498.0677,1075.3523,0.23306274,0.041381836,0.23670805
54,122.08819,373.2941,122.44419,375.81912,0.3560028,2.5250244,2.5499973
54,406.48532,1229.4324,406.68497,1229.6663,0.199646,0.23388672,0.30750856
54,232.0559,226.35295,232.20595,226.36852,0.15005493,0.015563965,0.15085994
54,528.26605,665.8873,528.4389,665.9409,0.17285156,0.053588867,0.18096803
54,525.33344,699.92786,525.4879,699.8996,0.15447998,-0.028259277,0.15704347
54,476.61356,621.4781,476.74664,621.56995,0.13308716,0.09185791,0.16170982
54,132.0127,228.39954,132.24968,228.48834,0.23698425,0.08880615,0.2530772
54,522.0373,406.09024,522.23785,406.19177,0.20056152,0.10153198,0.22479695
54,161.30846,394.27554,162.68764,399.43604,1.3791809,5.160492,5.341612
54,525.2176,568.95685,525.36993,568.9521,0.15234375,-0.004760742,0.15241812
54,179.79462,390.06845,181.92422,391.60236,2.1296082,1.533905,2.6245182
54,260.02484,226.33109,260.21744,226.38614,0.19259644,0.05505371,0.2003105
54,441.1145,1208.3967,441.30853,1208.5809,0.19403076,0.1842041,0.2675427
54,517.933,276.26065,518.13306,276.29172,0.20007324,0.031066895,0.20247087
54,526.53906,617.9279,526.6643,617.9428,0.12524414,0.014892578,0.12612645
55,130.79541,261.50906,130.7951,262.45062,-0.00030517578,0.94155884,0.9415589
55,483.1275,1001.82196,483.11755,1002.7426,-0.0099487305,0.9206543,0.92070806
55,262.46368,1225.8456,262.51385,1226.6997,0.0501709,0.854126,0.8555982
55,491.71332,1214.8744,491.65546,1215.6382,-0.057861328,0.76379395,0.76598245
55,185.51332,467.37985,189.96194,470.41125,4.4486237,3.0314026,5.3832755
55,151.4757,1096.6322,150.77266,1098.2596,-0.70303345,1.6274414,1.7728004
55,520.3694,1192.3795,520.5072,1192.5635,0.13781738,0.18395996,0.22985843
55,518.5637,1057.474,518.5884,1058.2933,0.024658203,0.81933594,0.8197069
55,186.27374,449.53714,190.29747,454.74576,4.0237274,5.208618,6.5817995
55,115.09153,1135.9795,114.60581,1137.2009,-0.48571777,1.2214355,1.3144681
55,506.66043,1141.092,506.7838,1141.488,0.12338257,0.3959961,0.41477242
55,110.87631,1138.5763,110.410355,1139.5756,-0.46595764,0.9992676,1.1025662
55,417.53076,1243.0557,418.05606,1243.4631,0.5252991,0.4074707,0.66480935
55,216.86913,608.07825,371.02362,697.2953,154.1545,89.21704,178.11032
55,123.40625,311.6161,123.37801,312.43915,-0.02823639,0.8230591,0.8235433
55,523.2809,440.037,523.3164,440.82327,0.03552246,0.7862854,0.7870874
55,357.09015,225.42285,357.17157,226.216,0.0814209,0.79315186,0.79732
55,482.83014,1210.8969,482.84283,1211.5887,0.0126953125,0.69189453,0.692011
55,445.8762,1184.9142,445.88675,1185.6052,0.010559082,0.69104004,0.6911207
55,513.0984,223.26219,513.12866,224.03865,0.030273438,0.77645874,0.7770487
55,325.31146,225.43321,325.27887,226.21788,-0.032592773,0.78466797,0.7853446
55,521.2803,372.1646,521.28644,372.92395,0.006164551,0.7593384,0.7593634
55,520.1262,338.27002,520.1682,339.01266,0.041992188,0.74264526,0.7438315
55,450.232,1193.0624,450.23413,1193.76,0.0021362305,0.69763184,0.6976351
55,336.30945,631.76697,332.12454,724.82526,-4.184906,93.05829,93.152336
55,191.87575,569.8096,201.29596,603.4607,9.420212,33.651123,34.94479
55,504.87482,1189.6786,504.87753,1189.811,0.0027160645,0.13244629,0.13247412
55,388.36508,224.41232,388.35754,225.22047,-0.007537842,0.80815125,0.80818635
55,457.13086,223.35722,457.13013,224.18964,-0.0007324219,0.8324127,0.832413
55,423.21872,223.37799,423.25552,224.06113,0.0368042,0.683136,0.6841267
55,524.30646,505.08646,524.3472,505.8363,0.040771484,0.7498474,0.750955
55,292.3551,226.31361,292.3468,227.14883,-0.008300781,0.83522034,0.8352616
55,498.0677,1075.3523,498.0598,1075.5599,-0.007873535,0.2076416,0.20779082
55,122.44419,375.81912,122.52333,379.23975,0.07913971,3.4206238,3.421539
55,406.68497,1229.6663,406.84024,1230.3083,0.15527344,0.64208984,0.6605976
55,232.20595,226.36852,232.24384,227.19547,0.037887573,0.8269501,0.82781756
55,528.4389,665.9409,528.477,666.7453,0.038085938,0.8043823,0.8052835
55,525.4879,699.8996,525.5194,700.6337,0.03149414,0.73413086,0.7348061
55,476.74664,621.56995,476.78604,622.33,0.039398193,0.7600708,0.76109123
55,132.24968,228.48834,132.23216,229.2615,-0.01751709,0.77316284,0.77336127
55,522.23785,406.19177,522.2522,406.9133,0.014343262,0.7215271,0.7216697
55,162.68764,399.43604,161.01494,406.33005,-1.672699,6.8940125,7.0940347
55,525.36993,568.9521,525.38354,569.76904,0.01361084,0.81695557,0.81706893
55,181.92422,391.60236,181.56604,396.5469,-0.3581848,4.9445496,4.957506
55,260.21744,226.38614,260.22595,227.20764,0.008514404,0.8215027,0.8215468
55,441.30853,1208.5809,441.27094,1209.2959,-0.037597656,0.7149658,0.7159537
55,518.13306,276.29172,518.1543,277.00095,0.021240234,0.7092285,0.7095465
55,526.6643,617.9428,526.68427,618.6025,0.019958496,0.65966797,0.6599698
56,130.7951,262.45062,130.79498,262.4506,-0.00012207031,-3.0517578e-05,0.0001258272
56,483.11755,1002.7426,483.11652,1002.7396,-0.0010375977,-0.0029907227,0.0031656013
56,262.51385,1226.6997,262.5143,1226.7014,0.00045776367,0.0017089844,0.0017692301
56,491.65546,1215.6382,491.6758,1215.7682,0.020355225,0.13000488,0.13158877
56,189.96194,470.41125,190.36769,474.58286,0.40574646,4.1716003,4.1912866
56,150.77266,1098.2596,150.14467,1099.2098,-0.6279907,0.9501953,1.138966
56,520.5072,1192.5635,520.4836,1192.8531,-0.023620605,0.28967285,0.2906343
56,518.5884,1058.2933,518.5785,1058.3406,-0.009887695,0.04724121,0.04826488
56,190.29747,454.74576,190.57533,460.34134,0.27786255,5.595581,5.6024756
56,114.60581,1137.2009,113.59636,1141.651,-1.0094528,4.4500732,4.563129
56,506.7838,1141.488,506.67834,1142.156,-0.10546875,0.66796875,0.67624396
56,110.410355,1139.5756,109.26607,1143.8141,-1.1442871,4.2385254,4.390272
56,418.05606,1243.4631,419.0099,1243.5426,0.9538269,0.07946777,0.95713156
56,123.37801,312.43915,123.37845,312.4415,0.0004348755,0.0023498535,0.0023897549
56,523.3164,440.82327,523.31647,440.82153,6.1035156e-05,-0.001739502,0.0017405724
56,357.17157,226.216,357.17233,226.2172,0.00076293945,0.0011901855,0.001413725
56,482.84283,1211.5887,482.87686,1211.758,0.0340271,0.16931152,0.17269695
56,445.88675,1185.6052,445.91275,1185.7347,0.026000977,0.1295166,0.13210072
56,513.12866,224.03865,513.1283,224.03888,-0.00036621094,0.00022888184,0.00043185338
56,325.27887,226.21788,325.27753,226.21986,-0.0013427734,0.0019836426,0.0023953868
56,521.28644,372.92395,521.28674,372.92346,0.00030517578,-0.00048828125,0.0005758045
56,520.1682,339.01266,520.1685,339.01163,0.00030517578,-0.0010375977,0.0010815457
56,450.23413,1193.76,450.27158,1193.9022,0.03744507,0.14221191,0.14705904
56,332.12454,724.82526,279.19125,773.3672,-52.93329,48.54193,71.82097
56,201.29596,603.4607,239.54333,916.58514,38.247375,313.12445,315.45172
56,504.87753,1189.811,504.8882,1189.95,0.010681152,0.13891602,0.13932605
56,388.35754,225.22047,388.3563,225.22081,-0.0012512207,0.00033569336,0.0012954703
56,457.13013,224.18964,457.1312,224.20372,0.0010681152,0.014083862,0.014124307
56,423.25552,224.06113,423.25513,224.06125,-0.00039672852,0.00012207031,0.00041508395
56,524.3472,505.8363,524.3474,505.83716,0.00018310547,0.0008544922,0.0008738905
56,292.3468,227.14883,292.3441,227.14917,-0.0027160645,0.00033569336,0.002736731
56,498.0598,1075.5599,498.12097,1076.2213,0.061157227,0.66137695,0.6641985
56,122.52333,379.23975,122.58385,381.40933,0.060516357,2.1695862,2.17043
56,406.84024,1230.3083,407.94373,1230.4261,1.1034851,0.11779785,1.1097548
56,232.24384,227.19547,232.24358,227.19655,-0.0002593994,0.001083374,0.0011139961
56,528.477,666.7453,528.47675,666.7425,-0.00024414062,-0.0028076172,0.002818212
56,525.5194,700.6337,525.5205,700.63354,0.0010986328,-0.00018310547,0.0011137871
56,476.78604,622.33,476.76584,622.3971,-0.020202637,0.06707764,0.07005395
56,132.23216,229.2615,132.23242,229.26144,0.0002593994,-6.1035156e-05,0.0002664833
56,522.2522,406.9133,522.25,406.91403,-0.0021972656,0.0007324219,0.0023161212
56,161.01494,406.33005,152.9859,411.47983,-8.029037,5.1497803,9.538642
56,525.38354,569.76904,525.3761,569.77216,-0.007446289,0.003112793,0.008070732
56,181.56604,396.5469,178.37794,402.4287,-3.188095,5.8818054,6.6902604
56,260.22595,227.20764,260.22357,227.20786,-0.002380371,0.00021362305,0.0023899374
56,441.27094,1209.2959,441.33307,1209.4794,0.06213379,0.18347168,0.19370717
56,518.1543,277.00095,518.1548,277.001,0.00048828125,6.1035156e-05,0.00049208116
56,526.68427,618.6025,526.66425,618.7415,-0.020019531,0.13903809,0.14047197
57,130.79498,262.4506,130.81628,262.35956,0.02130127,-0.091033936,0.093492895
57,483.11652,1002.7396,483.11826,1002.7424,0.001739502,0.002746582,0.003251089
57,262.5143,1226.7014,262.51355,1226.7014,-0.00076293945,0.0,0.00076293945
57,491.6758,1215.7682,491.6838,1215.7668,0.0079956055,-0.0013427734,0.008107574
57,190.36769,474.58286,183.34645,478.68002,-7.02124,4.097168,8.129243
57,150.14467,1099.2098,149.84415,1099.6737,-0.30052185,0.4638672,0.552708
57,520.4836,1192.8531,520.48645,1192.8533,0.0028686523,0.00012207031,0.0028712484
57,518.5785,1058.3406,518.57837,1058.3419,-0.00012207031,0.0013427734,0.0013483106
57,190.57533,460.34134,183.4647,464.38257,-7.110626,4.0412292,8.178786
57,113.59636,1141.651,106.984406,1164.2573,-6.6119537,22.606323,23.553425
57,506.67834,1142.156,506.67194,1142.1562,-0.0064086914,0.00024414062,0.00641334
57,109.26607,1143.8141,102.34815,1166.0828,-6.9179153,22.268677,23.31848
57,419.0099,1243.5426,419.00995,1243.5465,6.1035156e-05,0.00390625,0.003906727
57,123.37845,312.4415,123.38931,312.4042,0.010864258,-0.03729248,0.038842775
57,523.31647,440.82153,523.3308,440.81802,0.014343262,-0.0035095215,0.014766377
57,357.17233,226.2172,357.19174,226.20845,0.01940918,-0.008743286,0.021287587
57,482.87686,1211.758,482.87918,1211.7567,0.002319336,-0.0013427734,0.0026799925
57,445.91275,1185.7347,445.91638,1185.7332,0.0036315918,-0.0015869141,0.0039631748
57,513.1283,224.03888,513.1283,224.0389,0.0,1.5258789e-05,1.5258789e-05
57,325.27753,226.21986,325.27908,226.22,0.0015563965,0.0001373291,0.0015624433
57,521.28674,372.92346,521.3157,372.91516,0.028930664,-0.008300781,0.030097945
57,520.1685,339.01163,520.16864,339.0115,0.00012207031,-0.00012207031,0.00017263349
57,450.27158,1193.9022,450.27347,1193.9036,0.0018920898,0.0013427734,0.002320139
57,279.19125,773.3672,228.02466,806.5573,-51.166595,33.190125,60.988564
57,504.8882,1189.95,504.94348,1189.945,0.055267334,-0.005004883,0.055493485
57,388.3563,225.22081,388.3592,225.22047,0.00289917,-0.00033569336,0.00291854
57,457.1312,224.20372,457.19495,224.14839,0.06375122,-0.05532837,0.08441236
57,423.25513,224.06125,423.24997,224.06053,-0.0051574707,-0.0007171631,0.005207094
57,524.3474,505.83716,524.34735,505.8365,-6.1035156e-05,-0.0006713867,0.0006741553
57,292.3441,227.14917,292.34317,227.14925,-0.00091552734,7.6293945e-05,0.00091870077
57,498.12097,1076.2213,498.1176,1076.1907,-0.0033569336,-0.030639648,0.030822996
57,122.58385,381.40933,122.55471,381.29468,-0.029136658,-0.11465454,0.11829881
57,407.94373,1230.4261,407.783,1230.4248,-0.16073608,-0.0013427734,0.16074169
57,232.24358,227.19655,232.27794,227.18916,0.034362793,-0.007385254,0.035147455
57,528.47675,666.7425,528.48303,666.743,0.006286621,0.00048828125,0.006305555
57,525.5205,700.63354,525.5541,700.6315,0.033569336,-0.0020751953,0.03363342
57,476.76584,622.3971,476.7771,622.39655,0.011260986,-0.0005493164,0.011274376
57,132.23242,229.26144,132.232,229.26248,-0.0004272461,0.0010375977,0.0011221177
57,522.25,406.91403,522.2708,406.90808,0.020812988,-0.0059509277,0.021647032
57,152.9859,411.47983,138.69194,413.55508,-14.293961,2.0752563,14.443822
57,525.3761,569.77216,525.42487,569.7595,0.04876709,-0.012634277,0.05037712
57,178.37794,402.4287,167.67345,407.9226,-10.704498,5.4938965,12.032006
57,260.22357,227.20786,260.22412,227.20781,0.0005493164,-4.5776367e-05,0.00055122044
57,441.33307,1209.4794,441.35138,1209.4774,0.018310547,-0.001953125,0.01841442
57,518.1548,277.001,518.1548,277.00104,0.0,3.0517578e-05,3.0517578e-05
57,526.66425,618.7415,526.68207,618.7416,0.017822266,6.1035156e-05,0.01782237
58,130.81628,262.35956,130.82123,261.3452,0.0049438477,-1.0143433,1.0143553
58,483.11826,1002.7424,483.298,1001.94324,0.17974854,-0.7991333,0.81909925
58,262.51355,1226.7014,262.86255,1226.1768,0.34899902,-0.5246582,0.63013214
58,491.6838,1215.7668,492.01514,1215.1014,0.33132935,-0.6654053,0.74333256
58,183.34645,478.68002,169.23517,480.65735,-14.111282,1.9773254,14.249145
58,149.84415,1099.6737,149.90953,1099.7452,0.06538391,0.0715332,0.096912615
58,520.48645,1192.8533,520.6614,1192.5336,0.17492676,-0.31970215,0.36442947
58,518.57837,1058.3419,518.7322,1057.8998,0.1538086,-0.44213867,0.46812785
58,183.4647,464.38257,168.95851,465.53674,-14.506195,1.1541748,14.552038
58,106.984406,1164.2573,73.589966,1175.6947,-33.39444,11.437378,35.298756
58,506.67194,1142.1562,506.72668,1141.2905,0.054748535,-0.86572266,0.8674521
58,102.34815,1166.0828,62.125984,1175.4402,-40.222168,9.357422,41.2963
58,419.00995,1243.5465,419.26065,1242.8545,0.2507019,-0.6920166,0.73602885
58,123.38931,312.4042,123.39901,311.64822,0.00969696,-0.75598145,0.7560436
58,523.3308,440.81802,523.37036,440.14487,0.03955078,-0.67315674,0.6743176
58,357.19174,226.20845,357.24216,225.42863,0.05041504,-0.7798157,0.78144366
58,482.87918,1211.7567,483.13193,1211.2395,0.25274658,-0.5172119,0.5756639
58,445.91638,1185.7332,446.12457,1185.2635,0.20819092,-0.4696045,0.5136846
58,513.1283,224.0389,513.17834,223.30751,0.050048828,-0.7313843,0.7330947
58,325.27908,226.22,325.35043,225.45636,0.0713501,-0.76364136,0.76696736
58,521.3157,372.91516,521.3585,372.26617,0.04284668,-0.6489868,0.6503996
58,520.16864,339.0115,520.22656,338.3192,0.057922363,-0.69229126,0.69471014
58,450.27347,1193.9036,450.46454,1193.42,0.19107056,-0.4835205,0.51990384
58,228.02466,806.5573,186.86115,809.824,-41.163513,3.2666626,41.292927
58,504.94348,1189.945,505.5553,1189.828,0.6118164,-0.11694336,0.6228925
58,388.3592,225.22047,388.40485,224.47139,0.045654297,-0.7490845,0.7504744
58,457.19495,224.14839,457.21524,223.40268,0.02029419,-0.7457123,0.74598837
58,423.24997,224.06053,423.21243,223.46559,-0.03753662,-0.5949402,0.59612316
58,524.34735,505.8365,524.4227,505.12738,0.07537842,-0.70910645,0.71310157
58,292.34317,227.14925,292.39584,226.42604,0.05267334,-0.72320557,0.7251212
58,498.1176,1076.1907,498.24966,1075.4667,0.13204956,-0.723999,0.7359427
58,122.55471,381.29468,115.07812,381.95554,-7.476593,0.66085815,7.505743
58,407.783,1230.4248,408.74048,1229.7568,0.957489,-0.66796875,1.167462
58,232.27794,227.18916,232.30136,226.46042,0.023422241,-0.7287445,0.7291208
58,528.48303,666.743,528.5295,666.064,0.046447754,-0.6789551,0.680542
58,525.5541,700.6315,525.6551,700.2229,0.10101318,-0.40856934,0.4208712
58,476.7771,622.39655,476.95523,621.7359,0.1781311,-0.66064453,0.6842382
58,132.232,229.26248,132.27008,228.5212,0.038085938,-0.74128723,0.742265
58,522.2708,406.90808,522.32336,406.27536,0.05255127,-0.63272095,0.63489956
58,138.69194,413.55508,121.57936,411.41483,-17.11258,-2.1402588,17.245901
58,525.42487,569.7595,525.47906,569.08466,0.05419922,-0.6748657,0.6770386
58,167.67345,407.9226,147.2122,411.10864,-20.461243,3.1860352,20.707808
58,260.22412,227.20781,260.23523,226.4786,0.011108398,-0.7292023,0.72928685
58,441.35138,1209.4774,441.57748,1208.9369,0.22610474,-0.54052734,0.5859122
58,518.1548,277.00104,518.1952,276.34738,0.040405273,-0.653656,0.6549036
58,526.68207,618.7416,526.8091,617.92126,0.12701416,-0.8203125,0.8300875
59,130.82123,261.3452,130.9364,261.4126,0.11517334,0.06738281,0.13343666
59,483.298,1001.94324,483.37424,1001.9469,0.07623291,0.0036621094,0.07632082
59,262.86255,1226.1768,263.01862,1226.1583,0.1560669,-0.018432617,0.15715164
59,492.01514,1215.1014,492.01562,1215.1016,0.00048828125,0.00012207031,0.0005033088
59,169.23517,480.65735,152.40816,480.6135,-16.827011,-0.04385376,16.827068
59,149.90953,1099.7452,149.93439,1100.1348,0.024856567,0.38952637,0.39031863
59,520.6614,1192.5336,520.65625,1192.4906,-0.005126953,-0.04296875,0.04327354
59,518.7322,1057.8998,518.86475,1057.7521,0.13256836,-0.14770508,0.19847207
59,168.95851,465.53674,146.59085,465.7871,-22.36766,0.2503662,22.36906
59,73.589966,1175.6947,37.883446,1169.8386,-35.70652,-5.856079,36.183548
59,506.72668,1141.2905,506.79654,1141.3174,0.06985474,0.026855469,0.07483916
59,62.125984,1175.4402,20.829666,1159.3037,-41.296318,-16.136475,44.337025
59,419.26065,1242.8545,419.25873,1242.858,-0.0019226074,0.003540039,0.004028436
59,123.39901,311.64822,123.54084,311.58707,0.14183044,-0.061157227,0.15445414
59,523.37036,440.14487,523.51355,440.1081,0.14318848,-0.03677368,0.14783518
59,357.24216,225.42863,357.3609,225.38689,0.1187439,-0.041748047,0.12586902
59,483.13193,1211.2395,483.28345,1211.0885,0.15151978,-0.15100098,0.21391478
59,446.12457,1185.2635,446.30768,1185.1082,0.18310547,-0.15539551,0.24015698
59,513.17834,223.30751,513.27844,223.3066,0.100097656,-0.00091552734,0.10010184
59,325.35043,225.45636,325.3784,225.4156,0.027954102,-0.040756226,0.04942167
59,521.3585,372.26617,521.49805,372.23593,0.13952637,-0.03024292,0.14276639
59,520.22656,338.3192,520.4071,338.2992,0.18054199,-0.020019531,0.18164854
59,450.46454,1193.42,450.6215,1193.2671,0.1569519,-0.1529541,0.21915486
59,186.86115,809.824,202.67725,797.5059,15.816101,-12.318054,20.047033
59,505.5553,1189.828,505.59766,1189.8232,0.0423584,-0.004760742,0.042625092
59,388.40485,224.47139,388.51944,224.40918,0.114593506,-0.062210083,0.13039082
59,457.21524,223.40268,457.3149,223.3642,0.09967041,-0.038482666,0.1068415
59,423.21243,223.46559,423.26935,223.38245,0.056915283,-0.08314514,0.10075943
59,524.4227,505.12738,524.5274,505.11932,0.10467529,-0.008056641,0.10498489
59,292.39584,226.42604,292.48334,226.37958,0.0874939,-0.046463013,0.0990656
59,498.24966,1075.4667,498.3493,1075.4946,0.09963989,0.027954102,0.10348691
59,115.07812,381.95554,103.761894,381.87668,-11.316223,-0.07885742,11.316498
59,408.74048,1229.7568,408.18112,1229.6443,-0.5593567,-0.11254883,0.5705674
59,232.30136,226.46042,232.46683,226.38339,0.16546631,-0.07702637,0.18251619
59,528.5295,666.064,528.6491,666.0532,0.119628906,-0.010803223,0.12011571
59,525.6551,700.2229,525.74756,700.1181,0.09246826,-0.10479736,0.13976003
59,476.95523,621.7359,477.0598,621.6605,0.10458374,-0.07537842,0.12891728
59,132.27008,228.5212,132.38074,228.49858,0.11065674,-0.022613525,0.112943724
59,522.32336,406.27536,522.49426,406.23676,0.17089844,-0.038604736,0.17520446
59,121.57936,411.41483,103.26071,407.364,-18.31865,-4.050812,18.761183
59,525.47906,569.08466,525.5603,569.0831,0.08123779,-0.0015258789,0.08125212
59,147.2122,411.10864,117.9726,412.7532,-29.239601,1.6445618,29.285814
59,260.23523,226.4786,260.56506,226.37599,0.32983398,-0.10261536,0.3454278
59,441.57748,1208.9369,441.68924,1208.7985,0.11175537,-0.13842773,0.17790869
59,518.1952,276.34738,518.36755,276.3293,0.17236328,-0.018066406,0.17330752
59,526.8091,617.92126,526.94867,617.926,0.1395874,0.004760742,0.13966857
60,130.9364,261.4126,130.96732,261.38922,0.030914307,-0.023376465,0.038757626
60,483.37424,1001.9469,483.48022,1001.97656,0.10598755,0.029663086,0.11006025
60,263.01862,1226.1583,263.1859,1226.1733,0.16729736,0.015014648,0.16796978
60,492.01562,1215.1016,492.22784,1215.0724,0.21221924,-0.029174805,0.21421525
60,152.40816,480.6135,135.50003,476.78238,-16.908127,-3.8311157,17.336731
60,149.93439,1100.1348,149.27078,1101.336,-0.66360474,1.201294,1.3723987
60,520.65625,1192.4906,520.76624,1192.5198,0.10998535,0.029174805,0.113789044
60,518.86475,1057.7521,518.9474,1057.7317,0.0826416,-0.020385742,0.085118815
60,146.59085,465.7871,118.15186,466.24316,-28.438988,0.4560547,28.442644
60,506.79654,1141.3174,506.86215,1141.2963,0.06561279,-0.021118164,0.06892761
60,419.25873,1242.858,419.26096,1242.8522,0.0022277832,-0.005859375,0.006268596
60,123.54084,311.58707,123.545746,311.583,0.0049057007,-0.004058838,0.006367108
60,523.51355,440.1081,523.5956,440.09937,0.08203125,-0.008728027,0.08249427
60,357.3609,225.38689,357.38806,225.38528,0.027160645,-0.0016021729,0.027207859
60,483.28345,1211.0885,483.42838,1211.0691,0.14492798,-0.01940918,0.14622186
60,446.30768,1185.1082,446.37152,1185.0919,0.06384277,-0.016235352,0.06587478
60,513.27844,223.3066,513.35767,223.295,0.07922363,-0.01159668,0.08006789
60,325.3784,225.4156,325.38428,225.4125,0.0058898926,-0.0030975342,0.006654739
60,521.49805,372.23593,521.54614,372.21835,0.048095703,-0.017578125,0.051207297
60,520.4071,338.2992,520.4768,338.25208,0.06970215,-0.04711914,0.08413444
60,450.6215,1193.2671,450.67926,1193.2533,0.057769775,-0.013793945,0.05939377
60,202.67725,797.5059,219.3138,791.9382,16.63655,-5.567749,17.543507
60,505.59766,1189.8232,505.67786,1189.8577,0.080200195,0.034423828,0.08727583
60,388.51944,224.40918,388.5274,224.40872,0.007965088,-0.00045776367,0.007978231
60,457.3149,223.3642,457.36484,223.36276,0.049926758,-0.0014343262,0.049947355
60,423.26935,223.38245,423.30417,223.36853,0.034820557,-0.013916016,0.037498355
60,524.5274,505.11932,524.67175,505.11975,0.14434814,0.0004272461,0.14434877
60,292.48334,226.37958,292.51218,226.38011,0.028839111,0.0005340576,0.028844057
60,498.3493,1075.4946,498.584,1075.4082,0.2347107,-0.08642578,0.25011703
60,103.761894,381.87668,86.815414,382.89444,-16.94648,1.0177612,16.977015
60,408.18112,1229.6443,408.17905,1229.6425,-0.0020751953,-0.0018310547,0.0027675254
60,232.46683,226.38339,232.47519,226.39018,0.008361816,0.006790161,0.010771548
60,528.6491,666.0532,528.801,666.025,0.1519165,-0.028198242,0.15451138
60,525.74756,700.1181,525.8924,700.05853,0.14483643,-0.059570312,0.15660846
60,477.0598,621.6605,477.1558,621.61816,0.09597778,-0.0423584,0.10490934
60,132.38074,228.49858,132.3873,228.49878,0.0065612793,0.00019836426,0.006564277
60,522.49426,406.23676,522.55646,406.21173,0.062194824,-0.025024414,0.06704041
60,103.26071,407.364,81.747314,404.85156,-21.513397,-2.5124512,21.659609
60,525.5603,569.0831,525.7307,569.0292,0.17041016,-0.053955078,0.17874779
60,117.9726,412.7532,91.03825,412.63443,-26.93435,-0.118774414,26.93461
60,260.56506,226.37599,260.5627,226.37689,-0.0023498535,0.00090026855,0.0025164052
60,441.68924,1208.7985,441.7785,1208.786,0.089263916,-0.012451172,0.090128124
60,518.36755,276.3293,518.4166,276.31717,0.049072266,-0.012145996,0.050553065
60,526.94867,617.926,527.09235,617.9596,0.14367676,0.033569336,0.1475463
61,130.96732,261.38922,130.96759,261.3834,0.0002746582,-0.0058288574,0.005835325
61,483.48022,1001.97656,483.51608,1002.04675,0.035858154,0.07019043,0.07881944
61,263.1859,1226.1733,263.21106,1226.3867,0.025146484,0.2133789,0.21485554
61,492.22784,1215.0724,492.18164,1215.2484,-0.046203613,0.17602539,0.18198822
61,135.50003,476.78238,117.20395,462.0902,-18.296082,-14.692169,23.465004
61,149.27078,1101.336,148.19038,1102.3824,-1.0803986,1.0463867,1.5040566
61,520.76624,1192.5198,520.76685,1192.5214,0.00061035156,0.0015869141,0.0017002427
61,518.9474,1057.7317,518.9418,1057.8074,-0.0056152344,0.075683594,0.075891614
61,118.15186,466.24316,86.54966,467.2201,-31.602203,0.9769287,31.6173
61,506.86215,1141.2963,506.86084,1141.2994,-0.0013122559,0.0031738281,0.003434414
61,419.26096,1242.8522,419.25485,1242.8501,-0.0061035156,-0.0020751953,0.0064466535
61,123.545746,311.583,123.53548,311.77182,-0.010269165,0.18881226,0.18909131
61,523.5956,440.09937,523.58014,440.14835,-0.0154418945,0.048980713,0.051357202
61,357.38806,225.38528,357.3526,225.47273,-0.035461426,0.08744812,0.09436464
61,483.42838,1211.0691,483.44135,1211.3143,0.012969971,0.24523926,0.24558198
61,446.37152,1185.0919,446.3958,1185.3254,0.024291992,0.23352051,0.2347806
61,513.35767,223.295,513.35675,223.29646,-0.00091552734,0.0014648438,0.0017274135
61,325.38428,225.4125,325.39725,225.51706,0.012969971,0.10455322,0.10535462
61,521.54614,372.21835,521.54584,372.24268,-0.00030517578,0.02432251,0.024324425
61,520.4768,338.25208,520.48865,338.2859,0.01184082,0.033813477,0.035826754
61,450.67926,1193.2533,450.6962,1193.4824,0.016937256,0.22912598,0.22975112
61,219.3138,791.9382,235.54344,782.7399,16.229645,-9.198242,18.655
61,505.67786,1189.8577,505.67926,1189.8613,0.0014038086,0.0036621094,0.003921954
61,388.5274,224.40872,388.52795,224.41039,0.0005493164,0.001663208,0.0017515734
61,457.36484,223.36276,457.36288,223.42567,-0.001953125,0.06291199,0.062942296
61,423.30417,223.36853,423.34067,223.46532,0.036499023,0.0967865,0.10343986
61,524.67175,505.11975,524.6773,505.15247,0.005554199,0.032714844,0.03318298
61,292.51218,226.38011,292.50415,226.44962,-0.008026123,0.069503784,0.06996567
61,498.584,1075.4082,498.58322,1075.4027,-0.00079345703,-0.005493164,0.0055501736
61,86.815414,382.89444,65.07887,384.01184,-21.736542,1.1174011,21.765244
61,408.17905,1229.6425,407.89133,1230.0815,-0.28771973,0.4390869,0.5249571
61,232.47519,226.39018,232.46121,226.54005,-0.013977051,0.14987183,0.15052216
61,528.801,666.025,528.8043,666.0341,0.0032958984,0.009094238,0.009673062
61,525.8924,700.05853,525.892,700.11536,-0.00036621094,0.05682373,0.05682491
61,477.1558,621.61816,477.12686,621.70044,-0.028930664,0.08227539,0.087213665
61,132.3873,228.49878,132.40549,228.72731,0.018188477,0.22853088,0.22925355
61,522.55646,406.21173,522.5761,406.31973,0.01965332,0.10800171,0.10977533
61,81.747314,404.85156,55.054813,404.49368,-26.692501,-0.35787964,26.6949
61,525.7307,569.0292,525.73285,569.03174,0.0021362305,0.0025634766,0.0033368987
61,91.03825,412.63443,65.536514,411.78113,-25.50174,-0.853302,25.516012
61,260.5627,226.37689,260.57764,226.54028,0.014923096,0.16339111,0.16407119
61,441.7785,1208.786,441.81815,1209.0513,0.039642334,0.2652588,0.26820466
61,518.4166,276.31717,518.38995,276.3236,-0.026672363,0.006439209,0.02743863
61,527.09235,617.9596,527.0917,617.95776,-0.0006713867,-0.0018310547,0.0019502619
62,130.96759,261.3834,130.96982,262.383,0.0022277832,0.9996033,0.9996058
62,483.51608,1002.04675,483.49084,1002.9198,-0.025238037,0.8730469,0.8734116
62,263.21106,1226.3867,263.26385,1226.9819,0.05279541,0.59521484,0.5975517
62,492.18164,1215.2484,492.1826,1215.9991,0.0009460449,0.7507324,0.750733
62,117.20395,462.0902,96.121346,454.9791,-21.082603,-7.1111145,22.249588
62,148.19038,1102.3824,146.5934,1103.588,-1.5969849,1.2055664,2.0009375
62,520.76685,1192.5214,520.7705,1193.5167,0.0036621094,0.9953613,0.99536806
62,518.9418,1057.8074,518.9696,1058.5566,0.027832031,0.7492676,0.7497843
62,86.54966,467.2201,50.565907,469.31876,-35.983753,2.0986633,36.0449
62,506.86084,1141.2994,507.00278,1141.8689,0.14193726,0.569458,0.58688045
62,419.25485,1242.8501,419.60928,1243.8284,0.35443115,0.9782715,1.0404983
62,123.53548,311.77182,123.54617,312.53702,0.010696411,0.76519775,0.7652725
62,523.58014,440.14835,523.6533,440.93573,0.07318115,0.78738403,0.7907775
62,357.3526,225.47273,357.40094,226.27837,0.048339844,0.80563354,0.8070825
62,483.44135,1211.3143,483.48865,1211.9395,0.047302246,0.6251221,0.62690914
62,446.3958,1185.3254,446.4425,1185.9951,0.046691895,0.66967773,0.6713035
62,513.35675,223.29646,513.3656,224.04262,0.008850098,0.7461548,0.74620724
62,325.39725,225.51706,325.4117,226.25395,0.014465332,0.7368927,0.7370347
62,521.54584,372.24268,521.5586,373.03885,0.012756348,0.7961731,0.79627526
62,520.48865,338.2859,520.5171,339.1154,0.028442383,0.8294983,0.8299858
62,450.6962,1193.4824,450.7389,1194.1523,0.04269409,0.6699219,0.671281
62,235.54344,782.7399,249.1174,775.6757,13.573959,-7.064209,15.302137
62,505.67926,1189.8613,505.6673,1190.8691,-0.011962891,1.0078125,1.0078834
62,388.52795,224.41039,388.53476,225.29997,0.00680542,0.8895874,0.88961345
62,457.36288,223.42567,457.37628,224.154,0.013397217,0.7283325,0.7284557
62,423.34067,223.46532,423.3325,224.20976,-0.008178711,0.7444458,0.74449074
62,524.6773,505.15247,524.687,505.93863,0.00970459,0.78616333,0.78622323
62,292.50415,226.44962,292.51398,227.26573,0.00982666,0.81611633,0.81617546
62,498.58322,1075.4027,498.592,1076.3391,0.0087890625,0.93640137,0.9364426
62,65.07887,384.01184,43.11296,383.2085,-21.965912,-0.8033447,21.980597
62,407.89133,1230.0815,408.26178,1230.5189,0.37045288,0.43737793,0.57317954
62,232.46121,226.54005,232.49701,227.29651,0.03579712,0.75645447,0.757301
62,528.8043,666.0341,528.80554,666.9121,0.0012207031,0.8779907,0.87799156
62,525.892,700.11536,525.9068,700.8729,0.014770508,0.75756836,0.7577123
62,477.12686,621.70044,477.15387,622.4627,0.027008057,0.76226807,0.7627464
62,132.40549,228.72731,132.40802,229.4391,0.002532959,0.711792,0.7117965
62,522.5761,406.31973,522.5423,406.99765,-0.033813477,0.6779175,0.67876023
62,55.054813,404.49368,26.960194,401.6835,-28.09462,-2.8101807,28.234816
62,525.73285,569.03174,525.7531,569.9642,0.020263672,0.9324341,0.93265426
62,65.536514,411.78113,29.461885,412.1675,-36.07463,0.38638306,36.076702
62,260.57764,226.54028,260.5909,227.26381,0.0132751465,0.723526,0.72364783
62,441.81815,1209.0513,441.8624,1209.6381,0.04425049,0.586792,0.5884581
62,518.38995,276.3236,518.41394,277.06915,0.023986816,0.74554443,0.7459302
62,527.0917,617.95776,527.0908,618.9472,-0.0008544922,0.9894409,0.9894413
63,130.96982,262.383,131.10468,262.44974,0.13485718,0.06674194,0.1504691
63,483.49084,1002.9198,483.72565,1002.9473,0.23480225,0.027526855,0.23641029
63,263.26385,1226.9819,263.4747,1227.0547,0.21084595,0.072753906,0.22304516
63,492.1826,1215.9991,492.67947,1216.159,0.4968872,0.15991211,0.5219854
63,96.121346,454.9791,62.626556,459.30014,-33.49479,4.321045,33.772358
63,146.5934,1103.588,142.4852,1105.4937,-4.1082,1.9056396,4.528661
63,520.7705,1193.5167,520.7223,1193.5078,-0.048217773,-0.008911133,0.049034294
63,518.9696,1058.5566,519.2864,1058.6979,0.31677246,0.14123535,0.34683168
63,50.565907,469.31876,10.993076,474.0895,-39.57283,4.770752,39.859367
63,507.00278,1141.8689,507.12405,1141.8942,0.121276855,0.025268555,0.123881295
63,419.60928,1243.8284,419.6049,1243.8246,-0.0043945312,-0.0037841797,0.0057993033
63,123.54617,312.53702,123.73406,312.6161,0.1878891,0.079071045,0.20384932
63,523.6533,440.93573,523.7516,440.97855,0.0982666,0.042816162,0.10718931
63,357.40094,226.27837,357.447,226.3631,0.046051025,0.084732056,0.09643764
63,483.48865,1211.9395,483.73825,1212.2167,0.24960327,0.27722168,0.37303305
63,446.4425,1185.9951,446.69876,1186.2417,0.2562561,0.24658203,0.35562605
63,513.3656,224.04262,513.48883,224.14,0.12322998,0.09738159,0.15706305
63,325.4117,226.25395,325.49863,226.3584,0.08691406,0.10444641,0.13587901
63,521.5586,373.03885,521.61475,373.09445,0.056152344,0.055603027,0.079023935
63,520.5171,339.1154,520.5925,339.11725,0.07543945,0.0018615723,0.075462416
63,450.7389,1194.1523,451.07855,1194.3914,0.33966064,0.23901367,0.41532743
63,249.1174,775.6757,257.46692,766.5966,8.349518,-9.079102,12.334688
63,505.6673,1190.8691,506.08792,1190.9053,0.42062378,0.036132812,0.42217287
63,388.53476,225.29997,388.5309,225.33966,-0.0038452148,0.03968811,0.03987395
63,457.37628,224.154,457.47473,224.2387,0.09844971,0.08468628,0.12986189
63,423.3325,224.20976,423.45627,224.28943,0.1237793,0.07966614,0.14720057
63,524.687,505.93863,524.7952,506.03732,0.10821533,0.09869385,0.14646171
63,292.51398,227.26573,292.5089,227.32793,-0.005065918,0.062194824,0.0624008
63,498.592,1076.3391,498.98062,1076.3431,0.38861084,0.0040283203,0.3886317
63,408.26178,1230.5189,408.34262,1230.9135,0.080841064,0.39453125,0.40272844
63,232.49701,227.29651,232.56737,227.34529,0.07035828,0.04878235,0.08561544
63,528.80554,666.9121,528.9939,666.91907,0.18835449,0.006958008,0.18848297
63,525.9068,700.8729,526.0496,700.8486,0.14282227,-0.024353027,0.14488365
63,477.15387,622.4627,477.319,622.5738,0.16513062,0.111083984,0.19901702
63,132.40802,229.4391,132.57611,229.52267,0.16809082,0.08357239,0.1877202
63,522.5423,406.99765,522.65875,407.09293,0.11645508,0.09527588,0.15046355
63,525.7531,569.9642,525.8727,569.9915,0.11956787,0.02734375,0.122654624
63,260.5909,227.26381,260.58887,227.36804,-0.0020446777,0.10423279,0.10425284
63,441.8624,1209.6381,442.17743,1209.9182,0.31503296,0.28015137,0.42158103
63,518.41394,277.06915,518.49927,277.1812,0.08532715,0.11206055,0.14084846
63,527.0908,618.9472,527.1765,618.97614,0.08569336,0.028930664,0.090445206
64,131.10468,262.44974,131.10434,262.45483,-0.00033569336,0.0050964355,0.005107479
64,483.72565,1002.9473,483.80856,1003.0378,0.08291626,0.0904541,0.12270717
64,263.4747,1227.0547,263.46503,1227.0891,-0.009674072,0.034423828,0.035757344
64,492.67947,1216.159,492.69443,1216.3201,0.014953613,0.16101074,0.16170365
64,62.626556,459.30014,25.850086,462.16217,-36.77647,2.86203,36.887665
64,142.4852,1105.4937,135.19147,1106.2281,-7.2937317,0.7344971,7.3306212
64,520.7223,1193.5078,520.7224,1193.5046,0.00012207031,-0.0031738281,0.0031761748
64,519.2864,1058.6979,519.2664,1058.7994,-0.019958496,0.1015625,0.10350499
64,507.12405,1141.8942,507.1505,1141.9727,0.02645874,0.07849121,0.082830764
64,419.6049,1243.8246,419.70023,1243.8456,0.095336914,0.020996094,0.09762153
64,123.73406,312.6161,123.73462,312.67657,0.0005569458,0.06048584,0.060488403
64,523.7516,440.97855,523.7388,441.03915,-0.012817383,0.06060791,0.0619484
64,357.447,226.3631,357.4606,226.4463,0.01361084,0.08320618,0.08431205
64,483.73825,1212.2167,483.7267,1212.3622,-0.0115356445,0.14550781,0.14596435
64,446.69876,1186.2417,446.693,1186.3318,-0.0057678223,0.09008789,0.090272345
64,513.48883,224.14,513.4755,224.24385,-0.013305664,0.10385132,0.10470022
64,325.49863,226.3584,325.50702,226.49405,0.008392334,0.13565063,0.13591
64,521.61475,373.09445,521.60596,373.21628,-0.0087890625,0.12182617,0.1221428
64,520.5925,339.11725,520.5742,339.24832,-0.018310547,0.131073,0.1323458
64,451.07855,1194.3914,451.0701,1194.4939,-0.008453369,0.10253906,0.10288692
64,257.46692,766.5966,251.75246,749.2556,-5.7144623,-17.341003,18.258299
64,506.08792,1190.9053,506.08795,1190.9077,3.0517578e-05,0.0024414062,0.002441597
64,388.5309,225.33966,388.5319,225.33846,0.0009765625,-0.0012054443,0.0015513769
64,457.47473,224.2387,457.47687,224.28824,0.0021362305,0.049545288,0.04959132
64,423.45627,224.28943,423.4489,224.39627,-0.0073547363,0.10684204,0.107094884
64,524.7952,506.03732,524.7921,506.09683,-0.003112793,0.059509277,0.059590634
64,292.5089,227.32793,292.5284,227.48984,0.019500732,0.16191101,0.16308112
64,498.98062,1076.3431,498.98035,1076.3352,-0.0002746582,-0.00793457,0.007939323
64,408.34262,1230.9135,408.7581,1230.971,0.4154663,0.057495117,0.41942573
64,232.56737,227.34529,232.60564,227.5368,0.038269043,0.19151306,0.1952992
64,528.9939,666.91907,528.99896,666.9752,0.005065918,0.056152344,0.0563804
64,526.0496,700.8486,526.06604,700.99976,0.016418457,0.15118408,0.15207298
64,477.319,622.5738,477.30502,622.6525,-0.013977051,0.07873535,0.07996633
64,132.57611,229.52267,132.5849,229.62845,0.0087890625,0.105773926,0.10613845
64,522.65875,407.09293,522.66473,407.23727,0.0059814453,0.14434814,0.14447202
64,525.8727,569.9915,525.87256,569.9917,-0.00012207031,0.00018310547,0.00022006538
64,260.58887,227.36804,260.594,227.55093,0.005126953,0.18289185,0.18296368
64,442.17743,1209.9182,442.18744,1210.0967,0.010009766,0.1784668,0.17874728
64,518.49927,277.1812,518.48517,277.29147,-0.014099121,0.11026001,0.11115779
64,527.1765,618.97614,527.178,618.981,0.0014648438,0.0048828125,0.005097806
65,131.10434,262.45483,131.10403,262.46072,-0.00030517578,0.0058898926,0.0058977935
65,483.80856,1003.0378,483.79037,1002.96893,-0.018188477,-0.068847656,0.07120969
65,263.46503,1227.0891,262.59473,1194.4927,-0.8703003,-32.596436,32.60805
65,492.69443,1216.3201,492.66467,1215.8937,-0.029754639,-0.4263916,0.4274285
65,135.19147,1106.2281,118.00963,1106.4325,-17.181839,0.2043457,17.183054
65,520.7224,1193.5046,520.7261,1193.5006,0.0036621094,-0.0040283203,0.005444117
65,519.2664,1058.7994,519.2961,1058.544,0.029663086,-0.25549316,0.25720936
65,507.1505,1141.9727,507.12766,1141.8896,-0.022857666,-0.08300781,0.08609744
65,419.70023,1243.8456,419.70792,1243.8423,0.0076904297,-0.0032958984,0.008366939
65,123.73462,312.67657,123.64621,312.47336,-0.088409424,-0.20321655,0.22161496
65,523.7388,441.03915,523.7516,440.881,0.012817383,-0.15814209,0.15866067
65,357.4606,226.4463,357.44592,226.26694,-0.014678955,-0.17936707,0.1799667
65,483.7267,1212.3622,483.6939,1211.8882,-0.032806396,-0.47399902,0.47513297
65,446.693,1186.3318,446.67804,1185.9414,-0.014953613,-0.39038086,0.39066714
65,513.4755,224.24385,513.4508,224.0171,-0.024719238,-0.2267456,0.22808903
65,325.50702,226.49405,325.47144,226.22395,-0.035583496,-0.27009583,0.2724297
65,521.60596,373.21628,521.61383,373.05267,0.007873535,-0.16360474,0.16379409
65,520.5742,339.24832,520.59265,339.067,0.018432617,-0.18133545,0.18226987
65,451.0701,1194.4939,451.04495,1194.076,-0.025146484,-0.41784668,0.41860268
65,251.75246,749.2556,222.68362,737.06604,-29.068832,-12.189575,31.521149
65,506.08795,1190.9077,506.0556,1190.8893,-0.032348633,-0.018432617,0.037231646
65,388.5319,225.33846,388.52866,225.31213,-0.0032348633,-0.026321411,0.026519446
65,457.47687,224.28824,457.47653,224.19374,-0.00033569336,-0.09449768,0.09449828
65,423.4489,224.39627,423.4079,224.18349,-0.041015625,-0.21278381,0.21670079
65,524.7921,506.09683,524.79803,505.94003,0.00592041,-0.15679932,0.15691105
65,292.5284,227.48984,292.5386,227.21849,0.010192871,-0.27134705,0.27153844
65,498.98035,1076.3352,498.9799,1076.3278,-0.00045776367,-0.007446289,0.0074603464
65,408.7581,1230.971,409.00253,1230.3961,0.2444458,-0.5748291,0.6246457
65,232.60564,227.5368,232.56528,227.22906,-0.040359497,-0.30773926,0.31037453
65,528.99896,666.9752,529.0002,666.82947,0.0012207031,-0.14575195,0.14575706
65,526.06604,700.99976,526.0496,700.8624,-0.016418457,-0.1373291,0.13830708
65,477.30502,622.6525,477.29764,622.374,-0.007385254,-0.27850342,0.27860135
65,132.5849,229.62845,132.54822,229.41568,-0.03668213,-0.21276855,0.21590747
65,522.66473,407.23727,522.64087,407.01358,-0.023864746,-0.22369385,0.22496325
65,525.87256,569.9917,525.8658,569.9507,-0.0067749023,-0.041015625,0.041571394
65,260.594,227.55093,260.58676,227.24779,-0.007232666,-0.30314636,0.30323264
65,442.18744,1210.0967,442.16837,1209.5571,-0.019073486,-0.5395508,0.5398878
65,518.48517,277.29147,518.4755,277.10956,-0.009643555,-0.18191528,0.1821707
65,527.178,618.981,527.21844,618.8013,0.04046631,-0.17974854,0.18424727
66,131.10403,262.46072,131.1022,261.4309,-0.0018310547,-1.0298157,1.0298172
66,483.79037,1002.96893,483.80615,1001.9783,0.015777588,-0.9906616,0.99078727
66,262.59473,1194.4927,262.6168,1193.5366,0.022064209,-0.9560547,0.95630926
66,492.66467,1215.8937,492.65683,1215.0441,-0.007843018,-0.8496094,0.84964556
66,118.00963,1106.4325,81.03726,1109.626,-36.972366,3.1934814,37.11003
66,520.7261,1193.5006,520.72864,1192.502,0.0025634766,-0.9986572,0.9986605
66,519.2961,1058.544,519.2875,1057.6727,-0.008605957,-0.8712158,0.8712583
66,507.12766,1141.8896,507.07526,1141.2993,-0.05239868,-0.59033203,0.592653
66,419.70792,1243.8423,419.6567,1242.8522,-0.051208496,-0.9901123,0.99143565
66,123.64621,312.47336,123.69311,311.64117,0.04689789,-0.83218384,0.83350426
66,523.7516,440.881,523.7479,439.99506,-0.0036621094,-0.8859558,0.8859634
66,357.44592,226.26694,357.45273,225.29228,0.00680542,-0.97465515,0.97467893
66,483.6939,1211.8882,483.7466,1211.135,0.052703857,-0.7531738,0.75501555
66,446.67804,1185.9414,446.78818,1185.1349,0.11013794,-0.80651855,0.814004
66,513.4508,224.0171,513.45044,223.0167,-0.00036621094,-1.000412,1.000412
66,325.47144,226.22395,325.4983,225.35268,0.026855469,-0.87127686,0.87169063
66,521.61383,373.05267,521.62,372.098,0.006164551,-0.9546814,0.9547013
66,520.59265,339.067,520.5913,338.09235,-0.0013427734,-0.9746399,0.9746408
66,451.04495,1194.076,451.17737,1193.2817,0.13241577,-0.7943115,0.80527306
66,222.68362,737.06604,173.45201,745.477,-49.231613,8.41095,49.944927
66,506.0556,1190.8893,506.062,1189.8998,0.0064086914,-0.98950195,0.9895227
66,388.52866,225.31213,388.53043,224.31438,0.0017700195,-0.99775696,0.9977585
66,457.47653,224.19374,457.4852,223.22276,0.008666992,-0.9709778,0.97101647
66,423.4079,224.18349,423.40543,223.24178,-0.0024719238,-0.9417114,0.9417147
66,524.79803,505.94003,524.8395,505.02194,0.04144287,-0.9180908,0.9190257
66,292.5386,227.21849,292.5841,226.35847,0.04550171,-0.86001587,0.86121875
66,498.9799,1076.3278,498.97873,1075.3085,-0.001159668,-1.0192871,1.0192877
66,409.00253,1230.3961,409.27298,1229.6833,0.27044678,-0.71276855,0.76235193
66,232.56528,227.22906,232.5692,226.42007,0.003921509,-0.8089905,0.809
66,529.0002,666.82947,529.0016,665.90015,0.0014038086,-0.9293213,0.92932236
66,526.0496,700.8624,526.0496,699.85614,0.0,-1.0062866,1.0062866
66,477.29764,622.374,477.44733,621.54285,0.14968872,-0.83117676,0.8445481
66,132.54822,229.41568,132.56772,228.58397,0.019500732,-0.8317108,0.8319394
66,522.64087,407.01358,522.66144,406.10657,0.020568848,-0.90701294,0.9072461
66,525.8658,569.9507,525.8615,568.9474,-0.004272461,-1.0032959,1.003305
66,260.58676,227.24779,260.57532,226.42836,-0.011444092,-0.8194275,0.81950736
66,442.16837,1209.5571,442.24658,1208.8031,0.07821655,-0.7540283,0.7580742
66,518.4755,277.10956,518.4684,276.18832,-0.0071411133,-0.92123413,0.92126185
66,527.21844,618.8013,527.2167,617.80725,-0.0017700195,-0.99401855,0.99402016
67,131.1022,261.4309,131.10135,261.43146,-0.0008544922,0.0005493164,0.0010158274
67,483.80615,1001.9783,483.8065,1001.9781,0.00033569336,-0.00018310547,0.00038238417
67,262.6168,1193.5366,262.61713,1193.5354,0.00033569336,-0.0012207031,0.0012660198
67,492.65683,1215.0441,492.62512,1214.9152,-0.031707764,-0.12890625,0.13274865
67,81.03726,1109.626,21.594814,1114.8022,-59.442448,5.1762695,59.667397
67,520.72864,1192.502,520.817,1192.4698,0.088378906,-0.032104492,0.094029404
67,519.2875,1057.6727,519.3043,1057.5559,0.016845703,-0.11682129,0.11802962
67,507.07526,1141.2993,507.075,1141.3016,-0.00024414062,0.002319336,0.00233215
67,419.6567,1242.8522,419.5456,1242.843,-0.1111145,-0.009155273,0.11149104
67,123.69311,311.64117,123.66681,311.63812,-0.026298523,-0.0030517578,0.026474997
67,523.7479,439.99506,523.7485,440.00168,0.0005493164,0.0066223145,0.0066450583
67,357.45273,225.29228,357.45166,225.28696,-0.0010681152,-0.0053253174,0.0054313787
67,483.7466,1211.135,483.6701,1210.8977,-0.07650757,-0.23730469,0.24933295
67,446.78818,1185.1349,446.7001,1184.9884,-0.08807373,-0.14648438,0.17092295
67,513.45044,223.0167,513.452,223.01518,0.0015869141,-0.0015106201,0.0021909517
67,325.4983,225.35268,325.4988,225.35074,0.0005187988,-0.0019378662,0.00200611
67,521.62,372.098,521.6194,372.0842,-0.00061035156,-0.013793945,0.013807442
67,520.5913,338.09235,520.5929,338.09152,0.0015869141,-0.0008239746,0.0017880801
67,451.17737,1193.2817,451.07962,1193.1393,-0.0977478,-0.14245605,0.17276677
67,173.45201,745.477,129.8548,749.0886,-43.597214,3.6116333,43.746555
67,506.062,1189.8998,506.02905,1189.8877,-0.032958984,-0.012084961,0.035104714
67,388.53043,224.31438,388.53162,224.30702,0.0011901855,-0.0073547363,0.0074504153
67,457.4852,223.22276,457.48584,223.22264,0.00064086914,-0.00012207031,0.0006523913
67,423.40543,223.24178,423.40482,223.24129,-0.00061035156,-0.00048828125,0.0007816314
67,524.8395,505.02194,524.8403,505.02237,0.00079345703,0.0004272461,0.0009011733
67,292.5841,226.35847,292.5848,226.35829,0.0007019043,-0.00018310547,0.0007253945
67,498.97873,1075.3085,498.97888,1075.3136,0.00015258789,0.005126953,0.005129223
67,409.27298,1229.6833,407.90964,1229.559,-1.3633423,-0.12438965,1.3690051
67,232.5692,226.42007,232.5674,226.39476,-0.0018005371,-0.025314331,0.025378283
67,529.0016,665.90015,529.00146,665.89935,-0.00012207031,-0.00079345703,0.00080279214
67,526.0496,699.85614,526.04956,699.8554,-6.1035156e-05,-0.0007324219,0.0007349606
67,477.44733,621.54285,477.39633,621.44037,-0.050994873,-0.10247803,0.114464946
67,132.56772,228.58397,132.569,228.58371,0.0012817383,-0.0002593994,0.0013077236
67,522.66144,406.10657,522.65515,406.06873,-0.006286621,-0.037841797,0.03836044
67,525.8615,568.9474,525.8618,568.95056,0.00030517578,0.0031738281,0.0031884662
67,260.57532,226.42836,260.57483,226.42603,-0.00048828125,-0.0023345947,0.0023851104
67,442.24658,1208.8031,442.19586,1208.6648,-0.050720215,-0.13830566,0.14731258
67,518.4684,276.18832,518.4718,276.1782,0.0034179688,-0.010131836,0.01069283
67,527.2167,617.80725,527.2195,617.8126,0.0028076172,0.0053710938,0.0060606403
68,131.10135,261.43146,131.10179,262.43134,0.00044250488,0.9998779,0.999878
68,483.8065,1001.9781,483.76733,1002.0537,-0.039154053,0.07562256,0.085157566
68,262.61713,1193.5354,262.61676,1193.5273,-0.00036621094,-0.008056641,0.008064959
68,492.62512,1214.9152,492.69174,1215.1827,0.06661987,0.26757812,0.27574673
68,520.817,1192.4698,520.8159,1192.4702,-0.0010986328,0.00036621094,0.0011580606
68,519.3043,1057.5559,519.3695,1057.8075,0.06518555,0.2515869,0.25989446
68,507.075,1141.3016,507.07443,1141.3055,-0.000579834,0.00390625,0.00394905
68,419.5456,1242.843,419.53903,1242.8405,-0.0065612793,-0.0025634766,0.0070442744
68,123.66681,311.63812,123.65616,312.33084,-0.010650635,0.6927185,0.6928004
68,523.7485,440.00168,523.7537,440.2195,0.0052490234,0.21783447,0.2178977
68,357.45166,225.28696,357.4317,225.89122,-0.019958496,0.6042633,0.6045928
68,483.6701,1210.8977,483.66083,1211.2893,-0.009277344,0.39160156,0.39171144
68,446.7001,1184.9884,446.66873,1185.3002,-0.03137207,0.31176758,0.31334203
68,513.452,223.01518,513.4347,223.35258,-0.017333984,0.33740234,0.33784732
68,325.4988,225.35074,325.49838,225.67442,-0.0004272461,0.3236847,0.32368496
68,521.6194,372.0842,521.605,372.27518,-0.014404297,0.190979,0.19152145
68,520.5929,338.09152,520.57886,338.36136,-0.014038086,0.26983643,0.27020136
68,451.07962,1193.1393,451.05557,1193.439,-0.024047852,0.29968262,0.30064592
68,129.8548,749.0886,132.65933,860.3635,2.804535,111.2749,111.310234
68,506.02905,1189.8877,506.02908,1189.887,3.0517578e-05,-0.0007324219,0.0007330574
68,388.53162,224.30702,388.51288,224.67831,-0.018737793,0.3712921,0.37176463
68,457.48584,223.22264,457.4738,223.6231,-0.012054443,0.40045166,0.40063307
68,423.40482,223.24129,423.4108,223.74121,0.0059814453,0.4999237,0.49995947
68,524.8403,505.02237,524.84827,505.20422,0.0079956055,0.18185425,0.18202993
68,292.5848,226.35829,292.54706,226.64441,-0.037750244,0.28611755,0.2885972
68,498.97888,1075.3136,498.9792,1075.3186,0.00030517578,0.005004883,0.0050141783
68,407.90964,1229.559,407.52377,1230.1526,-0.38586426,0.5936279,0.708015
68,232.5674,226.39476,232.53996,227.00542,-0.027435303,0.61065674,0.6112727
68,529.00146,665.89935,529.00073,666.0979,-0.0007324219,0.19854736,0.19854872
68,526.04956,699.8554,526.09796,700.08234,0.04840088,0.22692871,0.23203294
68,477.39633,621.44037,477.3725,621.7561,-0.023834229,0.31573486,0.3166332
68,132.569,228.58371,132.62076,228.94861,0.051757812,0.36489868,0.3685511
68,522.65515,406.06873,522.6495,406.3266,-0.0056762695,0.25787354,0.25793597
68,525.8618,568.95056,525.8805,569.0533,0.018676758,0.10272217,0.10440625
68,260.57483,226.42603,260.60944,227.00395,0.034606934,0.57792664,0.57896185
68,442.19586,1208.6648,442.2039,1209.0209,0.008026123,0.3560791,0.35616955
68,518.4718,276.1782,518.4606,276.40472,-0.011230469,0.22653198,0.22681019
68,527.2195,617.8126,527.17334,617.9957,-0.046142578,0.18310547,0.18882994
69,131.10179,262.43134,131.1001,263.3358,-0.0016937256,0.90444946,0.904451
69,483.76733,1002.0537,483.77527,1003.051,0.00793457,0.99731445,0.997346
69,262.61676,1193.5273,262.5597,1194.4513,-0.05706787,0.9239502,0.9257109
69,492.69174,1215.1827,492.69272,1216.1821,0.0009765625,0.99938965,0.9993901
69,520.8159,1192.4702,520.8152,1193.4681,-0.0007324219,0.9979248,0.99792504
69,519.3695,1057.8075,519.38824,1058.7814,0.018737793,0.97387695,0.9740572
69,507.07443,1141.3055,507.1108,1142.2759,0.036376953,0.9703369,0.97101855
69,419.53903,1242.8405,419.09344,1243.8611,-0.44558716,1.0206299,1.1136576
69,123.65616,312.33084,123.63101,313.23648,-0.025146484,0.90563965,0.9059887
69,523.7537,440.2195,523.7602,441.19034,0.0064697266,0.9708252,0.9708467
69,357.4317,225.89122,357.4304,226.7291,-0.0013122559,0.83787537,0.8378764
69,483.66083,1211.2893,483.6958,1212.2087,0.034973145,0.9194336,0.92009854
69,446.66873,1185.3002,446.67075,1186.2372,0.0020141602,0.9370117,0.93701386
69,513.4347,223.35258,513.43616,224.35384,0.0014648438,1.0012512,1.0012523
69,325.49838,225.67442,325.4917,226.67728,-0.0066833496,1.0028534,1.0028757
69,521.605,372.27518,521.60034,373.27557,-0.004638672,1.0003967,1.0004075
69,520.57886,338.36136,520.5793,339.36847,0.0004272461,1.0071106,1.0071107
69,451.05557,1193.439,451.05624,1194.3939,0.0006713867,0.95495605,0.9549563
69,132.65933,860.3635,132.76266,860.85834,0.10333252,0.494812,0.5054864
69,506.02908,1189.887,506.02902,1190.8833,-6.1035156e-05,0.9963379,0.9963379
69,388.51288,224.67831,388.5138,225.62863,0.00091552734,0.9503174,0.9503178
69,457.4738,223.6231,457.46805,224.52257,-0.0057373047,0.8994751,0.8994934
69,423.4108,223.74121,423.3801,224.64275,-0.030700684,0.90153503,0.90205765
69,524.84827,505.20422,524.84735,506.2063,-0.00091552734,1.0020752,1.0020756
69,292.54706,226.64441,292.5564,227.64876,0.009338379,1.0043488,1.0043923
69,498.9792,1075.3186,498.97446,1076.3074,-0.0047302246,0.98876953,0.98878086
69,407.52377,1230.1526,406.3703,1231.0562,-1.1534729,0.90356445,1.4652401
69,232.53996,227.00542,232.5177,227.92209,-0.022262573,0.91667175,0.91694206
69,529.00073,666.0979,529.00183,667.10126,0.0010986328,1.0033569,1.0033575
69,526.09796,700.08234,526.0979,701.08484,-6.1035156e-05,1.0025024,1.0025024
69,477.3725,621.7561,477.37262,622.727,0.00012207031,0.97088623,0.97088623
69,132.62076,228.94861,132.62085,229.95872,9.1552734e-05,1.0101166,1.0101166
69,522.6495,406.3266,522.6474,407.3338,-0.0020751953,1.0072021,1.0072043
69,525.8805,569.0533,525.8774,570.05774,-0.003112793,1.0044556,1.0044605
69,260.60944,227.00395,260.6123,227.97044,0.0028686523,0.9664917,0.966496
69,442.2039,1209.0209,442.19592,1209.9252,-0.007965088,0.9042969,0.9043319
69,518.4606,276.40472,518.4121,277.42007,-0.048461914,1.0153503,1.0165062
69,527.17334,617.9957,527.1724,618.99567,-0.00091552734,0.99993896,0.9999394
70,131.1001,263.3358,131.0162,263.2384,-0.08389282,-0.09738159,0.12853475
70,483.77527,1003.051,483.83713,1003.2382,0.06185913,0.18719482,0.19715084
70,262.5597,1194.4513,262.5005,1194.6261,-0.0592041,0.17480469,0.1845584
70,492.69272,1216.1821,492.62442,1216.4633,-0.06829834,0.28112793,0.28930533
70,520.8152,1193.4681,520.9104,1193.4797,0.095214844,0.01159668,0.095918454
70,519.38824,1058.7814,519.3937,1059.0183,0.005432129,0.23693848,0.23700073
70,507.1108,1142.2759,507.19968,1142.4055,0.08886719,0.12963867,0.15717366
70,419.09344,1243.8611,419.7014,1244.315,0.6079407,0.45385742,0.75866884
70,123.63101,313.23648,123.54751,313.3072,-0.08350372,0.07070923,0.10941968
70,523.7602,441.19034,523.63416,441.54788,-0.1260376,0.35754395,0.37910837
70,357.4304,226.7291,357.38043,226.97635,-0.049957275,0.24725342,0.25224984
70,483.6958,1212.2087,483.6651,1212.5261,-0.030700684,0.3173828,0.3188642
70,446.67075,1186.2372,446.66354,1186.5012,-0.0072021484,0.2640381,0.26413628
70,513.43616,224.35384,513.27856,224.727,-0.15759277,0.37316895,0.4050809
70,325.4917,226.67728,325.2957,226.90314,-0.1960144,0.2258606,0.29905626
70,521.60034,373.27557,521.52844,373.5258,-0.071899414,0.25021362,0.26033896
70,520.5793,339.36847,520.41833,339.60403,-0.1609497,0.23556519,0.28529942
70,451.05624,1194.3939,451.0409,1194.6417,-0.015350342,0.24780273,0.24827772
70,132.76266,860.85834,132.76244,860.85077,-0.00022888184,-0.0075683594,0.0075718197
70,506.02902,1190.8833,506.0274,1190.89,-0.0016174316,0.006713867,0.0069059464
70,388.5138,225.62863,388.38272,225.97423,-0.131073,0.3455963,0.36961728
70,457.46805,224.52257,457.34308,224.88928,-0.12496948,0.36671448,0.3874234
70,423.3801,224.64275,423.30957,224.93805,-0.07052612,0.29530334,0.3036083
70,524.84735,506.2063,524.7205,506.43607,-0.12683105,0.22976685,0.26244792
70,292.5564,227.64876,292.47177,227.98373,-0.084625244,0.3349762,0.34550035
70,498.97446,1076.3074,498.9609,1076.3285,-0.013549805,0.021118164,0.025091315
70,406.3703,1231.0562,406.80084,1231.4283,0.430542,0.37219238,0.5691165
70,232.5177,227.92209,232.52344,228.05263,0.0057373047,0.13053894,0.13066496
70,529.00183,667.10126,528.9113,667.3129,-0.09051514,0.21166992,0.2302111
70,526.0979,701.08484,526.0898,701.1949,-0.008117676,0.11004639,0.110345386
70,477.37262,622.727,477.35382,622.89844,-0.018798828,0.17144775,0.1724753
70,132.62085,229.95872,132.47263,230.17831,-0.14822388,0.21958923,0.26493347
70,522.6474,407.3338,522.5583,407.5439,-0.08911133,0.21011353,0.2282291
70,525.8774,570.05774,525.8614,570.52374,-0.015991211,0.46600342,0.46627772
70,260.6123,227.97044,260.60532,227.99252,-0.0069885254,0.022079468,0.023159066
70,442.19592,1209.9252,442.18878,1210.258,-0.0071411133,0.33288574,0.33296233
70,518.4121,277.42007,518.2964,277.67908,-0.115722656,0.2590027,0.2836796
70,527.1724,618.99567,527.1815,619.1782,0.009094238,0.18255615,0.18278253
71,131.0162,263.2384,130.85388,262.9881,-0.162323,-0.25030518,0.29833108
71,483.83713,1003.2382,483.73206,1003.3046,-0.10507202,0.06640625,0.12429771
71,262.5005,1194.6261,262.48767,1194.6343,-0.012817383,0.008178711,0.015204493
71,492.62442,1216.4633,492.64624,1216.4164,0.021820068,-0.046875,0.05170475
71,520.9104,1193.4797,520.8974,1193.4725,-0.013000488,-0.0072021484,0.014862155
71,519.3937,1059.0183,519.37085,1058.9976,-0.022827148,-0.020751953,0.030849997
71,507.19968,1142.4055,507.23267,1142.3699,0.032989502,-0.03564453,0.048567887
71,419.7014,1244.315,418.7512,1244.312,-0.9501953,-0.0029296875,0.95019984
71,123.54751,313.3072,123.416115,313.3223,-0.13139343,0.015106201,0.13225895
71,523.63416,441.54788,523.5212,441.5113,-0.112976074,-0.036590576,0.11875379
71,357.38043,226.97635,357.3482,226.98148,-0.032226562,0.005126953,0.03263184
71,483.6651,1212.5261,483.60223,1212.4507,-0.06286621,-0.07543945,0.09820016
71,446.66354,1186.5012,446.58026,1186.4554,-0.08328247,-0.045776367,0.09503392
71,513.27856,224.727,513.14,224.68056,-0.1385498,-0.046447754,0.14612818
71,325.2957,226.90314,325.16568,226.93051,-0.13000488,0.027374268,0.13285564
71,521.52844,373.5258,521.4167,373.51443,-0.11175537,-0.011352539,0.11233051
71,520.41833,339.60403,520.2883,339.61264,-0.13000488,0.008605957,0.13028942
71,451.0409,1194.6417,450.9247,1194.5858,-0.11618042,-0.055908203,0.12893261
71,132.76244,860.85077,132.71393,860.8599,-0.04850769,0.009155273,0.04936411
71,506.0274,1190.89,506.01276,1190.8761,-0.0146484375,-0.013916016,0.020204756
71,388.38272,225.97423,388.38043,225.95659,-0.0022888184,-0.01763916,0.017787036
71,457.34308,224.88928,457.24356,224.87283,-0.09951782,-0.016448975,0.10086806
71,423.30957,224.93805,423.2076,224.8902,-0.10195923,-0.047851562,0.112629734
71,524.7205,506.43607,524.667,506.44086,-0.053527832,0.0047912598,0.053741835
71,292.47177,227.98373,292.40665,227.98122,-0.06512451,-0.0025177002,0.06517316
71,498.9609,1076.3285,498.85904,1076.2704,-0.101867676,-0.05810547,0.11727433
71,406.80084,1231.4283,405.87924,1231.3951,-0.92160034,-0.033203125,0.92219824
71,232.52344,228.05263,232.40144,228.08022,-0.12199402,0.02758789,0.1250745
71,528.9113,667.3129,528.84827,667.3133,-0.06304932,0.00036621094,0.06305038
71,526.0898,701.1949,526.0103,701.21796,-0.07946777,0.023071289,0.08274908
71,477.35382,622.89844,477.29752,622.8841,-0.05630493,-0.014343262,0.058103137
71,132.47263,230.17831,132.3855,230.21675,-0.087127686,0.03843689,0.09522934
71,522.5583,407.5439,522.43066,407.5468,-0.12762451,0.00289917,0.12765743
71,525.8614,570.52374,525.8344,570.4707,-0.026977539,-0.05303955,0.059506148
71,260.60532,227.99252,260.42484,228.0058,-0.18048096,0.0132751465,0.18096852
71,442.18878,1210.258,442.12573,1210.207,-0.06304932,-0.05102539,0.081109844
71,518.2964,277.67908,518.18567,277.68903,-0.11071777,0.0099487305,0.111163855
71,527.1815,619.1782,527.1442,619.16327,-0.03729248,-0.014953613,0.040178847
72,130.85388,262.9881,130.60812,262.935,-0.24575806,-0.053100586,0.2514293
72,483.73206,1003.3046,483.58563,1003.18665,-0.14642334,-0.11798096,0.18804069
72,262.48767,1194.6343,262.2871,1194.4563,-0.20056152,-0.17797852,0.26814413
72,492.64624,1216.4164,492.51785,1216.1344,-0.12838745,-0.28198242,0.3098345
72,520.8974,1193.4725,520.8197,1193.4469,-0.077697754,-0.025634766,0.08181737
72,519.37085,1058.9976,519.2109,1058.5942,-0.15997314,-0.4033203,0.43388787
72,507.23267,1142.3699,507.071,1142.2083,-0.16165161,-0.1616211,0.22858833
72,418.7512,1244.312,418.72305,1244.1912,-0.028137207,-0.12084961,0.124081954
72,123.416115,313.3223,123.1844,313.19458,-0.23171234,-0.12771606,0.2645789
72,523.5212,441.5113,523.32056,441.32568,-0.20062256,-0.18560791,0.27331248
72,357.3482,226.98148,356.92505,226.77794,-0.42315674,-0.20353699,0.4695625
72,483.60223,1212.4507,483.3908,1212.1595,-0.21142578,-0.2911377,0.3598083
72,446.58026,1186.4554,446.36057,1186.2073,-0.21969604,-0.24816895,0.33144256
72,513.14,224.68056,512.8784,224.52428,-0.26159668,-0.15628052,0.30472353
72,325.16568,226.93051,324.96375,226.81483,-0.20193481,-0.11567688,0.23272045
72,521.4167,373.51443,521.16113,373.3677,-0.2555542,-0.14672852,0.29468155
72,520.2883,339.61264,520.05994,339.4647,-0.22839355,-0.14794922,0.27212605
72,450.9247,1194.5858,450.67633,1194.3408,-0.24838257,-0.24499512,0.34887892
72,132.71393,860.8599,132.46529,860.5354,-0.24864197,-0.32452393,0.40882587
72,506.01276,1190.8761,505.8865,1190.8594,-0.12625122,-0.016723633,0.12735404
72,388.38043,225.95659,388.12567,225.7483,-0.25476074,-0.20828247,0.32906628
72,457.24356,224.87283,456.98575,224.71735,-0.2578125,-0.15548706,0.3010706
72,423.2076,224.8902,422.92136,224.76807,-0.28625488,-0.12213135,0.31122005
72,524.667,506.44086,524.4204,506.27728,-0.24658203,-0.16357422,0.29590407
72,292.40665,227.98122,292.19812,227.80676,-0.20852661,-0.17445374,0.27187765
72,498.85904,1076.2704,498.67593,1076.2225,-0.18310547,-0.047851562,0.18925482
72,405.87924,1231.3951,405.70532,1231.0831,-0.17391968,-0.31201172,0.35721055
72,232.40144,228.08022,232.1618,227.95403,-0.23963928,-0.12619019,0.27083382
72,528.84827,667.3133,528.6109,667.1608,-0.23736572,-0.15246582,0.282114
72,526.0103,701.21796,525.84344,701.07635,-0.16687012,-0.14160156,0.21885301
72,477.29752,622.8841,477.1161,622.7493,-0.181427,-0.13476562,0.22600338
72,132.3855,230.21675,132.20894,230.18002,-0.17655945,-0.036727905,0.18033907
72,522.43066,407.5468,522.21936,407.43967,-0.21130371,-0.10714722,0.23691726
72,525.8344,570.4707,525.5483,570.30664,-0.2861328,-0.1640625,0.329831
72,260.42484,228.0058,260.17322,227.94127,-0.25161743,-0.06452942,0.25976023
72,442.12573,1210.207,441.8744,1209.8751,-0.25134277,-0.33190918,0.4163375
72,518.18567,277.68903,517.9281,277.54605,-0.25756836,-0.14297485,0.29459
72,527.1442,619.16327,527.0254,619.1719,-0.11883545,0.008605957,0.11914666
73,130.60812,262.935,130.37732,263.40558,-0.23080444,0.47058105,0.52413476
73,483.58563,1003.18665,482.96164,1003.3154,-0.6239929,0.12878418,0.637144
73,262.2871,1194.4563,261.76825,1194.3403,-0.51885986,-0.1159668,0.5316614
73,492.51785,1216.1344,491.88583,1216.3104,-0.63201904,0.17602539,0.6560739
73,520.8197,1193.4469,520.7142,1193.4573,-0.105529785,0.010375977,0.10603865
73,519.2109,1058.5942,518.83435,1058.8752,-0.37652588,0.28100586,0.46982554
73,507.071,1142.2083,506.9722,1142.2454,-0.09881592,0.037109375,0.10555421
73,418.72305,1244.1912,418.71884,1244.1886,-0.004211426,-0.0025634766,0.0049302657
73,123.1844,313.19458,122.84106,313.68875,-0.34334564,0.49417114,0.6017403
73,523.32056,441.32568,523.01685,441.46677,-0.30371094,0.14108276,0.33488008
73,356.92505,226.77794,356.72507,227.18553,-0.19998169,0.40759277,0.4540094
73,483.3908,1212.1595,483.13968,1212.3568,-0.25112915,0.19726562,0.3193424
73,446.36057,1186.2073,446.0454,1186.4244,-0.31515503,0.21716309,0.3827303
73,512.8784,224.52428,512.3699,224.7516,-0.5085449,0.22732544,0.5570411
73,324.96375,226.81483,324.5362,227.2795,-0.42755127,0.46466064,0.63143456
73,521.16113,373.3677,520.81146,373.5519,-0.3496704,0.1842041,0.39522216
73,520.05994,339.4647,519.52826,339.66235,-0.53167725,0.19766235,0.56723106
73,450.67633,1194.3408,450.3734,1194.5839,-0.30291748,0.24304199,0.38836634
73,132.46529,860.5354,132.27423,860.99066,-0.1910553,0.45526123,0.49372554
73,505.8865,1190.8594,505.2009,1190.889,-0.6856079,0.029663086,0.6862493
73,388.12567,225.7483,387.53876,226.03204,-0.58691406,0.28373718,0.651901
73,456.98575,224.71735,456.29355,224.88646,-0.6921997,0.16911316,0.7125585
73,422.92136,224.76807,422.28906,224.98317,-0.6322937,0.21510315,0.6678807
73,524.4204,506.27728,524.1347,506.47205,-0.28570557,0.19476318,0.345775
73,292.19812,227.80676,291.51285,228.18364,-0.6852722,0.37687683,0.7820704
73,498.67593,1076.2225,498.24066,1076.3094,-0.43527222,0.08691406,0.4438648
73,405.70532,1231.0831,405.76944,1231.3824,0.06411743,0.2993164,0.30610678
73,232.1618,227.95403,231.78046,228.31633,-0.38134766,0.3623047,0.526014
73,528.6109,667.1608,528.3639,667.2715,-0.24700928,0.11065674,0.27066308
73,525.84344,701.07635,525.5753,701.17065,-0.26812744,0.09429932,0.28422648
73,477.1161,622.7493,476.70795,622.93994,-0.4081421,0.1906128,0.45045888
73,132.20894,230.18002,131.80923,230.67061,-0.39970398,0.49058533,0.6328011
73,522.21936,407.43967,521.9002,407.59622,-0.31915283,0.15655518,0.35548285
73,525.5483,570.30664,525.1619,570.3944,-0.38635254,0.087768555,0.39619642
73,260.17322,227.94127,259.80038,228.35562,-0.37283325,0.41435242,0.557398
73,441.8744,1209.8751,441.36124,1210.1732,-0.5131531,0.2980957,0.5934536
73,517.9281,277.54605,517.42975,277.73077,-0.49835205,0.1847229,0.531486
73,527.0254,619.1719,526.4965,619.1336,-0.5288696,-0.038269043,0.5302524
74,130.37732,263.40558,130.25969,263.75378,-0.117630005,0.34820557,0.36753768
74,482.96164,1003.3154,482.70264,1004.1999,-0.2590027,0.88446045,0.9216033
74,261.76825,1194.3403,261.4384,1193.6809,-0.3298645,-0.6594238,0.7373265
74,491.88583,1216.3104,491.0841,1217.1134,-0.8017273,0.8029785,1.1346987
74,520.7142,1193.4573,519.7938,1194.4336,-0.9203491,0.97631836,1.3417302
74,518.83435,1058.8752,518.33,1059.5483,-0.5043335,0.6730957,0.84107673
74,506.9722,1142.2454,506.70752,1143.0367,-0.26467896,0.79138184,0.83447
74,418.71884,1244.1886,418.365,1244.615,-0.35385132,0.4263916,0.5540944
74,122.84106,313.68875,122.7641,313.9541,-0.0769577,0.26535034,0.2762848
74,523.01685,441.46677,522.7529,442.27063,-0.26391602,0.8038635,0.84607816
74,356.72507,227.18553,356.53854,227.82607,-0.18652344,0.64053345,0.66713876
74,483.13968,1212.3568,482.40533,1212.9803,-0.7343445,0.62353516,0.9633576
74,446.0454,1186.4244,445.41895,1187.0344,-0.62646484,0.60998535,0.87437993
74,512.3699,224.7516,512.33716,225.61838,-0.032714844,0.8667755,0.86739266
74,324.5362,227.2795,324.5074,227.6734,-0.028808594,0.39390564,0.3949577
74,520.81146,373.5519,520.6575,374.38318,-0.1539917,0.8312683,0.8454114
74,519.52826,339.66235,519.49146,340.47104,-0.0368042,0.8086853,0.8095224
74,450.3734,1194.5839,449.76828,1195.1543,-0.60513306,0.5704346,0.83161384
74,132.27423,860.99066,131.82343,861.3843,-0.45080566,0.39361572,0.5984639
74,505.2009,1190.889,504.97067,1191.8646,-0.23022461,0.97558594,1.0023828
74,387.53876,226.03204,387.47556,226.79958,-0.063201904,0.76753235,0.7701301
74,456.29355,224.88646,456.32425,225.78023,0.030700684,0.8937683,0.89429545
74,422.28906,224.98317,422.305,225.76714,0.015930176,0.78396606,0.78412795
74,524.1347,506.47205,523.96466,507.28775,-0.17004395,0.81570435,0.83323973
74,291.51285,228.18364,291.49884,228.77113,-0.014007568,0.5874939,0.58766085
74,498.24066,1076.3094,497.92273,1077.1676,-0.31793213,0.8581543,0.91515553
74,405.76944,1231.3824,405.5738,1231.703,-0.1956482,0.32055664,0.37554598
74,231.78046,228.31633,231.73134,228.69528,-0.049118042,0.37895203,0.382122
74,528.3639,667.2715,528.04535,668.12756,-0.31854248,0.8560791,0.9134225
74,525.5753,701.17065,525.2849,702.029,-0.29040527,0.8583374,0.9061337
74,476.70795,622.93994,476.45068,623.5557,-0.25726318,0.6157837,0.6673634
74,131.80923,230.67061,131.7897,230.8027,-0.01953125,0.13209534,0.13353145
74,521.9002,407.59622,521.7184,408.37323,-0.18182373,0.77700806,0.79799837
74,525.1619,570.3944,524.944,571.2841,-0.21795654,0.8897095,0.9160175
74,259.80038,228.35562,259.6855,228.68347,-0.11489868,0.32785034,0.34740114
74,441.36124,1210.1732,440.91907,1210.6477,-0.4421692,0.4744873,0.64857674
74,517.42975,277.73077,517.3495,278.56763,-0.08026123,0.836853,0.8406931
74,526.4965,619.1336,526.41943,620.2195,-0.0770874,1.0858765,1.0886092
75,130.25969,263.75378,130.00523,263.7073,-0.25445557,-0.04647827,0.25866556
75,482.70264,1004.1999,482.4741,1004.04193,-0.22854614,-0.15795898,0.27782077
75,261.4384,1193.6809,261.15643,1193.4055,-0.2819519,-0.27539062,0.394128
75,491.0841,1217.1134,491.1096,1216.8718,0.025482178,-0.24157715,0.24291739
75,519.7938,1194.4336,519.2285,1194.3783,-0.5653076,-0.05529785,0.56800574
75,518.33,1059.5483,518.3121,1059.4287,-0.017944336,-0.119628906,0.12096725
75,506.70752,1143.0367,506.19135,1142.8102,-0.5161743,-0.2265625,0.5637078
75,418.365,1244.615,417.47266,1244.5797,-0.892334,-0.03527832,0.89303106
75,122.7641,313.9541,122.56827,313.8839,-0.1958313,-0.07019043,0.20803027
75,522.7529,442.27063,522.5955,442.1325,-0.15740967,-0.13812256,0.20941739
75,356.53854,227.82607,356.39563,227.687,-0.14291382,-0.1390686,0.19941022
75,482.40533,1212.9803,482.29926,1212.7992,-0.1060791,-0.18115234,0.20992605
75,445.41895,1187.0344,445.3129,1186.8713,-0.106048584,-0.16308594,0.1945336
75,512.33716,225.61838,512.17615,225.4272,-0.16101074,-0.19117737,0.24994649
75,324.5074,227.6734,324.378,227.66101,-0.12939453,-0.012390137,0.12998639
75,520.6575,374.38318,520.4448,374.28616,-0.21264648,-0.09701538,0.2337317
75,519.49146,340.47104,519.299,340.36398,-0.19244385,-0.107055664,0.22021705
75,449.76828,1195.1543,449.63593,1194.9905,-0.13235474,-0.16381836,0.21060444
75,131.82343,861.3843,131.81146,865.4578,-0.011962891,4.0735474,4.073565
75,504.97067,1191.8646,504.73102,1191.2196,-0.23965454,-0.64501953,0.68810207
75,387.47556,226.79958,387.33743,226.66905,-0.13812256,-0.13052368,0.19003756
75,456.32425,225.78023,456.2687,225.60097,-0.055541992,-0.17926025,0.18766767
75,422.305,225.76714,422.2079,225.63712,-0.09710693,-0.13002014,0.1622806
75,523.96466,507.28775,523.75653,507.1129,-0.20812988,-0.1748352,0.27181867
75,291.49884,228.77113,291.4123,228.72707,-0.08654785,-0.044067383,0.09712088
75,497.92273,1077.1676,497.69235,1076.9574,-0.2303772,-0.21020508,0.3118651
75,405.5738,1231.703,404.5571,1231.685,-1.0166931,-0.017944336,1.0168514
75,231.73134,228.69528,231.56032,228.69757,-0.17102051,0.0022888184,0.17103583
75,528.04535,668.12756,527.90125,667.9424,-0.144104,-0.18518066,0.23464407
75,525.2849,702.029,525.0896,701.8829,-0.1953125,-0.14611816,0.24392107
75,476.45068,623.5557,476.40622,623.5311,-0.04446411,-0.024597168,0.05081415
75,131.7897,230.8027,131.36852,230.81201,-0.42118835,0.009307861,0.4212912
75,521.7184,408.37323,521.5374,408.25604,-0.18096924,-0.1171875,0.21559864
75,524.944,571.2841,524.802,571.1409,-0.14196777,-0.14318848,0.20163776
75,259.6855,228.68347,259.53186,228.6418,-0.15362549,-0.041671753,0.15917702
75,440.91907,1210.6477,440.77264,1210.5448,-0.14642334,-0.10290527,0.17896728
75,517.3495,278.56763,517.2118,278.47784,-0.13769531,-0.089782715,0.16438046
75,526.41943,620.2195,526.28174,620.07745,-0.13769531,-0.14202881,0.19781856
76,130.00523,263.7073,129.77423,263.55127,-0.23100281,-0.15603638,0.27876452
76,482.4741,1004.04193,482.26062,1003.82275,-0.21347046,-0.21917725,0.30595475
76,261.15643,1193.4055,260.7293,1193.427,-0.42712402,0.021484375,0.427664
76,491.1096,1216.8718,491.04486,1216.4921,-0.06472778,-0.37976074,0.38523746
76,519.2285,1194.3783,519.5729,1193.5359,0.34436035,-0.8424072,0.9100736
76,518.3121,1059.4287,518.0421,1059.177,-0.2699585,-0.25170898,0.36910024
76,506.19135,1142.8102,505.56308,1142.3472,-0.6282654,-0.4630127,0.7804474
76,417.47266,1244.5797,417.46115,1244.5754,-0.011505127,-0.004272461,0.012272811
76,122.56827,313.8839,122.37787,313.6665,-0.19039917,-0.21740723,0.28899437
76,522.5955,442.1325,522.37616,441.9024,-0.21936035,-0.23010254,0.317909
76,356.39563,227.687,356.25452,227.49321,-0.14111328,-0.19378662,0.23972112
76,482.29926,1212.7992,481.9627,1212.5323,-0.33654785,-0.2668457,0.42950097
76,445.3129,1186.8713,444.95908,1186.5605,-0.3538208,-0.31079102,0.47093546
76,512.17615,225.4272,512.038,225.20502,-0.13812256,-0.22218323,0.26161656
76,324.378,227.66101,324.18823,227.47672,-0.1897583,-0.18429565,0.26452428
76,520.4448,374.28616,520.2798,374.0442,-0.16503906,-0.24197388,0.29289803
76,519.299,340.36398,519.11554,340.17737,-0.18347168,-0.18661499,0.26170024
76,449.63593,1194.9905,449.29944,1194.6775,-0.33648682,-0.31298828,0.45954874
76,131.81146,865.4578,131.53125,865.47064,-0.2802124,0.012817383,0.2805054
76,504.73102,1191.2196,504.49765,1191.0063,-0.23336792,-0.21325684,0.3161314
76,387.33743,226.66905,387.258,226.4789,-0.079437256,-0.19015503,0.2060806
76,456.2687,225.60097,456.14682,225.39603,-0.12188721,-0.2049408,0.23844752
76,422.2079,225.63712,422.0281,225.38698,-0.17977905,-0.25013733,0.3080409
76,523.75653,507.1129,523.57776,506.8566,-0.17877197,-0.25631714,0.31250262
76,291.4123,228.72707,291.2857,228.51091,-0.12658691,-0.216156,0.25049484
76,497.69235,1076.9574,497.42148,1076.6957,-0.27087402,-0.26171875,0.3766556
76,404.5571,1231.685,404.5418,1231.3475,-0.015289307,-0.3375244,0.33787054
76,231.56032,228.69757,231.37457,228.54512,-0.18574524,-0.15245056,0.24029663
76,527.90125,667.9424,527.7111,667.7141,-0.19012451,-0.22827148,0.29707778
76,525.0896,701.8829,524.85,701.66205,-0.23962402,-0.2208252,0.325858
76,476.40622,623.5311,475.99347,623.189,-0.41275024,-0.34210205,0.53609383
76,131.36852,230.81201,131.31758,230.71367,-0.050933838,-0.098342896,0.11075008
76,521.5374,408.25604,521.3489,408.03604,-0.1885376,-0.22000122,0.289736
76,524.802,571.1409,524.5794,570.8898,-0.22259521,-0.25115967,0.33560362
76,259.53186,228.6418,259.3142,228.48514,-0.21765137,-0.15666199,0.2681699
76,440.77264,1210.5448,440.4206,1210.2762,-0.35205078,-0.2685547,0.44278818
76,517.2118,278.47784,517.095,278.24417,-0.11682129,-0.2336731,0.26124763
76,526.28174,620.07745,526.0338,619.90576,-0.2479248,-0.1716919,0.30157056
77,129.77423,263.55127,129.7517,263.60834,-0.022537231,0.05706787,0.061356895
77,482.26062,1003.82275,481.9772,1003.735,-0.28341675,-0.087768555,0.29669577
77,260.7293,1193.427,260.41626,1193.3802,-0.31304932,-0.04675293,0.31652126
77,491.04486,1216.4921,490.48523,1216.4656,-0.55963135,-0.026489258,0.5602579
77,519.5729,1193.5359,519.5644,1193.54,-0.008483887,0.0041503906,0.009444685
77,518.0421,1059.177,517.76184,1059.1782,-0.28027344,0.0012207031,0.2802761
77,505.56308,1142.3472,505.51724,1142.3909,-0.045837402,0.043701172,0.06333135
77,417.46115,1244.5754,417.38712,1244.5636,-0.074035645,-0.01184082,0.07497654
77,122.37787,313.6665,122.348145,313.66013,-0.029724121,-0.006378174,0.03040073
77,522.37616,441.9024,522.24713,441.89142,-0.12902832,-0.010986328,0.1294952
77,356.25452,227.49321,356.2231,227.49298,-0.031402588,-0.00022888184,0.031403422
77,481.9627,1212.5323,481.51273,1212.509,-0.4499817,-0.02331543,0.4505853
77,444.95908,1186.5605,444.5475,1186.5499,-0.41159058,-0.010620117,0.41172758
77,512.038,225.20502,511.9794,225.2021,-0.058624268,-0.0029144287,0.058696665
77,324.18823,227.47672,324.10745,227.47421,-0.08078003,-0.0025024414,0.08081878
77,520.2798,374.0442,520.14197,374.07455,-0.13781738,0.03036499,0.14112286
77,519.11554,340.17737,519.0122,340.18304,-0.10333252,0.0056762695,0.1034883
77,449.29944,1194.6775,448.8811,1194.6765,-0.41833496,-0.0009765625,0.4183361
77,131.53125,865.47064,131.4175,865.4582,-0.11375427,-0.012451172,0.114433676
77,504.49765,1191.0063,503.95734,1190.9689,-0.5403137,-0.037475586,0.54161185
77,387.258,226.4789,387.181,226.48248,-0.07699585,0.0035858154,0.0770793
77,456.14682,225.39603,456.0389,225.40953,-0.107910156,0.013504028,0.108751826
77,422.0281,225.38698,421.9841,225.39198,-0.044006348,0.005004883,0.04429004
77,523.57776,506.8566,523.42285,506.84622,-0.15490723,-0.010375977,0.15525433
77,291.2857,228.51091,291.2894,228.51099,0.003692627,7.6293945e-05,0.003693415
77,497.42148,1076.6957,496.83054,1076.6865,-0.5909424,-0.009155273,0.5910133
77,404.5418,1231.3475,404.52722,1231.3436,-0.014587402,-0.00390625,0.015101361
77,231.37457,228.54512,231.36499,228.5425,-0.0095825195,-0.0026245117,0.009935428
77,527.7111,667.7141,527.5291,667.70654,-0.18200684,-0.0075683594,0.18216412
77,524.85,701.66205,524.6283,701.6457,-0.22167969,-0.016357422,0.22228236
77,475.99347,623.189,475.8767,623.24646,-0.116760254,0.057434082,0.1301216
77,131.31758,230.71367,131.29608,230.73009,-0.021499634,0.016418457,0.027051803
77,521.3489,408.03604,521.2025,408.03836,-0.1463623,0.002319336,0.14638068
77,524.5794,570.8898,524.3919,570.88947,-0.1875,-0.00030517578,0.18750025
77,259.3142,228.48514,259.30603,228.49442,-0.008178711,0.009277344,0.012367717
77,440.4206,1210.2762,440.04358,1210.274,-0.37701416,-0.0021972656,0.37702057
77,517.095,278.24417,516.9333,278.2385,-0.16168213,-0.0056762695,0.16178174
77,526.0338,619.90576,525.82947,619.8869,-0.2043457,-0.018859863,0.20521419
